static const uint8_t fs_font_distance_field_drop_shadow_image_glsl[1501] =
{
	0x46, 0x53, 0x48, 0x0c, 0x9e, 0x67, 0x7a, 0xc3, 0x00, 0x00, 0x00, 0x00, 0x00, 0x00, 0x00, 0x00, // FSH..gz.........
	0x00, 0x00, 0x00, 0x00, 0x02, 0x00, 0x08, 0x75, 0x5f, 0x70, 0x61, 0x72, 0x61, 0x6d, 0x73, 0x02, // .......u_params.
	0x01, 0x00, 0x00, 0x01, 0x00, 0x00, 0x00, 0x00, 0x00, 0x0a, 0x73, 0x5f, 0x74, 0x65, 0x78, 0x43, // ..........s_texC
	0x6f, 0x6c, 0x6f, 0x72, 0x00, 0x01, 0x00, 0x00, 0x01, 0x00, 0x00, 0x04, 0x00, 0x00, 0x9a, 0x05, // olor............
	0x00, 0x00, 0x0a, 0x75, 0x6e, 0x69, 0x66, 0x6f, 0x72, 0x6d, 0x20, 0x73, 0x61, 0x6d, 0x70, 0x6c, // ...uniform sampl
	0x65, 0x72, 0x43, 0x75, 0x62, 0x65, 0x20, 0x73, 0x5f, 0x74, 0x65, 0x78, 0x43, 0x6f, 0x6c, 0x6f, // erCube s_texColo
	0x72, 0x3b, 0x0a, 0x75, 0x6e, 0x69, 0x66, 0x6f, 0x72, 0x6d, 0x20, 0x76, 0x65, 0x63, 0x34, 0x20, // r;.uniform vec4 
	0x75, 0x5f, 0x70, 0x61, 0x72, 0x61, 0x6d, 0x73, 0x3b, 0x0a, 0x0a, 0x69, 0x6e, 0x20, 0x76, 0x65, // u_params;..in ve
	0x63, 0x34, 0x20, 0x76, 0x5f, 0x74, 0x65, 0x78, 0x63, 0x6f, 0x6f, 0x72, 0x64, 0x32, 0x3b, 0x0a, // c4 v_texcoord2;.
	0x69, 0x6e, 0x20, 0x76, 0x65, 0x63, 0x34, 0x20, 0x76, 0x5f, 0x63, 0x6f, 0x6c, 0x6f, 0x72, 0x30, // in vec4 v_color0
	0x3b, 0x0a, 0x6c, 0x61, 0x79, 0x6f, 0x75, 0x74, 0x28, 0x6c, 0x6f, 0x63, 0x61, 0x74, 0x69, 0x6f, // ;.layout(locatio
	0x6e, 0x20, 0x3d, 0x20, 0x30, 0x29, 0x20, 0x6f, 0x75, 0x74, 0x20, 0x76, 0x65, 0x63, 0x34, 0x20, // n = 0) out vec4 
	0x62, 0x67, 0x66, 0x78, 0x5f, 0x46, 0x72, 0x61, 0x67, 0x43, 0x6f, 0x6c, 0x6f, 0x72, 0x3b, 0x0a, // bgfx_FragColor;.
	0x69, 0x6e, 0x20, 0x76, 0x65, 0x63, 0x34, 0x20, 0x76, 0x5f, 0x74, 0x65, 0x78, 0x63, 0x6f, 0x6f, // in vec4 v_texcoo
	0x72, 0x64, 0x30, 0x3b, 0x0a, 0x69, 0x6e, 0x20, 0x76, 0x65, 0x63, 0x34, 0x20, 0x76, 0x5f, 0x74, // rd0;.in vec4 v_t
	0x65, 0x78, 0x63, 0x6f, 0x6f, 0x72, 0x64, 0x31, 0x3b, 0x0a, 0x0a, 0x76, 0x6f, 0x69, 0x64, 0x20, // excoord1;..void 
	0x6d, 0x61, 0x69, 0x6e, 0x28, 0x29, 0x0a, 0x7b, 0x0a, 0x20, 0x20, 0x20, 0x20, 0x64, 0x6f, 0x0a, // main().{.    do.
	0x20, 0x20, 0x20, 0x20, 0x7b, 0x0a, 0x20, 0x20, 0x20, 0x20, 0x20, 0x20, 0x20, 0x20, 0x69, 0x66, //     {.        if
	0x20, 0x28, 0x21, 0x61, 0x6e, 0x79, 0x28, 0x65, 0x71, 0x75, 0x61, 0x6c, 0x28, 0x76, 0x5f, 0x74, //  (!any(equal(v_t
	0x65, 0x78, 0x63, 0x6f, 0x6f, 0x72, 0x64, 0x32, 0x2e, 0x78, 0x79, 0x7a, 0x2c, 0x20, 0x76, 0x65, // excoord2.xyz, ve
	0x63, 0x33, 0x28, 0x30, 0x2e, 0x30, 0x29, 0x29, 0x29, 0x29, 0x0a, 0x20, 0x20, 0x20, 0x20, 0x20, // c3(0.0)))).     
	0x20, 0x20, 0x20, 0x7b, 0x0a, 0x20, 0x20, 0x20, 0x20, 0x20, 0x20, 0x20, 0x20, 0x20, 0x20, 0x20, //    {.           
	0x20, 0x76, 0x65, 0x63, 0x34, 0x20, 0x5f, 0x33, 0x33, 0x20, 0x3d, 0x20, 0x74, 0x65, 0x78, 0x74, //  vec4 _33 = text
	0x75, 0x72, 0x65, 0x28, 0x73, 0x5f, 0x74, 0x65, 0x78, 0x43, 0x6f, 0x6c, 0x6f, 0x72, 0x2c, 0x20, // ure(s_texColor, 
	0x76, 0x5f, 0x74, 0x65, 0x78, 0x63, 0x6f, 0x6f, 0x72, 0x64, 0x32, 0x2e, 0x78, 0x79, 0x7a, 0x29, // v_texcoord2.xyz)
	0x3b, 0x0a, 0x20, 0x20, 0x20, 0x20, 0x20, 0x20, 0x20, 0x20, 0x20, 0x20, 0x20, 0x20, 0x66, 0x6c, // ;.            fl
	0x6f, 0x61, 0x74, 0x20, 0x72, 0x67, 0x62, 0x61, 0x32, 0x5b, 0x34, 0x5d, 0x3b, 0x0a, 0x20, 0x20, // oat rgba2[4];.  
	0x20, 0x20, 0x20, 0x20, 0x20, 0x20, 0x20, 0x20, 0x20, 0x20, 0x72, 0x67, 0x62, 0x61, 0x32, 0x5b, //           rgba2[
	0x30, 0x5d, 0x20, 0x3d, 0x20, 0x5f, 0x33, 0x33, 0x2e, 0x7a, 0x3b, 0x0a, 0x20, 0x20, 0x20, 0x20, // 0] = _33.z;.    
	0x20, 0x20, 0x20, 0x20, 0x20, 0x20, 0x20, 0x20, 0x72, 0x67, 0x62, 0x61, 0x32, 0x5b, 0x31, 0x5d, //         rgba2[1]
	0x20, 0x3d, 0x20, 0x5f, 0x33, 0x33, 0x2e, 0x79, 0x3b, 0x0a, 0x20, 0x20, 0x20, 0x20, 0x20, 0x20, //  = _33.y;.      
	0x20, 0x20, 0x20, 0x20, 0x20, 0x20, 0x72, 0x67, 0x62, 0x61, 0x32, 0x5b, 0x32, 0x5d, 0x20, 0x3d, //       rgba2[2] =
	0x20, 0x5f, 0x33, 0x33, 0x2e, 0x78, 0x3b, 0x0a, 0x20, 0x20, 0x20, 0x20, 0x20, 0x20, 0x20, 0x20, //  _33.x;.        
	0x20, 0x20, 0x20, 0x20, 0x72, 0x67, 0x62, 0x61, 0x32, 0x5b, 0x33, 0x5d, 0x20, 0x3d, 0x20, 0x5f, //     rgba2[3] = _
	0x33, 0x33, 0x2e, 0x77, 0x3b, 0x0a, 0x20, 0x20, 0x20, 0x20, 0x20, 0x20, 0x20, 0x20, 0x20, 0x20, // 33.w;.          
	0x20, 0x20, 0x66, 0x6c, 0x6f, 0x61, 0x74, 0x20, 0x5f, 0x39, 0x31, 0x20, 0x3d, 0x20, 0x28, 0x28, //   float _91 = ((
	0x6c, 0x65, 0x6e, 0x67, 0x74, 0x68, 0x28, 0x66, 0x77, 0x69, 0x64, 0x74, 0x68, 0x28, 0x76, 0x5f, // length(fwidth(v_
	0x74, 0x65, 0x78, 0x63, 0x6f, 0x6f, 0x72, 0x64, 0x32, 0x2e, 0x78, 0x79, 0x7a, 0x29, 0x29, 0x20, // texcoord2.xyz)) 
	0x2a, 0x20, 0x31, 0x31, 0x2e, 0x33, 0x31, 0x33, 0x37, 0x30, 0x38, 0x33, 0x30, 0x35, 0x33, 0x35, // * 11.31370830535
	0x38, 0x38, 0x38, 0x36, 0x37, 0x31, 0x38, 0x37, 0x35, 0x29, 0x20, 0x2a, 0x20, 0x75, 0x5f, 0x70, // 888671875) * u_p
	0x61, 0x72, 0x61, 0x6d, 0x73, 0x2e, 0x79, 0x29, 0x20, 0x2a, 0x20, 0x75, 0x5f, 0x70, 0x61, 0x72, // arams.y) * u_par
	0x61, 0x6d, 0x73, 0x2e, 0x7a, 0x3b, 0x0a, 0x20, 0x20, 0x20, 0x20, 0x20, 0x20, 0x20, 0x20, 0x20, // ams.z;.         
	0x20, 0x20, 0x20, 0x62, 0x67, 0x66, 0x78, 0x5f, 0x46, 0x72, 0x61, 0x67, 0x43, 0x6f, 0x6c, 0x6f, //    bgfx_FragColo
	0x72, 0x20, 0x3d, 0x20, 0x76, 0x65, 0x63, 0x34, 0x28, 0x76, 0x5f, 0x63, 0x6f, 0x6c, 0x6f, 0x72, // r = vec4(v_color
	0x30, 0x2e, 0x78, 0x79, 0x7a, 0x2c, 0x20, 0x73, 0x6d, 0x6f, 0x6f, 0x74, 0x68, 0x73, 0x74, 0x65, // 0.xyz, smoothste
	0x70, 0x28, 0x30, 0x2e, 0x35, 0x20, 0x2d, 0x20, 0x5f, 0x39, 0x31, 0x2c, 0x20, 0x30, 0x2e, 0x35, // p(0.5 - _91, 0.5
	0x20, 0x2b, 0x20, 0x5f, 0x39, 0x31, 0x2c, 0x20, 0x72, 0x67, 0x62, 0x61, 0x32, 0x5b, 0x69, 0x6e, //  + _91, rgba2[in
	0x74, 0x28, 0x28, 0x76, 0x5f, 0x74, 0x65, 0x78, 0x63, 0x6f, 0x6f, 0x72, 0x64, 0x32, 0x2e, 0x77, // t((v_texcoord2.w
	0x20, 0x2a, 0x20, 0x34, 0x2e, 0x30, 0x29, 0x20, 0x2b, 0x20, 0x30, 0x2e, 0x35, 0x29, 0x5d, 0x29, //  * 4.0) + 0.5)])
	0x20, 0x2a, 0x20, 0x76, 0x5f, 0x63, 0x6f, 0x6c, 0x6f, 0x72, 0x30, 0x2e, 0x77, 0x29, 0x3b, 0x0a, //  * v_color0.w);.
	0x20, 0x20, 0x20, 0x20, 0x20, 0x20, 0x20, 0x20, 0x20, 0x20, 0x20, 0x20, 0x62, 0x72, 0x65, 0x61, //             brea
	0x6b, 0x3b, 0x0a, 0x20, 0x20, 0x20, 0x20, 0x20, 0x20, 0x20, 0x20, 0x7d, 0x0a, 0x20, 0x20, 0x20, // k;.        }.   
	0x20, 0x20, 0x20, 0x20, 0x20, 0x69, 0x66, 0x20, 0x28, 0x61, 0x6e, 0x79, 0x28, 0x65, 0x71, 0x75, //      if (any(equ
	0x61, 0x6c, 0x28, 0x76, 0x5f, 0x74, 0x65, 0x78, 0x63, 0x6f, 0x6f, 0x72, 0x64, 0x30, 0x2e, 0x78, // al(v_texcoord0.x
	0x79, 0x7a, 0x2c, 0x20, 0x76, 0x65, 0x63, 0x33, 0x28, 0x30, 0x2e, 0x30, 0x29, 0x29, 0x29, 0x29, // yz, vec3(0.0))))
	0x0a, 0x20, 0x20, 0x20, 0x20, 0x20, 0x20, 0x20, 0x20, 0x7b, 0x0a, 0x20, 0x20, 0x20, 0x20, 0x20, // .        {.     
	0x20, 0x20, 0x20, 0x20, 0x20, 0x20, 0x20, 0x76, 0x65, 0x63, 0x34, 0x20, 0x5f, 0x31, 0x32, 0x38, //        vec4 _128
	0x20, 0x3d, 0x20, 0x74, 0x65, 0x78, 0x74, 0x75, 0x72, 0x65, 0x28, 0x73, 0x5f, 0x74, 0x65, 0x78, //  = texture(s_tex
	0x43, 0x6f, 0x6c, 0x6f, 0x72, 0x2c, 0x20, 0x76, 0x5f, 0x74, 0x65, 0x78, 0x63, 0x6f, 0x6f, 0x72, // Color, v_texcoor
	0x64, 0x31, 0x2e, 0x78, 0x79, 0x7a, 0x29, 0x3b, 0x0a, 0x20, 0x20, 0x20, 0x20, 0x20, 0x20, 0x20, // d1.xyz);.       
	0x20, 0x20, 0x20, 0x20, 0x20, 0x62, 0x67, 0x66, 0x78, 0x5f, 0x46, 0x72, 0x61, 0x67, 0x43, 0x6f, //      bgfx_FragCo
	0x6c, 0x6f, 0x72, 0x20, 0x3d, 0x20, 0x76, 0x65, 0x63, 0x34, 0x28, 0x5f, 0x31, 0x32, 0x38, 0x2e, // lor = vec4(_128.
	0x78, 0x79, 0x7a, 0x2c, 0x20, 0x5f, 0x31, 0x32, 0x38, 0x2e, 0x77, 0x20, 0x2a, 0x20, 0x76, 0x5f, // xyz, _128.w * v_
	0x63, 0x6f, 0x6c, 0x6f, 0x72, 0x30, 0x2e, 0x77, 0x29, 0x3b, 0x0a, 0x20, 0x20, 0x20, 0x20, 0x20, // color0.w);.     
	0x20, 0x20, 0x20, 0x20, 0x20, 0x20, 0x20, 0x62, 0x72, 0x65, 0x61, 0x6b, 0x3b, 0x0a, 0x20, 0x20, //        break;.  
	0x20, 0x20, 0x20, 0x20, 0x20, 0x20, 0x7d, 0x0a, 0x20, 0x20, 0x20, 0x20, 0x20, 0x20, 0x20, 0x20, //       }.        
	0x76, 0x65, 0x63, 0x34, 0x20, 0x5f, 0x31, 0x34, 0x35, 0x20, 0x3d, 0x20, 0x74, 0x65, 0x78, 0x74, // vec4 _145 = text
	0x75, 0x72, 0x65, 0x28, 0x73, 0x5f, 0x74, 0x65, 0x78, 0x43, 0x6f, 0x6c, 0x6f, 0x72, 0x2c, 0x20, // ure(s_texColor, 
	0x76, 0x5f, 0x74, 0x65, 0x78, 0x63, 0x6f, 0x6f, 0x72, 0x64, 0x30, 0x2e, 0x78, 0x79, 0x7a, 0x29, // v_texcoord0.xyz)
	0x3b, 0x0a, 0x20, 0x20, 0x20, 0x20, 0x20, 0x20, 0x20, 0x20, 0x66, 0x6c, 0x6f, 0x61, 0x74, 0x20, // ;.        float 
	0x72, 0x67, 0x62, 0x61, 0x5b, 0x34, 0x5d, 0x3b, 0x0a, 0x20, 0x20, 0x20, 0x20, 0x20, 0x20, 0x20, // rgba[4];.       
	0x20, 0x72, 0x67, 0x62, 0x61, 0x5b, 0x30, 0x5d, 0x20, 0x3d, 0x20, 0x5f, 0x31, 0x34, 0x35, 0x2e, //  rgba[0] = _145.
	0x7a, 0x3b, 0x0a, 0x20, 0x20, 0x20, 0x20, 0x20, 0x20, 0x20, 0x20, 0x72, 0x67, 0x62, 0x61, 0x5b, // z;.        rgba[
	0x31, 0x5d, 0x20, 0x3d, 0x20, 0x5f, 0x31, 0x34, 0x35, 0x2e, 0x79, 0x3b, 0x0a, 0x20, 0x20, 0x20, // 1] = _145.y;.   
	0x20, 0x20, 0x20, 0x20, 0x20, 0x72, 0x67, 0x62, 0x61, 0x5b, 0x32, 0x5d, 0x20, 0x3d, 0x20, 0x5f, //      rgba[2] = _
	0x31, 0x34, 0x35, 0x2e, 0x78, 0x3b, 0x0a, 0x20, 0x20, 0x20, 0x20, 0x20, 0x20, 0x20, 0x20, 0x72, // 145.x;.        r
	0x67, 0x62, 0x61, 0x5b, 0x33, 0x5d, 0x20, 0x3d, 0x20, 0x5f, 0x31, 0x34, 0x35, 0x2e, 0x77, 0x3b, // gba[3] = _145.w;
	0x0a, 0x20, 0x20, 0x20, 0x20, 0x20, 0x20, 0x20, 0x20, 0x66, 0x6c, 0x6f, 0x61, 0x74, 0x20, 0x5f, // .        float _
	0x31, 0x37, 0x38, 0x20, 0x3d, 0x20, 0x28, 0x6c, 0x65, 0x6e, 0x67, 0x74, 0x68, 0x28, 0x66, 0x77, // 178 = (length(fw
	0x69, 0x64, 0x74, 0x68, 0x28, 0x76, 0x5f, 0x74, 0x65, 0x78, 0x63, 0x6f, 0x6f, 0x72, 0x64, 0x30, // idth(v_texcoord0
	0x2e, 0x78, 0x79, 0x7a, 0x29, 0x29, 0x20, 0x2a, 0x20, 0x31, 0x31, 0x2e, 0x33, 0x31, 0x33, 0x37, // .xyz)) * 11.3137
	0x30, 0x38, 0x33, 0x30, 0x35, 0x33, 0x35, 0x38, 0x38, 0x38, 0x36, 0x37, 0x31, 0x38, 0x37, 0x35, // 0830535888671875
	0x29, 0x20, 0x2a, 0x20, 0x75, 0x5f, 0x70, 0x61, 0x72, 0x61, 0x6d, 0x73, 0x2e, 0x79, 0x3b, 0x0a, // ) * u_params.y;.
	0x20, 0x20, 0x20, 0x20, 0x20, 0x20, 0x20, 0x20, 0x62, 0x67, 0x66, 0x78, 0x5f, 0x46, 0x72, 0x61, //         bgfx_Fra
	0x67, 0x43, 0x6f, 0x6c, 0x6f, 0x72, 0x20, 0x3d, 0x20, 0x76, 0x65, 0x63, 0x34, 0x28, 0x76, 0x5f, // gColor = vec4(v_
	0x63, 0x6f, 0x6c, 0x6f, 0x72, 0x30, 0x2e, 0x78, 0x79, 0x7a, 0x2c, 0x20, 0x73, 0x6d, 0x6f, 0x6f, // color0.xyz, smoo
	0x74, 0x68, 0x73, 0x74, 0x65, 0x70, 0x28, 0x30, 0x2e, 0x35, 0x20, 0x2d, 0x20, 0x5f, 0x31, 0x37, // thstep(0.5 - _17
	0x38, 0x2c, 0x20, 0x30, 0x2e, 0x35, 0x20, 0x2b, 0x20, 0x5f, 0x31, 0x37, 0x38, 0x2c, 0x20, 0x72, // 8, 0.5 + _178, r
	0x67, 0x62, 0x61, 0x5b, 0x69, 0x6e, 0x74, 0x28, 0x28, 0x76, 0x5f, 0x74, 0x65, 0x78, 0x63, 0x6f, // gba[int((v_texco
	0x6f, 0x72, 0x64, 0x30, 0x2e, 0x77, 0x20, 0x2a, 0x20, 0x34, 0x2e, 0x30, 0x29, 0x20, 0x2b, 0x20, // ord0.w * 4.0) + 
	0x30, 0x2e, 0x35, 0x29, 0x5d, 0x29, 0x20, 0x2a, 0x20, 0x76, 0x5f, 0x63, 0x6f, 0x6c, 0x6f, 0x72, // 0.5)]) * v_color
	0x30, 0x2e, 0x77, 0x29, 0x3b, 0x0a, 0x20, 0x20, 0x20, 0x20, 0x20, 0x20, 0x20, 0x20, 0x62, 0x72, // 0.w);.        br
	0x65, 0x61, 0x6b, 0x3b, 0x0a, 0x20, 0x20, 0x20, 0x20, 0x7d, 0x20, 0x77, 0x68, 0x69, 0x6c, 0x65, // eak;.    } while
	0x28, 0x66, 0x61, 0x6c, 0x73, 0x65, 0x29, 0x3b, 0x0a, 0x7d, 0x0a, 0x0a, 0x00,                   // (false);.}...
};
static const uint8_t fs_font_distance_field_drop_shadow_image_essl[1631] =
{
	0x46, 0x53, 0x48, 0x0c, 0x9e, 0x67, 0x7a, 0xc3, 0x00, 0x00, 0x00, 0x00, 0x00, 0x00, 0x00, 0x00, // FSH..gz.........
	0x00, 0x00, 0x00, 0x00, 0x02, 0x00, 0x08, 0x75, 0x5f, 0x70, 0x61, 0x72, 0x61, 0x6d, 0x73, 0x02, // .......u_params.
	0x01, 0x00, 0x00, 0x01, 0x00, 0x00, 0x00, 0x00, 0x00, 0x0a, 0x73, 0x5f, 0x74, 0x65, 0x78, 0x43, // ..........s_texC
	0x6f, 0x6c, 0x6f, 0x72, 0x00, 0x01, 0x00, 0x00, 0x01, 0x00, 0x00, 0x04, 0x00, 0x00, 0x1c, 0x06, // olor............
	0x00, 0x00, 0x70, 0x72, 0x65, 0x63, 0x69, 0x73, 0x69, 0x6f, 0x6e, 0x20, 0x6d, 0x65, 0x64, 0x69, // ..precision medi
	0x75, 0x6d, 0x70, 0x20, 0x66, 0x6c, 0x6f, 0x61, 0x74, 0x3b, 0x0a, 0x70, 0x72, 0x65, 0x63, 0x69, // ump float;.preci
	0x73, 0x69, 0x6f, 0x6e, 0x20, 0x68, 0x69, 0x67, 0x68, 0x70, 0x20, 0x69, 0x6e, 0x74, 0x3b, 0x0a, // sion highp int;.
	0x0a, 0x75, 0x6e, 0x69, 0x66, 0x6f, 0x72, 0x6d, 0x20, 0x68, 0x69, 0x67, 0x68, 0x70, 0x20, 0x73, // .uniform highp s
	0x61, 0x6d, 0x70, 0x6c, 0x65, 0x72, 0x43, 0x75, 0x62, 0x65, 0x20, 0x73, 0x5f, 0x74, 0x65, 0x78, // amplerCube s_tex
	0x43, 0x6f, 0x6c, 0x6f, 0x72, 0x3b, 0x0a, 0x75, 0x6e, 0x69, 0x66, 0x6f, 0x72, 0x6d, 0x20, 0x68, // Color;.uniform h
	0x69, 0x67, 0x68, 0x70, 0x20, 0x76, 0x65, 0x63, 0x34, 0x20, 0x75, 0x5f, 0x70, 0x61, 0x72, 0x61, // ighp vec4 u_para
	0x6d, 0x73, 0x3b, 0x0a, 0x0a, 0x69, 0x6e, 0x20, 0x68, 0x69, 0x67, 0x68, 0x70, 0x20, 0x76, 0x65, // ms;..in highp ve
	0x63, 0x34, 0x20, 0x76, 0x5f, 0x74, 0x65, 0x78, 0x63, 0x6f, 0x6f, 0x72, 0x64, 0x32, 0x3b, 0x0a, // c4 v_texcoord2;.
	0x69, 0x6e, 0x20, 0x68, 0x69, 0x67, 0x68, 0x70, 0x20, 0x76, 0x65, 0x63, 0x34, 0x20, 0x76, 0x5f, // in highp vec4 v_
	0x63, 0x6f, 0x6c, 0x6f, 0x72, 0x30, 0x3b, 0x0a, 0x6c, 0x61, 0x79, 0x6f, 0x75, 0x74, 0x28, 0x6c, // color0;.layout(l
	0x6f, 0x63, 0x61, 0x74, 0x69, 0x6f, 0x6e, 0x20, 0x3d, 0x20, 0x30, 0x29, 0x20, 0x6f, 0x75, 0x74, // ocation = 0) out
	0x20, 0x68, 0x69, 0x67, 0x68, 0x70, 0x20, 0x76, 0x65, 0x63, 0x34, 0x20, 0x62, 0x67, 0x66, 0x78, //  highp vec4 bgfx
	0x5f, 0x46, 0x72, 0x61, 0x67, 0x43, 0x6f, 0x6c, 0x6f, 0x72, 0x3b, 0x0a, 0x69, 0x6e, 0x20, 0x68, // _FragColor;.in h
	0x69, 0x67, 0x68, 0x70, 0x20, 0x76, 0x65, 0x63, 0x34, 0x20, 0x76, 0x5f, 0x74, 0x65, 0x78, 0x63, // ighp vec4 v_texc
	0x6f, 0x6f, 0x72, 0x64, 0x30, 0x3b, 0x0a, 0x69, 0x6e, 0x20, 0x68, 0x69, 0x67, 0x68, 0x70, 0x20, // oord0;.in highp 
	0x76, 0x65, 0x63, 0x34, 0x20, 0x76, 0x5f, 0x74, 0x65, 0x78, 0x63, 0x6f, 0x6f, 0x72, 0x64, 0x31, // vec4 v_texcoord1
	0x3b, 0x0a, 0x0a, 0x76, 0x6f, 0x69, 0x64, 0x20, 0x6d, 0x61, 0x69, 0x6e, 0x28, 0x29, 0x0a, 0x7b, // ;..void main().{
	0x0a, 0x20, 0x20, 0x20, 0x20, 0x64, 0x6f, 0x0a, 0x20, 0x20, 0x20, 0x20, 0x7b, 0x0a, 0x20, 0x20, // .    do.    {.  
	0x20, 0x20, 0x20, 0x20, 0x20, 0x20, 0x69, 0x66, 0x20, 0x28, 0x21, 0x61, 0x6e, 0x79, 0x28, 0x65, //       if (!any(e
	0x71, 0x75, 0x61, 0x6c, 0x28, 0x76, 0x5f, 0x74, 0x65, 0x78, 0x63, 0x6f, 0x6f, 0x72, 0x64, 0x32, // qual(v_texcoord2
	0x2e, 0x78, 0x79, 0x7a, 0x2c, 0x20, 0x76, 0x65, 0x63, 0x33, 0x28, 0x30, 0x2e, 0x30, 0x29, 0x29, // .xyz, vec3(0.0))
	0x29, 0x29, 0x0a, 0x20, 0x20, 0x20, 0x20, 0x20, 0x20, 0x20, 0x20, 0x7b, 0x0a, 0x20, 0x20, 0x20, // )).        {.   
	0x20, 0x20, 0x20, 0x20, 0x20, 0x20, 0x20, 0x20, 0x20, 0x68, 0x69, 0x67, 0x68, 0x70, 0x20, 0x76, //          highp v
	0x65, 0x63, 0x34, 0x20, 0x5f, 0x33, 0x33, 0x20, 0x3d, 0x20, 0x74, 0x65, 0x78, 0x74, 0x75, 0x72, // ec4 _33 = textur
	0x65, 0x28, 0x73, 0x5f, 0x74, 0x65, 0x78, 0x43, 0x6f, 0x6c, 0x6f, 0x72, 0x2c, 0x20, 0x76, 0x5f, // e(s_texColor, v_
	0x74, 0x65, 0x78, 0x63, 0x6f, 0x6f, 0x72, 0x64, 0x32, 0x2e, 0x78, 0x79, 0x7a, 0x29, 0x3b, 0x0a, // texcoord2.xyz);.
	0x20, 0x20, 0x20, 0x20, 0x20, 0x20, 0x20, 0x20, 0x20, 0x20, 0x20, 0x20, 0x68, 0x69, 0x67, 0x68, //             high
	0x70, 0x20, 0x66, 0x6c, 0x6f, 0x61, 0x74, 0x20, 0x72, 0x67, 0x62, 0x61, 0x32, 0x5b, 0x34, 0x5d, // p float rgba2[4]
	0x3b, 0x0a, 0x20, 0x20, 0x20, 0x20, 0x20, 0x20, 0x20, 0x20, 0x20, 0x20, 0x20, 0x20, 0x72, 0x67, // ;.            rg
	0x62, 0x61, 0x32, 0x5b, 0x30, 0x5d, 0x20, 0x3d, 0x20, 0x5f, 0x33, 0x33, 0x2e, 0x7a, 0x3b, 0x0a, // ba2[0] = _33.z;.
	0x20, 0x20, 0x20, 0x20, 0x20, 0x20, 0x20, 0x20, 0x20, 0x20, 0x20, 0x20, 0x72, 0x67, 0x62, 0x61, //             rgba
	0x32, 0x5b, 0x31, 0x5d, 0x20, 0x3d, 0x20, 0x5f, 0x33, 0x33, 0x2e, 0x79, 0x3b, 0x0a, 0x20, 0x20, // 2[1] = _33.y;.  
	0x20, 0x20, 0x20, 0x20, 0x20, 0x20, 0x20, 0x20, 0x20, 0x20, 0x72, 0x67, 0x62, 0x61, 0x32, 0x5b, //           rgba2[
	0x32, 0x5d, 0x20, 0x3d, 0x20, 0x5f, 0x33, 0x33, 0x2e, 0x78, 0x3b, 0x0a, 0x20, 0x20, 0x20, 0x20, // 2] = _33.x;.    
	0x20, 0x20, 0x20, 0x20, 0x20, 0x20, 0x20, 0x20, 0x72, 0x67, 0x62, 0x61, 0x32, 0x5b, 0x33, 0x5d, //         rgba2[3]
	0x20, 0x3d, 0x20, 0x5f, 0x33, 0x33, 0x2e, 0x77, 0x3b, 0x0a, 0x20, 0x20, 0x20, 0x20, 0x20, 0x20, //  = _33.w;.      
	0x20, 0x20, 0x20, 0x20, 0x20, 0x20, 0x68, 0x69, 0x67, 0x68, 0x70, 0x20, 0x66, 0x6c, 0x6f, 0x61, //       highp floa
	0x74, 0x20, 0x5f, 0x39, 0x31, 0x20, 0x3d, 0x20, 0x28, 0x28, 0x6c, 0x65, 0x6e, 0x67, 0x74, 0x68, // t _91 = ((length
	0x28, 0x66, 0x77, 0x69, 0x64, 0x74, 0x68, 0x28, 0x76, 0x5f, 0x74, 0x65, 0x78, 0x63, 0x6f, 0x6f, // (fwidth(v_texcoo
	0x72, 0x64, 0x32, 0x2e, 0x78, 0x79, 0x7a, 0x29, 0x29, 0x20, 0x2a, 0x20, 0x31, 0x31, 0x2e, 0x33, // rd2.xyz)) * 11.3
	0x31, 0x33, 0x37, 0x30, 0x38, 0x33, 0x30, 0x35, 0x33, 0x35, 0x38, 0x38, 0x38, 0x36, 0x37, 0x31, // 1370830535888671
	0x38, 0x37, 0x35, 0x29, 0x20, 0x2a, 0x20, 0x75, 0x5f, 0x70, 0x61, 0x72, 0x61, 0x6d, 0x73, 0x2e, // 875) * u_params.
	0x79, 0x29, 0x20, 0x2a, 0x20, 0x75, 0x5f, 0x70, 0x61, 0x72, 0x61, 0x6d, 0x73, 0x2e, 0x7a, 0x3b, // y) * u_params.z;
	0x0a, 0x20, 0x20, 0x20, 0x20, 0x20, 0x20, 0x20, 0x20, 0x20, 0x20, 0x20, 0x20, 0x62, 0x67, 0x66, // .            bgf
	0x78, 0x5f, 0x46, 0x72, 0x61, 0x67, 0x43, 0x6f, 0x6c, 0x6f, 0x72, 0x20, 0x3d, 0x20, 0x76, 0x65, // x_FragColor = ve
	0x63, 0x34, 0x28, 0x76, 0x5f, 0x63, 0x6f, 0x6c, 0x6f, 0x72, 0x30, 0x2e, 0x78, 0x79, 0x7a, 0x2c, // c4(v_color0.xyz,
	0x20, 0x73, 0x6d, 0x6f, 0x6f, 0x74, 0x68, 0x73, 0x74, 0x65, 0x70, 0x28, 0x30, 0x2e, 0x35, 0x20, //  smoothstep(0.5 
	0x2d, 0x20, 0x5f, 0x39, 0x31, 0x2c, 0x20, 0x30, 0x2e, 0x35, 0x20, 0x2b, 0x20, 0x5f, 0x39, 0x31, // - _91, 0.5 + _91
	0x2c, 0x20, 0x72, 0x67, 0x62, 0x61, 0x32, 0x5b, 0x69, 0x6e, 0x74, 0x28, 0x28, 0x76, 0x5f, 0x74, // , rgba2[int((v_t
	0x65, 0x78, 0x63, 0x6f, 0x6f, 0x72, 0x64, 0x32, 0x2e, 0x77, 0x20, 0x2a, 0x20, 0x34, 0x2e, 0x30, // excoord2.w * 4.0
	0x29, 0x20, 0x2b, 0x20, 0x30, 0x2e, 0x35, 0x29, 0x5d, 0x29, 0x20, 0x2a, 0x20, 0x76, 0x5f, 0x63, // ) + 0.5)]) * v_c
	0x6f, 0x6c, 0x6f, 0x72, 0x30, 0x2e, 0x77, 0x29, 0x3b, 0x0a, 0x20, 0x20, 0x20, 0x20, 0x20, 0x20, // olor0.w);.      
	0x20, 0x20, 0x20, 0x20, 0x20, 0x20, 0x62, 0x72, 0x65, 0x61, 0x6b, 0x3b, 0x0a, 0x20, 0x20, 0x20, //       break;.   
	0x20, 0x20, 0x20, 0x20, 0x20, 0x7d, 0x0a, 0x20, 0x20, 0x20, 0x20, 0x20, 0x20, 0x20, 0x20, 0x69, //      }.        i
	0x66, 0x20, 0x28, 0x61, 0x6e, 0x79, 0x28, 0x65, 0x71, 0x75, 0x61, 0x6c, 0x28, 0x76, 0x5f, 0x74, // f (any(equal(v_t
	0x65, 0x78, 0x63, 0x6f, 0x6f, 0x72, 0x64, 0x30, 0x2e, 0x78, 0x79, 0x7a, 0x2c, 0x20, 0x76, 0x65, // excoord0.xyz, ve
	0x63, 0x33, 0x28, 0x30, 0x2e, 0x30, 0x29, 0x29, 0x29, 0x29, 0x0a, 0x20, 0x20, 0x20, 0x20, 0x20, // c3(0.0)))).     
	0x20, 0x20, 0x20, 0x7b, 0x0a, 0x20, 0x20, 0x20, 0x20, 0x20, 0x20, 0x20, 0x20, 0x20, 0x20, 0x20, //    {.           
	0x20, 0x68, 0x69, 0x67, 0x68, 0x70, 0x20, 0x76, 0x65, 0x63, 0x34, 0x20, 0x5f, 0x31, 0x32, 0x38, //  highp vec4 _128
	0x20, 0x3d, 0x20, 0x74, 0x65, 0x78, 0x74, 0x75, 0x72, 0x65, 0x28, 0x73, 0x5f, 0x74, 0x65, 0x78, //  = texture(s_tex
	0x43, 0x6f, 0x6c, 0x6f, 0x72, 0x2c, 0x20, 0x76, 0x5f, 0x74, 0x65, 0x78, 0x63, 0x6f, 0x6f, 0x72, // Color, v_texcoor
	0x64, 0x31, 0x2e, 0x78, 0x79, 0x7a, 0x29, 0x3b, 0x0a, 0x20, 0x20, 0x20, 0x20, 0x20, 0x20, 0x20, // d1.xyz);.       
	0x20, 0x20, 0x20, 0x20, 0x20, 0x62, 0x67, 0x66, 0x78, 0x5f, 0x46, 0x72, 0x61, 0x67, 0x43, 0x6f, //      bgfx_FragCo
	0x6c, 0x6f, 0x72, 0x20, 0x3d, 0x20, 0x76, 0x65, 0x63, 0x34, 0x28, 0x5f, 0x31, 0x32, 0x38, 0x2e, // lor = vec4(_128.
	0x78, 0x79, 0x7a, 0x2c, 0x20, 0x5f, 0x31, 0x32, 0x38, 0x2e, 0x77, 0x20, 0x2a, 0x20, 0x76, 0x5f, // xyz, _128.w * v_
	0x63, 0x6f, 0x6c, 0x6f, 0x72, 0x30, 0x2e, 0x77, 0x29, 0x3b, 0x0a, 0x20, 0x20, 0x20, 0x20, 0x20, // color0.w);.     
	0x20, 0x20, 0x20, 0x20, 0x20, 0x20, 0x20, 0x62, 0x72, 0x65, 0x61, 0x6b, 0x3b, 0x0a, 0x20, 0x20, //        break;.  
	0x20, 0x20, 0x20, 0x20, 0x20, 0x20, 0x7d, 0x0a, 0x20, 0x20, 0x20, 0x20, 0x20, 0x20, 0x20, 0x20, //       }.        
	0x68, 0x69, 0x67, 0x68, 0x70, 0x20, 0x76, 0x65, 0x63, 0x34, 0x20, 0x5f, 0x31, 0x34, 0x35, 0x20, // highp vec4 _145 
	0x3d, 0x20, 0x74, 0x65, 0x78, 0x74, 0x75, 0x72, 0x65, 0x28, 0x73, 0x5f, 0x74, 0x65, 0x78, 0x43, // = texture(s_texC
	0x6f, 0x6c, 0x6f, 0x72, 0x2c, 0x20, 0x76, 0x5f, 0x74, 0x65, 0x78, 0x63, 0x6f, 0x6f, 0x72, 0x64, // olor, v_texcoord
	0x30, 0x2e, 0x78, 0x79, 0x7a, 0x29, 0x3b, 0x0a, 0x20, 0x20, 0x20, 0x20, 0x20, 0x20, 0x20, 0x20, // 0.xyz);.        
	0x68, 0x69, 0x67, 0x68, 0x70, 0x20, 0x66, 0x6c, 0x6f, 0x61, 0x74, 0x20, 0x72, 0x67, 0x62, 0x61, // highp float rgba
	0x5b, 0x34, 0x5d, 0x3b, 0x0a, 0x20, 0x20, 0x20, 0x20, 0x20, 0x20, 0x20, 0x20, 0x72, 0x67, 0x62, // [4];.        rgb
	0x61, 0x5b, 0x30, 0x5d, 0x20, 0x3d, 0x20, 0x5f, 0x31, 0x34, 0x35, 0x2e, 0x7a, 0x3b, 0x0a, 0x20, // a[0] = _145.z;. 
	0x20, 0x20, 0x20, 0x20, 0x20, 0x20, 0x20, 0x72, 0x67, 0x62, 0x61, 0x5b, 0x31, 0x5d, 0x20, 0x3d, //        rgba[1] =
	0x20, 0x5f, 0x31, 0x34, 0x35, 0x2e, 0x79, 0x3b, 0x0a, 0x20, 0x20, 0x20, 0x20, 0x20, 0x20, 0x20, //  _145.y;.       
	0x20, 0x72, 0x67, 0x62, 0x61, 0x5b, 0x32, 0x5d, 0x20, 0x3d, 0x20, 0x5f, 0x31, 0x34, 0x35, 0x2e, //  rgba[2] = _145.
	0x78, 0x3b, 0x0a, 0x20, 0x20, 0x20, 0x20, 0x20, 0x20, 0x20, 0x20, 0x72, 0x67, 0x62, 0x61, 0x5b, // x;.        rgba[
	0x33, 0x5d, 0x20, 0x3d, 0x20, 0x5f, 0x31, 0x34, 0x35, 0x2e, 0x77, 0x3b, 0x0a, 0x20, 0x20, 0x20, // 3] = _145.w;.   
	0x20, 0x20, 0x20, 0x20, 0x20, 0x68, 0x69, 0x67, 0x68, 0x70, 0x20, 0x66, 0x6c, 0x6f, 0x61, 0x74, //      highp float
	0x20, 0x5f, 0x31, 0x37, 0x38, 0x20, 0x3d, 0x20, 0x28, 0x6c, 0x65, 0x6e, 0x67, 0x74, 0x68, 0x28, //  _178 = (length(
	0x66, 0x77, 0x69, 0x64, 0x74, 0x68, 0x28, 0x76, 0x5f, 0x74, 0x65, 0x78, 0x63, 0x6f, 0x6f, 0x72, // fwidth(v_texcoor
	0x64, 0x30, 0x2e, 0x78, 0x79, 0x7a, 0x29, 0x29, 0x20, 0x2a, 0x20, 0x31, 0x31, 0x2e, 0x33, 0x31, // d0.xyz)) * 11.31
	0x33, 0x37, 0x30, 0x38, 0x33, 0x30, 0x35, 0x33, 0x35, 0x38, 0x38, 0x38, 0x36, 0x37, 0x31, 0x38, // 3708305358886718
	0x37, 0x35, 0x29, 0x20, 0x2a, 0x20, 0x75, 0x5f, 0x70, 0x61, 0x72, 0x61, 0x6d, 0x73, 0x2e, 0x79, // 75) * u_params.y
	0x3b, 0x0a, 0x20, 0x20, 0x20, 0x20, 0x20, 0x20, 0x20, 0x20, 0x62, 0x67, 0x66, 0x78, 0x5f, 0x46, // ;.        bgfx_F
	0x72, 0x61, 0x67, 0x43, 0x6f, 0x6c, 0x6f, 0x72, 0x20, 0x3d, 0x20, 0x76, 0x65, 0x63, 0x34, 0x28, // ragColor = vec4(
	0x76, 0x5f, 0x63, 0x6f, 0x6c, 0x6f, 0x72, 0x30, 0x2e, 0x78, 0x79, 0x7a, 0x2c, 0x20, 0x73, 0x6d, // v_color0.xyz, sm
	0x6f, 0x6f, 0x74, 0x68, 0x73, 0x74, 0x65, 0x70, 0x28, 0x30, 0x2e, 0x35, 0x20, 0x2d, 0x20, 0x5f, // oothstep(0.5 - _
	0x31, 0x37, 0x38, 0x2c, 0x20, 0x30, 0x2e, 0x35, 0x20, 0x2b, 0x20, 0x5f, 0x31, 0x37, 0x38, 0x2c, // 178, 0.5 + _178,
	0x20, 0x72, 0x67, 0x62, 0x61, 0x5b, 0x69, 0x6e, 0x74, 0x28, 0x28, 0x76, 0x5f, 0x74, 0x65, 0x78, //  rgba[int((v_tex
	0x63, 0x6f, 0x6f, 0x72, 0x64, 0x30, 0x2e, 0x77, 0x20, 0x2a, 0x20, 0x34, 0x2e, 0x30, 0x29, 0x20, // coord0.w * 4.0) 
	0x2b, 0x20, 0x30, 0x2e, 0x35, 0x29, 0x5d, 0x29, 0x20, 0x2a, 0x20, 0x76, 0x5f, 0x63, 0x6f, 0x6c, // + 0.5)]) * v_col
	0x6f, 0x72, 0x30, 0x2e, 0x77, 0x29, 0x3b, 0x0a, 0x20, 0x20, 0x20, 0x20, 0x20, 0x20, 0x20, 0x20, // or0.w);.        
	0x62, 0x72, 0x65, 0x61, 0x6b, 0x3b, 0x0a, 0x20, 0x20, 0x20, 0x20, 0x7d, 0x20, 0x77, 0x68, 0x69, // break;.    } whi
	0x6c, 0x65, 0x28, 0x66, 0x61, 0x6c, 0x73, 0x65, 0x29, 0x3b, 0x0a, 0x7d, 0x0a, 0x0a, 0x00,       // le(false);.}...
};
static const uint8_t fs_font_distance_field_drop_shadow_image_spv[3474] =
{
	0x46, 0x53, 0x48, 0x0c, 0x9e, 0x67, 0x7a, 0xc3, 0x00, 0x00, 0x00, 0x00, 0x00, 0x00, 0x00, 0x00, // FSH..gz.........
	0x00, 0x00, 0x00, 0x00, 0x02, 0x00, 0x08, 0x75, 0x5f, 0x70, 0x61, 0x72, 0x61, 0x6d, 0x73, 0x12, // .......u_params.
	0x01, 0x00, 0x00, 0x01, 0x00, 0x00, 0x00, 0x00, 0x00, 0x0a, 0x73, 0x5f, 0x74, 0x65, 0x78, 0x43, // ..........s_texC
	0x6f, 0x6c, 0x6f, 0x72, 0x30, 0x00, 0x02, 0x00, 0x00, 0x00, 0x00, 0x04, 0x29, 0x00, 0x4c, 0x0d, // olor0.......).L.
	0x00, 0x00, 0x03, 0x02, 0x23, 0x07, 0x00, 0x00, 0x01, 0x00, 0x0b, 0x00, 0x08, 0x00, 0x2e, 0x02, // ....#...........
	0x00, 0x00, 0x00, 0x00, 0x00, 0x00, 0x11, 0x00, 0x02, 0x00, 0x01, 0x00, 0x00, 0x00, 0x0b, 0x00, // ................
	0x06, 0x00, 0x01, 0x00, 0x00, 0x00, 0x47, 0x4c, 0x53, 0x4c, 0x2e, 0x73, 0x74, 0x64, 0x2e, 0x34, // ......GLSL.std.4
	0x35, 0x30, 0x00, 0x00, 0x00, 0x00, 0x0e, 0x00, 0x03, 0x00, 0x00, 0x00, 0x00, 0x00, 0x01, 0x00, // 50..............
	0x00, 0x00, 0x0f, 0x00, 0x0a, 0x00, 0x04, 0x00, 0x00, 0x00, 0x04, 0x00, 0x00, 0x00, 0x6d, 0x61, // ..............ma
	0x69, 0x6e, 0x00, 0x00, 0x00, 0x00, 0x08, 0x01, 0x00, 0x00, 0x0e, 0x01, 0x00, 0x00, 0x11, 0x01, // in..............
	0x00, 0x00, 0x14, 0x01, 0x00, 0x00, 0x27, 0x01, 0x00, 0x00, 0x10, 0x00, 0x03, 0x00, 0x04, 0x00, // ......'.........
	0x00, 0x00, 0x07, 0x00, 0x00, 0x00, 0x03, 0x00, 0x03, 0x00, 0x05, 0x00, 0x00, 0x00, 0xf4, 0x01, // ................
	0x00, 0x00, 0x05, 0x00, 0x04, 0x00, 0x04, 0x00, 0x00, 0x00, 0x6d, 0x61, 0x69, 0x6e, 0x00, 0x00, // ..........main..
	0x00, 0x00, 0x05, 0x00, 0x07, 0x00, 0x2d, 0x00, 0x00, 0x00, 0x73, 0x5f, 0x74, 0x65, 0x78, 0x43, // ......-...s_texC
	0x6f, 0x6c, 0x6f, 0x72, 0x53, 0x61, 0x6d, 0x70, 0x6c, 0x65, 0x72, 0x00, 0x00, 0x00, 0x05, 0x00, // olorSampler.....
	0x07, 0x00, 0x30, 0x00, 0x00, 0x00, 0x73, 0x5f, 0x74, 0x65, 0x78, 0x43, 0x6f, 0x6c, 0x6f, 0x72, // ..0...s_texColor
	0x54, 0x65, 0x78, 0x74, 0x75, 0x72, 0x65, 0x00, 0x00, 0x00, 0x05, 0x00, 0x06, 0x00, 0x8f, 0x00, // Texture.........
	0x00, 0x00, 0x55, 0x6e, 0x69, 0x66, 0x6f, 0x72, 0x6d, 0x42, 0x6c, 0x6f, 0x63, 0x6b, 0x00, 0x00, // ..UniformBlock..
	0x00, 0x00, 0x06, 0x00, 0x06, 0x00, 0x8f, 0x00, 0x00, 0x00, 0x00, 0x00, 0x00, 0x00, 0x75, 0x5f, // ..............u_
	0x70, 0x61, 0x72, 0x61, 0x6d, 0x73, 0x00, 0x00, 0x00, 0x00, 0x05, 0x00, 0x03, 0x00, 0x91, 0x00, // params..........
	0x00, 0x00, 0x00, 0x00, 0x00, 0x00, 0x05, 0x00, 0x05, 0x00, 0x08, 0x01, 0x00, 0x00, 0x76, 0x5f, // ..............v_
	0x63, 0x6f, 0x6c, 0x6f, 0x72, 0x30, 0x00, 0x00, 0x00, 0x00, 0x05, 0x00, 0x05, 0x00, 0x0e, 0x01, // color0..........
	0x00, 0x00, 0x76, 0x5f, 0x74, 0x65, 0x78, 0x63, 0x6f, 0x6f, 0x72, 0x64, 0x30, 0x00, 0x05, 0x00, // ..v_texcoord0...
	0x05, 0x00, 0x11, 0x01, 0x00, 0x00, 0x76, 0x5f, 0x74, 0x65, 0x78, 0x63, 0x6f, 0x6f, 0x72, 0x64, // ......v_texcoord
	0x31, 0x00, 0x05, 0x00, 0x05, 0x00, 0x14, 0x01, 0x00, 0x00, 0x76, 0x5f, 0x74, 0x65, 0x78, 0x63, // 1.........v_texc
	0x6f, 0x6f, 0x72, 0x64, 0x32, 0x00, 0x05, 0x00, 0x06, 0x00, 0x27, 0x01, 0x00, 0x00, 0x62, 0x67, // oord2.....'...bg
	0x66, 0x78, 0x5f, 0x46, 0x72, 0x61, 0x67, 0x44, 0x61, 0x74, 0x61, 0x30, 0x00, 0x00, 0x47, 0x00, // fx_FragData0..G.
	0x04, 0x00, 0x2d, 0x00, 0x00, 0x00, 0x21, 0x00, 0x00, 0x00, 0x12, 0x00, 0x00, 0x00, 0x47, 0x00, // ..-...!.......G.
	0x04, 0x00, 0x2d, 0x00, 0x00, 0x00, 0x22, 0x00, 0x00, 0x00, 0x00, 0x00, 0x00, 0x00, 0x47, 0x00, // ..-...".......G.
	0x04, 0x00, 0x30, 0x00, 0x00, 0x00, 0x21, 0x00, 0x00, 0x00, 0x02, 0x00, 0x00, 0x00, 0x47, 0x00, // ..0...!.......G.
	0x04, 0x00, 0x30, 0x00, 0x00, 0x00, 0x22, 0x00, 0x00, 0x00, 0x00, 0x00, 0x00, 0x00, 0x47, 0x00, // ..0...".......G.
	0x03, 0x00, 0x8f, 0x00, 0x00, 0x00, 0x02, 0x00, 0x00, 0x00, 0x48, 0x00, 0x05, 0x00, 0x8f, 0x00, // ..........H.....
	0x00, 0x00, 0x00, 0x00, 0x00, 0x00, 0x23, 0x00, 0x00, 0x00, 0x00, 0x00, 0x00, 0x00, 0x47, 0x00, // ......#.......G.
	0x04, 0x00, 0x91, 0x00, 0x00, 0x00, 0x21, 0x00, 0x00, 0x00, 0x01, 0x00, 0x00, 0x00, 0x47, 0x00, // ......!.......G.
	0x04, 0x00, 0x91, 0x00, 0x00, 0x00, 0x22, 0x00, 0x00, 0x00, 0x00, 0x00, 0x00, 0x00, 0x47, 0x00, // ......".......G.
	0x04, 0x00, 0x08, 0x01, 0x00, 0x00, 0x1e, 0x00, 0x00, 0x00, 0x00, 0x00, 0x00, 0x00, 0x47, 0x00, // ..............G.
	0x04, 0x00, 0x0e, 0x01, 0x00, 0x00, 0x1e, 0x00, 0x00, 0x00, 0x02, 0x00, 0x00, 0x00, 0x47, 0x00, // ..............G.
	0x04, 0x00, 0x11, 0x01, 0x00, 0x00, 0x1e, 0x00, 0x00, 0x00, 0x03, 0x00, 0x00, 0x00, 0x47, 0x00, // ..............G.
	0x04, 0x00, 0x14, 0x01, 0x00, 0x00, 0x1e, 0x00, 0x00, 0x00, 0x04, 0x00, 0x00, 0x00, 0x47, 0x00, // ..............G.
	0x04, 0x00, 0x27, 0x01, 0x00, 0x00, 0x1e, 0x00, 0x00, 0x00, 0x00, 0x00, 0x00, 0x00, 0x13, 0x00, // ..'.............
	0x02, 0x00, 0x02, 0x00, 0x00, 0x00, 0x21, 0x00, 0x03, 0x00, 0x03, 0x00, 0x00, 0x00, 0x02, 0x00, // ......!.........
	0x00, 0x00, 0x1a, 0x00, 0x02, 0x00, 0x06, 0x00, 0x00, 0x00, 0x16, 0x00, 0x03, 0x00, 0x07, 0x00, // ................
	0x00, 0x00, 0x20, 0x00, 0x00, 0x00, 0x19, 0x00, 0x09, 0x00, 0x08, 0x00, 0x00, 0x00, 0x07, 0x00, // .. .............
	0x00, 0x00, 0x03, 0x00, 0x00, 0x00, 0x00, 0x00, 0x00, 0x00, 0x00, 0x00, 0x00, 0x00, 0x00, 0x00, // ................
	0x00, 0x00, 0x01, 0x00, 0x00, 0x00, 0x00, 0x00, 0x00, 0x00, 0x17, 0x00, 0x04, 0x00, 0x0b, 0x00, // ................
	0x00, 0x00, 0x07, 0x00, 0x00, 0x00, 0x03, 0x00, 0x00, 0x00, 0x17, 0x00, 0x04, 0x00, 0x0d, 0x00, // ................
	0x00, 0x00, 0x07, 0x00, 0x00, 0x00, 0x04, 0x00, 0x00, 0x00, 0x14, 0x00, 0x02, 0x00, 0x13, 0x00, // ................
	0x00, 0x00, 0x17, 0x00, 0x04, 0x00, 0x14, 0x00, 0x00, 0x00, 0x13, 0x00, 0x00, 0x00, 0x03, 0x00, // ................
	0x00, 0x00, 0x20, 0x00, 0x04, 0x00, 0x1a, 0x00, 0x00, 0x00, 0x07, 0x00, 0x00, 0x00, 0x07, 0x00, // .. .............
	0x00, 0x00, 0x20, 0x00, 0x04, 0x00, 0x2c, 0x00, 0x00, 0x00, 0x00, 0x00, 0x00, 0x00, 0x06, 0x00, // .. ...,.........
	0x00, 0x00, 0x3b, 0x00, 0x04, 0x00, 0x2c, 0x00, 0x00, 0x00, 0x2d, 0x00, 0x00, 0x00, 0x00, 0x00, // ..;...,...-.....
	0x00, 0x00, 0x20, 0x00, 0x04, 0x00, 0x2f, 0x00, 0x00, 0x00, 0x00, 0x00, 0x00, 0x00, 0x08, 0x00, // .. .../.........
	0x00, 0x00, 0x3b, 0x00, 0x04, 0x00, 0x2f, 0x00, 0x00, 0x00, 0x30, 0x00, 0x00, 0x00, 0x00, 0x00, // ..;.../...0.....
	0x00, 0x00, 0x15, 0x00, 0x04, 0x00, 0x33, 0x00, 0x00, 0x00, 0x20, 0x00, 0x00, 0x00, 0x01, 0x00, // ......3... .....
	0x00, 0x00, 0x2b, 0x00, 0x04, 0x00, 0x33, 0x00, 0x00, 0x00, 0x34, 0x00, 0x00, 0x00, 0x01, 0x00, // ..+...3...4.....
	0x00, 0x00, 0x2b, 0x00, 0x04, 0x00, 0x33, 0x00, 0x00, 0x00, 0x38, 0x00, 0x00, 0x00, 0x00, 0x00, // ..+...3...8.....
	0x00, 0x00, 0x1b, 0x00, 0x03, 0x00, 0x3c, 0x00, 0x00, 0x00, 0x08, 0x00, 0x00, 0x00, 0x2b, 0x00, // ......<.......+.
	0x04, 0x00, 0x07, 0x00, 0x00, 0x00, 0x4c, 0x00, 0x00, 0x00, 0x00, 0x00, 0x00, 0x00, 0x2c, 0x00, // ......L.......,.
	0x06, 0x00, 0x0b, 0x00, 0x00, 0x00, 0x4f, 0x00, 0x00, 0x00, 0x4c, 0x00, 0x00, 0x00, 0x4c, 0x00, // ......O...L...L.
	0x00, 0x00, 0x4c, 0x00, 0x00, 0x00, 0x15, 0x00, 0x04, 0x00, 0x64, 0x00, 0x00, 0x00, 0x20, 0x00, // ..L.......d... .
	0x00, 0x00, 0x00, 0x00, 0x00, 0x00, 0x2b, 0x00, 0x04, 0x00, 0x07, 0x00, 0x00, 0x00, 0x68, 0x00, // ......+.......h.
	0x00, 0x00, 0x00, 0x00, 0x80, 0x40, 0x2b, 0x00, 0x04, 0x00, 0x07, 0x00, 0x00, 0x00, 0x6a, 0x00, // .....@+.......j.
	0x00, 0x00, 0x00, 0x00, 0x00, 0x3f, 0x2b, 0x00, 0x04, 0x00, 0x64, 0x00, 0x00, 0x00, 0x6d, 0x00, // .....?+...d...m.
	0x00, 0x00, 0x04, 0x00, 0x00, 0x00, 0x1c, 0x00, 0x04, 0x00, 0x6e, 0x00, 0x00, 0x00, 0x07, 0x00, // ..........n.....
	0x00, 0x00, 0x6d, 0x00, 0x00, 0x00, 0x20, 0x00, 0x04, 0x00, 0x6f, 0x00, 0x00, 0x00, 0x07, 0x00, // ..m... ...o.....
	0x00, 0x00, 0x6e, 0x00, 0x00, 0x00, 0x2b, 0x00, 0x04, 0x00, 0x64, 0x00, 0x00, 0x00, 0x71, 0x00, // ..n...+...d...q.
	0x00, 0x00, 0x02, 0x00, 0x00, 0x00, 0x2b, 0x00, 0x04, 0x00, 0x64, 0x00, 0x00, 0x00, 0x75, 0x00, // ......+...d...u.
	0x00, 0x00, 0x01, 0x00, 0x00, 0x00, 0x2b, 0x00, 0x04, 0x00, 0x33, 0x00, 0x00, 0x00, 0x79, 0x00, // ......+...3...y.
	0x00, 0x00, 0x02, 0x00, 0x00, 0x00, 0x2b, 0x00, 0x04, 0x00, 0x64, 0x00, 0x00, 0x00, 0x7a, 0x00, // ......+...d...z.
	0x00, 0x00, 0x00, 0x00, 0x00, 0x00, 0x2b, 0x00, 0x04, 0x00, 0x33, 0x00, 0x00, 0x00, 0x7e, 0x00, // ......+...3...~.
	0x00, 0x00, 0x03, 0x00, 0x00, 0x00, 0x1e, 0x00, 0x03, 0x00, 0x8f, 0x00, 0x00, 0x00, 0x0d, 0x00, // ................
	0x00, 0x00, 0x20, 0x00, 0x04, 0x00, 0x90, 0x00, 0x00, 0x00, 0x02, 0x00, 0x00, 0x00, 0x8f, 0x00, // .. .............
	0x00, 0x00, 0x3b, 0x00, 0x04, 0x00, 0x90, 0x00, 0x00, 0x00, 0x91, 0x00, 0x00, 0x00, 0x02, 0x00, // ..;.............
	0x00, 0x00, 0x20, 0x00, 0x04, 0x00, 0x92, 0x00, 0x00, 0x00, 0x02, 0x00, 0x00, 0x00, 0x07, 0x00, // .. .............
	0x00, 0x00, 0x20, 0x00, 0x04, 0x00, 0x04, 0x01, 0x00, 0x00, 0x01, 0x00, 0x00, 0x00, 0x0d, 0x00, // .. .............
	0x00, 0x00, 0x3b, 0x00, 0x04, 0x00, 0x04, 0x01, 0x00, 0x00, 0x08, 0x01, 0x00, 0x00, 0x01, 0x00, // ..;.............
	0x00, 0x00, 0x3b, 0x00, 0x04, 0x00, 0x04, 0x01, 0x00, 0x00, 0x0e, 0x01, 0x00, 0x00, 0x01, 0x00, // ..;.............
	0x00, 0x00, 0x3b, 0x00, 0x04, 0x00, 0x04, 0x01, 0x00, 0x00, 0x11, 0x01, 0x00, 0x00, 0x01, 0x00, // ..;.............
	0x00, 0x00, 0x3b, 0x00, 0x04, 0x00, 0x04, 0x01, 0x00, 0x00, 0x14, 0x01, 0x00, 0x00, 0x01, 0x00, // ..;.............
	0x00, 0x00, 0x20, 0x00, 0x04, 0x00, 0x26, 0x01, 0x00, 0x00, 0x03, 0x00, 0x00, 0x00, 0x0d, 0x00, // .. ...&.........
	0x00, 0x00, 0x3b, 0x00, 0x04, 0x00, 0x26, 0x01, 0x00, 0x00, 0x27, 0x01, 0x00, 0x00, 0x03, 0x00, // ..;...&...'.....
	0x00, 0x00, 0x2b, 0x00, 0x04, 0x00, 0x07, 0x00, 0x00, 0x00, 0x2c, 0x02, 0x00, 0x00, 0xf3, 0x04, // ..+.......,.....
	0x35, 0x41, 0x36, 0x00, 0x05, 0x00, 0x02, 0x00, 0x00, 0x00, 0x04, 0x00, 0x00, 0x00, 0x00, 0x00, // 5A6.............
	0x00, 0x00, 0x03, 0x00, 0x00, 0x00, 0xf8, 0x00, 0x02, 0x00, 0x05, 0x00, 0x00, 0x00, 0x3b, 0x00, // ..............;.
	0x04, 0x00, 0x6f, 0x00, 0x00, 0x00, 0x4b, 0x01, 0x00, 0x00, 0x07, 0x00, 0x00, 0x00, 0x3b, 0x00, // ..o...K.......;.
	0x04, 0x00, 0x6f, 0x00, 0x00, 0x00, 0x59, 0x01, 0x00, 0x00, 0x07, 0x00, 0x00, 0x00, 0x3d, 0x00, // ..o...Y.......=.
	0x04, 0x00, 0x06, 0x00, 0x00, 0x00, 0x2e, 0x00, 0x00, 0x00, 0x2d, 0x00, 0x00, 0x00, 0x3d, 0x00, // ..........-...=.
	0x04, 0x00, 0x08, 0x00, 0x00, 0x00, 0x31, 0x00, 0x00, 0x00, 0x30, 0x00, 0x00, 0x00, 0x3d, 0x00, // ......1...0...=.
	0x04, 0x00, 0x0d, 0x00, 0x00, 0x00, 0x09, 0x01, 0x00, 0x00, 0x08, 0x01, 0x00, 0x00, 0x3d, 0x00, // ..............=.
	0x04, 0x00, 0x0d, 0x00, 0x00, 0x00, 0x0f, 0x01, 0x00, 0x00, 0x0e, 0x01, 0x00, 0x00, 0x3d, 0x00, // ..............=.
	0x04, 0x00, 0x0d, 0x00, 0x00, 0x00, 0x12, 0x01, 0x00, 0x00, 0x11, 0x01, 0x00, 0x00, 0x3d, 0x00, // ..............=.
	0x04, 0x00, 0x0d, 0x00, 0x00, 0x00, 0x15, 0x01, 0x00, 0x00, 0x14, 0x01, 0x00, 0x00, 0xf7, 0x00, // ................
	0x03, 0x00, 0xe5, 0x01, 0x00, 0x00, 0x00, 0x00, 0x00, 0x00, 0xfb, 0x00, 0x03, 0x00, 0x7a, 0x00, // ..............z.
	0x00, 0x00, 0x5f, 0x01, 0x00, 0x00, 0xf8, 0x00, 0x02, 0x00, 0x5f, 0x01, 0x00, 0x00, 0x4f, 0x00, // .._......._...O.
	0x08, 0x00, 0x0b, 0x00, 0x00, 0x00, 0x62, 0x01, 0x00, 0x00, 0x15, 0x01, 0x00, 0x00, 0x15, 0x01, // ......b.........
	0x00, 0x00, 0x00, 0x00, 0x00, 0x00, 0x01, 0x00, 0x00, 0x00, 0x02, 0x00, 0x00, 0x00, 0xb4, 0x00, // ................
	0x05, 0x00, 0x14, 0x00, 0x00, 0x00, 0xef, 0x01, 0x00, 0x00, 0x62, 0x01, 0x00, 0x00, 0x4f, 0x00, // ..........b...O.
	0x00, 0x00, 0x9a, 0x00, 0x04, 0x00, 0x13, 0x00, 0x00, 0x00, 0x64, 0x01, 0x00, 0x00, 0xef, 0x01, // ..........d.....
	0x00, 0x00, 0xa8, 0x00, 0x04, 0x00, 0x13, 0x00, 0x00, 0x00, 0x65, 0x01, 0x00, 0x00, 0x64, 0x01, // ..........e...d.
	0x00, 0x00, 0xf7, 0x00, 0x03, 0x00, 0x9d, 0x01, 0x00, 0x00, 0x00, 0x00, 0x00, 0x00, 0xfa, 0x00, // ................
	0x04, 0x00, 0x65, 0x01, 0x00, 0x00, 0x66, 0x01, 0x00, 0x00, 0x9d, 0x01, 0x00, 0x00, 0xf8, 0x00, // ..e...f.........
	0x02, 0x00, 0x66, 0x01, 0x00, 0x00, 0x56, 0x00, 0x05, 0x00, 0x3c, 0x00, 0x00, 0x00, 0xf6, 0x01, // ..f...V...<.....
	0x00, 0x00, 0x31, 0x00, 0x00, 0x00, 0x2e, 0x00, 0x00, 0x00, 0x57, 0x00, 0x05, 0x00, 0x0d, 0x00, // ..1.......W.....
	0x00, 0x00, 0xf8, 0x01, 0x00, 0x00, 0xf6, 0x01, 0x00, 0x00, 0x62, 0x01, 0x00, 0x00, 0x51, 0x00, // ..........b...Q.
	0x05, 0x00, 0x07, 0x00, 0x00, 0x00, 0x6d, 0x01, 0x00, 0x00, 0x15, 0x01, 0x00, 0x00, 0x03, 0x00, // ......m.........
	0x00, 0x00, 0x85, 0x00, 0x05, 0x00, 0x07, 0x00, 0x00, 0x00, 0x6e, 0x01, 0x00, 0x00, 0x6d, 0x01, // ..........n...m.
	0x00, 0x00, 0x68, 0x00, 0x00, 0x00, 0x81, 0x00, 0x05, 0x00, 0x07, 0x00, 0x00, 0x00, 0x6f, 0x01, // ..h...........o.
	0x00, 0x00, 0x6e, 0x01, 0x00, 0x00, 0x6a, 0x00, 0x00, 0x00, 0x6e, 0x00, 0x04, 0x00, 0x33, 0x00, // ..n...j...n...3.
	0x00, 0x00, 0x70, 0x01, 0x00, 0x00, 0x6f, 0x01, 0x00, 0x00, 0x51, 0x00, 0x05, 0x00, 0x07, 0x00, // ..p...o...Q.....
	0x00, 0x00, 0x72, 0x01, 0x00, 0x00, 0xf8, 0x01, 0x00, 0x00, 0x02, 0x00, 0x00, 0x00, 0x41, 0x00, // ..r...........A.
	0x05, 0x00, 0x1a, 0x00, 0x00, 0x00, 0x73, 0x01, 0x00, 0x00, 0x4b, 0x01, 0x00, 0x00, 0x38, 0x00, // ......s...K...8.
	0x00, 0x00, 0x3e, 0x00, 0x03, 0x00, 0x73, 0x01, 0x00, 0x00, 0x72, 0x01, 0x00, 0x00, 0x51, 0x00, // ..>...s...r...Q.
	0x05, 0x00, 0x07, 0x00, 0x00, 0x00, 0x75, 0x01, 0x00, 0x00, 0xf8, 0x01, 0x00, 0x00, 0x01, 0x00, // ......u.........
	0x00, 0x00, 0x41, 0x00, 0x05, 0x00, 0x1a, 0x00, 0x00, 0x00, 0x76, 0x01, 0x00, 0x00, 0x4b, 0x01, // ..A.......v...K.
	0x00, 0x00, 0x34, 0x00, 0x00, 0x00, 0x3e, 0x00, 0x03, 0x00, 0x76, 0x01, 0x00, 0x00, 0x75, 0x01, // ..4...>...v...u.
	0x00, 0x00, 0x51, 0x00, 0x05, 0x00, 0x07, 0x00, 0x00, 0x00, 0x78, 0x01, 0x00, 0x00, 0xf8, 0x01, // ..Q.......x.....
	0x00, 0x00, 0x00, 0x00, 0x00, 0x00, 0x41, 0x00, 0x05, 0x00, 0x1a, 0x00, 0x00, 0x00, 0x79, 0x01, // ......A.......y.
	0x00, 0x00, 0x4b, 0x01, 0x00, 0x00, 0x79, 0x00, 0x00, 0x00, 0x3e, 0x00, 0x03, 0x00, 0x79, 0x01, // ..K...y...>...y.
	0x00, 0x00, 0x78, 0x01, 0x00, 0x00, 0x51, 0x00, 0x05, 0x00, 0x07, 0x00, 0x00, 0x00, 0x7b, 0x01, // ..x...Q.......{.
	0x00, 0x00, 0xf8, 0x01, 0x00, 0x00, 0x03, 0x00, 0x00, 0x00, 0x41, 0x00, 0x05, 0x00, 0x1a, 0x00, // ..........A.....
	0x00, 0x00, 0x7c, 0x01, 0x00, 0x00, 0x4b, 0x01, 0x00, 0x00, 0x7e, 0x00, 0x00, 0x00, 0x3e, 0x00, // ..|...K...~...>.
	0x03, 0x00, 0x7c, 0x01, 0x00, 0x00, 0x7b, 0x01, 0x00, 0x00, 0x41, 0x00, 0x05, 0x00, 0x1a, 0x00, // ..|...{...A.....
	0x00, 0x00, 0x7e, 0x01, 0x00, 0x00, 0x4b, 0x01, 0x00, 0x00, 0x70, 0x01, 0x00, 0x00, 0x3d, 0x00, // ..~...K...p...=.
	0x04, 0x00, 0x07, 0x00, 0x00, 0x00, 0x7f, 0x01, 0x00, 0x00, 0x7e, 0x01, 0x00, 0x00, 0xd1, 0x00, // ..........~.....
	0x04, 0x00, 0x0b, 0x00, 0x00, 0x00, 0x82, 0x01, 0x00, 0x00, 0x62, 0x01, 0x00, 0x00, 0x0c, 0x00, // ..........b.....
	0x06, 0x00, 0x07, 0x00, 0x00, 0x00, 0x83, 0x01, 0x00, 0x00, 0x01, 0x00, 0x00, 0x00, 0x42, 0x00, // ..............B.
	0x00, 0x00, 0x82, 0x01, 0x00, 0x00, 0x85, 0x00, 0x05, 0x00, 0x07, 0x00, 0x00, 0x00, 0x85, 0x01, // ................
	0x00, 0x00, 0x83, 0x01, 0x00, 0x00, 0x2c, 0x02, 0x00, 0x00, 0x41, 0x00, 0x06, 0x00, 0x92, 0x00, // ......,...A.....
	0x00, 0x00, 0x86, 0x01, 0x00, 0x00, 0x91, 0x00, 0x00, 0x00, 0x38, 0x00, 0x00, 0x00, 0x75, 0x00, // ..........8...u.
	0x00, 0x00, 0x3d, 0x00, 0x04, 0x00, 0x07, 0x00, 0x00, 0x00, 0x87, 0x01, 0x00, 0x00, 0x86, 0x01, // ..=.............
	0x00, 0x00, 0x85, 0x00, 0x05, 0x00, 0x07, 0x00, 0x00, 0x00, 0x88, 0x01, 0x00, 0x00, 0x85, 0x01, // ................
	0x00, 0x00, 0x87, 0x01, 0x00, 0x00, 0x41, 0x00, 0x06, 0x00, 0x92, 0x00, 0x00, 0x00, 0x89, 0x01, // ......A.........
	0x00, 0x00, 0x91, 0x00, 0x00, 0x00, 0x38, 0x00, 0x00, 0x00, 0x71, 0x00, 0x00, 0x00, 0x3d, 0x00, // ......8...q...=.
	0x04, 0x00, 0x07, 0x00, 0x00, 0x00, 0x8a, 0x01, 0x00, 0x00, 0x89, 0x01, 0x00, 0x00, 0x85, 0x00, // ................
	0x05, 0x00, 0x07, 0x00, 0x00, 0x00, 0x8b, 0x01, 0x00, 0x00, 0x88, 0x01, 0x00, 0x00, 0x8a, 0x01, // ................
	0x00, 0x00, 0x83, 0x00, 0x05, 0x00, 0x07, 0x00, 0x00, 0x00, 0x8d, 0x01, 0x00, 0x00, 0x6a, 0x00, // ..............j.
	0x00, 0x00, 0x8b, 0x01, 0x00, 0x00, 0x81, 0x00, 0x05, 0x00, 0x07, 0x00, 0x00, 0x00, 0x8f, 0x01, // ................
	0x00, 0x00, 0x6a, 0x00, 0x00, 0x00, 0x8b, 0x01, 0x00, 0x00, 0x0c, 0x00, 0x08, 0x00, 0x07, 0x00, // ..j.............
	0x00, 0x00, 0x91, 0x01, 0x00, 0x00, 0x01, 0x00, 0x00, 0x00, 0x31, 0x00, 0x00, 0x00, 0x8d, 0x01, // ..........1.....
	0x00, 0x00, 0x8f, 0x01, 0x00, 0x00, 0x7f, 0x01, 0x00, 0x00, 0x51, 0x00, 0x05, 0x00, 0x07, 0x00, // ..........Q.....
	0x00, 0x00, 0x96, 0x01, 0x00, 0x00, 0x09, 0x01, 0x00, 0x00, 0x03, 0x00, 0x00, 0x00, 0x85, 0x00, // ................
	0x05, 0x00, 0x07, 0x00, 0x00, 0x00, 0x97, 0x01, 0x00, 0x00, 0x91, 0x01, 0x00, 0x00, 0x96, 0x01, // ................
	0x00, 0x00, 0x51, 0x00, 0x05, 0x00, 0x07, 0x00, 0x00, 0x00, 0x98, 0x01, 0x00, 0x00, 0x09, 0x01, // ..Q.............
	0x00, 0x00, 0x00, 0x00, 0x00, 0x00, 0x51, 0x00, 0x05, 0x00, 0x07, 0x00, 0x00, 0x00, 0x99, 0x01, // ......Q.........
	0x00, 0x00, 0x09, 0x01, 0x00, 0x00, 0x01, 0x00, 0x00, 0x00, 0x51, 0x00, 0x05, 0x00, 0x07, 0x00, // ..........Q.....
	0x00, 0x00, 0x9a, 0x01, 0x00, 0x00, 0x09, 0x01, 0x00, 0x00, 0x02, 0x00, 0x00, 0x00, 0x50, 0x00, // ..............P.
	0x07, 0x00, 0x0d, 0x00, 0x00, 0x00, 0x9b, 0x01, 0x00, 0x00, 0x98, 0x01, 0x00, 0x00, 0x99, 0x01, // ................
	0x00, 0x00, 0x9a, 0x01, 0x00, 0x00, 0x97, 0x01, 0x00, 0x00, 0xf9, 0x00, 0x02, 0x00, 0xe5, 0x01, // ................
	0x00, 0x00, 0xf8, 0x00, 0x02, 0x00, 0x9d, 0x01, 0x00, 0x00, 0x4f, 0x00, 0x08, 0x00, 0x0b, 0x00, // ..........O.....
	0x00, 0x00, 0x9f, 0x01, 0x00, 0x00, 0x0f, 0x01, 0x00, 0x00, 0x0f, 0x01, 0x00, 0x00, 0x00, 0x00, // ................
	0x00, 0x00, 0x01, 0x00, 0x00, 0x00, 0x02, 0x00, 0x00, 0x00, 0xb4, 0x00, 0x05, 0x00, 0x14, 0x00, // ................
	0x00, 0x00, 0xfd, 0x01, 0x00, 0x00, 0x9f, 0x01, 0x00, 0x00, 0x4f, 0x00, 0x00, 0x00, 0x9a, 0x00, // ..........O.....
	0x04, 0x00, 0x13, 0x00, 0x00, 0x00, 0xa1, 0x01, 0x00, 0x00, 0xfd, 0x01, 0x00, 0x00, 0xf7, 0x00, // ................
	0x03, 0x00, 0xb2, 0x01, 0x00, 0x00, 0x00, 0x00, 0x00, 0x00, 0xfa, 0x00, 0x04, 0x00, 0xa1, 0x01, // ................
	0x00, 0x00, 0xa2, 0x01, 0x00, 0x00, 0xb2, 0x01, 0x00, 0x00, 0xf8, 0x00, 0x02, 0x00, 0xa2, 0x01, // ................
	0x00, 0x00, 0x4f, 0x00, 0x08, 0x00, 0x0b, 0x00, 0x00, 0x00, 0xa5, 0x01, 0x00, 0x00, 0x12, 0x01, // ..O.............
	0x00, 0x00, 0x12, 0x01, 0x00, 0x00, 0x00, 0x00, 0x00, 0x00, 0x01, 0x00, 0x00, 0x00, 0x02, 0x00, // ................
	0x00, 0x00, 0x56, 0x00, 0x05, 0x00, 0x3c, 0x00, 0x00, 0x00, 0x04, 0x02, 0x00, 0x00, 0x31, 0x00, // ..V...<.......1.
	0x00, 0x00, 0x2e, 0x00, 0x00, 0x00, 0x57, 0x00, 0x05, 0x00, 0x0d, 0x00, 0x00, 0x00, 0x06, 0x02, // ......W.........
	0x00, 0x00, 0x04, 0x02, 0x00, 0x00, 0xa5, 0x01, 0x00, 0x00, 0x51, 0x00, 0x05, 0x00, 0x07, 0x00, // ..........Q.....
	0x00, 0x00, 0xaa, 0x01, 0x00, 0x00, 0x06, 0x02, 0x00, 0x00, 0x03, 0x00, 0x00, 0x00, 0x51, 0x00, // ..............Q.
	0x05, 0x00, 0x07, 0x00, 0x00, 0x00, 0xac, 0x01, 0x00, 0x00, 0x09, 0x01, 0x00, 0x00, 0x03, 0x00, // ................
	0x00, 0x00, 0x85, 0x00, 0x05, 0x00, 0x07, 0x00, 0x00, 0x00, 0xad, 0x01, 0x00, 0x00, 0xaa, 0x01, // ................
	0x00, 0x00, 0xac, 0x01, 0x00, 0x00, 0x51, 0x00, 0x05, 0x00, 0x07, 0x00, 0x00, 0x00, 0xae, 0x01, // ......Q.........
	0x00, 0x00, 0x06, 0x02, 0x00, 0x00, 0x00, 0x00, 0x00, 0x00, 0x51, 0x00, 0x05, 0x00, 0x07, 0x00, // ..........Q.....
	0x00, 0x00, 0xaf, 0x01, 0x00, 0x00, 0x06, 0x02, 0x00, 0x00, 0x01, 0x00, 0x00, 0x00, 0x51, 0x00, // ..............Q.
	0x05, 0x00, 0x07, 0x00, 0x00, 0x00, 0xb0, 0x01, 0x00, 0x00, 0x06, 0x02, 0x00, 0x00, 0x02, 0x00, // ................
	0x00, 0x00, 0x50, 0x00, 0x07, 0x00, 0x0d, 0x00, 0x00, 0x00, 0xb1, 0x01, 0x00, 0x00, 0xae, 0x01, // ..P.............
	0x00, 0x00, 0xaf, 0x01, 0x00, 0x00, 0xb0, 0x01, 0x00, 0x00, 0xad, 0x01, 0x00, 0x00, 0xf9, 0x00, // ................
	0x02, 0x00, 0xe5, 0x01, 0x00, 0x00, 0xf8, 0x00, 0x02, 0x00, 0xb2, 0x01, 0x00, 0x00, 0x56, 0x00, // ..............V.
	0x05, 0x00, 0x3c, 0x00, 0x00, 0x00, 0x0d, 0x02, 0x00, 0x00, 0x31, 0x00, 0x00, 0x00, 0x2e, 0x00, // ..<.......1.....
	0x00, 0x00, 0x57, 0x00, 0x05, 0x00, 0x0d, 0x00, 0x00, 0x00, 0x0f, 0x02, 0x00, 0x00, 0x0d, 0x02, // ..W.............
	0x00, 0x00, 0x9f, 0x01, 0x00, 0x00, 0x51, 0x00, 0x05, 0x00, 0x07, 0x00, 0x00, 0x00, 0xb8, 0x01, // ......Q.........
	0x00, 0x00, 0x0f, 0x01, 0x00, 0x00, 0x03, 0x00, 0x00, 0x00, 0x85, 0x00, 0x05, 0x00, 0x07, 0x00, // ................
	0x00, 0x00, 0xb9, 0x01, 0x00, 0x00, 0xb8, 0x01, 0x00, 0x00, 0x68, 0x00, 0x00, 0x00, 0x81, 0x00, // ..........h.....
	0x05, 0x00, 0x07, 0x00, 0x00, 0x00, 0xba, 0x01, 0x00, 0x00, 0xb9, 0x01, 0x00, 0x00, 0x6a, 0x00, // ..............j.
	0x00, 0x00, 0x6e, 0x00, 0x04, 0x00, 0x33, 0x00, 0x00, 0x00, 0xbb, 0x01, 0x00, 0x00, 0xba, 0x01, // ..n...3.........
	0x00, 0x00, 0x51, 0x00, 0x05, 0x00, 0x07, 0x00, 0x00, 0x00, 0xbd, 0x01, 0x00, 0x00, 0x0f, 0x02, // ..Q.............
	0x00, 0x00, 0x02, 0x00, 0x00, 0x00, 0x41, 0x00, 0x05, 0x00, 0x1a, 0x00, 0x00, 0x00, 0xbe, 0x01, // ......A.........
	0x00, 0x00, 0x59, 0x01, 0x00, 0x00, 0x38, 0x00, 0x00, 0x00, 0x3e, 0x00, 0x03, 0x00, 0xbe, 0x01, // ..Y...8...>.....
	0x00, 0x00, 0xbd, 0x01, 0x00, 0x00, 0x51, 0x00, 0x05, 0x00, 0x07, 0x00, 0x00, 0x00, 0xc0, 0x01, // ......Q.........
	0x00, 0x00, 0x0f, 0x02, 0x00, 0x00, 0x01, 0x00, 0x00, 0x00, 0x41, 0x00, 0x05, 0x00, 0x1a, 0x00, // ..........A.....
	0x00, 0x00, 0xc1, 0x01, 0x00, 0x00, 0x59, 0x01, 0x00, 0x00, 0x34, 0x00, 0x00, 0x00, 0x3e, 0x00, // ......Y...4...>.
	0x03, 0x00, 0xc1, 0x01, 0x00, 0x00, 0xc0, 0x01, 0x00, 0x00, 0x51, 0x00, 0x05, 0x00, 0x07, 0x00, // ..........Q.....
	0x00, 0x00, 0xc3, 0x01, 0x00, 0x00, 0x0f, 0x02, 0x00, 0x00, 0x00, 0x00, 0x00, 0x00, 0x41, 0x00, // ..............A.
	0x05, 0x00, 0x1a, 0x00, 0x00, 0x00, 0xc4, 0x01, 0x00, 0x00, 0x59, 0x01, 0x00, 0x00, 0x79, 0x00, // ..........Y...y.
	0x00, 0x00, 0x3e, 0x00, 0x03, 0x00, 0xc4, 0x01, 0x00, 0x00, 0xc3, 0x01, 0x00, 0x00, 0x51, 0x00, // ..>...........Q.
	0x05, 0x00, 0x07, 0x00, 0x00, 0x00, 0xc6, 0x01, 0x00, 0x00, 0x0f, 0x02, 0x00, 0x00, 0x03, 0x00, // ................
	0x00, 0x00, 0x41, 0x00, 0x05, 0x00, 0x1a, 0x00, 0x00, 0x00, 0xc7, 0x01, 0x00, 0x00, 0x59, 0x01, // ..A...........Y.
	0x00, 0x00, 0x7e, 0x00, 0x00, 0x00, 0x3e, 0x00, 0x03, 0x00, 0xc7, 0x01, 0x00, 0x00, 0xc6, 0x01, // ..~...>.........
	0x00, 0x00, 0x41, 0x00, 0x05, 0x00, 0x1a, 0x00, 0x00, 0x00, 0xc9, 0x01, 0x00, 0x00, 0x59, 0x01, // ..A...........Y.
	0x00, 0x00, 0xbb, 0x01, 0x00, 0x00, 0x3d, 0x00, 0x04, 0x00, 0x07, 0x00, 0x00, 0x00, 0xca, 0x01, // ......=.........
	0x00, 0x00, 0xc9, 0x01, 0x00, 0x00, 0xd1, 0x00, 0x04, 0x00, 0x0b, 0x00, 0x00, 0x00, 0xcd, 0x01, // ................
	0x00, 0x00, 0x9f, 0x01, 0x00, 0x00, 0x0c, 0x00, 0x06, 0x00, 0x07, 0x00, 0x00, 0x00, 0xce, 0x01, // ................
	0x00, 0x00, 0x01, 0x00, 0x00, 0x00, 0x42, 0x00, 0x00, 0x00, 0xcd, 0x01, 0x00, 0x00, 0x85, 0x00, // ......B.........
	0x05, 0x00, 0x07, 0x00, 0x00, 0x00, 0xd0, 0x01, 0x00, 0x00, 0xce, 0x01, 0x00, 0x00, 0x2c, 0x02, // ..............,.
	0x00, 0x00, 0x41, 0x00, 0x06, 0x00, 0x92, 0x00, 0x00, 0x00, 0xd1, 0x01, 0x00, 0x00, 0x91, 0x00, // ..A.............
	0x00, 0x00, 0x38, 0x00, 0x00, 0x00, 0x75, 0x00, 0x00, 0x00, 0x3d, 0x00, 0x04, 0x00, 0x07, 0x00, // ..8...u...=.....
	0x00, 0x00, 0xd2, 0x01, 0x00, 0x00, 0xd1, 0x01, 0x00, 0x00, 0x85, 0x00, 0x05, 0x00, 0x07, 0x00, // ................
	0x00, 0x00, 0xd3, 0x01, 0x00, 0x00, 0xd0, 0x01, 0x00, 0x00, 0xd2, 0x01, 0x00, 0x00, 0x83, 0x00, // ................
	0x05, 0x00, 0x07, 0x00, 0x00, 0x00, 0xd5, 0x01, 0x00, 0x00, 0x6a, 0x00, 0x00, 0x00, 0xd3, 0x01, // ..........j.....
	0x00, 0x00, 0x81, 0x00, 0x05, 0x00, 0x07, 0x00, 0x00, 0x00, 0xd7, 0x01, 0x00, 0x00, 0x6a, 0x00, // ..............j.
	0x00, 0x00, 0xd3, 0x01, 0x00, 0x00, 0x0c, 0x00, 0x08, 0x00, 0x07, 0x00, 0x00, 0x00, 0xd9, 0x01, // ................
	0x00, 0x00, 0x01, 0x00, 0x00, 0x00, 0x31, 0x00, 0x00, 0x00, 0xd5, 0x01, 0x00, 0x00, 0xd7, 0x01, // ......1.........
	0x00, 0x00, 0xca, 0x01, 0x00, 0x00, 0x51, 0x00, 0x05, 0x00, 0x07, 0x00, 0x00, 0x00, 0xde, 0x01, // ......Q.........
	0x00, 0x00, 0x09, 0x01, 0x00, 0x00, 0x03, 0x00, 0x00, 0x00, 0x85, 0x00, 0x05, 0x00, 0x07, 0x00, // ................
	0x00, 0x00, 0xdf, 0x01, 0x00, 0x00, 0xd9, 0x01, 0x00, 0x00, 0xde, 0x01, 0x00, 0x00, 0x51, 0x00, // ..............Q.
	0x05, 0x00, 0x07, 0x00, 0x00, 0x00, 0xe0, 0x01, 0x00, 0x00, 0x09, 0x01, 0x00, 0x00, 0x00, 0x00, // ................
	0x00, 0x00, 0x51, 0x00, 0x05, 0x00, 0x07, 0x00, 0x00, 0x00, 0xe1, 0x01, 0x00, 0x00, 0x09, 0x01, // ..Q.............
	0x00, 0x00, 0x01, 0x00, 0x00, 0x00, 0x51, 0x00, 0x05, 0x00, 0x07, 0x00, 0x00, 0x00, 0xe2, 0x01, // ......Q.........
	0x00, 0x00, 0x09, 0x01, 0x00, 0x00, 0x02, 0x00, 0x00, 0x00, 0x50, 0x00, 0x07, 0x00, 0x0d, 0x00, // ..........P.....
	0x00, 0x00, 0xe3, 0x01, 0x00, 0x00, 0xe0, 0x01, 0x00, 0x00, 0xe1, 0x01, 0x00, 0x00, 0xe2, 0x01, // ................
	0x00, 0x00, 0xdf, 0x01, 0x00, 0x00, 0xf9, 0x00, 0x02, 0x00, 0xe5, 0x01, 0x00, 0x00, 0xf8, 0x00, // ................
	0x02, 0x00, 0xe5, 0x01, 0x00, 0x00, 0xf5, 0x00, 0x09, 0x00, 0x0d, 0x00, 0x00, 0x00, 0x2d, 0x02, // ..............-.
	0x00, 0x00, 0x9b, 0x01, 0x00, 0x00, 0x66, 0x01, 0x00, 0x00, 0xb1, 0x01, 0x00, 0x00, 0xa2, 0x01, // ......f.........
	0x00, 0x00, 0xe3, 0x01, 0x00, 0x00, 0xb2, 0x01, 0x00, 0x00, 0x3e, 0x00, 0x03, 0x00, 0x27, 0x01, // ..........>...'.
	0x00, 0x00, 0x2d, 0x02, 0x00, 0x00, 0xfd, 0x00, 0x01, 0x00, 0x38, 0x00, 0x01, 0x00, 0x00, 0x00, // ..-.......8.....
	0x10, 0x00,                                                                                     // ..
};
static const uint8_t fs_font_distance_field_drop_shadow_image_wgsl[2220] =
{
	0x46, 0x53, 0x48, 0x0c, 0x9e, 0x67, 0x7a, 0xc3, 0x00, 0x00, 0x00, 0x00, 0x00, 0x00, 0x00, 0x00, // FSH..gz.........
	0x00, 0x00, 0x00, 0x00, 0x02, 0x00, 0x08, 0x75, 0x5f, 0x70, 0x61, 0x72, 0x61, 0x6d, 0x73, 0x12, // .......u_params.
	0x01, 0x00, 0x00, 0x01, 0x00, 0x00, 0x00, 0x00, 0x00, 0x0a, 0x73, 0x5f, 0x74, 0x65, 0x78, 0x43, // ..........s_texC
	0x6f, 0x6c, 0x6f, 0x72, 0x30, 0x00, 0x02, 0x00, 0x00, 0x00, 0x00, 0x04, 0x29, 0x00, 0x64, 0x08, // olor0.......).d.
	0x00, 0x00, 0x64, 0x69, 0x61, 0x67, 0x6e, 0x6f, 0x73, 0x74, 0x69, 0x63, 0x28, 0x6f, 0x66, 0x66, // ..diagnostic(off
	0x2c, 0x20, 0x64, 0x65, 0x72, 0x69, 0x76, 0x61, 0x74, 0x69, 0x76, 0x65, 0x5f, 0x75, 0x6e, 0x69, // , derivative_uni
	0x66, 0x6f, 0x72, 0x6d, 0x69, 0x74, 0x79, 0x29, 0x3b, 0x0a, 0x64, 0x69, 0x61, 0x67, 0x6e, 0x6f, // formity);.diagno
	0x73, 0x74, 0x69, 0x63, 0x28, 0x6f, 0x66, 0x66, 0x2c, 0x20, 0x73, 0x75, 0x62, 0x67, 0x72, 0x6f, // stic(off, subgro
	0x75, 0x70, 0x5f, 0x75, 0x6e, 0x69, 0x66, 0x6f, 0x72, 0x6d, 0x69, 0x74, 0x79, 0x29, 0x3b, 0x0a, // up_uniformity);.
	0x0a, 0x40, 0x67, 0x72, 0x6f, 0x75, 0x70, 0x28, 0x30, 0x75, 0x29, 0x20, 0x40, 0x62, 0x69, 0x6e, // .@group(0u) @bin
	0x64, 0x69, 0x6e, 0x67, 0x28, 0x31, 0x38, 0x75, 0x29, 0x20, 0x76, 0x61, 0x72, 0x20, 0x73, 0x5f, // ding(18u) var s_
	0x74, 0x65, 0x78, 0x43, 0x6f, 0x6c, 0x6f, 0x72, 0x53, 0x61, 0x6d, 0x70, 0x6c, 0x65, 0x72, 0x20, // texColorSampler 
	0x3a, 0x20, 0x73, 0x61, 0x6d, 0x70, 0x6c, 0x65, 0x72, 0x3b, 0x0a, 0x0a, 0x40, 0x67, 0x72, 0x6f, // : sampler;..@gro
	0x75, 0x70, 0x28, 0x30, 0x75, 0x29, 0x20, 0x40, 0x62, 0x69, 0x6e, 0x64, 0x69, 0x6e, 0x67, 0x28, // up(0u) @binding(
	0x32, 0x75, 0x29, 0x20, 0x76, 0x61, 0x72, 0x20, 0x73, 0x5f, 0x74, 0x65, 0x78, 0x43, 0x6f, 0x6c, // 2u) var s_texCol
	0x6f, 0x72, 0x54, 0x65, 0x78, 0x74, 0x75, 0x72, 0x65, 0x20, 0x3a, 0x20, 0x74, 0x65, 0x78, 0x74, // orTexture : text
	0x75, 0x72, 0x65, 0x5f, 0x63, 0x75, 0x62, 0x65, 0x3c, 0x66, 0x33, 0x32, 0x3e, 0x3b, 0x0a, 0x0a, // ure_cube<f32>;..
	0x73, 0x74, 0x72, 0x75, 0x63, 0x74, 0x20, 0x55, 0x6e, 0x69, 0x66, 0x6f, 0x72, 0x6d, 0x42, 0x6c, // struct UniformBl
	0x6f, 0x63, 0x6b, 0x20, 0x7b, 0x0a, 0x20, 0x20, 0x75, 0x5f, 0x70, 0x61, 0x72, 0x61, 0x6d, 0x73, // ock {.  u_params
	0x20, 0x3a, 0x20, 0x76, 0x65, 0x63, 0x34, 0x3c, 0x66, 0x33, 0x32, 0x3e, 0x2c, 0x0a, 0x7d, 0x0a, //  : vec4<f32>,.}.
	0x0a, 0x40, 0x67, 0x72, 0x6f, 0x75, 0x70, 0x28, 0x30, 0x75, 0x29, 0x20, 0x40, 0x62, 0x69, 0x6e, // .@group(0u) @bin
	0x64, 0x69, 0x6e, 0x67, 0x28, 0x31, 0x75, 0x29, 0x20, 0x76, 0x61, 0x72, 0x3c, 0x75, 0x6e, 0x69, // ding(1u) var<uni
	0x66, 0x6f, 0x72, 0x6d, 0x3e, 0x20, 0x76, 0x20, 0x3a, 0x20, 0x55, 0x6e, 0x69, 0x66, 0x6f, 0x72, // form> v : Unifor
	0x6d, 0x42, 0x6c, 0x6f, 0x63, 0x6b, 0x3b, 0x0a, 0x0a, 0x76, 0x61, 0x72, 0x3c, 0x70, 0x72, 0x69, // mBlock;..var<pri
	0x76, 0x61, 0x74, 0x65, 0x3e, 0x20, 0x62, 0x67, 0x66, 0x78, 0x5f, 0x46, 0x72, 0x61, 0x67, 0x44, // vate> bgfx_FragD
	0x61, 0x74, 0x61, 0x30, 0x20, 0x3a, 0x20, 0x76, 0x65, 0x63, 0x34, 0x3c, 0x66, 0x33, 0x32, 0x3e, // ata0 : vec4<f32>
	0x3b, 0x0a, 0x0a, 0x66, 0x6e, 0x20, 0x6d, 0x61, 0x69, 0x6e, 0x5f, 0x69, 0x6e, 0x6e, 0x65, 0x72, // ;..fn main_inner
	0x28, 0x76, 0x5f, 0x63, 0x6f, 0x6c, 0x6f, 0x72, 0x30, 0x20, 0x3a, 0x20, 0x76, 0x65, 0x63, 0x34, // (v_color0 : vec4
	0x3c, 0x66, 0x33, 0x32, 0x3e, 0x2c, 0x20, 0x76, 0x5f, 0x74, 0x65, 0x78, 0x63, 0x6f, 0x6f, 0x72, // <f32>, v_texcoor
	0x64, 0x30, 0x20, 0x3a, 0x20, 0x76, 0x65, 0x63, 0x34, 0x3c, 0x66, 0x33, 0x32, 0x3e, 0x2c, 0x20, // d0 : vec4<f32>, 
	0x76, 0x5f, 0x74, 0x65, 0x78, 0x63, 0x6f, 0x6f, 0x72, 0x64, 0x31, 0x20, 0x3a, 0x20, 0x76, 0x65, // v_texcoord1 : ve
	0x63, 0x34, 0x3c, 0x66, 0x33, 0x32, 0x3e, 0x2c, 0x20, 0x76, 0x5f, 0x74, 0x65, 0x78, 0x63, 0x6f, // c4<f32>, v_texco
	0x6f, 0x72, 0x64, 0x32, 0x20, 0x3a, 0x20, 0x76, 0x65, 0x63, 0x34, 0x3c, 0x66, 0x33, 0x32, 0x3e, // ord2 : vec4<f32>
	0x29, 0x20, 0x7b, 0x0a, 0x20, 0x20, 0x76, 0x61, 0x72, 0x20, 0x76, 0x5f, 0x31, 0x20, 0x3a, 0x20, // ) {.  var v_1 : 
	0x61, 0x72, 0x72, 0x61, 0x79, 0x3c, 0x66, 0x33, 0x32, 0x2c, 0x20, 0x34, 0x75, 0x3e, 0x3b, 0x0a, // array<f32, 4u>;.
	0x20, 0x20, 0x76, 0x61, 0x72, 0x20, 0x76, 0x5f, 0x32, 0x20, 0x3a, 0x20, 0x61, 0x72, 0x72, 0x61, //   var v_2 : arra
	0x79, 0x3c, 0x66, 0x33, 0x32, 0x2c, 0x20, 0x34, 0x75, 0x3e, 0x3b, 0x0a, 0x20, 0x20, 0x76, 0x61, // y<f32, 4u>;.  va
	0x72, 0x20, 0x76, 0x5f, 0x33, 0x20, 0x3a, 0x20, 0x76, 0x65, 0x63, 0x34, 0x3c, 0x66, 0x33, 0x32, // r v_3 : vec4<f32
	0x3e, 0x3b, 0x0a, 0x20, 0x20, 0x73, 0x77, 0x69, 0x74, 0x63, 0x68, 0x28, 0x30, 0x75, 0x29, 0x20, // >;.  switch(0u) 
	0x7b, 0x0a, 0x20, 0x20, 0x20, 0x20, 0x64, 0x65, 0x66, 0x61, 0x75, 0x6c, 0x74, 0x3a, 0x20, 0x7b, // {.    default: {
	0x0a, 0x20, 0x20, 0x20, 0x20, 0x20, 0x20, 0x6c, 0x65, 0x74, 0x20, 0x76, 0x5f, 0x34, 0x20, 0x3d, // .      let v_4 =
	0x20, 0x76, 0x5f, 0x74, 0x65, 0x78, 0x63, 0x6f, 0x6f, 0x72, 0x64, 0x32, 0x2e, 0x78, 0x79, 0x7a, //  v_texcoord2.xyz
	0x3b, 0x0a, 0x20, 0x20, 0x20, 0x20, 0x20, 0x20, 0x69, 0x66, 0x20, 0x28, 0x21, 0x28, 0x61, 0x6e, // ;.      if (!(an
	0x79, 0x28, 0x28, 0x76, 0x5f, 0x34, 0x20, 0x3d, 0x3d, 0x20, 0x76, 0x65, 0x63, 0x33, 0x3c, 0x66, // y((v_4 == vec3<f
	0x33, 0x32, 0x3e, 0x28, 0x29, 0x29, 0x29, 0x29, 0x29, 0x20, 0x7b, 0x0a, 0x20, 0x20, 0x20, 0x20, // 32>())))) {.    
	0x20, 0x20, 0x20, 0x20, 0x6c, 0x65, 0x74, 0x20, 0x76, 0x5f, 0x35, 0x20, 0x3d, 0x20, 0x74, 0x65, //     let v_5 = te
	0x78, 0x74, 0x75, 0x72, 0x65, 0x53, 0x61, 0x6d, 0x70, 0x6c, 0x65, 0x28, 0x73, 0x5f, 0x74, 0x65, // xtureSample(s_te
	0x78, 0x43, 0x6f, 0x6c, 0x6f, 0x72, 0x54, 0x65, 0x78, 0x74, 0x75, 0x72, 0x65, 0x2c, 0x20, 0x73, // xColorTexture, s
	0x5f, 0x74, 0x65, 0x78, 0x43, 0x6f, 0x6c, 0x6f, 0x72, 0x53, 0x61, 0x6d, 0x70, 0x6c, 0x65, 0x72, // _texColorSampler
	0x2c, 0x20, 0x76, 0x5f, 0x34, 0x29, 0x3b, 0x0a, 0x20, 0x20, 0x20, 0x20, 0x20, 0x20, 0x20, 0x20, // , v_4);.        
	0x76, 0x5f, 0x31, 0x5b, 0x30, 0x69, 0x5d, 0x20, 0x3d, 0x20, 0x76, 0x5f, 0x35, 0x2e, 0x7a, 0x3b, // v_1[0i] = v_5.z;
	0x0a, 0x20, 0x20, 0x20, 0x20, 0x20, 0x20, 0x20, 0x20, 0x76, 0x5f, 0x31, 0x5b, 0x31, 0x69, 0x5d, // .        v_1[1i]
	0x20, 0x3d, 0x20, 0x76, 0x5f, 0x35, 0x2e, 0x79, 0x3b, 0x0a, 0x20, 0x20, 0x20, 0x20, 0x20, 0x20, //  = v_5.y;.      
	0x20, 0x20, 0x76, 0x5f, 0x31, 0x5b, 0x32, 0x69, 0x5d, 0x20, 0x3d, 0x20, 0x76, 0x5f, 0x35, 0x2e, //   v_1[2i] = v_5.
	0x78, 0x3b, 0x0a, 0x20, 0x20, 0x20, 0x20, 0x20, 0x20, 0x20, 0x20, 0x76, 0x5f, 0x31, 0x5b, 0x33, // x;.        v_1[3
	0x69, 0x5d, 0x20, 0x3d, 0x20, 0x76, 0x5f, 0x35, 0x2e, 0x77, 0x3b, 0x0a, 0x20, 0x20, 0x20, 0x20, // i] = v_5.w;.    
	0x20, 0x20, 0x20, 0x20, 0x6c, 0x65, 0x74, 0x20, 0x76, 0x5f, 0x36, 0x20, 0x3d, 0x20, 0x76, 0x5f, //     let v_6 = v_
	0x31, 0x5b, 0x69, 0x33, 0x32, 0x28, 0x28, 0x28, 0x76, 0x5f, 0x74, 0x65, 0x78, 0x63, 0x6f, 0x6f, // 1[i32(((v_texcoo
	0x72, 0x64, 0x32, 0x2e, 0x77, 0x20, 0x2a, 0x20, 0x34, 0x2e, 0x30, 0x66, 0x29, 0x20, 0x2b, 0x20, // rd2.w * 4.0f) + 
	0x30, 0x2e, 0x35, 0x66, 0x29, 0x29, 0x5d, 0x3b, 0x0a, 0x20, 0x20, 0x20, 0x20, 0x20, 0x20, 0x20, // 0.5f))];.       
	0x20, 0x6c, 0x65, 0x74, 0x20, 0x76, 0x5f, 0x37, 0x20, 0x3d, 0x20, 0x28, 0x28, 0x28, 0x6c, 0x65, //  let v_7 = (((le
	0x6e, 0x67, 0x74, 0x68, 0x28, 0x66, 0x77, 0x69, 0x64, 0x74, 0x68, 0x28, 0x76, 0x5f, 0x34, 0x29, // ngth(fwidth(v_4)
	0x29, 0x20, 0x2a, 0x20, 0x31, 0x31, 0x2e, 0x33, 0x31, 0x33, 0x37, 0x30, 0x38, 0x33, 0x30, 0x35, // ) * 11.313708305
	0x33, 0x35, 0x38, 0x38, 0x38, 0x36, 0x37, 0x31, 0x38, 0x37, 0x35, 0x66, 0x29, 0x20, 0x2a, 0x20, // 35888671875f) * 
	0x76, 0x2e, 0x75, 0x5f, 0x70, 0x61, 0x72, 0x61, 0x6d, 0x73, 0x2e, 0x79, 0x29, 0x20, 0x2a, 0x20, // v.u_params.y) * 
	0x76, 0x2e, 0x75, 0x5f, 0x70, 0x61, 0x72, 0x61, 0x6d, 0x73, 0x2e, 0x7a, 0x29, 0x3b, 0x0a, 0x20, // v.u_params.z);. 
	0x20, 0x20, 0x20, 0x20, 0x20, 0x20, 0x20, 0x76, 0x5f, 0x33, 0x20, 0x3d, 0x20, 0x76, 0x65, 0x63, //        v_3 = vec
	0x34, 0x3c, 0x66, 0x33, 0x32, 0x3e, 0x28, 0x76, 0x5f, 0x63, 0x6f, 0x6c, 0x6f, 0x72, 0x30, 0x2e, // 4<f32>(v_color0.
	0x78, 0x2c, 0x20, 0x76, 0x5f, 0x63, 0x6f, 0x6c, 0x6f, 0x72, 0x30, 0x2e, 0x79, 0x2c, 0x20, 0x76, // x, v_color0.y, v
	0x5f, 0x63, 0x6f, 0x6c, 0x6f, 0x72, 0x30, 0x2e, 0x7a, 0x2c, 0x20, 0x28, 0x73, 0x6d, 0x6f, 0x6f, // _color0.z, (smoo
	0x74, 0x68, 0x73, 0x74, 0x65, 0x70, 0x28, 0x28, 0x30, 0x2e, 0x35, 0x66, 0x20, 0x2d, 0x20, 0x76, // thstep((0.5f - v
	0x5f, 0x37, 0x29, 0x2c, 0x20, 0x28, 0x30, 0x2e, 0x35, 0x66, 0x20, 0x2b, 0x20, 0x76, 0x5f, 0x37, // _7), (0.5f + v_7
	0x29, 0x2c, 0x20, 0x76, 0x5f, 0x36, 0x29, 0x20, 0x2a, 0x20, 0x76, 0x5f, 0x63, 0x6f, 0x6c, 0x6f, // ), v_6) * v_colo
	0x72, 0x30, 0x2e, 0x77, 0x29, 0x29, 0x3b, 0x0a, 0x20, 0x20, 0x20, 0x20, 0x20, 0x20, 0x20, 0x20, // r0.w));.        
	0x62, 0x72, 0x65, 0x61, 0x6b, 0x3b, 0x0a, 0x20, 0x20, 0x20, 0x20, 0x20, 0x20, 0x7d, 0x0a, 0x20, // break;.      }. 
	0x20, 0x20, 0x20, 0x20, 0x20, 0x6c, 0x65, 0x74, 0x20, 0x76, 0x5f, 0x38, 0x20, 0x3d, 0x20, 0x76, //      let v_8 = v
	0x5f, 0x74, 0x65, 0x78, 0x63, 0x6f, 0x6f, 0x72, 0x64, 0x30, 0x2e, 0x78, 0x79, 0x7a, 0x3b, 0x0a, // _texcoord0.xyz;.
	0x20, 0x20, 0x20, 0x20, 0x20, 0x20, 0x69, 0x66, 0x20, 0x28, 0x61, 0x6e, 0x79, 0x28, 0x28, 0x76, //       if (any((v
	0x5f, 0x38, 0x20, 0x3d, 0x3d, 0x20, 0x76, 0x65, 0x63, 0x33, 0x3c, 0x66, 0x33, 0x32, 0x3e, 0x28, // _8 == vec3<f32>(
	0x29, 0x29, 0x29, 0x29, 0x20, 0x7b, 0x0a, 0x20, 0x20, 0x20, 0x20, 0x20, 0x20, 0x20, 0x20, 0x6c, // )))) {.        l
	0x65, 0x74, 0x20, 0x76, 0x5f, 0x39, 0x20, 0x3d, 0x20, 0x74, 0x65, 0x78, 0x74, 0x75, 0x72, 0x65, // et v_9 = texture
	0x53, 0x61, 0x6d, 0x70, 0x6c, 0x65, 0x28, 0x73, 0x5f, 0x74, 0x65, 0x78, 0x43, 0x6f, 0x6c, 0x6f, // Sample(s_texColo
	0x72, 0x54, 0x65, 0x78, 0x74, 0x75, 0x72, 0x65, 0x2c, 0x20, 0x73, 0x5f, 0x74, 0x65, 0x78, 0x43, // rTexture, s_texC
	0x6f, 0x6c, 0x6f, 0x72, 0x53, 0x61, 0x6d, 0x70, 0x6c, 0x65, 0x72, 0x2c, 0x20, 0x76, 0x5f, 0x74, // olorSampler, v_t
	0x65, 0x78, 0x63, 0x6f, 0x6f, 0x72, 0x64, 0x31, 0x2e, 0x78, 0x79, 0x7a, 0x29, 0x3b, 0x0a, 0x20, // excoord1.xyz);. 
	0x20, 0x20, 0x20, 0x20, 0x20, 0x20, 0x20, 0x76, 0x5f, 0x33, 0x20, 0x3d, 0x20, 0x76, 0x65, 0x63, //        v_3 = vec
	0x34, 0x3c, 0x66, 0x33, 0x32, 0x3e, 0x28, 0x76, 0x5f, 0x39, 0x2e, 0x78, 0x2c, 0x20, 0x76, 0x5f, // 4<f32>(v_9.x, v_
	0x39, 0x2e, 0x79, 0x2c, 0x20, 0x76, 0x5f, 0x39, 0x2e, 0x7a, 0x2c, 0x20, 0x28, 0x76, 0x5f, 0x39, // 9.y, v_9.z, (v_9
	0x2e, 0x77, 0x20, 0x2a, 0x20, 0x76, 0x5f, 0x63, 0x6f, 0x6c, 0x6f, 0x72, 0x30, 0x2e, 0x77, 0x29, // .w * v_color0.w)
	0x29, 0x3b, 0x0a, 0x20, 0x20, 0x20, 0x20, 0x20, 0x20, 0x20, 0x20, 0x62, 0x72, 0x65, 0x61, 0x6b, // );.        break
	0x3b, 0x0a, 0x20, 0x20, 0x20, 0x20, 0x20, 0x20, 0x7d, 0x0a, 0x20, 0x20, 0x20, 0x20, 0x20, 0x20, // ;.      }.      
	0x6c, 0x65, 0x74, 0x20, 0x76, 0x5f, 0x31, 0x30, 0x20, 0x3d, 0x20, 0x74, 0x65, 0x78, 0x74, 0x75, // let v_10 = textu
	0x72, 0x65, 0x53, 0x61, 0x6d, 0x70, 0x6c, 0x65, 0x28, 0x73, 0x5f, 0x74, 0x65, 0x78, 0x43, 0x6f, // reSample(s_texCo
	0x6c, 0x6f, 0x72, 0x54, 0x65, 0x78, 0x74, 0x75, 0x72, 0x65, 0x2c, 0x20, 0x73, 0x5f, 0x74, 0x65, // lorTexture, s_te
	0x78, 0x43, 0x6f, 0x6c, 0x6f, 0x72, 0x53, 0x61, 0x6d, 0x70, 0x6c, 0x65, 0x72, 0x2c, 0x20, 0x76, // xColorSampler, v
	0x5f, 0x38, 0x29, 0x3b, 0x0a, 0x20, 0x20, 0x20, 0x20, 0x20, 0x20, 0x76, 0x5f, 0x32, 0x5b, 0x30, // _8);.      v_2[0
	0x69, 0x5d, 0x20, 0x3d, 0x20, 0x76, 0x5f, 0x31, 0x30, 0x2e, 0x7a, 0x3b, 0x0a, 0x20, 0x20, 0x20, // i] = v_10.z;.   
	0x20, 0x20, 0x20, 0x76, 0x5f, 0x32, 0x5b, 0x31, 0x69, 0x5d, 0x20, 0x3d, 0x20, 0x76, 0x5f, 0x31, //    v_2[1i] = v_1
	0x30, 0x2e, 0x79, 0x3b, 0x0a, 0x20, 0x20, 0x20, 0x20, 0x20, 0x20, 0x76, 0x5f, 0x32, 0x5b, 0x32, // 0.y;.      v_2[2
	0x69, 0x5d, 0x20, 0x3d, 0x20, 0x76, 0x5f, 0x31, 0x30, 0x2e, 0x78, 0x3b, 0x0a, 0x20, 0x20, 0x20, // i] = v_10.x;.   
	0x20, 0x20, 0x20, 0x76, 0x5f, 0x32, 0x5b, 0x33, 0x69, 0x5d, 0x20, 0x3d, 0x20, 0x76, 0x5f, 0x31, //    v_2[3i] = v_1
	0x30, 0x2e, 0x77, 0x3b, 0x0a, 0x20, 0x20, 0x20, 0x20, 0x20, 0x20, 0x6c, 0x65, 0x74, 0x20, 0x76, // 0.w;.      let v
	0x5f, 0x31, 0x31, 0x20, 0x3d, 0x20, 0x76, 0x5f, 0x32, 0x5b, 0x69, 0x33, 0x32, 0x28, 0x28, 0x28, // _11 = v_2[i32(((
	0x76, 0x5f, 0x74, 0x65, 0x78, 0x63, 0x6f, 0x6f, 0x72, 0x64, 0x30, 0x2e, 0x77, 0x20, 0x2a, 0x20, // v_texcoord0.w * 
	0x34, 0x2e, 0x30, 0x66, 0x29, 0x20, 0x2b, 0x20, 0x30, 0x2e, 0x35, 0x66, 0x29, 0x29, 0x5d, 0x3b, // 4.0f) + 0.5f))];
	0x0a, 0x20, 0x20, 0x20, 0x20, 0x20, 0x20, 0x6c, 0x65, 0x74, 0x20, 0x76, 0x5f, 0x31, 0x32, 0x20, // .      let v_12 
	0x3d, 0x20, 0x28, 0x28, 0x6c, 0x65, 0x6e, 0x67, 0x74, 0x68, 0x28, 0x66, 0x77, 0x69, 0x64, 0x74, // = ((length(fwidt
	0x68, 0x28, 0x76, 0x5f, 0x38, 0x29, 0x29, 0x20, 0x2a, 0x20, 0x31, 0x31, 0x2e, 0x33, 0x31, 0x33, // h(v_8)) * 11.313
	0x37, 0x30, 0x38, 0x33, 0x30, 0x35, 0x33, 0x35, 0x38, 0x38, 0x38, 0x36, 0x37, 0x31, 0x38, 0x37, // 7083053588867187
	0x35, 0x66, 0x29, 0x20, 0x2a, 0x20, 0x76, 0x2e, 0x75, 0x5f, 0x70, 0x61, 0x72, 0x61, 0x6d, 0x73, // 5f) * v.u_params
	0x2e, 0x79, 0x29, 0x3b, 0x0a, 0x20, 0x20, 0x20, 0x20, 0x20, 0x20, 0x76, 0x5f, 0x33, 0x20, 0x3d, // .y);.      v_3 =
	0x20, 0x76, 0x65, 0x63, 0x34, 0x3c, 0x66, 0x33, 0x32, 0x3e, 0x28, 0x76, 0x5f, 0x63, 0x6f, 0x6c, //  vec4<f32>(v_col
	0x6f, 0x72, 0x30, 0x2e, 0x78, 0x2c, 0x20, 0x76, 0x5f, 0x63, 0x6f, 0x6c, 0x6f, 0x72, 0x30, 0x2e, // or0.x, v_color0.
	0x79, 0x2c, 0x20, 0x76, 0x5f, 0x63, 0x6f, 0x6c, 0x6f, 0x72, 0x30, 0x2e, 0x7a, 0x2c, 0x20, 0x28, // y, v_color0.z, (
	0x73, 0x6d, 0x6f, 0x6f, 0x74, 0x68, 0x73, 0x74, 0x65, 0x70, 0x28, 0x28, 0x30, 0x2e, 0x35, 0x66, // smoothstep((0.5f
	0x20, 0x2d, 0x20, 0x76, 0x5f, 0x31, 0x32, 0x29, 0x2c, 0x20, 0x28, 0x30, 0x2e, 0x35, 0x66, 0x20, //  - v_12), (0.5f 
	0x2b, 0x20, 0x76, 0x5f, 0x31, 0x32, 0x29, 0x2c, 0x20, 0x76, 0x5f, 0x31, 0x31, 0x29, 0x20, 0x2a, // + v_12), v_11) *
	0x20, 0x76, 0x5f, 0x63, 0x6f, 0x6c, 0x6f, 0x72, 0x30, 0x2e, 0x77, 0x29, 0x29, 0x3b, 0x0a, 0x20, //  v_color0.w));. 
	0x20, 0x20, 0x20, 0x7d, 0x0a, 0x20, 0x20, 0x7d, 0x0a, 0x20, 0x20, 0x62, 0x67, 0x66, 0x78, 0x5f, //    }.  }.  bgfx_
	0x46, 0x72, 0x61, 0x67, 0x44, 0x61, 0x74, 0x61, 0x30, 0x20, 0x3d, 0x20, 0x76, 0x5f, 0x33, 0x3b, // FragData0 = v_3;
	0x0a, 0x7d, 0x0a, 0x0a, 0x40, 0x66, 0x72, 0x61, 0x67, 0x6d, 0x65, 0x6e, 0x74, 0x0a, 0x66, 0x6e, // .}..@fragment.fn
	0x20, 0x6d, 0x61, 0x69, 0x6e, 0x28, 0x40, 0x6c, 0x6f, 0x63, 0x61, 0x74, 0x69, 0x6f, 0x6e, 0x28, //  main(@location(
	0x30, 0x75, 0x29, 0x20, 0x76, 0x5f, 0x63, 0x6f, 0x6c, 0x6f, 0x72, 0x30, 0x20, 0x3a, 0x20, 0x76, // 0u) v_color0 : v
	0x65, 0x63, 0x34, 0x3c, 0x66, 0x33, 0x32, 0x3e, 0x2c, 0x20, 0x40, 0x6c, 0x6f, 0x63, 0x61, 0x74, // ec4<f32>, @locat
	0x69, 0x6f, 0x6e, 0x28, 0x32, 0x75, 0x29, 0x20, 0x76, 0x5f, 0x74, 0x65, 0x78, 0x63, 0x6f, 0x6f, // ion(2u) v_texcoo
	0x72, 0x64, 0x30, 0x20, 0x3a, 0x20, 0x76, 0x65, 0x63, 0x34, 0x3c, 0x66, 0x33, 0x32, 0x3e, 0x2c, // rd0 : vec4<f32>,
	0x20, 0x40, 0x6c, 0x6f, 0x63, 0x61, 0x74, 0x69, 0x6f, 0x6e, 0x28, 0x33, 0x75, 0x29, 0x20, 0x76, //  @location(3u) v
	0x5f, 0x74, 0x65, 0x78, 0x63, 0x6f, 0x6f, 0x72, 0x64, 0x31, 0x20, 0x3a, 0x20, 0x76, 0x65, 0x63, // _texcoord1 : vec
	0x34, 0x3c, 0x66, 0x33, 0x32, 0x3e, 0x2c, 0x20, 0x40, 0x6c, 0x6f, 0x63, 0x61, 0x74, 0x69, 0x6f, // 4<f32>, @locatio
	0x6e, 0x28, 0x34, 0x75, 0x29, 0x20, 0x76, 0x5f, 0x74, 0x65, 0x78, 0x63, 0x6f, 0x6f, 0x72, 0x64, // n(4u) v_texcoord
	0x32, 0x20, 0x3a, 0x20, 0x76, 0x65, 0x63, 0x34, 0x3c, 0x66, 0x33, 0x32, 0x3e, 0x29, 0x20, 0x2d, // 2 : vec4<f32>) -
	0x3e, 0x20, 0x40, 0x6c, 0x6f, 0x63, 0x61, 0x74, 0x69, 0x6f, 0x6e, 0x28, 0x30, 0x75, 0x29, 0x20, // > @location(0u) 
	0x76, 0x65, 0x63, 0x34, 0x3c, 0x66, 0x33, 0x32, 0x3e, 0x20, 0x7b, 0x0a, 0x20, 0x20, 0x6d, 0x61, // vec4<f32> {.  ma
	0x69, 0x6e, 0x5f, 0x69, 0x6e, 0x6e, 0x65, 0x72, 0x28, 0x76, 0x5f, 0x63, 0x6f, 0x6c, 0x6f, 0x72, // in_inner(v_color
	0x30, 0x2c, 0x20, 0x76, 0x5f, 0x74, 0x65, 0x78, 0x63, 0x6f, 0x6f, 0x72, 0x64, 0x30, 0x2c, 0x20, // 0, v_texcoord0, 
	0x76, 0x5f, 0x74, 0x65, 0x78, 0x63, 0x6f, 0x6f, 0x72, 0x64, 0x31, 0x2c, 0x20, 0x76, 0x5f, 0x74, // v_texcoord1, v_t
	0x65, 0x78, 0x63, 0x6f, 0x6f, 0x72, 0x64, 0x32, 0x29, 0x3b, 0x0a, 0x20, 0x20, 0x72, 0x65, 0x74, // excoord2);.  ret
	0x75, 0x72, 0x6e, 0x20, 0x62, 0x67, 0x66, 0x78, 0x5f, 0x46, 0x72, 0x61, 0x67, 0x44, 0x61, 0x74, // urn bgfx_FragDat
	0x61, 0x30, 0x3b, 0x0a, 0x7d, 0x0a, 0x00, 0x00, 0x10, 0x00, 0x10, 0x00,                         // a0;.}.......
};
static const uint8_t fs_font_distance_field_drop_shadow_image_dxbc[2270] =
{
	0x46, 0x53, 0x48, 0x0c, 0x9e, 0x67, 0x7a, 0xc3, 0x00, 0x00, 0x00, 0x00, 0x00, 0x00, 0x00, 0x00, // FSH..gz.........
	0x00, 0x00, 0x00, 0x00, 0x02, 0x00, 0x08, 0x75, 0x5f, 0x70, 0x61, 0x72, 0x61, 0x6d, 0x73, 0x12, // .......u_params.
	0x00, 0x00, 0x00, 0x01, 0x00, 0x00, 0x00, 0x00, 0x00, 0x0a, 0x73, 0x5f, 0x74, 0x65, 0x78, 0x43, // ..........s_texC
	0x6f, 0x6c, 0x6f, 0x72, 0x30, 0x01, 0x00, 0x00, 0x01, 0x00, 0x00, 0x04, 0x00, 0x00, 0x98, 0x08, // olor0...........
	0x00, 0x00, 0x44, 0x58, 0x42, 0x43, 0xf4, 0xd3, 0x2e, 0xbd, 0x5e, 0x11, 0x02, 0xf0, 0x8d, 0x57, // ..DXBC....^....W
	0x5d, 0x24, 0x58, 0xa5, 0xfa, 0xe1, 0x01, 0x00, 0x00, 0x00, 0x98, 0x08, 0x00, 0x00, 0x03, 0x00, // ]$X.............
	0x00, 0x00, 0x2c, 0x00, 0x00, 0x00, 0xe8, 0x00, 0x00, 0x00, 0x1c, 0x01, 0x00, 0x00, 0x49, 0x53, // ..,...........IS
	0x47, 0x4e, 0xb4, 0x00, 0x00, 0x00, 0x06, 0x00, 0x00, 0x00, 0x08, 0x00, 0x00, 0x00, 0x98, 0x00, // GN..............
	0x00, 0x00, 0x00, 0x00, 0x00, 0x00, 0x01, 0x00, 0x00, 0x00, 0x03, 0x00, 0x00, 0x00, 0x00, 0x00, // ................
	0x00, 0x00, 0x0f, 0x00, 0x00, 0x00, 0xa4, 0x00, 0x00, 0x00, 0x00, 0x00, 0x00, 0x00, 0x00, 0x00, // ................
	0x00, 0x00, 0x03, 0x00, 0x00, 0x00, 0x01, 0x00, 0x00, 0x00, 0x0f, 0x0f, 0x00, 0x00, 0xa4, 0x00, // ................
	0x00, 0x00, 0x01, 0x00, 0x00, 0x00, 0x00, 0x00, 0x00, 0x00, 0x03, 0x00, 0x00, 0x00, 0x02, 0x00, // ................
	0x00, 0x00, 0x0f, 0x00, 0x00, 0x00, 0xaa, 0x00, 0x00, 0x00, 0x00, 0x00, 0x00, 0x00, 0x00, 0x00, // ................
	0x00, 0x00, 0x03, 0x00, 0x00, 0x00, 0x03, 0x00, 0x00, 0x00, 0x0f, 0x0f, 0x00, 0x00, 0xaa, 0x00, // ................
	0x00, 0x00, 0x01, 0x00, 0x00, 0x00, 0x00, 0x00, 0x00, 0x00, 0x03, 0x00, 0x00, 0x00, 0x04, 0x00, // ................
	0x00, 0x00, 0x0f, 0x07, 0x00, 0x00, 0xaa, 0x00, 0x00, 0x00, 0x02, 0x00, 0x00, 0x00, 0x00, 0x00, // ................
	0x00, 0x00, 0x03, 0x00, 0x00, 0x00, 0x05, 0x00, 0x00, 0x00, 0x0f, 0x0f, 0x00, 0x00, 0x53, 0x56, // ..............SV
	0x5f, 0x50, 0x4f, 0x53, 0x49, 0x54, 0x49, 0x4f, 0x4e, 0x00, 0x43, 0x4f, 0x4c, 0x4f, 0x52, 0x00, // _POSITION.COLOR.
	0x54, 0x45, 0x58, 0x43, 0x4f, 0x4f, 0x52, 0x44, 0x00, 0xab, 0x4f, 0x53, 0x47, 0x4e, 0x2c, 0x00, // TEXCOORD..OSGN,.
	0x00, 0x00, 0x01, 0x00, 0x00, 0x00, 0x08, 0x00, 0x00, 0x00, 0x20, 0x00, 0x00, 0x00, 0x00, 0x00, // .......... .....
	0x00, 0x00, 0x00, 0x00, 0x00, 0x00, 0x03, 0x00, 0x00, 0x00, 0x00, 0x00, 0x00, 0x00, 0x0f, 0x00, // ................
	0x00, 0x00, 0x53, 0x56, 0x5f, 0x54, 0x41, 0x52, 0x47, 0x45, 0x54, 0x00, 0xab, 0xab, 0x53, 0x48, // ..SV_TARGET...SH
	0x45, 0x58, 0x74, 0x07, 0x00, 0x00, 0x50, 0x00, 0x00, 0x00, 0xdd, 0x01, 0x00, 0x00, 0x6a, 0x08, // EXt...P.......j.
	0x00, 0x01, 0x59, 0x00, 0x00, 0x04, 0x46, 0x8e, 0x20, 0x00, 0x00, 0x00, 0x00, 0x00, 0x01, 0x00, // ..Y...F. .......
	0x00, 0x00, 0x5a, 0x00, 0x00, 0x03, 0x00, 0x60, 0x10, 0x00, 0x00, 0x00, 0x00, 0x00, 0x58, 0x30, // ..Z....`......X0
	0x00, 0x04, 0x00, 0x70, 0x10, 0x00, 0x00, 0x00, 0x00, 0x00, 0x55, 0x55, 0x00, 0x00, 0x62, 0x10, // ...p......UU..b.
	0x00, 0x03, 0xf2, 0x10, 0x10, 0x00, 0x01, 0x00, 0x00, 0x00, 0x62, 0x10, 0x00, 0x03, 0xf2, 0x10, // ..........b.....
	0x10, 0x00, 0x03, 0x00, 0x00, 0x00, 0x62, 0x10, 0x00, 0x03, 0x72, 0x10, 0x10, 0x00, 0x04, 0x00, // ......b...r.....
	0x00, 0x00, 0x62, 0x10, 0x00, 0x03, 0xf2, 0x10, 0x10, 0x00, 0x05, 0x00, 0x00, 0x00, 0x65, 0x00, // ..b...........e.
	0x00, 0x03, 0xf2, 0x20, 0x10, 0x00, 0x00, 0x00, 0x00, 0x00, 0x68, 0x00, 0x00, 0x02, 0x02, 0x00, // ... ......h.....
	0x00, 0x00, 0x69, 0x00, 0x00, 0x04, 0x00, 0x00, 0x00, 0x00, 0x04, 0x00, 0x00, 0x00, 0x04, 0x00, // ..i.............
	0x00, 0x00, 0x69, 0x00, 0x00, 0x04, 0x01, 0x00, 0x00, 0x00, 0x04, 0x00, 0x00, 0x00, 0x04, 0x00, // ..i.............
	0x00, 0x00, 0x18, 0x00, 0x00, 0x0a, 0x72, 0x00, 0x10, 0x00, 0x00, 0x00, 0x00, 0x00, 0x46, 0x12, // ......r.......F.
	0x10, 0x00, 0x05, 0x00, 0x00, 0x00, 0x02, 0x40, 0x00, 0x00, 0x00, 0x00, 0x00, 0x00, 0x00, 0x00, // .......@........
	0x00, 0x00, 0x00, 0x00, 0x00, 0x00, 0x00, 0x00, 0x00, 0x00, 0x3c, 0x00, 0x00, 0x07, 0x12, 0x00, // ..........<.....
	0x10, 0x00, 0x00, 0x00, 0x00, 0x00, 0x1a, 0x00, 0x10, 0x00, 0x00, 0x00, 0x00, 0x00, 0x0a, 0x00, // ................
	0x10, 0x00, 0x00, 0x00, 0x00, 0x00, 0x3c, 0x00, 0x00, 0x07, 0x12, 0x00, 0x10, 0x00, 0x00, 0x00, // ......<.........
	0x00, 0x00, 0x2a, 0x00, 0x10, 0x00, 0x00, 0x00, 0x00, 0x00, 0x0a, 0x00, 0x10, 0x00, 0x00, 0x00, // ..*.............
	0x00, 0x00, 0x1f, 0x00, 0x00, 0x03, 0x0a, 0x00, 0x10, 0x00, 0x00, 0x00, 0x00, 0x00, 0x45, 0x00, // ..............E.
	0x00, 0x8b, 0x82, 0x01, 0x00, 0x80, 0x43, 0x55, 0x15, 0x00, 0xf2, 0x00, 0x10, 0x00, 0x00, 0x00, // ......CU........
	0x00, 0x00, 0x46, 0x12, 0x10, 0x00, 0x05, 0x00, 0x00, 0x00, 0x46, 0x7e, 0x10, 0x00, 0x00, 0x00, // ..F.......F~....
	0x00, 0x00, 0x00, 0x60, 0x10, 0x00, 0x00, 0x00, 0x00, 0x00, 0x32, 0x00, 0x00, 0x09, 0x12, 0x00, // ...`......2.....
	0x10, 0x00, 0x01, 0x00, 0x00, 0x00, 0x3a, 0x10, 0x10, 0x00, 0x05, 0x00, 0x00, 0x00, 0x01, 0x40, // ......:........@
	0x00, 0x00, 0x00, 0x00, 0x80, 0x40, 0x01, 0x40, 0x00, 0x00, 0x00, 0x00, 0x00, 0x3f, 0x1b, 0x00, // .....@.@.....?..
	0x00, 0x05, 0x12, 0x00, 0x10, 0x00, 0x01, 0x00, 0x00, 0x00, 0x0a, 0x00, 0x10, 0x00, 0x01, 0x00, // ................
	0x00, 0x00, 0x36, 0x00, 0x00, 0x06, 0x12, 0x30, 0x20, 0x00, 0x00, 0x00, 0x00, 0x00, 0x00, 0x00, // ..6....0 .......
	0x00, 0x00, 0x2a, 0x00, 0x10, 0x00, 0x00, 0x00, 0x00, 0x00, 0x36, 0x00, 0x00, 0x06, 0x12, 0x30, // ..*.......6....0
	0x20, 0x00, 0x00, 0x00, 0x00, 0x00, 0x01, 0x00, 0x00, 0x00, 0x1a, 0x00, 0x10, 0x00, 0x00, 0x00, //  ...............
	0x00, 0x00, 0x36, 0x00, 0x00, 0x06, 0x12, 0x30, 0x20, 0x00, 0x00, 0x00, 0x00, 0x00, 0x02, 0x00, // ..6....0 .......
	0x00, 0x00, 0x0a, 0x00, 0x10, 0x00, 0x00, 0x00, 0x00, 0x00, 0x36, 0x00, 0x00, 0x06, 0x12, 0x30, // ..........6....0
	0x20, 0x00, 0x00, 0x00, 0x00, 0x00, 0x03, 0x00, 0x00, 0x00, 0x3a, 0x00, 0x10, 0x00, 0x00, 0x00, //  .........:.....
	0x00, 0x00, 0x36, 0x00, 0x00, 0x07, 0x12, 0x00, 0x10, 0x00, 0x00, 0x00, 0x00, 0x00, 0x0a, 0x30, // ..6............0
	0x20, 0x04, 0x00, 0x00, 0x00, 0x00, 0x0a, 0x00, 0x10, 0x00, 0x01, 0x00, 0x00, 0x00, 0x7a, 0x00, //  .............z.
	0x00, 0x05, 0xe2, 0x00, 0x10, 0x00, 0x00, 0x00, 0x00, 0x00, 0x06, 0x19, 0x10, 0x00, 0x05, 0x00, // ................
	0x00, 0x00, 0x7c, 0x00, 0x00, 0x05, 0x72, 0x00, 0x10, 0x00, 0x01, 0x00, 0x00, 0x00, 0x46, 0x12, // ..|...r.......F.
	0x10, 0x00, 0x05, 0x00, 0x00, 0x00, 0x00, 0x00, 0x00, 0x09, 0xe2, 0x00, 0x10, 0x00, 0x00, 0x00, // ................
	0x00, 0x00, 0x56, 0x0e, 0x10, 0x80, 0x81, 0x00, 0x00, 0x00, 0x00, 0x00, 0x00, 0x00, 0x06, 0x09, // ..V.............
	0x10, 0x80, 0x81, 0x00, 0x00, 0x00, 0x01, 0x00, 0x00, 0x00, 0x10, 0x00, 0x00, 0x07, 0x22, 0x00, // ..............".
	0x10, 0x00, 0x00, 0x00, 0x00, 0x00, 0x96, 0x07, 0x10, 0x00, 0x00, 0x00, 0x00, 0x00, 0x96, 0x07, // ................
	0x10, 0x00, 0x00, 0x00, 0x00, 0x00, 0x4b, 0x00, 0x00, 0x05, 0x22, 0x00, 0x10, 0x00, 0x00, 0x00, // ......K...".....
	0x00, 0x00, 0x1a, 0x00, 0x10, 0x00, 0x00, 0x00, 0x00, 0x00, 0x38, 0x00, 0x00, 0x08, 0x22, 0x00, // ..........8...".
	0x10, 0x00, 0x00, 0x00, 0x00, 0x00, 0x1a, 0x00, 0x10, 0x00, 0x00, 0x00, 0x00, 0x00, 0x1a, 0x80, // ................
	0x20, 0x00, 0x00, 0x00, 0x00, 0x00, 0x00, 0x00, 0x00, 0x00, 0x38, 0x00, 0x00, 0x08, 0x22, 0x00, //  .........8...".
	0x10, 0x00, 0x00, 0x00, 0x00, 0x00, 0x1a, 0x00, 0x10, 0x00, 0x00, 0x00, 0x00, 0x00, 0x2a, 0x80, // ..............*.
	0x20, 0x00, 0x00, 0x00, 0x00, 0x00, 0x00, 0x00, 0x00, 0x00, 0x32, 0x00, 0x00, 0x0a, 0x42, 0x00, //  .........2...B.
	0x10, 0x00, 0x00, 0x00, 0x00, 0x00, 0x1a, 0x00, 0x10, 0x80, 0x41, 0x00, 0x00, 0x00, 0x00, 0x00, // ..........A.....
	0x00, 0x00, 0x01, 0x40, 0x00, 0x00, 0xf3, 0x04, 0x35, 0x41, 0x01, 0x40, 0x00, 0x00, 0x00, 0x00, // ...@....5A.@....
	0x00, 0x3f, 0x32, 0x00, 0x00, 0x09, 0x22, 0x00, 0x10, 0x00, 0x00, 0x00, 0x00, 0x00, 0x1a, 0x00, // .?2...".........
	0x10, 0x00, 0x00, 0x00, 0x00, 0x00, 0x01, 0x40, 0x00, 0x00, 0xf3, 0x04, 0x35, 0x41, 0x01, 0x40, // .......@....5A.@
	0x00, 0x00, 0x00, 0x00, 0x00, 0x3f, 0x00, 0x00, 0x00, 0x08, 0x32, 0x00, 0x10, 0x00, 0x00, 0x00, // .....?....2.....
	0x00, 0x00, 0xa6, 0x0a, 0x10, 0x80, 0x41, 0x00, 0x00, 0x00, 0x00, 0x00, 0x00, 0x00, 0x46, 0x00, // ......A.......F.
	0x10, 0x00, 0x00, 0x00, 0x00, 0x00, 0x0e, 0x00, 0x00, 0x0a, 0x22, 0x00, 0x10, 0x00, 0x00, 0x00, // ..........".....
	0x00, 0x00, 0x02, 0x40, 0x00, 0x00, 0x00, 0x00, 0x80, 0x3f, 0x00, 0x00, 0x80, 0x3f, 0x00, 0x00, // ...@.....?...?..
	0x80, 0x3f, 0x00, 0x00, 0x80, 0x3f, 0x1a, 0x00, 0x10, 0x00, 0x00, 0x00, 0x00, 0x00, 0x38, 0x20, // .?...?........8 
	0x00, 0x07, 0x12, 0x00, 0x10, 0x00, 0x00, 0x00, 0x00, 0x00, 0x1a, 0x00, 0x10, 0x00, 0x00, 0x00, // ................
	0x00, 0x00, 0x0a, 0x00, 0x10, 0x00, 0x00, 0x00, 0x00, 0x00, 0x32, 0x00, 0x00, 0x09, 0x22, 0x00, // ..........2...".
	0x10, 0x00, 0x00, 0x00, 0x00, 0x00, 0x0a, 0x00, 0x10, 0x00, 0x00, 0x00, 0x00, 0x00, 0x01, 0x40, // ...............@
	0x00, 0x00, 0x00, 0x00, 0x00, 0xc0, 0x01, 0x40, 0x00, 0x00, 0x00, 0x00, 0x40, 0x40, 0x38, 0x00, // .......@....@@8.
	0x00, 0x07, 0x12, 0x00, 0x10, 0x00, 0x00, 0x00, 0x00, 0x00, 0x0a, 0x00, 0x10, 0x00, 0x00, 0x00, // ................
	0x00, 0x00, 0x0a, 0x00, 0x10, 0x00, 0x00, 0x00, 0x00, 0x00, 0x38, 0x00, 0x00, 0x07, 0x12, 0x00, // ..........8.....
	0x10, 0x00, 0x00, 0x00, 0x00, 0x00, 0x0a, 0x00, 0x10, 0x00, 0x00, 0x00, 0x00, 0x00, 0x1a, 0x00, // ................
	0x10, 0x00, 0x00, 0x00, 0x00, 0x00, 0x38, 0x00, 0x00, 0x07, 0x82, 0x20, 0x10, 0x00, 0x00, 0x00, // ......8.... ....
	0x00, 0x00, 0x0a, 0x00, 0x10, 0x00, 0x00, 0x00, 0x00, 0x00, 0x3a, 0x10, 0x10, 0x00, 0x01, 0x00, // ..........:.....
	0x00, 0x00, 0x36, 0x00, 0x00, 0x05, 0x72, 0x20, 0x10, 0x00, 0x00, 0x00, 0x00, 0x00, 0x46, 0x12, // ..6...r ......F.
	0x10, 0x00, 0x01, 0x00, 0x00, 0x00, 0x3e, 0x00, 0x00, 0x01, 0x15, 0x00, 0x00, 0x01, 0x18, 0x00, // ......>.........
	0x00, 0x0a, 0x72, 0x00, 0x10, 0x00, 0x00, 0x00, 0x00, 0x00, 0x46, 0x12, 0x10, 0x00, 0x03, 0x00, // ..r.......F.....
	0x00, 0x00, 0x02, 0x40, 0x00, 0x00, 0x00, 0x00, 0x00, 0x00, 0x00, 0x00, 0x00, 0x00, 0x00, 0x00, // ...@............
	0x00, 0x00, 0x00, 0x00, 0x00, 0x00, 0x3c, 0x00, 0x00, 0x07, 0x12, 0x00, 0x10, 0x00, 0x00, 0x00, // ......<.........
	0x00, 0x00, 0x1a, 0x00, 0x10, 0x00, 0x00, 0x00, 0x00, 0x00, 0x0a, 0x00, 0x10, 0x00, 0x00, 0x00, // ................
	0x00, 0x00, 0x3c, 0x00, 0x00, 0x07, 0x12, 0x00, 0x10, 0x00, 0x00, 0x00, 0x00, 0x00, 0x2a, 0x00, // ..<...........*.
	0x10, 0x00, 0x00, 0x00, 0x00, 0x00, 0x0a, 0x00, 0x10, 0x00, 0x00, 0x00, 0x00, 0x00, 0x1f, 0x00, // ................
	0x04, 0x03, 0x0a, 0x00, 0x10, 0x00, 0x00, 0x00, 0x00, 0x00, 0x45, 0x00, 0x00, 0x8b, 0x82, 0x01, // ..........E.....
	0x00, 0x80, 0x43, 0x55, 0x15, 0x00, 0xf2, 0x00, 0x10, 0x00, 0x00, 0x00, 0x00, 0x00, 0x46, 0x12, // ..CU..........F.
	0x10, 0x00, 0x04, 0x00, 0x00, 0x00, 0x46, 0x7e, 0x10, 0x00, 0x00, 0x00, 0x00, 0x00, 0x00, 0x60, // ......F~.......`
	0x10, 0x00, 0x00, 0x00, 0x00, 0x00, 0x38, 0x00, 0x00, 0x07, 0x82, 0x20, 0x10, 0x00, 0x00, 0x00, // ......8.... ....
	0x00, 0x00, 0x3a, 0x00, 0x10, 0x00, 0x00, 0x00, 0x00, 0x00, 0x3a, 0x10, 0x10, 0x00, 0x01, 0x00, // ..:.......:.....
	0x00, 0x00, 0x36, 0x00, 0x00, 0x05, 0x72, 0x20, 0x10, 0x00, 0x00, 0x00, 0x00, 0x00, 0x46, 0x02, // ..6...r ......F.
	0x10, 0x00, 0x00, 0x00, 0x00, 0x00, 0x3e, 0x00, 0x00, 0x01, 0x15, 0x00, 0x00, 0x01, 0x45, 0x00, // ......>.......E.
	0x00, 0x8b, 0x82, 0x01, 0x00, 0x80, 0x43, 0x55, 0x15, 0x00, 0xf2, 0x00, 0x10, 0x00, 0x00, 0x00, // ......CU........
	0x00, 0x00, 0x46, 0x12, 0x10, 0x00, 0x03, 0x00, 0x00, 0x00, 0x46, 0x7e, 0x10, 0x00, 0x00, 0x00, // ..F.......F~....
	0x00, 0x00, 0x00, 0x60, 0x10, 0x00, 0x00, 0x00, 0x00, 0x00, 0x32, 0x00, 0x00, 0x09, 0x12, 0x00, // ...`......2.....
	0x10, 0x00, 0x01, 0x00, 0x00, 0x00, 0x3a, 0x10, 0x10, 0x00, 0x03, 0x00, 0x00, 0x00, 0x01, 0x40, // ......:........@
	0x00, 0x00, 0x00, 0x00, 0x80, 0x40, 0x01, 0x40, 0x00, 0x00, 0x00, 0x00, 0x00, 0x3f, 0x1b, 0x00, // .....@.@.....?..
	0x00, 0x05, 0x12, 0x00, 0x10, 0x00, 0x01, 0x00, 0x00, 0x00, 0x0a, 0x00, 0x10, 0x00, 0x01, 0x00, // ................
	0x00, 0x00, 0x36, 0x00, 0x00, 0x06, 0x12, 0x30, 0x20, 0x00, 0x01, 0x00, 0x00, 0x00, 0x00, 0x00, // ..6....0 .......
	0x00, 0x00, 0x2a, 0x00, 0x10, 0x00, 0x00, 0x00, 0x00, 0x00, 0x36, 0x00, 0x00, 0x06, 0x12, 0x30, // ..*.......6....0
	0x20, 0x00, 0x01, 0x00, 0x00, 0x00, 0x01, 0x00, 0x00, 0x00, 0x1a, 0x00, 0x10, 0x00, 0x00, 0x00, //  ...............
	0x00, 0x00, 0x36, 0x00, 0x00, 0x06, 0x12, 0x30, 0x20, 0x00, 0x01, 0x00, 0x00, 0x00, 0x02, 0x00, // ..6....0 .......
	0x00, 0x00, 0x0a, 0x00, 0x10, 0x00, 0x00, 0x00, 0x00, 0x00, 0x36, 0x00, 0x00, 0x06, 0x12, 0x30, // ..........6....0
	0x20, 0x00, 0x01, 0x00, 0x00, 0x00, 0x03, 0x00, 0x00, 0x00, 0x3a, 0x00, 0x10, 0x00, 0x00, 0x00, //  .........:.....
	0x00, 0x00, 0x36, 0x00, 0x00, 0x07, 0x12, 0x00, 0x10, 0x00, 0x00, 0x00, 0x00, 0x00, 0x0a, 0x30, // ..6............0
	0x20, 0x04, 0x01, 0x00, 0x00, 0x00, 0x0a, 0x00, 0x10, 0x00, 0x01, 0x00, 0x00, 0x00, 0x7a, 0x00, //  .............z.
	0x00, 0x05, 0xe2, 0x00, 0x10, 0x00, 0x00, 0x00, 0x00, 0x00, 0x06, 0x19, 0x10, 0x00, 0x03, 0x00, // ................
	0x00, 0x00, 0x7c, 0x00, 0x00, 0x05, 0x72, 0x00, 0x10, 0x00, 0x01, 0x00, 0x00, 0x00, 0x46, 0x12, // ..|...r.......F.
	0x10, 0x00, 0x03, 0x00, 0x00, 0x00, 0x00, 0x00, 0x00, 0x09, 0xe2, 0x00, 0x10, 0x00, 0x00, 0x00, // ................
	0x00, 0x00, 0x56, 0x0e, 0x10, 0x80, 0x81, 0x00, 0x00, 0x00, 0x00, 0x00, 0x00, 0x00, 0x06, 0x09, // ..V.............
	0x10, 0x80, 0x81, 0x00, 0x00, 0x00, 0x01, 0x00, 0x00, 0x00, 0x10, 0x00, 0x00, 0x07, 0x22, 0x00, // ..............".
	0x10, 0x00, 0x00, 0x00, 0x00, 0x00, 0x96, 0x07, 0x10, 0x00, 0x00, 0x00, 0x00, 0x00, 0x96, 0x07, // ................
	0x10, 0x00, 0x00, 0x00, 0x00, 0x00, 0x4b, 0x00, 0x00, 0x05, 0x22, 0x00, 0x10, 0x00, 0x00, 0x00, // ......K...".....
	0x00, 0x00, 0x1a, 0x00, 0x10, 0x00, 0x00, 0x00, 0x00, 0x00, 0x38, 0x00, 0x00, 0x08, 0x22, 0x00, // ..........8...".
	0x10, 0x00, 0x00, 0x00, 0x00, 0x00, 0x1a, 0x00, 0x10, 0x00, 0x00, 0x00, 0x00, 0x00, 0x1a, 0x80, // ................
	0x20, 0x00, 0x00, 0x00, 0x00, 0x00, 0x00, 0x00, 0x00, 0x00, 0x32, 0x00, 0x00, 0x0a, 0x42, 0x00, //  .........2...B.
	0x10, 0x00, 0x00, 0x00, 0x00, 0x00, 0x1a, 0x00, 0x10, 0x80, 0x41, 0x00, 0x00, 0x00, 0x00, 0x00, // ..........A.....
	0x00, 0x00, 0x01, 0x40, 0x00, 0x00, 0xf3, 0x04, 0x35, 0x41, 0x01, 0x40, 0x00, 0x00, 0x00, 0x00, // ...@....5A.@....
	0x00, 0x3f, 0x32, 0x00, 0x00, 0x09, 0x22, 0x00, 0x10, 0x00, 0x00, 0x00, 0x00, 0x00, 0x1a, 0x00, // .?2...".........
	0x10, 0x00, 0x00, 0x00, 0x00, 0x00, 0x01, 0x40, 0x00, 0x00, 0xf3, 0x04, 0x35, 0x41, 0x01, 0x40, // .......@....5A.@
	0x00, 0x00, 0x00, 0x00, 0x00, 0x3f, 0x00, 0x00, 0x00, 0x08, 0x32, 0x00, 0x10, 0x00, 0x00, 0x00, // .....?....2.....
	0x00, 0x00, 0xa6, 0x0a, 0x10, 0x80, 0x41, 0x00, 0x00, 0x00, 0x00, 0x00, 0x00, 0x00, 0x46, 0x00, // ......A.......F.
	0x10, 0x00, 0x00, 0x00, 0x00, 0x00, 0x0e, 0x00, 0x00, 0x0a, 0x22, 0x00, 0x10, 0x00, 0x00, 0x00, // ..........".....
	0x00, 0x00, 0x02, 0x40, 0x00, 0x00, 0x00, 0x00, 0x80, 0x3f, 0x00, 0x00, 0x80, 0x3f, 0x00, 0x00, // ...@.....?...?..
	0x80, 0x3f, 0x00, 0x00, 0x80, 0x3f, 0x1a, 0x00, 0x10, 0x00, 0x00, 0x00, 0x00, 0x00, 0x38, 0x20, // .?...?........8 
	0x00, 0x07, 0x12, 0x00, 0x10, 0x00, 0x00, 0x00, 0x00, 0x00, 0x1a, 0x00, 0x10, 0x00, 0x00, 0x00, // ................
	0x00, 0x00, 0x0a, 0x00, 0x10, 0x00, 0x00, 0x00, 0x00, 0x00, 0x32, 0x00, 0x00, 0x09, 0x22, 0x00, // ..........2...".
	0x10, 0x00, 0x00, 0x00, 0x00, 0x00, 0x0a, 0x00, 0x10, 0x00, 0x00, 0x00, 0x00, 0x00, 0x01, 0x40, // ...............@
	0x00, 0x00, 0x00, 0x00, 0x00, 0xc0, 0x01, 0x40, 0x00, 0x00, 0x00, 0x00, 0x40, 0x40, 0x38, 0x00, // .......@....@@8.
	0x00, 0x07, 0x12, 0x00, 0x10, 0x00, 0x00, 0x00, 0x00, 0x00, 0x0a, 0x00, 0x10, 0x00, 0x00, 0x00, // ................
	0x00, 0x00, 0x0a, 0x00, 0x10, 0x00, 0x00, 0x00, 0x00, 0x00, 0x38, 0x00, 0x00, 0x07, 0x12, 0x00, // ..........8.....
	0x10, 0x00, 0x00, 0x00, 0x00, 0x00, 0x0a, 0x00, 0x10, 0x00, 0x00, 0x00, 0x00, 0x00, 0x1a, 0x00, // ................
	0x10, 0x00, 0x00, 0x00, 0x00, 0x00, 0x38, 0x00, 0x00, 0x07, 0x82, 0x20, 0x10, 0x00, 0x00, 0x00, // ......8.... ....
	0x00, 0x00, 0x0a, 0x00, 0x10, 0x00, 0x00, 0x00, 0x00, 0x00, 0x3a, 0x10, 0x10, 0x00, 0x01, 0x00, // ..........:.....
	0x00, 0x00, 0x36, 0x00, 0x00, 0x05, 0x72, 0x20, 0x10, 0x00, 0x00, 0x00, 0x00, 0x00, 0x46, 0x12, // ..6...r ......F.
	0x10, 0x00, 0x01, 0x00, 0x00, 0x00, 0x3e, 0x00, 0x00, 0x01, 0x00, 0x00, 0x10, 0x00,             // ......>.......
};
static const uint8_t fs_font_distance_field_drop_shadow_image_dxil[4194] =
{
	0x46, 0x53, 0x48, 0x0c, 0x9e, 0x67, 0x7a, 0xc3, 0x00, 0x00, 0x00, 0x00, 0x00, 0x00, 0x00, 0x00, // FSH..gz.........
	0x00, 0x00, 0x00, 0x00, 0x02, 0x00, 0x08, 0x75, 0x5f, 0x70, 0x61, 0x72, 0x61, 0x6d, 0x73, 0x12, // .......u_params.
	0x00, 0x00, 0x00, 0x01, 0x00, 0x00, 0x00, 0x00, 0x00, 0x0a, 0x73, 0x5f, 0x74, 0x65, 0x78, 0x43, // ..........s_texC
	0x6f, 0x6c, 0x6f, 0x72, 0x30, 0x01, 0x00, 0x00, 0x01, 0x00, 0x00, 0x04, 0x00, 0x00, 0x1c, 0x10, // olor0...........
	0x00, 0x00, 0x44, 0x58, 0x42, 0x43, 0x77, 0x51, 0x7c, 0xb3, 0x8a, 0x16, 0xc2, 0x09, 0x34, 0x2f, // ..DXBCwQ|.....4/
	0xee, 0xdc, 0x5f, 0x3b, 0xc2, 0x74, 0x01, 0x00, 0x00, 0x00, 0x1c, 0x10, 0x00, 0x00, 0x07, 0x00, // .._;.t..........
	0x00, 0x00, 0x3c, 0x00, 0x00, 0x00, 0x4c, 0x00, 0x00, 0x00, 0x38, 0x01, 0x00, 0x00, 0x74, 0x01, // ..<...L...8...t.
	0x00, 0x00, 0x20, 0x03, 0x00, 0x00, 0x54, 0x03, 0x00, 0x00, 0x70, 0x03, 0x00, 0x00, 0x53, 0x46, // .. ...T...p...SF
	0x49, 0x30, 0x08, 0x00, 0x00, 0x00, 0x00, 0x00, 0x00, 0x00, 0x00, 0x00, 0x00, 0x00, 0x49, 0x53, // I0............IS
	0x47, 0x31, 0xe4, 0x00, 0x00, 0x00, 0x06, 0x00, 0x00, 0x00, 0x08, 0x00, 0x00, 0x00, 0x00, 0x00, // G1..............
	0x00, 0x00, 0xc8, 0x00, 0x00, 0x00, 0x00, 0x00, 0x00, 0x00, 0x01, 0x00, 0x00, 0x00, 0x03, 0x00, // ................
	0x00, 0x00, 0x00, 0x00, 0x00, 0x00, 0x0f, 0x00, 0x00, 0x00, 0x00, 0x00, 0x00, 0x00, 0x00, 0x00, // ................
	0x00, 0x00, 0xd4, 0x00, 0x00, 0x00, 0x00, 0x00, 0x00, 0x00, 0x00, 0x00, 0x00, 0x00, 0x03, 0x00, // ................
	0x00, 0x00, 0x01, 0x00, 0x00, 0x00, 0x0f, 0x0f, 0x00, 0x00, 0x00, 0x00, 0x00, 0x00, 0x00, 0x00, // ................
	0x00, 0x00, 0xd4, 0x00, 0x00, 0x00, 0x01, 0x00, 0x00, 0x00, 0x00, 0x00, 0x00, 0x00, 0x03, 0x00, // ................
	0x00, 0x00, 0x02, 0x00, 0x00, 0x00, 0x0f, 0x00, 0x00, 0x00, 0x00, 0x00, 0x00, 0x00, 0x00, 0x00, // ................
	0x00, 0x00, 0xda, 0x00, 0x00, 0x00, 0x00, 0x00, 0x00, 0x00, 0x00, 0x00, 0x00, 0x00, 0x03, 0x00, // ................
	0x00, 0x00, 0x03, 0x00, 0x00, 0x00, 0x0f, 0x0f, 0x00, 0x00, 0x00, 0x00, 0x00, 0x00, 0x00, 0x00, // ................
	0x00, 0x00, 0xda, 0x00, 0x00, 0x00, 0x01, 0x00, 0x00, 0x00, 0x00, 0x00, 0x00, 0x00, 0x03, 0x00, // ................
	0x00, 0x00, 0x04, 0x00, 0x00, 0x00, 0x0f, 0x07, 0x00, 0x00, 0x00, 0x00, 0x00, 0x00, 0x00, 0x00, // ................
	0x00, 0x00, 0xda, 0x00, 0x00, 0x00, 0x02, 0x00, 0x00, 0x00, 0x00, 0x00, 0x00, 0x00, 0x03, 0x00, // ................
	0x00, 0x00, 0x05, 0x00, 0x00, 0x00, 0x0f, 0x0f, 0x00, 0x00, 0x00, 0x00, 0x00, 0x00, 0x53, 0x56, // ..............SV
	0x5f, 0x50, 0x6f, 0x73, 0x69, 0x74, 0x69, 0x6f, 0x6e, 0x00, 0x43, 0x4f, 0x4c, 0x4f, 0x52, 0x00, // _Position.COLOR.
	0x54, 0x45, 0x58, 0x43, 0x4f, 0x4f, 0x52, 0x44, 0x00, 0x00, 0x4f, 0x53, 0x47, 0x31, 0x34, 0x00, // TEXCOORD..OSG14.
	0x00, 0x00, 0x01, 0x00, 0x00, 0x00, 0x08, 0x00, 0x00, 0x00, 0x00, 0x00, 0x00, 0x00, 0x28, 0x00, // ..............(.
	0x00, 0x00, 0x00, 0x00, 0x00, 0x00, 0x40, 0x00, 0x00, 0x00, 0x03, 0x00, 0x00, 0x00, 0x00, 0x00, // ......@.........
	0x00, 0x00, 0x0f, 0x00, 0x00, 0x00, 0x00, 0x00, 0x00, 0x00, 0x53, 0x56, 0x5f, 0x54, 0x61, 0x72, // ..........SV_Tar
	0x67, 0x65, 0x74, 0x00, 0x00, 0x00, 0x50, 0x53, 0x56, 0x30, 0xa4, 0x01, 0x00, 0x00, 0x38, 0x00, // get...PSV0....8.
	0x00, 0x00, 0x00, 0x00, 0x00, 0x00, 0x00, 0x00, 0x00, 0x00, 0x00, 0x00, 0x00, 0x00, 0x00, 0x00, // ................
	0x00, 0x00, 0x00, 0x00, 0x00, 0x00, 0xff, 0xff, 0xff, 0xff, 0x00, 0x00, 0x00, 0x00, 0x06, 0x01, // ................
	0x00, 0x06, 0x01, 0x00, 0x00, 0x00, 0x00, 0x00, 0x00, 0x00, 0x00, 0x00, 0x00, 0x00, 0x00, 0x00, // ................
	0x00, 0x00, 0x28, 0x00, 0x00, 0x00, 0x00, 0x00, 0x00, 0x00, 0x03, 0x00, 0x00, 0x00, 0x18, 0x00, // ..(.............
	0x00, 0x00, 0x02, 0x00, 0x00, 0x00, 0x00, 0x00, 0x00, 0x00, 0x00, 0x00, 0x00, 0x00, 0x00, 0x00, // ................
	0x00, 0x00, 0x0d, 0x00, 0x00, 0x00, 0x00, 0x00, 0x00, 0x00, 0x01, 0x00, 0x00, 0x00, 0x00, 0x00, // ................
	0x00, 0x00, 0x00, 0x00, 0x00, 0x00, 0x00, 0x00, 0x00, 0x00, 0x0e, 0x00, 0x00, 0x00, 0x00, 0x00, // ................
	0x00, 0x00, 0x03, 0x00, 0x00, 0x00, 0x00, 0x00, 0x00, 0x00, 0x00, 0x00, 0x00, 0x00, 0x00, 0x00, // ................
	0x00, 0x00, 0x05, 0x00, 0x00, 0x00, 0x00, 0x00, 0x00, 0x00, 0x30, 0x00, 0x00, 0x00, 0x00, 0x43, // ..........0....C
	0x4f, 0x4c, 0x4f, 0x52, 0x00, 0x43, 0x4f, 0x4c, 0x4f, 0x52, 0x00, 0x54, 0x45, 0x58, 0x43, 0x4f, // OLOR.COLOR.TEXCO
	0x4f, 0x52, 0x44, 0x00, 0x54, 0x45, 0x58, 0x43, 0x4f, 0x4f, 0x52, 0x44, 0x00, 0x54, 0x45, 0x58, // ORD.TEXCOORD.TEX
	0x43, 0x4f, 0x4f, 0x52, 0x44, 0x00, 0x6d, 0x61, 0x69, 0x6e, 0x00, 0x00, 0x00, 0x00, 0x03, 0x00, // COORD.main......
	0x00, 0x00, 0x00, 0x00, 0x00, 0x00, 0x01, 0x00, 0x00, 0x00, 0x02, 0x00, 0x00, 0x00, 0x10, 0x00, // ................
	0x00, 0x00, 0x00, 0x00, 0x00, 0x00, 0x00, 0x00, 0x00, 0x00, 0x01, 0x00, 0x44, 0x03, 0x03, 0x04, // ............D...
	0x00, 0x00, 0x01, 0x00, 0x00, 0x00, 0x00, 0x00, 0x00, 0x00, 0x01, 0x01, 0x44, 0x00, 0x03, 0x02, // ............D...
	0x00, 0x00, 0x07, 0x00, 0x00, 0x00, 0x01, 0x00, 0x00, 0x00, 0x01, 0x02, 0x44, 0x00, 0x03, 0x02, // ............D...
	0x00, 0x00, 0x0d, 0x00, 0x00, 0x00, 0x00, 0x00, 0x00, 0x00, 0x01, 0x03, 0x44, 0x00, 0x03, 0x02, // ............D...
	0x00, 0x00, 0x16, 0x00, 0x00, 0x00, 0x01, 0x00, 0x00, 0x00, 0x01, 0x04, 0x44, 0x00, 0x03, 0x02, // ............D...
	0x00, 0x00, 0x1f, 0x00, 0x00, 0x00, 0x02, 0x00, 0x00, 0x00, 0x01, 0x05, 0x44, 0x00, 0x03, 0x02, // ............D...
	0x00, 0x00, 0x00, 0x00, 0x00, 0x00, 0x00, 0x00, 0x00, 0x00, 0x01, 0x00, 0x44, 0x10, 0x03, 0x00, // ............D...
	0x00, 0x00, 0x00, 0x00, 0x00, 0x00, 0x00, 0x00, 0x00, 0x00, 0x00, 0x00, 0x00, 0x00, 0x00, 0x00, // ................
	0x00, 0x00, 0x01, 0x00, 0x00, 0x00, 0x02, 0x00, 0x00, 0x00, 0x04, 0x00, 0x00, 0x00, 0x08, 0x00, // ................
	0x00, 0x00, 0x00, 0x00, 0x00, 0x00, 0x00, 0x00, 0x00, 0x00, 0x00, 0x00, 0x00, 0x00, 0x00, 0x00, // ................
	0x00, 0x00, 0x0f, 0x00, 0x00, 0x00, 0x0f, 0x00, 0x00, 0x00, 0x0f, 0x00, 0x00, 0x00, 0x08, 0x00, // ................
	0x00, 0x00, 0x0f, 0x00, 0x00, 0x00, 0x0f, 0x00, 0x00, 0x00, 0x0f, 0x00, 0x00, 0x00, 0x00, 0x00, // ................
	0x00, 0x00, 0x0f, 0x00, 0x00, 0x00, 0x0f, 0x00, 0x00, 0x00, 0x0f, 0x00, 0x00, 0x00, 0x08, 0x00, // ................
	0x00, 0x00, 0x49, 0x4c, 0x44, 0x4e, 0x2c, 0x00, 0x00, 0x00, 0x00, 0x00, 0x24, 0x00, 0x30, 0x66, // ..ILDN,.....$.0f
	0x36, 0x32, 0x39, 0x32, 0x61, 0x30, 0x62, 0x34, 0x30, 0x64, 0x66, 0x66, 0x63, 0x64, 0x37, 0x33, // 6292a0b40dffcd73
	0x35, 0x36, 0x33, 0x33, 0x63, 0x39, 0x32, 0x61, 0x32, 0x64, 0x37, 0x36, 0x35, 0x30, 0x2e, 0x70, // 5633c92a2d7650.p
	0x64, 0x62, 0x00, 0x00, 0x00, 0x00, 0x48, 0x41, 0x53, 0x48, 0x14, 0x00, 0x00, 0x00, 0x00, 0x00, // db....HASH......
	0x00, 0x00, 0x0f, 0x62, 0x92, 0xa0, 0xb4, 0x0d, 0xff, 0xcd, 0x73, 0x56, 0x33, 0xc9, 0x2a, 0x2d, // ...b......sV3.*-
	0x76, 0x50, 0x44, 0x58, 0x49, 0x4c, 0xa4, 0x0c, 0x00, 0x00, 0x60, 0x00, 0x00, 0x00, 0x29, 0x03, // vPDXIL....`...).
	0x00, 0x00, 0x44, 0x58, 0x49, 0x4c, 0x00, 0x01, 0x00, 0x00, 0x10, 0x00, 0x00, 0x00, 0x8c, 0x0c, // ..DXIL..........
	0x00, 0x00, 0x42, 0x43, 0xc0, 0xde, 0x21, 0x0c, 0x00, 0x00, 0x20, 0x03, 0x00, 0x00, 0x0b, 0x82, // ..BC..!... .....
	0x20, 0x00, 0x02, 0x00, 0x00, 0x00, 0x13, 0x00, 0x00, 0x00, 0x07, 0x81, 0x23, 0x91, 0x41, 0xc8, //  ...........#.A.
	0x04, 0x49, 0x06, 0x10, 0x32, 0x39, 0x92, 0x01, 0x84, 0x0c, 0x25, 0x05, 0x08, 0x19, 0x1e, 0x04, // .I..29....%.....
	0x8b, 0x62, 0x80, 0x18, 0x45, 0x02, 0x42, 0x92, 0x0b, 0x42, 0xc4, 0x10, 0x32, 0x14, 0x38, 0x08, // .b..E.B..B..2.8.
	0x18, 0x4b, 0x0a, 0x32, 0x62, 0x88, 0x48, 0x90, 0x14, 0x20, 0x43, 0x46, 0x88, 0xa5, 0x00, 0x19, // .K.2b.H.. CF....
	0x32, 0x42, 0xe4, 0x48, 0x0e, 0x90, 0x11, 0x23, 0xc4, 0x50, 0x41, 0x51, 0x81, 0x8c, 0xe1, 0x83, // 2B.H...#.PAQ....
	0xe5, 0x8a, 0x04, 0x31, 0x46, 0x06, 0x51, 0x18, 0x00, 0x00, 0x08, 0x00, 0x00, 0x00, 0x1b, 0x8c, // ...1F.Q.........
	0xe0, 0xff, 0xff, 0xff, 0xff, 0x07, 0x40, 0x02, 0xa8, 0x0d, 0x84, 0xf0, 0xff, 0xff, 0xff, 0xff, // ......@.........
	0x03, 0x20, 0x6d, 0x30, 0x86, 0xff, 0xff, 0xff, 0xff, 0x1f, 0x00, 0x09, 0xa8, 0x00, 0x49, 0x18, // . m0..........I.
	0x00, 0x00, 0x03, 0x00, 0x00, 0x00, 0x13, 0x82, 0x60, 0x42, 0x20, 0x4c, 0x08, 0x06, 0x00, 0x00, // ........`B L....
	0x00, 0x00, 0x89, 0x20, 0x00, 0x00, 0x42, 0x00, 0x00, 0x00, 0x32, 0x22, 0x88, 0x09, 0x20, 0x64, // ... ..B...2".. d
	0x85, 0x04, 0x13, 0x23, 0xa4, 0x84, 0x04, 0x13, 0x23, 0xe3, 0x84, 0xa1, 0x90, 0x14, 0x12, 0x4c, // ...#....#......L
	0x8c, 0x8c, 0x0b, 0x84, 0xc4, 0x4c, 0x10, 0x94, 0xc1, 0x08, 0x40, 0x09, 0x00, 0x0a, 0x66, 0x00, // .....L....@...f.
	0xe6, 0x08, 0xc0, 0x60, 0x8e, 0x00, 0x29, 0xc6, 0x40, 0x10, 0x44, 0x41, 0x90, 0x51, 0x0c, 0x80, // ...`..).@.DA.Q..
	0x20, 0x88, 0x62, 0x20, 0xa4, 0x0c, 0x03, 0x31, 0x90, 0x72, 0xd3, 0x70, 0xf9, 0x13, 0xf6, 0x10, //  .b ...1.r.p....
	0x92, 0xbf, 0x12, 0xd2, 0x4a, 0x4c, 0x7e, 0x71, 0xdb, 0xa8, 0x18, 0x86, 0x61, 0x20, 0xa8, 0xb8, // ....JL~q....a ..
	0x67, 0xb8, 0xfc, 0x09, 0x7b, 0x08, 0xc9, 0x0f, 0x81, 0x66, 0x58, 0x08, 0x14, 0x34, 0x85, 0x61, // g...{....fX..4.a
	0x08, 0xc7, 0x19, 0x86, 0x61, 0x20, 0x08, 0x62, 0xa0, 0xe7, 0xa8, 0xe1, 0xf2, 0x27, 0xec, 0x21, // ....a .b.....'.!
	0x24, 0x9f, 0xdb, 0xa8, 0x62, 0x25, 0x26, 0xbf, 0xb8, 0x6d, 0x44, 0x0c, 0xc3, 0x30, 0x14, 0x22, // $...b%&..mD..0."
	0x22, 0x1c, 0x82, 0xa4, 0x39, 0x82, 0xa0, 0x18, 0x0e, 0x51, 0x10, 0x04, 0x45, 0xd5, 0x40, 0xc0, // "...9....Q..E.@.
	0x30, 0x02, 0x31, 0xcc, 0x44, 0x06, 0xe3, 0xc0, 0x0e, 0xe1, 0x30, 0x0f, 0xf3, 0xe0, 0x06, 0xb4, // 0.1.D.....0.....
	0x50, 0x0e, 0xf8, 0x40, 0x0f, 0xf5, 0x20, 0x0f, 0xe5, 0x30, 0x0a, 0xf5, 0x20, 0x0e, 0xe5, 0xc0, // P..@.. ..0.. ...
	0x07, 0xf6, 0x50, 0x0e, 0xe3, 0x40, 0x0f, 0xef, 0x20, 0x0f, 0x7c, 0x60, 0x0e, 0xec, 0xf0, 0x0e, // ..P..@.. .|`....
	0xe1, 0x40, 0x0f, 0x6c, 0x00, 0x06, 0x74, 0xe0, 0x07, 0x60, 0xe0, 0x07, 0x28, 0xc0, 0x28, 0x9b, // .@.l..t..`..(.(.
	0x09, 0x21, 0x83, 0x53, 0x60, 0x87, 0x77, 0x10, 0x87, 0x70, 0x60, 0x87, 0x79, 0x40, 0x01, 0x46, // .!.S`.w..p`.y@.F
	0xdb, 0x4d, 0xd2, 0x14, 0x51, 0xc2, 0xe4, 0xb3, 0x00, 0xf3, 0x2c, 0x44, 0xc4, 0x4e, 0xc0, 0x44, // .M..Q.....,D.N.D
	0xa0, 0x80, 0xa0, 0x2e, 0x35, 0x88, 0x24, 0x18, 0x08, 0x9c, 0x02, 0xa0, 0x61, 0x8e, 0x00, 0x14, // ....5.$.....a...
	0x00, 0x00, 0x13, 0x14, 0x72, 0xc0, 0x87, 0x74, 0x60, 0x87, 0x36, 0x68, 0x87, 0x79, 0x68, 0x03, // ....r..t`.6h.yh.
	0x72, 0xc0, 0x87, 0x0d, 0xaf, 0x50, 0x0e, 0x6d, 0xd0, 0x0e, 0x7a, 0x50, 0x0e, 0x6d, 0x00, 0x0f, // r....P.m..zP.m..
	0x7a, 0x30, 0x07, 0x72, 0xa0, 0x07, 0x73, 0x20, 0x07, 0x6d, 0x90, 0x0e, 0x71, 0xa0, 0x07, 0x73, // z0.r..s .m..q..s
	0x20, 0x07, 0x6d, 0x90, 0x0e, 0x78, 0xa0, 0x07, 0x73, 0x20, 0x07, 0x6d, 0x90, 0x0e, 0x71, 0x60, //  .m..x..s .m..q`
	0x07, 0x7a, 0x30, 0x07, 0x72, 0xd0, 0x06, 0xe9, 0x30, 0x07, 0x72, 0xa0, 0x07, 0x73, 0x20, 0x07, // .z0.r...0.r..s .
	0x6d, 0x90, 0x0e, 0x76, 0x40, 0x07, 0x7a, 0x60, 0x07, 0x74, 0xd0, 0x06, 0xe6, 0x10, 0x07, 0x76, // m..v@.z`.t.....v
	0xa0, 0x07, 0x73, 0x20, 0x07, 0x6d, 0x60, 0x0e, 0x73, 0x20, 0x07, 0x7a, 0x30, 0x07, 0x72, 0xd0, // ..s .m`.s .z0.r.
	0x06, 0xe6, 0x60, 0x07, 0x74, 0xa0, 0x07, 0x76, 0x40, 0x07, 0x6d, 0xe0, 0x0e, 0x78, 0xa0, 0x07, // ..`.t..v@.m..x..
	0x71, 0x60, 0x07, 0x7a, 0x30, 0x07, 0x72, 0xa0, 0x07, 0x76, 0x40, 0x07, 0x43, 0x9e, 0x00, 0x00, // q`.z0.r..v@.C...
	0x00, 0x00, 0x00, 0x00, 0x00, 0x00, 0x00, 0x00, 0x00, 0x86, 0x3c, 0x06, 0x10, 0x00, 0x01, 0x00, // ..........<.....
	0x00, 0x00, 0x00, 0x00, 0x00, 0x00, 0x0c, 0x79, 0x10, 0x20, 0x00, 0x04, 0x00, 0x00, 0x00, 0x00, // .......y. ......
	0x00, 0x00, 0x00, 0x18, 0xf2, 0x28, 0x40, 0x00, 0x04, 0x00, 0x00, 0x00, 0x00, 0x00, 0x00, 0x00, // .....(@.........
	0x30, 0xe4, 0x79, 0x80, 0x00, 0x18, 0x00, 0x00, 0x00, 0x00, 0x00, 0x00, 0x00, 0x60, 0xc8, 0x23, // 0.y..........`.#
	0x01, 0x01, 0x30, 0x00, 0x00, 0x00, 0x00, 0x00, 0x00, 0x00, 0xc0, 0x90, 0xa7, 0x02, 0x02, 0x60, // ..0............`
	0x00, 0x00, 0x00, 0x00, 0x00, 0x00, 0x00, 0x80, 0x2c, 0x10, 0x15, 0x00, 0x00, 0x00, 0x32, 0x1e, // ........,.....2.
	0x98, 0x14, 0x19, 0x11, 0x4c, 0x90, 0x8c, 0x09, 0x26, 0x47, 0xc6, 0x04, 0x43, 0x22, 0x4a, 0x60, // ....L...&G..C"J`
	0x04, 0xa0, 0x28, 0x8a, 0xa1, 0x14, 0x4a, 0xa2, 0x40, 0xca, 0xa0, 0x3c, 0x8a, 0xa0, 0x10, 0xca, // ..(...J.@..<....
	0x81, 0x8a, 0x92, 0x28, 0x83, 0x42, 0x18, 0x01, 0x28, 0x82, 0x02, 0x21, 0x72, 0x04, 0x80, 0xb8, // ...(.B..(..!r...
	0x19, 0x00, 0xf2, 0x66, 0x00, 0xe8, 0x1b, 0x4b, 0xc3, 0x08, 0x00, 0x00, 0x80, 0x40, 0x20, 0x10, // ...f...K.....@ .
	0x00, 0x00, 0x80, 0xe7, 0x79, 0x90, 0xe7, 0x79, 0x80, 0xe7, 0x79, 0x10, 0xd2, 0x66, 0x00, 0x00, // ....y..y..y..f..
	0x00, 0x00, 0x79, 0x18, 0x00, 0x00, 0x8b, 0x00, 0x00, 0x00, 0x1a, 0x03, 0x4c, 0x90, 0x46, 0x02, // ..y.........L.F.
	0x13, 0xc4, 0x8f, 0x0c, 0x6f, 0xec, 0xed, 0x4d, 0x0c, 0x24, 0xc6, 0x25, 0x06, 0xc6, 0x45, 0xc6, // ....o..M.$.%..E.
	0x06, 0xa6, 0xc6, 0x65, 0xe6, 0x06, 0x04, 0x65, 0x8c, 0x86, 0x0c, 0xc7, 0x8c, 0xc6, 0x2c, 0x27, // ...e...e......,'
	0x27, 0x65, 0x43, 0x10, 0x4c, 0x10, 0x88, 0x63, 0x82, 0x40, 0x20, 0x1b, 0x84, 0x81, 0x98, 0x20, // 'eC.L..c.@ .... 
	0x10, 0xc9, 0x06, 0x61, 0x30, 0x28, 0xc0, 0xcd, 0x4d, 0x10, 0x08, 0x65, 0xc3, 0x80, 0x24, 0xc4, // ...a0(..M..e..$.
	0x04, 0x41, 0xeb, 0x08, 0x4c, 0x10, 0x88, 0x65, 0x82, 0x40, 0x30, 0x1b, 0x04, 0xc2, 0xd9, 0x90, // .A..L..e.@0.....
	0x10, 0x0b, 0x43, 0x10, 0x43, 0x43, 0x3c, 0x1b, 0x02, 0x68, 0x82, 0xc0, 0x69, 0x13, 0x04, 0xa2, // ..C.CC<..h..i...
	0xd9, 0x80, 0x10, 0x12, 0x43, 0x10, 0xc3, 0x04, 0x6c, 0x08, 0xa8, 0x09, 0x82, 0xb7, 0x6d, 0x40, // ....C...l.....m@
	0x08, 0x8b, 0x21, 0x88, 0x81, 0x00, 0x36, 0x04, 0xd7, 0x06, 0x22, 0x02, 0x2a, 0x6c, 0x82, 0xf0, // ..!...6...".*l..
	0x71, 0x1b, 0x02, 0x6d, 0x82, 0x20, 0x00, 0x24, 0xda, 0xc2, 0xd2, 0xdc, 0xb8, 0x4c, 0x59, 0x7d, // q..m. .$.....LY}
	0x41, 0xbd, 0xcd, 0xa5, 0xd1, 0xa5, 0xbd, 0xb9, 0x4d, 0x10, 0x8a, 0x69, 0x82, 0x50, 0x50, 0x1b, // A.......M..i.PP.
	0x02, 0x62, 0x82, 0x50, 0x54, 0x13, 0x84, 0xc2, 0xda, 0xb0, 0x10, 0xde, 0x07, 0x06, 0x61, 0x20, // .b.PT.........a 
	0x06, 0x83, 0x18, 0x10, 0x63, 0x00, 0xb0, 0x18, 0x7a, 0x62, 0x7a, 0x92, 0x9a, 0x20, 0x14, 0xd7, // ....c...zbz.. ..
	0x04, 0x81, 0x70, 0x26, 0x08, 0xc4, 0xb3, 0x41, 0x38, 0x03, 0x34, 0xd8, 0xb0, 0x0c, 0x65, 0xf0, // ..p&...A8.4...e.
	0x8d, 0x41, 0x18, 0x98, 0xc1, 0x20, 0x06, 0xc3, 0x18, 0xa4, 0xc1, 0x04, 0x81, 0x80, 0x36, 0x04, // .A... ........6.
	0xc3, 0x86, 0x65, 0x0d, 0xca, 0xe0, 0x1b, 0x03, 0x36, 0x30, 0x83, 0x41, 0x0c, 0xd6, 0x60, 0x0c, // ..e.....60.A..`.
	0x00, 0x22, 0x54, 0x45, 0x58, 0x43, 0x4f, 0x4f, 0x52, 0x44, 0x1b, 0x96, 0x33, 0x70, 0x83, 0x6f, // ."TEXCOORD..3p.o
	0x0c, 0xc2, 0xc0, 0x0c, 0x06, 0x31, 0x38, 0x83, 0x31, 0x48, 0x83, 0x09, 0x02, 0x11, 0x4d, 0x10, // .....18.1H....M.
	0x08, 0x69, 0x83, 0x70, 0x06, 0x71, 0xb0, 0x61, 0x81, 0x03, 0x37, 0xf8, 0xc6, 0x80, 0x0d, 0xcc, // .i.p.q.a..7.....
	0x60, 0x10, 0x03, 0x38, 0x18, 0x03, 0x39, 0xd8, 0x10, 0xac, 0xc1, 0x86, 0xa5, 0x71, 0x83, 0x6f, // `..8..9......q.o
	0x0c, 0xe8, 0xc0, 0x0c, 0x06, 0x31, 0x68, 0xc6, 0x20, 0x0d, 0x36, 0x18, 0x64, 0xa0, 0x06, 0x6d, // .....1h. .6.d..m
	0xf0, 0x06, 0x73, 0x50, 0x07, 0x4c, 0xa6, 0xac, 0xbe, 0xa8, 0xc2, 0xe4, 0xce, 0xca, 0xe8, 0x26, // ..sP.L.........&
	0x08, 0x05, 0xb6, 0x61, 0x21, 0xee, 0xe0, 0xc3, 0x83, 0x30, 0x18, 0x83, 0x41, 0x0c, 0x88, 0x31, // ...a!....0..A..1
	0x48, 0x83, 0x0d, 0x41, 0x1e, 0x6c, 0x18, 0xec, 0x40, 0x0f, 0x80, 0x0d, 0x05, 0xd7, 0xed, 0x41, // H..A.l..@......A
	0x06, 0xb0, 0x30, 0x63, 0x7b, 0x0b, 0xa3, 0xe3, 0xf3, 0xd6, 0xe6, 0x96, 0x06, 0xf7, 0x46, 0x57, // ..0c{.........FW
	0xe6, 0x46, 0x07, 0x32, 0x86, 0x16, 0x26, 0xc7, 0x68, 0x2a, 0xad, 0x0d, 0x8e, 0xad, 0x0c, 0x64, // .F.2..&.h*.....d
	0xe8, 0x65, 0x68, 0x65, 0x05, 0x84, 0x4a, 0x28, 0x28, 0x68, 0x43, 0xf0, 0x07, 0x13, 0x04, 0x32, // .ehe..J((hC....2
	0xc8, 0x36, 0x0c, 0x7e, 0x00, 0x0a, 0xa1, 0xb0, 0x61, 0xe8, 0x03, 0x51, 0x08, 0x85, 0x0d, 0xc3, // .6.~....a..Q....
	0x28, 0x8c, 0x42, 0x28, 0x54, 0x61, 0x63, 0xb3, 0x6b, 0x73, 0x49, 0x23, 0x2b, 0x73, 0xa3, 0x9b, // (.B(Tac.ksI#+s..
	0x12, 0x04, 0x55, 0xc8, 0xf0, 0x5c, 0xec, 0xca, 0xe4, 0xe6, 0xd2, 0xde, 0xdc, 0xa6, 0x04, 0x44, // ..U............D
	0x13, 0x32, 0x3c, 0x17, 0xbb, 0x30, 0x36, 0xbb, 0x32, 0xb9, 0x29, 0x81, 0x51, 0x87, 0x0c, 0xcf, // .2<..06.2.).Q...
	0x65, 0x0e, 0x2d, 0x8c, 0xac, 0x4c, 0xae, 0xe9, 0x8d, 0xac, 0x8c, 0x6d, 0x4a, 0x90, 0x94, 0x21, // e.-..L.....mJ..!
	0xc3, 0x73, 0x91, 0x2b, 0x9b, 0x7b, 0xab, 0x93, 0x1b, 0x2b, 0x9b, 0x9b, 0x12, 0x60, 0x75, 0xc8, // .s.+.{...+...`u.
	0xf0, 0x5c, 0xec, 0xd2, 0xca, 0xee, 0x92, 0xc8, 0xa6, 0xe8, 0xc2, 0xe8, 0xca, 0xa6, 0x04, 0x5a, // ...............Z
	0x1d, 0x32, 0x3c, 0x97, 0x32, 0x37, 0x3a, 0xb9, 0x3c, 0xa8, 0xb7, 0x34, 0x37, 0xba, 0xb9, 0x29, // .2<.27:.<..47..)
	0xc1, 0x1e, 0x00, 0x00, 0x00, 0x00, 0x79, 0x18, 0x00, 0x00, 0x51, 0x00, 0x00, 0x00, 0x33, 0x08, // ......y...Q...3.
	0x80, 0x1c, 0xc4, 0xe1, 0x1c, 0x66, 0x14, 0x01, 0x3d, 0x88, 0x43, 0x38, 0x84, 0xc3, 0x8c, 0x42, // .....f..=.C8...B
	0x80, 0x07, 0x79, 0x78, 0x07, 0x73, 0x98, 0x71, 0x0c, 0xe6, 0x00, 0x0f, 0xed, 0x10, 0x0e, 0xf4, // ..yx.s.q........
	0x80, 0x0e, 0x33, 0x0c, 0x42, 0x1e, 0xc2, 0xc1, 0x1d, 0xce, 0xa1, 0x1c, 0x66, 0x30, 0x05, 0x3d, // ..3.B.......f0.=
	0x88, 0x43, 0x38, 0x84, 0x83, 0x1b, 0xcc, 0x03, 0x3d, 0xc8, 0x43, 0x3d, 0x8c, 0x03, 0x3d, 0xcc, // .C8.....=.C=..=.
	0x78, 0x8c, 0x74, 0x70, 0x07, 0x7b, 0x08, 0x07, 0x79, 0x48, 0x87, 0x70, 0x70, 0x07, 0x7a, 0x70, // x.tp.{..yH.pp.zp
	0x03, 0x76, 0x78, 0x87, 0x70, 0x20, 0x87, 0x19, 0xcc, 0x11, 0x0e, 0xec, 0x90, 0x0e, 0xe1, 0x30, // .vx.p .........0
	0x0f, 0x6e, 0x30, 0x0f, 0xe3, 0xf0, 0x0e, 0xf0, 0x50, 0x0e, 0x33, 0x10, 0xc4, 0x1d, 0xde, 0x21, // .n0.....P.3....!
	0x1c, 0xd8, 0x21, 0x1d, 0xc2, 0x61, 0x1e, 0x66, 0x30, 0x89, 0x3b, 0xbc, 0x83, 0x3b, 0xd0, 0x43, // ..!..a.f0.;..;.C
	0x39, 0xb4, 0x03, 0x3c, 0xbc, 0x83, 0x3c, 0x84, 0x03, 0x3b, 0xcc, 0xf0, 0x14, 0x76, 0x60, 0x07, // 9..<..<..;...v`.
	0x7b, 0x68, 0x07, 0x37, 0x68, 0x87, 0x72, 0x68, 0x07, 0x37, 0x80, 0x87, 0x70, 0x90, 0x87, 0x70, // {h.7h.rh.7..p..p
	0x60, 0x07, 0x76, 0x28, 0x07, 0x76, 0xf8, 0x05, 0x76, 0x78, 0x87, 0x77, 0x80, 0x87, 0x5f, 0x08, // `.v(.v..vx.w.._.
	0x87, 0x71, 0x18, 0x87, 0x72, 0x98, 0x87, 0x79, 0x98, 0x81, 0x2c, 0xee, 0xf0, 0x0e, 0xee, 0xe0, // .q..r..y..,.....
	0x0e, 0xf5, 0xc0, 0x0e, 0xec, 0x30, 0x03, 0x62, 0xc8, 0xa1, 0x1c, 0xe4, 0xa1, 0x1c, 0xcc, 0xa1, // .....0.b........
	0x1c, 0xe4, 0xa1, 0x1c, 0xdc, 0x61, 0x1c, 0xca, 0x21, 0x1c, 0xc4, 0x81, 0x1d, 0xca, 0x61, 0x06, // .....a..!.....a.
	0xd6, 0x90, 0x43, 0x39, 0xc8, 0x43, 0x39, 0x98, 0x43, 0x39, 0xc8, 0x43, 0x39, 0xb8, 0xc3, 0x38, // ..C9.C9.C9.C9..8
	0x94, 0x43, 0x38, 0x88, 0x03, 0x3b, 0x94, 0xc3, 0x2f, 0xbc, 0x83, 0x3c, 0xfc, 0x82, 0x3b, 0xd4, // .C8..;../..<..;.
	0x03, 0x3b, 0xb0, 0xc3, 0x0c, 0xc4, 0x21, 0x07, 0x7c, 0x70, 0x03, 0x7a, 0x28, 0x87, 0x76, 0x80, // .;....!.|p.z(.v.
	0x87, 0x19, 0xd1, 0x43, 0x0e, 0xf8, 0xe0, 0x06, 0xe4, 0x20, 0x0e, 0xe7, 0xe0, 0x06, 0xf6, 0x10, // ...C..... ......
	0x0e, 0xf2, 0xc0, 0x0e, 0xe1, 0x90, 0x0f, 0xef, 0x50, 0x0f, 0xf4, 0x30, 0x83, 0x81, 0xc8, 0x01, // ........P..0....
	0x1f, 0xdc, 0x40, 0x1c, 0xe4, 0xa1, 0x1c, 0xc2, 0x61, 0x1d, 0xdc, 0x40, 0x1c, 0xe4, 0x01, 0x00, // ..@.....a..@....
	0x00, 0x00, 0x71, 0x20, 0x00, 0x00, 0x1b, 0x00, 0x00, 0x00, 0x56, 0xb0, 0x0d, 0x97, 0xef, 0x3c, // ..q ......V....<
	0xbe, 0x10, 0x50, 0x45, 0x41, 0x44, 0xa5, 0x03, 0x0c, 0x25, 0x61, 0x00, 0x02, 0xe6, 0x17, 0xb7, // ..PEAD...%a.....
	0x6d, 0x06, 0xd2, 0x70, 0xf9, 0xce, 0xe3, 0x0b, 0x11, 0x01, 0x4c, 0x44, 0x08, 0x34, 0xc3, 0x42, // m..p......LD.4.B
	0x58, 0xc0, 0x34, 0x5c, 0xbe, 0xf3, 0xf8, 0x8b, 0x03, 0x0c, 0x62, 0xf3, 0x50, 0x93, 0x5f, 0xdc, // X.4.......b.P._.
	0xb6, 0x11, 0x40, 0xc3, 0xe5, 0x3b, 0x8f, 0x2f, 0x01, 0xcc, 0xb3, 0x10, 0x7e, 0x71, 0xdb, 0x26, // ..@..;./....~q.&
	0x50, 0x0d, 0x97, 0xef, 0x3c, 0xbe, 0x34, 0x39, 0x11, 0x81, 0x52, 0xd3, 0x43, 0x4d, 0x7e, 0x71, // P...<.49..R.CM~q
	0xdb, 0x36, 0xf0, 0x0c, 0x97, 0xef, 0x3c, 0x3e, 0xd5, 0x00, 0x11, 0xe6, 0x17, 0xb7, 0x6d, 0x00, // .6....<>......m.
	0x04, 0x03, 0x20, 0x0d, 0x00, 0x00, 0x61, 0x20, 0x00, 0x00, 0x67, 0x01, 0x00, 0x00, 0x13, 0x04, // .. ...a ..g.....
	0x46, 0x2c, 0x10, 0x00, 0x00, 0x00, 0x10, 0x00, 0x00, 0x00, 0x44, 0x8d, 0x00, 0x50, 0x51, 0x02, // F,........D..PQ.
	0x44, 0x94, 0x5d, 0xc1, 0x14, 0x5e, 0xc9, 0x15, 0x6a, 0xc0, 0x0c, 0x40, 0x99, 0x06, 0xd0, 0x30, // D.]..^..j..@...0
	0x46, 0x00, 0x82, 0x20, 0x48, 0x82, 0xc1, 0x18, 0x01, 0x08, 0x82, 0x20, 0x08, 0x06, 0x63, 0x04, // F.. H...... ..c.
	0xf3, 0x19, 0xaa, 0x33, 0x18, 0x8c, 0x11, 0x80, 0x20, 0x08, 0xa2, 0x60, 0x30, 0x46, 0x00, 0x82, // ...3.... ..`0F..
	0x20, 0x08, 0x7f, 0x33, 0x00, 0x23, 0x00, 0x00, 0x00, 0x00, 0x23, 0x06, 0x09, 0x00, 0x82, 0x60, //  ..3.#....#....`
	0x50, 0xa1, 0xc1, 0x82, 0x99, 0x81, 0x19, 0x40, 0x23, 0x06, 0x09, 0x00, 0x82, 0x60, 0x50, 0xa5, // P......@#....`P.
	0x01, 0xb3, 0x9d, 0xc1, 0x19, 0x44, 0x23, 0x06, 0x09, 0x00, 0x82, 0x60, 0x50, 0xa9, 0x41, 0x93, // .....D#....`P.A.
	0xa1, 0x01, 0x1a, 0x48, 0x23, 0x06, 0x09, 0x00, 0x82, 0x60, 0x60, 0xc0, 0x01, 0x18, 0x98, 0x41, // ...H#....``....A
	0x1a, 0x6c, 0xcc, 0x88, 0x41, 0x02, 0x80, 0x20, 0x18, 0x18, 0x71, 0x10, 0x06, 0x67, 0xa0, 0x06, // .l..A.. ..q..g..
	0x53, 0x33, 0x62, 0x90, 0x00, 0x20, 0x08, 0x06, 0x86, 0x1c, 0x88, 0x01, 0x1a, 0xac, 0x01, 0xe7, // S3b.. ..........
	0x8c, 0x18, 0x24, 0x00, 0x08, 0x82, 0x81, 0x31, 0x07, 0x63, 0x90, 0x06, 0x6c, 0x00, 0x06, 0xcf, // ..$....1.c..l...
	0x88, 0x41, 0x02, 0x80, 0x20, 0x18, 0x18, 0x74, 0x40, 0x06, 0x64, 0xd0, 0x06, 0x1f, 0x34, 0x62, // .A.. ..t@.d...4b
	0x90, 0x00, 0x20, 0x08, 0x06, 0x46, 0x1d, 0x94, 0x41, 0x19, 0xb8, 0xc1, 0x15, 0x8d, 0x18, 0x24, // .. ..F..A......$
	0x00, 0x08, 0x82, 0x81, 0x61, 0x07, 0x66, 0x60, 0x06, 0x6f, 0x00, 0x06, 0xd2, 0x88, 0x41, 0x02, // ....a.f`.o....A.
	0x80, 0x20, 0x18, 0x18, 0x77, 0x70, 0x06, 0x6a, 0x00, 0x07, 0x62, 0x30, 0x8d, 0x18, 0x24, 0x00, // . ..wp.j..b0..$.
	0x08, 0x82, 0x81, 0x81, 0x07, 0x68, 0xb0, 0x06, 0x71, 0xa0, 0x51, 0x23, 0x06, 0x09, 0x00, 0x82, // .....h..q.Q#....
	0x60, 0x60, 0xe4, 0x41, 0x1a, 0xb0, 0x81, 0x1c, 0x8c, 0x41, 0x35, 0x62, 0x90, 0x00, 0x20, 0x08, // ``.A.....A5b.. .
	0x06, 0x86, 0x1e, 0xa8, 0x41, 0x1b, 0xcc, 0xc1, 0x19, 0x58, 0x23, 0x06, 0x09, 0x00, 0x82, 0x60, // ....A....X#....`
	0x60, 0xec, 0xc1, 0x1a, 0xd4, 0x01, 0x1d, 0x98, 0xc1, 0x35, 0x62, 0x90, 0x00, 0x20, 0x08, 0x06, // `........5b.. ..
	0x06, 0x1f, 0xb0, 0x81, 0x1d, 0xd4, 0x81, 0x87, 0x8d, 0x18, 0x24, 0x00, 0x08, 0x82, 0x81, 0xd1, // ..........$.....
	0x07, 0x6d, 0x70, 0x07, 0x76, 0x70, 0x06, 0xd9, 0x88, 0x41, 0x02, 0x80, 0x20, 0x18, 0x18, 0x7e, // .mp.vp...A.. ..~
	0xe0, 0x06, 0x78, 0x70, 0x07, 0x6b, 0xa0, 0xcd, 0x44, 0x80, 0x01, 0x71, 0x8c, 0xc2, 0x4c, 0x04, // ..xp.k..D..q..L.
	0x18, 0x10, 0xc7, 0x28, 0x0c, 0x47, 0x44, 0x55, 0xf0, 0x0d, 0x47, 0x44, 0x56, 0xf0, 0x0d, 0x47, // ...(.GDU..GDV..G
	0x44, 0x57, 0xf0, 0xd5, 0x20, 0x6c, 0x05, 0xc2, 0xce, 0x32, 0x08, 0x41, 0x30, 0x62, 0xf0, 0x00, // DW.. l...2.A0b..
	0x20, 0x08, 0x06, 0xcf, 0x28, 0x94, 0x41, 0x86, 0x59, 0x15, 0xb5, 0x89, 0x81, 0x18, 0x88, 0xc1, //  ...(.A.Y.......
	0x36, 0x9a, 0x10, 0x00, 0xa3, 0x09, 0x42, 0x30, 0x9a, 0x30, 0x08, 0xa3, 0x09, 0xc4, 0x60, 0x98, // 6.....B0.0....`.
	0x18, 0xc8, 0xc7, 0x02, 0x31, 0x80, 0xcf, 0x05, 0x04, 0x6d, 0x70, 0x78, 0x4e, 0xe1, 0x14, 0x86, // ....1....mpxN...
	0x0d, 0x88, 0xc0, 0x18, 0x80, 0x0d, 0x0e, 0x10, 0x2a, 0xa4, 0xc2, 0xb0, 0x01, 0x11, 0x20, 0x03, // ........*..... .
	0xb0, 0xc1, 0x21, 0x4a, 0x85, 0x50, 0x18, 0x36, 0x20, 0x02, 0x65, 0x00, 0x36, 0x38, 0x48, 0xaa, // ..!J.P.6 .e.68H.
	0x40, 0x0a, 0xc3, 0x06, 0x44, 0x80, 0x0c, 0xc0, 0x06, 0x87, 0x69, 0x15, 0x0a, 0x0a, 0x86, 0x31, // @...D.....i....1
	0x62, 0x60, 0x00, 0x20, 0x08, 0x06, 0x8a, 0x2c, 0xbc, 0x01, 0x19, 0x8c, 0x18, 0x18, 0x00, 0x08, // b`. ...,........
	0x82, 0x81, 0x32, 0x0b, 0x70, 0x40, 0x06, 0x23, 0x06, 0x06, 0x00, 0x82, 0x60, 0xa0, 0xd0, 0x42, // ..2.p@.#....`..B
	0x1c, 0x90, 0xc1, 0x88, 0x81, 0x01, 0x80, 0x20, 0x18, 0x28, 0xb5, 0xe0, 0x0a, 0xc3, 0x88, 0x81, // ....... .(......
	0x01, 0x80, 0x20, 0x18, 0x28, 0xb6, 0xf0, 0x0a, 0xc3, 0x88, 0x81, 0x01, 0x80, 0x20, 0x18, 0x28, // .. .(........ .(
	0xb7, 0x00, 0x0b, 0xc3, 0x88, 0x81, 0x01, 0x80, 0x20, 0x18, 0x28, 0xb8, 0x70, 0x07, 0x6a, 0x30, // ........ .(.p.j0
	0x62, 0x60, 0x00, 0x20, 0x08, 0x06, 0x4a, 0x2e, 0xe0, 0x81, 0x1a, 0x8c, 0x18, 0x18, 0x00, 0x08, // b`. ..J.........
	0x82, 0x81, 0xa2, 0x0b, 0x79, 0xa0, 0x06, 0x23, 0x06, 0x06, 0x00, 0x82, 0x60, 0xa0, 0xec, 0x02, // ....y..#....`...
	0x2d, 0x0c, 0x23, 0x06, 0x06, 0x00, 0x82, 0x60, 0xa0, 0xf0, 0x42, 0x2d, 0x0c, 0x23, 0x06, 0x06, // -.#....`..B-.#..
	0x00, 0x82, 0x60, 0xa0, 0xf4, 0x82, 0x2d, 0x0c, 0x36, 0x24, 0xf0, 0xb1, 0x21, 0x81, 0x8f, 0x0d, // ..`...-.6$..!...
	0x09, 0x7c, 0x6c, 0x18, 0xe4, 0x63, 0xc3, 0x20, 0x1f, 0x0b, 0x04, 0xf8, 0x18, 0x41, 0xc8, 0xc7, // .|l..c. .....A..
	0x84, 0x00, 0x3e, 0x23, 0x06, 0x06, 0x00, 0x82, 0x60, 0xa0, 0x98, 0x03, 0x2a, 0x04, 0x16, 0x84, // ..>#....`...*...
	0x82, 0x7c, 0x46, 0x0c, 0x0e, 0x00, 0x04, 0xc1, 0x40, 0x32, 0x87, 0x55, 0xd8, 0x83, 0x71, 0x18, // .|F.....@2.U..q.
	0x4d, 0x08, 0x02, 0x1b, 0x02, 0xf9, 0x8c, 0x26, 0x0c, 0x82, 0x09, 0x81, 0x7c, 0x2c, 0x28, 0x05, // M......&....|,(.
	0xf8, 0x98, 0x29, 0x08, 0xf1, 0x31, 0x21, 0x88, 0x8f, 0x7d, 0x42, 0x7c, 0x2c, 0x10, 0xe8, 0x33, // ..)..1!..}B|,..3
	0x62, 0x60, 0x00, 0x20, 0x08, 0x06, 0x8a, 0x3c, 0x8c, 0x43, 0x60, 0x81, 0x2b, 0xc8, 0xc7, 0x60, // b`. ...<.C`.+..`
	0x21, 0x88, 0x8f, 0x0d, 0x83, 0x7c, 0x2c, 0xd0, 0x03, 0xf9, 0x58, 0x30, 0xc8, 0x67, 0xc4, 0x20, // !....|,...X0.g. 
	0x01, 0x40, 0x10, 0x0c, 0x90, 0x7c, 0x80, 0x87, 0x79, 0x98, 0x87, 0x72, 0xf8, 0x83, 0x11, 0x83, // .@...|..y..r....
	0x04, 0x00, 0x41, 0x30, 0x40, 0xf2, 0x01, 0x1e, 0xe6, 0x61, 0x1e, 0x78, 0xc1, 0x0f, 0x46, 0x0c, // ..A0@....a.x..F.
	0x12, 0x00, 0x04, 0xc1, 0x00, 0xc9, 0x07, 0x78, 0x98, 0x87, 0x79, 0x20, 0x87, 0x3e, 0x18, 0x31, // .......x..y .>.1
	0x48, 0x00, 0x10, 0x04, 0x03, 0x24, 0x1f, 0xe0, 0x61, 0x1e, 0xe6, 0xe1, 0x1c, 0x82, 0x59, 0x82, // H....$..a.....Y.
	0x62, 0x38, 0x62, 0x14, 0x5c, 0x21, 0xf8, 0x86, 0x23, 0x46, 0xe1, 0x15, 0x82, 0x6f, 0x38, 0x62, // b8b..!..#F...o8b
	0x14, 0x60, 0x21, 0xf8, 0x6a, 0x10, 0xb6, 0x02, 0x61, 0x67, 0x19, 0x06, 0x22, 0x18, 0x31, 0x78, // .`!.j...ag..".1x
	0x00, 0x10, 0x04, 0x83, 0x87, 0x1f, 0x7c, 0x41, 0x16, 0x62, 0x61, 0x15, 0x54, 0x21, 0x15, 0x68, // ......|A.ba.T!.h
	0x61, 0x17, 0x76, 0x61, 0x17, 0x68, 0x61, 0x34, 0x21, 0x00, 0x46, 0x13, 0x84, 0x60, 0x34, 0x61, // a.va.ha4!.F..`4a
	0x10, 0x46, 0x13, 0x88, 0xc1, 0x02, 0x53, 0x90, 0xcf, 0x88, 0x41, 0x02, 0x80, 0x20, 0x18, 0x20, // .F....S...A.. . 
	0x24, 0xb1, 0x0f, 0xfe, 0xe0, 0x0f, 0xf0, 0x50, 0x8c, 0x18, 0x24, 0x00, 0x08, 0x82, 0x01, 0x42, // $......P..$....B
	0x12, 0xfb, 0xe0, 0x0f, 0xfe, 0x70, 0x0e, 0xc4, 0x88, 0x41, 0x02, 0x80, 0x20, 0x18, 0x20, 0x24, // .....p...A.. . $
	0xb1, 0x0f, 0xfe, 0xe0, 0x0f, 0xef, 0x30, 0x8c, 0x18, 0x24, 0x00, 0x08, 0x82, 0x01, 0x42, 0x12, // ......0..$....B.
	0xfb, 0xe0, 0x0f, 0xfe, 0x20, 0x0f, 0xc1, 0x2c, 0x41, 0x31, 0x62, 0xf0, 0x00, 0x20, 0x08, 0x06, // .... ..,A1b.. ..
	0x8f, 0x48, 0x90, 0x03, 0x2e, 0xdc, 0x82, 0x2b, 0xb4, 0x02, 0x2b, 0xe8, 0x42, 0x38, 0x84, 0x43, // .H.....+..+.B8.C
	0x38, 0xe8, 0xc2, 0x68, 0x42, 0x00, 0x8c, 0x26, 0x08, 0xc1, 0x68, 0xc2, 0x20, 0x8c, 0x26, 0x10, // 8..hB..&..h. .&.
	0x83, 0xc1, 0x42, 0x38, 0xc8, 0xc7, 0x82, 0x70, 0x80, 0xcf, 0x05, 0x04, 0x6d, 0x70, 0x68, 0x05, // ..B8...p....mph.
	0x93, 0x30, 0x89, 0x61, 0x03, 0x22, 0x30, 0x06, 0x60, 0x83, 0x83, 0x2b, 0x9c, 0x04, 0x4a, 0x0c, // .0.a."0.`..+..J.
	0x1b, 0x10, 0x01, 0x32, 0x00, 0x1b, 0x1c, 0x5e, 0x01, 0x25, 0x40, 0x62, 0xd8, 0x80, 0x08, 0x94, // ...2...^.%@b....
	0x01, 0xd8, 0xe0, 0x00, 0x0b, 0x29, 0x31, 0x12, 0xc3, 0x06, 0x44, 0x80, 0x0c, 0xc0, 0x06, 0x87, // .....)1...D.....
	0x58, 0x50, 0x89, 0x82, 0x82, 0x61, 0x8c, 0x18, 0x18, 0x00, 0x08, 0x82, 0x81, 0x12, 0x13, 0xee, // XP...a..........
	0xc0, 0x0b, 0x23, 0x06, 0x06, 0x00, 0x82, 0x60, 0xa0, 0xc8, 0xc4, 0x3b, 0xf0, 0xc2, 0x88, 0x81, // ..#....`...;....
	0x01, 0x80, 0x20, 0x18, 0x28, 0x33, 0x01, 0x0f, 0xbc, 0x30, 0x62, 0x60, 0x00, 0x20, 0x08, 0x06, // .. .(3...0b`. ..
	0x0a, 0x4d, 0xb4, 0xc4, 0x30, 0x62, 0x60, 0x00, 0x20, 0x08, 0x06, 0x4a, 0x4d, 0xb8, 0xc4, 0x30, // .M..0b`. ..JM..0
	0x62, 0x60, 0x00, 0x20, 0x08, 0x06, 0x8a, 0x4d, 0xbc, 0xc4, 0x30, 0x62, 0x60, 0x00, 0x20, 0x08, // b`. ...M..0b`. .
	0x06, 0xca, 0x4d, 0xd8, 0x83, 0x38, 0x8c, 0x18, 0x18, 0x00, 0x08, 0x82, 0x81, 0x82, 0x13, 0xf7, // ..M..8..........
	0x20, 0x0e, 0x23, 0x06, 0x06, 0x00, 0x82, 0x60, 0xa0, 0xe4, 0x04, 0x3e, 0x88, 0xc3, 0x88, 0x81, //  .#....`...>....
	0x01, 0x80, 0x20, 0x18, 0x28, 0x3a, 0x31, 0x13, 0xc3, 0x88, 0x81, 0x01, 0x80, 0x20, 0x18, 0x28, // .. .(:1...... .(
	0x3b, 0x41, 0x13, 0xc3, 0x88, 0x81, 0x01, 0x80, 0x20, 0x18, 0x28, 0x3c, 0x51, 0x13, 0x83, 0x0d, // ;A...... .(<Q...
	0x09, 0x7c, 0x6c, 0x48, 0xe0, 0x63, 0x43, 0x02, 0x1f, 0x1b, 0x06, 0xf9, 0xd8, 0x30, 0xc8, 0xc7, // .|lH.cC......0..
	0x02, 0x01, 0x3e, 0x46, 0x10, 0xf2, 0x31, 0x21, 0x80, 0xcf, 0x88, 0x81, 0x01, 0x80, 0x20, 0x18, // ..>F..1!...... .
	0x28, 0x65, 0x71, 0x12, 0x81, 0x05, 0x20, 0x21, 0x9f, 0x11, 0x83, 0x03, 0x00, 0x41, 0x30, 0x90, // (eq... !.....A0.
	0xca, 0x42, 0x25, 0xf4, 0x41, 0x2c, 0x46, 0x13, 0x82, 0xc0, 0x86, 0x40, 0x3e, 0x16, 0x88, 0x04, // .B%.A,F....@>...
	0x7c, 0x6c, 0x24, 0x84, 0xf8, 0x98, 0x10, 0xc4, 0xc7, 0x3a, 0x21, 0x3e, 0x16, 0x08, 0xf4, 0x19, // |l$......:!>....
	0x31, 0x30, 0x00, 0x10, 0x04, 0x03, 0xe5, 0x2d, 0xc0, 0x22, 0xb0, 0x60, 0x25, 0xe4, 0x63, 0x2d, // 10.....-.".`%.c-
	0x11, 0xc4, 0xc7, 0x86, 0x41, 0x3e, 0x16, 0xdc, 0x83, 0x7c, 0x2c, 0x18, 0xe4, 0x33, 0x62, 0x90, // ....A>...|,..3b.
	0x00, 0x20, 0x08, 0x06, 0x88, 0x5d, 0xb4, 0x05, 0x5c, 0xc0, 0x85, 0x58, 0xf0, 0xc3, 0x88, 0x41, // . ...].....X...A
	0x02, 0x80, 0x20, 0x18, 0x20, 0x76, 0xd1, 0x16, 0x70, 0x01, 0x17, 0x39, 0xb1, 0x0f, 0x23, 0x06, // .. . v..p..9..#.
	0x09, 0x00, 0x82, 0x60, 0x80, 0xd8, 0x45, 0x5b, 0xc0, 0x05, 0x5c, 0x84, 0x85, 0x3e, 0x8c, 0x18, // ...`..E[.....>..
	0x24, 0x00, 0x08, 0x82, 0x01, 0x62, 0x17, 0x6d, 0x01, 0x17, 0x70, 0x41, 0x16, 0xc1, 0x2c, 0x41, // $....b.m..pA..,A
	0x81, 0x01, 0x31, 0x00, 0x00, 0x00, 0x0f, 0x00, 0x00, 0x00, 0x5b, 0x86, 0x31, 0x08, 0x46, 0x61, // ..1.......[.1.Fa
	0xcb, 0x50, 0x06, 0xc1, 0x28, 0x6c, 0x19, 0xce, 0x20, 0x18, 0x85, 0x2d, 0x43, 0x1a, 0x04, 0xa3, // .P..(l.. ..-C...
	0xb0, 0x65, 0x58, 0x83, 0x60, 0x14, 0xb6, 0x0c, 0xf1, 0x10, 0x8c, 0xc2, 0x96, 0x61, 0x1e, 0x82, // .eX.`........a..
	0x51, 0xd8, 0x32, 0xd4, 0x43, 0x30, 0x0a, 0x5b, 0x86, 0x7b, 0x08, 0x46, 0x61, 0xcb, 0x90, 0x0f, // Q.2.C0.[.{.Fa...
	0xc1, 0x28, 0x00, 0x00, 0x00, 0x00, 0x00, 0x00, 0x00, 0x00, 0x00, 0x00, 0x00, 0x00, 0x00, 0x00, // .(..............
	0x10, 0x00,                                                                                     // ..
};
static const uint8_t fs_font_distance_field_drop_shadow_image_mtl[3095] =
{
	0x46, 0x53, 0x48, 0x0c, 0x9e, 0x67, 0x7a, 0xc3, 0x00, 0x00, 0x00, 0x00, 0x00, 0x00, 0x00, 0x00, // FSH..gz.........
	0x00, 0x00, 0x00, 0x00, 0x04, 0x00, 0x11, 0x73, 0x5f, 0x74, 0x65, 0x78, 0x43, 0x6f, 0x6c, 0x6f, // .......s_texColo
	0x72, 0x53, 0x61, 0x6d, 0x70, 0x6c, 0x65, 0x72, 0x11, 0x01, 0xff, 0xff, 0x01, 0x00, 0x00, 0x00, // rSampler........
	0x00, 0x00, 0x11, 0x73, 0x5f, 0x74, 0x65, 0x78, 0x43, 0x6f, 0x6c, 0x6f, 0x72, 0x54, 0x65, 0x78, // ...s_texColorTex
	0x74, 0x75, 0x72, 0x65, 0x11, 0x01, 0xff, 0xff, 0x01, 0x00, 0x00, 0x00, 0x00, 0x00, 0x08, 0x75, // ture...........u
	0x5f, 0x70, 0x61, 0x72, 0x61, 0x6d, 0x73, 0x12, 0x01, 0x00, 0x00, 0x01, 0x00, 0x00, 0x00, 0x00, // _params.........
	0x00, 0x0a, 0x73, 0x5f, 0x74, 0x65, 0x78, 0x43, 0x6f, 0x6c, 0x6f, 0x72, 0x10, 0x00, 0x00, 0x00, // ..s_texColor....
	0x00, 0x00, 0x00, 0x04, 0x00, 0x00, 0x99, 0x0b, 0x00, 0x00, 0x23, 0x70, 0x72, 0x61, 0x67, 0x6d, // ..........#pragm
	0x61, 0x20, 0x63, 0x6c, 0x61, 0x6e, 0x67, 0x20, 0x64, 0x69, 0x61, 0x67, 0x6e, 0x6f, 0x73, 0x74, // a clang diagnost
	0x69, 0x63, 0x20, 0x69, 0x67, 0x6e, 0x6f, 0x72, 0x65, 0x64, 0x20, 0x22, 0x2d, 0x57, 0x6d, 0x69, // ic ignored "-Wmi
	0x73, 0x73, 0x69, 0x6e, 0x67, 0x2d, 0x70, 0x72, 0x6f, 0x74, 0x6f, 0x74, 0x79, 0x70, 0x65, 0x73, // ssing-prototypes
	0x22, 0x0a, 0x23, 0x70, 0x72, 0x61, 0x67, 0x6d, 0x61, 0x20, 0x63, 0x6c, 0x61, 0x6e, 0x67, 0x20, // ".#pragma clang 
	0x64, 0x69, 0x61, 0x67, 0x6e, 0x6f, 0x73, 0x74, 0x69, 0x63, 0x20, 0x69, 0x67, 0x6e, 0x6f, 0x72, // diagnostic ignor
	0x65, 0x64, 0x20, 0x22, 0x2d, 0x57, 0x6d, 0x69, 0x73, 0x73, 0x69, 0x6e, 0x67, 0x2d, 0x62, 0x72, // ed "-Wmissing-br
	0x61, 0x63, 0x65, 0x73, 0x22, 0x0a, 0x0a, 0x23, 0x69, 0x6e, 0x63, 0x6c, 0x75, 0x64, 0x65, 0x20, // aces"..#include 
	0x3c, 0x6d, 0x65, 0x74, 0x61, 0x6c, 0x5f, 0x73, 0x74, 0x64, 0x6c, 0x69, 0x62, 0x3e, 0x0a, 0x23, // <metal_stdlib>.#
	0x69, 0x6e, 0x63, 0x6c, 0x75, 0x64, 0x65, 0x20, 0x3c, 0x73, 0x69, 0x6d, 0x64, 0x2f, 0x73, 0x69, // include <simd/si
	0x6d, 0x64, 0x2e, 0x68, 0x3e, 0x0a, 0x0a, 0x75, 0x73, 0x69, 0x6e, 0x67, 0x20, 0x6e, 0x61, 0x6d, // md.h>..using nam
	0x65, 0x73, 0x70, 0x61, 0x63, 0x65, 0x20, 0x6d, 0x65, 0x74, 0x61, 0x6c, 0x3b, 0x0a, 0x0a, 0x74, // espace metal;..t
	0x65, 0x6d, 0x70, 0x6c, 0x61, 0x74, 0x65, 0x3c, 0x74, 0x79, 0x70, 0x65, 0x6e, 0x61, 0x6d, 0x65, // emplate<typename
	0x20, 0x54, 0x2c, 0x20, 0x73, 0x69, 0x7a, 0x65, 0x5f, 0x74, 0x20, 0x4e, 0x75, 0x6d, 0x3e, 0x0a, //  T, size_t Num>.
	0x73, 0x74, 0x72, 0x75, 0x63, 0x74, 0x20, 0x73, 0x70, 0x76, 0x55, 0x6e, 0x73, 0x61, 0x66, 0x65, // struct spvUnsafe
	0x41, 0x72, 0x72, 0x61, 0x79, 0x0a, 0x7b, 0x0a, 0x20, 0x20, 0x20, 0x20, 0x54, 0x20, 0x65, 0x6c, // Array.{.    T el
	0x65, 0x6d, 0x65, 0x6e, 0x74, 0x73, 0x5b, 0x4e, 0x75, 0x6d, 0x20, 0x3f, 0x20, 0x4e, 0x75, 0x6d, // ements[Num ? Num
	0x20, 0x3a, 0x20, 0x31, 0x5d, 0x3b, 0x0a, 0x20, 0x20, 0x20, 0x20, 0x0a, 0x20, 0x20, 0x20, 0x20, //  : 1];.    .    
	0x74, 0x68, 0x72, 0x65, 0x61, 0x64, 0x20, 0x54, 0x26, 0x20, 0x6f, 0x70, 0x65, 0x72, 0x61, 0x74, // thread T& operat
	0x6f, 0x72, 0x20, 0x5b, 0x5d, 0x20, 0x28, 0x73, 0x69, 0x7a, 0x65, 0x5f, 0x74, 0x20, 0x70, 0x6f, // or [] (size_t po
	0x73, 0x29, 0x20, 0x74, 0x68, 0x72, 0x65, 0x61, 0x64, 0x0a, 0x20, 0x20, 0x20, 0x20, 0x7b, 0x0a, // s) thread.    {.
	0x20, 0x20, 0x20, 0x20, 0x20, 0x20, 0x20, 0x20, 0x72, 0x65, 0x74, 0x75, 0x72, 0x6e, 0x20, 0x65, //         return e
	0x6c, 0x65, 0x6d, 0x65, 0x6e, 0x74, 0x73, 0x5b, 0x70, 0x6f, 0x73, 0x5d, 0x3b, 0x0a, 0x20, 0x20, // lements[pos];.  
	0x20, 0x20, 0x7d, 0x0a, 0x20, 0x20, 0x20, 0x20, 0x63, 0x6f, 0x6e, 0x73, 0x74, 0x65, 0x78, 0x70, //   }.    constexp
	0x72, 0x20, 0x63, 0x6f, 0x6e, 0x73, 0x74, 0x20, 0x74, 0x68, 0x72, 0x65, 0x61, 0x64, 0x20, 0x54, // r const thread T
	0x26, 0x20, 0x6f, 0x70, 0x65, 0x72, 0x61, 0x74, 0x6f, 0x72, 0x20, 0x5b, 0x5d, 0x20, 0x28, 0x73, // & operator [] (s
	0x69, 0x7a, 0x65, 0x5f, 0x74, 0x20, 0x70, 0x6f, 0x73, 0x29, 0x20, 0x63, 0x6f, 0x6e, 0x73, 0x74, // ize_t pos) const
	0x20, 0x74, 0x68, 0x72, 0x65, 0x61, 0x64, 0x0a, 0x20, 0x20, 0x20, 0x20, 0x7b, 0x0a, 0x20, 0x20, //  thread.    {.  
	0x20, 0x20, 0x20, 0x20, 0x20, 0x20, 0x72, 0x65, 0x74, 0x75, 0x72, 0x6e, 0x20, 0x65, 0x6c, 0x65, //       return ele
	0x6d, 0x65, 0x6e, 0x74, 0x73, 0x5b, 0x70, 0x6f, 0x73, 0x5d, 0x3b, 0x0a, 0x20, 0x20, 0x20, 0x20, // ments[pos];.    
	0x7d, 0x0a, 0x20, 0x20, 0x20, 0x20, 0x0a, 0x20, 0x20, 0x20, 0x20, 0x64, 0x65, 0x76, 0x69, 0x63, // }.    .    devic
	0x65, 0x20, 0x54, 0x26, 0x20, 0x6f, 0x70, 0x65, 0x72, 0x61, 0x74, 0x6f, 0x72, 0x20, 0x5b, 0x5d, // e T& operator []
	0x20, 0x28, 0x73, 0x69, 0x7a, 0x65, 0x5f, 0x74, 0x20, 0x70, 0x6f, 0x73, 0x29, 0x20, 0x64, 0x65, //  (size_t pos) de
	0x76, 0x69, 0x63, 0x65, 0x0a, 0x20, 0x20, 0x20, 0x20, 0x7b, 0x0a, 0x20, 0x20, 0x20, 0x20, 0x20, // vice.    {.     
	0x20, 0x20, 0x20, 0x72, 0x65, 0x74, 0x75, 0x72, 0x6e, 0x20, 0x65, 0x6c, 0x65, 0x6d, 0x65, 0x6e, //    return elemen
	0x74, 0x73, 0x5b, 0x70, 0x6f, 0x73, 0x5d, 0x3b, 0x0a, 0x20, 0x20, 0x20, 0x20, 0x7d, 0x0a, 0x20, // ts[pos];.    }. 
	0x20, 0x20, 0x20, 0x63, 0x6f, 0x6e, 0x73, 0x74, 0x65, 0x78, 0x70, 0x72, 0x20, 0x63, 0x6f, 0x6e, //    constexpr con
	0x73, 0x74, 0x20, 0x64, 0x65, 0x76, 0x69, 0x63, 0x65, 0x20, 0x54, 0x26, 0x20, 0x6f, 0x70, 0x65, // st device T& ope
	0x72, 0x61, 0x74, 0x6f, 0x72, 0x20, 0x5b, 0x5d, 0x20, 0x28, 0x73, 0x69, 0x7a, 0x65, 0x5f, 0x74, // rator [] (size_t
	0x20, 0x70, 0x6f, 0x73, 0x29, 0x20, 0x63, 0x6f, 0x6e, 0x73, 0x74, 0x20, 0x64, 0x65, 0x76, 0x69, //  pos) const devi
	0x63, 0x65, 0x0a, 0x20, 0x20, 0x20, 0x20, 0x7b, 0x0a, 0x20, 0x20, 0x20, 0x20, 0x20, 0x20, 0x20, // ce.    {.       
	0x20, 0x72, 0x65, 0x74, 0x75, 0x72, 0x6e, 0x20, 0x65, 0x6c, 0x65, 0x6d, 0x65, 0x6e, 0x74, 0x73, //  return elements
	0x5b, 0x70, 0x6f, 0x73, 0x5d, 0x3b, 0x0a, 0x20, 0x20, 0x20, 0x20, 0x7d, 0x0a, 0x20, 0x20, 0x20, // [pos];.    }.   
	0x20, 0x0a, 0x20, 0x20, 0x20, 0x20, 0x63, 0x6f, 0x6e, 0x73, 0x74, 0x65, 0x78, 0x70, 0x72, 0x20, //  .    constexpr 
	0x63, 0x6f, 0x6e, 0x73, 0x74, 0x20, 0x63, 0x6f, 0x6e, 0x73, 0x74, 0x61, 0x6e, 0x74, 0x20, 0x54, // const constant T
	0x26, 0x20, 0x6f, 0x70, 0x65, 0x72, 0x61, 0x74, 0x6f, 0x72, 0x20, 0x5b, 0x5d, 0x20, 0x28, 0x73, // & operator [] (s
	0x69, 0x7a, 0x65, 0x5f, 0x74, 0x20, 0x70, 0x6f, 0x73, 0x29, 0x20, 0x63, 0x6f, 0x6e, 0x73, 0x74, // ize_t pos) const
	0x20, 0x63, 0x6f, 0x6e, 0x73, 0x74, 0x61, 0x6e, 0x74, 0x0a, 0x20, 0x20, 0x20, 0x20, 0x7b, 0x0a, //  constant.    {.
	0x20, 0x20, 0x20, 0x20, 0x20, 0x20, 0x20, 0x20, 0x72, 0x65, 0x74, 0x75, 0x72, 0x6e, 0x20, 0x65, //         return e
	0x6c, 0x65, 0x6d, 0x65, 0x6e, 0x74, 0x73, 0x5b, 0x70, 0x6f, 0x73, 0x5d, 0x3b, 0x0a, 0x20, 0x20, // lements[pos];.  
	0x20, 0x20, 0x7d, 0x0a, 0x20, 0x20, 0x20, 0x20, 0x0a, 0x20, 0x20, 0x20, 0x20, 0x74, 0x68, 0x72, //   }.    .    thr
	0x65, 0x61, 0x64, 0x67, 0x72, 0x6f, 0x75, 0x70, 0x20, 0x54, 0x26, 0x20, 0x6f, 0x70, 0x65, 0x72, // eadgroup T& oper
	0x61, 0x74, 0x6f, 0x72, 0x20, 0x5b, 0x5d, 0x20, 0x28, 0x73, 0x69, 0x7a, 0x65, 0x5f, 0x74, 0x20, // ator [] (size_t 
	0x70, 0x6f, 0x73, 0x29, 0x20, 0x74, 0x68, 0x72, 0x65, 0x61, 0x64, 0x67, 0x72, 0x6f, 0x75, 0x70, // pos) threadgroup
	0x0a, 0x20, 0x20, 0x20, 0x20, 0x7b, 0x0a, 0x20, 0x20, 0x20, 0x20, 0x20, 0x20, 0x20, 0x20, 0x72, // .    {.        r
	0x65, 0x74, 0x75, 0x72, 0x6e, 0x20, 0x65, 0x6c, 0x65, 0x6d, 0x65, 0x6e, 0x74, 0x73, 0x5b, 0x70, // eturn elements[p
	0x6f, 0x73, 0x5d, 0x3b, 0x0a, 0x20, 0x20, 0x20, 0x20, 0x7d, 0x0a, 0x20, 0x20, 0x20, 0x20, 0x63, // os];.    }.    c
	0x6f, 0x6e, 0x73, 0x74, 0x65, 0x78, 0x70, 0x72, 0x20, 0x63, 0x6f, 0x6e, 0x73, 0x74, 0x20, 0x74, // onstexpr const t
	0x68, 0x72, 0x65, 0x61, 0x64, 0x67, 0x72, 0x6f, 0x75, 0x70, 0x20, 0x54, 0x26, 0x20, 0x6f, 0x70, // hreadgroup T& op
	0x65, 0x72, 0x61, 0x74, 0x6f, 0x72, 0x20, 0x5b, 0x5d, 0x20, 0x28, 0x73, 0x69, 0x7a, 0x65, 0x5f, // erator [] (size_
	0x74, 0x20, 0x70, 0x6f, 0x73, 0x29, 0x20, 0x63, 0x6f, 0x6e, 0x73, 0x74, 0x20, 0x74, 0x68, 0x72, // t pos) const thr
	0x65, 0x61, 0x64, 0x67, 0x72, 0x6f, 0x75, 0x70, 0x0a, 0x20, 0x20, 0x20, 0x20, 0x7b, 0x0a, 0x20, // eadgroup.    {. 
	0x20, 0x20, 0x20, 0x20, 0x20, 0x20, 0x20, 0x72, 0x65, 0x74, 0x75, 0x72, 0x6e, 0x20, 0x65, 0x6c, //        return el
	0x65, 0x6d, 0x65, 0x6e, 0x74, 0x73, 0x5b, 0x70, 0x6f, 0x73, 0x5d, 0x3b, 0x0a, 0x20, 0x20, 0x20, // ements[pos];.   
	0x20, 0x7d, 0x0a, 0x7d, 0x3b, 0x0a, 0x0a, 0x73, 0x74, 0x72, 0x75, 0x63, 0x74, 0x20, 0x5f, 0x47, //  }.};..struct _G
	0x6c, 0x6f, 0x62, 0x61, 0x6c, 0x0a, 0x7b, 0x0a, 0x20, 0x20, 0x20, 0x20, 0x66, 0x6c, 0x6f, 0x61, // lobal.{.    floa
	0x74, 0x34, 0x20, 0x75, 0x5f, 0x70, 0x61, 0x72, 0x61, 0x6d, 0x73, 0x3b, 0x0a, 0x7d, 0x3b, 0x0a, // t4 u_params;.};.
	0x0a, 0x73, 0x74, 0x72, 0x75, 0x63, 0x74, 0x20, 0x78, 0x6c, 0x61, 0x74, 0x4d, 0x74, 0x6c, 0x4d, // .struct xlatMtlM
	0x61, 0x69, 0x6e, 0x5f, 0x6f, 0x75, 0x74, 0x0a, 0x7b, 0x0a, 0x20, 0x20, 0x20, 0x20, 0x66, 0x6c, // ain_out.{.    fl
	0x6f, 0x61, 0x74, 0x34, 0x20, 0x62, 0x67, 0x66, 0x78, 0x5f, 0x46, 0x72, 0x61, 0x67, 0x44, 0x61, // oat4 bgfx_FragDa
	0x74, 0x61, 0x30, 0x20, 0x5b, 0x5b, 0x63, 0x6f, 0x6c, 0x6f, 0x72, 0x28, 0x30, 0x29, 0x5d, 0x5d, // ta0 [[color(0)]]
	0x3b, 0x0a, 0x7d, 0x3b, 0x0a, 0x0a, 0x73, 0x74, 0x72, 0x75, 0x63, 0x74, 0x20, 0x78, 0x6c, 0x61, // ;.};..struct xla
	0x74, 0x4d, 0x74, 0x6c, 0x4d, 0x61, 0x69, 0x6e, 0x5f, 0x69, 0x6e, 0x0a, 0x7b, 0x0a, 0x20, 0x20, // tMtlMain_in.{.  
	0x20, 0x20, 0x66, 0x6c, 0x6f, 0x61, 0x74, 0x34, 0x20, 0x76, 0x5f, 0x63, 0x6f, 0x6c, 0x6f, 0x72, //   float4 v_color
	0x30, 0x20, 0x5b, 0x5b, 0x75, 0x73, 0x65, 0x72, 0x28, 0x6c, 0x6f, 0x63, 0x6e, 0x30, 0x29, 0x5d, // 0 [[user(locn0)]
	0x5d, 0x3b, 0x0a, 0x20, 0x20, 0x20, 0x20, 0x66, 0x6c, 0x6f, 0x61, 0x74, 0x34, 0x20, 0x76, 0x5f, // ];.    float4 v_
	0x74, 0x65, 0x78, 0x63, 0x6f, 0x6f, 0x72, 0x64, 0x30, 0x20, 0x5b, 0x5b, 0x75, 0x73, 0x65, 0x72, // texcoord0 [[user
	0x28, 0x6c, 0x6f, 0x63, 0x6e, 0x32, 0x29, 0x5d, 0x5d, 0x3b, 0x0a, 0x20, 0x20, 0x20, 0x20, 0x66, // (locn2)]];.    f
	0x6c, 0x6f, 0x61, 0x74, 0x34, 0x20, 0x76, 0x5f, 0x74, 0x65, 0x78, 0x63, 0x6f, 0x6f, 0x72, 0x64, // loat4 v_texcoord
	0x31, 0x20, 0x5b, 0x5b, 0x75, 0x73, 0x65, 0x72, 0x28, 0x6c, 0x6f, 0x63, 0x6e, 0x33, 0x29, 0x5d, // 1 [[user(locn3)]
	0x5d, 0x3b, 0x0a, 0x20, 0x20, 0x20, 0x20, 0x66, 0x6c, 0x6f, 0x61, 0x74, 0x34, 0x20, 0x76, 0x5f, // ];.    float4 v_
	0x74, 0x65, 0x78, 0x63, 0x6f, 0x6f, 0x72, 0x64, 0x32, 0x20, 0x5b, 0x5b, 0x75, 0x73, 0x65, 0x72, // texcoord2 [[user
	0x28, 0x6c, 0x6f, 0x63, 0x6e, 0x34, 0x29, 0x5d, 0x5d, 0x3b, 0x0a, 0x7d, 0x3b, 0x0a, 0x0a, 0x66, // (locn4)]];.};..f
	0x72, 0x61, 0x67, 0x6d, 0x65, 0x6e, 0x74, 0x20, 0x78, 0x6c, 0x61, 0x74, 0x4d, 0x74, 0x6c, 0x4d, // ragment xlatMtlM
	0x61, 0x69, 0x6e, 0x5f, 0x6f, 0x75, 0x74, 0x20, 0x78, 0x6c, 0x61, 0x74, 0x4d, 0x74, 0x6c, 0x4d, // ain_out xlatMtlM
	0x61, 0x69, 0x6e, 0x28, 0x78, 0x6c, 0x61, 0x74, 0x4d, 0x74, 0x6c, 0x4d, 0x61, 0x69, 0x6e, 0x5f, // ain(xlatMtlMain_
	0x69, 0x6e, 0x20, 0x69, 0x6e, 0x20, 0x5b, 0x5b, 0x73, 0x74, 0x61, 0x67, 0x65, 0x5f, 0x69, 0x6e, // in in [[stage_in
	0x5d, 0x5d, 0x2c, 0x20, 0x63, 0x6f, 0x6e, 0x73, 0x74, 0x61, 0x6e, 0x74, 0x20, 0x5f, 0x47, 0x6c, // ]], constant _Gl
	0x6f, 0x62, 0x61, 0x6c, 0x26, 0x20, 0x5f, 0x6d, 0x74, 0x6c, 0x5f, 0x75, 0x20, 0x5b, 0x5b, 0x62, // obal& _mtl_u [[b
	0x75, 0x66, 0x66, 0x65, 0x72, 0x28, 0x30, 0x29, 0x5d, 0x5d, 0x2c, 0x20, 0x74, 0x65, 0x78, 0x74, // uffer(0)]], text
	0x75, 0x72, 0x65, 0x63, 0x75, 0x62, 0x65, 0x3c, 0x66, 0x6c, 0x6f, 0x61, 0x74, 0x3e, 0x20, 0x73, // urecube<float> s
	0x5f, 0x74, 0x65, 0x78, 0x43, 0x6f, 0x6c, 0x6f, 0x72, 0x20, 0x5b, 0x5b, 0x74, 0x65, 0x78, 0x74, // _texColor [[text
	0x75, 0x72, 0x65, 0x28, 0x30, 0x29, 0x5d, 0x5d, 0x2c, 0x20, 0x73, 0x61, 0x6d, 0x70, 0x6c, 0x65, // ure(0)]], sample
	0x72, 0x20, 0x73, 0x5f, 0x74, 0x65, 0x78, 0x43, 0x6f, 0x6c, 0x6f, 0x72, 0x53, 0x61, 0x6d, 0x70, // r s_texColorSamp
	0x6c, 0x65, 0x72, 0x20, 0x5b, 0x5b, 0x73, 0x61, 0x6d, 0x70, 0x6c, 0x65, 0x72, 0x28, 0x30, 0x29, // ler [[sampler(0)
	0x5d, 0x5d, 0x29, 0x0a, 0x7b, 0x0a, 0x20, 0x20, 0x20, 0x20, 0x78, 0x6c, 0x61, 0x74, 0x4d, 0x74, // ]]).{.    xlatMt
	0x6c, 0x4d, 0x61, 0x69, 0x6e, 0x5f, 0x6f, 0x75, 0x74, 0x20, 0x6f, 0x75, 0x74, 0x20, 0x3d, 0x20, // lMain_out out = 
	0x7b, 0x7d, 0x3b, 0x0a, 0x20, 0x20, 0x20, 0x20, 0x66, 0x6c, 0x6f, 0x61, 0x74, 0x34, 0x20, 0x5f, // {};.    float4 _
	0x35, 0x35, 0x37, 0x3b, 0x0a, 0x20, 0x20, 0x20, 0x20, 0x64, 0x6f, 0x0a, 0x20, 0x20, 0x20, 0x20, // 557;.    do.    
	0x7b, 0x0a, 0x20, 0x20, 0x20, 0x20, 0x20, 0x20, 0x20, 0x20, 0x69, 0x66, 0x20, 0x28, 0x21, 0x61, // {.        if (!a
	0x6e, 0x79, 0x28, 0x69, 0x6e, 0x2e, 0x76, 0x5f, 0x74, 0x65, 0x78, 0x63, 0x6f, 0x6f, 0x72, 0x64, // ny(in.v_texcoord
	0x32, 0x2e, 0x78, 0x79, 0x7a, 0x20, 0x3d, 0x3d, 0x20, 0x66, 0x6c, 0x6f, 0x61, 0x74, 0x33, 0x28, // 2.xyz == float3(
	0x30, 0x2e, 0x30, 0x29, 0x29, 0x29, 0x0a, 0x20, 0x20, 0x20, 0x20, 0x20, 0x20, 0x20, 0x20, 0x7b, // 0.0))).        {
	0x0a, 0x20, 0x20, 0x20, 0x20, 0x20, 0x20, 0x20, 0x20, 0x20, 0x20, 0x20, 0x20, 0x66, 0x6c, 0x6f, // .            flo
	0x61, 0x74, 0x34, 0x20, 0x5f, 0x35, 0x30, 0x34, 0x20, 0x3d, 0x20, 0x73, 0x5f, 0x74, 0x65, 0x78, // at4 _504 = s_tex
	0x43, 0x6f, 0x6c, 0x6f, 0x72, 0x2e, 0x73, 0x61, 0x6d, 0x70, 0x6c, 0x65, 0x28, 0x73, 0x5f, 0x74, // Color.sample(s_t
	0x65, 0x78, 0x43, 0x6f, 0x6c, 0x6f, 0x72, 0x53, 0x61, 0x6d, 0x70, 0x6c, 0x65, 0x72, 0x2c, 0x20, // exColorSampler, 
	0x69, 0x6e, 0x2e, 0x76, 0x5f, 0x74, 0x65, 0x78, 0x63, 0x6f, 0x6f, 0x72, 0x64, 0x32, 0x2e, 0x78, // in.v_texcoord2.x
	0x79, 0x7a, 0x29, 0x3b, 0x0a, 0x20, 0x20, 0x20, 0x20, 0x20, 0x20, 0x20, 0x20, 0x20, 0x20, 0x20, // yz);.           
	0x20, 0x73, 0x70, 0x76, 0x55, 0x6e, 0x73, 0x61, 0x66, 0x65, 0x41, 0x72, 0x72, 0x61, 0x79, 0x3c, //  spvUnsafeArray<
	0x66, 0x6c, 0x6f, 0x61, 0x74, 0x2c, 0x20, 0x34, 0x3e, 0x20, 0x5f, 0x33, 0x33, 0x31, 0x3b, 0x0a, // float, 4> _331;.
	0x20, 0x20, 0x20, 0x20, 0x20, 0x20, 0x20, 0x20, 0x20, 0x20, 0x20, 0x20, 0x5f, 0x33, 0x33, 0x31, //             _331
	0x5b, 0x30, 0x5d, 0x20, 0x3d, 0x20, 0x5f, 0x35, 0x30, 0x34, 0x2e, 0x7a, 0x3b, 0x0a, 0x20, 0x20, // [0] = _504.z;.  
	0x20, 0x20, 0x20, 0x20, 0x20, 0x20, 0x20, 0x20, 0x20, 0x20, 0x5f, 0x33, 0x33, 0x31, 0x5b, 0x31, //           _331[1
	0x5d, 0x20, 0x3d, 0x20, 0x5f, 0x35, 0x30, 0x34, 0x2e, 0x79, 0x3b, 0x0a, 0x20, 0x20, 0x20, 0x20, // ] = _504.y;.    
	0x20, 0x20, 0x20, 0x20, 0x20, 0x20, 0x20, 0x20, 0x5f, 0x33, 0x33, 0x31, 0x5b, 0x32, 0x5d, 0x20, //         _331[2] 
	0x3d, 0x20, 0x5f, 0x35, 0x30, 0x34, 0x2e, 0x78, 0x3b, 0x0a, 0x20, 0x20, 0x20, 0x20, 0x20, 0x20, // = _504.x;.      
	0x20, 0x20, 0x20, 0x20, 0x20, 0x20, 0x5f, 0x33, 0x33, 0x31, 0x5b, 0x33, 0x5d, 0x20, 0x3d, 0x20, //       _331[3] = 
	0x5f, 0x35, 0x30, 0x34, 0x2e, 0x77, 0x3b, 0x0a, 0x20, 0x20, 0x20, 0x20, 0x20, 0x20, 0x20, 0x20, // _504.w;.        
	0x20, 0x20, 0x20, 0x20, 0x66, 0x6c, 0x6f, 0x61, 0x74, 0x20, 0x5f, 0x33, 0x39, 0x35, 0x20, 0x3d, //     float _395 =
	0x20, 0x28, 0x28, 0x6c, 0x65, 0x6e, 0x67, 0x74, 0x68, 0x28, 0x66, 0x77, 0x69, 0x64, 0x74, 0x68, //  ((length(fwidth
	0x28, 0x69, 0x6e, 0x2e, 0x76, 0x5f, 0x74, 0x65, 0x78, 0x63, 0x6f, 0x6f, 0x72, 0x64, 0x32, 0x2e, // (in.v_texcoord2.
	0x78, 0x79, 0x7a, 0x29, 0x29, 0x20, 0x2a, 0x20, 0x31, 0x31, 0x2e, 0x33, 0x31, 0x33, 0x37, 0x30, // xyz)) * 11.31370
	0x38, 0x33, 0x30, 0x35, 0x33, 0x35, 0x38, 0x38, 0x38, 0x36, 0x37, 0x31, 0x38, 0x37, 0x35, 0x29, // 830535888671875)
	0x20, 0x2a, 0x20, 0x5f, 0x6d, 0x74, 0x6c, 0x5f, 0x75, 0x2e, 0x75, 0x5f, 0x70, 0x61, 0x72, 0x61, //  * _mtl_u.u_para
	0x6d, 0x73, 0x2e, 0x79, 0x29, 0x20, 0x2a, 0x20, 0x5f, 0x6d, 0x74, 0x6c, 0x5f, 0x75, 0x2e, 0x75, // ms.y) * _mtl_u.u
	0x5f, 0x70, 0x61, 0x72, 0x61, 0x6d, 0x73, 0x2e, 0x7a, 0x3b, 0x0a, 0x20, 0x20, 0x20, 0x20, 0x20, // _params.z;.     
	0x20, 0x20, 0x20, 0x20, 0x20, 0x20, 0x20, 0x5f, 0x35, 0x35, 0x37, 0x20, 0x3d, 0x20, 0x66, 0x6c, //        _557 = fl
	0x6f, 0x61, 0x74, 0x34, 0x28, 0x69, 0x6e, 0x2e, 0x76, 0x5f, 0x63, 0x6f, 0x6c, 0x6f, 0x72, 0x30, // oat4(in.v_color0
	0x2e, 0x78, 0x79, 0x7a, 0x2c, 0x20, 0x73, 0x6d, 0x6f, 0x6f, 0x74, 0x68, 0x73, 0x74, 0x65, 0x70, // .xyz, smoothstep
	0x28, 0x30, 0x2e, 0x35, 0x20, 0x2d, 0x20, 0x5f, 0x33, 0x39, 0x35, 0x2c, 0x20, 0x30, 0x2e, 0x35, // (0.5 - _395, 0.5
	0x20, 0x2b, 0x20, 0x5f, 0x33, 0x39, 0x35, 0x2c, 0x20, 0x5f, 0x33, 0x33, 0x31, 0x5b, 0x69, 0x6e, //  + _395, _331[in
	0x74, 0x28, 0x28, 0x69, 0x6e, 0x2e, 0x76, 0x5f, 0x74, 0x65, 0x78, 0x63, 0x6f, 0x6f, 0x72, 0x64, // t((in.v_texcoord
	0x32, 0x2e, 0x77, 0x20, 0x2a, 0x20, 0x34, 0x2e, 0x30, 0x29, 0x20, 0x2b, 0x20, 0x30, 0x2e, 0x35, // 2.w * 4.0) + 0.5
	0x29, 0x5d, 0x29, 0x20, 0x2a, 0x20, 0x69, 0x6e, 0x2e, 0x76, 0x5f, 0x63, 0x6f, 0x6c, 0x6f, 0x72, // )]) * in.v_color
	0x30, 0x2e, 0x77, 0x29, 0x3b, 0x0a, 0x20, 0x20, 0x20, 0x20, 0x20, 0x20, 0x20, 0x20, 0x20, 0x20, // 0.w);.          
	0x20, 0x20, 0x62, 0x72, 0x65, 0x61, 0x6b, 0x3b, 0x0a, 0x20, 0x20, 0x20, 0x20, 0x20, 0x20, 0x20, //   break;.       
	0x20, 0x7d, 0x0a, 0x20, 0x20, 0x20, 0x20, 0x20, 0x20, 0x20, 0x20, 0x69, 0x66, 0x20, 0x28, 0x61, //  }.        if (a
	0x6e, 0x79, 0x28, 0x69, 0x6e, 0x2e, 0x76, 0x5f, 0x74, 0x65, 0x78, 0x63, 0x6f, 0x6f, 0x72, 0x64, // ny(in.v_texcoord
	0x30, 0x2e, 0x78, 0x79, 0x7a, 0x20, 0x3d, 0x3d, 0x20, 0x66, 0x6c, 0x6f, 0x61, 0x74, 0x33, 0x28, // 0.xyz == float3(
	0x30, 0x2e, 0x30, 0x29, 0x29, 0x29, 0x0a, 0x20, 0x20, 0x20, 0x20, 0x20, 0x20, 0x20, 0x20, 0x7b, // 0.0))).        {
	0x0a, 0x20, 0x20, 0x20, 0x20, 0x20, 0x20, 0x20, 0x20, 0x20, 0x20, 0x20, 0x20, 0x66, 0x6c, 0x6f, // .            flo
	0x61, 0x74, 0x34, 0x20, 0x5f, 0x35, 0x31, 0x38, 0x20, 0x3d, 0x20, 0x73, 0x5f, 0x74, 0x65, 0x78, // at4 _518 = s_tex
	0x43, 0x6f, 0x6c, 0x6f, 0x72, 0x2e, 0x73, 0x61, 0x6d, 0x70, 0x6c, 0x65, 0x28, 0x73, 0x5f, 0x74, // Color.sample(s_t
	0x65, 0x78, 0x43, 0x6f, 0x6c, 0x6f, 0x72, 0x53, 0x61, 0x6d, 0x70, 0x6c, 0x65, 0x72, 0x2c, 0x20, // exColorSampler, 
	0x69, 0x6e, 0x2e, 0x76, 0x5f, 0x74, 0x65, 0x78, 0x63, 0x6f, 0x6f, 0x72, 0x64, 0x31, 0x2e, 0x78, // in.v_texcoord1.x
	0x79, 0x7a, 0x29, 0x3b, 0x0a, 0x20, 0x20, 0x20, 0x20, 0x20, 0x20, 0x20, 0x20, 0x20, 0x20, 0x20, // yz);.           
	0x20, 0x5f, 0x35, 0x35, 0x37, 0x20, 0x3d, 0x20, 0x66, 0x6c, 0x6f, 0x61, 0x74, 0x34, 0x28, 0x5f, //  _557 = float4(_
	0x35, 0x31, 0x38, 0x2e, 0x78, 0x79, 0x7a, 0x2c, 0x20, 0x5f, 0x35, 0x31, 0x38, 0x2e, 0x77, 0x20, // 518.xyz, _518.w 
	0x2a, 0x20, 0x69, 0x6e, 0x2e, 0x76, 0x5f, 0x63, 0x6f, 0x6c, 0x6f, 0x72, 0x30, 0x2e, 0x77, 0x29, // * in.v_color0.w)
	0x3b, 0x0a, 0x20, 0x20, 0x20, 0x20, 0x20, 0x20, 0x20, 0x20, 0x20, 0x20, 0x20, 0x20, 0x62, 0x72, // ;.            br
	0x65, 0x61, 0x6b, 0x3b, 0x0a, 0x20, 0x20, 0x20, 0x20, 0x20, 0x20, 0x20, 0x20, 0x7d, 0x0a, 0x20, // eak;.        }. 
	0x20, 0x20, 0x20, 0x20, 0x20, 0x20, 0x20, 0x66, 0x6c, 0x6f, 0x61, 0x74, 0x34, 0x20, 0x5f, 0x35, //        float4 _5
	0x32, 0x37, 0x20, 0x3d, 0x20, 0x73, 0x5f, 0x74, 0x65, 0x78, 0x43, 0x6f, 0x6c, 0x6f, 0x72, 0x2e, // 27 = s_texColor.
	0x73, 0x61, 0x6d, 0x70, 0x6c, 0x65, 0x28, 0x73, 0x5f, 0x74, 0x65, 0x78, 0x43, 0x6f, 0x6c, 0x6f, // sample(s_texColo
	0x72, 0x53, 0x61, 0x6d, 0x70, 0x6c, 0x65, 0x72, 0x2c, 0x20, 0x69, 0x6e, 0x2e, 0x76, 0x5f, 0x74, // rSampler, in.v_t
	0x65, 0x78, 0x63, 0x6f, 0x6f, 0x72, 0x64, 0x30, 0x2e, 0x78, 0x79, 0x7a, 0x29, 0x3b, 0x0a, 0x20, // excoord0.xyz);. 
	0x20, 0x20, 0x20, 0x20, 0x20, 0x20, 0x20, 0x73, 0x70, 0x76, 0x55, 0x6e, 0x73, 0x61, 0x66, 0x65, //        spvUnsafe
	0x41, 0x72, 0x72, 0x61, 0x79, 0x3c, 0x66, 0x6c, 0x6f, 0x61, 0x74, 0x2c, 0x20, 0x34, 0x3e, 0x20, // Array<float, 4> 
	0x5f, 0x33, 0x34, 0x35, 0x3b, 0x0a, 0x20, 0x20, 0x20, 0x20, 0x20, 0x20, 0x20, 0x20, 0x5f, 0x33, // _345;.        _3
	0x34, 0x35, 0x5b, 0x30, 0x5d, 0x20, 0x3d, 0x20, 0x5f, 0x35, 0x32, 0x37, 0x2e, 0x7a, 0x3b, 0x0a, // 45[0] = _527.z;.
	0x20, 0x20, 0x20, 0x20, 0x20, 0x20, 0x20, 0x20, 0x5f, 0x33, 0x34, 0x35, 0x5b, 0x31, 0x5d, 0x20, //         _345[1] 
	0x3d, 0x20, 0x5f, 0x35, 0x32, 0x37, 0x2e, 0x79, 0x3b, 0x0a, 0x20, 0x20, 0x20, 0x20, 0x20, 0x20, // = _527.y;.      
	0x20, 0x20, 0x5f, 0x33, 0x34, 0x35, 0x5b, 0x32, 0x5d, 0x20, 0x3d, 0x20, 0x5f, 0x35, 0x32, 0x37, //   _345[2] = _527
	0x2e, 0x78, 0x3b, 0x0a, 0x20, 0x20, 0x20, 0x20, 0x20, 0x20, 0x20, 0x20, 0x5f, 0x33, 0x34, 0x35, // .x;.        _345
	0x5b, 0x33, 0x5d, 0x20, 0x3d, 0x20, 0x5f, 0x35, 0x32, 0x37, 0x2e, 0x77, 0x3b, 0x0a, 0x20, 0x20, // [3] = _527.w;.  
	0x20, 0x20, 0x20, 0x20, 0x20, 0x20, 0x66, 0x6c, 0x6f, 0x61, 0x74, 0x20, 0x5f, 0x34, 0x36, 0x37, //       float _467
	0x20, 0x3d, 0x20, 0x28, 0x6c, 0x65, 0x6e, 0x67, 0x74, 0x68, 0x28, 0x66, 0x77, 0x69, 0x64, 0x74, //  = (length(fwidt
	0x68, 0x28, 0x69, 0x6e, 0x2e, 0x76, 0x5f, 0x74, 0x65, 0x78, 0x63, 0x6f, 0x6f, 0x72, 0x64, 0x30, // h(in.v_texcoord0
	0x2e, 0x78, 0x79, 0x7a, 0x29, 0x29, 0x20, 0x2a, 0x20, 0x31, 0x31, 0x2e, 0x33, 0x31, 0x33, 0x37, // .xyz)) * 11.3137
	0x30, 0x38, 0x33, 0x30, 0x35, 0x33, 0x35, 0x38, 0x38, 0x38, 0x36, 0x37, 0x31, 0x38, 0x37, 0x35, // 0830535888671875
	0x29, 0x20, 0x2a, 0x20, 0x5f, 0x6d, 0x74, 0x6c, 0x5f, 0x75, 0x2e, 0x75, 0x5f, 0x70, 0x61, 0x72, // ) * _mtl_u.u_par
	0x61, 0x6d, 0x73, 0x2e, 0x79, 0x3b, 0x0a, 0x20, 0x20, 0x20, 0x20, 0x20, 0x20, 0x20, 0x20, 0x5f, // ams.y;.        _
	0x35, 0x35, 0x37, 0x20, 0x3d, 0x20, 0x66, 0x6c, 0x6f, 0x61, 0x74, 0x34, 0x28, 0x69, 0x6e, 0x2e, // 557 = float4(in.
	0x76, 0x5f, 0x63, 0x6f, 0x6c, 0x6f, 0x72, 0x30, 0x2e, 0x78, 0x79, 0x7a, 0x2c, 0x20, 0x73, 0x6d, // v_color0.xyz, sm
	0x6f, 0x6f, 0x74, 0x68, 0x73, 0x74, 0x65, 0x70, 0x28, 0x30, 0x2e, 0x35, 0x20, 0x2d, 0x20, 0x5f, // oothstep(0.5 - _
	0x34, 0x36, 0x37, 0x2c, 0x20, 0x30, 0x2e, 0x35, 0x20, 0x2b, 0x20, 0x5f, 0x34, 0x36, 0x37, 0x2c, // 467, 0.5 + _467,
	0x20, 0x5f, 0x33, 0x34, 0x35, 0x5b, 0x69, 0x6e, 0x74, 0x28, 0x28, 0x69, 0x6e, 0x2e, 0x76, 0x5f, //  _345[int((in.v_
	0x74, 0x65, 0x78, 0x63, 0x6f, 0x6f, 0x72, 0x64, 0x30, 0x2e, 0x77, 0x20, 0x2a, 0x20, 0x34, 0x2e, // texcoord0.w * 4.
	0x30, 0x29, 0x20, 0x2b, 0x20, 0x30, 0x2e, 0x35, 0x29, 0x5d, 0x29, 0x20, 0x2a, 0x20, 0x69, 0x6e, // 0) + 0.5)]) * in
	0x2e, 0x76, 0x5f, 0x63, 0x6f, 0x6c, 0x6f, 0x72, 0x30, 0x2e, 0x77, 0x29, 0x3b, 0x0a, 0x20, 0x20, // .v_color0.w);.  
	0x20, 0x20, 0x20, 0x20, 0x20, 0x20, 0x62, 0x72, 0x65, 0x61, 0x6b, 0x3b, 0x0a, 0x20, 0x20, 0x20, //       break;.   
	0x20, 0x7d, 0x20, 0x77, 0x68, 0x69, 0x6c, 0x65, 0x28, 0x66, 0x61, 0x6c, 0x73, 0x65, 0x29, 0x3b, //  } while(false);
	0x0a, 0x20, 0x20, 0x20, 0x20, 0x6f, 0x75, 0x74, 0x2e, 0x62, 0x67, 0x66, 0x78, 0x5f, 0x46, 0x72, // .    out.bgfx_Fr
	0x61, 0x67, 0x44, 0x61, 0x74, 0x61, 0x30, 0x20, 0x3d, 0x20, 0x5f, 0x35, 0x35, 0x37, 0x3b, 0x0a, // agData0 = _557;.
	0x20, 0x20, 0x20, 0x20, 0x72, 0x65, 0x74, 0x75, 0x72, 0x6e, 0x20, 0x6f, 0x75, 0x74, 0x3b, 0x0a, //     return out;.
	0x7d, 0x0a, 0x0a, 0x00, 0x00, 0x30, 0x00,                                                       // }....0.
};
extern const uint8_t* fs_font_distance_field_drop_shadow_image_pssl;
extern const uint32_t fs_font_distance_field_drop_shadow_image_pssl_size;
