static const uint8_t fs_font_distance_field_outline_image_glsl[1084] =
{
	0x46, 0x53, 0x48, 0x0c, 0x94, 0xf7, 0xae, 0x6e, 0x00, 0x00, 0x00, 0x00, 0x00, 0x00, 0x00, 0x00, // FSH....n........
	0x00, 0x00, 0x00, 0x00, 0x02, 0x00, 0x08, 0x75, 0x5f, 0x70, 0x61, 0x72, 0x61, 0x6d, 0x73, 0x02, // .......u_params.
	0x01, 0x00, 0x00, 0x01, 0x00, 0x00, 0x00, 0x00, 0x00, 0x0a, 0x73, 0x5f, 0x74, 0x65, 0x78, 0x43, // ..........s_texC
	0x6f, 0x6c, 0x6f, 0x72, 0x00, 0x01, 0x00, 0x00, 0x01, 0x00, 0x00, 0x04, 0x00, 0x00, 0xf9, 0x03, // olor............
	0x00, 0x00, 0x0a, 0x75, 0x6e, 0x69, 0x66, 0x6f, 0x72, 0x6d, 0x20, 0x73, 0x61, 0x6d, 0x70, 0x6c, // ...uniform sampl
	0x65, 0x72, 0x43, 0x75, 0x62, 0x65, 0x20, 0x73, 0x5f, 0x74, 0x65, 0x78, 0x43, 0x6f, 0x6c, 0x6f, // erCube s_texColo
	0x72, 0x3b, 0x0a, 0x75, 0x6e, 0x69, 0x66, 0x6f, 0x72, 0x6d, 0x20, 0x76, 0x65, 0x63, 0x34, 0x20, // r;.uniform vec4 
	0x75, 0x5f, 0x70, 0x61, 0x72, 0x61, 0x6d, 0x73, 0x3b, 0x0a, 0x0a, 0x69, 0x6e, 0x20, 0x76, 0x65, // u_params;..in ve
	0x63, 0x34, 0x20, 0x76, 0x5f, 0x74, 0x65, 0x78, 0x63, 0x6f, 0x6f, 0x72, 0x64, 0x30, 0x3b, 0x0a, // c4 v_texcoord0;.
	0x69, 0x6e, 0x20, 0x76, 0x65, 0x63, 0x34, 0x20, 0x76, 0x5f, 0x74, 0x65, 0x78, 0x63, 0x6f, 0x6f, // in vec4 v_texcoo
	0x72, 0x64, 0x31, 0x3b, 0x0a, 0x6c, 0x61, 0x79, 0x6f, 0x75, 0x74, 0x28, 0x6c, 0x6f, 0x63, 0x61, // rd1;.layout(loca
	0x74, 0x69, 0x6f, 0x6e, 0x20, 0x3d, 0x20, 0x30, 0x29, 0x20, 0x6f, 0x75, 0x74, 0x20, 0x76, 0x65, // tion = 0) out ve
	0x63, 0x34, 0x20, 0x62, 0x67, 0x66, 0x78, 0x5f, 0x46, 0x72, 0x61, 0x67, 0x43, 0x6f, 0x6c, 0x6f, // c4 bgfx_FragColo
	0x72, 0x3b, 0x0a, 0x69, 0x6e, 0x20, 0x76, 0x65, 0x63, 0x34, 0x20, 0x76, 0x5f, 0x63, 0x6f, 0x6c, // r;.in vec4 v_col
	0x6f, 0x72, 0x30, 0x3b, 0x0a, 0x69, 0x6e, 0x20, 0x76, 0x65, 0x63, 0x34, 0x20, 0x76, 0x5f, 0x63, // or0;.in vec4 v_c
	0x6f, 0x6c, 0x6f, 0x72, 0x31, 0x3b, 0x0a, 0x0a, 0x76, 0x6f, 0x69, 0x64, 0x20, 0x6d, 0x61, 0x69, // olor1;..void mai
	0x6e, 0x28, 0x29, 0x0a, 0x7b, 0x0a, 0x20, 0x20, 0x20, 0x20, 0x64, 0x6f, 0x0a, 0x20, 0x20, 0x20, // n().{.    do.   
	0x20, 0x7b, 0x0a, 0x20, 0x20, 0x20, 0x20, 0x20, 0x20, 0x20, 0x20, 0x69, 0x66, 0x20, 0x28, 0x61, //  {.        if (a
	0x6e, 0x79, 0x28, 0x65, 0x71, 0x75, 0x61, 0x6c, 0x28, 0x76, 0x5f, 0x74, 0x65, 0x78, 0x63, 0x6f, // ny(equal(v_texco
	0x6f, 0x72, 0x64, 0x30, 0x2e, 0x78, 0x79, 0x7a, 0x2c, 0x20, 0x76, 0x65, 0x63, 0x33, 0x28, 0x30, // ord0.xyz, vec3(0
	0x2e, 0x30, 0x29, 0x29, 0x29, 0x29, 0x0a, 0x20, 0x20, 0x20, 0x20, 0x20, 0x20, 0x20, 0x20, 0x7b, // .0)))).        {
	0x0a, 0x20, 0x20, 0x20, 0x20, 0x20, 0x20, 0x20, 0x20, 0x20, 0x20, 0x20, 0x20, 0x76, 0x65, 0x63, // .            vec
	0x34, 0x20, 0x5f, 0x33, 0x31, 0x20, 0x3d, 0x20, 0x74, 0x65, 0x78, 0x74, 0x75, 0x72, 0x65, 0x28, // 4 _31 = texture(
	0x73, 0x5f, 0x74, 0x65, 0x78, 0x43, 0x6f, 0x6c, 0x6f, 0x72, 0x2c, 0x20, 0x76, 0x5f, 0x74, 0x65, // s_texColor, v_te
	0x78, 0x63, 0x6f, 0x6f, 0x72, 0x64, 0x31, 0x2e, 0x78, 0x79, 0x7a, 0x29, 0x3b, 0x0a, 0x20, 0x20, // xcoord1.xyz);.  
	0x20, 0x20, 0x20, 0x20, 0x20, 0x20, 0x20, 0x20, 0x20, 0x20, 0x62, 0x67, 0x66, 0x78, 0x5f, 0x46, //           bgfx_F
	0x72, 0x61, 0x67, 0x43, 0x6f, 0x6c, 0x6f, 0x72, 0x20, 0x3d, 0x20, 0x76, 0x65, 0x63, 0x34, 0x28, // ragColor = vec4(
	0x5f, 0x33, 0x31, 0x2e, 0x78, 0x79, 0x7a, 0x2c, 0x20, 0x5f, 0x33, 0x31, 0x2e, 0x77, 0x20, 0x2a, // _31.xyz, _31.w *
	0x20, 0x76, 0x5f, 0x63, 0x6f, 0x6c, 0x6f, 0x72, 0x30, 0x2e, 0x77, 0x29, 0x3b, 0x0a, 0x20, 0x20, //  v_color0.w);.  
	0x20, 0x20, 0x20, 0x20, 0x20, 0x20, 0x20, 0x20, 0x20, 0x20, 0x62, 0x72, 0x65, 0x61, 0x6b, 0x3b, //           break;
	0x0a, 0x20, 0x20, 0x20, 0x20, 0x20, 0x20, 0x20, 0x20, 0x7d, 0x0a, 0x20, 0x20, 0x20, 0x20, 0x20, // .        }.     
	0x20, 0x20, 0x20, 0x76, 0x65, 0x63, 0x34, 0x20, 0x5f, 0x35, 0x35, 0x20, 0x3d, 0x20, 0x74, 0x65, //    vec4 _55 = te
	0x78, 0x74, 0x75, 0x72, 0x65, 0x28, 0x73, 0x5f, 0x74, 0x65, 0x78, 0x43, 0x6f, 0x6c, 0x6f, 0x72, // xture(s_texColor
	0x2c, 0x20, 0x76, 0x5f, 0x74, 0x65, 0x78, 0x63, 0x6f, 0x6f, 0x72, 0x64, 0x30, 0x2e, 0x78, 0x79, // , v_texcoord0.xy
	0x7a, 0x29, 0x3b, 0x0a, 0x20, 0x20, 0x20, 0x20, 0x20, 0x20, 0x20, 0x20, 0x69, 0x6e, 0x74, 0x20, // z);.        int 
	0x5f, 0x36, 0x35, 0x20, 0x3d, 0x20, 0x69, 0x6e, 0x74, 0x28, 0x28, 0x76, 0x5f, 0x74, 0x65, 0x78, // _65 = int((v_tex
	0x63, 0x6f, 0x6f, 0x72, 0x64, 0x30, 0x2e, 0x77, 0x20, 0x2a, 0x20, 0x34, 0x2e, 0x30, 0x29, 0x20, // coord0.w * 4.0) 
	0x2b, 0x20, 0x30, 0x2e, 0x35, 0x29, 0x3b, 0x0a, 0x20, 0x20, 0x20, 0x20, 0x20, 0x20, 0x20, 0x20, // + 0.5);.        
	0x66, 0x6c, 0x6f, 0x61, 0x74, 0x20, 0x72, 0x67, 0x62, 0x61, 0x5b, 0x34, 0x5d, 0x3b, 0x0a, 0x20, // float rgba[4];. 
	0x20, 0x20, 0x20, 0x20, 0x20, 0x20, 0x20, 0x72, 0x67, 0x62, 0x61, 0x5b, 0x30, 0x5d, 0x20, 0x3d, //        rgba[0] =
	0x20, 0x5f, 0x35, 0x35, 0x2e, 0x7a, 0x3b, 0x0a, 0x20, 0x20, 0x20, 0x20, 0x20, 0x20, 0x20, 0x20, //  _55.z;.        
	0x72, 0x67, 0x62, 0x61, 0x5b, 0x31, 0x5d, 0x20, 0x3d, 0x20, 0x5f, 0x35, 0x35, 0x2e, 0x79, 0x3b, // rgba[1] = _55.y;
	0x0a, 0x20, 0x20, 0x20, 0x20, 0x20, 0x20, 0x20, 0x20, 0x72, 0x67, 0x62, 0x61, 0x5b, 0x32, 0x5d, // .        rgba[2]
	0x20, 0x3d, 0x20, 0x5f, 0x35, 0x35, 0x2e, 0x78, 0x3b, 0x0a, 0x20, 0x20, 0x20, 0x20, 0x20, 0x20, //  = _55.x;.      
	0x20, 0x20, 0x72, 0x67, 0x62, 0x61, 0x5b, 0x33, 0x5d, 0x20, 0x3d, 0x20, 0x5f, 0x35, 0x35, 0x2e, //   rgba[3] = _55.
	0x77, 0x3b, 0x0a, 0x20, 0x20, 0x20, 0x20, 0x20, 0x20, 0x20, 0x20, 0x66, 0x6c, 0x6f, 0x61, 0x74, // w;.        float
	0x20, 0x5f, 0x31, 0x30, 0x37, 0x20, 0x3d, 0x20, 0x28, 0x6c, 0x65, 0x6e, 0x67, 0x74, 0x68, 0x28, //  _107 = (length(
	0x66, 0x77, 0x69, 0x64, 0x74, 0x68, 0x28, 0x76, 0x5f, 0x74, 0x65, 0x78, 0x63, 0x6f, 0x6f, 0x72, // fwidth(v_texcoor
	0x64, 0x30, 0x2e, 0x78, 0x79, 0x7a, 0x29, 0x29, 0x20, 0x2a, 0x20, 0x31, 0x31, 0x2e, 0x33, 0x31, // d0.xyz)) * 11.31
	0x33, 0x37, 0x30, 0x38, 0x33, 0x30, 0x35, 0x33, 0x35, 0x38, 0x38, 0x38, 0x36, 0x37, 0x31, 0x38, // 3708305358886718
	0x37, 0x35, 0x29, 0x20, 0x2a, 0x20, 0x75, 0x5f, 0x70, 0x61, 0x72, 0x61, 0x6d, 0x73, 0x2e, 0x79, // 75) * u_params.y
	0x3b, 0x0a, 0x20, 0x20, 0x20, 0x20, 0x20, 0x20, 0x20, 0x20, 0x66, 0x6c, 0x6f, 0x61, 0x74, 0x20, // ;.        float 
	0x5f, 0x31, 0x31, 0x35, 0x20, 0x3d, 0x20, 0x30, 0x2e, 0x35, 0x20, 0x2d, 0x20, 0x28, 0x75, 0x5f, // _115 = 0.5 - (u_
	0x70, 0x61, 0x72, 0x61, 0x6d, 0x73, 0x2e, 0x77, 0x20, 0x2a, 0x20, 0x5f, 0x31, 0x30, 0x37, 0x29, // params.w * _107)
	0x3b, 0x0a, 0x20, 0x20, 0x20, 0x20, 0x20, 0x20, 0x20, 0x20, 0x62, 0x67, 0x66, 0x78, 0x5f, 0x46, // ;.        bgfx_F
	0x72, 0x61, 0x67, 0x43, 0x6f, 0x6c, 0x6f, 0x72, 0x20, 0x3d, 0x20, 0x76, 0x65, 0x63, 0x34, 0x28, // ragColor = vec4(
	0x6d, 0x69, 0x78, 0x28, 0x76, 0x5f, 0x63, 0x6f, 0x6c, 0x6f, 0x72, 0x31, 0x2e, 0x78, 0x79, 0x7a, // mix(v_color1.xyz
	0x2c, 0x20, 0x76, 0x5f, 0x63, 0x6f, 0x6c, 0x6f, 0x72, 0x30, 0x2e, 0x78, 0x79, 0x7a, 0x2c, 0x20, // , v_color0.xyz, 
	0x76, 0x65, 0x63, 0x33, 0x28, 0x73, 0x6d, 0x6f, 0x6f, 0x74, 0x68, 0x73, 0x74, 0x65, 0x70, 0x28, // vec3(smoothstep(
	0x30, 0x2e, 0x35, 0x20, 0x2d, 0x20, 0x5f, 0x31, 0x30, 0x37, 0x2c, 0x20, 0x30, 0x2e, 0x35, 0x20, // 0.5 - _107, 0.5 
	0x2b, 0x20, 0x5f, 0x31, 0x30, 0x37, 0x2c, 0x20, 0x72, 0x67, 0x62, 0x61, 0x5b, 0x5f, 0x36, 0x35, // + _107, rgba[_65
	0x5d, 0x29, 0x29, 0x29, 0x2c, 0x20, 0x73, 0x6d, 0x6f, 0x6f, 0x74, 0x68, 0x73, 0x74, 0x65, 0x70, // ]))), smoothstep
	0x28, 0x5f, 0x31, 0x31, 0x35, 0x20, 0x2d, 0x20, 0x5f, 0x31, 0x30, 0x37, 0x2c, 0x20, 0x5f, 0x31, // (_115 - _107, _1
	0x31, 0x35, 0x20, 0x2b, 0x20, 0x5f, 0x31, 0x30, 0x37, 0x2c, 0x20, 0x72, 0x67, 0x62, 0x61, 0x5b, // 15 + _107, rgba[
	0x5f, 0x36, 0x35, 0x5d, 0x29, 0x20, 0x2a, 0x20, 0x76, 0x5f, 0x63, 0x6f, 0x6c, 0x6f, 0x72, 0x30, // _65]) * v_color0
	0x2e, 0x77, 0x29, 0x3b, 0x0a, 0x20, 0x20, 0x20, 0x20, 0x20, 0x20, 0x20, 0x20, 0x62, 0x72, 0x65, // .w);.        bre
	0x61, 0x6b, 0x3b, 0x0a, 0x20, 0x20, 0x20, 0x20, 0x7d, 0x20, 0x77, 0x68, 0x69, 0x6c, 0x65, 0x28, // ak;.    } while(
	0x66, 0x61, 0x6c, 0x73, 0x65, 0x29, 0x3b, 0x0a, 0x7d, 0x0a, 0x0a, 0x00,                         // false);.}...
};
static const uint8_t fs_font_distance_field_outline_image_essl[1202] =
{
	0x46, 0x53, 0x48, 0x0c, 0x94, 0xf7, 0xae, 0x6e, 0x00, 0x00, 0x00, 0x00, 0x00, 0x00, 0x00, 0x00, // FSH....n........
	0x00, 0x00, 0x00, 0x00, 0x02, 0x00, 0x08, 0x75, 0x5f, 0x70, 0x61, 0x72, 0x61, 0x6d, 0x73, 0x02, // .......u_params.
	0x01, 0x00, 0x00, 0x01, 0x00, 0x00, 0x00, 0x00, 0x00, 0x0a, 0x73, 0x5f, 0x74, 0x65, 0x78, 0x43, // ..........s_texC
	0x6f, 0x6c, 0x6f, 0x72, 0x00, 0x01, 0x00, 0x00, 0x01, 0x00, 0x00, 0x04, 0x00, 0x00, 0x6f, 0x04, // olor..........o.
	0x00, 0x00, 0x70, 0x72, 0x65, 0x63, 0x69, 0x73, 0x69, 0x6f, 0x6e, 0x20, 0x6d, 0x65, 0x64, 0x69, // ..precision medi
	0x75, 0x6d, 0x70, 0x20, 0x66, 0x6c, 0x6f, 0x61, 0x74, 0x3b, 0x0a, 0x70, 0x72, 0x65, 0x63, 0x69, // ump float;.preci
	0x73, 0x69, 0x6f, 0x6e, 0x20, 0x68, 0x69, 0x67, 0x68, 0x70, 0x20, 0x69, 0x6e, 0x74, 0x3b, 0x0a, // sion highp int;.
	0x0a, 0x75, 0x6e, 0x69, 0x66, 0x6f, 0x72, 0x6d, 0x20, 0x68, 0x69, 0x67, 0x68, 0x70, 0x20, 0x73, // .uniform highp s
	0x61, 0x6d, 0x70, 0x6c, 0x65, 0x72, 0x43, 0x75, 0x62, 0x65, 0x20, 0x73, 0x5f, 0x74, 0x65, 0x78, // amplerCube s_tex
	0x43, 0x6f, 0x6c, 0x6f, 0x72, 0x3b, 0x0a, 0x75, 0x6e, 0x69, 0x66, 0x6f, 0x72, 0x6d, 0x20, 0x68, // Color;.uniform h
	0x69, 0x67, 0x68, 0x70, 0x20, 0x76, 0x65, 0x63, 0x34, 0x20, 0x75, 0x5f, 0x70, 0x61, 0x72, 0x61, // ighp vec4 u_para
	0x6d, 0x73, 0x3b, 0x0a, 0x0a, 0x69, 0x6e, 0x20, 0x68, 0x69, 0x67, 0x68, 0x70, 0x20, 0x76, 0x65, // ms;..in highp ve
	0x63, 0x34, 0x20, 0x76, 0x5f, 0x74, 0x65, 0x78, 0x63, 0x6f, 0x6f, 0x72, 0x64, 0x30, 0x3b, 0x0a, // c4 v_texcoord0;.
	0x69, 0x6e, 0x20, 0x68, 0x69, 0x67, 0x68, 0x70, 0x20, 0x76, 0x65, 0x63, 0x34, 0x20, 0x76, 0x5f, // in highp vec4 v_
	0x74, 0x65, 0x78, 0x63, 0x6f, 0x6f, 0x72, 0x64, 0x31, 0x3b, 0x0a, 0x6c, 0x61, 0x79, 0x6f, 0x75, // texcoord1;.layou
	0x74, 0x28, 0x6c, 0x6f, 0x63, 0x61, 0x74, 0x69, 0x6f, 0x6e, 0x20, 0x3d, 0x20, 0x30, 0x29, 0x20, // t(location = 0) 
	0x6f, 0x75, 0x74, 0x20, 0x68, 0x69, 0x67, 0x68, 0x70, 0x20, 0x76, 0x65, 0x63, 0x34, 0x20, 0x62, // out highp vec4 b
	0x67, 0x66, 0x78, 0x5f, 0x46, 0x72, 0x61, 0x67, 0x43, 0x6f, 0x6c, 0x6f, 0x72, 0x3b, 0x0a, 0x69, // gfx_FragColor;.i
	0x6e, 0x20, 0x68, 0x69, 0x67, 0x68, 0x70, 0x20, 0x76, 0x65, 0x63, 0x34, 0x20, 0x76, 0x5f, 0x63, // n highp vec4 v_c
	0x6f, 0x6c, 0x6f, 0x72, 0x30, 0x3b, 0x0a, 0x69, 0x6e, 0x20, 0x68, 0x69, 0x67, 0x68, 0x70, 0x20, // olor0;.in highp 
	0x76, 0x65, 0x63, 0x34, 0x20, 0x76, 0x5f, 0x63, 0x6f, 0x6c, 0x6f, 0x72, 0x31, 0x3b, 0x0a, 0x0a, // vec4 v_color1;..
	0x76, 0x6f, 0x69, 0x64, 0x20, 0x6d, 0x61, 0x69, 0x6e, 0x28, 0x29, 0x0a, 0x7b, 0x0a, 0x20, 0x20, // void main().{.  
	0x20, 0x20, 0x64, 0x6f, 0x0a, 0x20, 0x20, 0x20, 0x20, 0x7b, 0x0a, 0x20, 0x20, 0x20, 0x20, 0x20, //   do.    {.     
	0x20, 0x20, 0x20, 0x69, 0x66, 0x20, 0x28, 0x61, 0x6e, 0x79, 0x28, 0x65, 0x71, 0x75, 0x61, 0x6c, //    if (any(equal
	0x28, 0x76, 0x5f, 0x74, 0x65, 0x78, 0x63, 0x6f, 0x6f, 0x72, 0x64, 0x30, 0x2e, 0x78, 0x79, 0x7a, // (v_texcoord0.xyz
	0x2c, 0x20, 0x76, 0x65, 0x63, 0x33, 0x28, 0x30, 0x2e, 0x30, 0x29, 0x29, 0x29, 0x29, 0x0a, 0x20, // , vec3(0.0)))). 
	0x20, 0x20, 0x20, 0x20, 0x20, 0x20, 0x20, 0x7b, 0x0a, 0x20, 0x20, 0x20, 0x20, 0x20, 0x20, 0x20, //        {.       
	0x20, 0x20, 0x20, 0x20, 0x20, 0x68, 0x69, 0x67, 0x68, 0x70, 0x20, 0x76, 0x65, 0x63, 0x34, 0x20, //      highp vec4 
	0x5f, 0x33, 0x31, 0x20, 0x3d, 0x20, 0x74, 0x65, 0x78, 0x74, 0x75, 0x72, 0x65, 0x28, 0x73, 0x5f, // _31 = texture(s_
	0x74, 0x65, 0x78, 0x43, 0x6f, 0x6c, 0x6f, 0x72, 0x2c, 0x20, 0x76, 0x5f, 0x74, 0x65, 0x78, 0x63, // texColor, v_texc
	0x6f, 0x6f, 0x72, 0x64, 0x31, 0x2e, 0x78, 0x79, 0x7a, 0x29, 0x3b, 0x0a, 0x20, 0x20, 0x20, 0x20, // oord1.xyz);.    
	0x20, 0x20, 0x20, 0x20, 0x20, 0x20, 0x20, 0x20, 0x62, 0x67, 0x66, 0x78, 0x5f, 0x46, 0x72, 0x61, //         bgfx_Fra
	0x67, 0x43, 0x6f, 0x6c, 0x6f, 0x72, 0x20, 0x3d, 0x20, 0x76, 0x65, 0x63, 0x34, 0x28, 0x5f, 0x33, // gColor = vec4(_3
	0x31, 0x2e, 0x78, 0x79, 0x7a, 0x2c, 0x20, 0x5f, 0x33, 0x31, 0x2e, 0x77, 0x20, 0x2a, 0x20, 0x76, // 1.xyz, _31.w * v
	0x5f, 0x63, 0x6f, 0x6c, 0x6f, 0x72, 0x30, 0x2e, 0x77, 0x29, 0x3b, 0x0a, 0x20, 0x20, 0x20, 0x20, // _color0.w);.    
	0x20, 0x20, 0x20, 0x20, 0x20, 0x20, 0x20, 0x20, 0x62, 0x72, 0x65, 0x61, 0x6b, 0x3b, 0x0a, 0x20, //         break;. 
	0x20, 0x20, 0x20, 0x20, 0x20, 0x20, 0x20, 0x7d, 0x0a, 0x20, 0x20, 0x20, 0x20, 0x20, 0x20, 0x20, //        }.       
	0x20, 0x68, 0x69, 0x67, 0x68, 0x70, 0x20, 0x76, 0x65, 0x63, 0x34, 0x20, 0x5f, 0x35, 0x35, 0x20, //  highp vec4 _55 
	0x3d, 0x20, 0x74, 0x65, 0x78, 0x74, 0x75, 0x72, 0x65, 0x28, 0x73, 0x5f, 0x74, 0x65, 0x78, 0x43, // = texture(s_texC
	0x6f, 0x6c, 0x6f, 0x72, 0x2c, 0x20, 0x76, 0x5f, 0x74, 0x65, 0x78, 0x63, 0x6f, 0x6f, 0x72, 0x64, // olor, v_texcoord
	0x30, 0x2e, 0x78, 0x79, 0x7a, 0x29, 0x3b, 0x0a, 0x20, 0x20, 0x20, 0x20, 0x20, 0x20, 0x20, 0x20, // 0.xyz);.        
	0x69, 0x6e, 0x74, 0x20, 0x5f, 0x36, 0x35, 0x20, 0x3d, 0x20, 0x69, 0x6e, 0x74, 0x28, 0x28, 0x76, // int _65 = int((v
	0x5f, 0x74, 0x65, 0x78, 0x63, 0x6f, 0x6f, 0x72, 0x64, 0x30, 0x2e, 0x77, 0x20, 0x2a, 0x20, 0x34, // _texcoord0.w * 4
	0x2e, 0x30, 0x29, 0x20, 0x2b, 0x20, 0x30, 0x2e, 0x35, 0x29, 0x3b, 0x0a, 0x20, 0x20, 0x20, 0x20, // .0) + 0.5);.    
	0x20, 0x20, 0x20, 0x20, 0x68, 0x69, 0x67, 0x68, 0x70, 0x20, 0x66, 0x6c, 0x6f, 0x61, 0x74, 0x20, //     highp float 
	0x72, 0x67, 0x62, 0x61, 0x5b, 0x34, 0x5d, 0x3b, 0x0a, 0x20, 0x20, 0x20, 0x20, 0x20, 0x20, 0x20, // rgba[4];.       
	0x20, 0x72, 0x67, 0x62, 0x61, 0x5b, 0x30, 0x5d, 0x20, 0x3d, 0x20, 0x5f, 0x35, 0x35, 0x2e, 0x7a, //  rgba[0] = _55.z
	0x3b, 0x0a, 0x20, 0x20, 0x20, 0x20, 0x20, 0x20, 0x20, 0x20, 0x72, 0x67, 0x62, 0x61, 0x5b, 0x31, // ;.        rgba[1
	0x5d, 0x20, 0x3d, 0x20, 0x5f, 0x35, 0x35, 0x2e, 0x79, 0x3b, 0x0a, 0x20, 0x20, 0x20, 0x20, 0x20, // ] = _55.y;.     
	0x20, 0x20, 0x20, 0x72, 0x67, 0x62, 0x61, 0x5b, 0x32, 0x5d, 0x20, 0x3d, 0x20, 0x5f, 0x35, 0x35, //    rgba[2] = _55
	0x2e, 0x78, 0x3b, 0x0a, 0x20, 0x20, 0x20, 0x20, 0x20, 0x20, 0x20, 0x20, 0x72, 0x67, 0x62, 0x61, // .x;.        rgba
	0x5b, 0x33, 0x5d, 0x20, 0x3d, 0x20, 0x5f, 0x35, 0x35, 0x2e, 0x77, 0x3b, 0x0a, 0x20, 0x20, 0x20, // [3] = _55.w;.   
	0x20, 0x20, 0x20, 0x20, 0x20, 0x68, 0x69, 0x67, 0x68, 0x70, 0x20, 0x66, 0x6c, 0x6f, 0x61, 0x74, //      highp float
	0x20, 0x5f, 0x31, 0x30, 0x37, 0x20, 0x3d, 0x20, 0x28, 0x6c, 0x65, 0x6e, 0x67, 0x74, 0x68, 0x28, //  _107 = (length(
	0x66, 0x77, 0x69, 0x64, 0x74, 0x68, 0x28, 0x76, 0x5f, 0x74, 0x65, 0x78, 0x63, 0x6f, 0x6f, 0x72, // fwidth(v_texcoor
	0x64, 0x30, 0x2e, 0x78, 0x79, 0x7a, 0x29, 0x29, 0x20, 0x2a, 0x20, 0x31, 0x31, 0x2e, 0x33, 0x31, // d0.xyz)) * 11.31
	0x33, 0x37, 0x30, 0x38, 0x33, 0x30, 0x35, 0x33, 0x35, 0x38, 0x38, 0x38, 0x36, 0x37, 0x31, 0x38, // 3708305358886718
	0x37, 0x35, 0x29, 0x20, 0x2a, 0x20, 0x75, 0x5f, 0x70, 0x61, 0x72, 0x61, 0x6d, 0x73, 0x2e, 0x79, // 75) * u_params.y
	0x3b, 0x0a, 0x20, 0x20, 0x20, 0x20, 0x20, 0x20, 0x20, 0x20, 0x68, 0x69, 0x67, 0x68, 0x70, 0x20, // ;.        highp 
	0x66, 0x6c, 0x6f, 0x61, 0x74, 0x20, 0x5f, 0x31, 0x31, 0x35, 0x20, 0x3d, 0x20, 0x30, 0x2e, 0x35, // float _115 = 0.5
	0x20, 0x2d, 0x20, 0x28, 0x75, 0x5f, 0x70, 0x61, 0x72, 0x61, 0x6d, 0x73, 0x2e, 0x77, 0x20, 0x2a, //  - (u_params.w *
	0x20, 0x5f, 0x31, 0x30, 0x37, 0x29, 0x3b, 0x0a, 0x20, 0x20, 0x20, 0x20, 0x20, 0x20, 0x20, 0x20, //  _107);.        
	0x62, 0x67, 0x66, 0x78, 0x5f, 0x46, 0x72, 0x61, 0x67, 0x43, 0x6f, 0x6c, 0x6f, 0x72, 0x20, 0x3d, // bgfx_FragColor =
	0x20, 0x76, 0x65, 0x63, 0x34, 0x28, 0x6d, 0x69, 0x78, 0x28, 0x76, 0x5f, 0x63, 0x6f, 0x6c, 0x6f, //  vec4(mix(v_colo
	0x72, 0x31, 0x2e, 0x78, 0x79, 0x7a, 0x2c, 0x20, 0x76, 0x5f, 0x63, 0x6f, 0x6c, 0x6f, 0x72, 0x30, // r1.xyz, v_color0
	0x2e, 0x78, 0x79, 0x7a, 0x2c, 0x20, 0x76, 0x65, 0x63, 0x33, 0x28, 0x73, 0x6d, 0x6f, 0x6f, 0x74, // .xyz, vec3(smoot
	0x68, 0x73, 0x74, 0x65, 0x70, 0x28, 0x30, 0x2e, 0x35, 0x20, 0x2d, 0x20, 0x5f, 0x31, 0x30, 0x37, // hstep(0.5 - _107
	0x2c, 0x20, 0x30, 0x2e, 0x35, 0x20, 0x2b, 0x20, 0x5f, 0x31, 0x30, 0x37, 0x2c, 0x20, 0x72, 0x67, // , 0.5 + _107, rg
	0x62, 0x61, 0x5b, 0x5f, 0x36, 0x35, 0x5d, 0x29, 0x29, 0x29, 0x2c, 0x20, 0x73, 0x6d, 0x6f, 0x6f, // ba[_65]))), smoo
	0x74, 0x68, 0x73, 0x74, 0x65, 0x70, 0x28, 0x5f, 0x31, 0x31, 0x35, 0x20, 0x2d, 0x20, 0x5f, 0x31, // thstep(_115 - _1
	0x30, 0x37, 0x2c, 0x20, 0x5f, 0x31, 0x31, 0x35, 0x20, 0x2b, 0x20, 0x5f, 0x31, 0x30, 0x37, 0x2c, // 07, _115 + _107,
	0x20, 0x72, 0x67, 0x62, 0x61, 0x5b, 0x5f, 0x36, 0x35, 0x5d, 0x29, 0x20, 0x2a, 0x20, 0x76, 0x5f, //  rgba[_65]) * v_
	0x63, 0x6f, 0x6c, 0x6f, 0x72, 0x30, 0x2e, 0x77, 0x29, 0x3b, 0x0a, 0x20, 0x20, 0x20, 0x20, 0x20, // color0.w);.     
	0x20, 0x20, 0x20, 0x62, 0x72, 0x65, 0x61, 0x6b, 0x3b, 0x0a, 0x20, 0x20, 0x20, 0x20, 0x7d, 0x20, //    break;.    } 
	0x77, 0x68, 0x69, 0x6c, 0x65, 0x28, 0x66, 0x61, 0x6c, 0x73, 0x65, 0x29, 0x3b, 0x0a, 0x7d, 0x0a, // while(false);.}.
	0x0a, 0x00,                                                                                     // ..
};
static const uint8_t fs_font_distance_field_outline_image_spv[2846] =
{
	0x46, 0x53, 0x48, 0x0c, 0x94, 0xf7, 0xae, 0x6e, 0x00, 0x00, 0x00, 0x00, 0x00, 0x00, 0x00, 0x00, // FSH....n........
	0x00, 0x00, 0x00, 0x00, 0x02, 0x00, 0x08, 0x75, 0x5f, 0x70, 0x61, 0x72, 0x61, 0x6d, 0x73, 0x12, // .......u_params.
	0x01, 0x00, 0x00, 0x01, 0x00, 0x00, 0x00, 0x00, 0x00, 0x0a, 0x73, 0x5f, 0x74, 0x65, 0x78, 0x43, // ..........s_texC
	0x6f, 0x6c, 0x6f, 0x72, 0x30, 0x00, 0x02, 0x00, 0x00, 0x00, 0x00, 0x04, 0x29, 0x00, 0xd8, 0x0a, // olor0.......)...
	0x00, 0x00, 0x03, 0x02, 0x23, 0x07, 0x00, 0x00, 0x01, 0x00, 0x0b, 0x00, 0x08, 0x00, 0xc2, 0x01, // ....#...........
	0x00, 0x00, 0x00, 0x00, 0x00, 0x00, 0x11, 0x00, 0x02, 0x00, 0x01, 0x00, 0x00, 0x00, 0x0b, 0x00, // ................
	0x06, 0x00, 0x01, 0x00, 0x00, 0x00, 0x47, 0x4c, 0x53, 0x4c, 0x2e, 0x73, 0x74, 0x64, 0x2e, 0x34, // ......GLSL.std.4
	0x35, 0x30, 0x00, 0x00, 0x00, 0x00, 0x0e, 0x00, 0x03, 0x00, 0x00, 0x00, 0x00, 0x00, 0x01, 0x00, // 50..............
	0x00, 0x00, 0x0f, 0x00, 0x0a, 0x00, 0x04, 0x00, 0x00, 0x00, 0x04, 0x00, 0x00, 0x00, 0x6d, 0x61, // ..............ma
	0x69, 0x6e, 0x00, 0x00, 0x00, 0x00, 0xe2, 0x00, 0x00, 0x00, 0xe5, 0x00, 0x00, 0x00, 0xe8, 0x00, // in..............
	0x00, 0x00, 0xeb, 0x00, 0x00, 0x00, 0xfc, 0x00, 0x00, 0x00, 0x10, 0x00, 0x03, 0x00, 0x04, 0x00, // ................
	0x00, 0x00, 0x07, 0x00, 0x00, 0x00, 0x03, 0x00, 0x03, 0x00, 0x05, 0x00, 0x00, 0x00, 0xf4, 0x01, // ................
	0x00, 0x00, 0x05, 0x00, 0x04, 0x00, 0x04, 0x00, 0x00, 0x00, 0x6d, 0x61, 0x69, 0x6e, 0x00, 0x00, // ..........main..
	0x00, 0x00, 0x05, 0x00, 0x07, 0x00, 0x32, 0x00, 0x00, 0x00, 0x73, 0x5f, 0x74, 0x65, 0x78, 0x43, // ......2...s_texC
	0x6f, 0x6c, 0x6f, 0x72, 0x53, 0x61, 0x6d, 0x70, 0x6c, 0x65, 0x72, 0x00, 0x00, 0x00, 0x05, 0x00, // olorSampler.....
	0x07, 0x00, 0x35, 0x00, 0x00, 0x00, 0x73, 0x5f, 0x74, 0x65, 0x78, 0x43, 0x6f, 0x6c, 0x6f, 0x72, // ..5...s_texColor
	0x54, 0x65, 0x78, 0x74, 0x75, 0x72, 0x65, 0x00, 0x00, 0x00, 0x05, 0x00, 0x06, 0x00, 0xaa, 0x00, // Texture.........
	0x00, 0x00, 0x55, 0x6e, 0x69, 0x66, 0x6f, 0x72, 0x6d, 0x42, 0x6c, 0x6f, 0x63, 0x6b, 0x00, 0x00, // ..UniformBlock..
	0x00, 0x00, 0x06, 0x00, 0x06, 0x00, 0xaa, 0x00, 0x00, 0x00, 0x00, 0x00, 0x00, 0x00, 0x75, 0x5f, // ..............u_
	0x70, 0x61, 0x72, 0x61, 0x6d, 0x73, 0x00, 0x00, 0x00, 0x00, 0x05, 0x00, 0x03, 0x00, 0xac, 0x00, // params..........
	0x00, 0x00, 0x00, 0x00, 0x00, 0x00, 0x05, 0x00, 0x05, 0x00, 0xe2, 0x00, 0x00, 0x00, 0x76, 0x5f, // ..............v_
	0x63, 0x6f, 0x6c, 0x6f, 0x72, 0x30, 0x00, 0x00, 0x00, 0x00, 0x05, 0x00, 0x05, 0x00, 0xe5, 0x00, // color0..........
	0x00, 0x00, 0x76, 0x5f, 0x63, 0x6f, 0x6c, 0x6f, 0x72, 0x31, 0x00, 0x00, 0x00, 0x00, 0x05, 0x00, // ..v_color1......
	0x05, 0x00, 0xe8, 0x00, 0x00, 0x00, 0x76, 0x5f, 0x74, 0x65, 0x78, 0x63, 0x6f, 0x6f, 0x72, 0x64, // ......v_texcoord
	0x30, 0x00, 0x05, 0x00, 0x05, 0x00, 0xeb, 0x00, 0x00, 0x00, 0x76, 0x5f, 0x74, 0x65, 0x78, 0x63, // 0.........v_texc
	0x6f, 0x6f, 0x72, 0x64, 0x31, 0x00, 0x05, 0x00, 0x06, 0x00, 0xfc, 0x00, 0x00, 0x00, 0x62, 0x67, // oord1.........bg
	0x66, 0x78, 0x5f, 0x46, 0x72, 0x61, 0x67, 0x44, 0x61, 0x74, 0x61, 0x30, 0x00, 0x00, 0x47, 0x00, // fx_FragData0..G.
	0x04, 0x00, 0x32, 0x00, 0x00, 0x00, 0x21, 0x00, 0x00, 0x00, 0x12, 0x00, 0x00, 0x00, 0x47, 0x00, // ..2...!.......G.
	0x04, 0x00, 0x32, 0x00, 0x00, 0x00, 0x22, 0x00, 0x00, 0x00, 0x00, 0x00, 0x00, 0x00, 0x47, 0x00, // ..2...".......G.
	0x04, 0x00, 0x35, 0x00, 0x00, 0x00, 0x21, 0x00, 0x00, 0x00, 0x02, 0x00, 0x00, 0x00, 0x47, 0x00, // ..5...!.......G.
	0x04, 0x00, 0x35, 0x00, 0x00, 0x00, 0x22, 0x00, 0x00, 0x00, 0x00, 0x00, 0x00, 0x00, 0x47, 0x00, // ..5...".......G.
	0x03, 0x00, 0xaa, 0x00, 0x00, 0x00, 0x02, 0x00, 0x00, 0x00, 0x48, 0x00, 0x05, 0x00, 0xaa, 0x00, // ..........H.....
	0x00, 0x00, 0x00, 0x00, 0x00, 0x00, 0x23, 0x00, 0x00, 0x00, 0x00, 0x00, 0x00, 0x00, 0x47, 0x00, // ......#.......G.
	0x04, 0x00, 0xac, 0x00, 0x00, 0x00, 0x21, 0x00, 0x00, 0x00, 0x01, 0x00, 0x00, 0x00, 0x47, 0x00, // ......!.......G.
	0x04, 0x00, 0xac, 0x00, 0x00, 0x00, 0x22, 0x00, 0x00, 0x00, 0x00, 0x00, 0x00, 0x00, 0x47, 0x00, // ......".......G.
	0x04, 0x00, 0xe2, 0x00, 0x00, 0x00, 0x1e, 0x00, 0x00, 0x00, 0x00, 0x00, 0x00, 0x00, 0x47, 0x00, // ..............G.
	0x04, 0x00, 0xe5, 0x00, 0x00, 0x00, 0x1e, 0x00, 0x00, 0x00, 0x01, 0x00, 0x00, 0x00, 0x47, 0x00, // ..............G.
	0x04, 0x00, 0xe8, 0x00, 0x00, 0x00, 0x1e, 0x00, 0x00, 0x00, 0x02, 0x00, 0x00, 0x00, 0x47, 0x00, // ..............G.
	0x04, 0x00, 0xeb, 0x00, 0x00, 0x00, 0x1e, 0x00, 0x00, 0x00, 0x03, 0x00, 0x00, 0x00, 0x47, 0x00, // ..............G.
	0x04, 0x00, 0xfc, 0x00, 0x00, 0x00, 0x1e, 0x00, 0x00, 0x00, 0x00, 0x00, 0x00, 0x00, 0x13, 0x00, // ................
	0x02, 0x00, 0x02, 0x00, 0x00, 0x00, 0x21, 0x00, 0x03, 0x00, 0x03, 0x00, 0x00, 0x00, 0x02, 0x00, // ......!.........
	0x00, 0x00, 0x1a, 0x00, 0x02, 0x00, 0x06, 0x00, 0x00, 0x00, 0x16, 0x00, 0x03, 0x00, 0x07, 0x00, // ................
	0x00, 0x00, 0x20, 0x00, 0x00, 0x00, 0x19, 0x00, 0x09, 0x00, 0x08, 0x00, 0x00, 0x00, 0x07, 0x00, // .. .............
	0x00, 0x00, 0x03, 0x00, 0x00, 0x00, 0x00, 0x00, 0x00, 0x00, 0x00, 0x00, 0x00, 0x00, 0x00, 0x00, // ................
	0x00, 0x00, 0x01, 0x00, 0x00, 0x00, 0x00, 0x00, 0x00, 0x00, 0x17, 0x00, 0x04, 0x00, 0x0b, 0x00, // ................
	0x00, 0x00, 0x07, 0x00, 0x00, 0x00, 0x03, 0x00, 0x00, 0x00, 0x17, 0x00, 0x04, 0x00, 0x0d, 0x00, // ................
	0x00, 0x00, 0x07, 0x00, 0x00, 0x00, 0x04, 0x00, 0x00, 0x00, 0x14, 0x00, 0x02, 0x00, 0x13, 0x00, // ................
	0x00, 0x00, 0x17, 0x00, 0x04, 0x00, 0x14, 0x00, 0x00, 0x00, 0x13, 0x00, 0x00, 0x00, 0x03, 0x00, // ................
	0x00, 0x00, 0x20, 0x00, 0x04, 0x00, 0x20, 0x00, 0x00, 0x00, 0x07, 0x00, 0x00, 0x00, 0x07, 0x00, // .. ... .........
	0x00, 0x00, 0x20, 0x00, 0x04, 0x00, 0x31, 0x00, 0x00, 0x00, 0x00, 0x00, 0x00, 0x00, 0x06, 0x00, // .. ...1.........
	0x00, 0x00, 0x3b, 0x00, 0x04, 0x00, 0x31, 0x00, 0x00, 0x00, 0x32, 0x00, 0x00, 0x00, 0x00, 0x00, // ..;...1...2.....
	0x00, 0x00, 0x20, 0x00, 0x04, 0x00, 0x34, 0x00, 0x00, 0x00, 0x00, 0x00, 0x00, 0x00, 0x08, 0x00, // .. ...4.........
	0x00, 0x00, 0x3b, 0x00, 0x04, 0x00, 0x34, 0x00, 0x00, 0x00, 0x35, 0x00, 0x00, 0x00, 0x00, 0x00, // ..;...4...5.....
	0x00, 0x00, 0x15, 0x00, 0x04, 0x00, 0x38, 0x00, 0x00, 0x00, 0x20, 0x00, 0x00, 0x00, 0x01, 0x00, // ......8... .....
	0x00, 0x00, 0x2b, 0x00, 0x04, 0x00, 0x38, 0x00, 0x00, 0x00, 0x39, 0x00, 0x00, 0x00, 0x01, 0x00, // ..+...8...9.....
	0x00, 0x00, 0x2b, 0x00, 0x04, 0x00, 0x38, 0x00, 0x00, 0x00, 0x3d, 0x00, 0x00, 0x00, 0x00, 0x00, // ..+...8...=.....
	0x00, 0x00, 0x1b, 0x00, 0x03, 0x00, 0x41, 0x00, 0x00, 0x00, 0x08, 0x00, 0x00, 0x00, 0x2b, 0x00, // ......A.......+.
	0x04, 0x00, 0x07, 0x00, 0x00, 0x00, 0x57, 0x00, 0x00, 0x00, 0x00, 0x00, 0x00, 0x00, 0x2c, 0x00, // ......W.......,.
	0x06, 0x00, 0x0b, 0x00, 0x00, 0x00, 0x5a, 0x00, 0x00, 0x00, 0x57, 0x00, 0x00, 0x00, 0x57, 0x00, // ......Z...W...W.
	0x00, 0x00, 0x57, 0x00, 0x00, 0x00, 0x15, 0x00, 0x04, 0x00, 0x6c, 0x00, 0x00, 0x00, 0x20, 0x00, // ..W.......l... .
	0x00, 0x00, 0x00, 0x00, 0x00, 0x00, 0x2b, 0x00, 0x04, 0x00, 0x6c, 0x00, 0x00, 0x00, 0x6d, 0x00, // ......+...l...m.
	0x00, 0x00, 0x03, 0x00, 0x00, 0x00, 0x2b, 0x00, 0x04, 0x00, 0x07, 0x00, 0x00, 0x00, 0x83, 0x00, // ......+.........
	0x00, 0x00, 0x00, 0x00, 0x80, 0x40, 0x2b, 0x00, 0x04, 0x00, 0x07, 0x00, 0x00, 0x00, 0x85, 0x00, // .....@+.........
	0x00, 0x00, 0x00, 0x00, 0x00, 0x3f, 0x2b, 0x00, 0x04, 0x00, 0x6c, 0x00, 0x00, 0x00, 0x88, 0x00, // .....?+...l.....
	0x00, 0x00, 0x04, 0x00, 0x00, 0x00, 0x1c, 0x00, 0x04, 0x00, 0x89, 0x00, 0x00, 0x00, 0x07, 0x00, // ................
	0x00, 0x00, 0x88, 0x00, 0x00, 0x00, 0x20, 0x00, 0x04, 0x00, 0x8a, 0x00, 0x00, 0x00, 0x07, 0x00, // ...... .........
	0x00, 0x00, 0x89, 0x00, 0x00, 0x00, 0x2b, 0x00, 0x04, 0x00, 0x6c, 0x00, 0x00, 0x00, 0x90, 0x00, // ......+...l.....
	0x00, 0x00, 0x01, 0x00, 0x00, 0x00, 0x2b, 0x00, 0x04, 0x00, 0x38, 0x00, 0x00, 0x00, 0x94, 0x00, // ......+...8.....
	0x00, 0x00, 0x02, 0x00, 0x00, 0x00, 0x2b, 0x00, 0x04, 0x00, 0x6c, 0x00, 0x00, 0x00, 0x95, 0x00, // ......+...l.....
	0x00, 0x00, 0x00, 0x00, 0x00, 0x00, 0x2b, 0x00, 0x04, 0x00, 0x38, 0x00, 0x00, 0x00, 0x99, 0x00, // ......+...8.....
	0x00, 0x00, 0x03, 0x00, 0x00, 0x00, 0x1e, 0x00, 0x03, 0x00, 0xaa, 0x00, 0x00, 0x00, 0x0d, 0x00, // ................
	0x00, 0x00, 0x20, 0x00, 0x04, 0x00, 0xab, 0x00, 0x00, 0x00, 0x02, 0x00, 0x00, 0x00, 0xaa, 0x00, // .. .............
	0x00, 0x00, 0x3b, 0x00, 0x04, 0x00, 0xab, 0x00, 0x00, 0x00, 0xac, 0x00, 0x00, 0x00, 0x02, 0x00, // ..;.............
	0x00, 0x00, 0x20, 0x00, 0x04, 0x00, 0xad, 0x00, 0x00, 0x00, 0x02, 0x00, 0x00, 0x00, 0x07, 0x00, // .. .............
	0x00, 0x00, 0x20, 0x00, 0x04, 0x00, 0xde, 0x00, 0x00, 0x00, 0x01, 0x00, 0x00, 0x00, 0x0d, 0x00, // .. .............
	0x00, 0x00, 0x3b, 0x00, 0x04, 0x00, 0xde, 0x00, 0x00, 0x00, 0xe2, 0x00, 0x00, 0x00, 0x01, 0x00, // ..;.............
	0x00, 0x00, 0x3b, 0x00, 0x04, 0x00, 0xde, 0x00, 0x00, 0x00, 0xe5, 0x00, 0x00, 0x00, 0x01, 0x00, // ..;.............
	0x00, 0x00, 0x3b, 0x00, 0x04, 0x00, 0xde, 0x00, 0x00, 0x00, 0xe8, 0x00, 0x00, 0x00, 0x01, 0x00, // ..;.............
	0x00, 0x00, 0x3b, 0x00, 0x04, 0x00, 0xde, 0x00, 0x00, 0x00, 0xeb, 0x00, 0x00, 0x00, 0x01, 0x00, // ..;.............
	0x00, 0x00, 0x20, 0x00, 0x04, 0x00, 0xfb, 0x00, 0x00, 0x00, 0x03, 0x00, 0x00, 0x00, 0x0d, 0x00, // .. .............
	0x00, 0x00, 0x3b, 0x00, 0x04, 0x00, 0xfb, 0x00, 0x00, 0x00, 0xfc, 0x00, 0x00, 0x00, 0x03, 0x00, // ..;.............
	0x00, 0x00, 0x2b, 0x00, 0x04, 0x00, 0x07, 0x00, 0x00, 0x00, 0xc0, 0x01, 0x00, 0x00, 0xf3, 0x04, // ..+.............
	0x35, 0x41, 0x36, 0x00, 0x05, 0x00, 0x02, 0x00, 0x00, 0x00, 0x04, 0x00, 0x00, 0x00, 0x00, 0x00, // 5A6.............
	0x00, 0x00, 0x03, 0x00, 0x00, 0x00, 0xf8, 0x00, 0x02, 0x00, 0x05, 0x00, 0x00, 0x00, 0x3b, 0x00, // ..............;.
	0x04, 0x00, 0x8a, 0x00, 0x00, 0x00, 0x23, 0x01, 0x00, 0x00, 0x07, 0x00, 0x00, 0x00, 0x3d, 0x00, // ......#.......=.
	0x04, 0x00, 0x06, 0x00, 0x00, 0x00, 0x33, 0x00, 0x00, 0x00, 0x32, 0x00, 0x00, 0x00, 0x3d, 0x00, // ......3...2...=.
	0x04, 0x00, 0x08, 0x00, 0x00, 0x00, 0x36, 0x00, 0x00, 0x00, 0x35, 0x00, 0x00, 0x00, 0x3d, 0x00, // ......6...5...=.
	0x04, 0x00, 0x0d, 0x00, 0x00, 0x00, 0xe3, 0x00, 0x00, 0x00, 0xe2, 0x00, 0x00, 0x00, 0x3d, 0x00, // ..............=.
	0x04, 0x00, 0x0d, 0x00, 0x00, 0x00, 0xe6, 0x00, 0x00, 0x00, 0xe5, 0x00, 0x00, 0x00, 0x3d, 0x00, // ..............=.
	0x04, 0x00, 0x0d, 0x00, 0x00, 0x00, 0xe9, 0x00, 0x00, 0x00, 0xe8, 0x00, 0x00, 0x00, 0x3d, 0x00, // ..............=.
	0x04, 0x00, 0x0d, 0x00, 0x00, 0x00, 0xec, 0x00, 0x00, 0x00, 0xeb, 0x00, 0x00, 0x00, 0xf7, 0x00, // ................
	0x03, 0x00, 0x8b, 0x01, 0x00, 0x00, 0x00, 0x00, 0x00, 0x00, 0xfb, 0x00, 0x03, 0x00, 0x95, 0x00, // ................
	0x00, 0x00, 0x2f, 0x01, 0x00, 0x00, 0xf8, 0x00, 0x02, 0x00, 0x2f, 0x01, 0x00, 0x00, 0x4f, 0x00, // ../......./...O.
	0x08, 0x00, 0x0b, 0x00, 0x00, 0x00, 0x32, 0x01, 0x00, 0x00, 0xe9, 0x00, 0x00, 0x00, 0xe9, 0x00, // ......2.........
	0x00, 0x00, 0x00, 0x00, 0x00, 0x00, 0x01, 0x00, 0x00, 0x00, 0x02, 0x00, 0x00, 0x00, 0xb4, 0x00, // ................
	0x05, 0x00, 0x14, 0x00, 0x00, 0x00, 0x95, 0x01, 0x00, 0x00, 0x32, 0x01, 0x00, 0x00, 0x5a, 0x00, // ..........2...Z.
	0x00, 0x00, 0x9a, 0x00, 0x04, 0x00, 0x13, 0x00, 0x00, 0x00, 0x34, 0x01, 0x00, 0x00, 0x95, 0x01, // ..........4.....
	0x00, 0x00, 0xf7, 0x00, 0x03, 0x00, 0x45, 0x01, 0x00, 0x00, 0x00, 0x00, 0x00, 0x00, 0xfa, 0x00, // ......E.........
	0x04, 0x00, 0x34, 0x01, 0x00, 0x00, 0x35, 0x01, 0x00, 0x00, 0x45, 0x01, 0x00, 0x00, 0xf8, 0x00, // ..4...5...E.....
	0x02, 0x00, 0x35, 0x01, 0x00, 0x00, 0x4f, 0x00, 0x08, 0x00, 0x0b, 0x00, 0x00, 0x00, 0x38, 0x01, // ..5...O.......8.
	0x00, 0x00, 0xec, 0x00, 0x00, 0x00, 0xec, 0x00, 0x00, 0x00, 0x00, 0x00, 0x00, 0x00, 0x01, 0x00, // ................
	0x00, 0x00, 0x02, 0x00, 0x00, 0x00, 0x56, 0x00, 0x05, 0x00, 0x41, 0x00, 0x00, 0x00, 0x9c, 0x01, // ......V...A.....
	0x00, 0x00, 0x36, 0x00, 0x00, 0x00, 0x33, 0x00, 0x00, 0x00, 0x57, 0x00, 0x05, 0x00, 0x0d, 0x00, // ..6...3...W.....
	0x00, 0x00, 0x9e, 0x01, 0x00, 0x00, 0x9c, 0x01, 0x00, 0x00, 0x38, 0x01, 0x00, 0x00, 0x51, 0x00, // ..........8...Q.
	0x05, 0x00, 0x07, 0x00, 0x00, 0x00, 0x3d, 0x01, 0x00, 0x00, 0x9e, 0x01, 0x00, 0x00, 0x03, 0x00, // ......=.........
	0x00, 0x00, 0x51, 0x00, 0x05, 0x00, 0x07, 0x00, 0x00, 0x00, 0x3f, 0x01, 0x00, 0x00, 0xe3, 0x00, // ..Q.......?.....
	0x00, 0x00, 0x03, 0x00, 0x00, 0x00, 0x85, 0x00, 0x05, 0x00, 0x07, 0x00, 0x00, 0x00, 0x40, 0x01, // ..............@.
	0x00, 0x00, 0x3d, 0x01, 0x00, 0x00, 0x3f, 0x01, 0x00, 0x00, 0x51, 0x00, 0x05, 0x00, 0x07, 0x00, // ..=...?...Q.....
	0x00, 0x00, 0x41, 0x01, 0x00, 0x00, 0x9e, 0x01, 0x00, 0x00, 0x00, 0x00, 0x00, 0x00, 0x51, 0x00, // ..A...........Q.
	0x05, 0x00, 0x07, 0x00, 0x00, 0x00, 0x42, 0x01, 0x00, 0x00, 0x9e, 0x01, 0x00, 0x00, 0x01, 0x00, // ......B.........
	0x00, 0x00, 0x51, 0x00, 0x05, 0x00, 0x07, 0x00, 0x00, 0x00, 0x43, 0x01, 0x00, 0x00, 0x9e, 0x01, // ..Q.......C.....
	0x00, 0x00, 0x02, 0x00, 0x00, 0x00, 0x50, 0x00, 0x07, 0x00, 0x0d, 0x00, 0x00, 0x00, 0x44, 0x01, // ......P.......D.
	0x00, 0x00, 0x41, 0x01, 0x00, 0x00, 0x42, 0x01, 0x00, 0x00, 0x43, 0x01, 0x00, 0x00, 0x40, 0x01, // ..A...B...C...@.
	0x00, 0x00, 0xf9, 0x00, 0x02, 0x00, 0x8b, 0x01, 0x00, 0x00, 0xf8, 0x00, 0x02, 0x00, 0x45, 0x01, // ..............E.
	0x00, 0x00, 0x56, 0x00, 0x05, 0x00, 0x41, 0x00, 0x00, 0x00, 0xa5, 0x01, 0x00, 0x00, 0x36, 0x00, // ..V...A.......6.
	0x00, 0x00, 0x33, 0x00, 0x00, 0x00, 0x57, 0x00, 0x05, 0x00, 0x0d, 0x00, 0x00, 0x00, 0xa7, 0x01, // ..3...W.........
	0x00, 0x00, 0xa5, 0x01, 0x00, 0x00, 0x32, 0x01, 0x00, 0x00, 0x51, 0x00, 0x05, 0x00, 0x07, 0x00, // ......2...Q.....
	0x00, 0x00, 0x4b, 0x01, 0x00, 0x00, 0xe9, 0x00, 0x00, 0x00, 0x03, 0x00, 0x00, 0x00, 0x85, 0x00, // ..K.............
	0x05, 0x00, 0x07, 0x00, 0x00, 0x00, 0x4c, 0x01, 0x00, 0x00, 0x4b, 0x01, 0x00, 0x00, 0x83, 0x00, // ......L...K.....
	0x00, 0x00, 0x81, 0x00, 0x05, 0x00, 0x07, 0x00, 0x00, 0x00, 0x4d, 0x01, 0x00, 0x00, 0x4c, 0x01, // ..........M...L.
	0x00, 0x00, 0x85, 0x00, 0x00, 0x00, 0x6e, 0x00, 0x04, 0x00, 0x38, 0x00, 0x00, 0x00, 0x4e, 0x01, // ......n...8...N.
	0x00, 0x00, 0x4d, 0x01, 0x00, 0x00, 0x51, 0x00, 0x05, 0x00, 0x07, 0x00, 0x00, 0x00, 0x50, 0x01, // ..M...Q.......P.
	0x00, 0x00, 0xa7, 0x01, 0x00, 0x00, 0x02, 0x00, 0x00, 0x00, 0x41, 0x00, 0x05, 0x00, 0x20, 0x00, // ..........A... .
	0x00, 0x00, 0x51, 0x01, 0x00, 0x00, 0x23, 0x01, 0x00, 0x00, 0x3d, 0x00, 0x00, 0x00, 0x3e, 0x00, // ..Q...#...=...>.
	0x03, 0x00, 0x51, 0x01, 0x00, 0x00, 0x50, 0x01, 0x00, 0x00, 0x51, 0x00, 0x05, 0x00, 0x07, 0x00, // ..Q...P...Q.....
	0x00, 0x00, 0x53, 0x01, 0x00, 0x00, 0xa7, 0x01, 0x00, 0x00, 0x01, 0x00, 0x00, 0x00, 0x41, 0x00, // ..S...........A.
	0x05, 0x00, 0x20, 0x00, 0x00, 0x00, 0x54, 0x01, 0x00, 0x00, 0x23, 0x01, 0x00, 0x00, 0x39, 0x00, // .. ...T...#...9.
	0x00, 0x00, 0x3e, 0x00, 0x03, 0x00, 0x54, 0x01, 0x00, 0x00, 0x53, 0x01, 0x00, 0x00, 0x51, 0x00, // ..>...T...S...Q.
	0x05, 0x00, 0x07, 0x00, 0x00, 0x00, 0x56, 0x01, 0x00, 0x00, 0xa7, 0x01, 0x00, 0x00, 0x00, 0x00, // ......V.........
	0x00, 0x00, 0x41, 0x00, 0x05, 0x00, 0x20, 0x00, 0x00, 0x00, 0x57, 0x01, 0x00, 0x00, 0x23, 0x01, // ..A... ...W...#.
	0x00, 0x00, 0x94, 0x00, 0x00, 0x00, 0x3e, 0x00, 0x03, 0x00, 0x57, 0x01, 0x00, 0x00, 0x56, 0x01, // ......>...W...V.
	0x00, 0x00, 0x51, 0x00, 0x05, 0x00, 0x07, 0x00, 0x00, 0x00, 0x59, 0x01, 0x00, 0x00, 0xa7, 0x01, // ..Q.......Y.....
	0x00, 0x00, 0x03, 0x00, 0x00, 0x00, 0x41, 0x00, 0x05, 0x00, 0x20, 0x00, 0x00, 0x00, 0x5a, 0x01, // ......A... ...Z.
	0x00, 0x00, 0x23, 0x01, 0x00, 0x00, 0x99, 0x00, 0x00, 0x00, 0x3e, 0x00, 0x03, 0x00, 0x5a, 0x01, // ..#.......>...Z.
	0x00, 0x00, 0x59, 0x01, 0x00, 0x00, 0x41, 0x00, 0x05, 0x00, 0x20, 0x00, 0x00, 0x00, 0x5c, 0x01, // ..Y...A... .....
	0x00, 0x00, 0x23, 0x01, 0x00, 0x00, 0x4e, 0x01, 0x00, 0x00, 0x3d, 0x00, 0x04, 0x00, 0x07, 0x00, // ..#...N...=.....
	0x00, 0x00, 0x5d, 0x01, 0x00, 0x00, 0x5c, 0x01, 0x00, 0x00, 0xd1, 0x00, 0x04, 0x00, 0x0b, 0x00, // ..].............
	0x00, 0x00, 0x60, 0x01, 0x00, 0x00, 0x32, 0x01, 0x00, 0x00, 0x0c, 0x00, 0x06, 0x00, 0x07, 0x00, // ..`...2.........
	0x00, 0x00, 0x61, 0x01, 0x00, 0x00, 0x01, 0x00, 0x00, 0x00, 0x42, 0x00, 0x00, 0x00, 0x60, 0x01, // ..a.......B...`.
	0x00, 0x00, 0x85, 0x00, 0x05, 0x00, 0x07, 0x00, 0x00, 0x00, 0x63, 0x01, 0x00, 0x00, 0x61, 0x01, // ..........c...a.
	0x00, 0x00, 0xc0, 0x01, 0x00, 0x00, 0x41, 0x00, 0x06, 0x00, 0xad, 0x00, 0x00, 0x00, 0x64, 0x01, // ......A.......d.
	0x00, 0x00, 0xac, 0x00, 0x00, 0x00, 0x3d, 0x00, 0x00, 0x00, 0x90, 0x00, 0x00, 0x00, 0x3d, 0x00, // ......=.......=.
	0x04, 0x00, 0x07, 0x00, 0x00, 0x00, 0x65, 0x01, 0x00, 0x00, 0x64, 0x01, 0x00, 0x00, 0x85, 0x00, // ......e...d.....
	0x05, 0x00, 0x07, 0x00, 0x00, 0x00, 0x66, 0x01, 0x00, 0x00, 0x63, 0x01, 0x00, 0x00, 0x65, 0x01, // ......f...c...e.
	0x00, 0x00, 0x41, 0x00, 0x06, 0x00, 0xad, 0x00, 0x00, 0x00, 0x67, 0x01, 0x00, 0x00, 0xac, 0x00, // ..A.......g.....
	0x00, 0x00, 0x3d, 0x00, 0x00, 0x00, 0x6d, 0x00, 0x00, 0x00, 0x3d, 0x00, 0x04, 0x00, 0x07, 0x00, // ..=...m...=.....
	0x00, 0x00, 0x68, 0x01, 0x00, 0x00, 0x67, 0x01, 0x00, 0x00, 0x85, 0x00, 0x05, 0x00, 0x07, 0x00, // ..h...g.........
	0x00, 0x00, 0x6a, 0x01, 0x00, 0x00, 0x68, 0x01, 0x00, 0x00, 0x66, 0x01, 0x00, 0x00, 0x83, 0x00, // ..j...h...f.....
	0x05, 0x00, 0x07, 0x00, 0x00, 0x00, 0x6c, 0x01, 0x00, 0x00, 0x85, 0x00, 0x00, 0x00, 0x6a, 0x01, // ......l.......j.
	0x00, 0x00, 0x83, 0x00, 0x05, 0x00, 0x07, 0x00, 0x00, 0x00, 0x6f, 0x01, 0x00, 0x00, 0x6c, 0x01, // ..........o...l.
	0x00, 0x00, 0x66, 0x01, 0x00, 0x00, 0x81, 0x00, 0x05, 0x00, 0x07, 0x00, 0x00, 0x00, 0x72, 0x01, // ..f...........r.
	0x00, 0x00, 0x6c, 0x01, 0x00, 0x00, 0x66, 0x01, 0x00, 0x00, 0x0c, 0x00, 0x08, 0x00, 0x07, 0x00, // ..l...f.........
	0x00, 0x00, 0x74, 0x01, 0x00, 0x00, 0x01, 0x00, 0x00, 0x00, 0x31, 0x00, 0x00, 0x00, 0x6f, 0x01, // ..t.......1...o.
	0x00, 0x00, 0x72, 0x01, 0x00, 0x00, 0x5d, 0x01, 0x00, 0x00, 0x83, 0x00, 0x05, 0x00, 0x07, 0x00, // ..r...].........
	0x00, 0x00, 0x76, 0x01, 0x00, 0x00, 0x85, 0x00, 0x00, 0x00, 0x66, 0x01, 0x00, 0x00, 0x81, 0x00, // ..v.......f.....
	0x05, 0x00, 0x07, 0x00, 0x00, 0x00, 0x78, 0x01, 0x00, 0x00, 0x85, 0x00, 0x00, 0x00, 0x66, 0x01, // ......x.......f.
	0x00, 0x00, 0x0c, 0x00, 0x08, 0x00, 0x07, 0x00, 0x00, 0x00, 0x7a, 0x01, 0x00, 0x00, 0x01, 0x00, // ..........z.....
	0x00, 0x00, 0x31, 0x00, 0x00, 0x00, 0x76, 0x01, 0x00, 0x00, 0x78, 0x01, 0x00, 0x00, 0x5d, 0x01, // ..1...v...x...].
	0x00, 0x00, 0x50, 0x00, 0x06, 0x00, 0x0b, 0x00, 0x00, 0x00, 0x7c, 0x01, 0x00, 0x00, 0x7a, 0x01, // ..P.......|...z.
	0x00, 0x00, 0x7a, 0x01, 0x00, 0x00, 0x7a, 0x01, 0x00, 0x00, 0x4f, 0x00, 0x08, 0x00, 0x0b, 0x00, // ..z...z...O.....
	0x00, 0x00, 0x7e, 0x01, 0x00, 0x00, 0xe6, 0x00, 0x00, 0x00, 0xe6, 0x00, 0x00, 0x00, 0x00, 0x00, // ..~.............
	0x00, 0x00, 0x01, 0x00, 0x00, 0x00, 0x02, 0x00, 0x00, 0x00, 0x4f, 0x00, 0x08, 0x00, 0x0b, 0x00, // ..........O.....
	0x00, 0x00, 0x80, 0x01, 0x00, 0x00, 0xe3, 0x00, 0x00, 0x00, 0xe3, 0x00, 0x00, 0x00, 0x00, 0x00, // ................
	0x00, 0x00, 0x01, 0x00, 0x00, 0x00, 0x02, 0x00, 0x00, 0x00, 0x0c, 0x00, 0x08, 0x00, 0x0b, 0x00, // ................
	0x00, 0x00, 0xad, 0x01, 0x00, 0x00, 0x01, 0x00, 0x00, 0x00, 0x2e, 0x00, 0x00, 0x00, 0x7e, 0x01, // ..............~.
	0x00, 0x00, 0x80, 0x01, 0x00, 0x00, 0x7c, 0x01, 0x00, 0x00, 0x51, 0x00, 0x05, 0x00, 0x07, 0x00, // ......|...Q.....
	0x00, 0x00, 0x84, 0x01, 0x00, 0x00, 0xe3, 0x00, 0x00, 0x00, 0x03, 0x00, 0x00, 0x00, 0x85, 0x00, // ................
	0x05, 0x00, 0x07, 0x00, 0x00, 0x00, 0x85, 0x01, 0x00, 0x00, 0x74, 0x01, 0x00, 0x00, 0x84, 0x01, // ..........t.....
	0x00, 0x00, 0x51, 0x00, 0x05, 0x00, 0x07, 0x00, 0x00, 0x00, 0x86, 0x01, 0x00, 0x00, 0xad, 0x01, // ..Q.............
	0x00, 0x00, 0x00, 0x00, 0x00, 0x00, 0x51, 0x00, 0x05, 0x00, 0x07, 0x00, 0x00, 0x00, 0x87, 0x01, // ......Q.........
	0x00, 0x00, 0xad, 0x01, 0x00, 0x00, 0x01, 0x00, 0x00, 0x00, 0x51, 0x00, 0x05, 0x00, 0x07, 0x00, // ..........Q.....
	0x00, 0x00, 0x88, 0x01, 0x00, 0x00, 0xad, 0x01, 0x00, 0x00, 0x02, 0x00, 0x00, 0x00, 0x50, 0x00, // ..............P.
	0x07, 0x00, 0x0d, 0x00, 0x00, 0x00, 0x89, 0x01, 0x00, 0x00, 0x86, 0x01, 0x00, 0x00, 0x87, 0x01, // ................
	0x00, 0x00, 0x88, 0x01, 0x00, 0x00, 0x85, 0x01, 0x00, 0x00, 0xf9, 0x00, 0x02, 0x00, 0x8b, 0x01, // ................
	0x00, 0x00, 0xf8, 0x00, 0x02, 0x00, 0x8b, 0x01, 0x00, 0x00, 0xf5, 0x00, 0x07, 0x00, 0x0d, 0x00, // ................
	0x00, 0x00, 0xc1, 0x01, 0x00, 0x00, 0x44, 0x01, 0x00, 0x00, 0x35, 0x01, 0x00, 0x00, 0x89, 0x01, // ......D...5.....
	0x00, 0x00, 0x45, 0x01, 0x00, 0x00, 0x3e, 0x00, 0x03, 0x00, 0xfc, 0x00, 0x00, 0x00, 0xc1, 0x01, // ..E...>.........
	0x00, 0x00, 0xfd, 0x00, 0x01, 0x00, 0x38, 0x00, 0x01, 0x00, 0x00, 0x00, 0x10, 0x00,             // ......8.......
};
static const uint8_t fs_font_distance_field_outline_image_wgsl[1810] =
{
	0x46, 0x53, 0x48, 0x0c, 0x94, 0xf7, 0xae, 0x6e, 0x00, 0x00, 0x00, 0x00, 0x00, 0x00, 0x00, 0x00, // FSH....n........
	0x00, 0x00, 0x00, 0x00, 0x02, 0x00, 0x08, 0x75, 0x5f, 0x70, 0x61, 0x72, 0x61, 0x6d, 0x73, 0x12, // .......u_params.
	0x01, 0x00, 0x00, 0x01, 0x00, 0x00, 0x00, 0x00, 0x00, 0x0a, 0x73, 0x5f, 0x74, 0x65, 0x78, 0x43, // ..........s_texC
	0x6f, 0x6c, 0x6f, 0x72, 0x30, 0x00, 0x02, 0x00, 0x00, 0x00, 0x00, 0x04, 0x29, 0x00, 0xca, 0x06, // olor0.......)...
	0x00, 0x00, 0x64, 0x69, 0x61, 0x67, 0x6e, 0x6f, 0x73, 0x74, 0x69, 0x63, 0x28, 0x6f, 0x66, 0x66, // ..diagnostic(off
	0x2c, 0x20, 0x64, 0x65, 0x72, 0x69, 0x76, 0x61, 0x74, 0x69, 0x76, 0x65, 0x5f, 0x75, 0x6e, 0x69, // , derivative_uni
	0x66, 0x6f, 0x72, 0x6d, 0x69, 0x74, 0x79, 0x29, 0x3b, 0x0a, 0x64, 0x69, 0x61, 0x67, 0x6e, 0x6f, // formity);.diagno
	0x73, 0x74, 0x69, 0x63, 0x28, 0x6f, 0x66, 0x66, 0x2c, 0x20, 0x73, 0x75, 0x62, 0x67, 0x72, 0x6f, // stic(off, subgro
	0x75, 0x70, 0x5f, 0x75, 0x6e, 0x69, 0x66, 0x6f, 0x72, 0x6d, 0x69, 0x74, 0x79, 0x29, 0x3b, 0x0a, // up_uniformity);.
	0x0a, 0x40, 0x67, 0x72, 0x6f, 0x75, 0x70, 0x28, 0x30, 0x75, 0x29, 0x20, 0x40, 0x62, 0x69, 0x6e, // .@group(0u) @bin
	0x64, 0x69, 0x6e, 0x67, 0x28, 0x31, 0x38, 0x75, 0x29, 0x20, 0x76, 0x61, 0x72, 0x20, 0x73, 0x5f, // ding(18u) var s_
	0x74, 0x65, 0x78, 0x43, 0x6f, 0x6c, 0x6f, 0x72, 0x53, 0x61, 0x6d, 0x70, 0x6c, 0x65, 0x72, 0x20, // texColorSampler 
	0x3a, 0x20, 0x73, 0x61, 0x6d, 0x70, 0x6c, 0x65, 0x72, 0x3b, 0x0a, 0x0a, 0x40, 0x67, 0x72, 0x6f, // : sampler;..@gro
	0x75, 0x70, 0x28, 0x30, 0x75, 0x29, 0x20, 0x40, 0x62, 0x69, 0x6e, 0x64, 0x69, 0x6e, 0x67, 0x28, // up(0u) @binding(
	0x32, 0x75, 0x29, 0x20, 0x76, 0x61, 0x72, 0x20, 0x73, 0x5f, 0x74, 0x65, 0x78, 0x43, 0x6f, 0x6c, // 2u) var s_texCol
	0x6f, 0x72, 0x54, 0x65, 0x78, 0x74, 0x75, 0x72, 0x65, 0x20, 0x3a, 0x20, 0x74, 0x65, 0x78, 0x74, // orTexture : text
	0x75, 0x72, 0x65, 0x5f, 0x63, 0x75, 0x62, 0x65, 0x3c, 0x66, 0x33, 0x32, 0x3e, 0x3b, 0x0a, 0x0a, // ure_cube<f32>;..
	0x73, 0x74, 0x72, 0x75, 0x63, 0x74, 0x20, 0x55, 0x6e, 0x69, 0x66, 0x6f, 0x72, 0x6d, 0x42, 0x6c, // struct UniformBl
	0x6f, 0x63, 0x6b, 0x20, 0x7b, 0x0a, 0x20, 0x20, 0x75, 0x5f, 0x70, 0x61, 0x72, 0x61, 0x6d, 0x73, // ock {.  u_params
	0x20, 0x3a, 0x20, 0x76, 0x65, 0x63, 0x34, 0x3c, 0x66, 0x33, 0x32, 0x3e, 0x2c, 0x0a, 0x7d, 0x0a, //  : vec4<f32>,.}.
	0x0a, 0x40, 0x67, 0x72, 0x6f, 0x75, 0x70, 0x28, 0x30, 0x75, 0x29, 0x20, 0x40, 0x62, 0x69, 0x6e, // .@group(0u) @bin
	0x64, 0x69, 0x6e, 0x67, 0x28, 0x31, 0x75, 0x29, 0x20, 0x76, 0x61, 0x72, 0x3c, 0x75, 0x6e, 0x69, // ding(1u) var<uni
	0x66, 0x6f, 0x72, 0x6d, 0x3e, 0x20, 0x76, 0x20, 0x3a, 0x20, 0x55, 0x6e, 0x69, 0x66, 0x6f, 0x72, // form> v : Unifor
	0x6d, 0x42, 0x6c, 0x6f, 0x63, 0x6b, 0x3b, 0x0a, 0x0a, 0x76, 0x61, 0x72, 0x3c, 0x70, 0x72, 0x69, // mBlock;..var<pri
	0x76, 0x61, 0x74, 0x65, 0x3e, 0x20, 0x62, 0x67, 0x66, 0x78, 0x5f, 0x46, 0x72, 0x61, 0x67, 0x44, // vate> bgfx_FragD
	0x61, 0x74, 0x61, 0x30, 0x20, 0x3a, 0x20, 0x76, 0x65, 0x63, 0x34, 0x3c, 0x66, 0x33, 0x32, 0x3e, // ata0 : vec4<f32>
	0x3b, 0x0a, 0x0a, 0x66, 0x6e, 0x20, 0x6d, 0x61, 0x69, 0x6e, 0x5f, 0x69, 0x6e, 0x6e, 0x65, 0x72, // ;..fn main_inner
	0x28, 0x76, 0x5f, 0x63, 0x6f, 0x6c, 0x6f, 0x72, 0x30, 0x20, 0x3a, 0x20, 0x76, 0x65, 0x63, 0x34, // (v_color0 : vec4
	0x3c, 0x66, 0x33, 0x32, 0x3e, 0x2c, 0x20, 0x76, 0x5f, 0x63, 0x6f, 0x6c, 0x6f, 0x72, 0x31, 0x20, // <f32>, v_color1 
	0x3a, 0x20, 0x76, 0x65, 0x63, 0x34, 0x3c, 0x66, 0x33, 0x32, 0x3e, 0x2c, 0x20, 0x76, 0x5f, 0x74, // : vec4<f32>, v_t
	0x65, 0x78, 0x63, 0x6f, 0x6f, 0x72, 0x64, 0x30, 0x20, 0x3a, 0x20, 0x76, 0x65, 0x63, 0x34, 0x3c, // excoord0 : vec4<
	0x66, 0x33, 0x32, 0x3e, 0x2c, 0x20, 0x76, 0x5f, 0x74, 0x65, 0x78, 0x63, 0x6f, 0x6f, 0x72, 0x64, // f32>, v_texcoord
	0x31, 0x20, 0x3a, 0x20, 0x76, 0x65, 0x63, 0x34, 0x3c, 0x66, 0x33, 0x32, 0x3e, 0x29, 0x20, 0x7b, // 1 : vec4<f32>) {
	0x0a, 0x20, 0x20, 0x76, 0x61, 0x72, 0x20, 0x76, 0x5f, 0x31, 0x20, 0x3a, 0x20, 0x61, 0x72, 0x72, // .  var v_1 : arr
	0x61, 0x79, 0x3c, 0x66, 0x33, 0x32, 0x2c, 0x20, 0x34, 0x75, 0x3e, 0x3b, 0x0a, 0x20, 0x20, 0x76, // ay<f32, 4u>;.  v
	0x61, 0x72, 0x20, 0x76, 0x5f, 0x32, 0x20, 0x3a, 0x20, 0x76, 0x65, 0x63, 0x34, 0x3c, 0x66, 0x33, // ar v_2 : vec4<f3
	0x32, 0x3e, 0x3b, 0x0a, 0x20, 0x20, 0x73, 0x77, 0x69, 0x74, 0x63, 0x68, 0x28, 0x30, 0x75, 0x29, // 2>;.  switch(0u)
	0x20, 0x7b, 0x0a, 0x20, 0x20, 0x20, 0x20, 0x64, 0x65, 0x66, 0x61, 0x75, 0x6c, 0x74, 0x3a, 0x20, //  {.    default: 
	0x7b, 0x0a, 0x20, 0x20, 0x20, 0x20, 0x20, 0x20, 0x6c, 0x65, 0x74, 0x20, 0x76, 0x5f, 0x33, 0x20, // {.      let v_3 
	0x3d, 0x20, 0x76, 0x5f, 0x74, 0x65, 0x78, 0x63, 0x6f, 0x6f, 0x72, 0x64, 0x30, 0x2e, 0x78, 0x79, // = v_texcoord0.xy
	0x7a, 0x3b, 0x0a, 0x20, 0x20, 0x20, 0x20, 0x20, 0x20, 0x69, 0x66, 0x20, 0x28, 0x61, 0x6e, 0x79, // z;.      if (any
	0x28, 0x28, 0x76, 0x5f, 0x33, 0x20, 0x3d, 0x3d, 0x20, 0x76, 0x65, 0x63, 0x33, 0x3c, 0x66, 0x33, // ((v_3 == vec3<f3
	0x32, 0x3e, 0x28, 0x29, 0x29, 0x29, 0x29, 0x20, 0x7b, 0x0a, 0x20, 0x20, 0x20, 0x20, 0x20, 0x20, // 2>()))) {.      
	0x20, 0x20, 0x6c, 0x65, 0x74, 0x20, 0x76, 0x5f, 0x34, 0x20, 0x3d, 0x20, 0x74, 0x65, 0x78, 0x74, //   let v_4 = text
	0x75, 0x72, 0x65, 0x53, 0x61, 0x6d, 0x70, 0x6c, 0x65, 0x28, 0x73, 0x5f, 0x74, 0x65, 0x78, 0x43, // ureSample(s_texC
	0x6f, 0x6c, 0x6f, 0x72, 0x54, 0x65, 0x78, 0x74, 0x75, 0x72, 0x65, 0x2c, 0x20, 0x73, 0x5f, 0x74, // olorTexture, s_t
	0x65, 0x78, 0x43, 0x6f, 0x6c, 0x6f, 0x72, 0x53, 0x61, 0x6d, 0x70, 0x6c, 0x65, 0x72, 0x2c, 0x20, // exColorSampler, 
	0x76, 0x5f, 0x74, 0x65, 0x78, 0x63, 0x6f, 0x6f, 0x72, 0x64, 0x31, 0x2e, 0x78, 0x79, 0x7a, 0x29, // v_texcoord1.xyz)
	0x3b, 0x0a, 0x20, 0x20, 0x20, 0x20, 0x20, 0x20, 0x20, 0x20, 0x76, 0x5f, 0x32, 0x20, 0x3d, 0x20, // ;.        v_2 = 
	0x76, 0x65, 0x63, 0x34, 0x3c, 0x66, 0x33, 0x32, 0x3e, 0x28, 0x76, 0x5f, 0x34, 0x2e, 0x78, 0x2c, // vec4<f32>(v_4.x,
	0x20, 0x76, 0x5f, 0x34, 0x2e, 0x79, 0x2c, 0x20, 0x76, 0x5f, 0x34, 0x2e, 0x7a, 0x2c, 0x20, 0x28, //  v_4.y, v_4.z, (
	0x76, 0x5f, 0x34, 0x2e, 0x77, 0x20, 0x2a, 0x20, 0x76, 0x5f, 0x63, 0x6f, 0x6c, 0x6f, 0x72, 0x30, // v_4.w * v_color0
	0x2e, 0x77, 0x29, 0x29, 0x3b, 0x0a, 0x20, 0x20, 0x20, 0x20, 0x20, 0x20, 0x20, 0x20, 0x62, 0x72, // .w));.        br
	0x65, 0x61, 0x6b, 0x3b, 0x0a, 0x20, 0x20, 0x20, 0x20, 0x20, 0x20, 0x7d, 0x0a, 0x20, 0x20, 0x20, // eak;.      }.   
	0x20, 0x20, 0x20, 0x6c, 0x65, 0x74, 0x20, 0x76, 0x5f, 0x35, 0x20, 0x3d, 0x20, 0x74, 0x65, 0x78, //    let v_5 = tex
	0x74, 0x75, 0x72, 0x65, 0x53, 0x61, 0x6d, 0x70, 0x6c, 0x65, 0x28, 0x73, 0x5f, 0x74, 0x65, 0x78, // tureSample(s_tex
	0x43, 0x6f, 0x6c, 0x6f, 0x72, 0x54, 0x65, 0x78, 0x74, 0x75, 0x72, 0x65, 0x2c, 0x20, 0x73, 0x5f, // ColorTexture, s_
	0x74, 0x65, 0x78, 0x43, 0x6f, 0x6c, 0x6f, 0x72, 0x53, 0x61, 0x6d, 0x70, 0x6c, 0x65, 0x72, 0x2c, // texColorSampler,
	0x20, 0x76, 0x5f, 0x33, 0x29, 0x3b, 0x0a, 0x20, 0x20, 0x20, 0x20, 0x20, 0x20, 0x76, 0x5f, 0x31, //  v_3);.      v_1
	0x5b, 0x30, 0x69, 0x5d, 0x20, 0x3d, 0x20, 0x76, 0x5f, 0x35, 0x2e, 0x7a, 0x3b, 0x0a, 0x20, 0x20, // [0i] = v_5.z;.  
	0x20, 0x20, 0x20, 0x20, 0x76, 0x5f, 0x31, 0x5b, 0x31, 0x69, 0x5d, 0x20, 0x3d, 0x20, 0x76, 0x5f, //     v_1[1i] = v_
	0x35, 0x2e, 0x79, 0x3b, 0x0a, 0x20, 0x20, 0x20, 0x20, 0x20, 0x20, 0x76, 0x5f, 0x31, 0x5b, 0x32, // 5.y;.      v_1[2
	0x69, 0x5d, 0x20, 0x3d, 0x20, 0x76, 0x5f, 0x35, 0x2e, 0x78, 0x3b, 0x0a, 0x20, 0x20, 0x20, 0x20, // i] = v_5.x;.    
	0x20, 0x20, 0x76, 0x5f, 0x31, 0x5b, 0x33, 0x69, 0x5d, 0x20, 0x3d, 0x20, 0x76, 0x5f, 0x35, 0x2e, //   v_1[3i] = v_5.
	0x77, 0x3b, 0x0a, 0x20, 0x20, 0x20, 0x20, 0x20, 0x20, 0x6c, 0x65, 0x74, 0x20, 0x76, 0x5f, 0x36, // w;.      let v_6
	0x20, 0x3d, 0x20, 0x76, 0x5f, 0x31, 0x5b, 0x69, 0x33, 0x32, 0x28, 0x28, 0x28, 0x76, 0x5f, 0x74, //  = v_1[i32(((v_t
	0x65, 0x78, 0x63, 0x6f, 0x6f, 0x72, 0x64, 0x30, 0x2e, 0x77, 0x20, 0x2a, 0x20, 0x34, 0x2e, 0x30, // excoord0.w * 4.0
	0x66, 0x29, 0x20, 0x2b, 0x20, 0x30, 0x2e, 0x35, 0x66, 0x29, 0x29, 0x5d, 0x3b, 0x0a, 0x20, 0x20, // f) + 0.5f))];.  
	0x20, 0x20, 0x20, 0x20, 0x6c, 0x65, 0x74, 0x20, 0x76, 0x5f, 0x37, 0x20, 0x3d, 0x20, 0x28, 0x28, //     let v_7 = ((
	0x6c, 0x65, 0x6e, 0x67, 0x74, 0x68, 0x28, 0x66, 0x77, 0x69, 0x64, 0x74, 0x68, 0x28, 0x76, 0x5f, // length(fwidth(v_
	0x33, 0x29, 0x29, 0x20, 0x2a, 0x20, 0x31, 0x31, 0x2e, 0x33, 0x31, 0x33, 0x37, 0x30, 0x38, 0x33, // 3)) * 11.3137083
	0x30, 0x35, 0x33, 0x35, 0x38, 0x38, 0x38, 0x36, 0x37, 0x31, 0x38, 0x37, 0x35, 0x66, 0x29, 0x20, // 0535888671875f) 
	0x2a, 0x20, 0x76, 0x2e, 0x75, 0x5f, 0x70, 0x61, 0x72, 0x61, 0x6d, 0x73, 0x2e, 0x79, 0x29, 0x3b, // * v.u_params.y);
	0x0a, 0x20, 0x20, 0x20, 0x20, 0x20, 0x20, 0x6c, 0x65, 0x74, 0x20, 0x76, 0x5f, 0x38, 0x20, 0x3d, // .      let v_8 =
	0x20, 0x28, 0x30, 0x2e, 0x35, 0x66, 0x20, 0x2d, 0x20, 0x28, 0x76, 0x2e, 0x75, 0x5f, 0x70, 0x61, //  (0.5f - (v.u_pa
	0x72, 0x61, 0x6d, 0x73, 0x2e, 0x77, 0x20, 0x2a, 0x20, 0x76, 0x5f, 0x37, 0x29, 0x29, 0x3b, 0x0a, // rams.w * v_7));.
	0x20, 0x20, 0x20, 0x20, 0x20, 0x20, 0x6c, 0x65, 0x74, 0x20, 0x76, 0x5f, 0x39, 0x20, 0x3d, 0x20, //       let v_9 = 
	0x73, 0x6d, 0x6f, 0x6f, 0x74, 0x68, 0x73, 0x74, 0x65, 0x70, 0x28, 0x28, 0x76, 0x5f, 0x38, 0x20, // smoothstep((v_8 
	0x2d, 0x20, 0x76, 0x5f, 0x37, 0x29, 0x2c, 0x20, 0x28, 0x76, 0x5f, 0x38, 0x20, 0x2b, 0x20, 0x76, // - v_7), (v_8 + v
	0x5f, 0x37, 0x29, 0x2c, 0x20, 0x76, 0x5f, 0x36, 0x29, 0x3b, 0x0a, 0x20, 0x20, 0x20, 0x20, 0x20, // _7), v_6);.     
	0x20, 0x6c, 0x65, 0x74, 0x20, 0x76, 0x5f, 0x31, 0x30, 0x20, 0x3d, 0x20, 0x73, 0x6d, 0x6f, 0x6f, //  let v_10 = smoo
	0x74, 0x68, 0x73, 0x74, 0x65, 0x70, 0x28, 0x28, 0x30, 0x2e, 0x35, 0x66, 0x20, 0x2d, 0x20, 0x76, // thstep((0.5f - v
	0x5f, 0x37, 0x29, 0x2c, 0x20, 0x28, 0x30, 0x2e, 0x35, 0x66, 0x20, 0x2b, 0x20, 0x76, 0x5f, 0x37, // _7), (0.5f + v_7
	0x29, 0x2c, 0x20, 0x76, 0x5f, 0x36, 0x29, 0x3b, 0x0a, 0x20, 0x20, 0x20, 0x20, 0x20, 0x20, 0x6c, // ), v_6);.      l
	0x65, 0x74, 0x20, 0x76, 0x5f, 0x31, 0x31, 0x20, 0x3d, 0x20, 0x6d, 0x69, 0x78, 0x28, 0x76, 0x5f, // et v_11 = mix(v_
	0x63, 0x6f, 0x6c, 0x6f, 0x72, 0x31, 0x2e, 0x78, 0x79, 0x7a, 0x2c, 0x20, 0x76, 0x5f, 0x63, 0x6f, // color1.xyz, v_co
	0x6c, 0x6f, 0x72, 0x30, 0x2e, 0x78, 0x79, 0x7a, 0x2c, 0x20, 0x76, 0x65, 0x63, 0x33, 0x3c, 0x66, // lor0.xyz, vec3<f
	0x33, 0x32, 0x3e, 0x28, 0x76, 0x5f, 0x31, 0x30, 0x2c, 0x20, 0x76, 0x5f, 0x31, 0x30, 0x2c, 0x20, // 32>(v_10, v_10, 
	0x76, 0x5f, 0x31, 0x30, 0x29, 0x29, 0x3b, 0x0a, 0x20, 0x20, 0x20, 0x20, 0x20, 0x20, 0x76, 0x5f, // v_10));.      v_
	0x32, 0x20, 0x3d, 0x20, 0x76, 0x65, 0x63, 0x34, 0x3c, 0x66, 0x33, 0x32, 0x3e, 0x28, 0x76, 0x5f, // 2 = vec4<f32>(v_
	0x31, 0x31, 0x2e, 0x78, 0x2c, 0x20, 0x76, 0x5f, 0x31, 0x31, 0x2e, 0x79, 0x2c, 0x20, 0x76, 0x5f, // 11.x, v_11.y, v_
	0x31, 0x31, 0x2e, 0x7a, 0x2c, 0x20, 0x28, 0x76, 0x5f, 0x39, 0x20, 0x2a, 0x20, 0x76, 0x5f, 0x63, // 11.z, (v_9 * v_c
	0x6f, 0x6c, 0x6f, 0x72, 0x30, 0x2e, 0x77, 0x29, 0x29, 0x3b, 0x0a, 0x20, 0x20, 0x20, 0x20, 0x7d, // olor0.w));.    }
	0x0a, 0x20, 0x20, 0x7d, 0x0a, 0x20, 0x20, 0x62, 0x67, 0x66, 0x78, 0x5f, 0x46, 0x72, 0x61, 0x67, // .  }.  bgfx_Frag
	0x44, 0x61, 0x74, 0x61, 0x30, 0x20, 0x3d, 0x20, 0x76, 0x5f, 0x32, 0x3b, 0x0a, 0x7d, 0x0a, 0x0a, // Data0 = v_2;.}..
	0x40, 0x66, 0x72, 0x61, 0x67, 0x6d, 0x65, 0x6e, 0x74, 0x0a, 0x66, 0x6e, 0x20, 0x6d, 0x61, 0x69, // @fragment.fn mai
	0x6e, 0x28, 0x40, 0x6c, 0x6f, 0x63, 0x61, 0x74, 0x69, 0x6f, 0x6e, 0x28, 0x30, 0x75, 0x29, 0x20, // n(@location(0u) 
	0x76, 0x5f, 0x63, 0x6f, 0x6c, 0x6f, 0x72, 0x30, 0x20, 0x3a, 0x20, 0x76, 0x65, 0x63, 0x34, 0x3c, // v_color0 : vec4<
	0x66, 0x33, 0x32, 0x3e, 0x2c, 0x20, 0x40, 0x6c, 0x6f, 0x63, 0x61, 0x74, 0x69, 0x6f, 0x6e, 0x28, // f32>, @location(
	0x31, 0x75, 0x29, 0x20, 0x76, 0x5f, 0x63, 0x6f, 0x6c, 0x6f, 0x72, 0x31, 0x20, 0x3a, 0x20, 0x76, // 1u) v_color1 : v
	0x65, 0x63, 0x34, 0x3c, 0x66, 0x33, 0x32, 0x3e, 0x2c, 0x20, 0x40, 0x6c, 0x6f, 0x63, 0x61, 0x74, // ec4<f32>, @locat
	0x69, 0x6f, 0x6e, 0x28, 0x32, 0x75, 0x29, 0x20, 0x76, 0x5f, 0x74, 0x65, 0x78, 0x63, 0x6f, 0x6f, // ion(2u) v_texcoo
	0x72, 0x64, 0x30, 0x20, 0x3a, 0x20, 0x76, 0x65, 0x63, 0x34, 0x3c, 0x66, 0x33, 0x32, 0x3e, 0x2c, // rd0 : vec4<f32>,
	0x20, 0x40, 0x6c, 0x6f, 0x63, 0x61, 0x74, 0x69, 0x6f, 0x6e, 0x28, 0x33, 0x75, 0x29, 0x20, 0x76, //  @location(3u) v
	0x5f, 0x74, 0x65, 0x78, 0x63, 0x6f, 0x6f, 0x72, 0x64, 0x31, 0x20, 0x3a, 0x20, 0x76, 0x65, 0x63, // _texcoord1 : vec
	0x34, 0x3c, 0x66, 0x33, 0x32, 0x3e, 0x29, 0x20, 0x2d, 0x3e, 0x20, 0x40, 0x6c, 0x6f, 0x63, 0x61, // 4<f32>) -> @loca
	0x74, 0x69, 0x6f, 0x6e, 0x28, 0x30, 0x75, 0x29, 0x20, 0x76, 0x65, 0x63, 0x34, 0x3c, 0x66, 0x33, // tion(0u) vec4<f3
	0x32, 0x3e, 0x20, 0x7b, 0x0a, 0x20, 0x20, 0x6d, 0x61, 0x69, 0x6e, 0x5f, 0x69, 0x6e, 0x6e, 0x65, // 2> {.  main_inne
	0x72, 0x28, 0x76, 0x5f, 0x63, 0x6f, 0x6c, 0x6f, 0x72, 0x30, 0x2c, 0x20, 0x76, 0x5f, 0x63, 0x6f, // r(v_color0, v_co
	0x6c, 0x6f, 0x72, 0x31, 0x2c, 0x20, 0x76, 0x5f, 0x74, 0x65, 0x78, 0x63, 0x6f, 0x6f, 0x72, 0x64, // lor1, v_texcoord
	0x30, 0x2c, 0x20, 0x76, 0x5f, 0x74, 0x65, 0x78, 0x63, 0x6f, 0x6f, 0x72, 0x64, 0x31, 0x29, 0x3b, // 0, v_texcoord1);
	0x0a, 0x20, 0x20, 0x72, 0x65, 0x74, 0x75, 0x72, 0x6e, 0x20, 0x62, 0x67, 0x66, 0x78, 0x5f, 0x46, // .  return bgfx_F
	0x72, 0x61, 0x67, 0x44, 0x61, 0x74, 0x61, 0x30, 0x3b, 0x0a, 0x7d, 0x0a, 0x00, 0x00, 0x10, 0x00, // ragData0;.}.....
	0x10, 0x00,                                                                                     // ..
};
static const uint8_t fs_font_distance_field_outline_image_dxbc[1806] =
{
	0x46, 0x53, 0x48, 0x0c, 0x94, 0xf7, 0xae, 0x6e, 0x00, 0x00, 0x00, 0x00, 0x00, 0x00, 0x00, 0x00, // FSH....n........
	0x00, 0x00, 0x00, 0x00, 0x02, 0x00, 0x08, 0x75, 0x5f, 0x70, 0x61, 0x72, 0x61, 0x6d, 0x73, 0x12, // .......u_params.
	0x00, 0x00, 0x00, 0x01, 0x00, 0x00, 0x00, 0x00, 0x00, 0x0a, 0x73, 0x5f, 0x74, 0x65, 0x78, 0x43, // ..........s_texC
	0x6f, 0x6c, 0x6f, 0x72, 0x30, 0x01, 0x00, 0x00, 0x01, 0x00, 0x00, 0x04, 0x00, 0x00, 0xc8, 0x06, // olor0...........
	0x00, 0x00, 0x44, 0x58, 0x42, 0x43, 0xd1, 0x13, 0xb8, 0x08, 0xdc, 0x9f, 0xf5, 0x40, 0x88, 0x26, // ..DXBC.......@.&
	0x92, 0x79, 0x95, 0x27, 0x87, 0x61, 0x01, 0x00, 0x00, 0x00, 0xc8, 0x06, 0x00, 0x00, 0x03, 0x00, // .y.'.a..........
	0x00, 0x00, 0x2c, 0x00, 0x00, 0x00, 0xd0, 0x00, 0x00, 0x00, 0x04, 0x01, 0x00, 0x00, 0x49, 0x53, // ..,...........IS
	0x47, 0x4e, 0x9c, 0x00, 0x00, 0x00, 0x05, 0x00, 0x00, 0x00, 0x08, 0x00, 0x00, 0x00, 0x80, 0x00, // GN..............
	0x00, 0x00, 0x00, 0x00, 0x00, 0x00, 0x01, 0x00, 0x00, 0x00, 0x03, 0x00, 0x00, 0x00, 0x00, 0x00, // ................
	0x00, 0x00, 0x0f, 0x00, 0x00, 0x00, 0x8c, 0x00, 0x00, 0x00, 0x00, 0x00, 0x00, 0x00, 0x00, 0x00, // ................
	0x00, 0x00, 0x03, 0x00, 0x00, 0x00, 0x01, 0x00, 0x00, 0x00, 0x0f, 0x0f, 0x00, 0x00, 0x8c, 0x00, // ................
	0x00, 0x00, 0x01, 0x00, 0x00, 0x00, 0x00, 0x00, 0x00, 0x00, 0x03, 0x00, 0x00, 0x00, 0x02, 0x00, // ................
	0x00, 0x00, 0x0f, 0x07, 0x00, 0x00, 0x92, 0x00, 0x00, 0x00, 0x00, 0x00, 0x00, 0x00, 0x00, 0x00, // ................
	0x00, 0x00, 0x03, 0x00, 0x00, 0x00, 0x03, 0x00, 0x00, 0x00, 0x0f, 0x0f, 0x00, 0x00, 0x92, 0x00, // ................
	0x00, 0x00, 0x01, 0x00, 0x00, 0x00, 0x00, 0x00, 0x00, 0x00, 0x03, 0x00, 0x00, 0x00, 0x04, 0x00, // ................
	0x00, 0x00, 0x0f, 0x07, 0x00, 0x00, 0x53, 0x56, 0x5f, 0x50, 0x4f, 0x53, 0x49, 0x54, 0x49, 0x4f, // ......SV_POSITIO
	0x4e, 0x00, 0x43, 0x4f, 0x4c, 0x4f, 0x52, 0x00, 0x54, 0x45, 0x58, 0x43, 0x4f, 0x4f, 0x52, 0x44, // N.COLOR.TEXCOORD
	0x00, 0xab, 0x4f, 0x53, 0x47, 0x4e, 0x2c, 0x00, 0x00, 0x00, 0x01, 0x00, 0x00, 0x00, 0x08, 0x00, // ..OSGN,.........
	0x00, 0x00, 0x20, 0x00, 0x00, 0x00, 0x00, 0x00, 0x00, 0x00, 0x00, 0x00, 0x00, 0x00, 0x03, 0x00, // .. .............
	0x00, 0x00, 0x00, 0x00, 0x00, 0x00, 0x0f, 0x00, 0x00, 0x00, 0x53, 0x56, 0x5f, 0x54, 0x41, 0x52, // ..........SV_TAR
	0x47, 0x45, 0x54, 0x00, 0xab, 0xab, 0x53, 0x48, 0x45, 0x58, 0xbc, 0x05, 0x00, 0x00, 0x50, 0x00, // GET...SHEX....P.
	0x00, 0x00, 0x6f, 0x01, 0x00, 0x00, 0x6a, 0x08, 0x00, 0x01, 0x59, 0x00, 0x00, 0x04, 0x46, 0x8e, // ..o...j...Y...F.
	0x20, 0x00, 0x00, 0x00, 0x00, 0x00, 0x01, 0x00, 0x00, 0x00, 0x5a, 0x00, 0x00, 0x03, 0x00, 0x60, //  .........Z....`
	0x10, 0x00, 0x00, 0x00, 0x00, 0x00, 0x58, 0x30, 0x00, 0x04, 0x00, 0x70, 0x10, 0x00, 0x00, 0x00, // ......X0...p....
	0x00, 0x00, 0x55, 0x55, 0x00, 0x00, 0x62, 0x10, 0x00, 0x03, 0xf2, 0x10, 0x10, 0x00, 0x01, 0x00, // ..UU..b.........
	0x00, 0x00, 0x62, 0x10, 0x00, 0x03, 0x72, 0x10, 0x10, 0x00, 0x02, 0x00, 0x00, 0x00, 0x62, 0x10, // ..b...r.......b.
	0x00, 0x03, 0xf2, 0x10, 0x10, 0x00, 0x03, 0x00, 0x00, 0x00, 0x62, 0x10, 0x00, 0x03, 0x72, 0x10, // ..........b...r.
	0x10, 0x00, 0x04, 0x00, 0x00, 0x00, 0x65, 0x00, 0x00, 0x03, 0xf2, 0x20, 0x10, 0x00, 0x00, 0x00, // ......e.... ....
	0x00, 0x00, 0x68, 0x00, 0x00, 0x02, 0x02, 0x00, 0x00, 0x00, 0x69, 0x00, 0x00, 0x04, 0x00, 0x00, // ..h.......i.....
	0x00, 0x00, 0x04, 0x00, 0x00, 0x00, 0x04, 0x00, 0x00, 0x00, 0x18, 0x00, 0x00, 0x0a, 0x72, 0x00, // ..............r.
	0x10, 0x00, 0x00, 0x00, 0x00, 0x00, 0x46, 0x12, 0x10, 0x00, 0x03, 0x00, 0x00, 0x00, 0x02, 0x40, // ......F........@
	0x00, 0x00, 0x00, 0x00, 0x00, 0x00, 0x00, 0x00, 0x00, 0x00, 0x00, 0x00, 0x00, 0x00, 0x00, 0x00, // ................
	0x00, 0x00, 0x3c, 0x00, 0x00, 0x07, 0x12, 0x00, 0x10, 0x00, 0x00, 0x00, 0x00, 0x00, 0x1a, 0x00, // ..<.............
	0x10, 0x00, 0x00, 0x00, 0x00, 0x00, 0x0a, 0x00, 0x10, 0x00, 0x00, 0x00, 0x00, 0x00, 0x3c, 0x00, // ..............<.
	0x00, 0x07, 0x12, 0x00, 0x10, 0x00, 0x00, 0x00, 0x00, 0x00, 0x2a, 0x00, 0x10, 0x00, 0x00, 0x00, // ..........*.....
	0x00, 0x00, 0x0a, 0x00, 0x10, 0x00, 0x00, 0x00, 0x00, 0x00, 0x1f, 0x00, 0x04, 0x03, 0x0a, 0x00, // ................
	0x10, 0x00, 0x00, 0x00, 0x00, 0x00, 0x45, 0x00, 0x00, 0x8b, 0x82, 0x01, 0x00, 0x80, 0x43, 0x55, // ......E.......CU
	0x15, 0x00, 0xf2, 0x00, 0x10, 0x00, 0x00, 0x00, 0x00, 0x00, 0x46, 0x12, 0x10, 0x00, 0x04, 0x00, // ..........F.....
	0x00, 0x00, 0x46, 0x7e, 0x10, 0x00, 0x00, 0x00, 0x00, 0x00, 0x00, 0x60, 0x10, 0x00, 0x00, 0x00, // ..F~.......`....
	0x00, 0x00, 0x38, 0x00, 0x00, 0x07, 0x82, 0x20, 0x10, 0x00, 0x00, 0x00, 0x00, 0x00, 0x3a, 0x00, // ..8.... ......:.
	0x10, 0x00, 0x00, 0x00, 0x00, 0x00, 0x3a, 0x10, 0x10, 0x00, 0x01, 0x00, 0x00, 0x00, 0x36, 0x00, // ......:.......6.
	0x00, 0x05, 0x72, 0x20, 0x10, 0x00, 0x00, 0x00, 0x00, 0x00, 0x46, 0x02, 0x10, 0x00, 0x00, 0x00, // ..r ......F.....
	0x00, 0x00, 0x3e, 0x00, 0x00, 0x01, 0x15, 0x00, 0x00, 0x01, 0x45, 0x00, 0x00, 0x8b, 0x82, 0x01, // ..>.......E.....
	0x00, 0x80, 0x43, 0x55, 0x15, 0x00, 0xf2, 0x00, 0x10, 0x00, 0x00, 0x00, 0x00, 0x00, 0x46, 0x12, // ..CU..........F.
	0x10, 0x00, 0x03, 0x00, 0x00, 0x00, 0x46, 0x7e, 0x10, 0x00, 0x00, 0x00, 0x00, 0x00, 0x00, 0x60, // ......F~.......`
	0x10, 0x00, 0x00, 0x00, 0x00, 0x00, 0x32, 0x00, 0x00, 0x09, 0x12, 0x00, 0x10, 0x00, 0x01, 0x00, // ......2.........
	0x00, 0x00, 0x3a, 0x10, 0x10, 0x00, 0x03, 0x00, 0x00, 0x00, 0x01, 0x40, 0x00, 0x00, 0x00, 0x00, // ..:........@....
	0x80, 0x40, 0x01, 0x40, 0x00, 0x00, 0x00, 0x00, 0x00, 0x3f, 0x1b, 0x00, 0x00, 0x05, 0x12, 0x00, // .@.@.....?......
	0x10, 0x00, 0x01, 0x00, 0x00, 0x00, 0x0a, 0x00, 0x10, 0x00, 0x01, 0x00, 0x00, 0x00, 0x36, 0x00, // ..............6.
	0x00, 0x06, 0x12, 0x30, 0x20, 0x00, 0x00, 0x00, 0x00, 0x00, 0x00, 0x00, 0x00, 0x00, 0x2a, 0x00, // ...0 .........*.
	0x10, 0x00, 0x00, 0x00, 0x00, 0x00, 0x36, 0x00, 0x00, 0x06, 0x12, 0x30, 0x20, 0x00, 0x00, 0x00, // ......6....0 ...
	0x00, 0x00, 0x01, 0x00, 0x00, 0x00, 0x1a, 0x00, 0x10, 0x00, 0x00, 0x00, 0x00, 0x00, 0x36, 0x00, // ..............6.
	0x00, 0x06, 0x12, 0x30, 0x20, 0x00, 0x00, 0x00, 0x00, 0x00, 0x02, 0x00, 0x00, 0x00, 0x0a, 0x00, // ...0 ...........
	0x10, 0x00, 0x00, 0x00, 0x00, 0x00, 0x36, 0x00, 0x00, 0x06, 0x12, 0x30, 0x20, 0x00, 0x00, 0x00, // ......6....0 ...
	0x00, 0x00, 0x03, 0x00, 0x00, 0x00, 0x3a, 0x00, 0x10, 0x00, 0x00, 0x00, 0x00, 0x00, 0x36, 0x00, // ......:.......6.
	0x00, 0x07, 0x12, 0x00, 0x10, 0x00, 0x00, 0x00, 0x00, 0x00, 0x0a, 0x30, 0x20, 0x04, 0x00, 0x00, // ...........0 ...
	0x00, 0x00, 0x0a, 0x00, 0x10, 0x00, 0x01, 0x00, 0x00, 0x00, 0x7a, 0x00, 0x00, 0x05, 0xe2, 0x00, // ..........z.....
	0x10, 0x00, 0x00, 0x00, 0x00, 0x00, 0x06, 0x19, 0x10, 0x00, 0x03, 0x00, 0x00, 0x00, 0x7c, 0x00, // ..............|.
	0x00, 0x05, 0x72, 0x00, 0x10, 0x00, 0x01, 0x00, 0x00, 0x00, 0x46, 0x12, 0x10, 0x00, 0x03, 0x00, // ..r.......F.....
	0x00, 0x00, 0x00, 0x00, 0x00, 0x09, 0xe2, 0x00, 0x10, 0x00, 0x00, 0x00, 0x00, 0x00, 0x56, 0x0e, // ..............V.
	0x10, 0x80, 0x81, 0x00, 0x00, 0x00, 0x00, 0x00, 0x00, 0x00, 0x06, 0x09, 0x10, 0x80, 0x81, 0x00, // ................
	0x00, 0x00, 0x01, 0x00, 0x00, 0x00, 0x10, 0x00, 0x00, 0x07, 0x22, 0x00, 0x10, 0x00, 0x00, 0x00, // ..........".....
	0x00, 0x00, 0x96, 0x07, 0x10, 0x00, 0x00, 0x00, 0x00, 0x00, 0x96, 0x07, 0x10, 0x00, 0x00, 0x00, // ................
	0x00, 0x00, 0x4b, 0x00, 0x00, 0x05, 0x22, 0x00, 0x10, 0x00, 0x00, 0x00, 0x00, 0x00, 0x1a, 0x00, // ..K...".........
	0x10, 0x00, 0x00, 0x00, 0x00, 0x00, 0x38, 0x00, 0x00, 0x08, 0x22, 0x00, 0x10, 0x00, 0x00, 0x00, // ......8...".....
	0x00, 0x00, 0x1a, 0x00, 0x10, 0x00, 0x00, 0x00, 0x00, 0x00, 0x1a, 0x80, 0x20, 0x00, 0x00, 0x00, // ............ ...
	0x00, 0x00, 0x00, 0x00, 0x00, 0x00, 0x38, 0x00, 0x00, 0x07, 0x42, 0x00, 0x10, 0x00, 0x00, 0x00, // ......8...B.....
	0x00, 0x00, 0x1a, 0x00, 0x10, 0x00, 0x00, 0x00, 0x00, 0x00, 0x01, 0x40, 0x00, 0x00, 0xf3, 0x04, // ...........@....
	0x35, 0x41, 0x32, 0x00, 0x00, 0x0b, 0x42, 0x00, 0x10, 0x00, 0x00, 0x00, 0x00, 0x00, 0x3a, 0x80, // 5A2...B.......:.
	0x20, 0x80, 0x41, 0x00, 0x00, 0x00, 0x00, 0x00, 0x00, 0x00, 0x00, 0x00, 0x00, 0x00, 0x2a, 0x00, //  .A...........*.
	0x10, 0x00, 0x00, 0x00, 0x00, 0x00, 0x01, 0x40, 0x00, 0x00, 0x00, 0x00, 0x00, 0x3f, 0x32, 0x00, // .......@.....?2.
	0x00, 0x0a, 0x82, 0x00, 0x10, 0x00, 0x00, 0x00, 0x00, 0x00, 0x1a, 0x00, 0x10, 0x80, 0x41, 0x00, // ..............A.
	0x00, 0x00, 0x00, 0x00, 0x00, 0x00, 0x01, 0x40, 0x00, 0x00, 0xf3, 0x04, 0x35, 0x41, 0x2a, 0x00, // .......@....5A*.
	0x10, 0x00, 0x00, 0x00, 0x00, 0x00, 0x32, 0x00, 0x00, 0x09, 0x42, 0x00, 0x10, 0x00, 0x00, 0x00, // ......2...B.....
	0x00, 0x00, 0x1a, 0x00, 0x10, 0x00, 0x00, 0x00, 0x00, 0x00, 0x01, 0x40, 0x00, 0x00, 0xf3, 0x04, // ...........@....
	0x35, 0x41, 0x2a, 0x00, 0x10, 0x00, 0x00, 0x00, 0x00, 0x00, 0x00, 0x00, 0x00, 0x08, 0x42, 0x00, // 5A*...........B.
	0x10, 0x00, 0x00, 0x00, 0x00, 0x00, 0x3a, 0x00, 0x10, 0x80, 0x41, 0x00, 0x00, 0x00, 0x00, 0x00, // ......:...A.....
	0x00, 0x00, 0x2a, 0x00, 0x10, 0x00, 0x00, 0x00, 0x00, 0x00, 0x00, 0x00, 0x00, 0x08, 0x82, 0x00, // ..*.............
	0x10, 0x00, 0x00, 0x00, 0x00, 0x00, 0x3a, 0x00, 0x10, 0x80, 0x41, 0x00, 0x00, 0x00, 0x00, 0x00, // ......:...A.....
	0x00, 0x00, 0x0a, 0x00, 0x10, 0x00, 0x00, 0x00, 0x00, 0x00, 0x0e, 0x00, 0x00, 0x0a, 0x42, 0x00, // ..............B.
	0x10, 0x00, 0x00, 0x00, 0x00, 0x00, 0x02, 0x40, 0x00, 0x00, 0x00, 0x00, 0x80, 0x3f, 0x00, 0x00, // .......@.....?..
	0x80, 0x3f, 0x00, 0x00, 0x80, 0x3f, 0x00, 0x00, 0x80, 0x3f, 0x2a, 0x00, 0x10, 0x00, 0x00, 0x00, // .?...?...?*.....
	0x00, 0x00, 0x38, 0x20, 0x00, 0x07, 0x42, 0x00, 0x10, 0x00, 0x00, 0x00, 0x00, 0x00, 0x2a, 0x00, // ..8 ..B.......*.
	0x10, 0x00, 0x00, 0x00, 0x00, 0x00, 0x3a, 0x00, 0x10, 0x00, 0x00, 0x00, 0x00, 0x00, 0x32, 0x00, // ......:.......2.
	0x00, 0x09, 0x82, 0x00, 0x10, 0x00, 0x00, 0x00, 0x00, 0x00, 0x2a, 0x00, 0x10, 0x00, 0x00, 0x00, // ..........*.....
	0x00, 0x00, 0x01, 0x40, 0x00, 0x00, 0x00, 0x00, 0x00, 0xc0, 0x01, 0x40, 0x00, 0x00, 0x00, 0x00, // ...@.......@....
	0x40, 0x40, 0x38, 0x00, 0x00, 0x07, 0x42, 0x00, 0x10, 0x00, 0x00, 0x00, 0x00, 0x00, 0x2a, 0x00, // @@8...B.......*.
	0x10, 0x00, 0x00, 0x00, 0x00, 0x00, 0x2a, 0x00, 0x10, 0x00, 0x00, 0x00, 0x00, 0x00, 0x38, 0x00, // ......*.......8.
	0x00, 0x07, 0x42, 0x00, 0x10, 0x00, 0x00, 0x00, 0x00, 0x00, 0x2a, 0x00, 0x10, 0x00, 0x00, 0x00, // ..B.......*.....
	0x00, 0x00, 0x3a, 0x00, 0x10, 0x00, 0x00, 0x00, 0x00, 0x00, 0x32, 0x00, 0x00, 0x0a, 0x82, 0x00, // ..:.......2.....
	0x10, 0x00, 0x00, 0x00, 0x00, 0x00, 0x1a, 0x00, 0x10, 0x80, 0x41, 0x00, 0x00, 0x00, 0x00, 0x00, // ..........A.....
	0x00, 0x00, 0x01, 0x40, 0x00, 0x00, 0xf3, 0x04, 0x35, 0x41, 0x01, 0x40, 0x00, 0x00, 0x00, 0x00, // ...@....5A.@....
	0x00, 0x3f, 0x32, 0x00, 0x00, 0x09, 0x22, 0x00, 0x10, 0x00, 0x00, 0x00, 0x00, 0x00, 0x1a, 0x00, // .?2...".........
	0x10, 0x00, 0x00, 0x00, 0x00, 0x00, 0x01, 0x40, 0x00, 0x00, 0xf3, 0x04, 0x35, 0x41, 0x01, 0x40, // .......@....5A.@
	0x00, 0x00, 0x00, 0x00, 0x00, 0x3f, 0x00, 0x00, 0x00, 0x08, 0x32, 0x00, 0x10, 0x00, 0x00, 0x00, // .....?....2.....
	0x00, 0x00, 0xf6, 0x0f, 0x10, 0x80, 0x41, 0x00, 0x00, 0x00, 0x00, 0x00, 0x00, 0x00, 0x46, 0x00, // ......A.......F.
	0x10, 0x00, 0x00, 0x00, 0x00, 0x00, 0x0e, 0x00, 0x00, 0x0a, 0x22, 0x00, 0x10, 0x00, 0x00, 0x00, // ..........".....
	0x00, 0x00, 0x02, 0x40, 0x00, 0x00, 0x00, 0x00, 0x80, 0x3f, 0x00, 0x00, 0x80, 0x3f, 0x00, 0x00, // ...@.....?...?..
	0x80, 0x3f, 0x00, 0x00, 0x80, 0x3f, 0x1a, 0x00, 0x10, 0x00, 0x00, 0x00, 0x00, 0x00, 0x38, 0x20, // .?...?........8 
	0x00, 0x07, 0x12, 0x00, 0x10, 0x00, 0x00, 0x00, 0x00, 0x00, 0x1a, 0x00, 0x10, 0x00, 0x00, 0x00, // ................
	0x00, 0x00, 0x0a, 0x00, 0x10, 0x00, 0x00, 0x00, 0x00, 0x00, 0x32, 0x00, 0x00, 0x09, 0x22, 0x00, // ..........2...".
	0x10, 0x00, 0x00, 0x00, 0x00, 0x00, 0x0a, 0x00, 0x10, 0x00, 0x00, 0x00, 0x00, 0x00, 0x01, 0x40, // ...............@
	0x00, 0x00, 0x00, 0x00, 0x00, 0xc0, 0x01, 0x40, 0x00, 0x00, 0x00, 0x00, 0x40, 0x40, 0x38, 0x00, // .......@....@@8.
	0x00, 0x07, 0x12, 0x00, 0x10, 0x00, 0x00, 0x00, 0x00, 0x00, 0x0a, 0x00, 0x10, 0x00, 0x00, 0x00, // ................
	0x00, 0x00, 0x0a, 0x00, 0x10, 0x00, 0x00, 0x00, 0x00, 0x00, 0x38, 0x00, 0x00, 0x07, 0x12, 0x00, // ..........8.....
	0x10, 0x00, 0x00, 0x00, 0x00, 0x00, 0x0a, 0x00, 0x10, 0x00, 0x00, 0x00, 0x00, 0x00, 0x1a, 0x00, // ................
	0x10, 0x00, 0x00, 0x00, 0x00, 0x00, 0x00, 0x00, 0x00, 0x08, 0x72, 0x00, 0x10, 0x00, 0x01, 0x00, // ..........r.....
	0x00, 0x00, 0x46, 0x12, 0x10, 0x00, 0x01, 0x00, 0x00, 0x00, 0x46, 0x12, 0x10, 0x80, 0x41, 0x00, // ..F.......F...A.
	0x00, 0x00, 0x02, 0x00, 0x00, 0x00, 0x32, 0x00, 0x00, 0x09, 0x72, 0x20, 0x10, 0x00, 0x00, 0x00, // ......2...r ....
	0x00, 0x00, 0x06, 0x00, 0x10, 0x00, 0x00, 0x00, 0x00, 0x00, 0x46, 0x02, 0x10, 0x00, 0x01, 0x00, // ..........F.....
	0x00, 0x00, 0x46, 0x12, 0x10, 0x00, 0x02, 0x00, 0x00, 0x00, 0x38, 0x00, 0x00, 0x07, 0x82, 0x20, // ..F.......8.... 
	0x10, 0x00, 0x00, 0x00, 0x00, 0x00, 0x2a, 0x00, 0x10, 0x00, 0x00, 0x00, 0x00, 0x00, 0x3a, 0x10, // ......*.......:.
	0x10, 0x00, 0x01, 0x00, 0x00, 0x00, 0x3e, 0x00, 0x00, 0x01, 0x00, 0x00, 0x10, 0x00,             // ......>.......
};
static const uint8_t fs_font_distance_field_outline_image_dxil[3674] =
{
	0x46, 0x53, 0x48, 0x0c, 0x94, 0xf7, 0xae, 0x6e, 0x00, 0x00, 0x00, 0x00, 0x00, 0x00, 0x00, 0x00, // FSH....n........
	0x00, 0x00, 0x00, 0x00, 0x02, 0x00, 0x08, 0x75, 0x5f, 0x70, 0x61, 0x72, 0x61, 0x6d, 0x73, 0x12, // .......u_params.
	0x00, 0x00, 0x00, 0x01, 0x00, 0x00, 0x00, 0x00, 0x00, 0x0a, 0x73, 0x5f, 0x74, 0x65, 0x78, 0x43, // ..........s_texC
	0x6f, 0x6c, 0x6f, 0x72, 0x30, 0x01, 0x00, 0x00, 0x01, 0x00, 0x00, 0x04, 0x00, 0x00, 0x14, 0x0e, // olor0...........
	0x00, 0x00, 0x44, 0x58, 0x42, 0x43, 0xa7, 0xc2, 0xfb, 0x71, 0x5f, 0x21, 0x69, 0x7a, 0xb6, 0x11, // ..DXBC...q_!iz..
	0x64, 0xa0, 0xe0, 0xab, 0x7a, 0x29, 0x01, 0x00, 0x00, 0x00, 0x14, 0x0e, 0x00, 0x00, 0x07, 0x00, // d...z)..........
	0x00, 0x00, 0x3c, 0x00, 0x00, 0x00, 0x4c, 0x00, 0x00, 0x00, 0x18, 0x01, 0x00, 0x00, 0x54, 0x01, // ..<...L.......T.
	0x00, 0x00, 0xd0, 0x02, 0x00, 0x00, 0x04, 0x03, 0x00, 0x00, 0x20, 0x03, 0x00, 0x00, 0x53, 0x46, // .......... ...SF
	0x49, 0x30, 0x08, 0x00, 0x00, 0x00, 0x00, 0x00, 0x00, 0x00, 0x00, 0x00, 0x00, 0x00, 0x49, 0x53, // I0............IS
	0x47, 0x31, 0xc4, 0x00, 0x00, 0x00, 0x05, 0x00, 0x00, 0x00, 0x08, 0x00, 0x00, 0x00, 0x00, 0x00, // G1..............
	0x00, 0x00, 0xa8, 0x00, 0x00, 0x00, 0x00, 0x00, 0x00, 0x00, 0x01, 0x00, 0x00, 0x00, 0x03, 0x00, // ................
	0x00, 0x00, 0x00, 0x00, 0x00, 0x00, 0x0f, 0x00, 0x00, 0x00, 0x00, 0x00, 0x00, 0x00, 0x00, 0x00, // ................
	0x00, 0x00, 0xb4, 0x00, 0x00, 0x00, 0x00, 0x00, 0x00, 0x00, 0x00, 0x00, 0x00, 0x00, 0x03, 0x00, // ................
	0x00, 0x00, 0x01, 0x00, 0x00, 0x00, 0x0f, 0x0f, 0x00, 0x00, 0x00, 0x00, 0x00, 0x00, 0x00, 0x00, // ................
	0x00, 0x00, 0xb4, 0x00, 0x00, 0x00, 0x01, 0x00, 0x00, 0x00, 0x00, 0x00, 0x00, 0x00, 0x03, 0x00, // ................
	0x00, 0x00, 0x02, 0x00, 0x00, 0x00, 0x0f, 0x07, 0x00, 0x00, 0x00, 0x00, 0x00, 0x00, 0x00, 0x00, // ................
	0x00, 0x00, 0xba, 0x00, 0x00, 0x00, 0x00, 0x00, 0x00, 0x00, 0x00, 0x00, 0x00, 0x00, 0x03, 0x00, // ................
	0x00, 0x00, 0x03, 0x00, 0x00, 0x00, 0x0f, 0x0f, 0x00, 0x00, 0x00, 0x00, 0x00, 0x00, 0x00, 0x00, // ................
	0x00, 0x00, 0xba, 0x00, 0x00, 0x00, 0x01, 0x00, 0x00, 0x00, 0x00, 0x00, 0x00, 0x00, 0x03, 0x00, // ................
	0x00, 0x00, 0x04, 0x00, 0x00, 0x00, 0x0f, 0x07, 0x00, 0x00, 0x00, 0x00, 0x00, 0x00, 0x53, 0x56, // ..............SV
	0x5f, 0x50, 0x6f, 0x73, 0x69, 0x74, 0x69, 0x6f, 0x6e, 0x00, 0x43, 0x4f, 0x4c, 0x4f, 0x52, 0x00, // _Position.COLOR.
	0x54, 0x45, 0x58, 0x43, 0x4f, 0x4f, 0x52, 0x44, 0x00, 0x00, 0x4f, 0x53, 0x47, 0x31, 0x34, 0x00, // TEXCOORD..OSG14.
	0x00, 0x00, 0x01, 0x00, 0x00, 0x00, 0x08, 0x00, 0x00, 0x00, 0x00, 0x00, 0x00, 0x00, 0x28, 0x00, // ..............(.
	0x00, 0x00, 0x00, 0x00, 0x00, 0x00, 0x40, 0x00, 0x00, 0x00, 0x03, 0x00, 0x00, 0x00, 0x00, 0x00, // ......@.........
	0x00, 0x00, 0x0f, 0x00, 0x00, 0x00, 0x00, 0x00, 0x00, 0x00, 0x53, 0x56, 0x5f, 0x54, 0x61, 0x72, // ..........SV_Tar
	0x67, 0x65, 0x74, 0x00, 0x00, 0x00, 0x50, 0x53, 0x56, 0x30, 0x74, 0x01, 0x00, 0x00, 0x38, 0x00, // get...PSV0t...8.
	0x00, 0x00, 0x00, 0x00, 0x00, 0x00, 0x00, 0x00, 0x00, 0x00, 0x00, 0x00, 0x00, 0x00, 0x00, 0x00, // ................
	0x00, 0x00, 0x00, 0x00, 0x00, 0x00, 0xff, 0xff, 0xff, 0xff, 0x00, 0x00, 0x00, 0x00, 0x05, 0x01, // ................
	0x00, 0x05, 0x01, 0x00, 0x00, 0x00, 0x00, 0x00, 0x00, 0x00, 0x00, 0x00, 0x00, 0x00, 0x00, 0x00, // ................
	0x00, 0x00, 0x1f, 0x00, 0x00, 0x00, 0x00, 0x00, 0x00, 0x00, 0x03, 0x00, 0x00, 0x00, 0x18, 0x00, // ................
	0x00, 0x00, 0x02, 0x00, 0x00, 0x00, 0x00, 0x00, 0x00, 0x00, 0x00, 0x00, 0x00, 0x00, 0x00, 0x00, // ................
	0x00, 0x00, 0x0d, 0x00, 0x00, 0x00, 0x00, 0x00, 0x00, 0x00, 0x01, 0x00, 0x00, 0x00, 0x00, 0x00, // ................
	0x00, 0x00, 0x00, 0x00, 0x00, 0x00, 0x00, 0x00, 0x00, 0x00, 0x0e, 0x00, 0x00, 0x00, 0x00, 0x00, // ................
	0x00, 0x00, 0x03, 0x00, 0x00, 0x00, 0x00, 0x00, 0x00, 0x00, 0x00, 0x00, 0x00, 0x00, 0x00, 0x00, // ................
	0x00, 0x00, 0x05, 0x00, 0x00, 0x00, 0x00, 0x00, 0x00, 0x00, 0x24, 0x00, 0x00, 0x00, 0x00, 0x43, // ..........$....C
	0x4f, 0x4c, 0x4f, 0x52, 0x00, 0x43, 0x4f, 0x4c, 0x4f, 0x52, 0x00, 0x54, 0x45, 0x58, 0x43, 0x4f, // OLOR.COLOR.TEXCO
	0x4f, 0x52, 0x44, 0x00, 0x54, 0x45, 0x58, 0x43, 0x4f, 0x4f, 0x52, 0x44, 0x00, 0x6d, 0x61, 0x69, // ORD.TEXCOORD.mai
	0x6e, 0x00, 0x02, 0x00, 0x00, 0x00, 0x00, 0x00, 0x00, 0x00, 0x01, 0x00, 0x00, 0x00, 0x10, 0x00, // n...............
	0x00, 0x00, 0x00, 0x00, 0x00, 0x00, 0x00, 0x00, 0x00, 0x00, 0x01, 0x00, 0x44, 0x03, 0x03, 0x04, // ............D...
	0x00, 0x00, 0x01, 0x00, 0x00, 0x00, 0x00, 0x00, 0x00, 0x00, 0x01, 0x01, 0x44, 0x00, 0x03, 0x02, // ............D...
	0x00, 0x00, 0x07, 0x00, 0x00, 0x00, 0x01, 0x00, 0x00, 0x00, 0x01, 0x02, 0x44, 0x00, 0x03, 0x02, // ............D...
	0x00, 0x00, 0x0d, 0x00, 0x00, 0x00, 0x00, 0x00, 0x00, 0x00, 0x01, 0x03, 0x44, 0x00, 0x03, 0x02, // ............D...
	0x00, 0x00, 0x16, 0x00, 0x00, 0x00, 0x01, 0x00, 0x00, 0x00, 0x01, 0x04, 0x44, 0x00, 0x03, 0x02, // ............D...
	0x00, 0x00, 0x00, 0x00, 0x00, 0x00, 0x00, 0x00, 0x00, 0x00, 0x01, 0x00, 0x44, 0x10, 0x03, 0x00, // ............D...
	0x00, 0x00, 0x00, 0x00, 0x00, 0x00, 0x00, 0x00, 0x00, 0x00, 0x00, 0x00, 0x00, 0x00, 0x00, 0x00, // ................
	0x00, 0x00, 0x01, 0x00, 0x00, 0x00, 0x02, 0x00, 0x00, 0x00, 0x04, 0x00, 0x00, 0x00, 0x08, 0x00, // ................
	0x00, 0x00, 0x01, 0x00, 0x00, 0x00, 0x02, 0x00, 0x00, 0x00, 0x04, 0x00, 0x00, 0x00, 0x00, 0x00, // ................
	0x00, 0x00, 0x0f, 0x00, 0x00, 0x00, 0x0f, 0x00, 0x00, 0x00, 0x0f, 0x00, 0x00, 0x00, 0x0f, 0x00, // ................
	0x00, 0x00, 0x0f, 0x00, 0x00, 0x00, 0x0f, 0x00, 0x00, 0x00, 0x0f, 0x00, 0x00, 0x00, 0x00, 0x00, // ................
	0x00, 0x00, 0x49, 0x4c, 0x44, 0x4e, 0x2c, 0x00, 0x00, 0x00, 0x00, 0x00, 0x24, 0x00, 0x34, 0x33, // ..ILDN,.....$.43
	0x35, 0x31, 0x30, 0x38, 0x39, 0x65, 0x39, 0x36, 0x62, 0x39, 0x65, 0x38, 0x38, 0x35, 0x33, 0x31, // 51089e96b9e88531
	0x66, 0x66, 0x37, 0x64, 0x36, 0x36, 0x62, 0x35, 0x38, 0x65, 0x64, 0x39, 0x38, 0x36, 0x2e, 0x70, // ff7d66b58ed986.p
	0x64, 0x62, 0x00, 0x00, 0x00, 0x00, 0x48, 0x41, 0x53, 0x48, 0x14, 0x00, 0x00, 0x00, 0x00, 0x00, // db....HASH......
	0x00, 0x00, 0x43, 0x51, 0x08, 0x9e, 0x96, 0xb9, 0xe8, 0x85, 0x31, 0xff, 0x7d, 0x66, 0xb5, 0x8e, // ..CQ......1.}f..
	0xd9, 0x86, 0x44, 0x58, 0x49, 0x4c, 0xec, 0x0a, 0x00, 0x00, 0x60, 0x00, 0x00, 0x00, 0xbb, 0x02, // ..DXIL....`.....
	0x00, 0x00, 0x44, 0x58, 0x49, 0x4c, 0x00, 0x01, 0x00, 0x00, 0x10, 0x00, 0x00, 0x00, 0xd4, 0x0a, // ..DXIL..........
	0x00, 0x00, 0x42, 0x43, 0xc0, 0xde, 0x21, 0x0c, 0x00, 0x00, 0xb2, 0x02, 0x00, 0x00, 0x0b, 0x82, // ..BC..!.........
	0x20, 0x00, 0x02, 0x00, 0x00, 0x00, 0x13, 0x00, 0x00, 0x00, 0x07, 0x81, 0x23, 0x91, 0x41, 0xc8, //  ...........#.A.
	0x04, 0x49, 0x06, 0x10, 0x32, 0x39, 0x92, 0x01, 0x84, 0x0c, 0x25, 0x05, 0x08, 0x19, 0x1e, 0x04, // .I..29....%.....
	0x8b, 0x62, 0x80, 0x18, 0x45, 0x02, 0x42, 0x92, 0x0b, 0x42, 0xc4, 0x10, 0x32, 0x14, 0x38, 0x08, // .b..E.B..B..2.8.
	0x18, 0x4b, 0x0a, 0x32, 0x62, 0x88, 0x48, 0x90, 0x14, 0x20, 0x43, 0x46, 0x88, 0xa5, 0x00, 0x19, // .K.2b.H.. CF....
	0x32, 0x42, 0xe4, 0x48, 0x0e, 0x90, 0x11, 0x23, 0xc4, 0x50, 0x41, 0x51, 0x81, 0x8c, 0xe1, 0x83, // 2B.H...#.PAQ....
	0xe5, 0x8a, 0x04, 0x31, 0x46, 0x06, 0x51, 0x18, 0x00, 0x00, 0x08, 0x00, 0x00, 0x00, 0x1b, 0x8c, // ...1F.Q.........
	0xe0, 0xff, 0xff, 0xff, 0xff, 0x07, 0x40, 0x02, 0xa8, 0x0d, 0x84, 0xf0, 0xff, 0xff, 0xff, 0xff, // ......@.........
	0x03, 0x20, 0x6d, 0x30, 0x86, 0xff, 0xff, 0xff, 0xff, 0x1f, 0x00, 0x09, 0xa8, 0x00, 0x49, 0x18, // . m0..........I.
	0x00, 0x00, 0x03, 0x00, 0x00, 0x00, 0x13, 0x82, 0x60, 0x42, 0x20, 0x4c, 0x08, 0x06, 0x00, 0x00, // ........`B L....
	0x00, 0x00, 0x89, 0x20, 0x00, 0x00, 0x42, 0x00, 0x00, 0x00, 0x32, 0x22, 0x88, 0x09, 0x20, 0x64, // ... ..B...2".. d
	0x85, 0x04, 0x13, 0x23, 0xa4, 0x84, 0x04, 0x13, 0x23, 0xe3, 0x84, 0xa1, 0x90, 0x14, 0x12, 0x4c, // ...#....#......L
	0x8c, 0x8c, 0x0b, 0x84, 0xc4, 0x4c, 0x10, 0x94, 0xc1, 0x08, 0x40, 0x09, 0x00, 0x0a, 0x66, 0x00, // .....L....@...f.
	0xe6, 0x08, 0xc0, 0x60, 0x8e, 0x00, 0x29, 0xc6, 0x40, 0x10, 0x44, 0x41, 0x90, 0x51, 0x0c, 0x80, // ...`..).@.DA.Q..
	0x20, 0x88, 0x62, 0x20, 0xa4, 0x0c, 0x03, 0x31, 0x90, 0x72, 0xd3, 0x70, 0xf9, 0x13, 0xf6, 0x10, //  .b ...1.r.p....
	0x92, 0xbf, 0x12, 0xd2, 0x4a, 0x4c, 0x7e, 0x71, 0xdb, 0xa8, 0x18, 0x86, 0x61, 0x20, 0xa8, 0xb8, // ....JL~q....a ..
	0x67, 0xb8, 0xfc, 0x09, 0x7b, 0x08, 0xc9, 0x0f, 0x81, 0x66, 0x58, 0x08, 0x14, 0x34, 0x85, 0x61, // g...{....fX..4.a
	0x08, 0xc7, 0x19, 0x86, 0x61, 0x20, 0x08, 0x62, 0xa0, 0xe7, 0xa8, 0xe1, 0xf2, 0x27, 0xec, 0x21, // ....a .b.....'.!
	0x24, 0x9f, 0xdb, 0xa8, 0x62, 0x25, 0x26, 0xbf, 0xb8, 0x6d, 0x44, 0x0c, 0xc3, 0x30, 0x14, 0x22, // $...b%&..mD..0."
	0x22, 0x1c, 0x82, 0xa4, 0x39, 0x82, 0xa0, 0x18, 0x0e, 0x51, 0x10, 0x04, 0x45, 0xd5, 0x40, 0xc0, // "...9....Q..E.@.
	0x30, 0x02, 0x31, 0xcc, 0x44, 0x06, 0xe3, 0xc0, 0x0e, 0xe1, 0x30, 0x0f, 0xf3, 0xe0, 0x06, 0xb4, // 0.1.D.....0.....
	0x50, 0x0e, 0xf8, 0x40, 0x0f, 0xf5, 0x20, 0x0f, 0xe5, 0x30, 0x0a, 0xf5, 0x20, 0x0e, 0xe5, 0xc0, // P..@.. ..0.. ...
	0x07, 0xf6, 0x50, 0x0e, 0xe3, 0x40, 0x0f, 0xef, 0x20, 0x0f, 0x7c, 0x60, 0x0e, 0xec, 0xf0, 0x0e, // ..P..@.. .|`....
	0xe1, 0x40, 0x0f, 0x6c, 0x00, 0x06, 0x74, 0xe0, 0x07, 0x60, 0xe0, 0x07, 0x28, 0xc0, 0x28, 0x9b, // .@.l..t..`..(.(.
	0x09, 0x21, 0x83, 0x53, 0x60, 0x87, 0x77, 0x10, 0x87, 0x70, 0x60, 0x87, 0x79, 0x40, 0x01, 0x46, // .!.S`.w..p`.y@.F
	0xdb, 0x4d, 0xd2, 0x14, 0x51, 0xc2, 0xe4, 0xb3, 0x00, 0xf3, 0x2c, 0x44, 0xc4, 0x4e, 0xc0, 0x44, // .M..Q.....,D.N.D
	0xa0, 0x80, 0xa0, 0x2e, 0x2d, 0x88, 0x24, 0x18, 0x08, 0x9c, 0x02, 0xa0, 0x61, 0x8e, 0x00, 0x14, // ....-.$.....a...
	0x00, 0x00, 0x13, 0x14, 0x72, 0xc0, 0x87, 0x74, 0x60, 0x87, 0x36, 0x68, 0x87, 0x79, 0x68, 0x03, // ....r..t`.6h.yh.
	0x72, 0xc0, 0x87, 0x0d, 0xaf, 0x50, 0x0e, 0x6d, 0xd0, 0x0e, 0x7a, 0x50, 0x0e, 0x6d, 0x00, 0x0f, // r....P.m..zP.m..
	0x7a, 0x30, 0x07, 0x72, 0xa0, 0x07, 0x73, 0x20, 0x07, 0x6d, 0x90, 0x0e, 0x71, 0xa0, 0x07, 0x73, // z0.r..s .m..q..s
	0x20, 0x07, 0x6d, 0x90, 0x0e, 0x78, 0xa0, 0x07, 0x73, 0x20, 0x07, 0x6d, 0x90, 0x0e, 0x71, 0x60, //  .m..x..s .m..q`
	0x07, 0x7a, 0x30, 0x07, 0x72, 0xd0, 0x06, 0xe9, 0x30, 0x07, 0x72, 0xa0, 0x07, 0x73, 0x20, 0x07, // .z0.r...0.r..s .
	0x6d, 0x90, 0x0e, 0x76, 0x40, 0x07, 0x7a, 0x60, 0x07, 0x74, 0xd0, 0x06, 0xe6, 0x10, 0x07, 0x76, // m..v@.z`.t.....v
	0xa0, 0x07, 0x73, 0x20, 0x07, 0x6d, 0x60, 0x0e, 0x73, 0x20, 0x07, 0x7a, 0x30, 0x07, 0x72, 0xd0, // ..s .m`.s .z0.r.
	0x06, 0xe6, 0x60, 0x07, 0x74, 0xa0, 0x07, 0x76, 0x40, 0x07, 0x6d, 0xe0, 0x0e, 0x78, 0xa0, 0x07, // ..`.t..v@.m..x..
	0x71, 0x60, 0x07, 0x7a, 0x30, 0x07, 0x72, 0xa0, 0x07, 0x76, 0x40, 0x07, 0x43, 0x9e, 0x00, 0x00, // q`.z0.r..v@.C...
	0x00, 0x00, 0x00, 0x00, 0x00, 0x00, 0x00, 0x00, 0x00, 0x86, 0x3c, 0x06, 0x10, 0x00, 0x01, 0x00, // ..........<.....
	0x00, 0x00, 0x00, 0x00, 0x00, 0x00, 0x0c, 0x79, 0x10, 0x20, 0x00, 0x04, 0x00, 0x00, 0x00, 0x00, // .......y. ......
	0x00, 0x00, 0x00, 0x18, 0xf2, 0x28, 0x40, 0x00, 0x04, 0x00, 0x00, 0x00, 0x00, 0x00, 0x00, 0x00, // .....(@.........
	0x30, 0xe4, 0x79, 0x80, 0x00, 0x18, 0x00, 0x00, 0x00, 0x00, 0x00, 0x00, 0x00, 0x60, 0xc8, 0x23, // 0.y..........`.#
	0x01, 0x01, 0x30, 0x00, 0x00, 0x00, 0x00, 0x00, 0x00, 0x00, 0xc0, 0x90, 0xa7, 0x02, 0x02, 0x60, // ..0............`
	0x00, 0x00, 0x00, 0x00, 0x00, 0x00, 0x00, 0x80, 0x2c, 0x10, 0x14, 0x00, 0x00, 0x00, 0x32, 0x1e, // ........,.....2.
	0x98, 0x14, 0x19, 0x11, 0x4c, 0x90, 0x8c, 0x09, 0x26, 0x47, 0xc6, 0x04, 0x43, 0x22, 0x4a, 0x60, // ....L...&G..C"J`
	0x04, 0xa0, 0x28, 0x8a, 0xa1, 0x14, 0x4a, 0xa2, 0x40, 0xca, 0xa0, 0x3c, 0x8a, 0xa0, 0x1c, 0x0a, // ..(...J.@..<....
	0x81, 0x8a, 0x92, 0x28, 0x83, 0x42, 0x18, 0x01, 0x28, 0x82, 0x02, 0x21, 0x72, 0x04, 0x80, 0xb8, // ...(.B..(..!r...
	0x19, 0x00, 0xf2, 0x66, 0x00, 0xe8, 0x1b, 0xcb, 0xa2, 0x08, 0x00, 0x00, 0x80, 0x40, 0x20, 0x90, // ...f.........@ .
	0x40, 0x20, 0x80, 0xe7, 0x79, 0x9e, 0xe7, 0x79, 0x00, 0xd2, 0x66, 0x00, 0x00, 0x00, 0x79, 0x18, // @ ..y..y..f...y.
	0x00, 0x00, 0x86, 0x00, 0x00, 0x00, 0x1a, 0x03, 0x4c, 0x90, 0x46, 0x02, 0x13, 0xc4, 0x8f, 0x0c, // ........L.F.....
	0x6f, 0xec, 0xed, 0x4d, 0x0c, 0x24, 0xc6, 0x25, 0x06, 0xc6, 0x45, 0xc6, 0x06, 0xa6, 0xc6, 0x65, // o..M.$.%..E....e
	0xe6, 0x06, 0x04, 0x65, 0x8c, 0x86, 0x0c, 0xc7, 0x8c, 0xc6, 0x2c, 0x27, 0x27, 0x65, 0x43, 0x10, // ...e......,''eC.
	0x4c, 0x10, 0x88, 0x63, 0x82, 0x40, 0x20, 0x1b, 0x84, 0x81, 0x98, 0x20, 0x10, 0xc9, 0x06, 0x61, // L..c.@ .... ...a
	0x30, 0x28, 0xc0, 0xcd, 0x4d, 0x10, 0x08, 0x65, 0xc3, 0x80, 0x24, 0xc4, 0x04, 0x41, 0xeb, 0x08, // 0(..M..e..$..A..
	0x4c, 0x10, 0x88, 0x65, 0x82, 0x40, 0x30, 0x1b, 0x04, 0xc2, 0xd9, 0x90, 0x10, 0x0b, 0x43, 0x10, // L..e.@0.......C.
	0x43, 0x43, 0x3c, 0x1b, 0x02, 0x68, 0x82, 0xc0, 0x69, 0x13, 0x04, 0xa2, 0xd9, 0x80, 0x10, 0x12, // CC<..h..i.......
	0x43, 0x10, 0xc3, 0x04, 0x6c, 0x08, 0xa8, 0x09, 0x82, 0xb7, 0x6d, 0x40, 0x08, 0x8b, 0x21, 0x88, // C...l.....m@..!.
	0x81, 0x00, 0x36, 0x04, 0xd7, 0x06, 0x22, 0x02, 0x2a, 0x6c, 0x82, 0xf0, 0x71, 0x1b, 0x02, 0x6d, // ..6...".*l..q..m
	0x82, 0x20, 0x00, 0x24, 0xda, 0xc2, 0xd2, 0xdc, 0xb8, 0x4c, 0x59, 0x7d, 0x41, 0xbd, 0xcd, 0xa5, // . .$.....LY}A...
	0xd1, 0xa5, 0xbd, 0xb9, 0x4d, 0x10, 0x8a, 0x69, 0x82, 0x50, 0x50, 0x1b, 0x02, 0x62, 0x82, 0x50, // ....M..i.PP..b.P
	0x54, 0x13, 0x84, 0xc2, 0xda, 0xb0, 0x10, 0xde, 0x07, 0x06, 0x61, 0x20, 0x06, 0x83, 0x18, 0x10, // T.........a ....
	0x63, 0x00, 0xb0, 0x18, 0x7a, 0x62, 0x7a, 0x92, 0x9a, 0x20, 0x14, 0xd7, 0x04, 0x81, 0x70, 0x26, // c...zbz.. ....p&
	0x08, 0xc4, 0xb3, 0x41, 0x38, 0x03, 0x34, 0xd8, 0xb0, 0x0c, 0x65, 0xf0, 0x8d, 0x41, 0x18, 0x98, // ...A8.4...e..A..
	0xc1, 0x20, 0x06, 0xc3, 0x18, 0xa4, 0xc1, 0x04, 0x81, 0x80, 0x36, 0x04, 0xc3, 0x04, 0x81, 0x88, // . ........6.....
	0x36, 0x08, 0x67, 0xd0, 0x06, 0x1b, 0x96, 0x35, 0x28, 0x83, 0x6f, 0x0c, 0xd8, 0xc0, 0x0c, 0x06, // 6.g....5(.o.....
	0x31, 0x58, 0x83, 0x31, 0x70, 0x03, 0x22, 0x54, 0x45, 0x58, 0x43, 0x4f, 0x4f, 0x52, 0x44, 0x1b, // 1X.1p."TEXCOORD.
	0x96, 0x33, 0x80, 0x83, 0x6f, 0x0c, 0xc2, 0xc0, 0x0c, 0x06, 0x31, 0x38, 0x83, 0x31, 0x48, 0x83, // .3..o.....18.1H.
	0x09, 0x02, 0x21, 0x6d, 0x58, 0xe4, 0x00, 0x0e, 0xbe, 0x31, 0x60, 0x03, 0x33, 0x18, 0xc4, 0x40, // ..!mX....1`.3..@
	0x0e, 0xc6, 0xc0, 0x0d, 0x36, 0x14, 0x64, 0xa0, 0x06, 0x6f, 0x10, 0x07, 0x73, 0xc0, 0x64, 0xca, // ....6.d..o..s.d.
	0xea, 0x8b, 0x2a, 0x4c, 0xee, 0xac, 0x8c, 0x6e, 0x82, 0x50, 0x60, 0x1b, 0x16, 0xa2, 0x0e, 0x3e, // ..*L...n.P`....>
	0x3b, 0x08, 0x83, 0x31, 0x18, 0xc4, 0x80, 0x18, 0x83, 0x34, 0xd8, 0x10, 0xdc, 0xc1, 0x86, 0x81, // ;..1.....4......
	0x0e, 0xf0, 0x00, 0xd8, 0x50, 0x70, 0x5d, 0x1e, 0x64, 0x00, 0x0b, 0x33, 0xb6, 0xb7, 0x30, 0x3a, // ....Pp].d..3..0:
	0x3e, 0x6f, 0x6d, 0x6e, 0x69, 0x70, 0x6f, 0x74, 0x65, 0x6e, 0x74, 0x20, 0x63, 0x68, 0x61, 0x72, // >omnipotent char
	0x8c, 0xa6, 0xd2, 0xda, 0xe0, 0xd8, 0xca, 0x40, 0x86, 0x5e, 0x86, 0x56, 0x56, 0x40, 0xa8, 0x84, // .......@.^.VV@..
	0x82, 0x82, 0x36, 0x04, 0x7d, 0x30, 0x41, 0x20, 0x83, 0x6c, 0xc3, 0xc0, 0x07, 0x7e, 0xf0, 0x07, // ..6.}0A .l...~..
	0x1b, 0x86, 0x3d, 0x00, 0x85, 0x3f, 0xd8, 0x30, 0x84, 0x42, 0x28, 0xfc, 0x41, 0x15, 0x36, 0x36, // ..=..?.0.B(.A.66
	0xbb, 0x36, 0x97, 0x34, 0xb2, 0x32, 0x37, 0xba, 0x29, 0x41, 0x50, 0x85, 0x0c, 0xcf, 0xc5, 0xae, // .6.4.27.)AP.....
	0x4c, 0x6e, 0x2e, 0xed, 0xcd, 0x6d, 0x4a, 0x40, 0x34, 0x21, 0xc3, 0x73, 0xb1, 0x0b, 0x63, 0xb3, // Ln...mJ@4!.s..c.
	0x2b, 0x93, 0x9b, 0x12, 0x18, 0x75, 0xc8, 0xf0, 0x5c, 0xe6, 0xd0, 0xc2, 0xc8, 0xca, 0xe4, 0x9a, // +....u..........
	0xde, 0xc8, 0xca, 0xd8, 0xa6, 0x04, 0x49, 0x19, 0x32, 0x3c, 0x17, 0xb9, 0xb2, 0xb9, 0xb7, 0x3a, // ......I.2<.....:
	0xb9, 0xb1, 0xb2, 0xb9, 0x29, 0x01, 0x56, 0x87, 0x0c, 0xcf, 0xc5, 0x2e, 0xad, 0xec, 0x2e, 0x89, // ....).V.........
	0x6c, 0x8a, 0x2e, 0x8c, 0xae, 0x6c, 0x4a, 0xa0, 0xd5, 0x21, 0xc3, 0x73, 0x29, 0x73, 0xa3, 0x93, // l....lJ..!.s)s..
	0xcb, 0x83, 0x7a, 0x4b, 0x73, 0xa3, 0x9b, 0x9b, 0x12, 0xe4, 0x01, 0x00, 0x00, 0x00, 0x79, 0x18, // ..zKs.........y.
	0x00, 0x00, 0x51, 0x00, 0x00, 0x00, 0x33, 0x08, 0x80, 0x1c, 0xc4, 0xe1, 0x1c, 0x66, 0x14, 0x01, // ..Q...3......f..
	0x3d, 0x88, 0x43, 0x38, 0x84, 0xc3, 0x8c, 0x42, 0x80, 0x07, 0x79, 0x78, 0x07, 0x73, 0x98, 0x71, // =.C8...B..yx.s.q
	0x0c, 0xe6, 0x00, 0x0f, 0xed, 0x10, 0x0e, 0xf4, 0x80, 0x0e, 0x33, 0x0c, 0x42, 0x1e, 0xc2, 0xc1, // ..........3.B...
	0x1d, 0xce, 0xa1, 0x1c, 0x66, 0x30, 0x05, 0x3d, 0x88, 0x43, 0x38, 0x84, 0x83, 0x1b, 0xcc, 0x03, // ....f0.=.C8.....
	0x3d, 0xc8, 0x43, 0x3d, 0x8c, 0x03, 0x3d, 0xcc, 0x78, 0x8c, 0x74, 0x70, 0x07, 0x7b, 0x08, 0x07, // =.C=..=.x.tp.{..
	0x79, 0x48, 0x87, 0x70, 0x70, 0x07, 0x7a, 0x70, 0x03, 0x76, 0x78, 0x87, 0x70, 0x20, 0x87, 0x19, // yH.pp.zp.vx.p ..
	0xcc, 0x11, 0x0e, 0xec, 0x90, 0x0e, 0xe1, 0x30, 0x0f, 0x6e, 0x30, 0x0f, 0xe3, 0xf0, 0x0e, 0xf0, // .......0.n0.....
	0x50, 0x0e, 0x33, 0x10, 0xc4, 0x1d, 0xde, 0x21, 0x1c, 0xd8, 0x21, 0x1d, 0xc2, 0x61, 0x1e, 0x66, // P.3....!..!..a.f
	0x30, 0x89, 0x3b, 0xbc, 0x83, 0x3b, 0xd0, 0x43, 0x39, 0xb4, 0x03, 0x3c, 0xbc, 0x83, 0x3c, 0x84, // 0.;..;.C9..<..<.
	0x03, 0x3b, 0xcc, 0xf0, 0x14, 0x76, 0x60, 0x07, 0x7b, 0x68, 0x07, 0x37, 0x68, 0x87, 0x72, 0x68, // .;...v`.{h.7h.rh
	0x07, 0x37, 0x80, 0x87, 0x70, 0x90, 0x87, 0x70, 0x60, 0x07, 0x76, 0x28, 0x07, 0x76, 0xf8, 0x05, // .7..p..p`.v(.v..
	0x76, 0x78, 0x87, 0x77, 0x80, 0x87, 0x5f, 0x08, 0x87, 0x71, 0x18, 0x87, 0x72, 0x98, 0x87, 0x79, // vx.w.._..q..r..y
	0x98, 0x81, 0x2c, 0xee, 0xf0, 0x0e, 0xee, 0xe0, 0x0e, 0xf5, 0xc0, 0x0e, 0xec, 0x30, 0x03, 0x62, // ..,..........0.b
	0xc8, 0xa1, 0x1c, 0xe4, 0xa1, 0x1c, 0xcc, 0xa1, 0x1c, 0xe4, 0xa1, 0x1c, 0xdc, 0x61, 0x1c, 0xca, // .............a..
	0x21, 0x1c, 0xc4, 0x81, 0x1d, 0xca, 0x61, 0x06, 0xd6, 0x90, 0x43, 0x39, 0xc8, 0x43, 0x39, 0x98, // !.....a...C9.C9.
	0x43, 0x39, 0xc8, 0x43, 0x39, 0xb8, 0xc3, 0x38, 0x94, 0x43, 0x38, 0x88, 0x03, 0x3b, 0x94, 0xc3, // C9.C9..8.C8..;..
	0x2f, 0xbc, 0x83, 0x3c, 0xfc, 0x82, 0x3b, 0xd4, 0x03, 0x3b, 0xb0, 0xc3, 0x0c, 0xc4, 0x21, 0x07, // /..<..;..;....!.
	0x7c, 0x70, 0x03, 0x7a, 0x28, 0x87, 0x76, 0x80, 0x87, 0x19, 0xd1, 0x43, 0x0e, 0xf8, 0xe0, 0x06, // |p.z(.v....C....
	0xe4, 0x20, 0x0e, 0xe7, 0xe0, 0x06, 0xf6, 0x10, 0x0e, 0xf2, 0xc0, 0x0e, 0xe1, 0x90, 0x0f, 0xef, // . ..............
	0x50, 0x0f, 0xf4, 0x30, 0x83, 0x81, 0xc8, 0x01, 0x1f, 0xdc, 0x40, 0x1c, 0xe4, 0xa1, 0x1c, 0xc2, // P..0......@.....
	0x61, 0x1d, 0xdc, 0x40, 0x1c, 0xe4, 0x01, 0x00, 0x00, 0x00, 0x71, 0x20, 0x00, 0x00, 0x1b, 0x00, // a..@......q ....
	0x00, 0x00, 0x56, 0xb0, 0x0d, 0x97, 0xef, 0x3c, 0xbe, 0x10, 0x50, 0x45, 0x41, 0x44, 0xa5, 0x03, // ..V....<..PEAD..
	0x0c, 0x25, 0x61, 0x00, 0x02, 0xe6, 0x17, 0xb7, 0x6d, 0x06, 0xd2, 0x70, 0xf9, 0xce, 0xe3, 0x0b, // .%a.....m..p....
	0x11, 0x01, 0x4c, 0x44, 0x08, 0x34, 0xc3, 0x42, 0x58, 0xc0, 0x34, 0x5c, 0xbe, 0xf3, 0xf8, 0x8b, // ..LD.4.BX.4.....
	0x03, 0x0c, 0x62, 0xf3, 0x50, 0x93, 0x5f, 0xdc, 0xb6, 0x11, 0x40, 0xc3, 0xe5, 0x3b, 0x8f, 0x2f, // ..b.P._...@..;./
	0x01, 0xcc, 0xb3, 0x10, 0x7e, 0x71, 0xdb, 0x26, 0x50, 0x0d, 0x97, 0xef, 0x3c, 0xbe, 0x34, 0x39, // ....~q.&P...<.49
	0x11, 0x81, 0x52, 0xd3, 0x43, 0x4d, 0x7e, 0x71, 0xdb, 0x36, 0xf0, 0x0c, 0x97, 0xef, 0x3c, 0x3e, // ..R.CM~q.6....<>
	0xd5, 0x00, 0x11, 0xe6, 0x17, 0xb7, 0x6d, 0x00, 0x04, 0x03, 0x20, 0x0d, 0x00, 0x00, 0x61, 0x20, // ......m... ...a 
	0x00, 0x00, 0xff, 0x00, 0x00, 0x00, 0x13, 0x04, 0x44, 0x2c, 0x10, 0x00, 0x00, 0x00, 0x13, 0x00, // ........D,......
	0x00, 0x00, 0x44, 0x8d, 0x00, 0x50, 0x51, 0x02, 0x44, 0x94, 0x5d, 0xc1, 0x14, 0x5e, 0xa1, 0x06, // ..D..PQ.D.]..^..
	0x94, 0x69, 0x40, 0xc9, 0xcd, 0x00, 0xd0, 0x30, 0x46, 0x00, 0x82, 0x20, 0x08, 0xff, 0xc2, 0x18, // .i@....0F.. ....
	0xc1, 0x7c, 0x86, 0xea, 0x0e, 0x06, 0x63, 0x04, 0xf3, 0x19, 0xaa, 0x33, 0x18, 0x8c, 0x11, 0x80, // .|....c....3....
	0x20, 0x08, 0xa2, 0x60, 0x30, 0x46, 0x00, 0x82, 0x20, 0x48, 0x82, 0xc1, 0x18, 0x01, 0x08, 0x82, //  ..`0F.. H......
	0x20, 0x08, 0x06, 0x63, 0x04, 0x20, 0x08, 0x82, 0xf0, 0x37, 0x02, 0x30, 0x03, 0x00, 0x23, 0x06, //  ..c. ...7.0..#.
	0x09, 0x00, 0x82, 0x60, 0x50, 0xa9, 0xc1, 0xa2, 0xa1, 0x01, 0x1a, 0x48, 0x23, 0x06, 0x09, 0x00, // ...`P......H#...
	0x82, 0x60, 0x50, 0xad, 0x01, 0xd3, 0xa5, 0x41, 0x1a, 0x4c, 0x23, 0x06, 0x09, 0x00, 0x82, 0x60, // .`P....A.L#....`
	0x50, 0xb1, 0x41, 0xb3, 0xa9, 0x81, 0x1a, 0x50, 0x23, 0x06, 0x09, 0x00, 0x82, 0x60, 0x60, 0xc8, // P.A....P#....``.
	0x41, 0x18, 0x84, 0xc1, 0x1a, 0x74, 0xcd, 0x88, 0x41, 0x02, 0x80, 0x20, 0x18, 0x18, 0x73, 0x20, // A....t..A.. ..s 
	0x06, 0x62, 0xc0, 0x06, 0x95, 0x33, 0x62, 0x90, 0x00, 0x20, 0x08, 0x06, 0x06, 0x1d, 0x8c, 0xc1, // .b...3b.. ......
	0x18, 0xb4, 0x81, 0xf7, 0x8c, 0x18, 0x24, 0x00, 0x08, 0x82, 0x81, 0x51, 0x07, 0x64, 0x80, 0x06, // ......$....Q.d..
	0x6e, 0x00, 0x06, 0xd0, 0x88, 0x41, 0x02, 0x80, 0x20, 0x18, 0x18, 0x76, 0x50, 0x06, 0x69, 0xf0, // n....A.. ..vP.i.
	0x06, 0x58, 0x34, 0x62, 0x90, 0x00, 0x20, 0x08, 0x06, 0xc6, 0x1d, 0x98, 0x81, 0x1a, 0xc0, 0x41, // .X4b.. ........A
	0x18, 0x48, 0x23, 0x06, 0x09, 0x00, 0x82, 0x60, 0x60, 0xe0, 0xc1, 0x19, 0xac, 0x41, 0x1c, 0x94, // .H#....``....A..
	0xc1, 0x34, 0x62, 0x90, 0x00, 0x20, 0x08, 0x06, 0x46, 0x1e, 0xa0, 0x81, 0x1a, 0xc8, 0x01, 0x19, // .4b.. ..F.......
	0x50, 0x23, 0x06, 0x09, 0x00, 0x82, 0x60, 0x60, 0xe8, 0x41, 0x1a, 0xac, 0xc1, 0x1c, 0x70, 0xd5, // P#....``.A....p.
	0x88, 0x41, 0x02, 0x80, 0x20, 0x18, 0x18, 0x7b, 0xa0, 0x06, 0x6c, 0x40, 0x07, 0x65, 0x60, 0x8d, // .A.. ..{..l@.e`.
	0x18, 0x24, 0x00, 0x08, 0x82, 0x81, 0xc1, 0x07, 0x6b, 0x60, 0x07, 0x75, 0x90, 0x06, 0xd7, 0x4c, // .$......k`.u...L
	0x04, 0x18, 0x10, 0xc7, 0x28, 0x0c, 0x47, 0x24, 0x51, 0xf0, 0x0d, 0x47, 0x24, 0x52, 0xf0, 0x0d, // ....(.G$Q..G$R..
	0x47, 0x24, 0x53, 0xf0, 0xd5, 0x20, 0x6c, 0x05, 0xc2, 0xce, 0x32, 0x04, 0x42, 0x30, 0x62, 0xf0, // G$S.. l...2.B0b.
	0x00, 0x20, 0x08, 0x06, 0x0f, 0x28, 0x88, 0x01, 0x35, 0x45, 0xd0, 0x53, 0x79, 0x9e, 0x57, 0x8d, // . ...(..5E.Sy.W.
	0x26, 0x04, 0xc0, 0x68, 0x82, 0x10, 0x8c, 0x26, 0x0c, 0xc2, 0x68, 0x02, 0x31, 0x58, 0xc0, 0xc8, // &..h...&..h.1X..
	0x67, 0xc4, 0x20, 0x01, 0x40, 0x10, 0x0c, 0x10, 0x54, 0xf8, 0x03, 0x51, 0x10, 0x05, 0x3a, 0x28, // g. .@...T..Q..:(
	0x46, 0x0c, 0x12, 0x00, 0x04, 0xc1, 0x00, 0x41, 0x85, 0x3f, 0x10, 0x05, 0x51, 0x58, 0x03, 0x62, // F......A.?..QX.b
	0xc4, 0x20, 0x01, 0x40, 0x10, 0x0c, 0x10, 0x54, 0xf8, 0x03, 0x51, 0x10, 0x85, 0x39, 0x18, 0x46, // . .@...T..Q..9.F
	0x0c, 0x12, 0x00, 0x04, 0xc1, 0x00, 0x41, 0x85, 0x3f, 0x10, 0x05, 0x51, 0xb0, 0x83, 0x60, 0x96, // ......A.?..Q..`.
	0x60, 0x18, 0x31, 0x48, 0x00, 0x10, 0x04, 0x03, 0x23, 0x15, 0xf0, 0x60, 0x14, 0x44, 0x61, 0x0e, // `.1H....#..`.Da.
	0xc8, 0x60, 0xc4, 0x20, 0x01, 0x40, 0x10, 0x0c, 0x0c, 0x55, 0xc8, 0x03, 0x52, 0x18, 0x05, 0x36, // .`. .@...U..R..6
	0x28, 0x83, 0x11, 0x83, 0x04, 0x00, 0x41, 0x30, 0x30, 0x56, 0x41, 0x0f, 0x4a, 0x81, 0x14, 0xec, // (.....A00VA.J...
	0xc0, 0x0c, 0x46, 0x0c, 0x1e, 0x00, 0x04, 0xc1, 0xe0, 0x49, 0x85, 0x35, 0xe8, 0xb8, 0xcb, 0xaa, // ..F......I.5....
	0xbc, 0x33, 0x38, 0x83, 0x33, 0xf0, 0x46, 0x13, 0x02, 0x60, 0x34, 0x41, 0x08, 0x46, 0x13, 0x06, // .38.3.F..`4A.F..
	0x61, 0x34, 0x81, 0x18, 0x2c, 0x43, 0x03, 0xf9, 0x58, 0x60, 0x06, 0xf0, 0xb9, 0x80, 0xa0, 0x0d, // a4..,C..X`......
	0x0e, 0x57, 0x2b, 0xb4, 0xc2, 0xb0, 0x01, 0x11, 0x18, 0x03, 0xb0, 0xc1, 0x01, 0x73, 0x85, 0x57, // .W+..........s.W
	0x18, 0x36, 0x20, 0x02, 0x64, 0x00, 0x36, 0x38, 0x64, 0xaf, 0x70, 0x0a, 0xc3, 0x06, 0x44, 0xa0, // .6 .d.68d.p...D.
	0x0c, 0xc0, 0x06, 0x07, 0x0d, 0x16, 0x54, 0x61, 0xd8, 0x80, 0x08, 0x90, 0x01, 0xd8, 0xe0, 0xb0, // ......Ta........
	0xc5, 0x42, 0x41, 0xc1, 0x30, 0x46, 0x0c, 0x0c, 0x00, 0x04, 0xc1, 0x40, 0xc1, 0x85, 0x3b, 0x28, // .BA.0F.....@..;(
	0x83, 0x11, 0x03, 0x03, 0x00, 0x41, 0x30, 0x50, 0x72, 0x01, 0x0f, 0xca, 0x60, 0xc4, 0xc0, 0x00, // .....A0Pr...`...
	0x40, 0x10, 0x0c, 0x14, 0x5d, 0xc8, 0x83, 0x32, 0x18, 0x31, 0x30, 0x00, 0x10, 0x04, 0x03, 0x65, // @...]..2.10....e
	0x17, 0x68, 0x61, 0x18, 0x31, 0x30, 0x00, 0x10, 0x04, 0x03, 0x85, 0x17, 0x6a, 0x61, 0x18, 0x31, // .ha.10......ja.1
	0x30, 0x00, 0x10, 0x04, 0x03, 0xa5, 0x17, 0x6c, 0x61, 0x18, 0x31, 0x30, 0x00, 0x10, 0x04, 0x03, // 0......la.10....
	0xc5, 0x17, 0xfc, 0x60, 0x0d, 0x46, 0x0c, 0x0c, 0x00, 0x04, 0xc1, 0x40, 0xf9, 0x85, 0x3f, 0x58, // ...`.F.....@..?X
	0x83, 0x11, 0x03, 0x03, 0x00, 0x41, 0x30, 0x50, 0xc0, 0x01, 0x14, 0xd6, 0x60, 0xc4, 0xc0, 0x00, // .....A0P....`...
	0x40, 0x10, 0x0c, 0x94, 0x70, 0xd0, 0x85, 0x61, 0xc4, 0xc0, 0x00, 0x40, 0x10, 0x0c, 0x14, 0x71, // @...p..a...@...q
	0xd8, 0x85, 0x61, 0xc4, 0xc0, 0x00, 0x40, 0x10, 0x0c, 0x94, 0x71, 0xe0, 0x85, 0xc1, 0x86, 0x04, // ..a...@...q.....
	0x3e, 0x36, 0x24, 0xf0, 0xb1, 0x21, 0x81, 0x8f, 0x0d, 0x83, 0x7c, 0x6c, 0x18, 0xe4, 0x63, 0x81, // >6$..!....|l..c.
	0x00, 0x1f, 0x23, 0x08, 0xf9, 0x98, 0x10, 0xc0, 0x67, 0xc4, 0xc0, 0x00, 0x40, 0x10, 0x0c, 0x14, // ..#.....g...@...
	0x76, 0x70, 0x85, 0x60, 0xc4, 0xe0, 0x00, 0x40, 0x10, 0x0c, 0xa4, 0x75, 0x80, 0x05, 0x3f, 0x40, // vp.`...@...u..?@
	0x87, 0xd1, 0x84, 0x20, 0xb0, 0x60, 0x90, 0x8f, 0x05, 0xaa, 0x20, 0x9f, 0xd1, 0x04, 0x62, 0xb0, // ... .`.... ...b.
	0x40, 0x90, 0x8f, 0x11, 0xae, 0x20, 0x1f, 0xeb, 0x60, 0x01, 0x3e, 0x16, 0x14, 0xf0, 0xb1, 0x80, // @.... ..`.>.....
	0x80, 0x8f, 0x05, 0x04, 0x7d, 0x46, 0x0c, 0x0c, 0x00, 0x04, 0xc1, 0x40, 0xc1, 0x07, 0x75, 0x08, // ....}F.....@..u.
	0x2c, 0x80, 0x05, 0xf9, 0x98, 0x2c, 0x04, 0xf1, 0xb1, 0x25, 0x16, 0xe0, 0x63, 0xb2, 0xc0, 0xc4, // ,....,...%..c...
	0xc7, 0x84, 0x20, 0x3e, 0x76, 0x06, 0x42, 0x7c, 0x2c, 0x10, 0xe8, 0x33, 0x62, 0x60, 0x00, 0x20, // .. >v.B|,..3b`. 
	0x08, 0x06, 0x0a, 0x48, 0xc8, 0x43, 0x60, 0x01, 0x2e, 0xc8, 0xc7, 0x74, 0x21, 0x88, 0x8f, 0x0d, // ...H.C`....t!...
	0x83, 0x7c, 0x2c, 0x10, 0xe4, 0x63, 0x7c, 0xe0, 0x0a, 0xf1, 0x31, 0x3f, 0x70, 0x85, 0xf8, 0x18, // .|,..c|...1?p...
	0x28, 0xb8, 0x42, 0x7c, 0x8c, 0x18, 0xe4, 0x63, 0xc5, 0x20, 0x1f, 0x33, 0x06, 0xf9, 0xd8, 0x40, // (.B|...c. .3...@
	0x0b, 0xf0, 0xb1, 0x81, 0x16, 0xe0, 0x63, 0x03, 0x2d, 0xc0, 0xc7, 0x2c, 0x4b, 0x3e, 0x16, 0xd4, // ......c.-..,K>..
	0x82, 0x7c, 0x2c, 0xb0, 0xe4, 0x33, 0x62, 0x90, 0x00, 0x20, 0x08, 0x06, 0x88, 0x4c, 0xa4, 0x04, // .|,..3b.. ...L..
	0x4b, 0xb0, 0x84, 0x3f, 0x18, 0x23, 0x06, 0x09, 0x00, 0x82, 0x60, 0x80, 0xc8, 0x44, 0x4a, 0xb0, // K..?.#....`..DJ.
	0x04, 0x4b, 0xd4, 0x43, 0x31, 0x62, 0x90, 0x00, 0x20, 0x08, 0x06, 0x88, 0x4c, 0xa4, 0x04, 0x4b, // .K.C1b.. ...L..K
	0xb0, 0x44, 0x3f, 0x10, 0x23, 0x06, 0x09, 0x00, 0x82, 0x60, 0x80, 0xc8, 0x44, 0x4a, 0xb0, 0x04, // .D?.#....`..DJ..
	0x4b, 0x80, 0x44, 0x30, 0x4b, 0x30, 0x60, 0x40, 0x0c, 0x00, 0x08, 0x00, 0x00, 0x00, 0x5b, 0x06, // K.D0K0`@......[.
	0x36, 0x08, 0x42, 0x61, 0xcb, 0xe0, 0x06, 0x41, 0x28, 0x6c, 0x19, 0xe0, 0x20, 0x08, 0x85, 0x2d, // 6.Ba...A(l.. ..-
	0x83, 0x1c, 0x04, 0xa1, 0xb0, 0x65, 0xa0, 0x83, 0x20, 0x14, 0x00, 0x00, 0x00, 0x00, 0x00, 0x00, // .....e.. .......
	0x00, 0x00, 0x00, 0x00, 0x00, 0x00, 0x00, 0x00, 0x10, 0x00,                                     // ..........
};
static const uint8_t fs_font_distance_field_outline_image_mtl[2643] =
{
	0x46, 0x53, 0x48, 0x0c, 0x94, 0xf7, 0xae, 0x6e, 0x00, 0x00, 0x00, 0x00, 0x00, 0x00, 0x00, 0x00, // FSH....n........
	0x00, 0x00, 0x00, 0x00, 0x04, 0x00, 0x11, 0x73, 0x5f, 0x74, 0x65, 0x78, 0x43, 0x6f, 0x6c, 0x6f, // .......s_texColo
	0x72, 0x53, 0x61, 0x6d, 0x70, 0x6c, 0x65, 0x72, 0x11, 0x01, 0xff, 0xff, 0x01, 0x00, 0x00, 0x00, // rSampler........
	0x00, 0x00, 0x11, 0x73, 0x5f, 0x74, 0x65, 0x78, 0x43, 0x6f, 0x6c, 0x6f, 0x72, 0x54, 0x65, 0x78, // ...s_texColorTex
	0x74, 0x75, 0x72, 0x65, 0x11, 0x01, 0xff, 0xff, 0x01, 0x00, 0x00, 0x00, 0x00, 0x00, 0x08, 0x75, // ture...........u
	0x5f, 0x70, 0x61, 0x72, 0x61, 0x6d, 0x73, 0x12, 0x01, 0x00, 0x00, 0x01, 0x00, 0x00, 0x00, 0x00, // _params.........
	0x00, 0x0a, 0x73, 0x5f, 0x74, 0x65, 0x78, 0x43, 0x6f, 0x6c, 0x6f, 0x72, 0x10, 0x00, 0x00, 0x00, // ..s_texColor....
	0x00, 0x00, 0x00, 0x04, 0x00, 0x00, 0xd5, 0x09, 0x00, 0x00, 0x23, 0x70, 0x72, 0x61, 0x67, 0x6d, // ..........#pragm
	0x61, 0x20, 0x63, 0x6c, 0x61, 0x6e, 0x67, 0x20, 0x64, 0x69, 0x61, 0x67, 0x6e, 0x6f, 0x73, 0x74, // a clang diagnost
	0x69, 0x63, 0x20, 0x69, 0x67, 0x6e, 0x6f, 0x72, 0x65, 0x64, 0x20, 0x22, 0x2d, 0x57, 0x6d, 0x69, // ic ignored "-Wmi
	0x73, 0x73, 0x69, 0x6e, 0x67, 0x2d, 0x70, 0x72, 0x6f, 0x74, 0x6f, 0x74, 0x79, 0x70, 0x65, 0x73, // ssing-prototypes
	0x22, 0x0a, 0x23, 0x70, 0x72, 0x61, 0x67, 0x6d, 0x61, 0x20, 0x63, 0x6c, 0x61, 0x6e, 0x67, 0x20, // ".#pragma clang 
	0x64, 0x69, 0x61, 0x67, 0x6e, 0x6f, 0x73, 0x74, 0x69, 0x63, 0x20, 0x69, 0x67, 0x6e, 0x6f, 0x72, // diagnostic ignor
	0x65, 0x64, 0x20, 0x22, 0x2d, 0x57, 0x6d, 0x69, 0x73, 0x73, 0x69, 0x6e, 0x67, 0x2d, 0x62, 0x72, // ed "-Wmissing-br
	0x61, 0x63, 0x65, 0x73, 0x22, 0x0a, 0x0a, 0x23, 0x69, 0x6e, 0x63, 0x6c, 0x75, 0x64, 0x65, 0x20, // aces"..#include 
	0x3c, 0x6d, 0x65, 0x74, 0x61, 0x6c, 0x5f, 0x73, 0x74, 0x64, 0x6c, 0x69, 0x62, 0x3e, 0x0a, 0x23, // <metal_stdlib>.#
	0x69, 0x6e, 0x63, 0x6c, 0x75, 0x64, 0x65, 0x20, 0x3c, 0x73, 0x69, 0x6d, 0x64, 0x2f, 0x73, 0x69, // include <simd/si
	0x6d, 0x64, 0x2e, 0x68, 0x3e, 0x0a, 0x0a, 0x75, 0x73, 0x69, 0x6e, 0x67, 0x20, 0x6e, 0x61, 0x6d, // md.h>..using nam
	0x65, 0x73, 0x70, 0x61, 0x63, 0x65, 0x20, 0x6d, 0x65, 0x74, 0x61, 0x6c, 0x3b, 0x0a, 0x0a, 0x74, // espace metal;..t
	0x65, 0x6d, 0x70, 0x6c, 0x61, 0x74, 0x65, 0x3c, 0x74, 0x79, 0x70, 0x65, 0x6e, 0x61, 0x6d, 0x65, // emplate<typename
	0x20, 0x54, 0x2c, 0x20, 0x73, 0x69, 0x7a, 0x65, 0x5f, 0x74, 0x20, 0x4e, 0x75, 0x6d, 0x3e, 0x0a, //  T, size_t Num>.
	0x73, 0x74, 0x72, 0x75, 0x63, 0x74, 0x20, 0x73, 0x70, 0x76, 0x55, 0x6e, 0x73, 0x61, 0x66, 0x65, // struct spvUnsafe
	0x41, 0x72, 0x72, 0x61, 0x79, 0x0a, 0x7b, 0x0a, 0x20, 0x20, 0x20, 0x20, 0x54, 0x20, 0x65, 0x6c, // Array.{.    T el
	0x65, 0x6d, 0x65, 0x6e, 0x74, 0x73, 0x5b, 0x4e, 0x75, 0x6d, 0x20, 0x3f, 0x20, 0x4e, 0x75, 0x6d, // ements[Num ? Num
	0x20, 0x3a, 0x20, 0x31, 0x5d, 0x3b, 0x0a, 0x20, 0x20, 0x20, 0x20, 0x0a, 0x20, 0x20, 0x20, 0x20, //  : 1];.    .    
	0x74, 0x68, 0x72, 0x65, 0x61, 0x64, 0x20, 0x54, 0x26, 0x20, 0x6f, 0x70, 0x65, 0x72, 0x61, 0x74, // thread T& operat
	0x6f, 0x72, 0x20, 0x5b, 0x5d, 0x20, 0x28, 0x73, 0x69, 0x7a, 0x65, 0x5f, 0x74, 0x20, 0x70, 0x6f, // or [] (size_t po
	0x73, 0x29, 0x20, 0x74, 0x68, 0x72, 0x65, 0x61, 0x64, 0x0a, 0x20, 0x20, 0x20, 0x20, 0x7b, 0x0a, // s) thread.    {.
	0x20, 0x20, 0x20, 0x20, 0x20, 0x20, 0x20, 0x20, 0x72, 0x65, 0x74, 0x75, 0x72, 0x6e, 0x20, 0x65, //         return e
	0x6c, 0x65, 0x6d, 0x65, 0x6e, 0x74, 0x73, 0x5b, 0x70, 0x6f, 0x73, 0x5d, 0x3b, 0x0a, 0x20, 0x20, // lements[pos];.  
	0x20, 0x20, 0x7d, 0x0a, 0x20, 0x20, 0x20, 0x20, 0x63, 0x6f, 0x6e, 0x73, 0x74, 0x65, 0x78, 0x70, //   }.    constexp
	0x72, 0x20, 0x63, 0x6f, 0x6e, 0x73, 0x74, 0x20, 0x74, 0x68, 0x72, 0x65, 0x61, 0x64, 0x20, 0x54, // r const thread T
	0x26, 0x20, 0x6f, 0x70, 0x65, 0x72, 0x61, 0x74, 0x6f, 0x72, 0x20, 0x5b, 0x5d, 0x20, 0x28, 0x73, // & operator [] (s
	0x69, 0x7a, 0x65, 0x5f, 0x74, 0x20, 0x70, 0x6f, 0x73, 0x29, 0x20, 0x63, 0x6f, 0x6e, 0x73, 0x74, // ize_t pos) const
	0x20, 0x74, 0x68, 0x72, 0x65, 0x61, 0x64, 0x0a, 0x20, 0x20, 0x20, 0x20, 0x7b, 0x0a, 0x20, 0x20, //  thread.    {.  
	0x20, 0x20, 0x20, 0x20, 0x20, 0x20, 0x72, 0x65, 0x74, 0x75, 0x72, 0x6e, 0x20, 0x65, 0x6c, 0x65, //       return ele
	0x6d, 0x65, 0x6e, 0x74, 0x73, 0x5b, 0x70, 0x6f, 0x73, 0x5d, 0x3b, 0x0a, 0x20, 0x20, 0x20, 0x20, // ments[pos];.    
	0x7d, 0x0a, 0x20, 0x20, 0x20, 0x20, 0x0a, 0x20, 0x20, 0x20, 0x20, 0x64, 0x65, 0x76, 0x69, 0x63, // }.    .    devic
	0x65, 0x20, 0x54, 0x26, 0x20, 0x6f, 0x70, 0x65, 0x72, 0x61, 0x74, 0x6f, 0x72, 0x20, 0x5b, 0x5d, // e T& operator []
	0x20, 0x28, 0x73, 0x69, 0x7a, 0x65, 0x5f, 0x74, 0x20, 0x70, 0x6f, 0x73, 0x29, 0x20, 0x64, 0x65, //  (size_t pos) de
	0x76, 0x69, 0x63, 0x65, 0x0a, 0x20, 0x20, 0x20, 0x20, 0x7b, 0x0a, 0x20, 0x20, 0x20, 0x20, 0x20, // vice.    {.     
	0x20, 0x20, 0x20, 0x72, 0x65, 0x74, 0x75, 0x72, 0x6e, 0x20, 0x65, 0x6c, 0x65, 0x6d, 0x65, 0x6e, //    return elemen
	0x74, 0x73, 0x5b, 0x70, 0x6f, 0x73, 0x5d, 0x3b, 0x0a, 0x20, 0x20, 0x20, 0x20, 0x7d, 0x0a, 0x20, // ts[pos];.    }. 
	0x20, 0x20, 0x20, 0x63, 0x6f, 0x6e, 0x73, 0x74, 0x65, 0x78, 0x70, 0x72, 0x20, 0x63, 0x6f, 0x6e, //    constexpr con
	0x73, 0x74, 0x20, 0x64, 0x65, 0x76, 0x69, 0x63, 0x65, 0x20, 0x54, 0x26, 0x20, 0x6f, 0x70, 0x65, // st device T& ope
	0x72, 0x61, 0x74, 0x6f, 0x72, 0x20, 0x5b, 0x5d, 0x20, 0x28, 0x73, 0x69, 0x7a, 0x65, 0x5f, 0x74, // rator [] (size_t
	0x20, 0x70, 0x6f, 0x73, 0x29, 0x20, 0x63, 0x6f, 0x6e, 0x73, 0x74, 0x20, 0x64, 0x65, 0x76, 0x69, //  pos) const devi
	0x63, 0x65, 0x0a, 0x20, 0x20, 0x20, 0x20, 0x7b, 0x0a, 0x20, 0x20, 0x20, 0x20, 0x20, 0x20, 0x20, // ce.    {.       
	0x20, 0x72, 0x65, 0x74, 0x75, 0x72, 0x6e, 0x20, 0x65, 0x6c, 0x65, 0x6d, 0x65, 0x6e, 0x74, 0x73, //  return elements
	0x5b, 0x70, 0x6f, 0x73, 0x5d, 0x3b, 0x0a, 0x20, 0x20, 0x20, 0x20, 0x7d, 0x0a, 0x20, 0x20, 0x20, // [pos];.    }.   
	0x20, 0x0a, 0x20, 0x20, 0x20, 0x20, 0x63, 0x6f, 0x6e, 0x73, 0x74, 0x65, 0x78, 0x70, 0x72, 0x20, //  .    constexpr 
	0x63, 0x6f, 0x6e, 0x73, 0x74, 0x20, 0x63, 0x6f, 0x6e, 0x73, 0x74, 0x61, 0x6e, 0x74, 0x20, 0x54, // const constant T
	0x26, 0x20, 0x6f, 0x70, 0x65, 0x72, 0x61, 0x74, 0x6f, 0x72, 0x20, 0x5b, 0x5d, 0x20, 0x28, 0x73, // & operator [] (s
	0x69, 0x7a, 0x65, 0x5f, 0x74, 0x20, 0x70, 0x6f, 0x73, 0x29, 0x20, 0x63, 0x6f, 0x6e, 0x73, 0x74, // ize_t pos) const
	0x20, 0x63, 0x6f, 0x6e, 0x73, 0x74, 0x61, 0x6e, 0x74, 0x0a, 0x20, 0x20, 0x20, 0x20, 0x7b, 0x0a, //  constant.    {.
	0x20, 0x20, 0x20, 0x20, 0x20, 0x20, 0x20, 0x20, 0x72, 0x65, 0x74, 0x75, 0x72, 0x6e, 0x20, 0x65, //         return e
	0x6c, 0x65, 0x6d, 0x65, 0x6e, 0x74, 0x73, 0x5b, 0x70, 0x6f, 0x73, 0x5d, 0x3b, 0x0a, 0x20, 0x20, // lements[pos];.  
	0x20, 0x20, 0x7d, 0x0a, 0x20, 0x20, 0x20, 0x20, 0x0a, 0x20, 0x20, 0x20, 0x20, 0x74, 0x68, 0x72, //   }.    .    thr
	0x65, 0x61, 0x64, 0x67, 0x72, 0x6f, 0x75, 0x70, 0x20, 0x54, 0x26, 0x20, 0x6f, 0x70, 0x65, 0x72, // eadgroup T& oper
	0x61, 0x74, 0x6f, 0x72, 0x20, 0x5b, 0x5d, 0x20, 0x28, 0x73, 0x69, 0x7a, 0x65, 0x5f, 0x74, 0x20, // ator [] (size_t 
	0x70, 0x6f, 0x73, 0x29, 0x20, 0x74, 0x68, 0x72, 0x65, 0x61, 0x64, 0x67, 0x72, 0x6f, 0x75, 0x70, // pos) threadgroup
	0x0a, 0x20, 0x20, 0x20, 0x20, 0x7b, 0x0a, 0x20, 0x20, 0x20, 0x20, 0x20, 0x20, 0x20, 0x20, 0x72, // .    {.        r
	0x65, 0x74, 0x75, 0x72, 0x6e, 0x20, 0x65, 0x6c, 0x65, 0x6d, 0x65, 0x6e, 0x74, 0x73, 0x5b, 0x70, // eturn elements[p
	0x6f, 0x73, 0x5d, 0x3b, 0x0a, 0x20, 0x20, 0x20, 0x20, 0x7d, 0x0a, 0x20, 0x20, 0x20, 0x20, 0x63, // os];.    }.    c
	0x6f, 0x6e, 0x73, 0x74, 0x65, 0x78, 0x70, 0x72, 0x20, 0x63, 0x6f, 0x6e, 0x73, 0x74, 0x20, 0x74, // onstexpr const t
	0x68, 0x72, 0x65, 0x61, 0x64, 0x67, 0x72, 0x6f, 0x75, 0x70, 0x20, 0x54, 0x26, 0x20, 0x6f, 0x70, // hreadgroup T& op
	0x65, 0x72, 0x61, 0x74, 0x6f, 0x72, 0x20, 0x5b, 0x5d, 0x20, 0x28, 0x73, 0x69, 0x7a, 0x65, 0x5f, // erator [] (size_
	0x74, 0x20, 0x70, 0x6f, 0x73, 0x29, 0x20, 0x63, 0x6f, 0x6e, 0x73, 0x74, 0x20, 0x74, 0x68, 0x72, // t pos) const thr
	0x65, 0x61, 0x64, 0x67, 0x72, 0x6f, 0x75, 0x70, 0x0a, 0x20, 0x20, 0x20, 0x20, 0x7b, 0x0a, 0x20, // eadgroup.    {. 
	0x20, 0x20, 0x20, 0x20, 0x20, 0x20, 0x20, 0x72, 0x65, 0x74, 0x75, 0x72, 0x6e, 0x20, 0x65, 0x6c, //        return el
	0x65, 0x6d, 0x65, 0x6e, 0x74, 0x73, 0x5b, 0x70, 0x6f, 0x73, 0x5d, 0x3b, 0x0a, 0x20, 0x20, 0x20, // ements[pos];.   
	0x20, 0x7d, 0x0a, 0x7d, 0x3b, 0x0a, 0x0a, 0x73, 0x74, 0x72, 0x75, 0x63, 0x74, 0x20, 0x5f, 0x47, //  }.};..struct _G
	0x6c, 0x6f, 0x62, 0x61, 0x6c, 0x0a, 0x7b, 0x0a, 0x20, 0x20, 0x20, 0x20, 0x66, 0x6c, 0x6f, 0x61, // lobal.{.    floa
	0x74, 0x34, 0x20, 0x75, 0x5f, 0x70, 0x61, 0x72, 0x61, 0x6d, 0x73, 0x3b, 0x0a, 0x7d, 0x3b, 0x0a, // t4 u_params;.};.
	0x0a, 0x73, 0x74, 0x72, 0x75, 0x63, 0x74, 0x20, 0x78, 0x6c, 0x61, 0x74, 0x4d, 0x74, 0x6c, 0x4d, // .struct xlatMtlM
	0x61, 0x69, 0x6e, 0x5f, 0x6f, 0x75, 0x74, 0x0a, 0x7b, 0x0a, 0x20, 0x20, 0x20, 0x20, 0x66, 0x6c, // ain_out.{.    fl
	0x6f, 0x61, 0x74, 0x34, 0x20, 0x62, 0x67, 0x66, 0x78, 0x5f, 0x46, 0x72, 0x61, 0x67, 0x44, 0x61, // oat4 bgfx_FragDa
	0x74, 0x61, 0x30, 0x20, 0x5b, 0x5b, 0x63, 0x6f, 0x6c, 0x6f, 0x72, 0x28, 0x30, 0x29, 0x5d, 0x5d, // ta0 [[color(0)]]
	0x3b, 0x0a, 0x7d, 0x3b, 0x0a, 0x0a, 0x73, 0x74, 0x72, 0x75, 0x63, 0x74, 0x20, 0x78, 0x6c, 0x61, // ;.};..struct xla
	0x74, 0x4d, 0x74, 0x6c, 0x4d, 0x61, 0x69, 0x6e, 0x5f, 0x69, 0x6e, 0x0a, 0x7b, 0x0a, 0x20, 0x20, // tMtlMain_in.{.  
	0x20, 0x20, 0x66, 0x6c, 0x6f, 0x61, 0x74, 0x34, 0x20, 0x76, 0x5f, 0x63, 0x6f, 0x6c, 0x6f, 0x72, //   float4 v_color
	0x30, 0x20, 0x5b, 0x5b, 0x75, 0x73, 0x65, 0x72, 0x28, 0x6c, 0x6f, 0x63, 0x6e, 0x30, 0x29, 0x5d, // 0 [[user(locn0)]
	0x5d, 0x3b, 0x0a, 0x20, 0x20, 0x20, 0x20, 0x66, 0x6c, 0x6f, 0x61, 0x74, 0x34, 0x20, 0x76, 0x5f, // ];.    float4 v_
	0x63, 0x6f, 0x6c, 0x6f, 0x72, 0x31, 0x20, 0x5b, 0x5b, 0x75, 0x73, 0x65, 0x72, 0x28, 0x6c, 0x6f, // color1 [[user(lo
	0x63, 0x6e, 0x31, 0x29, 0x5d, 0x5d, 0x3b, 0x0a, 0x20, 0x20, 0x20, 0x20, 0x66, 0x6c, 0x6f, 0x61, // cn1)]];.    floa
	0x74, 0x34, 0x20, 0x76, 0x5f, 0x74, 0x65, 0x78, 0x63, 0x6f, 0x6f, 0x72, 0x64, 0x30, 0x20, 0x5b, // t4 v_texcoord0 [
	0x5b, 0x75, 0x73, 0x65, 0x72, 0x28, 0x6c, 0x6f, 0x63, 0x6e, 0x32, 0x29, 0x5d, 0x5d, 0x3b, 0x0a, // [user(locn2)]];.
	0x20, 0x20, 0x20, 0x20, 0x66, 0x6c, 0x6f, 0x61, 0x74, 0x34, 0x20, 0x76, 0x5f, 0x74, 0x65, 0x78, //     float4 v_tex
	0x63, 0x6f, 0x6f, 0x72, 0x64, 0x31, 0x20, 0x5b, 0x5b, 0x75, 0x73, 0x65, 0x72, 0x28, 0x6c, 0x6f, // coord1 [[user(lo
	0x63, 0x6e, 0x33, 0x29, 0x5d, 0x5d, 0x3b, 0x0a, 0x7d, 0x3b, 0x0a, 0x0a, 0x66, 0x72, 0x61, 0x67, // cn3)]];.};..frag
	0x6d, 0x65, 0x6e, 0x74, 0x20, 0x78, 0x6c, 0x61, 0x74, 0x4d, 0x74, 0x6c, 0x4d, 0x61, 0x69, 0x6e, // ment xlatMtlMain
	0x5f, 0x6f, 0x75, 0x74, 0x20, 0x78, 0x6c, 0x61, 0x74, 0x4d, 0x74, 0x6c, 0x4d, 0x61, 0x69, 0x6e, // _out xlatMtlMain
	0x28, 0x78, 0x6c, 0x61, 0x74, 0x4d, 0x74, 0x6c, 0x4d, 0x61, 0x69, 0x6e, 0x5f, 0x69, 0x6e, 0x20, // (xlatMtlMain_in 
	0x69, 0x6e, 0x20, 0x5b, 0x5b, 0x73, 0x74, 0x61, 0x67, 0x65, 0x5f, 0x69, 0x6e, 0x5d, 0x5d, 0x2c, // in [[stage_in]],
	0x20, 0x63, 0x6f, 0x6e, 0x73, 0x74, 0x61, 0x6e, 0x74, 0x20, 0x5f, 0x47, 0x6c, 0x6f, 0x62, 0x61, //  constant _Globa
	0x6c, 0x26, 0x20, 0x5f, 0x6d, 0x74, 0x6c, 0x5f, 0x75, 0x20, 0x5b, 0x5b, 0x62, 0x75, 0x66, 0x66, // l& _mtl_u [[buff
	0x65, 0x72, 0x28, 0x30, 0x29, 0x5d, 0x5d, 0x2c, 0x20, 0x74, 0x65, 0x78, 0x74, 0x75, 0x72, 0x65, // er(0)]], texture
	0x63, 0x75, 0x62, 0x65, 0x3c, 0x66, 0x6c, 0x6f, 0x61, 0x74, 0x3e, 0x20, 0x73, 0x5f, 0x74, 0x65, // cube<float> s_te
	0x78, 0x43, 0x6f, 0x6c, 0x6f, 0x72, 0x20, 0x5b, 0x5b, 0x74, 0x65, 0x78, 0x74, 0x75, 0x72, 0x65, // xColor [[texture
	0x28, 0x30, 0x29, 0x5d, 0x5d, 0x2c, 0x20, 0x73, 0x61, 0x6d, 0x70, 0x6c, 0x65, 0x72, 0x20, 0x73, // (0)]], sampler s
	0x5f, 0x74, 0x65, 0x78, 0x43, 0x6f, 0x6c, 0x6f, 0x72, 0x53, 0x61, 0x6d, 0x70, 0x6c, 0x65, 0x72, // _texColorSampler
	0x20, 0x5b, 0x5b, 0x73, 0x61, 0x6d, 0x70, 0x6c, 0x65, 0x72, 0x28, 0x30, 0x29, 0x5d, 0x5d, 0x29, //  [[sampler(0)]])
	0x0a, 0x7b, 0x0a, 0x20, 0x20, 0x20, 0x20, 0x78, 0x6c, 0x61, 0x74, 0x4d, 0x74, 0x6c, 0x4d, 0x61, // .{.    xlatMtlMa
	0x69, 0x6e, 0x5f, 0x6f, 0x75, 0x74, 0x20, 0x6f, 0x75, 0x74, 0x20, 0x3d, 0x20, 0x7b, 0x7d, 0x3b, // in_out out = {};
	0x0a, 0x20, 0x20, 0x20, 0x20, 0x66, 0x6c, 0x6f, 0x61, 0x74, 0x34, 0x20, 0x5f, 0x34, 0x34, 0x39, // .    float4 _449
	0x3b, 0x0a, 0x20, 0x20, 0x20, 0x20, 0x64, 0x6f, 0x0a, 0x20, 0x20, 0x20, 0x20, 0x7b, 0x0a, 0x20, // ;.    do.    {. 
	0x20, 0x20, 0x20, 0x20, 0x20, 0x20, 0x20, 0x69, 0x66, 0x20, 0x28, 0x61, 0x6e, 0x79, 0x28, 0x69, //        if (any(i
	0x6e, 0x2e, 0x76, 0x5f, 0x74, 0x65, 0x78, 0x63, 0x6f, 0x6f, 0x72, 0x64, 0x30, 0x2e, 0x78, 0x79, // n.v_texcoord0.xy
	0x7a, 0x20, 0x3d, 0x3d, 0x20, 0x66, 0x6c, 0x6f, 0x61, 0x74, 0x33, 0x28, 0x30, 0x2e, 0x30, 0x29, // z == float3(0.0)
	0x29, 0x29, 0x0a, 0x20, 0x20, 0x20, 0x20, 0x20, 0x20, 0x20, 0x20, 0x7b, 0x0a, 0x20, 0x20, 0x20, // )).        {.   
	0x20, 0x20, 0x20, 0x20, 0x20, 0x20, 0x20, 0x20, 0x20, 0x66, 0x6c, 0x6f, 0x61, 0x74, 0x34, 0x20, //          float4 
	0x5f, 0x34, 0x31, 0x34, 0x20, 0x3d, 0x20, 0x73, 0x5f, 0x74, 0x65, 0x78, 0x43, 0x6f, 0x6c, 0x6f, // _414 = s_texColo
	0x72, 0x2e, 0x73, 0x61, 0x6d, 0x70, 0x6c, 0x65, 0x28, 0x73, 0x5f, 0x74, 0x65, 0x78, 0x43, 0x6f, // r.sample(s_texCo
	0x6c, 0x6f, 0x72, 0x53, 0x61, 0x6d, 0x70, 0x6c, 0x65, 0x72, 0x2c, 0x20, 0x69, 0x6e, 0x2e, 0x76, // lorSampler, in.v
	0x5f, 0x74, 0x65, 0x78, 0x63, 0x6f, 0x6f, 0x72, 0x64, 0x31, 0x2e, 0x78, 0x79, 0x7a, 0x29, 0x3b, // _texcoord1.xyz);
	0x0a, 0x20, 0x20, 0x20, 0x20, 0x20, 0x20, 0x20, 0x20, 0x20, 0x20, 0x20, 0x20, 0x5f, 0x34, 0x34, // .            _44
	0x39, 0x20, 0x3d, 0x20, 0x66, 0x6c, 0x6f, 0x61, 0x74, 0x34, 0x28, 0x5f, 0x34, 0x31, 0x34, 0x2e, // 9 = float4(_414.
	0x78, 0x79, 0x7a, 0x2c, 0x20, 0x5f, 0x34, 0x31, 0x34, 0x2e, 0x77, 0x20, 0x2a, 0x20, 0x69, 0x6e, // xyz, _414.w * in
	0x2e, 0x76, 0x5f, 0x63, 0x6f, 0x6c, 0x6f, 0x72, 0x30, 0x2e, 0x77, 0x29, 0x3b, 0x0a, 0x20, 0x20, // .v_color0.w);.  
	0x20, 0x20, 0x20, 0x20, 0x20, 0x20, 0x20, 0x20, 0x20, 0x20, 0x62, 0x72, 0x65, 0x61, 0x6b, 0x3b, //           break;
	0x0a, 0x20, 0x20, 0x20, 0x20, 0x20, 0x20, 0x20, 0x20, 0x7d, 0x0a, 0x20, 0x20, 0x20, 0x20, 0x20, // .        }.     
	0x20, 0x20, 0x20, 0x66, 0x6c, 0x6f, 0x61, 0x74, 0x34, 0x20, 0x5f, 0x34, 0x32, 0x33, 0x20, 0x3d, //    float4 _423 =
	0x20, 0x73, 0x5f, 0x74, 0x65, 0x78, 0x43, 0x6f, 0x6c, 0x6f, 0x72, 0x2e, 0x73, 0x61, 0x6d, 0x70, //  s_texColor.samp
	0x6c, 0x65, 0x28, 0x73, 0x5f, 0x74, 0x65, 0x78, 0x43, 0x6f, 0x6c, 0x6f, 0x72, 0x53, 0x61, 0x6d, // le(s_texColorSam
	0x70, 0x6c, 0x65, 0x72, 0x2c, 0x20, 0x69, 0x6e, 0x2e, 0x76, 0x5f, 0x74, 0x65, 0x78, 0x63, 0x6f, // pler, in.v_texco
	0x6f, 0x72, 0x64, 0x30, 0x2e, 0x78, 0x79, 0x7a, 0x29, 0x3b, 0x0a, 0x20, 0x20, 0x20, 0x20, 0x20, // ord0.xyz);.     
	0x20, 0x20, 0x20, 0x69, 0x6e, 0x74, 0x20, 0x5f, 0x33, 0x33, 0x34, 0x20, 0x3d, 0x20, 0x69, 0x6e, //    int _334 = in
	0x74, 0x28, 0x28, 0x69, 0x6e, 0x2e, 0x76, 0x5f, 0x74, 0x65, 0x78, 0x63, 0x6f, 0x6f, 0x72, 0x64, // t((in.v_texcoord
	0x30, 0x2e, 0x77, 0x20, 0x2a, 0x20, 0x34, 0x2e, 0x30, 0x29, 0x20, 0x2b, 0x20, 0x30, 0x2e, 0x35, // 0.w * 4.0) + 0.5
	0x29, 0x3b, 0x0a, 0x20, 0x20, 0x20, 0x20, 0x20, 0x20, 0x20, 0x20, 0x73, 0x70, 0x76, 0x55, 0x6e, // );.        spvUn
	0x73, 0x61, 0x66, 0x65, 0x41, 0x72, 0x72, 0x61, 0x79, 0x3c, 0x66, 0x6c, 0x6f, 0x61, 0x74, 0x2c, // safeArray<float,
	0x20, 0x34, 0x3e, 0x20, 0x5f, 0x32, 0x39, 0x31, 0x3b, 0x0a, 0x20, 0x20, 0x20, 0x20, 0x20, 0x20, //  4> _291;.      
	0x20, 0x20, 0x5f, 0x32, 0x39, 0x31, 0x5b, 0x30, 0x5d, 0x20, 0x3d, 0x20, 0x5f, 0x34, 0x32, 0x33, //   _291[0] = _423
	0x2e, 0x7a, 0x3b, 0x0a, 0x20, 0x20, 0x20, 0x20, 0x20, 0x20, 0x20, 0x20, 0x5f, 0x32, 0x39, 0x31, // .z;.        _291
	0x5b, 0x31, 0x5d, 0x20, 0x3d, 0x20, 0x5f, 0x34, 0x32, 0x33, 0x2e, 0x79, 0x3b, 0x0a, 0x20, 0x20, // [1] = _423.y;.  
	0x20, 0x20, 0x20, 0x20, 0x20, 0x20, 0x5f, 0x32, 0x39, 0x31, 0x5b, 0x32, 0x5d, 0x20, 0x3d, 0x20, //       _291[2] = 
	0x5f, 0x34, 0x32, 0x33, 0x2e, 0x78, 0x3b, 0x0a, 0x20, 0x20, 0x20, 0x20, 0x20, 0x20, 0x20, 0x20, // _423.x;.        
	0x5f, 0x32, 0x39, 0x31, 0x5b, 0x33, 0x5d, 0x20, 0x3d, 0x20, 0x5f, 0x34, 0x32, 0x33, 0x2e, 0x77, // _291[3] = _423.w
	0x3b, 0x0a, 0x20, 0x20, 0x20, 0x20, 0x20, 0x20, 0x20, 0x20, 0x66, 0x6c, 0x6f, 0x61, 0x74, 0x20, // ;.        float 
	0x5f, 0x33, 0x35, 0x38, 0x20, 0x3d, 0x20, 0x28, 0x6c, 0x65, 0x6e, 0x67, 0x74, 0x68, 0x28, 0x66, // _358 = (length(f
	0x77, 0x69, 0x64, 0x74, 0x68, 0x28, 0x69, 0x6e, 0x2e, 0x76, 0x5f, 0x74, 0x65, 0x78, 0x63, 0x6f, // width(in.v_texco
	0x6f, 0x72, 0x64, 0x30, 0x2e, 0x78, 0x79, 0x7a, 0x29, 0x29, 0x20, 0x2a, 0x20, 0x31, 0x31, 0x2e, // ord0.xyz)) * 11.
	0x33, 0x31, 0x33, 0x37, 0x30, 0x38, 0x33, 0x30, 0x35, 0x33, 0x35, 0x38, 0x38, 0x38, 0x36, 0x37, // 3137083053588867
	0x31, 0x38, 0x37, 0x35, 0x29, 0x20, 0x2a, 0x20, 0x5f, 0x6d, 0x74, 0x6c, 0x5f, 0x75, 0x2e, 0x75, // 1875) * _mtl_u.u
	0x5f, 0x70, 0x61, 0x72, 0x61, 0x6d, 0x73, 0x2e, 0x79, 0x3b, 0x0a, 0x20, 0x20, 0x20, 0x20, 0x20, // _params.y;.     
	0x20, 0x20, 0x20, 0x66, 0x6c, 0x6f, 0x61, 0x74, 0x20, 0x5f, 0x33, 0x36, 0x34, 0x20, 0x3d, 0x20, //    float _364 = 
	0x30, 0x2e, 0x35, 0x20, 0x2d, 0x20, 0x28, 0x5f, 0x6d, 0x74, 0x6c, 0x5f, 0x75, 0x2e, 0x75, 0x5f, // 0.5 - (_mtl_u.u_
	0x70, 0x61, 0x72, 0x61, 0x6d, 0x73, 0x2e, 0x77, 0x20, 0x2a, 0x20, 0x5f, 0x33, 0x35, 0x38, 0x29, // params.w * _358)
	0x3b, 0x0a, 0x20, 0x20, 0x20, 0x20, 0x20, 0x20, 0x20, 0x20, 0x5f, 0x34, 0x34, 0x39, 0x20, 0x3d, // ;.        _449 =
	0x20, 0x66, 0x6c, 0x6f, 0x61, 0x74, 0x34, 0x28, 0x6d, 0x69, 0x78, 0x28, 0x69, 0x6e, 0x2e, 0x76, //  float4(mix(in.v
	0x5f, 0x63, 0x6f, 0x6c, 0x6f, 0x72, 0x31, 0x2e, 0x78, 0x79, 0x7a, 0x2c, 0x20, 0x69, 0x6e, 0x2e, // _color1.xyz, in.
	0x76, 0x5f, 0x63, 0x6f, 0x6c, 0x6f, 0x72, 0x30, 0x2e, 0x78, 0x79, 0x7a, 0x2c, 0x20, 0x66, 0x6c, // v_color0.xyz, fl
	0x6f, 0x61, 0x74, 0x33, 0x28, 0x73, 0x6d, 0x6f, 0x6f, 0x74, 0x68, 0x73, 0x74, 0x65, 0x70, 0x28, // oat3(smoothstep(
	0x30, 0x2e, 0x35, 0x20, 0x2d, 0x20, 0x5f, 0x33, 0x35, 0x38, 0x2c, 0x20, 0x30, 0x2e, 0x35, 0x20, // 0.5 - _358, 0.5 
	0x2b, 0x20, 0x5f, 0x33, 0x35, 0x38, 0x2c, 0x20, 0x5f, 0x32, 0x39, 0x31, 0x5b, 0x5f, 0x33, 0x33, // + _358, _291[_33
	0x34, 0x5d, 0x29, 0x29, 0x29, 0x2c, 0x20, 0x73, 0x6d, 0x6f, 0x6f, 0x74, 0x68, 0x73, 0x74, 0x65, // 4]))), smoothste
	0x70, 0x28, 0x5f, 0x33, 0x36, 0x34, 0x20, 0x2d, 0x20, 0x5f, 0x33, 0x35, 0x38, 0x2c, 0x20, 0x5f, // p(_364 - _358, _
	0x33, 0x36, 0x34, 0x20, 0x2b, 0x20, 0x5f, 0x33, 0x35, 0x38, 0x2c, 0x20, 0x5f, 0x32, 0x39, 0x31, // 364 + _358, _291
	0x5b, 0x5f, 0x33, 0x33, 0x34, 0x5d, 0x29, 0x20, 0x2a, 0x20, 0x69, 0x6e, 0x2e, 0x76, 0x5f, 0x63, // [_334]) * in.v_c
	0x6f, 0x6c, 0x6f, 0x72, 0x30, 0x2e, 0x77, 0x29, 0x3b, 0x0a, 0x20, 0x20, 0x20, 0x20, 0x20, 0x20, // olor0.w);.      
	0x20, 0x20, 0x62, 0x72, 0x65, 0x61, 0x6b, 0x3b, 0x0a, 0x20, 0x20, 0x20, 0x20, 0x7d, 0x20, 0x77, //   break;.    } w
	0x68, 0x69, 0x6c, 0x65, 0x28, 0x66, 0x61, 0x6c, 0x73, 0x65, 0x29, 0x3b, 0x0a, 0x20, 0x20, 0x20, // hile(false);.   
	0x20, 0x6f, 0x75, 0x74, 0x2e, 0x62, 0x67, 0x66, 0x78, 0x5f, 0x46, 0x72, 0x61, 0x67, 0x44, 0x61, //  out.bgfx_FragDa
	0x74, 0x61, 0x30, 0x20, 0x3d, 0x20, 0x5f, 0x34, 0x34, 0x39, 0x3b, 0x0a, 0x20, 0x20, 0x20, 0x20, // ta0 = _449;.    
	0x72, 0x65, 0x74, 0x75, 0x72, 0x6e, 0x20, 0x6f, 0x75, 0x74, 0x3b, 0x0a, 0x7d, 0x0a, 0x0a, 0x00, // return out;.}...
	0x00, 0x30, 0x00,                                                                               // .0.
};
extern const uint8_t* fs_font_distance_field_outline_image_pssl;
extern const uint32_t fs_font_distance_field_outline_image_pssl_size;
