static const uint8_t fs_font_distance_field_outline_drop_shadow_image_glsl[1743] =
{
	0x46, 0x53, 0x48, 0x0b, 0x9e, 0x67, 0x7a, 0xc3, 0x00, 0x00, 0x00, 0x00, 0x02, 0x00, 0x08, 0x75, // FSH..gz........u
	0x5f, 0x70, 0x61, 0x72, 0x61, 0x6d, 0x73, 0x02, 0x01, 0x00, 0x00, 0x01, 0x00, 0x00, 0x00, 0x00, // _params.........
	0x00, 0x0a, 0x73, 0x5f, 0x74, 0x65, 0x78, 0x43, 0x6f, 0x6c, 0x6f, 0x72, 0x00, 0x01, 0x00, 0x00, // ..s_texColor....
	0x01, 0x00, 0x00, 0x00, 0x00, 0x00, 0x94, 0x06, 0x00, 0x00, 0x0a, 0x75, 0x6e, 0x69, 0x66, 0x6f, // ...........unifo
	0x72, 0x6d, 0x20, 0x73, 0x61, 0x6d, 0x70, 0x6c, 0x65, 0x72, 0x43, 0x75, 0x62, 0x65, 0x20, 0x73, // rm samplerCube s
	0x5f, 0x74, 0x65, 0x78, 0x43, 0x6f, 0x6c, 0x6f, 0x72, 0x3b, 0x0a, 0x75, 0x6e, 0x69, 0x66, 0x6f, // _texColor;.unifo
	0x72, 0x6d, 0x20, 0x76, 0x65, 0x63, 0x34, 0x20, 0x75, 0x5f, 0x70, 0x61, 0x72, 0x61, 0x6d, 0x73, // rm vec4 u_params
	0x3b, 0x0a, 0x0a, 0x69, 0x6e, 0x20, 0x76, 0x65, 0x63, 0x34, 0x20, 0x76, 0x5f, 0x74, 0x65, 0x78, // ;..in vec4 v_tex
	0x63, 0x6f, 0x6f, 0x72, 0x64, 0x31, 0x3b, 0x0a, 0x6c, 0x61, 0x79, 0x6f, 0x75, 0x74, 0x28, 0x6c, // coord1;.layout(l
	0x6f, 0x63, 0x61, 0x74, 0x69, 0x6f, 0x6e, 0x20, 0x3d, 0x20, 0x30, 0x29, 0x20, 0x6f, 0x75, 0x74, // ocation = 0) out
	0x20, 0x76, 0x65, 0x63, 0x34, 0x20, 0x62, 0x67, 0x66, 0x78, 0x5f, 0x46, 0x72, 0x61, 0x67, 0x43, //  vec4 bgfx_FragC
	0x6f, 0x6c, 0x6f, 0x72, 0x3b, 0x0a, 0x69, 0x6e, 0x20, 0x76, 0x65, 0x63, 0x34, 0x20, 0x76, 0x5f, // olor;.in vec4 v_
	0x63, 0x6f, 0x6c, 0x6f, 0x72, 0x30, 0x3b, 0x0a, 0x69, 0x6e, 0x20, 0x76, 0x65, 0x63, 0x34, 0x20, // color0;.in vec4 
	0x76, 0x5f, 0x74, 0x65, 0x78, 0x63, 0x6f, 0x6f, 0x72, 0x64, 0x32, 0x3b, 0x0a, 0x69, 0x6e, 0x20, // v_texcoord2;.in 
	0x76, 0x65, 0x63, 0x34, 0x20, 0x76, 0x5f, 0x74, 0x65, 0x78, 0x63, 0x6f, 0x6f, 0x72, 0x64, 0x30, // vec4 v_texcoord0
	0x3b, 0x0a, 0x69, 0x6e, 0x20, 0x76, 0x65, 0x63, 0x34, 0x20, 0x76, 0x5f, 0x63, 0x6f, 0x6c, 0x6f, // ;.in vec4 v_colo
	0x72, 0x31, 0x3b, 0x0a, 0x0a, 0x76, 0x6f, 0x69, 0x64, 0x20, 0x6d, 0x61, 0x69, 0x6e, 0x28, 0x29, // r1;..void main()
	0x0a, 0x7b, 0x0a, 0x20, 0x20, 0x20, 0x20, 0x64, 0x6f, 0x0a, 0x20, 0x20, 0x20, 0x20, 0x7b, 0x0a, // .{.    do.    {.
	0x20, 0x20, 0x20, 0x20, 0x20, 0x20, 0x20, 0x20, 0x69, 0x66, 0x20, 0x28, 0x21, 0x61, 0x6e, 0x79, //         if (!any
	0x28, 0x65, 0x71, 0x75, 0x61, 0x6c, 0x28, 0x76, 0x5f, 0x74, 0x65, 0x78, 0x63, 0x6f, 0x6f, 0x72, // (equal(v_texcoor
	0x64, 0x31, 0x2e, 0x78, 0x79, 0x7a, 0x2c, 0x20, 0x76, 0x65, 0x63, 0x33, 0x28, 0x30, 0x2e, 0x30, // d1.xyz, vec3(0.0
	0x29, 0x29, 0x29, 0x29, 0x0a, 0x20, 0x20, 0x20, 0x20, 0x20, 0x20, 0x20, 0x20, 0x7b, 0x0a, 0x20, // )))).        {. 
	0x20, 0x20, 0x20, 0x20, 0x20, 0x20, 0x20, 0x20, 0x20, 0x20, 0x20, 0x76, 0x65, 0x63, 0x34, 0x20, //            vec4 
	0x5f, 0x33, 0x31, 0x20, 0x3d, 0x20, 0x74, 0x65, 0x78, 0x74, 0x75, 0x72, 0x65, 0x28, 0x73, 0x5f, // _31 = texture(s_
	0x74, 0x65, 0x78, 0x43, 0x6f, 0x6c, 0x6f, 0x72, 0x2c, 0x20, 0x76, 0x5f, 0x74, 0x65, 0x78, 0x63, // texColor, v_texc
	0x6f, 0x6f, 0x72, 0x64, 0x31, 0x2e, 0x78, 0x79, 0x7a, 0x29, 0x3b, 0x0a, 0x20, 0x20, 0x20, 0x20, // oord1.xyz);.    
	0x20, 0x20, 0x20, 0x20, 0x20, 0x20, 0x20, 0x20, 0x62, 0x67, 0x66, 0x78, 0x5f, 0x46, 0x72, 0x61, //         bgfx_Fra
	0x67, 0x43, 0x6f, 0x6c, 0x6f, 0x72, 0x20, 0x3d, 0x20, 0x76, 0x65, 0x63, 0x34, 0x28, 0x5f, 0x33, // gColor = vec4(_3
	0x31, 0x2e, 0x78, 0x79, 0x7a, 0x2c, 0x20, 0x5f, 0x33, 0x31, 0x2e, 0x77, 0x20, 0x2a, 0x20, 0x76, // 1.xyz, _31.w * v
	0x5f, 0x63, 0x6f, 0x6c, 0x6f, 0x72, 0x30, 0x2e, 0x77, 0x29, 0x3b, 0x0a, 0x20, 0x20, 0x20, 0x20, // _color0.w);.    
	0x20, 0x20, 0x20, 0x20, 0x20, 0x20, 0x20, 0x20, 0x62, 0x72, 0x65, 0x61, 0x6b, 0x3b, 0x0a, 0x20, //         break;. 
	0x20, 0x20, 0x20, 0x20, 0x20, 0x20, 0x20, 0x7d, 0x0a, 0x20, 0x20, 0x20, 0x20, 0x20, 0x20, 0x20, //        }.       
	0x20, 0x69, 0x66, 0x20, 0x28, 0x21, 0x61, 0x6e, 0x79, 0x28, 0x65, 0x71, 0x75, 0x61, 0x6c, 0x28, //  if (!any(equal(
	0x76, 0x5f, 0x74, 0x65, 0x78, 0x63, 0x6f, 0x6f, 0x72, 0x64, 0x32, 0x2e, 0x78, 0x79, 0x7a, 0x2c, // v_texcoord2.xyz,
	0x20, 0x76, 0x65, 0x63, 0x33, 0x28, 0x30, 0x2e, 0x30, 0x29, 0x29, 0x29, 0x29, 0x0a, 0x20, 0x20, //  vec3(0.0)))).  
	0x20, 0x20, 0x20, 0x20, 0x20, 0x20, 0x7b, 0x0a, 0x20, 0x20, 0x20, 0x20, 0x20, 0x20, 0x20, 0x20, //       {.        
	0x20, 0x20, 0x20, 0x20, 0x76, 0x65, 0x63, 0x34, 0x20, 0x5f, 0x36, 0x35, 0x20, 0x3d, 0x20, 0x74, //     vec4 _65 = t
	0x65, 0x78, 0x74, 0x75, 0x72, 0x65, 0x28, 0x73, 0x5f, 0x74, 0x65, 0x78, 0x43, 0x6f, 0x6c, 0x6f, // exture(s_texColo
	0x72, 0x2c, 0x20, 0x76, 0x5f, 0x74, 0x65, 0x78, 0x63, 0x6f, 0x6f, 0x72, 0x64, 0x32, 0x2e, 0x78, // r, v_texcoord2.x
	0x79, 0x7a, 0x29, 0x3b, 0x0a, 0x20, 0x20, 0x20, 0x20, 0x20, 0x20, 0x20, 0x20, 0x20, 0x20, 0x20, // yz);.           
	0x20, 0x66, 0x6c, 0x6f, 0x61, 0x74, 0x20, 0x72, 0x67, 0x62, 0x61, 0x32, 0x5b, 0x34, 0x5d, 0x3b, //  float rgba2[4];
	0x0a, 0x20, 0x20, 0x20, 0x20, 0x20, 0x20, 0x20, 0x20, 0x20, 0x20, 0x20, 0x20, 0x72, 0x67, 0x62, // .            rgb
	0x61, 0x32, 0x5b, 0x30, 0x5d, 0x20, 0x3d, 0x20, 0x5f, 0x36, 0x35, 0x2e, 0x7a, 0x3b, 0x0a, 0x20, // a2[0] = _65.z;. 
	0x20, 0x20, 0x20, 0x20, 0x20, 0x20, 0x20, 0x20, 0x20, 0x20, 0x20, 0x72, 0x67, 0x62, 0x61, 0x32, //            rgba2
	0x5b, 0x31, 0x5d, 0x20, 0x3d, 0x20, 0x5f, 0x36, 0x35, 0x2e, 0x79, 0x3b, 0x0a, 0x20, 0x20, 0x20, // [1] = _65.y;.   
	0x20, 0x20, 0x20, 0x20, 0x20, 0x20, 0x20, 0x20, 0x20, 0x72, 0x67, 0x62, 0x61, 0x32, 0x5b, 0x32, //          rgba2[2
	0x5d, 0x20, 0x3d, 0x20, 0x5f, 0x36, 0x35, 0x2e, 0x78, 0x3b, 0x0a, 0x20, 0x20, 0x20, 0x20, 0x20, // ] = _65.x;.     
	0x20, 0x20, 0x20, 0x20, 0x20, 0x20, 0x20, 0x72, 0x67, 0x62, 0x61, 0x32, 0x5b, 0x33, 0x5d, 0x20, //        rgba2[3] 
	0x3d, 0x20, 0x5f, 0x36, 0x35, 0x2e, 0x77, 0x3b, 0x0a, 0x20, 0x20, 0x20, 0x20, 0x20, 0x20, 0x20, // = _65.w;.       
	0x20, 0x20, 0x20, 0x20, 0x20, 0x66, 0x6c, 0x6f, 0x61, 0x74, 0x20, 0x5f, 0x31, 0x31, 0x37, 0x20, //      float _117 
	0x3d, 0x20, 0x28, 0x6c, 0x65, 0x6e, 0x67, 0x74, 0x68, 0x28, 0x66, 0x77, 0x69, 0x64, 0x74, 0x68, // = (length(fwidth
	0x28, 0x76, 0x5f, 0x74, 0x65, 0x78, 0x63, 0x6f, 0x6f, 0x72, 0x64, 0x32, 0x2e, 0x78, 0x79, 0x7a, // (v_texcoord2.xyz
	0x29, 0x29, 0x20, 0x2a, 0x20, 0x31, 0x31, 0x2e, 0x33, 0x31, 0x33, 0x37, 0x30, 0x38, 0x33, 0x30, // )) * 11.31370830
	0x35, 0x33, 0x35, 0x38, 0x38, 0x38, 0x36, 0x37, 0x31, 0x38, 0x37, 0x35, 0x29, 0x20, 0x2a, 0x20, // 535888671875) * 
	0x75, 0x5f, 0x70, 0x61, 0x72, 0x61, 0x6d, 0x73, 0x2e, 0x79, 0x3b, 0x0a, 0x20, 0x20, 0x20, 0x20, // u_params.y;.    
	0x20, 0x20, 0x20, 0x20, 0x20, 0x20, 0x20, 0x20, 0x66, 0x6c, 0x6f, 0x61, 0x74, 0x20, 0x5f, 0x31, //         float _1
	0x32, 0x35, 0x20, 0x3d, 0x20, 0x30, 0x2e, 0x35, 0x20, 0x2d, 0x20, 0x28, 0x75, 0x5f, 0x70, 0x61, // 25 = 0.5 - (u_pa
	0x72, 0x61, 0x6d, 0x73, 0x2e, 0x77, 0x20, 0x2a, 0x20, 0x5f, 0x31, 0x31, 0x37, 0x29, 0x3b, 0x0a, // rams.w * _117);.
	0x20, 0x20, 0x20, 0x20, 0x20, 0x20, 0x20, 0x20, 0x20, 0x20, 0x20, 0x20, 0x66, 0x6c, 0x6f, 0x61, //             floa
	0x74, 0x20, 0x5f, 0x31, 0x32, 0x39, 0x20, 0x3d, 0x20, 0x5f, 0x31, 0x31, 0x37, 0x20, 0x2a, 0x20, // t _129 = _117 * 
	0x75, 0x5f, 0x70, 0x61, 0x72, 0x61, 0x6d, 0x73, 0x2e, 0x7a, 0x3b, 0x0a, 0x20, 0x20, 0x20, 0x20, // u_params.z;.    
	0x20, 0x20, 0x20, 0x20, 0x20, 0x20, 0x20, 0x20, 0x62, 0x67, 0x66, 0x78, 0x5f, 0x46, 0x72, 0x61, //         bgfx_Fra
	0x67, 0x43, 0x6f, 0x6c, 0x6f, 0x72, 0x20, 0x3d, 0x20, 0x76, 0x65, 0x63, 0x34, 0x28, 0x76, 0x5f, // gColor = vec4(v_
	0x63, 0x6f, 0x6c, 0x6f, 0x72, 0x30, 0x2e, 0x78, 0x79, 0x7a, 0x2c, 0x20, 0x73, 0x6d, 0x6f, 0x6f, // color0.xyz, smoo
	0x74, 0x68, 0x73, 0x74, 0x65, 0x70, 0x28, 0x5f, 0x31, 0x32, 0x35, 0x20, 0x2d, 0x20, 0x5f, 0x31, // thstep(_125 - _1
	0x32, 0x39, 0x2c, 0x20, 0x5f, 0x31, 0x32, 0x35, 0x20, 0x2b, 0x20, 0x5f, 0x31, 0x32, 0x39, 0x2c, // 29, _125 + _129,
	0x20, 0x72, 0x67, 0x62, 0x61, 0x32, 0x5b, 0x69, 0x6e, 0x74, 0x28, 0x28, 0x76, 0x5f, 0x74, 0x65, //  rgba2[int((v_te
	0x78, 0x63, 0x6f, 0x6f, 0x72, 0x64, 0x32, 0x2e, 0x77, 0x20, 0x2a, 0x20, 0x34, 0x2e, 0x30, 0x29, // xcoord2.w * 4.0)
	0x20, 0x2b, 0x20, 0x30, 0x2e, 0x35, 0x29, 0x5d, 0x29, 0x20, 0x2a, 0x20, 0x76, 0x5f, 0x63, 0x6f, //  + 0.5)]) * v_co
	0x6c, 0x6f, 0x72, 0x30, 0x2e, 0x77, 0x29, 0x3b, 0x0a, 0x20, 0x20, 0x20, 0x20, 0x20, 0x20, 0x20, // lor0.w);.       
	0x20, 0x20, 0x20, 0x20, 0x20, 0x62, 0x72, 0x65, 0x61, 0x6b, 0x3b, 0x0a, 0x20, 0x20, 0x20, 0x20, //      break;.    
	0x20, 0x20, 0x20, 0x20, 0x7d, 0x0a, 0x20, 0x20, 0x20, 0x20, 0x20, 0x20, 0x20, 0x20, 0x76, 0x65, //     }.        ve
	0x63, 0x34, 0x20, 0x5f, 0x31, 0x35, 0x37, 0x20, 0x3d, 0x20, 0x74, 0x65, 0x78, 0x74, 0x75, 0x72, // c4 _157 = textur
	0x65, 0x28, 0x73, 0x5f, 0x74, 0x65, 0x78, 0x43, 0x6f, 0x6c, 0x6f, 0x72, 0x2c, 0x20, 0x76, 0x5f, // e(s_texColor, v_
	0x74, 0x65, 0x78, 0x63, 0x6f, 0x6f, 0x72, 0x64, 0x30, 0x2e, 0x78, 0x79, 0x7a, 0x29, 0x3b, 0x0a, // texcoord0.xyz);.
	0x20, 0x20, 0x20, 0x20, 0x20, 0x20, 0x20, 0x20, 0x69, 0x6e, 0x74, 0x20, 0x5f, 0x31, 0x36, 0x33, //         int _163
	0x20, 0x3d, 0x20, 0x69, 0x6e, 0x74, 0x28, 0x28, 0x76, 0x5f, 0x74, 0x65, 0x78, 0x63, 0x6f, 0x6f, //  = int((v_texcoo
	0x72, 0x64, 0x30, 0x2e, 0x77, 0x20, 0x2a, 0x20, 0x34, 0x2e, 0x30, 0x29, 0x20, 0x2b, 0x20, 0x30, // rd0.w * 4.0) + 0
	0x2e, 0x35, 0x29, 0x3b, 0x0a, 0x20, 0x20, 0x20, 0x20, 0x20, 0x20, 0x20, 0x20, 0x66, 0x6c, 0x6f, // .5);.        flo
	0x61, 0x74, 0x20, 0x72, 0x67, 0x62, 0x61, 0x5b, 0x34, 0x5d, 0x3b, 0x0a, 0x20, 0x20, 0x20, 0x20, // at rgba[4];.    
	0x20, 0x20, 0x20, 0x20, 0x72, 0x67, 0x62, 0x61, 0x5b, 0x30, 0x5d, 0x20, 0x3d, 0x20, 0x5f, 0x31, //     rgba[0] = _1
	0x35, 0x37, 0x2e, 0x7a, 0x3b, 0x0a, 0x20, 0x20, 0x20, 0x20, 0x20, 0x20, 0x20, 0x20, 0x72, 0x67, // 57.z;.        rg
	0x62, 0x61, 0x5b, 0x31, 0x5d, 0x20, 0x3d, 0x20, 0x5f, 0x31, 0x35, 0x37, 0x2e, 0x79, 0x3b, 0x0a, // ba[1] = _157.y;.
	0x20, 0x20, 0x20, 0x20, 0x20, 0x20, 0x20, 0x20, 0x72, 0x67, 0x62, 0x61, 0x5b, 0x32, 0x5d, 0x20, //         rgba[2] 
	0x3d, 0x20, 0x5f, 0x31, 0x35, 0x37, 0x2e, 0x78, 0x3b, 0x0a, 0x20, 0x20, 0x20, 0x20, 0x20, 0x20, // = _157.x;.      
	0x20, 0x20, 0x72, 0x67, 0x62, 0x61, 0x5b, 0x33, 0x5d, 0x20, 0x3d, 0x20, 0x5f, 0x31, 0x35, 0x37, //   rgba[3] = _157
	0x2e, 0x77, 0x3b, 0x0a, 0x20, 0x20, 0x20, 0x20, 0x20, 0x20, 0x20, 0x20, 0x66, 0x6c, 0x6f, 0x61, // .w;.        floa
	0x74, 0x20, 0x5f, 0x31, 0x39, 0x30, 0x20, 0x3d, 0x20, 0x28, 0x6c, 0x65, 0x6e, 0x67, 0x74, 0x68, // t _190 = (length
	0x28, 0x66, 0x77, 0x69, 0x64, 0x74, 0x68, 0x28, 0x76, 0x5f, 0x74, 0x65, 0x78, 0x63, 0x6f, 0x6f, // (fwidth(v_texcoo
	0x72, 0x64, 0x30, 0x2e, 0x78, 0x79, 0x7a, 0x29, 0x29, 0x20, 0x2a, 0x20, 0x31, 0x31, 0x2e, 0x33, // rd0.xyz)) * 11.3
	0x31, 0x33, 0x37, 0x30, 0x38, 0x33, 0x30, 0x35, 0x33, 0x35, 0x38, 0x38, 0x38, 0x36, 0x37, 0x31, // 1370830535888671
	0x38, 0x37, 0x35, 0x29, 0x20, 0x2a, 0x20, 0x75, 0x5f, 0x70, 0x61, 0x72, 0x61, 0x6d, 0x73, 0x2e, // 875) * u_params.
	0x79, 0x3b, 0x0a, 0x20, 0x20, 0x20, 0x20, 0x20, 0x20, 0x20, 0x20, 0x66, 0x6c, 0x6f, 0x61, 0x74, // y;.        float
	0x20, 0x5f, 0x31, 0x39, 0x38, 0x20, 0x3d, 0x20, 0x30, 0x2e, 0x35, 0x20, 0x2d, 0x20, 0x28, 0x75, //  _198 = 0.5 - (u
	0x5f, 0x70, 0x61, 0x72, 0x61, 0x6d, 0x73, 0x2e, 0x77, 0x20, 0x2a, 0x20, 0x5f, 0x31, 0x39, 0x30, // _params.w * _190
	0x29, 0x3b, 0x0a, 0x20, 0x20, 0x20, 0x20, 0x20, 0x20, 0x20, 0x20, 0x62, 0x67, 0x66, 0x78, 0x5f, // );.        bgfx_
	0x46, 0x72, 0x61, 0x67, 0x43, 0x6f, 0x6c, 0x6f, 0x72, 0x20, 0x3d, 0x20, 0x76, 0x65, 0x63, 0x34, // FragColor = vec4
	0x28, 0x6d, 0x69, 0x78, 0x28, 0x76, 0x5f, 0x63, 0x6f, 0x6c, 0x6f, 0x72, 0x31, 0x2e, 0x78, 0x79, // (mix(v_color1.xy
	0x7a, 0x2c, 0x20, 0x76, 0x5f, 0x63, 0x6f, 0x6c, 0x6f, 0x72, 0x30, 0x2e, 0x78, 0x79, 0x7a, 0x2c, // z, v_color0.xyz,
	0x20, 0x76, 0x65, 0x63, 0x33, 0x28, 0x73, 0x6d, 0x6f, 0x6f, 0x74, 0x68, 0x73, 0x74, 0x65, 0x70, //  vec3(smoothstep
	0x28, 0x30, 0x2e, 0x35, 0x20, 0x2d, 0x20, 0x5f, 0x31, 0x39, 0x30, 0x2c, 0x20, 0x30, 0x2e, 0x35, // (0.5 - _190, 0.5
	0x20, 0x2b, 0x20, 0x5f, 0x31, 0x39, 0x30, 0x2c, 0x20, 0x72, 0x67, 0x62, 0x61, 0x5b, 0x5f, 0x31, //  + _190, rgba[_1
	0x36, 0x33, 0x5d, 0x29, 0x29, 0x29, 0x2c, 0x20, 0x73, 0x6d, 0x6f, 0x6f, 0x74, 0x68, 0x73, 0x74, // 63]))), smoothst
	0x65, 0x70, 0x28, 0x5f, 0x31, 0x39, 0x38, 0x20, 0x2d, 0x20, 0x5f, 0x31, 0x39, 0x30, 0x2c, 0x20, // ep(_198 - _190, 
	0x5f, 0x31, 0x39, 0x38, 0x20, 0x2b, 0x20, 0x5f, 0x31, 0x39, 0x30, 0x2c, 0x20, 0x72, 0x67, 0x62, // _198 + _190, rgb
	0x61, 0x5b, 0x5f, 0x31, 0x36, 0x33, 0x5d, 0x29, 0x20, 0x2a, 0x20, 0x76, 0x5f, 0x63, 0x6f, 0x6c, // a[_163]) * v_col
	0x6f, 0x72, 0x30, 0x2e, 0x77, 0x29, 0x3b, 0x0a, 0x20, 0x20, 0x20, 0x20, 0x20, 0x20, 0x20, 0x20, // or0.w);.        
	0x62, 0x72, 0x65, 0x61, 0x6b, 0x3b, 0x0a, 0x20, 0x20, 0x20, 0x20, 0x7d, 0x20, 0x77, 0x68, 0x69, // break;.    } whi
	0x6c, 0x65, 0x28, 0x66, 0x61, 0x6c, 0x73, 0x65, 0x29, 0x3b, 0x0a, 0x7d, 0x0a, 0x0a, 0x00,       // le(false);.}...
};
static const uint8_t fs_font_distance_field_outline_drop_shadow_image_essl[1897] =
{
	0x46, 0x53, 0x48, 0x0b, 0x9e, 0x67, 0x7a, 0xc3, 0x00, 0x00, 0x00, 0x00, 0x02, 0x00, 0x08, 0x75, // FSH..gz........u
	0x5f, 0x70, 0x61, 0x72, 0x61, 0x6d, 0x73, 0x02, 0x01, 0x00, 0x00, 0x01, 0x00, 0x00, 0x00, 0x00, // _params.........
	0x00, 0x0a, 0x73, 0x5f, 0x74, 0x65, 0x78, 0x43, 0x6f, 0x6c, 0x6f, 0x72, 0x00, 0x01, 0x00, 0x00, // ..s_texColor....
	0x01, 0x00, 0x00, 0x00, 0x00, 0x00, 0x2e, 0x07, 0x00, 0x00, 0x70, 0x72, 0x65, 0x63, 0x69, 0x73, // ..........precis
	0x69, 0x6f, 0x6e, 0x20, 0x6d, 0x65, 0x64, 0x69, 0x75, 0x6d, 0x70, 0x20, 0x66, 0x6c, 0x6f, 0x61, // ion mediump floa
	0x74, 0x3b, 0x0a, 0x70, 0x72, 0x65, 0x63, 0x69, 0x73, 0x69, 0x6f, 0x6e, 0x20, 0x68, 0x69, 0x67, // t;.precision hig
	0x68, 0x70, 0x20, 0x69, 0x6e, 0x74, 0x3b, 0x0a, 0x0a, 0x75, 0x6e, 0x69, 0x66, 0x6f, 0x72, 0x6d, // hp int;..uniform
	0x20, 0x68, 0x69, 0x67, 0x68, 0x70, 0x20, 0x73, 0x61, 0x6d, 0x70, 0x6c, 0x65, 0x72, 0x43, 0x75, //  highp samplerCu
	0x62, 0x65, 0x20, 0x73, 0x5f, 0x74, 0x65, 0x78, 0x43, 0x6f, 0x6c, 0x6f, 0x72, 0x3b, 0x0a, 0x75, // be s_texColor;.u
	0x6e, 0x69, 0x66, 0x6f, 0x72, 0x6d, 0x20, 0x68, 0x69, 0x67, 0x68, 0x70, 0x20, 0x76, 0x65, 0x63, // niform highp vec
	0x34, 0x20, 0x75, 0x5f, 0x70, 0x61, 0x72, 0x61, 0x6d, 0x73, 0x3b, 0x0a, 0x0a, 0x69, 0x6e, 0x20, // 4 u_params;..in 
	0x68, 0x69, 0x67, 0x68, 0x70, 0x20, 0x76, 0x65, 0x63, 0x34, 0x20, 0x76, 0x5f, 0x74, 0x65, 0x78, // highp vec4 v_tex
	0x63, 0x6f, 0x6f, 0x72, 0x64, 0x31, 0x3b, 0x0a, 0x6c, 0x61, 0x79, 0x6f, 0x75, 0x74, 0x28, 0x6c, // coord1;.layout(l
	0x6f, 0x63, 0x61, 0x74, 0x69, 0x6f, 0x6e, 0x20, 0x3d, 0x20, 0x30, 0x29, 0x20, 0x6f, 0x75, 0x74, // ocation = 0) out
	0x20, 0x68, 0x69, 0x67, 0x68, 0x70, 0x20, 0x76, 0x65, 0x63, 0x34, 0x20, 0x62, 0x67, 0x66, 0x78, //  highp vec4 bgfx
	0x5f, 0x46, 0x72, 0x61, 0x67, 0x43, 0x6f, 0x6c, 0x6f, 0x72, 0x3b, 0x0a, 0x69, 0x6e, 0x20, 0x68, // _FragColor;.in h
	0x69, 0x67, 0x68, 0x70, 0x20, 0x76, 0x65, 0x63, 0x34, 0x20, 0x76, 0x5f, 0x63, 0x6f, 0x6c, 0x6f, // ighp vec4 v_colo
	0x72, 0x30, 0x3b, 0x0a, 0x69, 0x6e, 0x20, 0x68, 0x69, 0x67, 0x68, 0x70, 0x20, 0x76, 0x65, 0x63, // r0;.in highp vec
	0x34, 0x20, 0x76, 0x5f, 0x74, 0x65, 0x78, 0x63, 0x6f, 0x6f, 0x72, 0x64, 0x32, 0x3b, 0x0a, 0x69, // 4 v_texcoord2;.i
	0x6e, 0x20, 0x68, 0x69, 0x67, 0x68, 0x70, 0x20, 0x76, 0x65, 0x63, 0x34, 0x20, 0x76, 0x5f, 0x74, // n highp vec4 v_t
	0x65, 0x78, 0x63, 0x6f, 0x6f, 0x72, 0x64, 0x30, 0x3b, 0x0a, 0x69, 0x6e, 0x20, 0x68, 0x69, 0x67, // excoord0;.in hig
	0x68, 0x70, 0x20, 0x76, 0x65, 0x63, 0x34, 0x20, 0x76, 0x5f, 0x63, 0x6f, 0x6c, 0x6f, 0x72, 0x31, // hp vec4 v_color1
	0x3b, 0x0a, 0x0a, 0x76, 0x6f, 0x69, 0x64, 0x20, 0x6d, 0x61, 0x69, 0x6e, 0x28, 0x29, 0x0a, 0x7b, // ;..void main().{
	0x0a, 0x20, 0x20, 0x20, 0x20, 0x64, 0x6f, 0x0a, 0x20, 0x20, 0x20, 0x20, 0x7b, 0x0a, 0x20, 0x20, // .    do.    {.  
	0x20, 0x20, 0x20, 0x20, 0x20, 0x20, 0x69, 0x66, 0x20, 0x28, 0x21, 0x61, 0x6e, 0x79, 0x28, 0x65, //       if (!any(e
	0x71, 0x75, 0x61, 0x6c, 0x28, 0x76, 0x5f, 0x74, 0x65, 0x78, 0x63, 0x6f, 0x6f, 0x72, 0x64, 0x31, // qual(v_texcoord1
	0x2e, 0x78, 0x79, 0x7a, 0x2c, 0x20, 0x76, 0x65, 0x63, 0x33, 0x28, 0x30, 0x2e, 0x30, 0x29, 0x29, // .xyz, vec3(0.0))
	0x29, 0x29, 0x0a, 0x20, 0x20, 0x20, 0x20, 0x20, 0x20, 0x20, 0x20, 0x7b, 0x0a, 0x20, 0x20, 0x20, // )).        {.   
	0x20, 0x20, 0x20, 0x20, 0x20, 0x20, 0x20, 0x20, 0x20, 0x68, 0x69, 0x67, 0x68, 0x70, 0x20, 0x76, //          highp v
	0x65, 0x63, 0x34, 0x20, 0x5f, 0x33, 0x31, 0x20, 0x3d, 0x20, 0x74, 0x65, 0x78, 0x74, 0x75, 0x72, // ec4 _31 = textur
	0x65, 0x28, 0x73, 0x5f, 0x74, 0x65, 0x78, 0x43, 0x6f, 0x6c, 0x6f, 0x72, 0x2c, 0x20, 0x76, 0x5f, // e(s_texColor, v_
	0x74, 0x65, 0x78, 0x63, 0x6f, 0x6f, 0x72, 0x64, 0x31, 0x2e, 0x78, 0x79, 0x7a, 0x29, 0x3b, 0x0a, // texcoord1.xyz);.
	0x20, 0x20, 0x20, 0x20, 0x20, 0x20, 0x20, 0x20, 0x20, 0x20, 0x20, 0x20, 0x62, 0x67, 0x66, 0x78, //             bgfx
	0x5f, 0x46, 0x72, 0x61, 0x67, 0x43, 0x6f, 0x6c, 0x6f, 0x72, 0x20, 0x3d, 0x20, 0x76, 0x65, 0x63, // _FragColor = vec
	0x34, 0x28, 0x5f, 0x33, 0x31, 0x2e, 0x78, 0x79, 0x7a, 0x2c, 0x20, 0x5f, 0x33, 0x31, 0x2e, 0x77, // 4(_31.xyz, _31.w
	0x20, 0x2a, 0x20, 0x76, 0x5f, 0x63, 0x6f, 0x6c, 0x6f, 0x72, 0x30, 0x2e, 0x77, 0x29, 0x3b, 0x0a, //  * v_color0.w);.
	0x20, 0x20, 0x20, 0x20, 0x20, 0x20, 0x20, 0x20, 0x20, 0x20, 0x20, 0x20, 0x62, 0x72, 0x65, 0x61, //             brea
	0x6b, 0x3b, 0x0a, 0x20, 0x20, 0x20, 0x20, 0x20, 0x20, 0x20, 0x20, 0x7d, 0x0a, 0x20, 0x20, 0x20, // k;.        }.   
	0x20, 0x20, 0x20, 0x20, 0x20, 0x69, 0x66, 0x20, 0x28, 0x21, 0x61, 0x6e, 0x79, 0x28, 0x65, 0x71, //      if (!any(eq
	0x75, 0x61, 0x6c, 0x28, 0x76, 0x5f, 0x74, 0x65, 0x78, 0x63, 0x6f, 0x6f, 0x72, 0x64, 0x32, 0x2e, // ual(v_texcoord2.
	0x78, 0x79, 0x7a, 0x2c, 0x20, 0x76, 0x65, 0x63, 0x33, 0x28, 0x30, 0x2e, 0x30, 0x29, 0x29, 0x29, // xyz, vec3(0.0)))
	0x29, 0x0a, 0x20, 0x20, 0x20, 0x20, 0x20, 0x20, 0x20, 0x20, 0x7b, 0x0a, 0x20, 0x20, 0x20, 0x20, // ).        {.    
	0x20, 0x20, 0x20, 0x20, 0x20, 0x20, 0x20, 0x20, 0x68, 0x69, 0x67, 0x68, 0x70, 0x20, 0x76, 0x65, //         highp ve
	0x63, 0x34, 0x20, 0x5f, 0x36, 0x35, 0x20, 0x3d, 0x20, 0x74, 0x65, 0x78, 0x74, 0x75, 0x72, 0x65, // c4 _65 = texture
	0x28, 0x73, 0x5f, 0x74, 0x65, 0x78, 0x43, 0x6f, 0x6c, 0x6f, 0x72, 0x2c, 0x20, 0x76, 0x5f, 0x74, // (s_texColor, v_t
	0x65, 0x78, 0x63, 0x6f, 0x6f, 0x72, 0x64, 0x32, 0x2e, 0x78, 0x79, 0x7a, 0x29, 0x3b, 0x0a, 0x20, // excoord2.xyz);. 
	0x20, 0x20, 0x20, 0x20, 0x20, 0x20, 0x20, 0x20, 0x20, 0x20, 0x20, 0x68, 0x69, 0x67, 0x68, 0x70, //            highp
	0x20, 0x66, 0x6c, 0x6f, 0x61, 0x74, 0x20, 0x72, 0x67, 0x62, 0x61, 0x32, 0x5b, 0x34, 0x5d, 0x3b, //  float rgba2[4];
	0x0a, 0x20, 0x20, 0x20, 0x20, 0x20, 0x20, 0x20, 0x20, 0x20, 0x20, 0x20, 0x20, 0x72, 0x67, 0x62, // .            rgb
	0x61, 0x32, 0x5b, 0x30, 0x5d, 0x20, 0x3d, 0x20, 0x5f, 0x36, 0x35, 0x2e, 0x7a, 0x3b, 0x0a, 0x20, // a2[0] = _65.z;. 
	0x20, 0x20, 0x20, 0x20, 0x20, 0x20, 0x20, 0x20, 0x20, 0x20, 0x20, 0x72, 0x67, 0x62, 0x61, 0x32, //            rgba2
	0x5b, 0x31, 0x5d, 0x20, 0x3d, 0x20, 0x5f, 0x36, 0x35, 0x2e, 0x79, 0x3b, 0x0a, 0x20, 0x20, 0x20, // [1] = _65.y;.   
	0x20, 0x20, 0x20, 0x20, 0x20, 0x20, 0x20, 0x20, 0x20, 0x72, 0x67, 0x62, 0x61, 0x32, 0x5b, 0x32, //          rgba2[2
	0x5d, 0x20, 0x3d, 0x20, 0x5f, 0x36, 0x35, 0x2e, 0x78, 0x3b, 0x0a, 0x20, 0x20, 0x20, 0x20, 0x20, // ] = _65.x;.     
	0x20, 0x20, 0x20, 0x20, 0x20, 0x20, 0x20, 0x72, 0x67, 0x62, 0x61, 0x32, 0x5b, 0x33, 0x5d, 0x20, //        rgba2[3] 
	0x3d, 0x20, 0x5f, 0x36, 0x35, 0x2e, 0x77, 0x3b, 0x0a, 0x20, 0x20, 0x20, 0x20, 0x20, 0x20, 0x20, // = _65.w;.       
	0x20, 0x20, 0x20, 0x20, 0x20, 0x68, 0x69, 0x67, 0x68, 0x70, 0x20, 0x66, 0x6c, 0x6f, 0x61, 0x74, //      highp float
	0x20, 0x5f, 0x31, 0x31, 0x37, 0x20, 0x3d, 0x20, 0x28, 0x6c, 0x65, 0x6e, 0x67, 0x74, 0x68, 0x28, //  _117 = (length(
	0x66, 0x77, 0x69, 0x64, 0x74, 0x68, 0x28, 0x76, 0x5f, 0x74, 0x65, 0x78, 0x63, 0x6f, 0x6f, 0x72, // fwidth(v_texcoor
	0x64, 0x32, 0x2e, 0x78, 0x79, 0x7a, 0x29, 0x29, 0x20, 0x2a, 0x20, 0x31, 0x31, 0x2e, 0x33, 0x31, // d2.xyz)) * 11.31
	0x33, 0x37, 0x30, 0x38, 0x33, 0x30, 0x35, 0x33, 0x35, 0x38, 0x38, 0x38, 0x36, 0x37, 0x31, 0x38, // 3708305358886718
	0x37, 0x35, 0x29, 0x20, 0x2a, 0x20, 0x75, 0x5f, 0x70, 0x61, 0x72, 0x61, 0x6d, 0x73, 0x2e, 0x79, // 75) * u_params.y
	0x3b, 0x0a, 0x20, 0x20, 0x20, 0x20, 0x20, 0x20, 0x20, 0x20, 0x20, 0x20, 0x20, 0x20, 0x68, 0x69, // ;.            hi
	0x67, 0x68, 0x70, 0x20, 0x66, 0x6c, 0x6f, 0x61, 0x74, 0x20, 0x5f, 0x31, 0x32, 0x35, 0x20, 0x3d, // ghp float _125 =
	0x20, 0x30, 0x2e, 0x35, 0x20, 0x2d, 0x20, 0x28, 0x75, 0x5f, 0x70, 0x61, 0x72, 0x61, 0x6d, 0x73, //  0.5 - (u_params
	0x2e, 0x77, 0x20, 0x2a, 0x20, 0x5f, 0x31, 0x31, 0x37, 0x29, 0x3b, 0x0a, 0x20, 0x20, 0x20, 0x20, // .w * _117);.    
	0x20, 0x20, 0x20, 0x20, 0x20, 0x20, 0x20, 0x20, 0x68, 0x69, 0x67, 0x68, 0x70, 0x20, 0x66, 0x6c, //         highp fl
	0x6f, 0x61, 0x74, 0x20, 0x5f, 0x31, 0x32, 0x39, 0x20, 0x3d, 0x20, 0x5f, 0x31, 0x31, 0x37, 0x20, // oat _129 = _117 
	0x2a, 0x20, 0x75, 0x5f, 0x70, 0x61, 0x72, 0x61, 0x6d, 0x73, 0x2e, 0x7a, 0x3b, 0x0a, 0x20, 0x20, // * u_params.z;.  
	0x20, 0x20, 0x20, 0x20, 0x20, 0x20, 0x20, 0x20, 0x20, 0x20, 0x62, 0x67, 0x66, 0x78, 0x5f, 0x46, //           bgfx_F
	0x72, 0x61, 0x67, 0x43, 0x6f, 0x6c, 0x6f, 0x72, 0x20, 0x3d, 0x20, 0x76, 0x65, 0x63, 0x34, 0x28, // ragColor = vec4(
	0x76, 0x5f, 0x63, 0x6f, 0x6c, 0x6f, 0x72, 0x30, 0x2e, 0x78, 0x79, 0x7a, 0x2c, 0x20, 0x73, 0x6d, // v_color0.xyz, sm
	0x6f, 0x6f, 0x74, 0x68, 0x73, 0x74, 0x65, 0x70, 0x28, 0x5f, 0x31, 0x32, 0x35, 0x20, 0x2d, 0x20, // oothstep(_125 - 
	0x5f, 0x31, 0x32, 0x39, 0x2c, 0x20, 0x5f, 0x31, 0x32, 0x35, 0x20, 0x2b, 0x20, 0x5f, 0x31, 0x32, // _129, _125 + _12
	0x39, 0x2c, 0x20, 0x72, 0x67, 0x62, 0x61, 0x32, 0x5b, 0x69, 0x6e, 0x74, 0x28, 0x28, 0x76, 0x5f, // 9, rgba2[int((v_
	0x74, 0x65, 0x78, 0x63, 0x6f, 0x6f, 0x72, 0x64, 0x32, 0x2e, 0x77, 0x20, 0x2a, 0x20, 0x34, 0x2e, // texcoord2.w * 4.
	0x30, 0x29, 0x20, 0x2b, 0x20, 0x30, 0x2e, 0x35, 0x29, 0x5d, 0x29, 0x20, 0x2a, 0x20, 0x76, 0x5f, // 0) + 0.5)]) * v_
	0x63, 0x6f, 0x6c, 0x6f, 0x72, 0x30, 0x2e, 0x77, 0x29, 0x3b, 0x0a, 0x20, 0x20, 0x20, 0x20, 0x20, // color0.w);.     
	0x20, 0x20, 0x20, 0x20, 0x20, 0x20, 0x20, 0x62, 0x72, 0x65, 0x61, 0x6b, 0x3b, 0x0a, 0x20, 0x20, //        break;.  
	0x20, 0x20, 0x20, 0x20, 0x20, 0x20, 0x7d, 0x0a, 0x20, 0x20, 0x20, 0x20, 0x20, 0x20, 0x20, 0x20, //       }.        
	0x68, 0x69, 0x67, 0x68, 0x70, 0x20, 0x76, 0x65, 0x63, 0x34, 0x20, 0x5f, 0x31, 0x35, 0x37, 0x20, // highp vec4 _157 
	0x3d, 0x20, 0x74, 0x65, 0x78, 0x74, 0x75, 0x72, 0x65, 0x28, 0x73, 0x5f, 0x74, 0x65, 0x78, 0x43, // = texture(s_texC
	0x6f, 0x6c, 0x6f, 0x72, 0x2c, 0x20, 0x76, 0x5f, 0x74, 0x65, 0x78, 0x63, 0x6f, 0x6f, 0x72, 0x64, // olor, v_texcoord
	0x30, 0x2e, 0x78, 0x79, 0x7a, 0x29, 0x3b, 0x0a, 0x20, 0x20, 0x20, 0x20, 0x20, 0x20, 0x20, 0x20, // 0.xyz);.        
	0x69, 0x6e, 0x74, 0x20, 0x5f, 0x31, 0x36, 0x33, 0x20, 0x3d, 0x20, 0x69, 0x6e, 0x74, 0x28, 0x28, // int _163 = int((
	0x76, 0x5f, 0x74, 0x65, 0x78, 0x63, 0x6f, 0x6f, 0x72, 0x64, 0x30, 0x2e, 0x77, 0x20, 0x2a, 0x20, // v_texcoord0.w * 
	0x34, 0x2e, 0x30, 0x29, 0x20, 0x2b, 0x20, 0x30, 0x2e, 0x35, 0x29, 0x3b, 0x0a, 0x20, 0x20, 0x20, // 4.0) + 0.5);.   
	0x20, 0x20, 0x20, 0x20, 0x20, 0x68, 0x69, 0x67, 0x68, 0x70, 0x20, 0x66, 0x6c, 0x6f, 0x61, 0x74, //      highp float
	0x20, 0x72, 0x67, 0x62, 0x61, 0x5b, 0x34, 0x5d, 0x3b, 0x0a, 0x20, 0x20, 0x20, 0x20, 0x20, 0x20, //  rgba[4];.      
	0x20, 0x20, 0x72, 0x67, 0x62, 0x61, 0x5b, 0x30, 0x5d, 0x20, 0x3d, 0x20, 0x5f, 0x31, 0x35, 0x37, //   rgba[0] = _157
	0x2e, 0x7a, 0x3b, 0x0a, 0x20, 0x20, 0x20, 0x20, 0x20, 0x20, 0x20, 0x20, 0x72, 0x67, 0x62, 0x61, // .z;.        rgba
	0x5b, 0x31, 0x5d, 0x20, 0x3d, 0x20, 0x5f, 0x31, 0x35, 0x37, 0x2e, 0x79, 0x3b, 0x0a, 0x20, 0x20, // [1] = _157.y;.  
	0x20, 0x20, 0x20, 0x20, 0x20, 0x20, 0x72, 0x67, 0x62, 0x61, 0x5b, 0x32, 0x5d, 0x20, 0x3d, 0x20, //       rgba[2] = 
	0x5f, 0x31, 0x35, 0x37, 0x2e, 0x78, 0x3b, 0x0a, 0x20, 0x20, 0x20, 0x20, 0x20, 0x20, 0x20, 0x20, // _157.x;.        
	0x72, 0x67, 0x62, 0x61, 0x5b, 0x33, 0x5d, 0x20, 0x3d, 0x20, 0x5f, 0x31, 0x35, 0x37, 0x2e, 0x77, // rgba[3] = _157.w
	0x3b, 0x0a, 0x20, 0x20, 0x20, 0x20, 0x20, 0x20, 0x20, 0x20, 0x68, 0x69, 0x67, 0x68, 0x70, 0x20, // ;.        highp 
	0x66, 0x6c, 0x6f, 0x61, 0x74, 0x20, 0x5f, 0x31, 0x39, 0x30, 0x20, 0x3d, 0x20, 0x28, 0x6c, 0x65, // float _190 = (le
	0x6e, 0x67, 0x74, 0x68, 0x28, 0x66, 0x77, 0x69, 0x64, 0x74, 0x68, 0x28, 0x76, 0x5f, 0x74, 0x65, // ngth(fwidth(v_te
	0x78, 0x63, 0x6f, 0x6f, 0x72, 0x64, 0x30, 0x2e, 0x78, 0x79, 0x7a, 0x29, 0x29, 0x20, 0x2a, 0x20, // xcoord0.xyz)) * 
	0x31, 0x31, 0x2e, 0x33, 0x31, 0x33, 0x37, 0x30, 0x38, 0x33, 0x30, 0x35, 0x33, 0x35, 0x38, 0x38, // 11.3137083053588
	0x38, 0x36, 0x37, 0x31, 0x38, 0x37, 0x35, 0x29, 0x20, 0x2a, 0x20, 0x75, 0x5f, 0x70, 0x61, 0x72, // 8671875) * u_par
	0x61, 0x6d, 0x73, 0x2e, 0x79, 0x3b, 0x0a, 0x20, 0x20, 0x20, 0x20, 0x20, 0x20, 0x20, 0x20, 0x68, // ams.y;.        h
	0x69, 0x67, 0x68, 0x70, 0x20, 0x66, 0x6c, 0x6f, 0x61, 0x74, 0x20, 0x5f, 0x31, 0x39, 0x38, 0x20, // ighp float _198 
	0x3d, 0x20, 0x30, 0x2e, 0x35, 0x20, 0x2d, 0x20, 0x28, 0x75, 0x5f, 0x70, 0x61, 0x72, 0x61, 0x6d, // = 0.5 - (u_param
	0x73, 0x2e, 0x77, 0x20, 0x2a, 0x20, 0x5f, 0x31, 0x39, 0x30, 0x29, 0x3b, 0x0a, 0x20, 0x20, 0x20, // s.w * _190);.   
	0x20, 0x20, 0x20, 0x20, 0x20, 0x62, 0x67, 0x66, 0x78, 0x5f, 0x46, 0x72, 0x61, 0x67, 0x43, 0x6f, //      bgfx_FragCo
	0x6c, 0x6f, 0x72, 0x20, 0x3d, 0x20, 0x76, 0x65, 0x63, 0x34, 0x28, 0x6d, 0x69, 0x78, 0x28, 0x76, // lor = vec4(mix(v
	0x5f, 0x63, 0x6f, 0x6c, 0x6f, 0x72, 0x31, 0x2e, 0x78, 0x79, 0x7a, 0x2c, 0x20, 0x76, 0x5f, 0x63, // _color1.xyz, v_c
	0x6f, 0x6c, 0x6f, 0x72, 0x30, 0x2e, 0x78, 0x79, 0x7a, 0x2c, 0x20, 0x76, 0x65, 0x63, 0x33, 0x28, // olor0.xyz, vec3(
	0x73, 0x6d, 0x6f, 0x6f, 0x74, 0x68, 0x73, 0x74, 0x65, 0x70, 0x28, 0x30, 0x2e, 0x35, 0x20, 0x2d, // smoothstep(0.5 -
	0x20, 0x5f, 0x31, 0x39, 0x30, 0x2c, 0x20, 0x30, 0x2e, 0x35, 0x20, 0x2b, 0x20, 0x5f, 0x31, 0x39, //  _190, 0.5 + _19
	0x30, 0x2c, 0x20, 0x72, 0x67, 0x62, 0x61, 0x5b, 0x5f, 0x31, 0x36, 0x33, 0x5d, 0x29, 0x29, 0x29, // 0, rgba[_163])))
	0x2c, 0x20, 0x73, 0x6d, 0x6f, 0x6f, 0x74, 0x68, 0x73, 0x74, 0x65, 0x70, 0x28, 0x5f, 0x31, 0x39, // , smoothstep(_19
	0x38, 0x20, 0x2d, 0x20, 0x5f, 0x31, 0x39, 0x30, 0x2c, 0x20, 0x5f, 0x31, 0x39, 0x38, 0x20, 0x2b, // 8 - _190, _198 +
	0x20, 0x5f, 0x31, 0x39, 0x30, 0x2c, 0x20, 0x72, 0x67, 0x62, 0x61, 0x5b, 0x5f, 0x31, 0x36, 0x33, //  _190, rgba[_163
	0x5d, 0x29, 0x20, 0x2a, 0x20, 0x76, 0x5f, 0x63, 0x6f, 0x6c, 0x6f, 0x72, 0x30, 0x2e, 0x77, 0x29, // ]) * v_color0.w)
	0x3b, 0x0a, 0x20, 0x20, 0x20, 0x20, 0x20, 0x20, 0x20, 0x20, 0x62, 0x72, 0x65, 0x61, 0x6b, 0x3b, // ;.        break;
	0x0a, 0x20, 0x20, 0x20, 0x20, 0x7d, 0x20, 0x77, 0x68, 0x69, 0x6c, 0x65, 0x28, 0x66, 0x61, 0x6c, // .    } while(fal
	0x73, 0x65, 0x29, 0x3b, 0x0a, 0x7d, 0x0a, 0x0a, 0x00,                                           // se);.}...
};
static const uint8_t fs_font_distance_field_outline_drop_shadow_image_spv[3922] =
{
	0x46, 0x53, 0x48, 0x0b, 0x9e, 0x67, 0x7a, 0xc3, 0x00, 0x00, 0x00, 0x00, 0x02, 0x00, 0x08, 0x75, // FSH..gz........u
	0x5f, 0x70, 0x61, 0x72, 0x61, 0x6d, 0x73, 0x12, 0x01, 0x00, 0x00, 0x01, 0x00, 0x00, 0x00, 0x00, // _params.........
	0x00, 0x0a, 0x73, 0x5f, 0x74, 0x65, 0x78, 0x43, 0x6f, 0x6c, 0x6f, 0x72, 0x30, 0x00, 0x02, 0x00, // ..s_texColor0...
	0x00, 0x00, 0x00, 0x04, 0x29, 0x00, 0x14, 0x0f, 0x00, 0x00, 0x03, 0x02, 0x23, 0x07, 0x00, 0x00, // ....).......#...
	0x01, 0x00, 0x0b, 0x00, 0x08, 0x00, 0x8b, 0x02, 0x00, 0x00, 0x00, 0x00, 0x00, 0x00, 0x11, 0x00, // ................
	0x02, 0x00, 0x01, 0x00, 0x00, 0x00, 0x0b, 0x00, 0x06, 0x00, 0x01, 0x00, 0x00, 0x00, 0x47, 0x4c, // ..............GL
	0x53, 0x4c, 0x2e, 0x73, 0x74, 0x64, 0x2e, 0x34, 0x35, 0x30, 0x00, 0x00, 0x00, 0x00, 0x0e, 0x00, // SL.std.450......
	0x03, 0x00, 0x00, 0x00, 0x00, 0x00, 0x01, 0x00, 0x00, 0x00, 0x0f, 0x00, 0x0b, 0x00, 0x04, 0x00, // ................
	0x00, 0x00, 0x04, 0x00, 0x00, 0x00, 0x6d, 0x61, 0x69, 0x6e, 0x00, 0x00, 0x00, 0x00, 0x39, 0x01, // ......main....9.
	0x00, 0x00, 0x3c, 0x01, 0x00, 0x00, 0x3f, 0x01, 0x00, 0x00, 0x42, 0x01, 0x00, 0x00, 0x45, 0x01, // ..<...?...B...E.
	0x00, 0x00, 0x58, 0x01, 0x00, 0x00, 0x10, 0x00, 0x03, 0x00, 0x04, 0x00, 0x00, 0x00, 0x07, 0x00, // ..X.............
	0x00, 0x00, 0x03, 0x00, 0x03, 0x00, 0x05, 0x00, 0x00, 0x00, 0xf4, 0x01, 0x00, 0x00, 0x05, 0x00, // ................
	0x04, 0x00, 0x04, 0x00, 0x00, 0x00, 0x6d, 0x61, 0x69, 0x6e, 0x00, 0x00, 0x00, 0x00, 0x05, 0x00, // ......main......
	0x07, 0x00, 0x33, 0x00, 0x00, 0x00, 0x73, 0x5f, 0x74, 0x65, 0x78, 0x43, 0x6f, 0x6c, 0x6f, 0x72, // ..3...s_texColor
	0x53, 0x61, 0x6d, 0x70, 0x6c, 0x65, 0x72, 0x00, 0x00, 0x00, 0x05, 0x00, 0x07, 0x00, 0x36, 0x00, // Sampler.......6.
	0x00, 0x00, 0x73, 0x5f, 0x74, 0x65, 0x78, 0x43, 0x6f, 0x6c, 0x6f, 0x72, 0x54, 0x65, 0x78, 0x74, // ..s_texColorText
	0x75, 0x72, 0x65, 0x00, 0x00, 0x00, 0x05, 0x00, 0x06, 0x00, 0xb7, 0x00, 0x00, 0x00, 0x55, 0x6e, // ure...........Un
	0x69, 0x66, 0x6f, 0x72, 0x6d, 0x42, 0x6c, 0x6f, 0x63, 0x6b, 0x00, 0x00, 0x00, 0x00, 0x06, 0x00, // iformBlock......
	0x06, 0x00, 0xb7, 0x00, 0x00, 0x00, 0x00, 0x00, 0x00, 0x00, 0x75, 0x5f, 0x70, 0x61, 0x72, 0x61, // ..........u_para
	0x6d, 0x73, 0x00, 0x00, 0x00, 0x00, 0x05, 0x00, 0x03, 0x00, 0xb9, 0x00, 0x00, 0x00, 0x00, 0x00, // ms..............
	0x00, 0x00, 0x05, 0x00, 0x05, 0x00, 0x39, 0x01, 0x00, 0x00, 0x76, 0x5f, 0x63, 0x6f, 0x6c, 0x6f, // ......9...v_colo
	0x72, 0x30, 0x00, 0x00, 0x00, 0x00, 0x05, 0x00, 0x05, 0x00, 0x3c, 0x01, 0x00, 0x00, 0x76, 0x5f, // r0........<...v_
	0x63, 0x6f, 0x6c, 0x6f, 0x72, 0x31, 0x00, 0x00, 0x00, 0x00, 0x05, 0x00, 0x05, 0x00, 0x3f, 0x01, // color1........?.
	0x00, 0x00, 0x76, 0x5f, 0x74, 0x65, 0x78, 0x63, 0x6f, 0x6f, 0x72, 0x64, 0x30, 0x00, 0x05, 0x00, // ..v_texcoord0...
	0x05, 0x00, 0x42, 0x01, 0x00, 0x00, 0x76, 0x5f, 0x74, 0x65, 0x78, 0x63, 0x6f, 0x6f, 0x72, 0x64, // ..B...v_texcoord
	0x31, 0x00, 0x05, 0x00, 0x05, 0x00, 0x45, 0x01, 0x00, 0x00, 0x76, 0x5f, 0x74, 0x65, 0x78, 0x63, // 1.....E...v_texc
	0x6f, 0x6f, 0x72, 0x64, 0x32, 0x00, 0x05, 0x00, 0x06, 0x00, 0x58, 0x01, 0x00, 0x00, 0x62, 0x67, // oord2.....X...bg
	0x66, 0x78, 0x5f, 0x46, 0x72, 0x61, 0x67, 0x44, 0x61, 0x74, 0x61, 0x30, 0x00, 0x00, 0x47, 0x00, // fx_FragData0..G.
	0x04, 0x00, 0x33, 0x00, 0x00, 0x00, 0x21, 0x00, 0x00, 0x00, 0x12, 0x00, 0x00, 0x00, 0x47, 0x00, // ..3...!.......G.
	0x04, 0x00, 0x33, 0x00, 0x00, 0x00, 0x22, 0x00, 0x00, 0x00, 0x00, 0x00, 0x00, 0x00, 0x47, 0x00, // ..3...".......G.
	0x04, 0x00, 0x36, 0x00, 0x00, 0x00, 0x21, 0x00, 0x00, 0x00, 0x02, 0x00, 0x00, 0x00, 0x47, 0x00, // ..6...!.......G.
	0x04, 0x00, 0x36, 0x00, 0x00, 0x00, 0x22, 0x00, 0x00, 0x00, 0x00, 0x00, 0x00, 0x00, 0x47, 0x00, // ..6...".......G.
	0x03, 0x00, 0xb7, 0x00, 0x00, 0x00, 0x02, 0x00, 0x00, 0x00, 0x48, 0x00, 0x05, 0x00, 0xb7, 0x00, // ..........H.....
	0x00, 0x00, 0x00, 0x00, 0x00, 0x00, 0x23, 0x00, 0x00, 0x00, 0x00, 0x00, 0x00, 0x00, 0x47, 0x00, // ......#.......G.
	0x04, 0x00, 0xb9, 0x00, 0x00, 0x00, 0x21, 0x00, 0x00, 0x00, 0x01, 0x00, 0x00, 0x00, 0x47, 0x00, // ......!.......G.
	0x04, 0x00, 0xb9, 0x00, 0x00, 0x00, 0x22, 0x00, 0x00, 0x00, 0x00, 0x00, 0x00, 0x00, 0x47, 0x00, // ......".......G.
	0x04, 0x00, 0x39, 0x01, 0x00, 0x00, 0x1e, 0x00, 0x00, 0x00, 0x00, 0x00, 0x00, 0x00, 0x47, 0x00, // ..9...........G.
	0x04, 0x00, 0x3c, 0x01, 0x00, 0x00, 0x1e, 0x00, 0x00, 0x00, 0x01, 0x00, 0x00, 0x00, 0x47, 0x00, // ..<...........G.
	0x04, 0x00, 0x3f, 0x01, 0x00, 0x00, 0x1e, 0x00, 0x00, 0x00, 0x02, 0x00, 0x00, 0x00, 0x47, 0x00, // ..?...........G.
	0x04, 0x00, 0x42, 0x01, 0x00, 0x00, 0x1e, 0x00, 0x00, 0x00, 0x03, 0x00, 0x00, 0x00, 0x47, 0x00, // ..B...........G.
	0x04, 0x00, 0x45, 0x01, 0x00, 0x00, 0x1e, 0x00, 0x00, 0x00, 0x04, 0x00, 0x00, 0x00, 0x47, 0x00, // ..E...........G.
	0x04, 0x00, 0x58, 0x01, 0x00, 0x00, 0x1e, 0x00, 0x00, 0x00, 0x00, 0x00, 0x00, 0x00, 0x13, 0x00, // ..X.............
	0x02, 0x00, 0x02, 0x00, 0x00, 0x00, 0x21, 0x00, 0x03, 0x00, 0x03, 0x00, 0x00, 0x00, 0x02, 0x00, // ......!.........
	0x00, 0x00, 0x1a, 0x00, 0x02, 0x00, 0x06, 0x00, 0x00, 0x00, 0x16, 0x00, 0x03, 0x00, 0x07, 0x00, // ................
	0x00, 0x00, 0x20, 0x00, 0x00, 0x00, 0x19, 0x00, 0x09, 0x00, 0x08, 0x00, 0x00, 0x00, 0x07, 0x00, // .. .............
	0x00, 0x00, 0x03, 0x00, 0x00, 0x00, 0x00, 0x00, 0x00, 0x00, 0x00, 0x00, 0x00, 0x00, 0x00, 0x00, // ................
	0x00, 0x00, 0x01, 0x00, 0x00, 0x00, 0x00, 0x00, 0x00, 0x00, 0x17, 0x00, 0x04, 0x00, 0x0b, 0x00, // ................
	0x00, 0x00, 0x07, 0x00, 0x00, 0x00, 0x03, 0x00, 0x00, 0x00, 0x17, 0x00, 0x04, 0x00, 0x0d, 0x00, // ................
	0x00, 0x00, 0x07, 0x00, 0x00, 0x00, 0x04, 0x00, 0x00, 0x00, 0x14, 0x00, 0x02, 0x00, 0x13, 0x00, // ................
	0x00, 0x00, 0x17, 0x00, 0x04, 0x00, 0x14, 0x00, 0x00, 0x00, 0x13, 0x00, 0x00, 0x00, 0x03, 0x00, // ................
	0x00, 0x00, 0x20, 0x00, 0x04, 0x00, 0x20, 0x00, 0x00, 0x00, 0x07, 0x00, 0x00, 0x00, 0x07, 0x00, // .. ... .........
	0x00, 0x00, 0x20, 0x00, 0x04, 0x00, 0x32, 0x00, 0x00, 0x00, 0x00, 0x00, 0x00, 0x00, 0x06, 0x00, // .. ...2.........
	0x00, 0x00, 0x3b, 0x00, 0x04, 0x00, 0x32, 0x00, 0x00, 0x00, 0x33, 0x00, 0x00, 0x00, 0x00, 0x00, // ..;...2...3.....
	0x00, 0x00, 0x20, 0x00, 0x04, 0x00, 0x35, 0x00, 0x00, 0x00, 0x00, 0x00, 0x00, 0x00, 0x08, 0x00, // .. ...5.........
	0x00, 0x00, 0x3b, 0x00, 0x04, 0x00, 0x35, 0x00, 0x00, 0x00, 0x36, 0x00, 0x00, 0x00, 0x00, 0x00, // ..;...5...6.....
	0x00, 0x00, 0x15, 0x00, 0x04, 0x00, 0x39, 0x00, 0x00, 0x00, 0x20, 0x00, 0x00, 0x00, 0x01, 0x00, // ......9... .....
	0x00, 0x00, 0x2b, 0x00, 0x04, 0x00, 0x39, 0x00, 0x00, 0x00, 0x3a, 0x00, 0x00, 0x00, 0x01, 0x00, // ..+...9...:.....
	0x00, 0x00, 0x2b, 0x00, 0x04, 0x00, 0x39, 0x00, 0x00, 0x00, 0x3e, 0x00, 0x00, 0x00, 0x00, 0x00, // ..+...9...>.....
	0x00, 0x00, 0x1b, 0x00, 0x03, 0x00, 0x42, 0x00, 0x00, 0x00, 0x08, 0x00, 0x00, 0x00, 0x2b, 0x00, // ......B.......+.
	0x04, 0x00, 0x07, 0x00, 0x00, 0x00, 0x58, 0x00, 0x00, 0x00, 0x00, 0x00, 0x00, 0x00, 0x2c, 0x00, // ......X.......,.
	0x06, 0x00, 0x0b, 0x00, 0x00, 0x00, 0x5b, 0x00, 0x00, 0x00, 0x58, 0x00, 0x00, 0x00, 0x58, 0x00, // ......[...X...X.
	0x00, 0x00, 0x58, 0x00, 0x00, 0x00, 0x15, 0x00, 0x04, 0x00, 0x6e, 0x00, 0x00, 0x00, 0x20, 0x00, // ..X.......n... .
	0x00, 0x00, 0x00, 0x00, 0x00, 0x00, 0x2b, 0x00, 0x04, 0x00, 0x6e, 0x00, 0x00, 0x00, 0x6f, 0x00, // ......+...n...o.
	0x00, 0x00, 0x03, 0x00, 0x00, 0x00, 0x2b, 0x00, 0x04, 0x00, 0x07, 0x00, 0x00, 0x00, 0x90, 0x00, // ......+.........
	0x00, 0x00, 0x00, 0x00, 0x80, 0x40, 0x2b, 0x00, 0x04, 0x00, 0x07, 0x00, 0x00, 0x00, 0x92, 0x00, // .....@+.........
	0x00, 0x00, 0x00, 0x00, 0x00, 0x3f, 0x2b, 0x00, 0x04, 0x00, 0x6e, 0x00, 0x00, 0x00, 0x95, 0x00, // .....?+...n.....
	0x00, 0x00, 0x04, 0x00, 0x00, 0x00, 0x1c, 0x00, 0x04, 0x00, 0x96, 0x00, 0x00, 0x00, 0x07, 0x00, // ................
	0x00, 0x00, 0x95, 0x00, 0x00, 0x00, 0x20, 0x00, 0x04, 0x00, 0x97, 0x00, 0x00, 0x00, 0x07, 0x00, // ...... .........
	0x00, 0x00, 0x96, 0x00, 0x00, 0x00, 0x2b, 0x00, 0x04, 0x00, 0x6e, 0x00, 0x00, 0x00, 0x99, 0x00, // ......+...n.....
	0x00, 0x00, 0x02, 0x00, 0x00, 0x00, 0x2b, 0x00, 0x04, 0x00, 0x6e, 0x00, 0x00, 0x00, 0x9d, 0x00, // ......+...n.....
	0x00, 0x00, 0x01, 0x00, 0x00, 0x00, 0x2b, 0x00, 0x04, 0x00, 0x39, 0x00, 0x00, 0x00, 0xa1, 0x00, // ......+...9.....
	0x00, 0x00, 0x02, 0x00, 0x00, 0x00, 0x2b, 0x00, 0x04, 0x00, 0x6e, 0x00, 0x00, 0x00, 0xa2, 0x00, // ......+...n.....
	0x00, 0x00, 0x00, 0x00, 0x00, 0x00, 0x2b, 0x00, 0x04, 0x00, 0x39, 0x00, 0x00, 0x00, 0xa6, 0x00, // ......+...9.....
	0x00, 0x00, 0x03, 0x00, 0x00, 0x00, 0x1e, 0x00, 0x03, 0x00, 0xb7, 0x00, 0x00, 0x00, 0x0d, 0x00, // ................
	0x00, 0x00, 0x20, 0x00, 0x04, 0x00, 0xb8, 0x00, 0x00, 0x00, 0x02, 0x00, 0x00, 0x00, 0xb7, 0x00, // .. .............
	0x00, 0x00, 0x3b, 0x00, 0x04, 0x00, 0xb8, 0x00, 0x00, 0x00, 0xb9, 0x00, 0x00, 0x00, 0x02, 0x00, // ..;.............
	0x00, 0x00, 0x20, 0x00, 0x04, 0x00, 0xba, 0x00, 0x00, 0x00, 0x02, 0x00, 0x00, 0x00, 0x07, 0x00, // .. .............
	0x00, 0x00, 0x20, 0x00, 0x04, 0x00, 0x35, 0x01, 0x00, 0x00, 0x01, 0x00, 0x00, 0x00, 0x0d, 0x00, // .. ...5.........
	0x00, 0x00, 0x3b, 0x00, 0x04, 0x00, 0x35, 0x01, 0x00, 0x00, 0x39, 0x01, 0x00, 0x00, 0x01, 0x00, // ..;...5...9.....
	0x00, 0x00, 0x3b, 0x00, 0x04, 0x00, 0x35, 0x01, 0x00, 0x00, 0x3c, 0x01, 0x00, 0x00, 0x01, 0x00, // ..;...5...<.....
	0x00, 0x00, 0x3b, 0x00, 0x04, 0x00, 0x35, 0x01, 0x00, 0x00, 0x3f, 0x01, 0x00, 0x00, 0x01, 0x00, // ..;...5...?.....
	0x00, 0x00, 0x3b, 0x00, 0x04, 0x00, 0x35, 0x01, 0x00, 0x00, 0x42, 0x01, 0x00, 0x00, 0x01, 0x00, // ..;...5...B.....
	0x00, 0x00, 0x3b, 0x00, 0x04, 0x00, 0x35, 0x01, 0x00, 0x00, 0x45, 0x01, 0x00, 0x00, 0x01, 0x00, // ..;...5...E.....
	0x00, 0x00, 0x20, 0x00, 0x04, 0x00, 0x57, 0x01, 0x00, 0x00, 0x03, 0x00, 0x00, 0x00, 0x0d, 0x00, // .. ...W.........
	0x00, 0x00, 0x3b, 0x00, 0x04, 0x00, 0x57, 0x01, 0x00, 0x00, 0x58, 0x01, 0x00, 0x00, 0x03, 0x00, // ..;...W...X.....
	0x00, 0x00, 0x2b, 0x00, 0x04, 0x00, 0x07, 0x00, 0x00, 0x00, 0x89, 0x02, 0x00, 0x00, 0xf3, 0x04, // ..+.............
	0x35, 0x41, 0x36, 0x00, 0x05, 0x00, 0x02, 0x00, 0x00, 0x00, 0x04, 0x00, 0x00, 0x00, 0x00, 0x00, // 5A6.............
	0x00, 0x00, 0x03, 0x00, 0x00, 0x00, 0xf8, 0x00, 0x02, 0x00, 0x05, 0x00, 0x00, 0x00, 0x3b, 0x00, // ..............;.
	0x04, 0x00, 0x97, 0x00, 0x00, 0x00, 0x82, 0x01, 0x00, 0x00, 0x07, 0x00, 0x00, 0x00, 0x3b, 0x00, // ..............;.
	0x04, 0x00, 0x97, 0x00, 0x00, 0x00, 0x8d, 0x01, 0x00, 0x00, 0x07, 0x00, 0x00, 0x00, 0x3d, 0x00, // ..............=.
	0x04, 0x00, 0x06, 0x00, 0x00, 0x00, 0x34, 0x00, 0x00, 0x00, 0x33, 0x00, 0x00, 0x00, 0x3d, 0x00, // ......4...3...=.
	0x04, 0x00, 0x08, 0x00, 0x00, 0x00, 0x37, 0x00, 0x00, 0x00, 0x36, 0x00, 0x00, 0x00, 0x3d, 0x00, // ......7...6...=.
	0x04, 0x00, 0x0d, 0x00, 0x00, 0x00, 0x3a, 0x01, 0x00, 0x00, 0x39, 0x01, 0x00, 0x00, 0x3d, 0x00, // ......:...9...=.
	0x04, 0x00, 0x0d, 0x00, 0x00, 0x00, 0x3d, 0x01, 0x00, 0x00, 0x3c, 0x01, 0x00, 0x00, 0x3d, 0x00, // ......=...<...=.
	0x04, 0x00, 0x0d, 0x00, 0x00, 0x00, 0x40, 0x01, 0x00, 0x00, 0x3f, 0x01, 0x00, 0x00, 0x3d, 0x00, // ......@...?...=.
	0x04, 0x00, 0x0d, 0x00, 0x00, 0x00, 0x43, 0x01, 0x00, 0x00, 0x42, 0x01, 0x00, 0x00, 0x3d, 0x00, // ......C...B...=.
	0x04, 0x00, 0x0d, 0x00, 0x00, 0x00, 0x46, 0x01, 0x00, 0x00, 0x45, 0x01, 0x00, 0x00, 0xf7, 0x00, // ......F...E.....
	0x03, 0x00, 0x3c, 0x02, 0x00, 0x00, 0x00, 0x00, 0x00, 0x00, 0xfb, 0x00, 0x03, 0x00, 0xa2, 0x00, // ..<.............
	0x00, 0x00, 0x99, 0x01, 0x00, 0x00, 0xf8, 0x00, 0x02, 0x00, 0x99, 0x01, 0x00, 0x00, 0x4f, 0x00, // ..............O.
	0x08, 0x00, 0x0b, 0x00, 0x00, 0x00, 0x9c, 0x01, 0x00, 0x00, 0x43, 0x01, 0x00, 0x00, 0x43, 0x01, // ..........C...C.
	0x00, 0x00, 0x00, 0x00, 0x00, 0x00, 0x01, 0x00, 0x00, 0x00, 0x02, 0x00, 0x00, 0x00, 0xb4, 0x00, // ................
	0x05, 0x00, 0x14, 0x00, 0x00, 0x00, 0x46, 0x02, 0x00, 0x00, 0x9c, 0x01, 0x00, 0x00, 0x5b, 0x00, // ......F.......[.
	0x00, 0x00, 0x9a, 0x00, 0x04, 0x00, 0x13, 0x00, 0x00, 0x00, 0x9e, 0x01, 0x00, 0x00, 0x46, 0x02, // ..............F.
	0x00, 0x00, 0xa8, 0x00, 0x04, 0x00, 0x13, 0x00, 0x00, 0x00, 0x9f, 0x01, 0x00, 0x00, 0x9e, 0x01, // ................
	0x00, 0x00, 0xf7, 0x00, 0x03, 0x00, 0xb0, 0x01, 0x00, 0x00, 0x00, 0x00, 0x00, 0x00, 0xfa, 0x00, // ................
	0x04, 0x00, 0x9f, 0x01, 0x00, 0x00, 0xa0, 0x01, 0x00, 0x00, 0xb0, 0x01, 0x00, 0x00, 0xf8, 0x00, // ................
	0x02, 0x00, 0xa0, 0x01, 0x00, 0x00, 0x56, 0x00, 0x05, 0x00, 0x42, 0x00, 0x00, 0x00, 0x4d, 0x02, // ......V...B...M.
	0x00, 0x00, 0x37, 0x00, 0x00, 0x00, 0x34, 0x00, 0x00, 0x00, 0x57, 0x00, 0x05, 0x00, 0x0d, 0x00, // ..7...4...W.....
	0x00, 0x00, 0x4f, 0x02, 0x00, 0x00, 0x4d, 0x02, 0x00, 0x00, 0x9c, 0x01, 0x00, 0x00, 0x51, 0x00, // ..O...M.......Q.
	0x05, 0x00, 0x07, 0x00, 0x00, 0x00, 0xa8, 0x01, 0x00, 0x00, 0x4f, 0x02, 0x00, 0x00, 0x03, 0x00, // ..........O.....
	0x00, 0x00, 0x51, 0x00, 0x05, 0x00, 0x07, 0x00, 0x00, 0x00, 0xaa, 0x01, 0x00, 0x00, 0x3a, 0x01, // ..Q...........:.
	0x00, 0x00, 0x03, 0x00, 0x00, 0x00, 0x85, 0x00, 0x05, 0x00, 0x07, 0x00, 0x00, 0x00, 0xab, 0x01, // ................
	0x00, 0x00, 0xa8, 0x01, 0x00, 0x00, 0xaa, 0x01, 0x00, 0x00, 0x51, 0x00, 0x05, 0x00, 0x07, 0x00, // ..........Q.....
	0x00, 0x00, 0xac, 0x01, 0x00, 0x00, 0x4f, 0x02, 0x00, 0x00, 0x00, 0x00, 0x00, 0x00, 0x51, 0x00, // ......O.......Q.
	0x05, 0x00, 0x07, 0x00, 0x00, 0x00, 0xad, 0x01, 0x00, 0x00, 0x4f, 0x02, 0x00, 0x00, 0x01, 0x00, // ..........O.....
	0x00, 0x00, 0x51, 0x00, 0x05, 0x00, 0x07, 0x00, 0x00, 0x00, 0xae, 0x01, 0x00, 0x00, 0x4f, 0x02, // ..Q...........O.
	0x00, 0x00, 0x02, 0x00, 0x00, 0x00, 0x50, 0x00, 0x07, 0x00, 0x0d, 0x00, 0x00, 0x00, 0xaf, 0x01, // ......P.........
	0x00, 0x00, 0xac, 0x01, 0x00, 0x00, 0xad, 0x01, 0x00, 0x00, 0xae, 0x01, 0x00, 0x00, 0xab, 0x01, // ................
	0x00, 0x00, 0xf9, 0x00, 0x02, 0x00, 0x3c, 0x02, 0x00, 0x00, 0xf8, 0x00, 0x02, 0x00, 0xb0, 0x01, // ......<.........
	0x00, 0x00, 0x4f, 0x00, 0x08, 0x00, 0x0b, 0x00, 0x00, 0x00, 0xb2, 0x01, 0x00, 0x00, 0x46, 0x01, // ..O...........F.
	0x00, 0x00, 0x46, 0x01, 0x00, 0x00, 0x00, 0x00, 0x00, 0x00, 0x01, 0x00, 0x00, 0x00, 0x02, 0x00, // ..F.............
	0x00, 0x00, 0xb4, 0x00, 0x05, 0x00, 0x14, 0x00, 0x00, 0x00, 0x54, 0x02, 0x00, 0x00, 0xb2, 0x01, // ..........T.....
	0x00, 0x00, 0x5b, 0x00, 0x00, 0x00, 0x9a, 0x00, 0x04, 0x00, 0x13, 0x00, 0x00, 0x00, 0xb4, 0x01, // ..[.............
	0x00, 0x00, 0x54, 0x02, 0x00, 0x00, 0xa8, 0x00, 0x04, 0x00, 0x13, 0x00, 0x00, 0x00, 0xb5, 0x01, // ..T.............
	0x00, 0x00, 0xb4, 0x01, 0x00, 0x00, 0xf7, 0x00, 0x03, 0x00, 0xf6, 0x01, 0x00, 0x00, 0x00, 0x00, // ................
	0x00, 0x00, 0xfa, 0x00, 0x04, 0x00, 0xb5, 0x01, 0x00, 0x00, 0xb6, 0x01, 0x00, 0x00, 0xf6, 0x01, // ................
	0x00, 0x00, 0xf8, 0x00, 0x02, 0x00, 0xb6, 0x01, 0x00, 0x00, 0x56, 0x00, 0x05, 0x00, 0x42, 0x00, // ..........V...B.
	0x00, 0x00, 0x5b, 0x02, 0x00, 0x00, 0x37, 0x00, 0x00, 0x00, 0x34, 0x00, 0x00, 0x00, 0x57, 0x00, // ..[...7...4...W.
	0x05, 0x00, 0x0d, 0x00, 0x00, 0x00, 0x5d, 0x02, 0x00, 0x00, 0x5b, 0x02, 0x00, 0x00, 0xb2, 0x01, // ......]...[.....
	0x00, 0x00, 0x51, 0x00, 0x05, 0x00, 0x07, 0x00, 0x00, 0x00, 0xbd, 0x01, 0x00, 0x00, 0x46, 0x01, // ..Q...........F.
	0x00, 0x00, 0x03, 0x00, 0x00, 0x00, 0x85, 0x00, 0x05, 0x00, 0x07, 0x00, 0x00, 0x00, 0xbe, 0x01, // ................
	0x00, 0x00, 0xbd, 0x01, 0x00, 0x00, 0x90, 0x00, 0x00, 0x00, 0x81, 0x00, 0x05, 0x00, 0x07, 0x00, // ................
	0x00, 0x00, 0xbf, 0x01, 0x00, 0x00, 0xbe, 0x01, 0x00, 0x00, 0x92, 0x00, 0x00, 0x00, 0x6e, 0x00, // ..............n.
	0x04, 0x00, 0x39, 0x00, 0x00, 0x00, 0xc0, 0x01, 0x00, 0x00, 0xbf, 0x01, 0x00, 0x00, 0x51, 0x00, // ..9...........Q.
	0x05, 0x00, 0x07, 0x00, 0x00, 0x00, 0xc2, 0x01, 0x00, 0x00, 0x5d, 0x02, 0x00, 0x00, 0x02, 0x00, // ..........].....
	0x00, 0x00, 0x41, 0x00, 0x05, 0x00, 0x20, 0x00, 0x00, 0x00, 0xc3, 0x01, 0x00, 0x00, 0x82, 0x01, // ..A... .........
	0x00, 0x00, 0x3e, 0x00, 0x00, 0x00, 0x3e, 0x00, 0x03, 0x00, 0xc3, 0x01, 0x00, 0x00, 0xc2, 0x01, // ..>...>.........
	0x00, 0x00, 0x51, 0x00, 0x05, 0x00, 0x07, 0x00, 0x00, 0x00, 0xc5, 0x01, 0x00, 0x00, 0x5d, 0x02, // ..Q...........].
	0x00, 0x00, 0x01, 0x00, 0x00, 0x00, 0x41, 0x00, 0x05, 0x00, 0x20, 0x00, 0x00, 0x00, 0xc6, 0x01, // ......A... .....
	0x00, 0x00, 0x82, 0x01, 0x00, 0x00, 0x3a, 0x00, 0x00, 0x00, 0x3e, 0x00, 0x03, 0x00, 0xc6, 0x01, // ......:...>.....
	0x00, 0x00, 0xc5, 0x01, 0x00, 0x00, 0x51, 0x00, 0x05, 0x00, 0x07, 0x00, 0x00, 0x00, 0xc8, 0x01, // ......Q.........
	0x00, 0x00, 0x5d, 0x02, 0x00, 0x00, 0x00, 0x00, 0x00, 0x00, 0x41, 0x00, 0x05, 0x00, 0x20, 0x00, // ..].......A... .
	0x00, 0x00, 0xc9, 0x01, 0x00, 0x00, 0x82, 0x01, 0x00, 0x00, 0xa1, 0x00, 0x00, 0x00, 0x3e, 0x00, // ..............>.
	0x03, 0x00, 0xc9, 0x01, 0x00, 0x00, 0xc8, 0x01, 0x00, 0x00, 0x51, 0x00, 0x05, 0x00, 0x07, 0x00, // ..........Q.....
	0x00, 0x00, 0xcb, 0x01, 0x00, 0x00, 0x5d, 0x02, 0x00, 0x00, 0x03, 0x00, 0x00, 0x00, 0x41, 0x00, // ......].......A.
	0x05, 0x00, 0x20, 0x00, 0x00, 0x00, 0xcc, 0x01, 0x00, 0x00, 0x82, 0x01, 0x00, 0x00, 0xa6, 0x00, // .. .............
	0x00, 0x00, 0x3e, 0x00, 0x03, 0x00, 0xcc, 0x01, 0x00, 0x00, 0xcb, 0x01, 0x00, 0x00, 0x41, 0x00, // ..>...........A.
	0x05, 0x00, 0x20, 0x00, 0x00, 0x00, 0xce, 0x01, 0x00, 0x00, 0x82, 0x01, 0x00, 0x00, 0xc0, 0x01, // .. .............
	0x00, 0x00, 0x3d, 0x00, 0x04, 0x00, 0x07, 0x00, 0x00, 0x00, 0xcf, 0x01, 0x00, 0x00, 0xce, 0x01, // ..=.............
	0x00, 0x00, 0xd1, 0x00, 0x04, 0x00, 0x0b, 0x00, 0x00, 0x00, 0xd2, 0x01, 0x00, 0x00, 0xb2, 0x01, // ................
	0x00, 0x00, 0x0c, 0x00, 0x06, 0x00, 0x07, 0x00, 0x00, 0x00, 0xd3, 0x01, 0x00, 0x00, 0x01, 0x00, // ................
	0x00, 0x00, 0x42, 0x00, 0x00, 0x00, 0xd2, 0x01, 0x00, 0x00, 0x85, 0x00, 0x05, 0x00, 0x07, 0x00, // ..B.............
	0x00, 0x00, 0xd5, 0x01, 0x00, 0x00, 0xd3, 0x01, 0x00, 0x00, 0x89, 0x02, 0x00, 0x00, 0x41, 0x00, // ..............A.
	0x06, 0x00, 0xba, 0x00, 0x00, 0x00, 0xd6, 0x01, 0x00, 0x00, 0xb9, 0x00, 0x00, 0x00, 0x3e, 0x00, // ..............>.
	0x00, 0x00, 0x9d, 0x00, 0x00, 0x00, 0x3d, 0x00, 0x04, 0x00, 0x07, 0x00, 0x00, 0x00, 0xd7, 0x01, // ......=.........
	0x00, 0x00, 0xd6, 0x01, 0x00, 0x00, 0x85, 0x00, 0x05, 0x00, 0x07, 0x00, 0x00, 0x00, 0xd8, 0x01, // ................
	0x00, 0x00, 0xd5, 0x01, 0x00, 0x00, 0xd7, 0x01, 0x00, 0x00, 0x41, 0x00, 0x06, 0x00, 0xba, 0x00, // ..........A.....
	0x00, 0x00, 0xd9, 0x01, 0x00, 0x00, 0xb9, 0x00, 0x00, 0x00, 0x3e, 0x00, 0x00, 0x00, 0x6f, 0x00, // ..........>...o.
	0x00, 0x00, 0x3d, 0x00, 0x04, 0x00, 0x07, 0x00, 0x00, 0x00, 0xda, 0x01, 0x00, 0x00, 0xd9, 0x01, // ..=.............
	0x00, 0x00, 0x85, 0x00, 0x05, 0x00, 0x07, 0x00, 0x00, 0x00, 0xdc, 0x01, 0x00, 0x00, 0xda, 0x01, // ................
	0x00, 0x00, 0xd8, 0x01, 0x00, 0x00, 0x83, 0x00, 0x05, 0x00, 0x07, 0x00, 0x00, 0x00, 0xde, 0x01, // ................
	0x00, 0x00, 0x92, 0x00, 0x00, 0x00, 0xdc, 0x01, 0x00, 0x00, 0x41, 0x00, 0x06, 0x00, 0xba, 0x00, // ..........A.....
	0x00, 0x00, 0xe0, 0x01, 0x00, 0x00, 0xb9, 0x00, 0x00, 0x00, 0x3e, 0x00, 0x00, 0x00, 0x99, 0x00, // ..........>.....
	0x00, 0x00, 0x3d, 0x00, 0x04, 0x00, 0x07, 0x00, 0x00, 0x00, 0xe1, 0x01, 0x00, 0x00, 0xe0, 0x01, // ..=.............
	0x00, 0x00, 0x85, 0x00, 0x05, 0x00, 0x07, 0x00, 0x00, 0x00, 0xe2, 0x01, 0x00, 0x00, 0xd8, 0x01, // ................
	0x00, 0x00, 0xe1, 0x01, 0x00, 0x00, 0x83, 0x00, 0x05, 0x00, 0x07, 0x00, 0x00, 0x00, 0xe5, 0x01, // ................
	0x00, 0x00, 0xde, 0x01, 0x00, 0x00, 0xe2, 0x01, 0x00, 0x00, 0x81, 0x00, 0x05, 0x00, 0x07, 0x00, // ................
	0x00, 0x00, 0xe8, 0x01, 0x00, 0x00, 0xde, 0x01, 0x00, 0x00, 0xe2, 0x01, 0x00, 0x00, 0x0c, 0x00, // ................
	0x08, 0x00, 0x07, 0x00, 0x00, 0x00, 0xea, 0x01, 0x00, 0x00, 0x01, 0x00, 0x00, 0x00, 0x31, 0x00, // ..............1.
	0x00, 0x00, 0xe5, 0x01, 0x00, 0x00, 0xe8, 0x01, 0x00, 0x00, 0xcf, 0x01, 0x00, 0x00, 0x51, 0x00, // ..............Q.
	0x05, 0x00, 0x07, 0x00, 0x00, 0x00, 0xef, 0x01, 0x00, 0x00, 0x3a, 0x01, 0x00, 0x00, 0x03, 0x00, // ..........:.....
	0x00, 0x00, 0x85, 0x00, 0x05, 0x00, 0x07, 0x00, 0x00, 0x00, 0xf0, 0x01, 0x00, 0x00, 0xea, 0x01, // ................
	0x00, 0x00, 0xef, 0x01, 0x00, 0x00, 0x51, 0x00, 0x05, 0x00, 0x07, 0x00, 0x00, 0x00, 0xf1, 0x01, // ......Q.........
	0x00, 0x00, 0x3a, 0x01, 0x00, 0x00, 0x00, 0x00, 0x00, 0x00, 0x51, 0x00, 0x05, 0x00, 0x07, 0x00, // ..:.......Q.....
	0x00, 0x00, 0xf2, 0x01, 0x00, 0x00, 0x3a, 0x01, 0x00, 0x00, 0x01, 0x00, 0x00, 0x00, 0x51, 0x00, // ......:.......Q.
	0x05, 0x00, 0x07, 0x00, 0x00, 0x00, 0xf3, 0x01, 0x00, 0x00, 0x3a, 0x01, 0x00, 0x00, 0x02, 0x00, // ..........:.....
	0x00, 0x00, 0x50, 0x00, 0x07, 0x00, 0x0d, 0x00, 0x00, 0x00, 0xf4, 0x01, 0x00, 0x00, 0xf1, 0x01, // ..P.............
	0x00, 0x00, 0xf2, 0x01, 0x00, 0x00, 0xf3, 0x01, 0x00, 0x00, 0xf0, 0x01, 0x00, 0x00, 0xf9, 0x00, // ................
	0x02, 0x00, 0x3c, 0x02, 0x00, 0x00, 0xf8, 0x00, 0x02, 0x00, 0xf6, 0x01, 0x00, 0x00, 0x4f, 0x00, // ..<...........O.
	0x08, 0x00, 0x0b, 0x00, 0x00, 0x00, 0xf9, 0x01, 0x00, 0x00, 0x40, 0x01, 0x00, 0x00, 0x40, 0x01, // ..........@...@.
	0x00, 0x00, 0x00, 0x00, 0x00, 0x00, 0x01, 0x00, 0x00, 0x00, 0x02, 0x00, 0x00, 0x00, 0x56, 0x00, // ..............V.
	0x05, 0x00, 0x42, 0x00, 0x00, 0x00, 0x64, 0x02, 0x00, 0x00, 0x37, 0x00, 0x00, 0x00, 0x34, 0x00, // ..B...d...7...4.
	0x00, 0x00, 0x57, 0x00, 0x05, 0x00, 0x0d, 0x00, 0x00, 0x00, 0x66, 0x02, 0x00, 0x00, 0x64, 0x02, // ..W.......f...d.
	0x00, 0x00, 0xf9, 0x01, 0x00, 0x00, 0x51, 0x00, 0x05, 0x00, 0x07, 0x00, 0x00, 0x00, 0xfc, 0x01, // ......Q.........
	0x00, 0x00, 0x40, 0x01, 0x00, 0x00, 0x03, 0x00, 0x00, 0x00, 0x85, 0x00, 0x05, 0x00, 0x07, 0x00, // ..@.............
	0x00, 0x00, 0xfd, 0x01, 0x00, 0x00, 0xfc, 0x01, 0x00, 0x00, 0x90, 0x00, 0x00, 0x00, 0x81, 0x00, // ................
	0x05, 0x00, 0x07, 0x00, 0x00, 0x00, 0xfe, 0x01, 0x00, 0x00, 0xfd, 0x01, 0x00, 0x00, 0x92, 0x00, // ................
	0x00, 0x00, 0x6e, 0x00, 0x04, 0x00, 0x39, 0x00, 0x00, 0x00, 0xff, 0x01, 0x00, 0x00, 0xfe, 0x01, // ..n...9.........
	0x00, 0x00, 0x51, 0x00, 0x05, 0x00, 0x07, 0x00, 0x00, 0x00, 0x01, 0x02, 0x00, 0x00, 0x66, 0x02, // ..Q...........f.
	0x00, 0x00, 0x02, 0x00, 0x00, 0x00, 0x41, 0x00, 0x05, 0x00, 0x20, 0x00, 0x00, 0x00, 0x02, 0x02, // ......A... .....
	0x00, 0x00, 0x8d, 0x01, 0x00, 0x00, 0x3e, 0x00, 0x00, 0x00, 0x3e, 0x00, 0x03, 0x00, 0x02, 0x02, // ......>...>.....
	0x00, 0x00, 0x01, 0x02, 0x00, 0x00, 0x51, 0x00, 0x05, 0x00, 0x07, 0x00, 0x00, 0x00, 0x04, 0x02, // ......Q.........
	0x00, 0x00, 0x66, 0x02, 0x00, 0x00, 0x01, 0x00, 0x00, 0x00, 0x41, 0x00, 0x05, 0x00, 0x20, 0x00, // ..f.......A... .
	0x00, 0x00, 0x05, 0x02, 0x00, 0x00, 0x8d, 0x01, 0x00, 0x00, 0x3a, 0x00, 0x00, 0x00, 0x3e, 0x00, // ..........:...>.
	0x03, 0x00, 0x05, 0x02, 0x00, 0x00, 0x04, 0x02, 0x00, 0x00, 0x51, 0x00, 0x05, 0x00, 0x07, 0x00, // ..........Q.....
	0x00, 0x00, 0x07, 0x02, 0x00, 0x00, 0x66, 0x02, 0x00, 0x00, 0x00, 0x00, 0x00, 0x00, 0x41, 0x00, // ......f.......A.
	0x05, 0x00, 0x20, 0x00, 0x00, 0x00, 0x08, 0x02, 0x00, 0x00, 0x8d, 0x01, 0x00, 0x00, 0xa1, 0x00, // .. .............
	0x00, 0x00, 0x3e, 0x00, 0x03, 0x00, 0x08, 0x02, 0x00, 0x00, 0x07, 0x02, 0x00, 0x00, 0x51, 0x00, // ..>...........Q.
	0x05, 0x00, 0x07, 0x00, 0x00, 0x00, 0x0a, 0x02, 0x00, 0x00, 0x66, 0x02, 0x00, 0x00, 0x03, 0x00, // ..........f.....
	0x00, 0x00, 0x41, 0x00, 0x05, 0x00, 0x20, 0x00, 0x00, 0x00, 0x0b, 0x02, 0x00, 0x00, 0x8d, 0x01, // ..A... .........
	0x00, 0x00, 0xa6, 0x00, 0x00, 0x00, 0x3e, 0x00, 0x03, 0x00, 0x0b, 0x02, 0x00, 0x00, 0x0a, 0x02, // ......>.........
	0x00, 0x00, 0x41, 0x00, 0x05, 0x00, 0x20, 0x00, 0x00, 0x00, 0x0d, 0x02, 0x00, 0x00, 0x8d, 0x01, // ..A... .........
	0x00, 0x00, 0xff, 0x01, 0x00, 0x00, 0x3d, 0x00, 0x04, 0x00, 0x07, 0x00, 0x00, 0x00, 0x0e, 0x02, // ......=.........
	0x00, 0x00, 0x0d, 0x02, 0x00, 0x00, 0xd1, 0x00, 0x04, 0x00, 0x0b, 0x00, 0x00, 0x00, 0x11, 0x02, // ................
	0x00, 0x00, 0xf9, 0x01, 0x00, 0x00, 0x0c, 0x00, 0x06, 0x00, 0x07, 0x00, 0x00, 0x00, 0x12, 0x02, // ................
	0x00, 0x00, 0x01, 0x00, 0x00, 0x00, 0x42, 0x00, 0x00, 0x00, 0x11, 0x02, 0x00, 0x00, 0x85, 0x00, // ......B.........
	0x05, 0x00, 0x07, 0x00, 0x00, 0x00, 0x14, 0x02, 0x00, 0x00, 0x12, 0x02, 0x00, 0x00, 0x89, 0x02, // ................
	0x00, 0x00, 0x41, 0x00, 0x06, 0x00, 0xba, 0x00, 0x00, 0x00, 0x15, 0x02, 0x00, 0x00, 0xb9, 0x00, // ..A.............
	0x00, 0x00, 0x3e, 0x00, 0x00, 0x00, 0x9d, 0x00, 0x00, 0x00, 0x3d, 0x00, 0x04, 0x00, 0x07, 0x00, // ..>.......=.....
	0x00, 0x00, 0x16, 0x02, 0x00, 0x00, 0x15, 0x02, 0x00, 0x00, 0x85, 0x00, 0x05, 0x00, 0x07, 0x00, // ................
	0x00, 0x00, 0x17, 0x02, 0x00, 0x00, 0x14, 0x02, 0x00, 0x00, 0x16, 0x02, 0x00, 0x00, 0x41, 0x00, // ..............A.
	0x06, 0x00, 0xba, 0x00, 0x00, 0x00, 0x18, 0x02, 0x00, 0x00, 0xb9, 0x00, 0x00, 0x00, 0x3e, 0x00, // ..............>.
	0x00, 0x00, 0x6f, 0x00, 0x00, 0x00, 0x3d, 0x00, 0x04, 0x00, 0x07, 0x00, 0x00, 0x00, 0x19, 0x02, // ..o...=.........
	0x00, 0x00, 0x18, 0x02, 0x00, 0x00, 0x85, 0x00, 0x05, 0x00, 0x07, 0x00, 0x00, 0x00, 0x1b, 0x02, // ................
	0x00, 0x00, 0x19, 0x02, 0x00, 0x00, 0x17, 0x02, 0x00, 0x00, 0x83, 0x00, 0x05, 0x00, 0x07, 0x00, // ................
	0x00, 0x00, 0x1d, 0x02, 0x00, 0x00, 0x92, 0x00, 0x00, 0x00, 0x1b, 0x02, 0x00, 0x00, 0x83, 0x00, // ................
	0x05, 0x00, 0x07, 0x00, 0x00, 0x00, 0x20, 0x02, 0x00, 0x00, 0x1d, 0x02, 0x00, 0x00, 0x17, 0x02, // ...... .........
	0x00, 0x00, 0x81, 0x00, 0x05, 0x00, 0x07, 0x00, 0x00, 0x00, 0x23, 0x02, 0x00, 0x00, 0x1d, 0x02, // ..........#.....
	0x00, 0x00, 0x17, 0x02, 0x00, 0x00, 0x0c, 0x00, 0x08, 0x00, 0x07, 0x00, 0x00, 0x00, 0x25, 0x02, // ..............%.
	0x00, 0x00, 0x01, 0x00, 0x00, 0x00, 0x31, 0x00, 0x00, 0x00, 0x20, 0x02, 0x00, 0x00, 0x23, 0x02, // ......1... ...#.
	0x00, 0x00, 0x0e, 0x02, 0x00, 0x00, 0x83, 0x00, 0x05, 0x00, 0x07, 0x00, 0x00, 0x00, 0x27, 0x02, // ..............'.
	0x00, 0x00, 0x92, 0x00, 0x00, 0x00, 0x17, 0x02, 0x00, 0x00, 0x81, 0x00, 0x05, 0x00, 0x07, 0x00, // ................
	0x00, 0x00, 0x29, 0x02, 0x00, 0x00, 0x92, 0x00, 0x00, 0x00, 0x17, 0x02, 0x00, 0x00, 0x0c, 0x00, // ..).............
	0x08, 0x00, 0x07, 0x00, 0x00, 0x00, 0x2b, 0x02, 0x00, 0x00, 0x01, 0x00, 0x00, 0x00, 0x31, 0x00, // ......+.......1.
	0x00, 0x00, 0x27, 0x02, 0x00, 0x00, 0x29, 0x02, 0x00, 0x00, 0x0e, 0x02, 0x00, 0x00, 0x50, 0x00, // ..'...).......P.
	0x06, 0x00, 0x0b, 0x00, 0x00, 0x00, 0x2d, 0x02, 0x00, 0x00, 0x2b, 0x02, 0x00, 0x00, 0x2b, 0x02, // ......-...+...+.
	0x00, 0x00, 0x2b, 0x02, 0x00, 0x00, 0x4f, 0x00, 0x08, 0x00, 0x0b, 0x00, 0x00, 0x00, 0x2f, 0x02, // ..+...O......./.
	0x00, 0x00, 0x3d, 0x01, 0x00, 0x00, 0x3d, 0x01, 0x00, 0x00, 0x00, 0x00, 0x00, 0x00, 0x01, 0x00, // ..=...=.........
	0x00, 0x00, 0x02, 0x00, 0x00, 0x00, 0x4f, 0x00, 0x08, 0x00, 0x0b, 0x00, 0x00, 0x00, 0x31, 0x02, // ......O.......1.
	0x00, 0x00, 0x3a, 0x01, 0x00, 0x00, 0x3a, 0x01, 0x00, 0x00, 0x00, 0x00, 0x00, 0x00, 0x01, 0x00, // ..:...:.........
	0x00, 0x00, 0x02, 0x00, 0x00, 0x00, 0x0c, 0x00, 0x08, 0x00, 0x0b, 0x00, 0x00, 0x00, 0x6c, 0x02, // ..............l.
	0x00, 0x00, 0x01, 0x00, 0x00, 0x00, 0x2e, 0x00, 0x00, 0x00, 0x2f, 0x02, 0x00, 0x00, 0x31, 0x02, // ........../...1.
	0x00, 0x00, 0x2d, 0x02, 0x00, 0x00, 0x51, 0x00, 0x05, 0x00, 0x07, 0x00, 0x00, 0x00, 0x35, 0x02, // ..-...Q.......5.
	0x00, 0x00, 0x3a, 0x01, 0x00, 0x00, 0x03, 0x00, 0x00, 0x00, 0x85, 0x00, 0x05, 0x00, 0x07, 0x00, // ..:.............
	0x00, 0x00, 0x36, 0x02, 0x00, 0x00, 0x25, 0x02, 0x00, 0x00, 0x35, 0x02, 0x00, 0x00, 0x51, 0x00, // ..6...%...5...Q.
	0x05, 0x00, 0x07, 0x00, 0x00, 0x00, 0x37, 0x02, 0x00, 0x00, 0x6c, 0x02, 0x00, 0x00, 0x00, 0x00, // ......7...l.....
	0x00, 0x00, 0x51, 0x00, 0x05, 0x00, 0x07, 0x00, 0x00, 0x00, 0x38, 0x02, 0x00, 0x00, 0x6c, 0x02, // ..Q.......8...l.
	0x00, 0x00, 0x01, 0x00, 0x00, 0x00, 0x51, 0x00, 0x05, 0x00, 0x07, 0x00, 0x00, 0x00, 0x39, 0x02, // ......Q.......9.
	0x00, 0x00, 0x6c, 0x02, 0x00, 0x00, 0x02, 0x00, 0x00, 0x00, 0x50, 0x00, 0x07, 0x00, 0x0d, 0x00, // ..l.......P.....
	0x00, 0x00, 0x3a, 0x02, 0x00, 0x00, 0x37, 0x02, 0x00, 0x00, 0x38, 0x02, 0x00, 0x00, 0x39, 0x02, // ..:...7...8...9.
	0x00, 0x00, 0x36, 0x02, 0x00, 0x00, 0xf9, 0x00, 0x02, 0x00, 0x3c, 0x02, 0x00, 0x00, 0xf8, 0x00, // ..6.......<.....
	0x02, 0x00, 0x3c, 0x02, 0x00, 0x00, 0xf5, 0x00, 0x09, 0x00, 0x0d, 0x00, 0x00, 0x00, 0x8a, 0x02, // ..<.............
	0x00, 0x00, 0xaf, 0x01, 0x00, 0x00, 0xa0, 0x01, 0x00, 0x00, 0xf4, 0x01, 0x00, 0x00, 0xb6, 0x01, // ................
	0x00, 0x00, 0x3a, 0x02, 0x00, 0x00, 0xf6, 0x01, 0x00, 0x00, 0x3e, 0x00, 0x03, 0x00, 0x58, 0x01, // ..:.......>...X.
	0x00, 0x00, 0x8a, 0x02, 0x00, 0x00, 0xfd, 0x00, 0x01, 0x00, 0x38, 0x00, 0x01, 0x00, 0x00, 0x00, // ..........8.....
	0x10, 0x00,                                                                                     // ..
};
static const uint8_t fs_font_distance_field_outline_drop_shadow_image_wgsl[2587] =
{
	0x46, 0x53, 0x48, 0x0b, 0x9e, 0x67, 0x7a, 0xc3, 0x00, 0x00, 0x00, 0x00, 0x02, 0x00, 0x08, 0x75, // FSH..gz........u
	0x5f, 0x70, 0x61, 0x72, 0x61, 0x6d, 0x73, 0x12, 0x01, 0x00, 0x00, 0x01, 0x00, 0x00, 0x00, 0x00, // _params.........
	0x00, 0x0a, 0x73, 0x5f, 0x74, 0x65, 0x78, 0x43, 0x6f, 0x6c, 0x6f, 0x72, 0x30, 0x00, 0x02, 0x00, // ..s_texColor0...
	0x00, 0x00, 0x00, 0x04, 0x29, 0x00, 0xdb, 0x09, 0x00, 0x00, 0x64, 0x69, 0x61, 0x67, 0x6e, 0x6f, // ....).....diagno
	0x73, 0x74, 0x69, 0x63, 0x28, 0x6f, 0x66, 0x66, 0x2c, 0x20, 0x64, 0x65, 0x72, 0x69, 0x76, 0x61, // stic(off, deriva
	0x74, 0x69, 0x76, 0x65, 0x5f, 0x75, 0x6e, 0x69, 0x66, 0x6f, 0x72, 0x6d, 0x69, 0x74, 0x79, 0x29, // tive_uniformity)
	0x3b, 0x0a, 0x64, 0x69, 0x61, 0x67, 0x6e, 0x6f, 0x73, 0x74, 0x69, 0x63, 0x28, 0x6f, 0x66, 0x66, // ;.diagnostic(off
	0x2c, 0x20, 0x73, 0x75, 0x62, 0x67, 0x72, 0x6f, 0x75, 0x70, 0x5f, 0x75, 0x6e, 0x69, 0x66, 0x6f, // , subgroup_unifo
	0x72, 0x6d, 0x69, 0x74, 0x79, 0x29, 0x3b, 0x0a, 0x0a, 0x40, 0x67, 0x72, 0x6f, 0x75, 0x70, 0x28, // rmity);..@group(
	0x30, 0x75, 0x29, 0x20, 0x40, 0x62, 0x69, 0x6e, 0x64, 0x69, 0x6e, 0x67, 0x28, 0x31, 0x38, 0x75, // 0u) @binding(18u
	0x29, 0x20, 0x76, 0x61, 0x72, 0x20, 0x73, 0x5f, 0x74, 0x65, 0x78, 0x43, 0x6f, 0x6c, 0x6f, 0x72, // ) var s_texColor
	0x53, 0x61, 0x6d, 0x70, 0x6c, 0x65, 0x72, 0x20, 0x3a, 0x20, 0x73, 0x61, 0x6d, 0x70, 0x6c, 0x65, // Sampler : sample
	0x72, 0x3b, 0x0a, 0x0a, 0x40, 0x67, 0x72, 0x6f, 0x75, 0x70, 0x28, 0x30, 0x75, 0x29, 0x20, 0x40, // r;..@group(0u) @
	0x62, 0x69, 0x6e, 0x64, 0x69, 0x6e, 0x67, 0x28, 0x32, 0x75, 0x29, 0x20, 0x76, 0x61, 0x72, 0x20, // binding(2u) var 
	0x73, 0x5f, 0x74, 0x65, 0x78, 0x43, 0x6f, 0x6c, 0x6f, 0x72, 0x54, 0x65, 0x78, 0x74, 0x75, 0x72, // s_texColorTextur
	0x65, 0x20, 0x3a, 0x20, 0x74, 0x65, 0x78, 0x74, 0x75, 0x72, 0x65, 0x5f, 0x63, 0x75, 0x62, 0x65, // e : texture_cube
	0x3c, 0x66, 0x33, 0x32, 0x3e, 0x3b, 0x0a, 0x0a, 0x73, 0x74, 0x72, 0x75, 0x63, 0x74, 0x20, 0x55, // <f32>;..struct U
	0x6e, 0x69, 0x66, 0x6f, 0x72, 0x6d, 0x42, 0x6c, 0x6f, 0x63, 0x6b, 0x20, 0x7b, 0x0a, 0x20, 0x20, // niformBlock {.  
	0x75, 0x5f, 0x70, 0x61, 0x72, 0x61, 0x6d, 0x73, 0x20, 0x3a, 0x20, 0x76, 0x65, 0x63, 0x34, 0x3c, // u_params : vec4<
	0x66, 0x33, 0x32, 0x3e, 0x2c, 0x0a, 0x7d, 0x0a, 0x0a, 0x40, 0x67, 0x72, 0x6f, 0x75, 0x70, 0x28, // f32>,.}..@group(
	0x30, 0x75, 0x29, 0x20, 0x40, 0x62, 0x69, 0x6e, 0x64, 0x69, 0x6e, 0x67, 0x28, 0x31, 0x75, 0x29, // 0u) @binding(1u)
	0x20, 0x76, 0x61, 0x72, 0x3c, 0x75, 0x6e, 0x69, 0x66, 0x6f, 0x72, 0x6d, 0x3e, 0x20, 0x76, 0x20, //  var<uniform> v 
	0x3a, 0x20, 0x55, 0x6e, 0x69, 0x66, 0x6f, 0x72, 0x6d, 0x42, 0x6c, 0x6f, 0x63, 0x6b, 0x3b, 0x0a, // : UniformBlock;.
	0x0a, 0x76, 0x61, 0x72, 0x3c, 0x70, 0x72, 0x69, 0x76, 0x61, 0x74, 0x65, 0x3e, 0x20, 0x62, 0x67, // .var<private> bg
	0x66, 0x78, 0x5f, 0x46, 0x72, 0x61, 0x67, 0x44, 0x61, 0x74, 0x61, 0x30, 0x20, 0x3a, 0x20, 0x76, // fx_FragData0 : v
	0x65, 0x63, 0x34, 0x3c, 0x66, 0x33, 0x32, 0x3e, 0x3b, 0x0a, 0x0a, 0x66, 0x6e, 0x20, 0x6d, 0x61, // ec4<f32>;..fn ma
	0x69, 0x6e, 0x5f, 0x69, 0x6e, 0x6e, 0x65, 0x72, 0x28, 0x76, 0x5f, 0x63, 0x6f, 0x6c, 0x6f, 0x72, // in_inner(v_color
	0x30, 0x20, 0x3a, 0x20, 0x76, 0x65, 0x63, 0x34, 0x3c, 0x66, 0x33, 0x32, 0x3e, 0x2c, 0x20, 0x76, // 0 : vec4<f32>, v
	0x5f, 0x63, 0x6f, 0x6c, 0x6f, 0x72, 0x31, 0x20, 0x3a, 0x20, 0x76, 0x65, 0x63, 0x34, 0x3c, 0x66, // _color1 : vec4<f
	0x33, 0x32, 0x3e, 0x2c, 0x20, 0x76, 0x5f, 0x74, 0x65, 0x78, 0x63, 0x6f, 0x6f, 0x72, 0x64, 0x30, // 32>, v_texcoord0
	0x20, 0x3a, 0x20, 0x76, 0x65, 0x63, 0x34, 0x3c, 0x66, 0x33, 0x32, 0x3e, 0x2c, 0x20, 0x76, 0x5f, //  : vec4<f32>, v_
	0x74, 0x65, 0x78, 0x63, 0x6f, 0x6f, 0x72, 0x64, 0x31, 0x20, 0x3a, 0x20, 0x76, 0x65, 0x63, 0x34, // texcoord1 : vec4
	0x3c, 0x66, 0x33, 0x32, 0x3e, 0x2c, 0x20, 0x76, 0x5f, 0x74, 0x65, 0x78, 0x63, 0x6f, 0x6f, 0x72, // <f32>, v_texcoor
	0x64, 0x32, 0x20, 0x3a, 0x20, 0x76, 0x65, 0x63, 0x34, 0x3c, 0x66, 0x33, 0x32, 0x3e, 0x29, 0x20, // d2 : vec4<f32>) 
	0x7b, 0x0a, 0x20, 0x20, 0x76, 0x61, 0x72, 0x20, 0x76, 0x5f, 0x31, 0x20, 0x3a, 0x20, 0x61, 0x72, // {.  var v_1 : ar
	0x72, 0x61, 0x79, 0x3c, 0x66, 0x33, 0x32, 0x2c, 0x20, 0x34, 0x75, 0x3e, 0x3b, 0x0a, 0x20, 0x20, // ray<f32, 4u>;.  
	0x76, 0x61, 0x72, 0x20, 0x76, 0x5f, 0x32, 0x20, 0x3a, 0x20, 0x61, 0x72, 0x72, 0x61, 0x79, 0x3c, // var v_2 : array<
	0x66, 0x33, 0x32, 0x2c, 0x20, 0x34, 0x75, 0x3e, 0x3b, 0x0a, 0x20, 0x20, 0x76, 0x61, 0x72, 0x20, // f32, 4u>;.  var 
	0x76, 0x5f, 0x33, 0x20, 0x3a, 0x20, 0x76, 0x65, 0x63, 0x34, 0x3c, 0x66, 0x33, 0x32, 0x3e, 0x3b, // v_3 : vec4<f32>;
	0x0a, 0x20, 0x20, 0x73, 0x77, 0x69, 0x74, 0x63, 0x68, 0x28, 0x30, 0x75, 0x29, 0x20, 0x7b, 0x0a, // .  switch(0u) {.
	0x20, 0x20, 0x20, 0x20, 0x64, 0x65, 0x66, 0x61, 0x75, 0x6c, 0x74, 0x3a, 0x20, 0x7b, 0x0a, 0x20, //     default: {. 
	0x20, 0x20, 0x20, 0x20, 0x20, 0x6c, 0x65, 0x74, 0x20, 0x76, 0x5f, 0x34, 0x20, 0x3d, 0x20, 0x76, //      let v_4 = v
	0x5f, 0x74, 0x65, 0x78, 0x63, 0x6f, 0x6f, 0x72, 0x64, 0x31, 0x2e, 0x78, 0x79, 0x7a, 0x3b, 0x0a, // _texcoord1.xyz;.
	0x20, 0x20, 0x20, 0x20, 0x20, 0x20, 0x69, 0x66, 0x20, 0x28, 0x21, 0x28, 0x61, 0x6e, 0x79, 0x28, //       if (!(any(
	0x28, 0x76, 0x5f, 0x34, 0x20, 0x3d, 0x3d, 0x20, 0x76, 0x65, 0x63, 0x33, 0x3c, 0x66, 0x33, 0x32, // (v_4 == vec3<f32
	0x3e, 0x28, 0x29, 0x29, 0x29, 0x29, 0x29, 0x20, 0x7b, 0x0a, 0x20, 0x20, 0x20, 0x20, 0x20, 0x20, // >())))) {.      
	0x20, 0x20, 0x6c, 0x65, 0x74, 0x20, 0x76, 0x5f, 0x35, 0x20, 0x3d, 0x20, 0x74, 0x65, 0x78, 0x74, //   let v_5 = text
	0x75, 0x72, 0x65, 0x53, 0x61, 0x6d, 0x70, 0x6c, 0x65, 0x28, 0x73, 0x5f, 0x74, 0x65, 0x78, 0x43, // ureSample(s_texC
	0x6f, 0x6c, 0x6f, 0x72, 0x54, 0x65, 0x78, 0x74, 0x75, 0x72, 0x65, 0x2c, 0x20, 0x73, 0x5f, 0x74, // olorTexture, s_t
	0x65, 0x78, 0x43, 0x6f, 0x6c, 0x6f, 0x72, 0x53, 0x61, 0x6d, 0x70, 0x6c, 0x65, 0x72, 0x2c, 0x20, // exColorSampler, 
	0x76, 0x5f, 0x34, 0x29, 0x3b, 0x0a, 0x20, 0x20, 0x20, 0x20, 0x20, 0x20, 0x20, 0x20, 0x76, 0x5f, // v_4);.        v_
	0x33, 0x20, 0x3d, 0x20, 0x76, 0x65, 0x63, 0x34, 0x3c, 0x66, 0x33, 0x32, 0x3e, 0x28, 0x76, 0x5f, // 3 = vec4<f32>(v_
	0x35, 0x2e, 0x78, 0x2c, 0x20, 0x76, 0x5f, 0x35, 0x2e, 0x79, 0x2c, 0x20, 0x76, 0x5f, 0x35, 0x2e, // 5.x, v_5.y, v_5.
	0x7a, 0x2c, 0x20, 0x28, 0x76, 0x5f, 0x35, 0x2e, 0x77, 0x20, 0x2a, 0x20, 0x76, 0x5f, 0x63, 0x6f, // z, (v_5.w * v_co
	0x6c, 0x6f, 0x72, 0x30, 0x2e, 0x77, 0x29, 0x29, 0x3b, 0x0a, 0x20, 0x20, 0x20, 0x20, 0x20, 0x20, // lor0.w));.      
	0x20, 0x20, 0x62, 0x72, 0x65, 0x61, 0x6b, 0x3b, 0x0a, 0x20, 0x20, 0x20, 0x20, 0x20, 0x20, 0x7d, //   break;.      }
	0x0a, 0x20, 0x20, 0x20, 0x20, 0x20, 0x20, 0x6c, 0x65, 0x74, 0x20, 0x76, 0x5f, 0x36, 0x20, 0x3d, // .      let v_6 =
	0x20, 0x76, 0x5f, 0x74, 0x65, 0x78, 0x63, 0x6f, 0x6f, 0x72, 0x64, 0x32, 0x2e, 0x78, 0x79, 0x7a, //  v_texcoord2.xyz
	0x3b, 0x0a, 0x20, 0x20, 0x20, 0x20, 0x20, 0x20, 0x69, 0x66, 0x20, 0x28, 0x21, 0x28, 0x61, 0x6e, // ;.      if (!(an
	0x79, 0x28, 0x28, 0x76, 0x5f, 0x36, 0x20, 0x3d, 0x3d, 0x20, 0x76, 0x65, 0x63, 0x33, 0x3c, 0x66, // y((v_6 == vec3<f
	0x33, 0x32, 0x3e, 0x28, 0x29, 0x29, 0x29, 0x29, 0x29, 0x20, 0x7b, 0x0a, 0x20, 0x20, 0x20, 0x20, // 32>())))) {.    
	0x20, 0x20, 0x20, 0x20, 0x6c, 0x65, 0x74, 0x20, 0x76, 0x5f, 0x37, 0x20, 0x3d, 0x20, 0x74, 0x65, //     let v_7 = te
	0x78, 0x74, 0x75, 0x72, 0x65, 0x53, 0x61, 0x6d, 0x70, 0x6c, 0x65, 0x28, 0x73, 0x5f, 0x74, 0x65, // xtureSample(s_te
	0x78, 0x43, 0x6f, 0x6c, 0x6f, 0x72, 0x54, 0x65, 0x78, 0x74, 0x75, 0x72, 0x65, 0x2c, 0x20, 0x73, // xColorTexture, s
	0x5f, 0x74, 0x65, 0x78, 0x43, 0x6f, 0x6c, 0x6f, 0x72, 0x53, 0x61, 0x6d, 0x70, 0x6c, 0x65, 0x72, // _texColorSampler
	0x2c, 0x20, 0x76, 0x5f, 0x36, 0x29, 0x3b, 0x0a, 0x20, 0x20, 0x20, 0x20, 0x20, 0x20, 0x20, 0x20, // , v_6);.        
	0x76, 0x5f, 0x31, 0x5b, 0x30, 0x69, 0x5d, 0x20, 0x3d, 0x20, 0x76, 0x5f, 0x37, 0x2e, 0x7a, 0x3b, // v_1[0i] = v_7.z;
	0x0a, 0x20, 0x20, 0x20, 0x20, 0x20, 0x20, 0x20, 0x20, 0x76, 0x5f, 0x31, 0x5b, 0x31, 0x69, 0x5d, // .        v_1[1i]
	0x20, 0x3d, 0x20, 0x76, 0x5f, 0x37, 0x2e, 0x79, 0x3b, 0x0a, 0x20, 0x20, 0x20, 0x20, 0x20, 0x20, //  = v_7.y;.      
	0x20, 0x20, 0x76, 0x5f, 0x31, 0x5b, 0x32, 0x69, 0x5d, 0x20, 0x3d, 0x20, 0x76, 0x5f, 0x37, 0x2e, //   v_1[2i] = v_7.
	0x78, 0x3b, 0x0a, 0x20, 0x20, 0x20, 0x20, 0x20, 0x20, 0x20, 0x20, 0x76, 0x5f, 0x31, 0x5b, 0x33, // x;.        v_1[3
	0x69, 0x5d, 0x20, 0x3d, 0x20, 0x76, 0x5f, 0x37, 0x2e, 0x77, 0x3b, 0x0a, 0x20, 0x20, 0x20, 0x20, // i] = v_7.w;.    
	0x20, 0x20, 0x20, 0x20, 0x6c, 0x65, 0x74, 0x20, 0x76, 0x5f, 0x38, 0x20, 0x3d, 0x20, 0x76, 0x5f, //     let v_8 = v_
	0x31, 0x5b, 0x69, 0x33, 0x32, 0x28, 0x28, 0x28, 0x76, 0x5f, 0x74, 0x65, 0x78, 0x63, 0x6f, 0x6f, // 1[i32(((v_texcoo
	0x72, 0x64, 0x32, 0x2e, 0x77, 0x20, 0x2a, 0x20, 0x34, 0x2e, 0x30, 0x66, 0x29, 0x20, 0x2b, 0x20, // rd2.w * 4.0f) + 
	0x30, 0x2e, 0x35, 0x66, 0x29, 0x29, 0x5d, 0x3b, 0x0a, 0x20, 0x20, 0x20, 0x20, 0x20, 0x20, 0x20, // 0.5f))];.       
	0x20, 0x6c, 0x65, 0x74, 0x20, 0x76, 0x5f, 0x39, 0x20, 0x3d, 0x20, 0x28, 0x28, 0x6c, 0x65, 0x6e, //  let v_9 = ((len
	0x67, 0x74, 0x68, 0x28, 0x66, 0x77, 0x69, 0x64, 0x74, 0x68, 0x28, 0x76, 0x5f, 0x36, 0x29, 0x29, // gth(fwidth(v_6))
	0x20, 0x2a, 0x20, 0x31, 0x31, 0x2e, 0x33, 0x31, 0x33, 0x37, 0x30, 0x38, 0x33, 0x30, 0x35, 0x33, //  * 11.3137083053
	0x35, 0x38, 0x38, 0x38, 0x36, 0x37, 0x31, 0x38, 0x37, 0x35, 0x66, 0x29, 0x20, 0x2a, 0x20, 0x76, // 5888671875f) * v
	0x2e, 0x75, 0x5f, 0x70, 0x61, 0x72, 0x61, 0x6d, 0x73, 0x2e, 0x79, 0x29, 0x3b, 0x0a, 0x20, 0x20, // .u_params.y);.  
	0x20, 0x20, 0x20, 0x20, 0x20, 0x20, 0x6c, 0x65, 0x74, 0x20, 0x76, 0x5f, 0x31, 0x30, 0x20, 0x3d, //       let v_10 =
	0x20, 0x28, 0x30, 0x2e, 0x35, 0x66, 0x20, 0x2d, 0x20, 0x28, 0x76, 0x2e, 0x75, 0x5f, 0x70, 0x61, //  (0.5f - (v.u_pa
	0x72, 0x61, 0x6d, 0x73, 0x2e, 0x77, 0x20, 0x2a, 0x20, 0x76, 0x5f, 0x39, 0x29, 0x29, 0x3b, 0x0a, // rams.w * v_9));.
	0x20, 0x20, 0x20, 0x20, 0x20, 0x20, 0x20, 0x20, 0x6c, 0x65, 0x74, 0x20, 0x76, 0x5f, 0x31, 0x31, //         let v_11
	0x20, 0x3d, 0x20, 0x28, 0x76, 0x5f, 0x39, 0x20, 0x2a, 0x20, 0x76, 0x2e, 0x75, 0x5f, 0x70, 0x61, //  = (v_9 * v.u_pa
	0x72, 0x61, 0x6d, 0x73, 0x2e, 0x7a, 0x29, 0x3b, 0x0a, 0x20, 0x20, 0x20, 0x20, 0x20, 0x20, 0x20, // rams.z);.       
	0x20, 0x76, 0x5f, 0x33, 0x20, 0x3d, 0x20, 0x76, 0x65, 0x63, 0x34, 0x3c, 0x66, 0x33, 0x32, 0x3e, //  v_3 = vec4<f32>
	0x28, 0x76, 0x5f, 0x63, 0x6f, 0x6c, 0x6f, 0x72, 0x30, 0x2e, 0x78, 0x2c, 0x20, 0x76, 0x5f, 0x63, // (v_color0.x, v_c
	0x6f, 0x6c, 0x6f, 0x72, 0x30, 0x2e, 0x79, 0x2c, 0x20, 0x76, 0x5f, 0x63, 0x6f, 0x6c, 0x6f, 0x72, // olor0.y, v_color
	0x30, 0x2e, 0x7a, 0x2c, 0x20, 0x28, 0x73, 0x6d, 0x6f, 0x6f, 0x74, 0x68, 0x73, 0x74, 0x65, 0x70, // 0.z, (smoothstep
	0x28, 0x28, 0x76, 0x5f, 0x31, 0x30, 0x20, 0x2d, 0x20, 0x76, 0x5f, 0x31, 0x31, 0x29, 0x2c, 0x20, // ((v_10 - v_11), 
	0x28, 0x76, 0x5f, 0x31, 0x30, 0x20, 0x2b, 0x20, 0x76, 0x5f, 0x31, 0x31, 0x29, 0x2c, 0x20, 0x76, // (v_10 + v_11), v
	0x5f, 0x38, 0x29, 0x20, 0x2a, 0x20, 0x76, 0x5f, 0x63, 0x6f, 0x6c, 0x6f, 0x72, 0x30, 0x2e, 0x77, // _8) * v_color0.w
	0x29, 0x29, 0x3b, 0x0a, 0x20, 0x20, 0x20, 0x20, 0x20, 0x20, 0x20, 0x20, 0x62, 0x72, 0x65, 0x61, // ));.        brea
	0x6b, 0x3b, 0x0a, 0x20, 0x20, 0x20, 0x20, 0x20, 0x20, 0x7d, 0x0a, 0x20, 0x20, 0x20, 0x20, 0x20, // k;.      }.     
	0x20, 0x6c, 0x65, 0x74, 0x20, 0x76, 0x5f, 0x31, 0x32, 0x20, 0x3d, 0x20, 0x76, 0x5f, 0x74, 0x65, //  let v_12 = v_te
	0x78, 0x63, 0x6f, 0x6f, 0x72, 0x64, 0x30, 0x2e, 0x78, 0x79, 0x7a, 0x3b, 0x0a, 0x20, 0x20, 0x20, // xcoord0.xyz;.   
	0x20, 0x20, 0x20, 0x6c, 0x65, 0x74, 0x20, 0x76, 0x5f, 0x31, 0x33, 0x20, 0x3d, 0x20, 0x74, 0x65, //    let v_13 = te
	0x78, 0x74, 0x75, 0x72, 0x65, 0x53, 0x61, 0x6d, 0x70, 0x6c, 0x65, 0x28, 0x73, 0x5f, 0x74, 0x65, // xtureSample(s_te
	0x78, 0x43, 0x6f, 0x6c, 0x6f, 0x72, 0x54, 0x65, 0x78, 0x74, 0x75, 0x72, 0x65, 0x2c, 0x20, 0x73, // xColorTexture, s
	0x5f, 0x74, 0x65, 0x78, 0x43, 0x6f, 0x6c, 0x6f, 0x72, 0x53, 0x61, 0x6d, 0x70, 0x6c, 0x65, 0x72, // _texColorSampler
	0x2c, 0x20, 0x76, 0x5f, 0x31, 0x32, 0x29, 0x3b, 0x0a, 0x20, 0x20, 0x20, 0x20, 0x20, 0x20, 0x76, // , v_12);.      v
	0x5f, 0x32, 0x5b, 0x30, 0x69, 0x5d, 0x20, 0x3d, 0x20, 0x76, 0x5f, 0x31, 0x33, 0x2e, 0x7a, 0x3b, // _2[0i] = v_13.z;
	0x0a, 0x20, 0x20, 0x20, 0x20, 0x20, 0x20, 0x76, 0x5f, 0x32, 0x5b, 0x31, 0x69, 0x5d, 0x20, 0x3d, // .      v_2[1i] =
	0x20, 0x76, 0x5f, 0x31, 0x33, 0x2e, 0x79, 0x3b, 0x0a, 0x20, 0x20, 0x20, 0x20, 0x20, 0x20, 0x76, //  v_13.y;.      v
	0x5f, 0x32, 0x5b, 0x32, 0x69, 0x5d, 0x20, 0x3d, 0x20, 0x76, 0x5f, 0x31, 0x33, 0x2e, 0x78, 0x3b, // _2[2i] = v_13.x;
	0x0a, 0x20, 0x20, 0x20, 0x20, 0x20, 0x20, 0x76, 0x5f, 0x32, 0x5b, 0x33, 0x69, 0x5d, 0x20, 0x3d, // .      v_2[3i] =
	0x20, 0x76, 0x5f, 0x31, 0x33, 0x2e, 0x77, 0x3b, 0x0a, 0x20, 0x20, 0x20, 0x20, 0x20, 0x20, 0x6c, //  v_13.w;.      l
	0x65, 0x74, 0x20, 0x76, 0x5f, 0x31, 0x34, 0x20, 0x3d, 0x20, 0x76, 0x5f, 0x32, 0x5b, 0x69, 0x33, // et v_14 = v_2[i3
	0x32, 0x28, 0x28, 0x28, 0x76, 0x5f, 0x74, 0x65, 0x78, 0x63, 0x6f, 0x6f, 0x72, 0x64, 0x30, 0x2e, // 2(((v_texcoord0.
	0x77, 0x20, 0x2a, 0x20, 0x34, 0x2e, 0x30, 0x66, 0x29, 0x20, 0x2b, 0x20, 0x30, 0x2e, 0x35, 0x66, // w * 4.0f) + 0.5f
	0x29, 0x29, 0x5d, 0x3b, 0x0a, 0x20, 0x20, 0x20, 0x20, 0x20, 0x20, 0x6c, 0x65, 0x74, 0x20, 0x76, // ))];.      let v
	0x5f, 0x31, 0x35, 0x20, 0x3d, 0x20, 0x28, 0x28, 0x6c, 0x65, 0x6e, 0x67, 0x74, 0x68, 0x28, 0x66, // _15 = ((length(f
	0x77, 0x69, 0x64, 0x74, 0x68, 0x28, 0x76, 0x5f, 0x31, 0x32, 0x29, 0x29, 0x20, 0x2a, 0x20, 0x31, // width(v_12)) * 1
	0x31, 0x2e, 0x33, 0x31, 0x33, 0x37, 0x30, 0x38, 0x33, 0x30, 0x35, 0x33, 0x35, 0x38, 0x38, 0x38, // 1.31370830535888
	0x36, 0x37, 0x31, 0x38, 0x37, 0x35, 0x66, 0x29, 0x20, 0x2a, 0x20, 0x76, 0x2e, 0x75, 0x5f, 0x70, // 671875f) * v.u_p
	0x61, 0x72, 0x61, 0x6d, 0x73, 0x2e, 0x79, 0x29, 0x3b, 0x0a, 0x20, 0x20, 0x20, 0x20, 0x20, 0x20, // arams.y);.      
	0x6c, 0x65, 0x74, 0x20, 0x76, 0x5f, 0x31, 0x36, 0x20, 0x3d, 0x20, 0x28, 0x30, 0x2e, 0x35, 0x66, // let v_16 = (0.5f
	0x20, 0x2d, 0x20, 0x28, 0x76, 0x2e, 0x75, 0x5f, 0x70, 0x61, 0x72, 0x61, 0x6d, 0x73, 0x2e, 0x77, //  - (v.u_params.w
	0x20, 0x2a, 0x20, 0x76, 0x5f, 0x31, 0x35, 0x29, 0x29, 0x3b, 0x0a, 0x20, 0x20, 0x20, 0x20, 0x20, //  * v_15));.     
	0x20, 0x6c, 0x65, 0x74, 0x20, 0x76, 0x5f, 0x31, 0x37, 0x20, 0x3d, 0x20, 0x73, 0x6d, 0x6f, 0x6f, //  let v_17 = smoo
	0x74, 0x68, 0x73, 0x74, 0x65, 0x70, 0x28, 0x28, 0x76, 0x5f, 0x31, 0x36, 0x20, 0x2d, 0x20, 0x76, // thstep((v_16 - v
	0x5f, 0x31, 0x35, 0x29, 0x2c, 0x20, 0x28, 0x76, 0x5f, 0x31, 0x36, 0x20, 0x2b, 0x20, 0x76, 0x5f, // _15), (v_16 + v_
	0x31, 0x35, 0x29, 0x2c, 0x20, 0x76, 0x5f, 0x31, 0x34, 0x29, 0x3b, 0x0a, 0x20, 0x20, 0x20, 0x20, // 15), v_14);.    
	0x20, 0x20, 0x6c, 0x65, 0x74, 0x20, 0x76, 0x5f, 0x31, 0x38, 0x20, 0x3d, 0x20, 0x73, 0x6d, 0x6f, //   let v_18 = smo
	0x6f, 0x74, 0x68, 0x73, 0x74, 0x65, 0x70, 0x28, 0x28, 0x30, 0x2e, 0x35, 0x66, 0x20, 0x2d, 0x20, // othstep((0.5f - 
	0x76, 0x5f, 0x31, 0x35, 0x29, 0x2c, 0x20, 0x28, 0x30, 0x2e, 0x35, 0x66, 0x20, 0x2b, 0x20, 0x76, // v_15), (0.5f + v
	0x5f, 0x31, 0x35, 0x29, 0x2c, 0x20, 0x76, 0x5f, 0x31, 0x34, 0x29, 0x3b, 0x0a, 0x20, 0x20, 0x20, // _15), v_14);.   
	0x20, 0x20, 0x20, 0x6c, 0x65, 0x74, 0x20, 0x76, 0x5f, 0x31, 0x39, 0x20, 0x3d, 0x20, 0x6d, 0x69, //    let v_19 = mi
	0x78, 0x28, 0x76, 0x5f, 0x63, 0x6f, 0x6c, 0x6f, 0x72, 0x31, 0x2e, 0x78, 0x79, 0x7a, 0x2c, 0x20, // x(v_color1.xyz, 
	0x76, 0x5f, 0x63, 0x6f, 0x6c, 0x6f, 0x72, 0x30, 0x2e, 0x78, 0x79, 0x7a, 0x2c, 0x20, 0x76, 0x65, // v_color0.xyz, ve
	0x63, 0x33, 0x3c, 0x66, 0x33, 0x32, 0x3e, 0x28, 0x76, 0x5f, 0x31, 0x38, 0x2c, 0x20, 0x76, 0x5f, // c3<f32>(v_18, v_
	0x31, 0x38, 0x2c, 0x20, 0x76, 0x5f, 0x31, 0x38, 0x29, 0x29, 0x3b, 0x0a, 0x20, 0x20, 0x20, 0x20, // 18, v_18));.    
	0x20, 0x20, 0x76, 0x5f, 0x33, 0x20, 0x3d, 0x20, 0x76, 0x65, 0x63, 0x34, 0x3c, 0x66, 0x33, 0x32, //   v_3 = vec4<f32
	0x3e, 0x28, 0x76, 0x5f, 0x31, 0x39, 0x2e, 0x78, 0x2c, 0x20, 0x76, 0x5f, 0x31, 0x39, 0x2e, 0x79, // >(v_19.x, v_19.y
	0x2c, 0x20, 0x76, 0x5f, 0x31, 0x39, 0x2e, 0x7a, 0x2c, 0x20, 0x28, 0x76, 0x5f, 0x31, 0x37, 0x20, // , v_19.z, (v_17 
	0x2a, 0x20, 0x76, 0x5f, 0x63, 0x6f, 0x6c, 0x6f, 0x72, 0x30, 0x2e, 0x77, 0x29, 0x29, 0x3b, 0x0a, // * v_color0.w));.
	0x20, 0x20, 0x20, 0x20, 0x7d, 0x0a, 0x20, 0x20, 0x7d, 0x0a, 0x20, 0x20, 0x62, 0x67, 0x66, 0x78, //     }.  }.  bgfx
	0x5f, 0x46, 0x72, 0x61, 0x67, 0x44, 0x61, 0x74, 0x61, 0x30, 0x20, 0x3d, 0x20, 0x76, 0x5f, 0x33, // _FragData0 = v_3
	0x3b, 0x0a, 0x7d, 0x0a, 0x0a, 0x40, 0x66, 0x72, 0x61, 0x67, 0x6d, 0x65, 0x6e, 0x74, 0x0a, 0x66, // ;.}..@fragment.f
	0x6e, 0x20, 0x6d, 0x61, 0x69, 0x6e, 0x28, 0x40, 0x6c, 0x6f, 0x63, 0x61, 0x74, 0x69, 0x6f, 0x6e, // n main(@location
	0x28, 0x30, 0x75, 0x29, 0x20, 0x76, 0x5f, 0x63, 0x6f, 0x6c, 0x6f, 0x72, 0x30, 0x20, 0x3a, 0x20, // (0u) v_color0 : 
	0x76, 0x65, 0x63, 0x34, 0x3c, 0x66, 0x33, 0x32, 0x3e, 0x2c, 0x20, 0x40, 0x6c, 0x6f, 0x63, 0x61, // vec4<f32>, @loca
	0x74, 0x69, 0x6f, 0x6e, 0x28, 0x31, 0x75, 0x29, 0x20, 0x76, 0x5f, 0x63, 0x6f, 0x6c, 0x6f, 0x72, // tion(1u) v_color
	0x31, 0x20, 0x3a, 0x20, 0x76, 0x65, 0x63, 0x34, 0x3c, 0x66, 0x33, 0x32, 0x3e, 0x2c, 0x20, 0x40, // 1 : vec4<f32>, @
	0x6c, 0x6f, 0x63, 0x61, 0x74, 0x69, 0x6f, 0x6e, 0x28, 0x32, 0x75, 0x29, 0x20, 0x76, 0x5f, 0x74, // location(2u) v_t
	0x65, 0x78, 0x63, 0x6f, 0x6f, 0x72, 0x64, 0x30, 0x20, 0x3a, 0x20, 0x76, 0x65, 0x63, 0x34, 0x3c, // excoord0 : vec4<
	0x66, 0x33, 0x32, 0x3e, 0x2c, 0x20, 0x40, 0x6c, 0x6f, 0x63, 0x61, 0x74, 0x69, 0x6f, 0x6e, 0x28, // f32>, @location(
	0x33, 0x75, 0x29, 0x20, 0x76, 0x5f, 0x74, 0x65, 0x78, 0x63, 0x6f, 0x6f, 0x72, 0x64, 0x31, 0x20, // 3u) v_texcoord1 
	0x3a, 0x20, 0x76, 0x65, 0x63, 0x34, 0x3c, 0x66, 0x33, 0x32, 0x3e, 0x2c, 0x20, 0x40, 0x6c, 0x6f, // : vec4<f32>, @lo
	0x63, 0x61, 0x74, 0x69, 0x6f, 0x6e, 0x28, 0x34, 0x75, 0x29, 0x20, 0x76, 0x5f, 0x74, 0x65, 0x78, // cation(4u) v_tex
	0x63, 0x6f, 0x6f, 0x72, 0x64, 0x32, 0x20, 0x3a, 0x20, 0x76, 0x65, 0x63, 0x34, 0x3c, 0x66, 0x33, // coord2 : vec4<f3
	0x32, 0x3e, 0x29, 0x20, 0x2d, 0x3e, 0x20, 0x40, 0x6c, 0x6f, 0x63, 0x61, 0x74, 0x69, 0x6f, 0x6e, // 2>) -> @location
	0x28, 0x30, 0x75, 0x29, 0x20, 0x76, 0x65, 0x63, 0x34, 0x3c, 0x66, 0x33, 0x32, 0x3e, 0x20, 0x7b, // (0u) vec4<f32> {
	0x0a, 0x20, 0x20, 0x6d, 0x61, 0x69, 0x6e, 0x5f, 0x69, 0x6e, 0x6e, 0x65, 0x72, 0x28, 0x76, 0x5f, // .  main_inner(v_
	0x63, 0x6f, 0x6c, 0x6f, 0x72, 0x30, 0x2c, 0x20, 0x76, 0x5f, 0x63, 0x6f, 0x6c, 0x6f, 0x72, 0x31, // color0, v_color1
	0x2c, 0x20, 0x76, 0x5f, 0x74, 0x65, 0x78, 0x63, 0x6f, 0x6f, 0x72, 0x64, 0x30, 0x2c, 0x20, 0x76, // , v_texcoord0, v
	0x5f, 0x74, 0x65, 0x78, 0x63, 0x6f, 0x6f, 0x72, 0x64, 0x31, 0x2c, 0x20, 0x76, 0x5f, 0x74, 0x65, // _texcoord1, v_te
	0x78, 0x63, 0x6f, 0x6f, 0x72, 0x64, 0x32, 0x29, 0x3b, 0x0a, 0x20, 0x20, 0x72, 0x65, 0x74, 0x75, // xcoord2);.  retu
	0x72, 0x6e, 0x20, 0x62, 0x67, 0x66, 0x78, 0x5f, 0x46, 0x72, 0x61, 0x67, 0x44, 0x61, 0x74, 0x61, // rn bgfx_FragData
	0x30, 0x3b, 0x0a, 0x7d, 0x0a, 0x00, 0x00, 0x10, 0x00, 0x10, 0x00,                               // 0;.}.......
};
static const uint8_t fs_font_distance_field_outline_drop_shadow_image_dxbc[2742] =
{
	0x46, 0x53, 0x48, 0x0b, 0x9e, 0x67, 0x7a, 0xc3, 0x00, 0x00, 0x00, 0x00, 0x02, 0x00, 0x08, 0x75, // FSH..gz........u
	0x5f, 0x70, 0x61, 0x72, 0x61, 0x6d, 0x73, 0x12, 0x00, 0x00, 0x00, 0x01, 0x00, 0x00, 0x00, 0x00, // _params.........
	0x00, 0x0a, 0x73, 0x5f, 0x74, 0x65, 0x78, 0x43, 0x6f, 0x6c, 0x6f, 0x72, 0x30, 0x01, 0x00, 0x00, // ..s_texColor0...
	0x01, 0x00, 0x00, 0x00, 0x00, 0x00, 0x78, 0x0a, 0x00, 0x00, 0x44, 0x58, 0x42, 0x43, 0xf9, 0x60, // ......x...DXBC.`
	0xbe, 0x1a, 0x28, 0xc3, 0xb6, 0xb4, 0x37, 0xda, 0x6d, 0x34, 0xf4, 0x46, 0x55, 0xc1, 0x01, 0x00, // ..(...7.m4.FU...
	0x00, 0x00, 0x78, 0x0a, 0x00, 0x00, 0x03, 0x00, 0x00, 0x00, 0x2c, 0x00, 0x00, 0x00, 0xe8, 0x00, // ..x.......,.....
	0x00, 0x00, 0x1c, 0x01, 0x00, 0x00, 0x49, 0x53, 0x47, 0x4e, 0xb4, 0x00, 0x00, 0x00, 0x06, 0x00, // ......ISGN......
	0x00, 0x00, 0x08, 0x00, 0x00, 0x00, 0x98, 0x00, 0x00, 0x00, 0x00, 0x00, 0x00, 0x00, 0x01, 0x00, // ................
	0x00, 0x00, 0x03, 0x00, 0x00, 0x00, 0x00, 0x00, 0x00, 0x00, 0x0f, 0x00, 0x00, 0x00, 0xa4, 0x00, // ................
	0x00, 0x00, 0x00, 0x00, 0x00, 0x00, 0x00, 0x00, 0x00, 0x00, 0x03, 0x00, 0x00, 0x00, 0x01, 0x00, // ................
	0x00, 0x00, 0x0f, 0x0f, 0x00, 0x00, 0xa4, 0x00, 0x00, 0x00, 0x01, 0x00, 0x00, 0x00, 0x00, 0x00, // ................
	0x00, 0x00, 0x03, 0x00, 0x00, 0x00, 0x02, 0x00, 0x00, 0x00, 0x0f, 0x07, 0x00, 0x00, 0xaa, 0x00, // ................
	0x00, 0x00, 0x00, 0x00, 0x00, 0x00, 0x00, 0x00, 0x00, 0x00, 0x03, 0x00, 0x00, 0x00, 0x03, 0x00, // ................
	0x00, 0x00, 0x0f, 0x0f, 0x00, 0x00, 0xaa, 0x00, 0x00, 0x00, 0x01, 0x00, 0x00, 0x00, 0x00, 0x00, // ................
	0x00, 0x00, 0x03, 0x00, 0x00, 0x00, 0x04, 0x00, 0x00, 0x00, 0x0f, 0x07, 0x00, 0x00, 0xaa, 0x00, // ................
	0x00, 0x00, 0x02, 0x00, 0x00, 0x00, 0x00, 0x00, 0x00, 0x00, 0x03, 0x00, 0x00, 0x00, 0x05, 0x00, // ................
	0x00, 0x00, 0x0f, 0x0f, 0x00, 0x00, 0x53, 0x56, 0x5f, 0x50, 0x4f, 0x53, 0x49, 0x54, 0x49, 0x4f, // ......SV_POSITIO
	0x4e, 0x00, 0x43, 0x4f, 0x4c, 0x4f, 0x52, 0x00, 0x54, 0x45, 0x58, 0x43, 0x4f, 0x4f, 0x52, 0x44, // N.COLOR.TEXCOORD
	0x00, 0xab, 0x4f, 0x53, 0x47, 0x4e, 0x2c, 0x00, 0x00, 0x00, 0x01, 0x00, 0x00, 0x00, 0x08, 0x00, // ..OSGN,.........
	0x00, 0x00, 0x20, 0x00, 0x00, 0x00, 0x00, 0x00, 0x00, 0x00, 0x00, 0x00, 0x00, 0x00, 0x03, 0x00, // .. .............
	0x00, 0x00, 0x00, 0x00, 0x00, 0x00, 0x0f, 0x00, 0x00, 0x00, 0x53, 0x56, 0x5f, 0x54, 0x41, 0x52, // ..........SV_TAR
	0x47, 0x45, 0x54, 0x00, 0xab, 0xab, 0x53, 0x48, 0x45, 0x58, 0x54, 0x09, 0x00, 0x00, 0x50, 0x00, // GET...SHEXT...P.
	0x00, 0x00, 0x55, 0x02, 0x00, 0x00, 0x6a, 0x08, 0x00, 0x01, 0x59, 0x00, 0x00, 0x04, 0x46, 0x8e, // ..U...j...Y...F.
	0x20, 0x00, 0x00, 0x00, 0x00, 0x00, 0x01, 0x00, 0x00, 0x00, 0x5a, 0x00, 0x00, 0x03, 0x00, 0x60, //  .........Z....`
	0x10, 0x00, 0x00, 0x00, 0x00, 0x00, 0x58, 0x30, 0x00, 0x04, 0x00, 0x70, 0x10, 0x00, 0x00, 0x00, // ......X0...p....
	0x00, 0x00, 0x55, 0x55, 0x00, 0x00, 0x62, 0x10, 0x00, 0x03, 0xf2, 0x10, 0x10, 0x00, 0x01, 0x00, // ..UU..b.........
	0x00, 0x00, 0x62, 0x10, 0x00, 0x03, 0x72, 0x10, 0x10, 0x00, 0x02, 0x00, 0x00, 0x00, 0x62, 0x10, // ..b...r.......b.
	0x00, 0x03, 0xf2, 0x10, 0x10, 0x00, 0x03, 0x00, 0x00, 0x00, 0x62, 0x10, 0x00, 0x03, 0x72, 0x10, // ..........b...r.
	0x10, 0x00, 0x04, 0x00, 0x00, 0x00, 0x62, 0x10, 0x00, 0x03, 0xf2, 0x10, 0x10, 0x00, 0x05, 0x00, // ......b.........
	0x00, 0x00, 0x65, 0x00, 0x00, 0x03, 0xf2, 0x20, 0x10, 0x00, 0x00, 0x00, 0x00, 0x00, 0x68, 0x00, // ..e.... ......h.
	0x00, 0x02, 0x02, 0x00, 0x00, 0x00, 0x69, 0x00, 0x00, 0x04, 0x00, 0x00, 0x00, 0x00, 0x04, 0x00, // ......i.........
	0x00, 0x00, 0x04, 0x00, 0x00, 0x00, 0x69, 0x00, 0x00, 0x04, 0x01, 0x00, 0x00, 0x00, 0x04, 0x00, // ......i.........
	0x00, 0x00, 0x04, 0x00, 0x00, 0x00, 0x18, 0x00, 0x00, 0x0a, 0x72, 0x00, 0x10, 0x00, 0x00, 0x00, // ..........r.....
	0x00, 0x00, 0x46, 0x12, 0x10, 0x00, 0x04, 0x00, 0x00, 0x00, 0x02, 0x40, 0x00, 0x00, 0x00, 0x00, // ..F........@....
	0x00, 0x00, 0x00, 0x00, 0x00, 0x00, 0x00, 0x00, 0x00, 0x00, 0x00, 0x00, 0x00, 0x00, 0x3c, 0x00, // ..............<.
	0x00, 0x07, 0x12, 0x00, 0x10, 0x00, 0x00, 0x00, 0x00, 0x00, 0x1a, 0x00, 0x10, 0x00, 0x00, 0x00, // ................
	0x00, 0x00, 0x0a, 0x00, 0x10, 0x00, 0x00, 0x00, 0x00, 0x00, 0x3c, 0x00, 0x00, 0x07, 0x12, 0x00, // ..........<.....
	0x10, 0x00, 0x00, 0x00, 0x00, 0x00, 0x2a, 0x00, 0x10, 0x00, 0x00, 0x00, 0x00, 0x00, 0x0a, 0x00, // ......*.........
	0x10, 0x00, 0x00, 0x00, 0x00, 0x00, 0x1f, 0x00, 0x00, 0x03, 0x0a, 0x00, 0x10, 0x00, 0x00, 0x00, // ................
	0x00, 0x00, 0x45, 0x00, 0x00, 0x8b, 0x82, 0x01, 0x00, 0x80, 0x43, 0x55, 0x15, 0x00, 0xf2, 0x00, // ..E.......CU....
	0x10, 0x00, 0x00, 0x00, 0x00, 0x00, 0x46, 0x12, 0x10, 0x00, 0x04, 0x00, 0x00, 0x00, 0x46, 0x7e, // ......F.......F~
	0x10, 0x00, 0x00, 0x00, 0x00, 0x00, 0x00, 0x60, 0x10, 0x00, 0x00, 0x00, 0x00, 0x00, 0x38, 0x00, // .......`......8.
	0x00, 0x07, 0x82, 0x20, 0x10, 0x00, 0x00, 0x00, 0x00, 0x00, 0x3a, 0x00, 0x10, 0x00, 0x00, 0x00, // ... ......:.....
	0x00, 0x00, 0x3a, 0x10, 0x10, 0x00, 0x01, 0x00, 0x00, 0x00, 0x36, 0x00, 0x00, 0x05, 0x72, 0x20, // ..:.......6...r 
	0x10, 0x00, 0x00, 0x00, 0x00, 0x00, 0x46, 0x02, 0x10, 0x00, 0x00, 0x00, 0x00, 0x00, 0x3e, 0x00, // ......F.......>.
	0x00, 0x01, 0x15, 0x00, 0x00, 0x01, 0x18, 0x00, 0x00, 0x0a, 0x72, 0x00, 0x10, 0x00, 0x00, 0x00, // ..........r.....
	0x00, 0x00, 0x46, 0x12, 0x10, 0x00, 0x05, 0x00, 0x00, 0x00, 0x02, 0x40, 0x00, 0x00, 0x00, 0x00, // ..F........@....
	0x00, 0x00, 0x00, 0x00, 0x00, 0x00, 0x00, 0x00, 0x00, 0x00, 0x00, 0x00, 0x00, 0x00, 0x3c, 0x00, // ..............<.
	0x00, 0x07, 0x12, 0x00, 0x10, 0x00, 0x00, 0x00, 0x00, 0x00, 0x1a, 0x00, 0x10, 0x00, 0x00, 0x00, // ................
	0x00, 0x00, 0x0a, 0x00, 0x10, 0x00, 0x00, 0x00, 0x00, 0x00, 0x3c, 0x00, 0x00, 0x07, 0x12, 0x00, // ..........<.....
	0x10, 0x00, 0x00, 0x00, 0x00, 0x00, 0x2a, 0x00, 0x10, 0x00, 0x00, 0x00, 0x00, 0x00, 0x0a, 0x00, // ......*.........
	0x10, 0x00, 0x00, 0x00, 0x00, 0x00, 0x1f, 0x00, 0x00, 0x03, 0x0a, 0x00, 0x10, 0x00, 0x00, 0x00, // ................
	0x00, 0x00, 0x45, 0x00, 0x00, 0x8b, 0x82, 0x01, 0x00, 0x80, 0x43, 0x55, 0x15, 0x00, 0xf2, 0x00, // ..E.......CU....
	0x10, 0x00, 0x00, 0x00, 0x00, 0x00, 0x46, 0x12, 0x10, 0x00, 0x05, 0x00, 0x00, 0x00, 0x46, 0x7e, // ......F.......F~
	0x10, 0x00, 0x00, 0x00, 0x00, 0x00, 0x00, 0x60, 0x10, 0x00, 0x00, 0x00, 0x00, 0x00, 0x32, 0x00, // .......`......2.
	0x00, 0x09, 0x12, 0x00, 0x10, 0x00, 0x01, 0x00, 0x00, 0x00, 0x3a, 0x10, 0x10, 0x00, 0x05, 0x00, // ..........:.....
	0x00, 0x00, 0x01, 0x40, 0x00, 0x00, 0x00, 0x00, 0x80, 0x40, 0x01, 0x40, 0x00, 0x00, 0x00, 0x00, // ...@.....@.@....
	0x00, 0x3f, 0x1b, 0x00, 0x00, 0x05, 0x12, 0x00, 0x10, 0x00, 0x01, 0x00, 0x00, 0x00, 0x0a, 0x00, // .?..............
	0x10, 0x00, 0x01, 0x00, 0x00, 0x00, 0x36, 0x00, 0x00, 0x06, 0x12, 0x30, 0x20, 0x00, 0x00, 0x00, // ......6....0 ...
	0x00, 0x00, 0x00, 0x00, 0x00, 0x00, 0x2a, 0x00, 0x10, 0x00, 0x00, 0x00, 0x00, 0x00, 0x36, 0x00, // ......*.......6.
	0x00, 0x06, 0x12, 0x30, 0x20, 0x00, 0x00, 0x00, 0x00, 0x00, 0x01, 0x00, 0x00, 0x00, 0x1a, 0x00, // ...0 ...........
	0x10, 0x00, 0x00, 0x00, 0x00, 0x00, 0x36, 0x00, 0x00, 0x06, 0x12, 0x30, 0x20, 0x00, 0x00, 0x00, // ......6....0 ...
	0x00, 0x00, 0x02, 0x00, 0x00, 0x00, 0x0a, 0x00, 0x10, 0x00, 0x00, 0x00, 0x00, 0x00, 0x36, 0x00, // ..............6.
	0x00, 0x06, 0x12, 0x30, 0x20, 0x00, 0x00, 0x00, 0x00, 0x00, 0x03, 0x00, 0x00, 0x00, 0x3a, 0x00, // ...0 .........:.
	0x10, 0x00, 0x00, 0x00, 0x00, 0x00, 0x36, 0x00, 0x00, 0x07, 0x12, 0x00, 0x10, 0x00, 0x00, 0x00, // ......6.........
	0x00, 0x00, 0x0a, 0x30, 0x20, 0x04, 0x00, 0x00, 0x00, 0x00, 0x0a, 0x00, 0x10, 0x00, 0x01, 0x00, // ...0 ...........
	0x00, 0x00, 0x7a, 0x00, 0x00, 0x05, 0xe2, 0x00, 0x10, 0x00, 0x00, 0x00, 0x00, 0x00, 0x06, 0x19, // ..z.............
	0x10, 0x00, 0x05, 0x00, 0x00, 0x00, 0x7c, 0x00, 0x00, 0x05, 0x72, 0x00, 0x10, 0x00, 0x01, 0x00, // ......|...r.....
	0x00, 0x00, 0x46, 0x12, 0x10, 0x00, 0x05, 0x00, 0x00, 0x00, 0x00, 0x00, 0x00, 0x09, 0xe2, 0x00, // ..F.............
	0x10, 0x00, 0x00, 0x00, 0x00, 0x00, 0x56, 0x0e, 0x10, 0x80, 0x81, 0x00, 0x00, 0x00, 0x00, 0x00, // ......V.........
	0x00, 0x00, 0x06, 0x09, 0x10, 0x80, 0x81, 0x00, 0x00, 0x00, 0x01, 0x00, 0x00, 0x00, 0x10, 0x00, // ................
	0x00, 0x07, 0x22, 0x00, 0x10, 0x00, 0x00, 0x00, 0x00, 0x00, 0x96, 0x07, 0x10, 0x00, 0x00, 0x00, // ..".............
	0x00, 0x00, 0x96, 0x07, 0x10, 0x00, 0x00, 0x00, 0x00, 0x00, 0x4b, 0x00, 0x00, 0x05, 0x22, 0x00, // ..........K...".
	0x10, 0x00, 0x00, 0x00, 0x00, 0x00, 0x1a, 0x00, 0x10, 0x00, 0x00, 0x00, 0x00, 0x00, 0x38, 0x00, // ..............8.
	0x00, 0x08, 0x22, 0x00, 0x10, 0x00, 0x00, 0x00, 0x00, 0x00, 0x1a, 0x00, 0x10, 0x00, 0x00, 0x00, // ..".............
	0x00, 0x00, 0x1a, 0x80, 0x20, 0x00, 0x00, 0x00, 0x00, 0x00, 0x00, 0x00, 0x00, 0x00, 0x38, 0x00, // .... .........8.
	0x00, 0x07, 0x22, 0x00, 0x10, 0x00, 0x00, 0x00, 0x00, 0x00, 0x1a, 0x00, 0x10, 0x00, 0x00, 0x00, // ..".............
	0x00, 0x00, 0x01, 0x40, 0x00, 0x00, 0xf3, 0x04, 0x35, 0x41, 0x32, 0x00, 0x00, 0x0b, 0x42, 0x00, // ...@....5A2...B.
	0x10, 0x00, 0x00, 0x00, 0x00, 0x00, 0x3a, 0x80, 0x20, 0x80, 0x41, 0x00, 0x00, 0x00, 0x00, 0x00, // ......:. .A.....
	0x00, 0x00, 0x00, 0x00, 0x00, 0x00, 0x1a, 0x00, 0x10, 0x00, 0x00, 0x00, 0x00, 0x00, 0x01, 0x40, // ...............@
	0x00, 0x00, 0x00, 0x00, 0x00, 0x3f, 0x32, 0x00, 0x00, 0x0b, 0x82, 0x00, 0x10, 0x00, 0x00, 0x00, // .....?2.........
	0x00, 0x00, 0x2a, 0x80, 0x20, 0x80, 0x41, 0x00, 0x00, 0x00, 0x00, 0x00, 0x00, 0x00, 0x00, 0x00, // ..*. .A.........
	0x00, 0x00, 0x1a, 0x00, 0x10, 0x00, 0x00, 0x00, 0x00, 0x00, 0x2a, 0x00, 0x10, 0x00, 0x00, 0x00, // ..........*.....
	0x00, 0x00, 0x32, 0x00, 0x00, 0x0a, 0x22, 0x00, 0x10, 0x00, 0x00, 0x00, 0x00, 0x00, 0x2a, 0x80, // ..2...".......*.
	0x20, 0x00, 0x00, 0x00, 0x00, 0x00, 0x00, 0x00, 0x00, 0x00, 0x1a, 0x00, 0x10, 0x00, 0x00, 0x00, //  ...............
	0x00, 0x00, 0x2a, 0x00, 0x10, 0x00, 0x00, 0x00, 0x00, 0x00, 0x00, 0x00, 0x00, 0x08, 0x32, 0x00, // ..*...........2.
	0x10, 0x00, 0x00, 0x00, 0x00, 0x00, 0xf6, 0x0f, 0x10, 0x80, 0x41, 0x00, 0x00, 0x00, 0x00, 0x00, // ..........A.....
	0x00, 0x00, 0x46, 0x00, 0x10, 0x00, 0x00, 0x00, 0x00, 0x00, 0x0e, 0x00, 0x00, 0x0a, 0x22, 0x00, // ..F...........".
	0x10, 0x00, 0x00, 0x00, 0x00, 0x00, 0x02, 0x40, 0x00, 0x00, 0x00, 0x00, 0x80, 0x3f, 0x00, 0x00, // .......@.....?..
	0x80, 0x3f, 0x00, 0x00, 0x80, 0x3f, 0x00, 0x00, 0x80, 0x3f, 0x1a, 0x00, 0x10, 0x00, 0x00, 0x00, // .?...?...?......
	0x00, 0x00, 0x38, 0x20, 0x00, 0x07, 0x12, 0x00, 0x10, 0x00, 0x00, 0x00, 0x00, 0x00, 0x1a, 0x00, // ..8 ............
	0x10, 0x00, 0x00, 0x00, 0x00, 0x00, 0x0a, 0x00, 0x10, 0x00, 0x00, 0x00, 0x00, 0x00, 0x32, 0x00, // ..............2.
	0x00, 0x09, 0x22, 0x00, 0x10, 0x00, 0x00, 0x00, 0x00, 0x00, 0x0a, 0x00, 0x10, 0x00, 0x00, 0x00, // ..".............
	0x00, 0x00, 0x01, 0x40, 0x00, 0x00, 0x00, 0x00, 0x00, 0xc0, 0x01, 0x40, 0x00, 0x00, 0x00, 0x00, // ...@.......@....
	0x40, 0x40, 0x38, 0x00, 0x00, 0x07, 0x12, 0x00, 0x10, 0x00, 0x00, 0x00, 0x00, 0x00, 0x0a, 0x00, // @@8.............
	0x10, 0x00, 0x00, 0x00, 0x00, 0x00, 0x0a, 0x00, 0x10, 0x00, 0x00, 0x00, 0x00, 0x00, 0x38, 0x00, // ..............8.
	0x00, 0x07, 0x12, 0x00, 0x10, 0x00, 0x00, 0x00, 0x00, 0x00, 0x0a, 0x00, 0x10, 0x00, 0x00, 0x00, // ................
	0x00, 0x00, 0x1a, 0x00, 0x10, 0x00, 0x00, 0x00, 0x00, 0x00, 0x38, 0x00, 0x00, 0x07, 0x82, 0x20, // ..........8.... 
	0x10, 0x00, 0x00, 0x00, 0x00, 0x00, 0x0a, 0x00, 0x10, 0x00, 0x00, 0x00, 0x00, 0x00, 0x3a, 0x10, // ..............:.
	0x10, 0x00, 0x01, 0x00, 0x00, 0x00, 0x36, 0x00, 0x00, 0x05, 0x72, 0x20, 0x10, 0x00, 0x00, 0x00, // ......6...r ....
	0x00, 0x00, 0x46, 0x12, 0x10, 0x00, 0x01, 0x00, 0x00, 0x00, 0x3e, 0x00, 0x00, 0x01, 0x15, 0x00, // ..F.......>.....
	0x00, 0x01, 0x45, 0x00, 0x00, 0x8b, 0x82, 0x01, 0x00, 0x80, 0x43, 0x55, 0x15, 0x00, 0xf2, 0x00, // ..E.......CU....
	0x10, 0x00, 0x00, 0x00, 0x00, 0x00, 0x46, 0x12, 0x10, 0x00, 0x03, 0x00, 0x00, 0x00, 0x46, 0x7e, // ......F.......F~
	0x10, 0x00, 0x00, 0x00, 0x00, 0x00, 0x00, 0x60, 0x10, 0x00, 0x00, 0x00, 0x00, 0x00, 0x32, 0x00, // .......`......2.
	0x00, 0x09, 0x12, 0x00, 0x10, 0x00, 0x01, 0x00, 0x00, 0x00, 0x3a, 0x10, 0x10, 0x00, 0x03, 0x00, // ..........:.....
	0x00, 0x00, 0x01, 0x40, 0x00, 0x00, 0x00, 0x00, 0x80, 0x40, 0x01, 0x40, 0x00, 0x00, 0x00, 0x00, // ...@.....@.@....
	0x00, 0x3f, 0x1b, 0x00, 0x00, 0x05, 0x12, 0x00, 0x10, 0x00, 0x01, 0x00, 0x00, 0x00, 0x0a, 0x00, // .?..............
	0x10, 0x00, 0x01, 0x00, 0x00, 0x00, 0x36, 0x00, 0x00, 0x06, 0x12, 0x30, 0x20, 0x00, 0x01, 0x00, // ......6....0 ...
	0x00, 0x00, 0x00, 0x00, 0x00, 0x00, 0x2a, 0x00, 0x10, 0x00, 0x00, 0x00, 0x00, 0x00, 0x36, 0x00, // ......*.......6.
	0x00, 0x06, 0x12, 0x30, 0x20, 0x00, 0x01, 0x00, 0x00, 0x00, 0x01, 0x00, 0x00, 0x00, 0x1a, 0x00, // ...0 ...........
	0x10, 0x00, 0x00, 0x00, 0x00, 0x00, 0x36, 0x00, 0x00, 0x06, 0x12, 0x30, 0x20, 0x00, 0x01, 0x00, // ......6....0 ...
	0x00, 0x00, 0x02, 0x00, 0x00, 0x00, 0x0a, 0x00, 0x10, 0x00, 0x00, 0x00, 0x00, 0x00, 0x36, 0x00, // ..............6.
	0x00, 0x06, 0x12, 0x30, 0x20, 0x00, 0x01, 0x00, 0x00, 0x00, 0x03, 0x00, 0x00, 0x00, 0x3a, 0x00, // ...0 .........:.
	0x10, 0x00, 0x00, 0x00, 0x00, 0x00, 0x36, 0x00, 0x00, 0x07, 0x12, 0x00, 0x10, 0x00, 0x00, 0x00, // ......6.........
	0x00, 0x00, 0x0a, 0x30, 0x20, 0x04, 0x01, 0x00, 0x00, 0x00, 0x0a, 0x00, 0x10, 0x00, 0x01, 0x00, // ...0 ...........
	0x00, 0x00, 0x7a, 0x00, 0x00, 0x05, 0xe2, 0x00, 0x10, 0x00, 0x00, 0x00, 0x00, 0x00, 0x06, 0x19, // ..z.............
	0x10, 0x00, 0x03, 0x00, 0x00, 0x00, 0x7c, 0x00, 0x00, 0x05, 0x72, 0x00, 0x10, 0x00, 0x01, 0x00, // ......|...r.....
	0x00, 0x00, 0x46, 0x12, 0x10, 0x00, 0x03, 0x00, 0x00, 0x00, 0x00, 0x00, 0x00, 0x09, 0xe2, 0x00, // ..F.............
	0x10, 0x00, 0x00, 0x00, 0x00, 0x00, 0x56, 0x0e, 0x10, 0x80, 0x81, 0x00, 0x00, 0x00, 0x00, 0x00, // ......V.........
	0x00, 0x00, 0x06, 0x09, 0x10, 0x80, 0x81, 0x00, 0x00, 0x00, 0x01, 0x00, 0x00, 0x00, 0x10, 0x00, // ................
	0x00, 0x07, 0x22, 0x00, 0x10, 0x00, 0x00, 0x00, 0x00, 0x00, 0x96, 0x07, 0x10, 0x00, 0x00, 0x00, // ..".............
	0x00, 0x00, 0x96, 0x07, 0x10, 0x00, 0x00, 0x00, 0x00, 0x00, 0x4b, 0x00, 0x00, 0x05, 0x22, 0x00, // ..........K...".
	0x10, 0x00, 0x00, 0x00, 0x00, 0x00, 0x1a, 0x00, 0x10, 0x00, 0x00, 0x00, 0x00, 0x00, 0x38, 0x00, // ..............8.
	0x00, 0x08, 0x22, 0x00, 0x10, 0x00, 0x00, 0x00, 0x00, 0x00, 0x1a, 0x00, 0x10, 0x00, 0x00, 0x00, // ..".............
	0x00, 0x00, 0x1a, 0x80, 0x20, 0x00, 0x00, 0x00, 0x00, 0x00, 0x00, 0x00, 0x00, 0x00, 0x38, 0x00, // .... .........8.
	0x00, 0x07, 0x42, 0x00, 0x10, 0x00, 0x00, 0x00, 0x00, 0x00, 0x1a, 0x00, 0x10, 0x00, 0x00, 0x00, // ..B.............
	0x00, 0x00, 0x01, 0x40, 0x00, 0x00, 0xf3, 0x04, 0x35, 0x41, 0x32, 0x00, 0x00, 0x0b, 0x42, 0x00, // ...@....5A2...B.
	0x10, 0x00, 0x00, 0x00, 0x00, 0x00, 0x3a, 0x80, 0x20, 0x80, 0x41, 0x00, 0x00, 0x00, 0x00, 0x00, // ......:. .A.....
	0x00, 0x00, 0x00, 0x00, 0x00, 0x00, 0x2a, 0x00, 0x10, 0x00, 0x00, 0x00, 0x00, 0x00, 0x01, 0x40, // ......*........@
	0x00, 0x00, 0x00, 0x00, 0x00, 0x3f, 0x32, 0x00, 0x00, 0x0a, 0x82, 0x00, 0x10, 0x00, 0x00, 0x00, // .....?2.........
	0x00, 0x00, 0x1a, 0x00, 0x10, 0x80, 0x41, 0x00, 0x00, 0x00, 0x00, 0x00, 0x00, 0x00, 0x01, 0x40, // ......A........@
	0x00, 0x00, 0xf3, 0x04, 0x35, 0x41, 0x2a, 0x00, 0x10, 0x00, 0x00, 0x00, 0x00, 0x00, 0x32, 0x00, // ....5A*.......2.
	0x00, 0x09, 0x42, 0x00, 0x10, 0x00, 0x00, 0x00, 0x00, 0x00, 0x1a, 0x00, 0x10, 0x00, 0x00, 0x00, // ..B.............
	0x00, 0x00, 0x01, 0x40, 0x00, 0x00, 0xf3, 0x04, 0x35, 0x41, 0x2a, 0x00, 0x10, 0x00, 0x00, 0x00, // ...@....5A*.....
	0x00, 0x00, 0x00, 0x00, 0x00, 0x08, 0x42, 0x00, 0x10, 0x00, 0x00, 0x00, 0x00, 0x00, 0x3a, 0x00, // ......B.......:.
	0x10, 0x80, 0x41, 0x00, 0x00, 0x00, 0x00, 0x00, 0x00, 0x00, 0x2a, 0x00, 0x10, 0x00, 0x00, 0x00, // ..A.......*.....
	0x00, 0x00, 0x00, 0x00, 0x00, 0x08, 0x82, 0x00, 0x10, 0x00, 0x00, 0x00, 0x00, 0x00, 0x3a, 0x00, // ..............:.
	0x10, 0x80, 0x41, 0x00, 0x00, 0x00, 0x00, 0x00, 0x00, 0x00, 0x0a, 0x00, 0x10, 0x00, 0x00, 0x00, // ..A.............
	0x00, 0x00, 0x0e, 0x00, 0x00, 0x0a, 0x42, 0x00, 0x10, 0x00, 0x00, 0x00, 0x00, 0x00, 0x02, 0x40, // ......B........@
	0x00, 0x00, 0x00, 0x00, 0x80, 0x3f, 0x00, 0x00, 0x80, 0x3f, 0x00, 0x00, 0x80, 0x3f, 0x00, 0x00, // .....?...?...?..
	0x80, 0x3f, 0x2a, 0x00, 0x10, 0x00, 0x00, 0x00, 0x00, 0x00, 0x38, 0x20, 0x00, 0x07, 0x42, 0x00, // .?*.......8 ..B.
	0x10, 0x00, 0x00, 0x00, 0x00, 0x00, 0x2a, 0x00, 0x10, 0x00, 0x00, 0x00, 0x00, 0x00, 0x3a, 0x00, // ......*.......:.
	0x10, 0x00, 0x00, 0x00, 0x00, 0x00, 0x32, 0x00, 0x00, 0x09, 0x82, 0x00, 0x10, 0x00, 0x00, 0x00, // ......2.........
	0x00, 0x00, 0x2a, 0x00, 0x10, 0x00, 0x00, 0x00, 0x00, 0x00, 0x01, 0x40, 0x00, 0x00, 0x00, 0x00, // ..*........@....
	0x00, 0xc0, 0x01, 0x40, 0x00, 0x00, 0x00, 0x00, 0x40, 0x40, 0x38, 0x00, 0x00, 0x07, 0x42, 0x00, // ...@....@@8...B.
	0x10, 0x00, 0x00, 0x00, 0x00, 0x00, 0x2a, 0x00, 0x10, 0x00, 0x00, 0x00, 0x00, 0x00, 0x2a, 0x00, // ......*.......*.
	0x10, 0x00, 0x00, 0x00, 0x00, 0x00, 0x38, 0x00, 0x00, 0x07, 0x42, 0x00, 0x10, 0x00, 0x00, 0x00, // ......8...B.....
	0x00, 0x00, 0x2a, 0x00, 0x10, 0x00, 0x00, 0x00, 0x00, 0x00, 0x3a, 0x00, 0x10, 0x00, 0x00, 0x00, // ..*.......:.....
	0x00, 0x00, 0x32, 0x00, 0x00, 0x0a, 0x82, 0x00, 0x10, 0x00, 0x00, 0x00, 0x00, 0x00, 0x1a, 0x00, // ..2.............
	0x10, 0x80, 0x41, 0x00, 0x00, 0x00, 0x00, 0x00, 0x00, 0x00, 0x01, 0x40, 0x00, 0x00, 0xf3, 0x04, // ..A........@....
	0x35, 0x41, 0x01, 0x40, 0x00, 0x00, 0x00, 0x00, 0x00, 0x3f, 0x32, 0x00, 0x00, 0x09, 0x22, 0x00, // 5A.@.....?2...".
	0x10, 0x00, 0x00, 0x00, 0x00, 0x00, 0x1a, 0x00, 0x10, 0x00, 0x00, 0x00, 0x00, 0x00, 0x01, 0x40, // ...............@
	0x00, 0x00, 0xf3, 0x04, 0x35, 0x41, 0x01, 0x40, 0x00, 0x00, 0x00, 0x00, 0x00, 0x3f, 0x00, 0x00, // ....5A.@.....?..
	0x00, 0x08, 0x32, 0x00, 0x10, 0x00, 0x00, 0x00, 0x00, 0x00, 0xf6, 0x0f, 0x10, 0x80, 0x41, 0x00, // ..2...........A.
	0x00, 0x00, 0x00, 0x00, 0x00, 0x00, 0x46, 0x00, 0x10, 0x00, 0x00, 0x00, 0x00, 0x00, 0x0e, 0x00, // ......F.........
	0x00, 0x0a, 0x22, 0x00, 0x10, 0x00, 0x00, 0x00, 0x00, 0x00, 0x02, 0x40, 0x00, 0x00, 0x00, 0x00, // .."........@....
	0x80, 0x3f, 0x00, 0x00, 0x80, 0x3f, 0x00, 0x00, 0x80, 0x3f, 0x00, 0x00, 0x80, 0x3f, 0x1a, 0x00, // .?...?...?...?..
	0x10, 0x00, 0x00, 0x00, 0x00, 0x00, 0x38, 0x20, 0x00, 0x07, 0x12, 0x00, 0x10, 0x00, 0x00, 0x00, // ......8 ........
	0x00, 0x00, 0x1a, 0x00, 0x10, 0x00, 0x00, 0x00, 0x00, 0x00, 0x0a, 0x00, 0x10, 0x00, 0x00, 0x00, // ................
	0x00, 0x00, 0x32, 0x00, 0x00, 0x09, 0x22, 0x00, 0x10, 0x00, 0x00, 0x00, 0x00, 0x00, 0x0a, 0x00, // ..2...".........
	0x10, 0x00, 0x00, 0x00, 0x00, 0x00, 0x01, 0x40, 0x00, 0x00, 0x00, 0x00, 0x00, 0xc0, 0x01, 0x40, // .......@.......@
	0x00, 0x00, 0x00, 0x00, 0x40, 0x40, 0x38, 0x00, 0x00, 0x07, 0x12, 0x00, 0x10, 0x00, 0x00, 0x00, // ....@@8.........
	0x00, 0x00, 0x0a, 0x00, 0x10, 0x00, 0x00, 0x00, 0x00, 0x00, 0x0a, 0x00, 0x10, 0x00, 0x00, 0x00, // ................
	0x00, 0x00, 0x38, 0x00, 0x00, 0x07, 0x12, 0x00, 0x10, 0x00, 0x00, 0x00, 0x00, 0x00, 0x0a, 0x00, // ..8.............
	0x10, 0x00, 0x00, 0x00, 0x00, 0x00, 0x1a, 0x00, 0x10, 0x00, 0x00, 0x00, 0x00, 0x00, 0x00, 0x00, // ................
	0x00, 0x08, 0x72, 0x00, 0x10, 0x00, 0x01, 0x00, 0x00, 0x00, 0x46, 0x12, 0x10, 0x00, 0x01, 0x00, // ..r.......F.....
	0x00, 0x00, 0x46, 0x12, 0x10, 0x80, 0x41, 0x00, 0x00, 0x00, 0x02, 0x00, 0x00, 0x00, 0x32, 0x00, // ..F...A.......2.
	0x00, 0x09, 0x72, 0x20, 0x10, 0x00, 0x00, 0x00, 0x00, 0x00, 0x06, 0x00, 0x10, 0x00, 0x00, 0x00, // ..r ............
	0x00, 0x00, 0x46, 0x02, 0x10, 0x00, 0x01, 0x00, 0x00, 0x00, 0x46, 0x12, 0x10, 0x00, 0x02, 0x00, // ..F.......F.....
	0x00, 0x00, 0x38, 0x00, 0x00, 0x07, 0x82, 0x20, 0x10, 0x00, 0x00, 0x00, 0x00, 0x00, 0x2a, 0x00, // ..8.... ......*.
	0x10, 0x00, 0x00, 0x00, 0x00, 0x00, 0x3a, 0x10, 0x10, 0x00, 0x01, 0x00, 0x00, 0x00, 0x3e, 0x00, // ......:.......>.
	0x00, 0x01, 0x00, 0x00, 0x10, 0x00,                                                             // ......
};
static const uint8_t fs_font_distance_field_outline_drop_shadow_image_dxil[4318] =
{
	0x46, 0x53, 0x48, 0x0b, 0x9e, 0x67, 0x7a, 0xc3, 0x00, 0x00, 0x00, 0x00, 0x02, 0x00, 0x08, 0x75, // FSH..gz........u
	0x5f, 0x70, 0x61, 0x72, 0x61, 0x6d, 0x73, 0x12, 0x00, 0x00, 0x00, 0x01, 0x00, 0x00, 0x00, 0x00, // _params.........
	0x00, 0x0a, 0x73, 0x5f, 0x74, 0x65, 0x78, 0x43, 0x6f, 0x6c, 0x6f, 0x72, 0x30, 0x01, 0x00, 0x00, // ..s_texColor0...
	0x01, 0x00, 0x00, 0x00, 0x00, 0x00, 0xa0, 0x10, 0x00, 0x00, 0x44, 0x58, 0x42, 0x43, 0x39, 0x13, // ..........DXBC9.
	0x40, 0x1f, 0x0a, 0x8b, 0x8c, 0xc6, 0x81, 0x4d, 0x65, 0xb1, 0x4a, 0x60, 0x19, 0x1c, 0x01, 0x00, // @......Me.J`....
	0x00, 0x00, 0xa0, 0x10, 0x00, 0x00, 0x07, 0x00, 0x00, 0x00, 0x3c, 0x00, 0x00, 0x00, 0x4c, 0x00, // ..........<...L.
	0x00, 0x00, 0x38, 0x01, 0x00, 0x00, 0x74, 0x01, 0x00, 0x00, 0x1c, 0x03, 0x00, 0x00, 0x50, 0x03, // ..8...t.......P.
	0x00, 0x00, 0x6c, 0x03, 0x00, 0x00, 0x53, 0x46, 0x49, 0x30, 0x08, 0x00, 0x00, 0x00, 0x00, 0x00, // ..l...SFI0......
	0x00, 0x00, 0x00, 0x00, 0x00, 0x00, 0x49, 0x53, 0x47, 0x31, 0xe4, 0x00, 0x00, 0x00, 0x06, 0x00, // ......ISG1......
	0x00, 0x00, 0x08, 0x00, 0x00, 0x00, 0x00, 0x00, 0x00, 0x00, 0xc8, 0x00, 0x00, 0x00, 0x00, 0x00, // ................
	0x00, 0x00, 0x01, 0x00, 0x00, 0x00, 0x03, 0x00, 0x00, 0x00, 0x00, 0x00, 0x00, 0x00, 0x0f, 0x00, // ................
	0x00, 0x00, 0x00, 0x00, 0x00, 0x00, 0x00, 0x00, 0x00, 0x00, 0xd4, 0x00, 0x00, 0x00, 0x00, 0x00, // ................
	0x00, 0x00, 0x00, 0x00, 0x00, 0x00, 0x03, 0x00, 0x00, 0x00, 0x01, 0x00, 0x00, 0x00, 0x0f, 0x0f, // ................
	0x00, 0x00, 0x00, 0x00, 0x00, 0x00, 0x00, 0x00, 0x00, 0x00, 0xd4, 0x00, 0x00, 0x00, 0x01, 0x00, // ................
	0x00, 0x00, 0x00, 0x00, 0x00, 0x00, 0x03, 0x00, 0x00, 0x00, 0x02, 0x00, 0x00, 0x00, 0x0f, 0x07, // ................
	0x00, 0x00, 0x00, 0x00, 0x00, 0x00, 0x00, 0x00, 0x00, 0x00, 0xda, 0x00, 0x00, 0x00, 0x00, 0x00, // ................
	0x00, 0x00, 0x00, 0x00, 0x00, 0x00, 0x03, 0x00, 0x00, 0x00, 0x03, 0x00, 0x00, 0x00, 0x0f, 0x0f, // ................
	0x00, 0x00, 0x00, 0x00, 0x00, 0x00, 0x00, 0x00, 0x00, 0x00, 0xda, 0x00, 0x00, 0x00, 0x01, 0x00, // ................
	0x00, 0x00, 0x00, 0x00, 0x00, 0x00, 0x03, 0x00, 0x00, 0x00, 0x04, 0x00, 0x00, 0x00, 0x0f, 0x07, // ................
	0x00, 0x00, 0x00, 0x00, 0x00, 0x00, 0x00, 0x00, 0x00, 0x00, 0xda, 0x00, 0x00, 0x00, 0x02, 0x00, // ................
	0x00, 0x00, 0x00, 0x00, 0x00, 0x00, 0x03, 0x00, 0x00, 0x00, 0x05, 0x00, 0x00, 0x00, 0x0f, 0x0f, // ................
	0x00, 0x00, 0x00, 0x00, 0x00, 0x00, 0x53, 0x56, 0x5f, 0x50, 0x6f, 0x73, 0x69, 0x74, 0x69, 0x6f, // ......SV_Positio
	0x6e, 0x00, 0x43, 0x4f, 0x4c, 0x4f, 0x52, 0x00, 0x54, 0x45, 0x58, 0x43, 0x4f, 0x4f, 0x52, 0x44, // n.COLOR.TEXCOORD
	0x00, 0x00, 0x4f, 0x53, 0x47, 0x31, 0x34, 0x00, 0x00, 0x00, 0x01, 0x00, 0x00, 0x00, 0x08, 0x00, // ..OSG14.........
	0x00, 0x00, 0x00, 0x00, 0x00, 0x00, 0x28, 0x00, 0x00, 0x00, 0x00, 0x00, 0x00, 0x00, 0x40, 0x00, // ......(.......@.
	0x00, 0x00, 0x03, 0x00, 0x00, 0x00, 0x00, 0x00, 0x00, 0x00, 0x0f, 0x00, 0x00, 0x00, 0x00, 0x00, // ................
	0x00, 0x00, 0x53, 0x56, 0x5f, 0x54, 0x61, 0x72, 0x67, 0x65, 0x74, 0x00, 0x00, 0x00, 0x50, 0x53, // ..SV_Target...PS
	0x56, 0x30, 0xa0, 0x01, 0x00, 0x00, 0x34, 0x00, 0x00, 0x00, 0x00, 0x00, 0x00, 0x00, 0x00, 0x00, // V0....4.........
	0x00, 0x00, 0x00, 0x00, 0x00, 0x00, 0x00, 0x00, 0x00, 0x00, 0x00, 0x00, 0x00, 0x00, 0xff, 0xff, // ................
	0xff, 0xff, 0x00, 0x00, 0x00, 0x00, 0x06, 0x01, 0x00, 0x06, 0x01, 0x00, 0x00, 0x00, 0x00, 0x00, // ................
	0x00, 0x00, 0x00, 0x00, 0x00, 0x00, 0x00, 0x00, 0x00, 0x00, 0x28, 0x00, 0x00, 0x00, 0x03, 0x00, // ..........(.....
	0x00, 0x00, 0x18, 0x00, 0x00, 0x00, 0x02, 0x00, 0x00, 0x00, 0x00, 0x00, 0x00, 0x00, 0x00, 0x00, // ................
	0x00, 0x00, 0x00, 0x00, 0x00, 0x00, 0x0d, 0x00, 0x00, 0x00, 0x00, 0x00, 0x00, 0x00, 0x01, 0x00, // ................
	0x00, 0x00, 0x00, 0x00, 0x00, 0x00, 0x00, 0x00, 0x00, 0x00, 0x00, 0x00, 0x00, 0x00, 0x0e, 0x00, // ................
	0x00, 0x00, 0x00, 0x00, 0x00, 0x00, 0x03, 0x00, 0x00, 0x00, 0x00, 0x00, 0x00, 0x00, 0x00, 0x00, // ................
	0x00, 0x00, 0x00, 0x00, 0x00, 0x00, 0x05, 0x00, 0x00, 0x00, 0x00, 0x00, 0x00, 0x00, 0x30, 0x00, // ..............0.
	0x00, 0x00, 0x00, 0x43, 0x4f, 0x4c, 0x4f, 0x52, 0x00, 0x43, 0x4f, 0x4c, 0x4f, 0x52, 0x00, 0x54, // ...COLOR.COLOR.T
	0x45, 0x58, 0x43, 0x4f, 0x4f, 0x52, 0x44, 0x00, 0x54, 0x45, 0x58, 0x43, 0x4f, 0x4f, 0x52, 0x44, // EXCOORD.TEXCOORD
	0x00, 0x54, 0x45, 0x58, 0x43, 0x4f, 0x4f, 0x52, 0x44, 0x00, 0x6d, 0x61, 0x69, 0x6e, 0x00, 0x00, // .TEXCOORD.main..
	0x00, 0x00, 0x03, 0x00, 0x00, 0x00, 0x00, 0x00, 0x00, 0x00, 0x01, 0x00, 0x00, 0x00, 0x02, 0x00, // ................
	0x00, 0x00, 0x10, 0x00, 0x00, 0x00, 0x00, 0x00, 0x00, 0x00, 0x00, 0x00, 0x00, 0x00, 0x01, 0x00, // ................
	0x44, 0x03, 0x03, 0x04, 0x00, 0x00, 0x01, 0x00, 0x00, 0x00, 0x00, 0x00, 0x00, 0x00, 0x01, 0x01, // D...............
	0x44, 0x00, 0x03, 0x02, 0x00, 0x00, 0x07, 0x00, 0x00, 0x00, 0x01, 0x00, 0x00, 0x00, 0x01, 0x02, // D...............
	0x44, 0x00, 0x03, 0x02, 0x00, 0x00, 0x0d, 0x00, 0x00, 0x00, 0x00, 0x00, 0x00, 0x00, 0x01, 0x03, // D...............
	0x44, 0x00, 0x03, 0x02, 0x00, 0x00, 0x16, 0x00, 0x00, 0x00, 0x01, 0x00, 0x00, 0x00, 0x01, 0x04, // D...............
	0x44, 0x00, 0x03, 0x02, 0x00, 0x00, 0x1f, 0x00, 0x00, 0x00, 0x02, 0x00, 0x00, 0x00, 0x01, 0x05, // D...............
	0x44, 0x00, 0x03, 0x02, 0x00, 0x00, 0x00, 0x00, 0x00, 0x00, 0x00, 0x00, 0x00, 0x00, 0x01, 0x00, // D...............
	0x44, 0x10, 0x03, 0x00, 0x00, 0x00, 0x00, 0x00, 0x00, 0x00, 0x00, 0x00, 0x00, 0x00, 0x00, 0x00, // D...............
	0x00, 0x00, 0x00, 0x00, 0x00, 0x00, 0x01, 0x00, 0x00, 0x00, 0x02, 0x00, 0x00, 0x00, 0x04, 0x00, // ................
	0x00, 0x00, 0x08, 0x00, 0x00, 0x00, 0x01, 0x00, 0x00, 0x00, 0x02, 0x00, 0x00, 0x00, 0x04, 0x00, // ................
	0x00, 0x00, 0x00, 0x00, 0x00, 0x00, 0x0f, 0x00, 0x00, 0x00, 0x0f, 0x00, 0x00, 0x00, 0x0f, 0x00, // ................
	0x00, 0x00, 0x0f, 0x00, 0x00, 0x00, 0x0f, 0x00, 0x00, 0x00, 0x0f, 0x00, 0x00, 0x00, 0x0f, 0x00, // ................
	0x00, 0x00, 0x00, 0x00, 0x00, 0x00, 0x0f, 0x00, 0x00, 0x00, 0x0f, 0x00, 0x00, 0x00, 0x0f, 0x00, // ................
	0x00, 0x00, 0x08, 0x00, 0x00, 0x00, 0x49, 0x4c, 0x44, 0x4e, 0x2c, 0x00, 0x00, 0x00, 0x00, 0x00, // ......ILDN,.....
	0x24, 0x00, 0x30, 0x36, 0x34, 0x34, 0x65, 0x32, 0x37, 0x32, 0x38, 0x65, 0x36, 0x32, 0x62, 0x36, // $.0644e2728e62b6
	0x30, 0x30, 0x36, 0x36, 0x66, 0x38, 0x65, 0x66, 0x33, 0x37, 0x64, 0x65, 0x32, 0x32, 0x37, 0x36, // 0066f8ef37de2276
	0x30, 0x66, 0x2e, 0x70, 0x64, 0x62, 0x00, 0x00, 0x00, 0x00, 0x48, 0x41, 0x53, 0x48, 0x14, 0x00, // 0f.pdb....HASH..
	0x00, 0x00, 0x00, 0x00, 0x00, 0x00, 0x06, 0x44, 0xe2, 0x72, 0x8e, 0x62, 0xb6, 0x00, 0x66, 0xf8, // .......D.r.b..f.
	0xef, 0x37, 0xde, 0x22, 0x76, 0x0f, 0x44, 0x58, 0x49, 0x4c, 0x2c, 0x0d, 0x00, 0x00, 0x60, 0x00, // .7."v.DXIL,...`.
	0x00, 0x00, 0x4b, 0x03, 0x00, 0x00, 0x44, 0x58, 0x49, 0x4c, 0x00, 0x01, 0x00, 0x00, 0x10, 0x00, // ..K...DXIL......
	0x00, 0x00, 0x14, 0x0d, 0x00, 0x00, 0x42, 0x43, 0xc0, 0xde, 0x21, 0x0c, 0x00, 0x00, 0x42, 0x03, // ......BC..!...B.
	0x00, 0x00, 0x0b, 0x82, 0x20, 0x00, 0x02, 0x00, 0x00, 0x00, 0x13, 0x00, 0x00, 0x00, 0x07, 0x81, // .... ...........
	0x23, 0x91, 0x41, 0xc8, 0x04, 0x49, 0x06, 0x10, 0x32, 0x39, 0x92, 0x01, 0x84, 0x0c, 0x25, 0x05, // #.A..I..29....%.
	0x08, 0x19, 0x1e, 0x04, 0x8b, 0x62, 0x80, 0x18, 0x45, 0x02, 0x42, 0x92, 0x0b, 0x42, 0xc4, 0x10, // .....b..E.B..B..
	0x32, 0x14, 0x38, 0x08, 0x18, 0x4b, 0x0a, 0x32, 0x62, 0x88, 0x48, 0x90, 0x14, 0x20, 0x43, 0x46, // 2.8..K.2b.H.. CF
	0x88, 0xa5, 0x00, 0x19, 0x32, 0x42, 0xe4, 0x48, 0x0e, 0x90, 0x11, 0x23, 0xc4, 0x50, 0x41, 0x51, // ....2B.H...#.PAQ
	0x81, 0x8c, 0xe1, 0x83, 0xe5, 0x8a, 0x04, 0x31, 0x46, 0x06, 0x51, 0x18, 0x00, 0x00, 0x08, 0x00, // .......1F.Q.....
	0x00, 0x00, 0x1b, 0x8c, 0xe0, 0xff, 0xff, 0xff, 0xff, 0x07, 0x40, 0x02, 0xa8, 0x0d, 0x84, 0xf0, // ..........@.....
	0xff, 0xff, 0xff, 0xff, 0x03, 0x20, 0x6d, 0x30, 0x86, 0xff, 0xff, 0xff, 0xff, 0x1f, 0x00, 0x09, // ..... m0........
	0xa8, 0x00, 0x49, 0x18, 0x00, 0x00, 0x03, 0x00, 0x00, 0x00, 0x13, 0x82, 0x60, 0x42, 0x20, 0x4c, // ..I.........`B L
	0x08, 0x06, 0x00, 0x00, 0x00, 0x00, 0x89, 0x20, 0x00, 0x00, 0x42, 0x00, 0x00, 0x00, 0x32, 0x22, // ....... ..B...2"
	0x88, 0x09, 0x20, 0x64, 0x85, 0x04, 0x13, 0x23, 0xa4, 0x84, 0x04, 0x13, 0x23, 0xe3, 0x84, 0xa1, // .. d...#....#...
	0x90, 0x14, 0x12, 0x4c, 0x8c, 0x8c, 0x0b, 0x84, 0xc4, 0x4c, 0x10, 0x94, 0xc1, 0x08, 0x40, 0x09, // ...L.....L....@.
	0x00, 0x0a, 0x66, 0x00, 0xe6, 0x08, 0xc0, 0x60, 0x8e, 0x00, 0x29, 0xc6, 0x40, 0x10, 0x44, 0x41, // ..f....`..).@.DA
	0x90, 0x51, 0x0c, 0x80, 0x20, 0x88, 0x62, 0x20, 0xa4, 0x0c, 0x03, 0x31, 0x90, 0x72, 0xd3, 0x70, // .Q.. .b ...1.r.p
	0xf9, 0x13, 0xf6, 0x10, 0x92, 0xbf, 0x12, 0xd2, 0x4a, 0x4c, 0x7e, 0x71, 0xdb, 0xa8, 0x18, 0x86, // ........JL~q....
	0x61, 0x20, 0xa8, 0xb8, 0x67, 0xb8, 0xfc, 0x09, 0x7b, 0x08, 0xc9, 0x0f, 0x81, 0x66, 0x58, 0x08, // a ..g...{....fX.
	0x14, 0x34, 0x85, 0x61, 0x08, 0xc7, 0x19, 0x86, 0x61, 0x20, 0x08, 0x62, 0xa0, 0xe7, 0xa8, 0xe1, // .4.a....a .b....
	0xf2, 0x27, 0xec, 0x21, 0x24, 0x9f, 0xdb, 0xa8, 0x62, 0x25, 0x26, 0xbf, 0xb8, 0x6d, 0x44, 0x0c, // .'.!$...b%&..mD.
	0xc3, 0x30, 0x14, 0x22, 0x22, 0x1c, 0x82, 0xa4, 0x39, 0x82, 0xa0, 0x18, 0x0e, 0x51, 0x10, 0x04, // .0.""...9....Q..
	0x45, 0xd5, 0x40, 0xc0, 0x30, 0x02, 0x31, 0xcc, 0x44, 0x06, 0xe3, 0xc0, 0x0e, 0xe1, 0x30, 0x0f, // E.@.0.1.D.....0.
	0xf3, 0xe0, 0x06, 0xb4, 0x50, 0x0e, 0xf8, 0x40, 0x0f, 0xf5, 0x20, 0x0f, 0xe5, 0x30, 0x0a, 0xf5, // ....P..@.. ..0..
	0x20, 0x0e, 0xe5, 0xc0, 0x07, 0xf6, 0x50, 0x0e, 0xe3, 0x40, 0x0f, 0xef, 0x20, 0x0f, 0x7c, 0x60, //  .....P..@.. .|`
	0x0e, 0xec, 0xf0, 0x0e, 0xe1, 0x40, 0x0f, 0x6c, 0x00, 0x06, 0x74, 0xe0, 0x07, 0x60, 0xe0, 0x07, // .....@.l..t..`..
	0x28, 0xc0, 0x28, 0x9b, 0x09, 0x21, 0x83, 0x53, 0x60, 0x87, 0x77, 0x10, 0x87, 0x70, 0x60, 0x87, // (.(..!.S`.w..p`.
	0x79, 0x40, 0x01, 0x46, 0xdb, 0x4d, 0xd2, 0x14, 0x51, 0xc2, 0xe4, 0xb3, 0x00, 0xf3, 0x2c, 0x44, // y@.F.M..Q.....,D
	0xc4, 0x4e, 0xc0, 0x44, 0xa0, 0x80, 0xa0, 0x2e, 0x35, 0x88, 0x24, 0x18, 0x08, 0x9c, 0x02, 0xa0, // .N.D....5.$.....
	0x61, 0x8e, 0x00, 0x14, 0x00, 0x00, 0x13, 0x14, 0x72, 0xc0, 0x87, 0x74, 0x60, 0x87, 0x36, 0x68, // a.......r..t`.6h
	0x87, 0x79, 0x68, 0x03, 0x72, 0xc0, 0x87, 0x0d, 0xaf, 0x50, 0x0e, 0x6d, 0xd0, 0x0e, 0x7a, 0x50, // .yh.r....P.m..zP
	0x0e, 0x6d, 0x00, 0x0f, 0x7a, 0x30, 0x07, 0x72, 0xa0, 0x07, 0x73, 0x20, 0x07, 0x6d, 0x90, 0x0e, // .m..z0.r..s .m..
	0x71, 0xa0, 0x07, 0x73, 0x20, 0x07, 0x6d, 0x90, 0x0e, 0x78, 0xa0, 0x07, 0x73, 0x20, 0x07, 0x6d, // q..s .m..x..s .m
	0x90, 0x0e, 0x71, 0x60, 0x07, 0x7a, 0x30, 0x07, 0x72, 0xd0, 0x06, 0xe9, 0x30, 0x07, 0x72, 0xa0, // ..q`.z0.r...0.r.
	0x07, 0x73, 0x20, 0x07, 0x6d, 0x90, 0x0e, 0x76, 0x40, 0x07, 0x7a, 0x60, 0x07, 0x74, 0xd0, 0x06, // .s .m..v@.z`.t..
	0xe6, 0x10, 0x07, 0x76, 0xa0, 0x07, 0x73, 0x20, 0x07, 0x6d, 0x60, 0x0e, 0x73, 0x20, 0x07, 0x7a, // ...v..s .m`.s .z
	0x30, 0x07, 0x72, 0xd0, 0x06, 0xe6, 0x60, 0x07, 0x74, 0xa0, 0x07, 0x76, 0x40, 0x07, 0x6d, 0xe0, // 0.r...`.t..v@.m.
	0x0e, 0x78, 0xa0, 0x07, 0x71, 0x60, 0x07, 0x7a, 0x30, 0x07, 0x72, 0xa0, 0x07, 0x76, 0x40, 0x07, // .x..q`.z0.r..v@.
	0x43, 0x9e, 0x00, 0x00, 0x00, 0x00, 0x00, 0x00, 0x00, 0x00, 0x00, 0x00, 0x00, 0x86, 0x3c, 0x06, // C.............<.
	0x10, 0x00, 0x01, 0x00, 0x00, 0x00, 0x00, 0x00, 0x00, 0x00, 0x0c, 0x79, 0x10, 0x20, 0x00, 0x04, // ...........y. ..
	0x00, 0x00, 0x00, 0x00, 0x00, 0x00, 0x00, 0x18, 0xf2, 0x28, 0x40, 0x00, 0x04, 0x00, 0x00, 0x00, // .........(@.....
	0x00, 0x00, 0x00, 0x00, 0x30, 0xe4, 0x79, 0x80, 0x00, 0x18, 0x00, 0x00, 0x00, 0x00, 0x00, 0x00, // ....0.y.........
	0x00, 0x60, 0xc8, 0x23, 0x01, 0x01, 0x30, 0x00, 0x00, 0x00, 0x00, 0x00, 0x00, 0x00, 0xc0, 0x90, // .`.#..0.........
	0xa7, 0x02, 0x02, 0x60, 0x00, 0x00, 0x00, 0x00, 0x00, 0x00, 0x00, 0x80, 0x2c, 0x10, 0x15, 0x00, // ...`........,...
	0x00, 0x00, 0x32, 0x1e, 0x98, 0x14, 0x19, 0x11, 0x4c, 0x90, 0x8c, 0x09, 0x26, 0x47, 0xc6, 0x04, // ..2.....L...&G..
	0x43, 0x22, 0x4a, 0x60, 0x04, 0xa0, 0x24, 0x8a, 0xa1, 0x14, 0x0a, 0xa4, 0x0c, 0xca, 0xa3, 0x08, // C"J`..$.........
	0xca, 0xa1, 0x10, 0xa8, 0x28, 0x89, 0x32, 0x28, 0x84, 0x11, 0x80, 0x22, 0x28, 0x10, 0x22, 0x47, // ....(.2(..."(."G
	0x00, 0x88, 0x9b, 0x01, 0x20, 0x6f, 0x06, 0x80, 0xbe, 0xb1, 0x34, 0x8c, 0x00, 0x00, 0x00, 0x08, // .... o....4.....
	0x04, 0x02, 0x09, 0x04, 0x02, 0x78, 0x9e, 0xe7, 0x79, 0x9e, 0x07, 0x78, 0x9e, 0x07, 0x21, 0x6d, // .....x..y..x..!m
	0x06, 0x00, 0x00, 0x00, 0x00, 0x00, 0x79, 0x18, 0x00, 0x00, 0x8a, 0x00, 0x00, 0x00, 0x1a, 0x03, // ......y.........
	0x4c, 0x90, 0x46, 0x02, 0x13, 0x44, 0x8f, 0x0c, 0x6f, 0xec, 0xed, 0x4d, 0x0c, 0x24, 0xc6, 0x05, // L.F..D..o..M.$..
	0xc7, 0x45, 0xa6, 0x06, 0xa6, 0xc6, 0x65, 0x46, 0x06, 0x04, 0x45, 0x2c, 0x06, 0xc6, 0x26, 0x2c, // .E....eF..E,..&,
	0xc7, 0x26, 0x86, 0x2c, 0x65, 0x43, 0x10, 0x4c, 0x10, 0x88, 0x63, 0x82, 0x40, 0x20, 0x1b, 0x84, // .&.,eC.L..c.@ ..
	0x81, 0x98, 0x20, 0x10, 0xc9, 0x06, 0x61, 0x30, 0x28, 0xc0, 0xcd, 0x4d, 0x10, 0x08, 0x65, 0xc3, // .. ...a0(..M..e.
	0x80, 0x24, 0xc4, 0x04, 0x41, 0xe3, 0x08, 0x4c, 0x10, 0x88, 0x65, 0x83, 0x40, 0x18, 0x1b, 0x12, // .$..A..L..e.@...
	0x62, 0x61, 0x08, 0x62, 0x68, 0x08, 0x67, 0x43, 0xf0, 0x4c, 0x10, 0xb8, 0x6c, 0x82, 0x40, 0x30, // ba.bh.gC.L..l.@0
	0x1b, 0x10, 0x22, 0x62, 0x08, 0x62, 0x90, 0x80, 0x0d, 0xc1, 0x34, 0x41, 0xf0, 0xb4, 0x0d, 0x08, // .."b.b....4A....
	0x51, 0x31, 0x04, 0x31, 0x10, 0xc0, 0x86, 0xc0, 0xda, 0x40, 0x40, 0x00, 0x75, 0x4d, 0x10, 0xbe, // Q1.1.....@@.uM..
	0x6d, 0x43, 0x90, 0x4d, 0x10, 0x04, 0x80, 0x44, 0x5b, 0x58, 0x9a, 0x1b, 0x97, 0x29, 0xab, 0x2f, // mC.M...D[X...)./
	0xa8, 0xb7, 0xb9, 0x34, 0xba, 0xb4, 0x37, 0xb7, 0x09, 0x42, 0x21, 0x4d, 0x10, 0x8a, 0x69, 0x43, // ...4..7..B!M..iC
	0x40, 0x4c, 0x10, 0x0a, 0x6a, 0x82, 0x50, 0x54, 0x1b, 0x16, 0xa2, 0xf3, 0x3e, 0x30, 0x08, 0x83, // @L..j.PT....>0..
	0x21, 0x0c, 0x08, 0x31, 0x00, 0x58, 0x0c, 0x3d, 0x31, 0x3d, 0x49, 0x4d, 0x10, 0x0a, 0x6b, 0x82, // !..1.X.=1=IM..k.
	0x40, 0x34, 0x13, 0x04, 0xc2, 0xd9, 0x20, 0x98, 0xc1, 0x19, 0x6c, 0x58, 0x06, 0x32, 0xf0, 0xc4, // @4.... ...lX.2..
	0x00, 0x0c, 0xca, 0x60, 0x08, 0x83, 0x41, 0x0c, 0xd0, 0x60, 0x82, 0x40, 0x3c, 0x1b, 0x82, 0x61, // ...`..A..`.@<..a
	0x82, 0x40, 0x40, 0x1b, 0x04, 0x33, 0x60, 0x83, 0x0d, 0x8b, 0x1a, 0x90, 0x81, 0x27, 0x06, 0x6b, // .@@..3`......'.k
	0x50, 0x06, 0x43, 0x18, 0xa8, 0x81, 0x18, 0xb4, 0x01, 0x11, 0xaa, 0x22, 0xac, 0xa1, 0xa7, 0x27, // P.C........"...'
	0x29, 0xa2, 0x0d, 0x8b, 0x19, 0xbc, 0x81, 0x27, 0x06, 0x60, 0x50, 0x06, 0x43, 0x18, 0x98, 0x81, // )......'.`P.C...
	0x18, 0xa0, 0xc1, 0x04, 0x81, 0x88, 0x36, 0x2c, 0x71, 0xf0, 0x06, 0x9e, 0x18, 0xac, 0x41, 0x19, // ......6,q.....A.
	0x0c, 0x61, 0x10, 0x07, 0x62, 0xd0, 0x06, 0x1b, 0x02, 0x35, 0xd8, 0xb0, 0x34, 0x6f, 0xe0, 0x89, // .a..b....5..4o..
	0xc1, 0x1c, 0x94, 0xc1, 0x10, 0x06, 0x8d, 0x18, 0xa0, 0xc1, 0x06, 0x63, 0x0c, 0xd2, 0xc0, 0x0d, // ...........c....
	0xe0, 0x40, 0x0e, 0xe8, 0x80, 0xc9, 0x94, 0xd5, 0x17, 0x55, 0x98, 0xdc, 0x59, 0x19, 0xdd, 0x04, // .@.......U..Y...
	0xa1, 0xb8, 0x36, 0x2c, 0x84, 0x1d, 0x78, 0x77, 0x00, 0x06, 0x62, 0x30, 0x84, 0x01, 0x21, 0x06, // ..6,..xw..b0..!.
	0x68, 0xb0, 0x21, 0xc0, 0x83, 0x0d, 0x43, 0x1d, 0xe4, 0x01, 0xb0, 0xa1, 0xd8, 0x38, 0x3d, 0xc0, // h.!...C......8=.
	0x00, 0x16, 0x66, 0x6c, 0x6f, 0x61, 0x74, 0x7c, 0xde, 0xda, 0xdc, 0xd2, 0xe0, 0xde, 0xe8, 0xca, // ..float|........
	0xdc, 0xe8, 0x40, 0xc6, 0xd0, 0xc2, 0xe4, 0x18, 0x4d, 0xa5, 0xb5, 0xc1, 0xb1, 0x95, 0x81, 0x0c, // ..@.....M.......
	0xbd, 0x0c, 0xad, 0xac, 0x80, 0x50, 0x09, 0x05, 0x05, 0x6d, 0x08, 0xfc, 0x60, 0x82, 0x40, 0x06, // .....P...m..`.@.
	0xd8, 0x86, 0xa1, 0x0f, 0xfe, 0x00, 0x14, 0x36, 0x0c, 0x7c, 0x10, 0x0a, 0xa0, 0xb0, 0x61, 0x10, // .......6.|....a.
	0x05, 0x51, 0x00, 0x85, 0x2a, 0x6c, 0x6c, 0x76, 0x6d, 0x2e, 0x69, 0x64, 0x65, 0x6e, 0x74, 0x53, // .Q..*llvm.identS
	0x82, 0xa0, 0x0a, 0x19, 0x9e, 0x8b, 0x5d, 0x99, 0xdc, 0x5c, 0xda, 0x9b, 0xdb, 0x94, 0x80, 0x68, // ......]........h
	0x42, 0x86, 0xe7, 0x62, 0x17, 0xc6, 0x66, 0x57, 0x26, 0x37, 0x25, 0x30, 0xea, 0x90, 0xe1, 0xb9, // B..b..fW&7%0....
	0xcc, 0xa1, 0x85, 0x91, 0x95, 0xc9, 0x35, 0xbd, 0x91, 0x95, 0xb1, 0x4d, 0x09, 0x92, 0x32, 0x64, // ......5....M..2d
	0x78, 0x2e, 0x72, 0x65, 0x73, 0x6f, 0x75, 0x72, 0x63, 0x65, 0x73, 0x53, 0x82, 0xab, 0x0e, 0x19, // x.resourcesS....
	0x9e, 0x8b, 0x5d, 0x5a, 0xd9, 0x5d, 0x12, 0xd9, 0x14, 0x5d, 0x18, 0x5d, 0xd9, 0x94, 0x20, 0xab, // ..]Z.]...].].. .
	0x43, 0x86, 0xe7, 0x52, 0xe6, 0x46, 0x27, 0x97, 0x07, 0xf5, 0x96, 0xe6, 0x46, 0x37, 0x37, 0x25, // C..R.F'.....F77%
	0xd0, 0x03, 0x00, 0x00, 0x00, 0x00, 0x79, 0x18, 0x00, 0x00, 0x51, 0x00, 0x00, 0x00, 0x33, 0x08, // ......y...Q...3.
	0x80, 0x1c, 0xc4, 0xe1, 0x1c, 0x66, 0x14, 0x01, 0x3d, 0x88, 0x43, 0x38, 0x84, 0xc3, 0x8c, 0x42, // .....f..=.C8...B
	0x80, 0x07, 0x79, 0x78, 0x07, 0x73, 0x98, 0x71, 0x0c, 0xe6, 0x00, 0x0f, 0xed, 0x10, 0x0e, 0xf4, // ..yx.s.q........
	0x80, 0x0e, 0x33, 0x0c, 0x42, 0x1e, 0xc2, 0xc1, 0x1d, 0xce, 0xa1, 0x1c, 0x66, 0x30, 0x05, 0x3d, // ..3.B.......f0.=
	0x88, 0x43, 0x38, 0x84, 0x83, 0x1b, 0xcc, 0x03, 0x3d, 0xc8, 0x43, 0x3d, 0x8c, 0x03, 0x3d, 0xcc, // .C8.....=.C=..=.
	0x78, 0x8c, 0x74, 0x70, 0x07, 0x7b, 0x08, 0x07, 0x79, 0x48, 0x87, 0x70, 0x70, 0x07, 0x7a, 0x70, // x.tp.{..yH.pp.zp
	0x03, 0x76, 0x78, 0x87, 0x70, 0x20, 0x87, 0x19, 0xcc, 0x11, 0x0e, 0xec, 0x90, 0x0e, 0xe1, 0x30, // .vx.p .........0
	0x0f, 0x6e, 0x30, 0x0f, 0xe3, 0xf0, 0x0e, 0xf0, 0x50, 0x0e, 0x33, 0x10, 0xc4, 0x1d, 0xde, 0x21, // .n0.....P.3....!
	0x1c, 0xd8, 0x21, 0x1d, 0xc2, 0x61, 0x1e, 0x66, 0x30, 0x89, 0x3b, 0xbc, 0x83, 0x3b, 0xd0, 0x43, // ..!..a.f0.;..;.C
	0x39, 0xb4, 0x03, 0x3c, 0xbc, 0x83, 0x3c, 0x84, 0x03, 0x3b, 0xcc, 0xf0, 0x14, 0x76, 0x60, 0x07, // 9..<..<..;...v`.
	0x7b, 0x68, 0x07, 0x37, 0x68, 0x87, 0x72, 0x68, 0x07, 0x37, 0x80, 0x87, 0x70, 0x90, 0x87, 0x70, // {h.7h.rh.7..p..p
	0x60, 0x07, 0x76, 0x28, 0x07, 0x76, 0xf8, 0x05, 0x76, 0x78, 0x87, 0x77, 0x80, 0x87, 0x5f, 0x08, // `.v(.v..vx.w.._.
	0x87, 0x71, 0x18, 0x87, 0x72, 0x98, 0x87, 0x79, 0x98, 0x81, 0x2c, 0xee, 0xf0, 0x0e, 0xee, 0xe0, // .q..r..y..,.....
	0x0e, 0xf5, 0xc0, 0x0e, 0xec, 0x30, 0x03, 0x62, 0xc8, 0xa1, 0x1c, 0xe4, 0xa1, 0x1c, 0xcc, 0xa1, // .....0.b........
	0x1c, 0xe4, 0xa1, 0x1c, 0xdc, 0x61, 0x1c, 0xca, 0x21, 0x1c, 0xc4, 0x81, 0x1d, 0xca, 0x61, 0x06, // .....a..!.....a.
	0xd6, 0x90, 0x43, 0x39, 0xc8, 0x43, 0x39, 0x98, 0x43, 0x39, 0xc8, 0x43, 0x39, 0xb8, 0xc3, 0x38, // ..C9.C9.C9.C9..8
	0x94, 0x43, 0x38, 0x88, 0x03, 0x3b, 0x94, 0xc3, 0x2f, 0xbc, 0x83, 0x3c, 0xfc, 0x82, 0x3b, 0xd4, // .C8..;../..<..;.
	0x03, 0x3b, 0xb0, 0xc3, 0x0c, 0xc4, 0x21, 0x07, 0x7c, 0x70, 0x03, 0x7a, 0x28, 0x87, 0x76, 0x80, // .;....!.|p.z(.v.
	0x87, 0x19, 0xd1, 0x43, 0x0e, 0xf8, 0xe0, 0x06, 0xe4, 0x20, 0x0e, 0xe7, 0xe0, 0x06, 0xf6, 0x10, // ...C..... ......
	0x0e, 0xf2, 0xc0, 0x0e, 0xe1, 0x90, 0x0f, 0xef, 0x50, 0x0f, 0xf4, 0x30, 0x83, 0x81, 0xc8, 0x01, // ........P..0....
	0x1f, 0xdc, 0x40, 0x1c, 0xe4, 0xa1, 0x1c, 0xc2, 0x61, 0x1d, 0xdc, 0x40, 0x1c, 0xe4, 0x01, 0x00, // ..@.....a..@....
	0x00, 0x00, 0x71, 0x20, 0x00, 0x00, 0x1b, 0x00, 0x00, 0x00, 0x56, 0xb0, 0x0d, 0x97, 0xef, 0x3c, // ..q ......V....<
	0xbe, 0x10, 0x50, 0x45, 0x41, 0x44, 0xa5, 0x03, 0x0c, 0x25, 0x61, 0x00, 0x02, 0xe6, 0x17, 0xb7, // ..PEAD...%a.....
	0x6d, 0x06, 0xd2, 0x70, 0xf9, 0xce, 0xe3, 0x0b, 0x11, 0x01, 0x4c, 0x44, 0x08, 0x34, 0xc3, 0x42, // m..p......LD.4.B
	0x58, 0xc0, 0x34, 0x5c, 0xbe, 0xf3, 0xf8, 0x8b, 0x03, 0x0c, 0x62, 0xf3, 0x50, 0x93, 0x5f, 0xdc, // X.4.......b.P._.
	0xb6, 0x11, 0x40, 0xc3, 0xe5, 0x3b, 0x8f, 0x2f, 0x01, 0xcc, 0xb3, 0x10, 0x7e, 0x71, 0xdb, 0x26, // ..@..;./....~q.&
	0x50, 0x0d, 0x97, 0xef, 0x3c, 0xbe, 0x34, 0x39, 0x11, 0x81, 0x52, 0xd3, 0x43, 0x4d, 0x7e, 0x71, // P...<.49..R.CM~q
	0xdb, 0x36, 0xf0, 0x0c, 0x97, 0xef, 0x3c, 0x3e, 0xd5, 0x00, 0x11, 0xe6, 0x17, 0xb7, 0x6d, 0x00, // .6....<>......m.
	0x04, 0x03, 0x20, 0x0d, 0x00, 0x00, 0x61, 0x20, 0x00, 0x00, 0x8a, 0x01, 0x00, 0x00, 0x13, 0x04, // .. ...a ........
	0x46, 0x2c, 0x10, 0x00, 0x00, 0x00, 0x13, 0x00, 0x00, 0x00, 0x44, 0x8d, 0x00, 0x50, 0x51, 0x02, // F,........D..PQ.
	0x44, 0x94, 0x5d, 0xc1, 0x14, 0x5e, 0xc9, 0x15, 0x6a, 0x40, 0x99, 0x06, 0xcc, 0x00, 0xd0, 0x30, // D.]..^..j@.....0
	0x46, 0x30, 0x9f, 0xa1, 0xba, 0x83, 0xc1, 0x18, 0x01, 0x08, 0x82, 0x20, 0xfc, 0x0b, 0x63, 0x04, // F0......... ..c.
	0xf3, 0x19, 0xaa, 0x33, 0x18, 0x8c, 0x11, 0x80, 0x20, 0x08, 0xa2, 0x60, 0x30, 0x46, 0x00, 0x82, // ...3.... ..`0F..
	0x20, 0x48, 0x82, 0xc1, 0x18, 0x01, 0x08, 0x82, 0x20, 0x08, 0x06, 0x63, 0x04, 0x20, 0x08, 0x82, //  H...... ..c. ..
	0xf0, 0x37, 0x03, 0x30, 0x02, 0x00, 0x23, 0x06, 0x09, 0x00, 0x82, 0x60, 0x50, 0xa5, 0x41, 0xa3, // .7.0..#....`P.A.
	0x9d, 0xc1, 0x19, 0x48, 0x23, 0x06, 0x09, 0x00, 0x82, 0x60, 0x50, 0xa9, 0x81, 0xd3, 0xa1, 0x01, // ...H#....`P.....
	0x1a, 0x4c, 0x23, 0x06, 0x09, 0x00, 0x82, 0x60, 0x50, 0xad, 0xc1, 0xb3, 0xa5, 0x41, 0x1a, 0x50, // .L#....`P....A.P
	0x23, 0x06, 0x09, 0x00, 0x82, 0x60, 0x60, 0xc4, 0x41, 0x18, 0x9c, 0x81, 0x1a, 0x74, 0xcd, 0x88, // #....``.A....t..
	0x41, 0x02, 0x80, 0x20, 0x18, 0x18, 0x72, 0x20, 0x06, 0x68, 0xb0, 0x06, 0x95, 0x33, 0x62, 0x90, // A.. ..r .h...3b.
	0x00, 0x20, 0x08, 0x06, 0xc6, 0x1c, 0x8c, 0x41, 0x1a, 0xb0, 0x81, 0xf7, 0x8c, 0x18, 0x24, 0x00, // . .....A......$.
	0x08, 0x82, 0x81, 0x41, 0x07, 0x64, 0xa0, 0x06, 0x6d, 0x20, 0x06, 0xd0, 0x88, 0x41, 0x02, 0x80, // ...A.d..m ...A..
	0x20, 0x18, 0x18, 0x75, 0x50, 0x06, 0x65, 0xe0, 0x06, 0x61, 0x10, 0x8d, 0x18, 0x24, 0x00, 0x08, //  ..uP.e..a...$..
	0x82, 0x81, 0x61, 0x07, 0x66, 0x60, 0x06, 0x6f, 0x90, 0x49, 0x23, 0x06, 0x09, 0x00, 0x82, 0x60, // ..a.f`.o.I#....`
	0x60, 0xdc, 0xc1, 0x19, 0x9c, 0x01, 0x1c, 0x88, 0xc1, 0x34, 0x62, 0x90, 0x00, 0x20, 0x08, 0x06, // `........4b.. ..
	0x06, 0x1e, 0xa0, 0x01, 0x1b, 0xc4, 0x01, 0x19, 0x50, 0x23, 0x06, 0x09, 0x00, 0x82, 0x60, 0x60, // ........P#....``
	0xe4, 0x41, 0x1a, 0xb4, 0x81, 0x1c, 0x70, 0xd5, 0x88, 0x41, 0x02, 0x80, 0x20, 0x18, 0x18, 0x7a, // .A....p..A.. ..z
	0xa0, 0x06, 0x6e, 0x30, 0x07, 0x65, 0x60, 0x8d, 0x18, 0x24, 0x00, 0x08, 0x82, 0x81, 0xb1, 0x07, // ..n0.e`..$......
	0x6b, 0xf0, 0x06, 0x74, 0x90, 0x06, 0xd7, 0x88, 0x41, 0x02, 0x80, 0x20, 0x18, 0x18, 0x7c, 0xc0, // k..t....A.. ..|.
	0x06, 0x6e, 0x50, 0x07, 0x68, 0x80, 0x8d, 0x18, 0x24, 0x00, 0x08, 0x82, 0x81, 0xd1, 0x07, 0x6d, // .nP.h...$......m
	0xf0, 0x06, 0x76, 0x00, 0x06, 0xd9, 0x88, 0x41, 0x02, 0x80, 0x20, 0x18, 0x18, 0x7e, 0xe0, 0x06, // ..v....A.. ..~..
	0x70, 0x70, 0x07, 0x69, 0xa0, 0x8d, 0x18, 0x24, 0x00, 0x08, 0x82, 0x81, 0xf1, 0x07, 0x6f, 0x90, // pp.i...$......o.
	0x07, 0x78, 0xb0, 0x06, 0xdb, 0x88, 0x41, 0x02, 0x80, 0x20, 0x18, 0x18, 0xa0, 0x00, 0x07, 0x7a, // .x....A.. .....z
	0x90, 0x07, 0x63, 0xc0, 0x8d, 0x18, 0x24, 0x00, 0x08, 0x82, 0x81, 0x11, 0x0a, 0x71, 0xb0, 0x07, // ..c...$......q..
	0x7a, 0xc0, 0x06, 0xdd, 0x88, 0x41, 0x02, 0x80, 0x20, 0x18, 0x18, 0xa2, 0x20, 0x07, 0x7c, 0xb0, // z....A.. ... .|.
	0x07, 0x70, 0xe0, 0xcd, 0x44, 0x80, 0x01, 0x71, 0x8c, 0xc2, 0x4c, 0x04, 0x18, 0x10, 0xc7, 0x28, // .p..D..q..L....(
	0x0c, 0x47, 0x40, 0x58, 0xf0, 0x0d, 0x47, 0x40, 0x59, 0xf0, 0x0d, 0x47, 0x40, 0x5a, 0xf0, 0xd5, // .G@X..G@Y..G@Z..
	0x20, 0x6c, 0x05, 0xc2, 0xce, 0x32, 0x08, 0x41, 0x30, 0x62, 0xf0, 0x00, 0x20, 0x08, 0x06, 0xcf, //  l...2.A0b.. ...
	0x29, 0xa8, 0x01, 0xb7, 0x55, 0xd4, 0xe4, 0x99, 0x81, 0x19, 0x98, 0x81, 0x37, 0x9a, 0x10, 0x00, // )...U.......7...
	0xa3, 0x09, 0x42, 0x30, 0x9a, 0x30, 0x08, 0xa3, 0x09, 0xc4, 0x60, 0x41, 0x23, 0x9f, 0x11, 0x83, // ..B0.0....`A#...
	0x04, 0x00, 0x41, 0x30, 0x40, 0x5e, 0xc1, 0x14, 0x52, 0x21, 0x15, 0xf8, 0xa0, 0x18, 0x31, 0x48, // ..A0@^..R!....1H
	0x00, 0x10, 0x04, 0x03, 0xe4, 0x15, 0x4c, 0x21, 0x15, 0x52, 0x61, 0x0e, 0x88, 0x11, 0x83, 0x04, // ......L!.Ra.....
	0x00, 0x41, 0x30, 0x40, 0x5e, 0xc1, 0x14, 0x52, 0x21, 0x15, 0xf6, 0x60, 0x18, 0x31, 0x48, 0x00, // .A0@^..R!..`.1H.
	0x10, 0x04, 0x03, 0xe4, 0x15, 0x4c, 0x21, 0x15, 0x52, 0xc1, 0x0f, 0x82, 0x59, 0x82, 0x62, 0x38, // .....L!.R...Y.b8
	0xe2, 0x1b, 0x83, 0xe0, 0x1b, 0x8e, 0xf8, 0xc8, 0x20, 0xf8, 0x86, 0x23, 0xbe, 0x32, 0x08, 0xbe, // ........ ..#.2..
	0x1a, 0x84, 0xad, 0x40, 0xd8, 0x11, 0x83, 0x03, 0x00, 0x41, 0x30, 0x90, 0x62, 0xe1, 0x0e, 0xca, // ...@.....A0.b...
	0xc0, 0x15, 0x46, 0x13, 0x82, 0x60, 0x34, 0x41, 0x18, 0x66, 0x19, 0x88, 0x81, 0x18, 0x31, 0x78, // ..F..`4A.f....1x
	0x00, 0x10, 0x04, 0x83, 0xa7, 0x16, 0xf0, 0x40, 0x0d, 0xd2, 0xe0, 0x0c, 0xcc, 0xa0, 0x0c, 0xd8, // .......@........
	0x80, 0x0e, 0xe8, 0x80, 0x0e, 0xd8, 0x60, 0x34, 0x21, 0x00, 0x46, 0x13, 0x84, 0x60, 0x34, 0x61, // ......`4!.F..`4a
	0x10, 0x46, 0x13, 0x88, 0xc1, 0xd2, 0xa0, 0x0e, 0xe4, 0x63, 0xc1, 0x1c, 0xc0, 0xe7, 0x02, 0x82, // .F.......c......
	0x36, 0x38, 0x74, 0xb9, 0x90, 0x0b, 0xc3, 0x06, 0x44, 0x60, 0x0c, 0xc0, 0x06, 0x07, 0x4f, 0x17, // 68t.....D`....O.
	0x76, 0x61, 0xd8, 0x80, 0x08, 0x90, 0x01, 0xd8, 0xe0, 0xf0, 0xed, 0x02, 0x2d, 0x0c, 0x1b, 0x10, // va..........-...
	0x81, 0x32, 0x00, 0x1b, 0x1c, 0xc0, 0x80, 0x17, 0x6e, 0x61, 0xd8, 0x80, 0x08, 0x90, 0x01, 0xd8, // .2......na......
	0xe0, 0x10, 0x06, 0xbd, 0x50, 0x50, 0x30, 0x8c, 0x11, 0x03, 0x03, 0x00, 0x41, 0x30, 0x50, 0xc8, // ....PP0.....A0P.
	0x61, 0x14, 0xea, 0x60, 0xc4, 0xc0, 0x00, 0x40, 0x10, 0x0c, 0x94, 0x72, 0x20, 0x85, 0x3a, 0x18, // a..`...@...r .:.
	0x31, 0x30, 0x00, 0x10, 0x04, 0x03, 0xc5, 0x1c, 0x4a, 0xa1, 0x0e, 0x46, 0x0c, 0x0c, 0x00, 0x04, // 10......J..F....
	0xc1, 0x40, 0x39, 0x07, 0x70, 0x18, 0x46, 0x0c, 0x0c, 0x00, 0x04, 0xc1, 0x40, 0x41, 0x87, 0x70, // .@9.p.F.....@A.p
	0x18, 0x46, 0x0c, 0x0c, 0x00, 0x04, 0xc1, 0x40, 0x49, 0x07, 0x71, 0x18, 0x46, 0x0c, 0x0c, 0x00, // .F.....@I.q.F...
	0x04, 0xc1, 0x40, 0x51, 0x07, 0x55, 0xd8, 0x83, 0x11, 0x03, 0x03, 0x00, 0x41, 0x30, 0x50, 0xd6, // ..@Q.U......A0P.
	0x61, 0x15, 0xf6, 0x60, 0xc4, 0xc0, 0x00, 0x40, 0x10, 0x0c, 0x14, 0x76, 0x60, 0x85, 0x3d, 0x18, // a..`...@...v`.=.
	0x31, 0x30, 0x00, 0x10, 0x04, 0x03, 0xa5, 0x1d, 0xcc, 0x61, 0x18, 0x31, 0x30, 0x00, 0x10, 0x04, // 10.......a.10...
	0x03, 0xc5, 0x1d, 0xce, 0x61, 0x18, 0x31, 0x30, 0x00, 0x10, 0x04, 0x03, 0xe5, 0x1d, 0xd0, 0x61, // ....a.10.......a
	0xb0, 0x21, 0x81, 0x8f, 0x0d, 0x09, 0x7c, 0x6c, 0x48, 0xe0, 0x63, 0xc3, 0x20, 0x1f, 0x1b, 0x06, // .!....|lH.c. ...
	0xf9, 0x58, 0x20, 0xc0, 0xc7, 0x08, 0x42, 0x3e, 0x26, 0x04, 0xf0, 0x19, 0x31, 0x30, 0x00, 0x10, // .X ...B>&...10..
	0x04, 0x03, 0x05, 0x1f, 0x76, 0x21, 0xb0, 0x32, 0xa0, 0x05, 0xf9, 0x58, 0x20, 0xc8, 0x67, 0x34, // ....v!.2...X .g4
	0x01, 0x0d, 0x04, 0x13, 0x02, 0xf9, 0x58, 0x50, 0x0b, 0xf2, 0xb1, 0x21, 0x0d, 0xe0, 0x63, 0x45, // ......XP...!..cE
	0x20, 0x1f, 0xeb, 0x78, 0x01, 0x3e, 0x16, 0x08, 0xf0, 0xb1, 0xa0, 0xa0, 0xcf, 0x88, 0x81, 0x01, //  ..x.>..........
	0x80, 0x20, 0x18, 0x28, 0x23, 0x61, 0x0f, 0x81, 0x05, 0xbc, 0x20, 0x1f, 0xf3, 0x85, 0x20, 0x3e, // . .(#a.... ... >
	0x36, 0x0c, 0xf2, 0xb1, 0xe0, 0x14, 0xe4, 0x63, 0xc1, 0x20, 0x9f, 0x11, 0x83, 0x04, 0x00, 0x41, // 6......c. .....A
	0x30, 0x40, 0x54, 0x22, 0x24, 0x48, 0x82, 0x24, 0xee, 0x81, 0x15, 0x46, 0x0c, 0x12, 0x00, 0x04, // 0@T"$H.$...F....
	0xc1, 0x00, 0x51, 0x89, 0x90, 0x20, 0x09, 0x92, 0x70, 0x87, 0x55, 0x18, 0x31, 0x48, 0x00, 0x10, // ..Q.. ..p.U.1H..
	0x04, 0x03, 0x44, 0x25, 0x42, 0x82, 0x24, 0x48, 0xc2, 0x1e, 0x54, 0x61, 0xc4, 0x20, 0x01, 0x40, // ..D%B.$H..Ta. .@
	0x10, 0x0c, 0x10, 0x95, 0x08, 0x09, 0x92, 0x20, 0x89, 0x7c, 0x08, 0x66, 0x09, 0x8a, 0x11, 0x83, // ....... .|.f....
	0x07, 0x00, 0x41, 0x30, 0x78, 0x50, 0x62, 0x1d, 0x7a, 0x81, 0x17, 0x66, 0x41, 0x16, 0x62, 0xe1, // ..A0xPb.z..fA.b.
	0x17, 0xce, 0xe1, 0x1c, 0xce, 0xe1, 0x17, 0x46, 0x13, 0x02, 0x60, 0x34, 0x41, 0x08, 0x46, 0x13, // .......F..`4A.F.
	0x06, 0x61, 0x34, 0x81, 0x18, 0xac, 0x16, 0xd0, 0x41, 0x3e, 0x16, 0x98, 0x03, 0x7c, 0x2e, 0x20, // .a4.....A>...|. 
	0x68, 0x83, 0xc3, 0x2b, 0xb0, 0x04, 0x4b, 0x0c, 0x1b, 0x10, 0x81, 0x31, 0x00, 0x1b, 0x1c, 0x60, // h..+..K....1...`
	0xa1, 0x25, 0x5c, 0x62, 0xd8, 0x80, 0x08, 0x90, 0x01, 0xd8, 0xe0, 0x10, 0x0b, 0x2e, 0x71, 0x12, // .%.b..........q.
	0xc3, 0x06, 0x44, 0xa0, 0x0c, 0xc0, 0x06, 0x07, 0x59, 0x78, 0x09, 0x95, 0x18, 0x36, 0x20, 0x02, // ..D.....Yx...6 .
	0x64, 0x00, 0x36, 0x38, 0xcc, 0x02, 0x4c, 0x14, 0x14, 0x0c, 0x63, 0xc4, 0xc0, 0x00, 0x40, 0x10, // d.68..L...c...@.
	0x0c, 0x94, 0x9b, 0xb0, 0x87, 0x70, 0x18, 0x31, 0x30, 0x00, 0x10, 0x04, 0x03, 0x05, 0x27, 0xee, // .....p.10.....'.
	0x21, 0x1c, 0x46, 0x0c, 0x0c, 0x00, 0x04, 0xc1, 0x40, 0xc9, 0x09, 0x7c, 0x08, 0x87, 0x11, 0x03, // !.F.....@..|....
	0x03, 0x00, 0x41, 0x30, 0x50, 0x74, 0x62, 0x26, 0x86, 0x11, 0x03, 0x03, 0x00, 0x41, 0x30, 0x50, // ..A0Ptb&.....A0P
	0x76, 0x82, 0x26, 0x86, 0x11, 0x03, 0x03, 0x00, 0x41, 0x30, 0x50, 0x78, 0xa2, 0x26, 0x86, 0x11, // v.&.....A0Px.&..
	0x03, 0x03, 0x00, 0x41, 0x30, 0x50, 0x7a, 0xa2, 0x1f, 0xce, 0x61, 0xc4, 0xc0, 0x00, 0x40, 0x10, // ...A0Pz...a...@.
	0x0c, 0x14, 0x9f, 0xf0, 0x87, 0x73, 0x18, 0x31, 0x30, 0x00, 0x10, 0x04, 0x03, 0xe5, 0x27, 0xfe, // .....s.10.....'.
	0xe1, 0x1c, 0x46, 0x0c, 0x0c, 0x00, 0x04, 0xc1, 0x40, 0x01, 0x8b, 0x9c, 0x18, 0x46, 0x0c, 0x0c, // ..F.....@....F..
	0x00, 0x04, 0xc1, 0x40, 0x09, 0x0b, 0x9d, 0x18, 0x46, 0x0c, 0x0c, 0x00, 0x04, 0xc1, 0x40, 0x11, // ...@....F.....@.
	0x8b, 0x9d, 0x18, 0x6c, 0x48, 0xe0, 0x63, 0x43, 0x02, 0x1f, 0x1b, 0x12, 0xf8, 0xd8, 0x30, 0xc8, // ...lH.cC......0.
	0xc7, 0x86, 0x41, 0x3e, 0x16, 0x08, 0xf0, 0x31, 0x82, 0x90, 0x8f, 0x09, 0x01, 0x7c, 0x46, 0x0c, // ..A>...1.....|F.
	0x0c, 0x00, 0x04, 0xc1, 0x40, 0x59, 0x0b, 0x97, 0x08, 0x0c, 0x17, 0x4e, 0x42, 0x3e, 0x16, 0x08, // ....@Y.....NB>..
	0xf2, 0xb1, 0x20, 0x17, 0xe4, 0x63, 0xc4, 0x2e, 0xc8, 0xc7, 0x82, 0x96, 0x90, 0x8f, 0x6d, 0x2d, // .. ..c........m-
	0x01, 0x1f, 0x0b, 0x0a, 0xf8, 0x58, 0x50, 0xc0, 0xc7, 0x02, 0x82, 0x3e, 0x23, 0x06, 0x06, 0x00, // .....XP....>#...
	0x82, 0x60, 0xa0, 0xd4, 0x05, 0x5a, 0x04, 0x16, 0xb8, 0x84, 0x7c, 0x0c, 0x26, 0x82, 0xf8, 0xd8, // .`...Z....|.&...
	0xf2, 0x12, 0xf0, 0x31, 0x98, 0x60, 0xe2, 0x63, 0x42, 0x10, 0x1f, 0x2b, 0x03, 0x21, 0x3e, 0x16, // ...1.`.cB..+.!>.
	0x08, 0xf4, 0x19, 0x31, 0x30, 0x00, 0x10, 0x04, 0x03, 0xa5, 0x2f, 0xe0, 0x22, 0xb0, 0xc0, 0x26, // ...10...../."..&
	0xe4, 0x63, 0x38, 0x11, 0xc4, 0xc7, 0x86, 0x41, 0x3e, 0x16, 0x08, 0xf2, 0xb1, 0x92, 0x40, 0x89, // .c8....A>.....@.
	0xf8, 0x58, 0x49, 0xa0, 0x44, 0x7c, 0xac, 0x24, 0x50, 0x22, 0x3e, 0x46, 0x0c, 0xf2, 0xb1, 0x62, // .XI.D|.$P">F...b
	0x90, 0x8f, 0x19, 0x83, 0x7c, 0x6c, 0x70, 0x09, 0xf8, 0xd8, 0xe0, 0x12, 0xf0, 0xb1, 0xc1, 0x25, // ....|lp........%
	0xe0, 0x63, 0x96, 0x25, 0x1f, 0x0b, 0x58, 0x42, 0x3e, 0x16, 0x58, 0xf2, 0x19, 0x31, 0x48, 0x00, // .c.%..XB>.X..1H.
	0x10, 0x04, 0x03, 0xe4, 0x35, 0x4c, 0x23, 0x35, 0x52, 0x83, 0x2f, 0x8c, 0x11, 0x83, 0x04, 0x00, // ....5L#5R./.....
	0x41, 0x30, 0x40, 0x5e, 0xc3, 0x34, 0x52, 0x23, 0x35, 0xe6, 0xa2, 0x18, 0x31, 0x48, 0x00, 0x10, // A0@^.4R#5...1H..
	0x04, 0x03, 0xe4, 0x35, 0x4c, 0x23, 0x35, 0x52, 0x63, 0x2f, 0x88, 0x11, 0x83, 0x04, 0x00, 0x41, // ...5L#5Rc/.....A
	0x30, 0x40, 0x5e, 0xc3, 0x34, 0x52, 0x23, 0x35, 0xfc, 0x22, 0x98, 0x25, 0x28, 0x30, 0x20, 0x06, // 0@^.4R#5.".%(0 .
	0x00, 0x00, 0x0f, 0x00, 0x00, 0x00, 0x5b, 0x06, 0x3d, 0x08, 0x44, 0x61, 0xcb, 0xc0, 0x07, 0x81, // ......[.=.Da....
	0x28, 0x6c, 0x19, 0xfc, 0x20, 0x10, 0x85, 0x2d, 0x03, 0x28, 0x04, 0xa2, 0xb0, 0x65, 0x10, 0x85, // (l.. ..-.(...e..
	0x40, 0x14, 0xb6, 0x0c, 0xf6, 0x10, 0x88, 0xc2, 0x96, 0x01, 0x1f, 0x02, 0x51, 0xd8, 0x32, 0xe8, // @...........Q.2.
	0x43, 0x20, 0x0a, 0x5b, 0x06, 0x7e, 0x08, 0x44, 0x61, 0xcb, 0xe0, 0x0f, 0x81, 0x28, 0x00, 0x00, // C .[.~.Da....(..
	0x00, 0x00, 0x00, 0x00, 0x00, 0x00, 0x00, 0x00, 0x00, 0x00, 0x00, 0x00, 0x10, 0x00,             // ..............
};
static const uint8_t fs_font_distance_field_outline_drop_shadow_image_mtl[3375] =
{
	0x46, 0x53, 0x48, 0x0b, 0x9e, 0x67, 0x7a, 0xc3, 0x00, 0x00, 0x00, 0x00, 0x04, 0x00, 0x11, 0x73, // FSH..gz........s
	0x5f, 0x74, 0x65, 0x78, 0x43, 0x6f, 0x6c, 0x6f, 0x72, 0x53, 0x61, 0x6d, 0x70, 0x6c, 0x65, 0x72, // _texColorSampler
	0x11, 0x01, 0xff, 0xff, 0x01, 0x00, 0x00, 0x00, 0x00, 0x00, 0x11, 0x73, 0x5f, 0x74, 0x65, 0x78, // ...........s_tex
	0x43, 0x6f, 0x6c, 0x6f, 0x72, 0x54, 0x65, 0x78, 0x74, 0x75, 0x72, 0x65, 0x11, 0x01, 0xff, 0xff, // ColorTexture....
	0x01, 0x00, 0x00, 0x00, 0x00, 0x00, 0x08, 0x75, 0x5f, 0x70, 0x61, 0x72, 0x61, 0x6d, 0x73, 0x12, // .......u_params.
	0x01, 0x00, 0x00, 0x01, 0x00, 0x00, 0x00, 0x00, 0x00, 0x0a, 0x73, 0x5f, 0x74, 0x65, 0x78, 0x43, // ..........s_texC
	0x6f, 0x6c, 0x6f, 0x72, 0x10, 0x00, 0x00, 0x00, 0x00, 0x00, 0x00, 0x00, 0x00, 0x00, 0xb9, 0x0c, // olor............
	0x00, 0x00, 0x23, 0x70, 0x72, 0x61, 0x67, 0x6d, 0x61, 0x20, 0x63, 0x6c, 0x61, 0x6e, 0x67, 0x20, // ..#pragma clang 
	0x64, 0x69, 0x61, 0x67, 0x6e, 0x6f, 0x73, 0x74, 0x69, 0x63, 0x20, 0x69, 0x67, 0x6e, 0x6f, 0x72, // diagnostic ignor
	0x65, 0x64, 0x20, 0x22, 0x2d, 0x57, 0x6d, 0x69, 0x73, 0x73, 0x69, 0x6e, 0x67, 0x2d, 0x70, 0x72, // ed "-Wmissing-pr
	0x6f, 0x74, 0x6f, 0x74, 0x79, 0x70, 0x65, 0x73, 0x22, 0x0a, 0x23, 0x70, 0x72, 0x61, 0x67, 0x6d, // ototypes".#pragm
	0x61, 0x20, 0x63, 0x6c, 0x61, 0x6e, 0x67, 0x20, 0x64, 0x69, 0x61, 0x67, 0x6e, 0x6f, 0x73, 0x74, // a clang diagnost
	0x69, 0x63, 0x20, 0x69, 0x67, 0x6e, 0x6f, 0x72, 0x65, 0x64, 0x20, 0x22, 0x2d, 0x57, 0x6d, 0x69, // ic ignored "-Wmi
	0x73, 0x73, 0x69, 0x6e, 0x67, 0x2d, 0x62, 0x72, 0x61, 0x63, 0x65, 0x73, 0x22, 0x0a, 0x0a, 0x23, // ssing-braces"..#
	0x69, 0x6e, 0x63, 0x6c, 0x75, 0x64, 0x65, 0x20, 0x3c, 0x6d, 0x65, 0x74, 0x61, 0x6c, 0x5f, 0x73, // include <metal_s
	0x74, 0x64, 0x6c, 0x69, 0x62, 0x3e, 0x0a, 0x23, 0x69, 0x6e, 0x63, 0x6c, 0x75, 0x64, 0x65, 0x20, // tdlib>.#include 
	0x3c, 0x73, 0x69, 0x6d, 0x64, 0x2f, 0x73, 0x69, 0x6d, 0x64, 0x2e, 0x68, 0x3e, 0x0a, 0x0a, 0x75, // <simd/simd.h>..u
	0x73, 0x69, 0x6e, 0x67, 0x20, 0x6e, 0x61, 0x6d, 0x65, 0x73, 0x70, 0x61, 0x63, 0x65, 0x20, 0x6d, // sing namespace m
	0x65, 0x74, 0x61, 0x6c, 0x3b, 0x0a, 0x0a, 0x74, 0x65, 0x6d, 0x70, 0x6c, 0x61, 0x74, 0x65, 0x3c, // etal;..template<
	0x74, 0x79, 0x70, 0x65, 0x6e, 0x61, 0x6d, 0x65, 0x20, 0x54, 0x2c, 0x20, 0x73, 0x69, 0x7a, 0x65, // typename T, size
	0x5f, 0x74, 0x20, 0x4e, 0x75, 0x6d, 0x3e, 0x0a, 0x73, 0x74, 0x72, 0x75, 0x63, 0x74, 0x20, 0x73, // _t Num>.struct s
	0x70, 0x76, 0x55, 0x6e, 0x73, 0x61, 0x66, 0x65, 0x41, 0x72, 0x72, 0x61, 0x79, 0x0a, 0x7b, 0x0a, // pvUnsafeArray.{.
	0x20, 0x20, 0x20, 0x20, 0x54, 0x20, 0x65, 0x6c, 0x65, 0x6d, 0x65, 0x6e, 0x74, 0x73, 0x5b, 0x4e, //     T elements[N
	0x75, 0x6d, 0x20, 0x3f, 0x20, 0x4e, 0x75, 0x6d, 0x20, 0x3a, 0x20, 0x31, 0x5d, 0x3b, 0x0a, 0x20, // um ? Num : 1];. 
	0x20, 0x20, 0x20, 0x0a, 0x20, 0x20, 0x20, 0x20, 0x74, 0x68, 0x72, 0x65, 0x61, 0x64, 0x20, 0x54, //    .    thread T
	0x26, 0x20, 0x6f, 0x70, 0x65, 0x72, 0x61, 0x74, 0x6f, 0x72, 0x20, 0x5b, 0x5d, 0x20, 0x28, 0x73, // & operator [] (s
	0x69, 0x7a, 0x65, 0x5f, 0x74, 0x20, 0x70, 0x6f, 0x73, 0x29, 0x20, 0x74, 0x68, 0x72, 0x65, 0x61, // ize_t pos) threa
	0x64, 0x0a, 0x20, 0x20, 0x20, 0x20, 0x7b, 0x0a, 0x20, 0x20, 0x20, 0x20, 0x20, 0x20, 0x20, 0x20, // d.    {.        
	0x72, 0x65, 0x74, 0x75, 0x72, 0x6e, 0x20, 0x65, 0x6c, 0x65, 0x6d, 0x65, 0x6e, 0x74, 0x73, 0x5b, // return elements[
	0x70, 0x6f, 0x73, 0x5d, 0x3b, 0x0a, 0x20, 0x20, 0x20, 0x20, 0x7d, 0x0a, 0x20, 0x20, 0x20, 0x20, // pos];.    }.    
	0x63, 0x6f, 0x6e, 0x73, 0x74, 0x65, 0x78, 0x70, 0x72, 0x20, 0x63, 0x6f, 0x6e, 0x73, 0x74, 0x20, // constexpr const 
	0x74, 0x68, 0x72, 0x65, 0x61, 0x64, 0x20, 0x54, 0x26, 0x20, 0x6f, 0x70, 0x65, 0x72, 0x61, 0x74, // thread T& operat
	0x6f, 0x72, 0x20, 0x5b, 0x5d, 0x20, 0x28, 0x73, 0x69, 0x7a, 0x65, 0x5f, 0x74, 0x20, 0x70, 0x6f, // or [] (size_t po
	0x73, 0x29, 0x20, 0x63, 0x6f, 0x6e, 0x73, 0x74, 0x20, 0x74, 0x68, 0x72, 0x65, 0x61, 0x64, 0x0a, // s) const thread.
	0x20, 0x20, 0x20, 0x20, 0x7b, 0x0a, 0x20, 0x20, 0x20, 0x20, 0x20, 0x20, 0x20, 0x20, 0x72, 0x65, //     {.        re
	0x74, 0x75, 0x72, 0x6e, 0x20, 0x65, 0x6c, 0x65, 0x6d, 0x65, 0x6e, 0x74, 0x73, 0x5b, 0x70, 0x6f, // turn elements[po
	0x73, 0x5d, 0x3b, 0x0a, 0x20, 0x20, 0x20, 0x20, 0x7d, 0x0a, 0x20, 0x20, 0x20, 0x20, 0x0a, 0x20, // s];.    }.    . 
	0x20, 0x20, 0x20, 0x64, 0x65, 0x76, 0x69, 0x63, 0x65, 0x20, 0x54, 0x26, 0x20, 0x6f, 0x70, 0x65, //    device T& ope
	0x72, 0x61, 0x74, 0x6f, 0x72, 0x20, 0x5b, 0x5d, 0x20, 0x28, 0x73, 0x69, 0x7a, 0x65, 0x5f, 0x74, // rator [] (size_t
	0x20, 0x70, 0x6f, 0x73, 0x29, 0x20, 0x64, 0x65, 0x76, 0x69, 0x63, 0x65, 0x0a, 0x20, 0x20, 0x20, //  pos) device.   
	0x20, 0x7b, 0x0a, 0x20, 0x20, 0x20, 0x20, 0x20, 0x20, 0x20, 0x20, 0x72, 0x65, 0x74, 0x75, 0x72, //  {.        retur
	0x6e, 0x20, 0x65, 0x6c, 0x65, 0x6d, 0x65, 0x6e, 0x74, 0x73, 0x5b, 0x70, 0x6f, 0x73, 0x5d, 0x3b, // n elements[pos];
	0x0a, 0x20, 0x20, 0x20, 0x20, 0x7d, 0x0a, 0x20, 0x20, 0x20, 0x20, 0x63, 0x6f, 0x6e, 0x73, 0x74, // .    }.    const
	0x65, 0x78, 0x70, 0x72, 0x20, 0x63, 0x6f, 0x6e, 0x73, 0x74, 0x20, 0x64, 0x65, 0x76, 0x69, 0x63, // expr const devic
	0x65, 0x20, 0x54, 0x26, 0x20, 0x6f, 0x70, 0x65, 0x72, 0x61, 0x74, 0x6f, 0x72, 0x20, 0x5b, 0x5d, // e T& operator []
	0x20, 0x28, 0x73, 0x69, 0x7a, 0x65, 0x5f, 0x74, 0x20, 0x70, 0x6f, 0x73, 0x29, 0x20, 0x63, 0x6f, //  (size_t pos) co
	0x6e, 0x73, 0x74, 0x20, 0x64, 0x65, 0x76, 0x69, 0x63, 0x65, 0x0a, 0x20, 0x20, 0x20, 0x20, 0x7b, // nst device.    {
	0x0a, 0x20, 0x20, 0x20, 0x20, 0x20, 0x20, 0x20, 0x20, 0x72, 0x65, 0x74, 0x75, 0x72, 0x6e, 0x20, // .        return 
	0x65, 0x6c, 0x65, 0x6d, 0x65, 0x6e, 0x74, 0x73, 0x5b, 0x70, 0x6f, 0x73, 0x5d, 0x3b, 0x0a, 0x20, // elements[pos];. 
	0x20, 0x20, 0x20, 0x7d, 0x0a, 0x20, 0x20, 0x20, 0x20, 0x0a, 0x20, 0x20, 0x20, 0x20, 0x63, 0x6f, //    }.    .    co
	0x6e, 0x73, 0x74, 0x65, 0x78, 0x70, 0x72, 0x20, 0x63, 0x6f, 0x6e, 0x73, 0x74, 0x20, 0x63, 0x6f, // nstexpr const co
	0x6e, 0x73, 0x74, 0x61, 0x6e, 0x74, 0x20, 0x54, 0x26, 0x20, 0x6f, 0x70, 0x65, 0x72, 0x61, 0x74, // nstant T& operat
	0x6f, 0x72, 0x20, 0x5b, 0x5d, 0x20, 0x28, 0x73, 0x69, 0x7a, 0x65, 0x5f, 0x74, 0x20, 0x70, 0x6f, // or [] (size_t po
	0x73, 0x29, 0x20, 0x63, 0x6f, 0x6e, 0x73, 0x74, 0x20, 0x63, 0x6f, 0x6e, 0x73, 0x74, 0x61, 0x6e, // s) const constan
	0x74, 0x0a, 0x20, 0x20, 0x20, 0x20, 0x7b, 0x0a, 0x20, 0x20, 0x20, 0x20, 0x20, 0x20, 0x20, 0x20, // t.    {.        
	0x72, 0x65, 0x74, 0x75, 0x72, 0x6e, 0x20, 0x65, 0x6c, 0x65, 0x6d, 0x65, 0x6e, 0x74, 0x73, 0x5b, // return elements[
	0x70, 0x6f, 0x73, 0x5d, 0x3b, 0x0a, 0x20, 0x20, 0x20, 0x20, 0x7d, 0x0a, 0x20, 0x20, 0x20, 0x20, // pos];.    }.    
	0x0a, 0x20, 0x20, 0x20, 0x20, 0x74, 0x68, 0x72, 0x65, 0x61, 0x64, 0x67, 0x72, 0x6f, 0x75, 0x70, // .    threadgroup
	0x20, 0x54, 0x26, 0x20, 0x6f, 0x70, 0x65, 0x72, 0x61, 0x74, 0x6f, 0x72, 0x20, 0x5b, 0x5d, 0x20, //  T& operator [] 
	0x28, 0x73, 0x69, 0x7a, 0x65, 0x5f, 0x74, 0x20, 0x70, 0x6f, 0x73, 0x29, 0x20, 0x74, 0x68, 0x72, // (size_t pos) thr
	0x65, 0x61, 0x64, 0x67, 0x72, 0x6f, 0x75, 0x70, 0x0a, 0x20, 0x20, 0x20, 0x20, 0x7b, 0x0a, 0x20, // eadgroup.    {. 
	0x20, 0x20, 0x20, 0x20, 0x20, 0x20, 0x20, 0x72, 0x65, 0x74, 0x75, 0x72, 0x6e, 0x20, 0x65, 0x6c, //        return el
	0x65, 0x6d, 0x65, 0x6e, 0x74, 0x73, 0x5b, 0x70, 0x6f, 0x73, 0x5d, 0x3b, 0x0a, 0x20, 0x20, 0x20, // ements[pos];.   
	0x20, 0x7d, 0x0a, 0x20, 0x20, 0x20, 0x20, 0x63, 0x6f, 0x6e, 0x73, 0x74, 0x65, 0x78, 0x70, 0x72, //  }.    constexpr
	0x20, 0x63, 0x6f, 0x6e, 0x73, 0x74, 0x20, 0x74, 0x68, 0x72, 0x65, 0x61, 0x64, 0x67, 0x72, 0x6f, //  const threadgro
	0x75, 0x70, 0x20, 0x54, 0x26, 0x20, 0x6f, 0x70, 0x65, 0x72, 0x61, 0x74, 0x6f, 0x72, 0x20, 0x5b, // up T& operator [
	0x5d, 0x20, 0x28, 0x73, 0x69, 0x7a, 0x65, 0x5f, 0x74, 0x20, 0x70, 0x6f, 0x73, 0x29, 0x20, 0x63, // ] (size_t pos) c
	0x6f, 0x6e, 0x73, 0x74, 0x20, 0x74, 0x68, 0x72, 0x65, 0x61, 0x64, 0x67, 0x72, 0x6f, 0x75, 0x70, // onst threadgroup
	0x0a, 0x20, 0x20, 0x20, 0x20, 0x7b, 0x0a, 0x20, 0x20, 0x20, 0x20, 0x20, 0x20, 0x20, 0x20, 0x72, // .    {.        r
	0x65, 0x74, 0x75, 0x72, 0x6e, 0x20, 0x65, 0x6c, 0x65, 0x6d, 0x65, 0x6e, 0x74, 0x73, 0x5b, 0x70, // eturn elements[p
	0x6f, 0x73, 0x5d, 0x3b, 0x0a, 0x20, 0x20, 0x20, 0x20, 0x7d, 0x0a, 0x7d, 0x3b, 0x0a, 0x0a, 0x73, // os];.    }.};..s
	0x74, 0x72, 0x75, 0x63, 0x74, 0x20, 0x5f, 0x47, 0x6c, 0x6f, 0x62, 0x61, 0x6c, 0x0a, 0x7b, 0x0a, // truct _Global.{.
	0x20, 0x20, 0x20, 0x20, 0x66, 0x6c, 0x6f, 0x61, 0x74, 0x34, 0x20, 0x75, 0x5f, 0x70, 0x61, 0x72, //     float4 u_par
	0x61, 0x6d, 0x73, 0x3b, 0x0a, 0x7d, 0x3b, 0x0a, 0x0a, 0x73, 0x74, 0x72, 0x75, 0x63, 0x74, 0x20, // ams;.};..struct 
	0x78, 0x6c, 0x61, 0x74, 0x4d, 0x74, 0x6c, 0x4d, 0x61, 0x69, 0x6e, 0x5f, 0x6f, 0x75, 0x74, 0x0a, // xlatMtlMain_out.
	0x7b, 0x0a, 0x20, 0x20, 0x20, 0x20, 0x66, 0x6c, 0x6f, 0x61, 0x74, 0x34, 0x20, 0x62, 0x67, 0x66, // {.    float4 bgf
	0x78, 0x5f, 0x46, 0x72, 0x61, 0x67, 0x44, 0x61, 0x74, 0x61, 0x30, 0x20, 0x5b, 0x5b, 0x63, 0x6f, // x_FragData0 [[co
	0x6c, 0x6f, 0x72, 0x28, 0x30, 0x29, 0x5d, 0x5d, 0x3b, 0x0a, 0x7d, 0x3b, 0x0a, 0x0a, 0x73, 0x74, // lor(0)]];.};..st
	0x72, 0x75, 0x63, 0x74, 0x20, 0x78, 0x6c, 0x61, 0x74, 0x4d, 0x74, 0x6c, 0x4d, 0x61, 0x69, 0x6e, // ruct xlatMtlMain
	0x5f, 0x69, 0x6e, 0x0a, 0x7b, 0x0a, 0x20, 0x20, 0x20, 0x20, 0x66, 0x6c, 0x6f, 0x61, 0x74, 0x34, // _in.{.    float4
	0x20, 0x76, 0x5f, 0x63, 0x6f, 0x6c, 0x6f, 0x72, 0x30, 0x20, 0x5b, 0x5b, 0x75, 0x73, 0x65, 0x72, //  v_color0 [[user
	0x28, 0x6c, 0x6f, 0x63, 0x6e, 0x30, 0x29, 0x5d, 0x5d, 0x3b, 0x0a, 0x20, 0x20, 0x20, 0x20, 0x66, // (locn0)]];.    f
	0x6c, 0x6f, 0x61, 0x74, 0x34, 0x20, 0x76, 0x5f, 0x63, 0x6f, 0x6c, 0x6f, 0x72, 0x31, 0x20, 0x5b, // loat4 v_color1 [
	0x5b, 0x75, 0x73, 0x65, 0x72, 0x28, 0x6c, 0x6f, 0x63, 0x6e, 0x31, 0x29, 0x5d, 0x5d, 0x3b, 0x0a, // [user(locn1)]];.
	0x20, 0x20, 0x20, 0x20, 0x66, 0x6c, 0x6f, 0x61, 0x74, 0x34, 0x20, 0x76, 0x5f, 0x74, 0x65, 0x78, //     float4 v_tex
	0x63, 0x6f, 0x6f, 0x72, 0x64, 0x30, 0x20, 0x5b, 0x5b, 0x75, 0x73, 0x65, 0x72, 0x28, 0x6c, 0x6f, // coord0 [[user(lo
	0x63, 0x6e, 0x32, 0x29, 0x5d, 0x5d, 0x3b, 0x0a, 0x20, 0x20, 0x20, 0x20, 0x66, 0x6c, 0x6f, 0x61, // cn2)]];.    floa
	0x74, 0x34, 0x20, 0x76, 0x5f, 0x74, 0x65, 0x78, 0x63, 0x6f, 0x6f, 0x72, 0x64, 0x31, 0x20, 0x5b, // t4 v_texcoord1 [
	0x5b, 0x75, 0x73, 0x65, 0x72, 0x28, 0x6c, 0x6f, 0x63, 0x6e, 0x33, 0x29, 0x5d, 0x5d, 0x3b, 0x0a, // [user(locn3)]];.
	0x20, 0x20, 0x20, 0x20, 0x66, 0x6c, 0x6f, 0x61, 0x74, 0x34, 0x20, 0x76, 0x5f, 0x74, 0x65, 0x78, //     float4 v_tex
	0x63, 0x6f, 0x6f, 0x72, 0x64, 0x32, 0x20, 0x5b, 0x5b, 0x75, 0x73, 0x65, 0x72, 0x28, 0x6c, 0x6f, // coord2 [[user(lo
	0x63, 0x6e, 0x34, 0x29, 0x5d, 0x5d, 0x3b, 0x0a, 0x7d, 0x3b, 0x0a, 0x0a, 0x66, 0x72, 0x61, 0x67, // cn4)]];.};..frag
	0x6d, 0x65, 0x6e, 0x74, 0x20, 0x78, 0x6c, 0x61, 0x74, 0x4d, 0x74, 0x6c, 0x4d, 0x61, 0x69, 0x6e, // ment xlatMtlMain
	0x5f, 0x6f, 0x75, 0x74, 0x20, 0x78, 0x6c, 0x61, 0x74, 0x4d, 0x74, 0x6c, 0x4d, 0x61, 0x69, 0x6e, // _out xlatMtlMain
	0x28, 0x78, 0x6c, 0x61, 0x74, 0x4d, 0x74, 0x6c, 0x4d, 0x61, 0x69, 0x6e, 0x5f, 0x69, 0x6e, 0x20, // (xlatMtlMain_in 
	0x69, 0x6e, 0x20, 0x5b, 0x5b, 0x73, 0x74, 0x61, 0x67, 0x65, 0x5f, 0x69, 0x6e, 0x5d, 0x5d, 0x2c, // in [[stage_in]],
	0x20, 0x63, 0x6f, 0x6e, 0x73, 0x74, 0x61, 0x6e, 0x74, 0x20, 0x5f, 0x47, 0x6c, 0x6f, 0x62, 0x61, //  constant _Globa
	0x6c, 0x26, 0x20, 0x5f, 0x6d, 0x74, 0x6c, 0x5f, 0x75, 0x20, 0x5b, 0x5b, 0x62, 0x75, 0x66, 0x66, // l& _mtl_u [[buff
	0x65, 0x72, 0x28, 0x30, 0x29, 0x5d, 0x5d, 0x2c, 0x20, 0x74, 0x65, 0x78, 0x74, 0x75, 0x72, 0x65, // er(0)]], texture
	0x63, 0x75, 0x62, 0x65, 0x3c, 0x66, 0x6c, 0x6f, 0x61, 0x74, 0x3e, 0x20, 0x73, 0x5f, 0x74, 0x65, // cube<float> s_te
	0x78, 0x43, 0x6f, 0x6c, 0x6f, 0x72, 0x20, 0x5b, 0x5b, 0x74, 0x65, 0x78, 0x74, 0x75, 0x72, 0x65, // xColor [[texture
	0x28, 0x30, 0x29, 0x5d, 0x5d, 0x2c, 0x20, 0x73, 0x61, 0x6d, 0x70, 0x6c, 0x65, 0x72, 0x20, 0x73, // (0)]], sampler s
	0x5f, 0x74, 0x65, 0x78, 0x43, 0x6f, 0x6c, 0x6f, 0x72, 0x53, 0x61, 0x6d, 0x70, 0x6c, 0x65, 0x72, // _texColorSampler
	0x20, 0x5b, 0x5b, 0x73, 0x61, 0x6d, 0x70, 0x6c, 0x65, 0x72, 0x28, 0x30, 0x29, 0x5d, 0x5d, 0x29, //  [[sampler(0)]])
	0x0a, 0x7b, 0x0a, 0x20, 0x20, 0x20, 0x20, 0x78, 0x6c, 0x61, 0x74, 0x4d, 0x74, 0x6c, 0x4d, 0x61, // .{.    xlatMtlMa
	0x69, 0x6e, 0x5f, 0x6f, 0x75, 0x74, 0x20, 0x6f, 0x75, 0x74, 0x20, 0x3d, 0x20, 0x7b, 0x7d, 0x3b, // in_out out = {};
	0x0a, 0x20, 0x20, 0x20, 0x20, 0x66, 0x6c, 0x6f, 0x61, 0x74, 0x34, 0x20, 0x5f, 0x36, 0x35, 0x30, // .    float4 _650
	0x3b, 0x0a, 0x20, 0x20, 0x20, 0x20, 0x64, 0x6f, 0x0a, 0x20, 0x20, 0x20, 0x20, 0x7b, 0x0a, 0x20, // ;.    do.    {. 
	0x20, 0x20, 0x20, 0x20, 0x20, 0x20, 0x20, 0x69, 0x66, 0x20, 0x28, 0x21, 0x61, 0x6e, 0x79, 0x28, //        if (!any(
	0x69, 0x6e, 0x2e, 0x76, 0x5f, 0x74, 0x65, 0x78, 0x63, 0x6f, 0x6f, 0x72, 0x64, 0x31, 0x2e, 0x78, // in.v_texcoord1.x
	0x79, 0x7a, 0x20, 0x3d, 0x3d, 0x20, 0x66, 0x6c, 0x6f, 0x61, 0x74, 0x33, 0x28, 0x30, 0x2e, 0x30, // yz == float3(0.0
	0x29, 0x29, 0x29, 0x0a, 0x20, 0x20, 0x20, 0x20, 0x20, 0x20, 0x20, 0x20, 0x7b, 0x0a, 0x20, 0x20, // ))).        {.  
	0x20, 0x20, 0x20, 0x20, 0x20, 0x20, 0x20, 0x20, 0x20, 0x20, 0x66, 0x6c, 0x6f, 0x61, 0x74, 0x34, //           float4
	0x20, 0x5f, 0x35, 0x39, 0x31, 0x20, 0x3d, 0x20, 0x73, 0x5f, 0x74, 0x65, 0x78, 0x43, 0x6f, 0x6c, //  _591 = s_texCol
	0x6f, 0x72, 0x2e, 0x73, 0x61, 0x6d, 0x70, 0x6c, 0x65, 0x28, 0x73, 0x5f, 0x74, 0x65, 0x78, 0x43, // or.sample(s_texC
	0x6f, 0x6c, 0x6f, 0x72, 0x53, 0x61, 0x6d, 0x70, 0x6c, 0x65, 0x72, 0x2c, 0x20, 0x69, 0x6e, 0x2e, // olorSampler, in.
	0x76, 0x5f, 0x74, 0x65, 0x78, 0x63, 0x6f, 0x6f, 0x72, 0x64, 0x31, 0x2e, 0x78, 0x79, 0x7a, 0x29, // v_texcoord1.xyz)
	0x3b, 0x0a, 0x20, 0x20, 0x20, 0x20, 0x20, 0x20, 0x20, 0x20, 0x20, 0x20, 0x20, 0x20, 0x5f, 0x36, // ;.            _6
	0x35, 0x30, 0x20, 0x3d, 0x20, 0x66, 0x6c, 0x6f, 0x61, 0x74, 0x34, 0x28, 0x5f, 0x35, 0x39, 0x31, // 50 = float4(_591
	0x2e, 0x78, 0x79, 0x7a, 0x2c, 0x20, 0x5f, 0x35, 0x39, 0x31, 0x2e, 0x77, 0x20, 0x2a, 0x20, 0x69, // .xyz, _591.w * i
	0x6e, 0x2e, 0x76, 0x5f, 0x63, 0x6f, 0x6c, 0x6f, 0x72, 0x30, 0x2e, 0x77, 0x29, 0x3b, 0x0a, 0x20, // n.v_color0.w);. 
	0x20, 0x20, 0x20, 0x20, 0x20, 0x20, 0x20, 0x20, 0x20, 0x20, 0x20, 0x62, 0x72, 0x65, 0x61, 0x6b, //            break
	0x3b, 0x0a, 0x20, 0x20, 0x20, 0x20, 0x20, 0x20, 0x20, 0x20, 0x7d, 0x0a, 0x20, 0x20, 0x20, 0x20, // ;.        }.    
	0x20, 0x20, 0x20, 0x20, 0x69, 0x66, 0x20, 0x28, 0x21, 0x61, 0x6e, 0x79, 0x28, 0x69, 0x6e, 0x2e, //     if (!any(in.
	0x76, 0x5f, 0x74, 0x65, 0x78, 0x63, 0x6f, 0x6f, 0x72, 0x64, 0x32, 0x2e, 0x78, 0x79, 0x7a, 0x20, // v_texcoord2.xyz 
	0x3d, 0x3d, 0x20, 0x66, 0x6c, 0x6f, 0x61, 0x74, 0x33, 0x28, 0x30, 0x2e, 0x30, 0x29, 0x29, 0x29, // == float3(0.0)))
	0x0a, 0x20, 0x20, 0x20, 0x20, 0x20, 0x20, 0x20, 0x20, 0x7b, 0x0a, 0x20, 0x20, 0x20, 0x20, 0x20, // .        {.     
	0x20, 0x20, 0x20, 0x20, 0x20, 0x20, 0x20, 0x66, 0x6c, 0x6f, 0x61, 0x74, 0x34, 0x20, 0x5f, 0x36, //        float4 _6
	0x30, 0x35, 0x20, 0x3d, 0x20, 0x73, 0x5f, 0x74, 0x65, 0x78, 0x43, 0x6f, 0x6c, 0x6f, 0x72, 0x2e, // 05 = s_texColor.
	0x73, 0x61, 0x6d, 0x70, 0x6c, 0x65, 0x28, 0x73, 0x5f, 0x74, 0x65, 0x78, 0x43, 0x6f, 0x6c, 0x6f, // sample(s_texColo
	0x72, 0x53, 0x61, 0x6d, 0x70, 0x6c, 0x65, 0x72, 0x2c, 0x20, 0x69, 0x6e, 0x2e, 0x76, 0x5f, 0x74, // rSampler, in.v_t
	0x65, 0x78, 0x63, 0x6f, 0x6f, 0x72, 0x64, 0x32, 0x2e, 0x78, 0x79, 0x7a, 0x29, 0x3b, 0x0a, 0x20, // excoord2.xyz);. 
	0x20, 0x20, 0x20, 0x20, 0x20, 0x20, 0x20, 0x20, 0x20, 0x20, 0x20, 0x73, 0x70, 0x76, 0x55, 0x6e, //            spvUn
	0x73, 0x61, 0x66, 0x65, 0x41, 0x72, 0x72, 0x61, 0x79, 0x3c, 0x66, 0x6c, 0x6f, 0x61, 0x74, 0x2c, // safeArray<float,
	0x20, 0x34, 0x3e, 0x20, 0x5f, 0x33, 0x38, 0x36, 0x3b, 0x0a, 0x20, 0x20, 0x20, 0x20, 0x20, 0x20, //  4> _386;.      
	0x20, 0x20, 0x20, 0x20, 0x20, 0x20, 0x5f, 0x33, 0x38, 0x36, 0x5b, 0x30, 0x5d, 0x20, 0x3d, 0x20, //       _386[0] = 
	0x5f, 0x36, 0x30, 0x35, 0x2e, 0x7a, 0x3b, 0x0a, 0x20, 0x20, 0x20, 0x20, 0x20, 0x20, 0x20, 0x20, // _605.z;.        
	0x20, 0x20, 0x20, 0x20, 0x5f, 0x33, 0x38, 0x36, 0x5b, 0x31, 0x5d, 0x20, 0x3d, 0x20, 0x5f, 0x36, //     _386[1] = _6
	0x30, 0x35, 0x2e, 0x79, 0x3b, 0x0a, 0x20, 0x20, 0x20, 0x20, 0x20, 0x20, 0x20, 0x20, 0x20, 0x20, // 05.y;.          
	0x20, 0x20, 0x5f, 0x33, 0x38, 0x36, 0x5b, 0x32, 0x5d, 0x20, 0x3d, 0x20, 0x5f, 0x36, 0x30, 0x35, //   _386[2] = _605
	0x2e, 0x78, 0x3b, 0x0a, 0x20, 0x20, 0x20, 0x20, 0x20, 0x20, 0x20, 0x20, 0x20, 0x20, 0x20, 0x20, // .x;.            
	0x5f, 0x33, 0x38, 0x36, 0x5b, 0x33, 0x5d, 0x20, 0x3d, 0x20, 0x5f, 0x36, 0x30, 0x35, 0x2e, 0x77, // _386[3] = _605.w
	0x3b, 0x0a, 0x20, 0x20, 0x20, 0x20, 0x20, 0x20, 0x20, 0x20, 0x20, 0x20, 0x20, 0x20, 0x66, 0x6c, // ;.            fl
	0x6f, 0x61, 0x74, 0x20, 0x5f, 0x34, 0x37, 0x32, 0x20, 0x3d, 0x20, 0x28, 0x6c, 0x65, 0x6e, 0x67, // oat _472 = (leng
	0x74, 0x68, 0x28, 0x66, 0x77, 0x69, 0x64, 0x74, 0x68, 0x28, 0x69, 0x6e, 0x2e, 0x76, 0x5f, 0x74, // th(fwidth(in.v_t
	0x65, 0x78, 0x63, 0x6f, 0x6f, 0x72, 0x64, 0x32, 0x2e, 0x78, 0x79, 0x7a, 0x29, 0x29, 0x20, 0x2a, // excoord2.xyz)) *
	0x20, 0x31, 0x31, 0x2e, 0x33, 0x31, 0x33, 0x37, 0x30, 0x38, 0x33, 0x30, 0x35, 0x33, 0x35, 0x38, //  11.313708305358
	0x38, 0x38, 0x36, 0x37, 0x31, 0x38, 0x37, 0x35, 0x29, 0x20, 0x2a, 0x20, 0x5f, 0x6d, 0x74, 0x6c, // 88671875) * _mtl
	0x5f, 0x75, 0x2e, 0x75, 0x5f, 0x70, 0x61, 0x72, 0x61, 0x6d, 0x73, 0x2e, 0x79, 0x3b, 0x0a, 0x20, // _u.u_params.y;. 
	0x20, 0x20, 0x20, 0x20, 0x20, 0x20, 0x20, 0x20, 0x20, 0x20, 0x20, 0x66, 0x6c, 0x6f, 0x61, 0x74, //            float
	0x20, 0x5f, 0x34, 0x37, 0x38, 0x20, 0x3d, 0x20, 0x30, 0x2e, 0x35, 0x20, 0x2d, 0x20, 0x28, 0x5f, //  _478 = 0.5 - (_
	0x6d, 0x74, 0x6c, 0x5f, 0x75, 0x2e, 0x75, 0x5f, 0x70, 0x61, 0x72, 0x61, 0x6d, 0x73, 0x2e, 0x77, // mtl_u.u_params.w
	0x20, 0x2a, 0x20, 0x5f, 0x34, 0x37, 0x32, 0x29, 0x3b, 0x0a, 0x20, 0x20, 0x20, 0x20, 0x20, 0x20, //  * _472);.      
	0x20, 0x20, 0x20, 0x20, 0x20, 0x20, 0x66, 0x6c, 0x6f, 0x61, 0x74, 0x20, 0x5f, 0x34, 0x38, 0x32, //       float _482
	0x20, 0x3d, 0x20, 0x5f, 0x34, 0x37, 0x32, 0x20, 0x2a, 0x20, 0x5f, 0x6d, 0x74, 0x6c, 0x5f, 0x75, //  = _472 * _mtl_u
	0x2e, 0x75, 0x5f, 0x70, 0x61, 0x72, 0x61, 0x6d, 0x73, 0x2e, 0x7a, 0x3b, 0x0a, 0x20, 0x20, 0x20, // .u_params.z;.   
	0x20, 0x20, 0x20, 0x20, 0x20, 0x20, 0x20, 0x20, 0x20, 0x5f, 0x36, 0x35, 0x30, 0x20, 0x3d, 0x20, //          _650 = 
	0x66, 0x6c, 0x6f, 0x61, 0x74, 0x34, 0x28, 0x69, 0x6e, 0x2e, 0x76, 0x5f, 0x63, 0x6f, 0x6c, 0x6f, // float4(in.v_colo
	0x72, 0x30, 0x2e, 0x78, 0x79, 0x7a, 0x2c, 0x20, 0x73, 0x6d, 0x6f, 0x6f, 0x74, 0x68, 0x73, 0x74, // r0.xyz, smoothst
	0x65, 0x70, 0x28, 0x5f, 0x34, 0x37, 0x38, 0x20, 0x2d, 0x20, 0x5f, 0x34, 0x38, 0x32, 0x2c, 0x20, // ep(_478 - _482, 
	0x5f, 0x34, 0x37, 0x38, 0x20, 0x2b, 0x20, 0x5f, 0x34, 0x38, 0x32, 0x2c, 0x20, 0x5f, 0x33, 0x38, // _478 + _482, _38
	0x36, 0x5b, 0x69, 0x6e, 0x74, 0x28, 0x28, 0x69, 0x6e, 0x2e, 0x76, 0x5f, 0x74, 0x65, 0x78, 0x63, // 6[int((in.v_texc
	0x6f, 0x6f, 0x72, 0x64, 0x32, 0x2e, 0x77, 0x20, 0x2a, 0x20, 0x34, 0x2e, 0x30, 0x29, 0x20, 0x2b, // oord2.w * 4.0) +
	0x20, 0x30, 0x2e, 0x35, 0x29, 0x5d, 0x29, 0x20, 0x2a, 0x20, 0x69, 0x6e, 0x2e, 0x76, 0x5f, 0x63, //  0.5)]) * in.v_c
	0x6f, 0x6c, 0x6f, 0x72, 0x30, 0x2e, 0x77, 0x29, 0x3b, 0x0a, 0x20, 0x20, 0x20, 0x20, 0x20, 0x20, // olor0.w);.      
	0x20, 0x20, 0x20, 0x20, 0x20, 0x20, 0x62, 0x72, 0x65, 0x61, 0x6b, 0x3b, 0x0a, 0x20, 0x20, 0x20, //       break;.   
	0x20, 0x20, 0x20, 0x20, 0x20, 0x7d, 0x0a, 0x20, 0x20, 0x20, 0x20, 0x20, 0x20, 0x20, 0x20, 0x66, //      }.        f
	0x6c, 0x6f, 0x61, 0x74, 0x34, 0x20, 0x5f, 0x36, 0x31, 0x34, 0x20, 0x3d, 0x20, 0x73, 0x5f, 0x74, // loat4 _614 = s_t
	0x65, 0x78, 0x43, 0x6f, 0x6c, 0x6f, 0x72, 0x2e, 0x73, 0x61, 0x6d, 0x70, 0x6c, 0x65, 0x28, 0x73, // exColor.sample(s
	0x5f, 0x74, 0x65, 0x78, 0x43, 0x6f, 0x6c, 0x6f, 0x72, 0x53, 0x61, 0x6d, 0x70, 0x6c, 0x65, 0x72, // _texColorSampler
	0x2c, 0x20, 0x69, 0x6e, 0x2e, 0x76, 0x5f, 0x74, 0x65, 0x78, 0x63, 0x6f, 0x6f, 0x72, 0x64, 0x30, // , in.v_texcoord0
	0x2e, 0x78, 0x79, 0x7a, 0x29, 0x3b, 0x0a, 0x20, 0x20, 0x20, 0x20, 0x20, 0x20, 0x20, 0x20, 0x69, // .xyz);.        i
	0x6e, 0x74, 0x20, 0x5f, 0x35, 0x31, 0x31, 0x20, 0x3d, 0x20, 0x69, 0x6e, 0x74, 0x28, 0x28, 0x69, // nt _511 = int((i
	0x6e, 0x2e, 0x76, 0x5f, 0x74, 0x65, 0x78, 0x63, 0x6f, 0x6f, 0x72, 0x64, 0x30, 0x2e, 0x77, 0x20, // n.v_texcoord0.w 
	0x2a, 0x20, 0x34, 0x2e, 0x30, 0x29, 0x20, 0x2b, 0x20, 0x30, 0x2e, 0x35, 0x29, 0x3b, 0x0a, 0x20, // * 4.0) + 0.5);. 
	0x20, 0x20, 0x20, 0x20, 0x20, 0x20, 0x20, 0x73, 0x70, 0x76, 0x55, 0x6e, 0x73, 0x61, 0x66, 0x65, //        spvUnsafe
	0x41, 0x72, 0x72, 0x61, 0x79, 0x3c, 0x66, 0x6c, 0x6f, 0x61, 0x74, 0x2c, 0x20, 0x34, 0x3e, 0x20, // Array<float, 4> 
	0x5f, 0x33, 0x39, 0x37, 0x3b, 0x0a, 0x20, 0x20, 0x20, 0x20, 0x20, 0x20, 0x20, 0x20, 0x5f, 0x33, // _397;.        _3
	0x39, 0x37, 0x5b, 0x30, 0x5d, 0x20, 0x3d, 0x20, 0x5f, 0x36, 0x31, 0x34, 0x2e, 0x7a, 0x3b, 0x0a, // 97[0] = _614.z;.
	0x20, 0x20, 0x20, 0x20, 0x20, 0x20, 0x20, 0x20, 0x5f, 0x33, 0x39, 0x37, 0x5b, 0x31, 0x5d, 0x20, //         _397[1] 
	0x3d, 0x20, 0x5f, 0x36, 0x31, 0x34, 0x2e, 0x79, 0x3b, 0x0a, 0x20, 0x20, 0x20, 0x20, 0x20, 0x20, // = _614.y;.      
	0x20, 0x20, 0x5f, 0x33, 0x39, 0x37, 0x5b, 0x32, 0x5d, 0x20, 0x3d, 0x20, 0x5f, 0x36, 0x31, 0x34, //   _397[2] = _614
	0x2e, 0x78, 0x3b, 0x0a, 0x20, 0x20, 0x20, 0x20, 0x20, 0x20, 0x20, 0x20, 0x5f, 0x33, 0x39, 0x37, // .x;.        _397
	0x5b, 0x33, 0x5d, 0x20, 0x3d, 0x20, 0x5f, 0x36, 0x31, 0x34, 0x2e, 0x77, 0x3b, 0x0a, 0x20, 0x20, // [3] = _614.w;.  
	0x20, 0x20, 0x20, 0x20, 0x20, 0x20, 0x66, 0x6c, 0x6f, 0x61, 0x74, 0x20, 0x5f, 0x35, 0x33, 0x35, //       float _535
	0x20, 0x3d, 0x20, 0x28, 0x6c, 0x65, 0x6e, 0x67, 0x74, 0x68, 0x28, 0x66, 0x77, 0x69, 0x64, 0x74, //  = (length(fwidt
	0x68, 0x28, 0x69, 0x6e, 0x2e, 0x76, 0x5f, 0x74, 0x65, 0x78, 0x63, 0x6f, 0x6f, 0x72, 0x64, 0x30, // h(in.v_texcoord0
	0x2e, 0x78, 0x79, 0x7a, 0x29, 0x29, 0x20, 0x2a, 0x20, 0x31, 0x31, 0x2e, 0x33, 0x31, 0x33, 0x37, // .xyz)) * 11.3137
	0x30, 0x38, 0x33, 0x30, 0x35, 0x33, 0x35, 0x38, 0x38, 0x38, 0x36, 0x37, 0x31, 0x38, 0x37, 0x35, // 0830535888671875
	0x29, 0x20, 0x2a, 0x20, 0x5f, 0x6d, 0x74, 0x6c, 0x5f, 0x75, 0x2e, 0x75, 0x5f, 0x70, 0x61, 0x72, // ) * _mtl_u.u_par
	0x61, 0x6d, 0x73, 0x2e, 0x79, 0x3b, 0x0a, 0x20, 0x20, 0x20, 0x20, 0x20, 0x20, 0x20, 0x20, 0x66, // ams.y;.        f
	0x6c, 0x6f, 0x61, 0x74, 0x20, 0x5f, 0x35, 0x34, 0x31, 0x20, 0x3d, 0x20, 0x30, 0x2e, 0x35, 0x20, // loat _541 = 0.5 
	0x2d, 0x20, 0x28, 0x5f, 0x6d, 0x74, 0x6c, 0x5f, 0x75, 0x2e, 0x75, 0x5f, 0x70, 0x61, 0x72, 0x61, // - (_mtl_u.u_para
	0x6d, 0x73, 0x2e, 0x77, 0x20, 0x2a, 0x20, 0x5f, 0x35, 0x33, 0x35, 0x29, 0x3b, 0x0a, 0x20, 0x20, // ms.w * _535);.  
	0x20, 0x20, 0x20, 0x20, 0x20, 0x20, 0x5f, 0x36, 0x35, 0x30, 0x20, 0x3d, 0x20, 0x66, 0x6c, 0x6f, //       _650 = flo
	0x61, 0x74, 0x34, 0x28, 0x6d, 0x69, 0x78, 0x28, 0x69, 0x6e, 0x2e, 0x76, 0x5f, 0x63, 0x6f, 0x6c, // at4(mix(in.v_col
	0x6f, 0x72, 0x31, 0x2e, 0x78, 0x79, 0x7a, 0x2c, 0x20, 0x69, 0x6e, 0x2e, 0x76, 0x5f, 0x63, 0x6f, // or1.xyz, in.v_co
	0x6c, 0x6f, 0x72, 0x30, 0x2e, 0x78, 0x79, 0x7a, 0x2c, 0x20, 0x66, 0x6c, 0x6f, 0x61, 0x74, 0x33, // lor0.xyz, float3
	0x28, 0x73, 0x6d, 0x6f, 0x6f, 0x74, 0x68, 0x73, 0x74, 0x65, 0x70, 0x28, 0x30, 0x2e, 0x35, 0x20, // (smoothstep(0.5 
	0x2d, 0x20, 0x5f, 0x35, 0x33, 0x35, 0x2c, 0x20, 0x30, 0x2e, 0x35, 0x20, 0x2b, 0x20, 0x5f, 0x35, // - _535, 0.5 + _5
	0x33, 0x35, 0x2c, 0x20, 0x5f, 0x33, 0x39, 0x37, 0x5b, 0x5f, 0x35, 0x31, 0x31, 0x5d, 0x29, 0x29, // 35, _397[_511]))
	0x29, 0x2c, 0x20, 0x73, 0x6d, 0x6f, 0x6f, 0x74, 0x68, 0x73, 0x74, 0x65, 0x70, 0x28, 0x5f, 0x35, // ), smoothstep(_5
	0x34, 0x31, 0x20, 0x2d, 0x20, 0x5f, 0x35, 0x33, 0x35, 0x2c, 0x20, 0x5f, 0x35, 0x34, 0x31, 0x20, // 41 - _535, _541 
	0x2b, 0x20, 0x5f, 0x35, 0x33, 0x35, 0x2c, 0x20, 0x5f, 0x33, 0x39, 0x37, 0x5b, 0x5f, 0x35, 0x31, // + _535, _397[_51
	0x31, 0x5d, 0x29, 0x20, 0x2a, 0x20, 0x69, 0x6e, 0x2e, 0x76, 0x5f, 0x63, 0x6f, 0x6c, 0x6f, 0x72, // 1]) * in.v_color
	0x30, 0x2e, 0x77, 0x29, 0x3b, 0x0a, 0x20, 0x20, 0x20, 0x20, 0x20, 0x20, 0x20, 0x20, 0x62, 0x72, // 0.w);.        br
	0x65, 0x61, 0x6b, 0x3b, 0x0a, 0x20, 0x20, 0x20, 0x20, 0x7d, 0x20, 0x77, 0x68, 0x69, 0x6c, 0x65, // eak;.    } while
	0x28, 0x66, 0x61, 0x6c, 0x73, 0x65, 0x29, 0x3b, 0x0a, 0x20, 0x20, 0x20, 0x20, 0x6f, 0x75, 0x74, // (false);.    out
	0x2e, 0x62, 0x67, 0x66, 0x78, 0x5f, 0x46, 0x72, 0x61, 0x67, 0x44, 0x61, 0x74, 0x61, 0x30, 0x20, // .bgfx_FragData0 
	0x3d, 0x20, 0x5f, 0x36, 0x35, 0x30, 0x3b, 0x0a, 0x20, 0x20, 0x20, 0x20, 0x72, 0x65, 0x74, 0x75, // = _650;.    retu
	0x72, 0x6e, 0x20, 0x6f, 0x75, 0x74, 0x3b, 0x0a, 0x7d, 0x0a, 0x0a, 0x00, 0x00, 0x30, 0x00,       // rn out;.}....0.
};
extern const uint8_t* fs_font_distance_field_outline_drop_shadow_image_pssl;
extern const uint32_t fs_font_distance_field_outline_drop_shadow_image_pssl_size;
