static const uint8_t fs_font_distance_field_drop_shadow_glsl[1261] =
{
	0x46, 0x53, 0x48, 0x0c, 0x9e, 0x67, 0x7a, 0xc3, 0x00, 0x00, 0x00, 0x00, 0x00, 0x00, 0x00, 0x00, // FSH..gz.........
	0x00, 0x00, 0x00, 0x00, 0x02, 0x00, 0x08, 0x75, 0x5f, 0x70, 0x61, 0x72, 0x61, 0x6d, 0x73, 0x02, // .......u_params.
	0x01, 0x00, 0x00, 0x01, 0x00, 0x00, 0x00, 0x00, 0x00, 0x0a, 0x73, 0x5f, 0x74, 0x65, 0x78, 0x43, // ..........s_texC
	0x6f, 0x6c, 0x6f, 0x72, 0x00, 0x01, 0x00, 0x00, 0x01, 0x00, 0x00, 0x04, 0x00, 0x00, 0xaa, 0x04, // olor............
	0x00, 0x00, 0x0a, 0x75, 0x6e, 0x69, 0x66, 0x6f, 0x72, 0x6d, 0x20, 0x73, 0x61, 0x6d, 0x70, 0x6c, // ...uniform sampl
	0x65, 0x72, 0x43, 0x75, 0x62, 0x65, 0x20, 0x73, 0x5f, 0x74, 0x65, 0x78, 0x43, 0x6f, 0x6c, 0x6f, // erCube s_texColo
	0x72, 0x3b, 0x0a, 0x75, 0x6e, 0x69, 0x66, 0x6f, 0x72, 0x6d, 0x20, 0x76, 0x65, 0x63, 0x34, 0x20, // r;.uniform vec4 
	0x75, 0x5f, 0x70, 0x61, 0x72, 0x61, 0x6d, 0x73, 0x3b, 0x0a, 0x0a, 0x69, 0x6e, 0x20, 0x76, 0x65, // u_params;..in ve
	0x63, 0x34, 0x20, 0x76, 0x5f, 0x74, 0x65, 0x78, 0x63, 0x6f, 0x6f, 0x72, 0x64, 0x32, 0x3b, 0x0a, // c4 v_texcoord2;.
	0x69, 0x6e, 0x20, 0x76, 0x65, 0x63, 0x34, 0x20, 0x76, 0x5f, 0x63, 0x6f, 0x6c, 0x6f, 0x72, 0x30, // in vec4 v_color0
	0x3b, 0x0a, 0x6c, 0x61, 0x79, 0x6f, 0x75, 0x74, 0x28, 0x6c, 0x6f, 0x63, 0x61, 0x74, 0x69, 0x6f, // ;.layout(locatio
	0x6e, 0x20, 0x3d, 0x20, 0x30, 0x29, 0x20, 0x6f, 0x75, 0x74, 0x20, 0x76, 0x65, 0x63, 0x34, 0x20, // n = 0) out vec4 
	0x62, 0x67, 0x66, 0x78, 0x5f, 0x46, 0x72, 0x61, 0x67, 0x43, 0x6f, 0x6c, 0x6f, 0x72, 0x3b, 0x0a, // bgfx_FragColor;.
	0x69, 0x6e, 0x20, 0x76, 0x65, 0x63, 0x34, 0x20, 0x76, 0x5f, 0x74, 0x65, 0x78, 0x63, 0x6f, 0x6f, // in vec4 v_texcoo
	0x72, 0x64, 0x30, 0x3b, 0x0a, 0x0a, 0x76, 0x6f, 0x69, 0x64, 0x20, 0x6d, 0x61, 0x69, 0x6e, 0x28, // rd0;..void main(
	0x29, 0x0a, 0x7b, 0x0a, 0x20, 0x20, 0x20, 0x20, 0x64, 0x6f, 0x0a, 0x20, 0x20, 0x20, 0x20, 0x7b, // ).{.    do.    {
	0x0a, 0x20, 0x20, 0x20, 0x20, 0x20, 0x20, 0x20, 0x20, 0x69, 0x66, 0x20, 0x28, 0x21, 0x61, 0x6e, // .        if (!an
	0x79, 0x28, 0x65, 0x71, 0x75, 0x61, 0x6c, 0x28, 0x76, 0x5f, 0x74, 0x65, 0x78, 0x63, 0x6f, 0x6f, // y(equal(v_texcoo
	0x72, 0x64, 0x32, 0x2e, 0x78, 0x79, 0x7a, 0x2c, 0x20, 0x76, 0x65, 0x63, 0x33, 0x28, 0x30, 0x2e, // rd2.xyz, vec3(0.
	0x30, 0x29, 0x29, 0x29, 0x29, 0x0a, 0x20, 0x20, 0x20, 0x20, 0x20, 0x20, 0x20, 0x20, 0x7b, 0x0a, // 0)))).        {.
	0x20, 0x20, 0x20, 0x20, 0x20, 0x20, 0x20, 0x20, 0x20, 0x20, 0x20, 0x20, 0x76, 0x65, 0x63, 0x34, //             vec4
	0x20, 0x5f, 0x33, 0x33, 0x20, 0x3d, 0x20, 0x74, 0x65, 0x78, 0x74, 0x75, 0x72, 0x65, 0x28, 0x73, //  _33 = texture(s
	0x5f, 0x74, 0x65, 0x78, 0x43, 0x6f, 0x6c, 0x6f, 0x72, 0x2c, 0x20, 0x76, 0x5f, 0x74, 0x65, 0x78, // _texColor, v_tex
	0x63, 0x6f, 0x6f, 0x72, 0x64, 0x32, 0x2e, 0x78, 0x79, 0x7a, 0x29, 0x3b, 0x0a, 0x20, 0x20, 0x20, // coord2.xyz);.   
	0x20, 0x20, 0x20, 0x20, 0x20, 0x20, 0x20, 0x20, 0x20, 0x66, 0x6c, 0x6f, 0x61, 0x74, 0x20, 0x72, //          float r
	0x67, 0x62, 0x61, 0x32, 0x5b, 0x34, 0x5d, 0x3b, 0x0a, 0x20, 0x20, 0x20, 0x20, 0x20, 0x20, 0x20, // gba2[4];.       
	0x20, 0x20, 0x20, 0x20, 0x20, 0x72, 0x67, 0x62, 0x61, 0x32, 0x5b, 0x30, 0x5d, 0x20, 0x3d, 0x20, //      rgba2[0] = 
	0x5f, 0x33, 0x33, 0x2e, 0x7a, 0x3b, 0x0a, 0x20, 0x20, 0x20, 0x20, 0x20, 0x20, 0x20, 0x20, 0x20, // _33.z;.         
	0x20, 0x20, 0x20, 0x72, 0x67, 0x62, 0x61, 0x32, 0x5b, 0x31, 0x5d, 0x20, 0x3d, 0x20, 0x5f, 0x33, //    rgba2[1] = _3
	0x33, 0x2e, 0x79, 0x3b, 0x0a, 0x20, 0x20, 0x20, 0x20, 0x20, 0x20, 0x20, 0x20, 0x20, 0x20, 0x20, // 3.y;.           
	0x20, 0x72, 0x67, 0x62, 0x61, 0x32, 0x5b, 0x32, 0x5d, 0x20, 0x3d, 0x20, 0x5f, 0x33, 0x33, 0x2e, //  rgba2[2] = _33.
	0x78, 0x3b, 0x0a, 0x20, 0x20, 0x20, 0x20, 0x20, 0x20, 0x20, 0x20, 0x20, 0x20, 0x20, 0x20, 0x72, // x;.            r
	0x67, 0x62, 0x61, 0x32, 0x5b, 0x33, 0x5d, 0x20, 0x3d, 0x20, 0x5f, 0x33, 0x33, 0x2e, 0x77, 0x3b, // gba2[3] = _33.w;
	0x0a, 0x20, 0x20, 0x20, 0x20, 0x20, 0x20, 0x20, 0x20, 0x20, 0x20, 0x20, 0x20, 0x66, 0x6c, 0x6f, // .            flo
	0x61, 0x74, 0x20, 0x5f, 0x39, 0x31, 0x20, 0x3d, 0x20, 0x28, 0x28, 0x6c, 0x65, 0x6e, 0x67, 0x74, // at _91 = ((lengt
	0x68, 0x28, 0x66, 0x77, 0x69, 0x64, 0x74, 0x68, 0x28, 0x76, 0x5f, 0x74, 0x65, 0x78, 0x63, 0x6f, // h(fwidth(v_texco
	0x6f, 0x72, 0x64, 0x32, 0x2e, 0x78, 0x79, 0x7a, 0x29, 0x29, 0x20, 0x2a, 0x20, 0x31, 0x31, 0x2e, // ord2.xyz)) * 11.
	0x33, 0x31, 0x33, 0x37, 0x30, 0x38, 0x33, 0x30, 0x35, 0x33, 0x35, 0x38, 0x38, 0x38, 0x36, 0x37, // 3137083053588867
	0x31, 0x38, 0x37, 0x35, 0x29, 0x20, 0x2a, 0x20, 0x75, 0x5f, 0x70, 0x61, 0x72, 0x61, 0x6d, 0x73, // 1875) * u_params
	0x2e, 0x79, 0x29, 0x20, 0x2a, 0x20, 0x75, 0x5f, 0x70, 0x61, 0x72, 0x61, 0x6d, 0x73, 0x2e, 0x7a, // .y) * u_params.z
	0x3b, 0x0a, 0x20, 0x20, 0x20, 0x20, 0x20, 0x20, 0x20, 0x20, 0x20, 0x20, 0x20, 0x20, 0x62, 0x67, // ;.            bg
	0x66, 0x78, 0x5f, 0x46, 0x72, 0x61, 0x67, 0x43, 0x6f, 0x6c, 0x6f, 0x72, 0x20, 0x3d, 0x20, 0x76, // fx_FragColor = v
	0x65, 0x63, 0x34, 0x28, 0x76, 0x5f, 0x63, 0x6f, 0x6c, 0x6f, 0x72, 0x30, 0x2e, 0x78, 0x79, 0x7a, // ec4(v_color0.xyz
	0x2c, 0x20, 0x73, 0x6d, 0x6f, 0x6f, 0x74, 0x68, 0x73, 0x74, 0x65, 0x70, 0x28, 0x30, 0x2e, 0x35, // , smoothstep(0.5
	0x20, 0x2d, 0x20, 0x5f, 0x39, 0x31, 0x2c, 0x20, 0x30, 0x2e, 0x35, 0x20, 0x2b, 0x20, 0x5f, 0x39, //  - _91, 0.5 + _9
	0x31, 0x2c, 0x20, 0x72, 0x67, 0x62, 0x61, 0x32, 0x5b, 0x69, 0x6e, 0x74, 0x28, 0x28, 0x76, 0x5f, // 1, rgba2[int((v_
	0x74, 0x65, 0x78, 0x63, 0x6f, 0x6f, 0x72, 0x64, 0x32, 0x2e, 0x77, 0x20, 0x2a, 0x20, 0x34, 0x2e, // texcoord2.w * 4.
	0x30, 0x29, 0x20, 0x2b, 0x20, 0x30, 0x2e, 0x35, 0x29, 0x5d, 0x29, 0x20, 0x2a, 0x20, 0x76, 0x5f, // 0) + 0.5)]) * v_
	0x63, 0x6f, 0x6c, 0x6f, 0x72, 0x30, 0x2e, 0x77, 0x29, 0x3b, 0x0a, 0x20, 0x20, 0x20, 0x20, 0x20, // color0.w);.     
	0x20, 0x20, 0x20, 0x20, 0x20, 0x20, 0x20, 0x62, 0x72, 0x65, 0x61, 0x6b, 0x3b, 0x0a, 0x20, 0x20, //        break;.  
	0x20, 0x20, 0x20, 0x20, 0x20, 0x20, 0x7d, 0x0a, 0x20, 0x20, 0x20, 0x20, 0x20, 0x20, 0x20, 0x20, //       }.        
	0x76, 0x65, 0x63, 0x34, 0x20, 0x5f, 0x31, 0x32, 0x31, 0x20, 0x3d, 0x20, 0x74, 0x65, 0x78, 0x74, // vec4 _121 = text
	0x75, 0x72, 0x65, 0x28, 0x73, 0x5f, 0x74, 0x65, 0x78, 0x43, 0x6f, 0x6c, 0x6f, 0x72, 0x2c, 0x20, // ure(s_texColor, 
	0x76, 0x5f, 0x74, 0x65, 0x78, 0x63, 0x6f, 0x6f, 0x72, 0x64, 0x30, 0x2e, 0x78, 0x79, 0x7a, 0x29, // v_texcoord0.xyz)
	0x3b, 0x0a, 0x20, 0x20, 0x20, 0x20, 0x20, 0x20, 0x20, 0x20, 0x66, 0x6c, 0x6f, 0x61, 0x74, 0x20, // ;.        float 
	0x72, 0x67, 0x62, 0x61, 0x5b, 0x34, 0x5d, 0x3b, 0x0a, 0x20, 0x20, 0x20, 0x20, 0x20, 0x20, 0x20, // rgba[4];.       
	0x20, 0x72, 0x67, 0x62, 0x61, 0x5b, 0x30, 0x5d, 0x20, 0x3d, 0x20, 0x5f, 0x31, 0x32, 0x31, 0x2e, //  rgba[0] = _121.
	0x7a, 0x3b, 0x0a, 0x20, 0x20, 0x20, 0x20, 0x20, 0x20, 0x20, 0x20, 0x72, 0x67, 0x62, 0x61, 0x5b, // z;.        rgba[
	0x31, 0x5d, 0x20, 0x3d, 0x20, 0x5f, 0x31, 0x32, 0x31, 0x2e, 0x79, 0x3b, 0x0a, 0x20, 0x20, 0x20, // 1] = _121.y;.   
	0x20, 0x20, 0x20, 0x20, 0x20, 0x72, 0x67, 0x62, 0x61, 0x5b, 0x32, 0x5d, 0x20, 0x3d, 0x20, 0x5f, //      rgba[2] = _
	0x31, 0x32, 0x31, 0x2e, 0x78, 0x3b, 0x0a, 0x20, 0x20, 0x20, 0x20, 0x20, 0x20, 0x20, 0x20, 0x72, // 121.x;.        r
	0x67, 0x62, 0x61, 0x5b, 0x33, 0x5d, 0x20, 0x3d, 0x20, 0x5f, 0x31, 0x32, 0x31, 0x2e, 0x77, 0x3b, // gba[3] = _121.w;
	0x0a, 0x20, 0x20, 0x20, 0x20, 0x20, 0x20, 0x20, 0x20, 0x66, 0x6c, 0x6f, 0x61, 0x74, 0x20, 0x5f, // .        float _
	0x31, 0x35, 0x34, 0x20, 0x3d, 0x20, 0x28, 0x6c, 0x65, 0x6e, 0x67, 0x74, 0x68, 0x28, 0x66, 0x77, // 154 = (length(fw
	0x69, 0x64, 0x74, 0x68, 0x28, 0x76, 0x5f, 0x74, 0x65, 0x78, 0x63, 0x6f, 0x6f, 0x72, 0x64, 0x30, // idth(v_texcoord0
	0x2e, 0x78, 0x79, 0x7a, 0x29, 0x29, 0x20, 0x2a, 0x20, 0x31, 0x31, 0x2e, 0x33, 0x31, 0x33, 0x37, // .xyz)) * 11.3137
	0x30, 0x38, 0x33, 0x30, 0x35, 0x33, 0x35, 0x38, 0x38, 0x38, 0x36, 0x37, 0x31, 0x38, 0x37, 0x35, // 0830535888671875
	0x29, 0x20, 0x2a, 0x20, 0x75, 0x5f, 0x70, 0x61, 0x72, 0x61, 0x6d, 0x73, 0x2e, 0x79, 0x3b, 0x0a, // ) * u_params.y;.
	0x20, 0x20, 0x20, 0x20, 0x20, 0x20, 0x20, 0x20, 0x62, 0x67, 0x66, 0x78, 0x5f, 0x46, 0x72, 0x61, //         bgfx_Fra
	0x67, 0x43, 0x6f, 0x6c, 0x6f, 0x72, 0x20, 0x3d, 0x20, 0x76, 0x65, 0x63, 0x34, 0x28, 0x76, 0x5f, // gColor = vec4(v_
	0x63, 0x6f, 0x6c, 0x6f, 0x72, 0x30, 0x2e, 0x78, 0x79, 0x7a, 0x2c, 0x20, 0x73, 0x6d, 0x6f, 0x6f, // color0.xyz, smoo
	0x74, 0x68, 0x73, 0x74, 0x65, 0x70, 0x28, 0x30, 0x2e, 0x35, 0x20, 0x2d, 0x20, 0x5f, 0x31, 0x35, // thstep(0.5 - _15
	0x34, 0x2c, 0x20, 0x30, 0x2e, 0x35, 0x20, 0x2b, 0x20, 0x5f, 0x31, 0x35, 0x34, 0x2c, 0x20, 0x72, // 4, 0.5 + _154, r
	0x67, 0x62, 0x61, 0x5b, 0x69, 0x6e, 0x74, 0x28, 0x28, 0x76, 0x5f, 0x74, 0x65, 0x78, 0x63, 0x6f, // gba[int((v_texco
	0x6f, 0x72, 0x64, 0x30, 0x2e, 0x77, 0x20, 0x2a, 0x20, 0x34, 0x2e, 0x30, 0x29, 0x20, 0x2b, 0x20, // ord0.w * 4.0) + 
	0x30, 0x2e, 0x35, 0x29, 0x5d, 0x29, 0x20, 0x2a, 0x20, 0x76, 0x5f, 0x63, 0x6f, 0x6c, 0x6f, 0x72, // 0.5)]) * v_color
	0x30, 0x2e, 0x77, 0x29, 0x3b, 0x0a, 0x20, 0x20, 0x20, 0x20, 0x20, 0x20, 0x20, 0x20, 0x62, 0x72, // 0.w);.        br
	0x65, 0x61, 0x6b, 0x3b, 0x0a, 0x20, 0x20, 0x20, 0x20, 0x7d, 0x20, 0x77, 0x68, 0x69, 0x6c, 0x65, // eak;.    } while
	0x28, 0x66, 0x61, 0x6c, 0x73, 0x65, 0x29, 0x3b, 0x0a, 0x7d, 0x0a, 0x0a, 0x00,                   // (false);.}...
};
static const uint8_t fs_font_distance_field_drop_shadow_essl[1379] =
{
	0x46, 0x53, 0x48, 0x0c, 0x9e, 0x67, 0x7a, 0xc3, 0x00, 0x00, 0x00, 0x00, 0x00, 0x00, 0x00, 0x00, // FSH..gz.........
	0x00, 0x00, 0x00, 0x00, 0x02, 0x00, 0x08, 0x75, 0x5f, 0x70, 0x61, 0x72, 0x61, 0x6d, 0x73, 0x02, // .......u_params.
	0x01, 0x00, 0x00, 0x01, 0x00, 0x00, 0x00, 0x00, 0x00, 0x0a, 0x73, 0x5f, 0x74, 0x65, 0x78, 0x43, // ..........s_texC
	0x6f, 0x6c, 0x6f, 0x72, 0x00, 0x01, 0x00, 0x00, 0x01, 0x00, 0x00, 0x04, 0x00, 0x00, 0x20, 0x05, // olor.......... .
	0x00, 0x00, 0x70, 0x72, 0x65, 0x63, 0x69, 0x73, 0x69, 0x6f, 0x6e, 0x20, 0x6d, 0x65, 0x64, 0x69, // ..precision medi
	0x75, 0x6d, 0x70, 0x20, 0x66, 0x6c, 0x6f, 0x61, 0x74, 0x3b, 0x0a, 0x70, 0x72, 0x65, 0x63, 0x69, // ump float;.preci
	0x73, 0x69, 0x6f, 0x6e, 0x20, 0x68, 0x69, 0x67, 0x68, 0x70, 0x20, 0x69, 0x6e, 0x74, 0x3b, 0x0a, // sion highp int;.
	0x0a, 0x75, 0x6e, 0x69, 0x66, 0x6f, 0x72, 0x6d, 0x20, 0x68, 0x69, 0x67, 0x68, 0x70, 0x20, 0x73, // .uniform highp s
	0x61, 0x6d, 0x70, 0x6c, 0x65, 0x72, 0x43, 0x75, 0x62, 0x65, 0x20, 0x73, 0x5f, 0x74, 0x65, 0x78, // amplerCube s_tex
	0x43, 0x6f, 0x6c, 0x6f, 0x72, 0x3b, 0x0a, 0x75, 0x6e, 0x69, 0x66, 0x6f, 0x72, 0x6d, 0x20, 0x68, // Color;.uniform h
	0x69, 0x67, 0x68, 0x70, 0x20, 0x76, 0x65, 0x63, 0x34, 0x20, 0x75, 0x5f, 0x70, 0x61, 0x72, 0x61, // ighp vec4 u_para
	0x6d, 0x73, 0x3b, 0x0a, 0x0a, 0x69, 0x6e, 0x20, 0x68, 0x69, 0x67, 0x68, 0x70, 0x20, 0x76, 0x65, // ms;..in highp ve
	0x63, 0x34, 0x20, 0x76, 0x5f, 0x74, 0x65, 0x78, 0x63, 0x6f, 0x6f, 0x72, 0x64, 0x32, 0x3b, 0x0a, // c4 v_texcoord2;.
	0x69, 0x6e, 0x20, 0x68, 0x69, 0x67, 0x68, 0x70, 0x20, 0x76, 0x65, 0x63, 0x34, 0x20, 0x76, 0x5f, // in highp vec4 v_
	0x63, 0x6f, 0x6c, 0x6f, 0x72, 0x30, 0x3b, 0x0a, 0x6c, 0x61, 0x79, 0x6f, 0x75, 0x74, 0x28, 0x6c, // color0;.layout(l
	0x6f, 0x63, 0x61, 0x74, 0x69, 0x6f, 0x6e, 0x20, 0x3d, 0x20, 0x30, 0x29, 0x20, 0x6f, 0x75, 0x74, // ocation = 0) out
	0x20, 0x68, 0x69, 0x67, 0x68, 0x70, 0x20, 0x76, 0x65, 0x63, 0x34, 0x20, 0x62, 0x67, 0x66, 0x78, //  highp vec4 bgfx
	0x5f, 0x46, 0x72, 0x61, 0x67, 0x43, 0x6f, 0x6c, 0x6f, 0x72, 0x3b, 0x0a, 0x69, 0x6e, 0x20, 0x68, // _FragColor;.in h
	0x69, 0x67, 0x68, 0x70, 0x20, 0x76, 0x65, 0x63, 0x34, 0x20, 0x76, 0x5f, 0x74, 0x65, 0x78, 0x63, // ighp vec4 v_texc
	0x6f, 0x6f, 0x72, 0x64, 0x30, 0x3b, 0x0a, 0x0a, 0x76, 0x6f, 0x69, 0x64, 0x20, 0x6d, 0x61, 0x69, // oord0;..void mai
	0x6e, 0x28, 0x29, 0x0a, 0x7b, 0x0a, 0x20, 0x20, 0x20, 0x20, 0x64, 0x6f, 0x0a, 0x20, 0x20, 0x20, // n().{.    do.   
	0x20, 0x7b, 0x0a, 0x20, 0x20, 0x20, 0x20, 0x20, 0x20, 0x20, 0x20, 0x69, 0x66, 0x20, 0x28, 0x21, //  {.        if (!
	0x61, 0x6e, 0x79, 0x28, 0x65, 0x71, 0x75, 0x61, 0x6c, 0x28, 0x76, 0x5f, 0x74, 0x65, 0x78, 0x63, // any(equal(v_texc
	0x6f, 0x6f, 0x72, 0x64, 0x32, 0x2e, 0x78, 0x79, 0x7a, 0x2c, 0x20, 0x76, 0x65, 0x63, 0x33, 0x28, // oord2.xyz, vec3(
	0x30, 0x2e, 0x30, 0x29, 0x29, 0x29, 0x29, 0x0a, 0x20, 0x20, 0x20, 0x20, 0x20, 0x20, 0x20, 0x20, // 0.0)))).        
	0x7b, 0x0a, 0x20, 0x20, 0x20, 0x20, 0x20, 0x20, 0x20, 0x20, 0x20, 0x20, 0x20, 0x20, 0x68, 0x69, // {.            hi
	0x67, 0x68, 0x70, 0x20, 0x76, 0x65, 0x63, 0x34, 0x20, 0x5f, 0x33, 0x33, 0x20, 0x3d, 0x20, 0x74, // ghp vec4 _33 = t
	0x65, 0x78, 0x74, 0x75, 0x72, 0x65, 0x28, 0x73, 0x5f, 0x74, 0x65, 0x78, 0x43, 0x6f, 0x6c, 0x6f, // exture(s_texColo
	0x72, 0x2c, 0x20, 0x76, 0x5f, 0x74, 0x65, 0x78, 0x63, 0x6f, 0x6f, 0x72, 0x64, 0x32, 0x2e, 0x78, // r, v_texcoord2.x
	0x79, 0x7a, 0x29, 0x3b, 0x0a, 0x20, 0x20, 0x20, 0x20, 0x20, 0x20, 0x20, 0x20, 0x20, 0x20, 0x20, // yz);.           
	0x20, 0x68, 0x69, 0x67, 0x68, 0x70, 0x20, 0x66, 0x6c, 0x6f, 0x61, 0x74, 0x20, 0x72, 0x67, 0x62, //  highp float rgb
	0x61, 0x32, 0x5b, 0x34, 0x5d, 0x3b, 0x0a, 0x20, 0x20, 0x20, 0x20, 0x20, 0x20, 0x20, 0x20, 0x20, // a2[4];.         
	0x20, 0x20, 0x20, 0x72, 0x67, 0x62, 0x61, 0x32, 0x5b, 0x30, 0x5d, 0x20, 0x3d, 0x20, 0x5f, 0x33, //    rgba2[0] = _3
	0x33, 0x2e, 0x7a, 0x3b, 0x0a, 0x20, 0x20, 0x20, 0x20, 0x20, 0x20, 0x20, 0x20, 0x20, 0x20, 0x20, // 3.z;.           
	0x20, 0x72, 0x67, 0x62, 0x61, 0x32, 0x5b, 0x31, 0x5d, 0x20, 0x3d, 0x20, 0x5f, 0x33, 0x33, 0x2e, //  rgba2[1] = _33.
	0x79, 0x3b, 0x0a, 0x20, 0x20, 0x20, 0x20, 0x20, 0x20, 0x20, 0x20, 0x20, 0x20, 0x20, 0x20, 0x72, // y;.            r
	0x67, 0x62, 0x61, 0x32, 0x5b, 0x32, 0x5d, 0x20, 0x3d, 0x20, 0x5f, 0x33, 0x33, 0x2e, 0x78, 0x3b, // gba2[2] = _33.x;
	0x0a, 0x20, 0x20, 0x20, 0x20, 0x20, 0x20, 0x20, 0x20, 0x20, 0x20, 0x20, 0x20, 0x72, 0x67, 0x62, // .            rgb
	0x61, 0x32, 0x5b, 0x33, 0x5d, 0x20, 0x3d, 0x20, 0x5f, 0x33, 0x33, 0x2e, 0x77, 0x3b, 0x0a, 0x20, // a2[3] = _33.w;. 
	0x20, 0x20, 0x20, 0x20, 0x20, 0x20, 0x20, 0x20, 0x20, 0x20, 0x20, 0x68, 0x69, 0x67, 0x68, 0x70, //            highp
	0x20, 0x66, 0x6c, 0x6f, 0x61, 0x74, 0x20, 0x5f, 0x39, 0x31, 0x20, 0x3d, 0x20, 0x28, 0x28, 0x6c, //  float _91 = ((l
	0x65, 0x6e, 0x67, 0x74, 0x68, 0x28, 0x66, 0x77, 0x69, 0x64, 0x74, 0x68, 0x28, 0x76, 0x5f, 0x74, // ength(fwidth(v_t
	0x65, 0x78, 0x63, 0x6f, 0x6f, 0x72, 0x64, 0x32, 0x2e, 0x78, 0x79, 0x7a, 0x29, 0x29, 0x20, 0x2a, // excoord2.xyz)) *
	0x20, 0x31, 0x31, 0x2e, 0x33, 0x31, 0x33, 0x37, 0x30, 0x38, 0x33, 0x30, 0x35, 0x33, 0x35, 0x38, //  11.313708305358
	0x38, 0x38, 0x36, 0x37, 0x31, 0x38, 0x37, 0x35, 0x29, 0x20, 0x2a, 0x20, 0x75, 0x5f, 0x70, 0x61, // 88671875) * u_pa
	0x72, 0x61, 0x6d, 0x73, 0x2e, 0x79, 0x29, 0x20, 0x2a, 0x20, 0x75, 0x5f, 0x70, 0x61, 0x72, 0x61, // rams.y) * u_para
	0x6d, 0x73, 0x2e, 0x7a, 0x3b, 0x0a, 0x20, 0x20, 0x20, 0x20, 0x20, 0x20, 0x20, 0x20, 0x20, 0x20, // ms.z;.          
	0x20, 0x20, 0x62, 0x67, 0x66, 0x78, 0x5f, 0x46, 0x72, 0x61, 0x67, 0x43, 0x6f, 0x6c, 0x6f, 0x72, //   bgfx_FragColor
	0x20, 0x3d, 0x20, 0x76, 0x65, 0x63, 0x34, 0x28, 0x76, 0x5f, 0x63, 0x6f, 0x6c, 0x6f, 0x72, 0x30, //  = vec4(v_color0
	0x2e, 0x78, 0x79, 0x7a, 0x2c, 0x20, 0x73, 0x6d, 0x6f, 0x6f, 0x74, 0x68, 0x73, 0x74, 0x65, 0x70, // .xyz, smoothstep
	0x28, 0x30, 0x2e, 0x35, 0x20, 0x2d, 0x20, 0x5f, 0x39, 0x31, 0x2c, 0x20, 0x30, 0x2e, 0x35, 0x20, // (0.5 - _91, 0.5 
	0x2b, 0x20, 0x5f, 0x39, 0x31, 0x2c, 0x20, 0x72, 0x67, 0x62, 0x61, 0x32, 0x5b, 0x69, 0x6e, 0x74, // + _91, rgba2[int
	0x28, 0x28, 0x76, 0x5f, 0x74, 0x65, 0x78, 0x63, 0x6f, 0x6f, 0x72, 0x64, 0x32, 0x2e, 0x77, 0x20, // ((v_texcoord2.w 
	0x2a, 0x20, 0x34, 0x2e, 0x30, 0x29, 0x20, 0x2b, 0x20, 0x30, 0x2e, 0x35, 0x29, 0x5d, 0x29, 0x20, // * 4.0) + 0.5)]) 
	0x2a, 0x20, 0x76, 0x5f, 0x63, 0x6f, 0x6c, 0x6f, 0x72, 0x30, 0x2e, 0x77, 0x29, 0x3b, 0x0a, 0x20, // * v_color0.w);. 
	0x20, 0x20, 0x20, 0x20, 0x20, 0x20, 0x20, 0x20, 0x20, 0x20, 0x20, 0x62, 0x72, 0x65, 0x61, 0x6b, //            break
	0x3b, 0x0a, 0x20, 0x20, 0x20, 0x20, 0x20, 0x20, 0x20, 0x20, 0x7d, 0x0a, 0x20, 0x20, 0x20, 0x20, // ;.        }.    
	0x20, 0x20, 0x20, 0x20, 0x68, 0x69, 0x67, 0x68, 0x70, 0x20, 0x76, 0x65, 0x63, 0x34, 0x20, 0x5f, //     highp vec4 _
	0x31, 0x32, 0x31, 0x20, 0x3d, 0x20, 0x74, 0x65, 0x78, 0x74, 0x75, 0x72, 0x65, 0x28, 0x73, 0x5f, // 121 = texture(s_
	0x74, 0x65, 0x78, 0x43, 0x6f, 0x6c, 0x6f, 0x72, 0x2c, 0x20, 0x76, 0x5f, 0x74, 0x65, 0x78, 0x63, // texColor, v_texc
	0x6f, 0x6f, 0x72, 0x64, 0x30, 0x2e, 0x78, 0x79, 0x7a, 0x29, 0x3b, 0x0a, 0x20, 0x20, 0x20, 0x20, // oord0.xyz);.    
	0x20, 0x20, 0x20, 0x20, 0x68, 0x69, 0x67, 0x68, 0x70, 0x20, 0x66, 0x6c, 0x6f, 0x61, 0x74, 0x20, //     highp float 
	0x72, 0x67, 0x62, 0x61, 0x5b, 0x34, 0x5d, 0x3b, 0x0a, 0x20, 0x20, 0x20, 0x20, 0x20, 0x20, 0x20, // rgba[4];.       
	0x20, 0x72, 0x67, 0x62, 0x61, 0x5b, 0x30, 0x5d, 0x20, 0x3d, 0x20, 0x5f, 0x31, 0x32, 0x31, 0x2e, //  rgba[0] = _121.
	0x7a, 0x3b, 0x0a, 0x20, 0x20, 0x20, 0x20, 0x20, 0x20, 0x20, 0x20, 0x72, 0x67, 0x62, 0x61, 0x5b, // z;.        rgba[
	0x31, 0x5d, 0x20, 0x3d, 0x20, 0x5f, 0x31, 0x32, 0x31, 0x2e, 0x79, 0x3b, 0x0a, 0x20, 0x20, 0x20, // 1] = _121.y;.   
	0x20, 0x20, 0x20, 0x20, 0x20, 0x72, 0x67, 0x62, 0x61, 0x5b, 0x32, 0x5d, 0x20, 0x3d, 0x20, 0x5f, //      rgba[2] = _
	0x31, 0x32, 0x31, 0x2e, 0x78, 0x3b, 0x0a, 0x20, 0x20, 0x20, 0x20, 0x20, 0x20, 0x20, 0x20, 0x72, // 121.x;.        r
	0x67, 0x62, 0x61, 0x5b, 0x33, 0x5d, 0x20, 0x3d, 0x20, 0x5f, 0x31, 0x32, 0x31, 0x2e, 0x77, 0x3b, // gba[3] = _121.w;
	0x0a, 0x20, 0x20, 0x20, 0x20, 0x20, 0x20, 0x20, 0x20, 0x68, 0x69, 0x67, 0x68, 0x70, 0x20, 0x66, // .        highp f
	0x6c, 0x6f, 0x61, 0x74, 0x20, 0x5f, 0x31, 0x35, 0x34, 0x20, 0x3d, 0x20, 0x28, 0x6c, 0x65, 0x6e, // loat _154 = (len
	0x67, 0x74, 0x68, 0x28, 0x66, 0x77, 0x69, 0x64, 0x74, 0x68, 0x28, 0x76, 0x5f, 0x74, 0x65, 0x78, // gth(fwidth(v_tex
	0x63, 0x6f, 0x6f, 0x72, 0x64, 0x30, 0x2e, 0x78, 0x79, 0x7a, 0x29, 0x29, 0x20, 0x2a, 0x20, 0x31, // coord0.xyz)) * 1
	0x31, 0x2e, 0x33, 0x31, 0x33, 0x37, 0x30, 0x38, 0x33, 0x30, 0x35, 0x33, 0x35, 0x38, 0x38, 0x38, // 1.31370830535888
	0x36, 0x37, 0x31, 0x38, 0x37, 0x35, 0x29, 0x20, 0x2a, 0x20, 0x75, 0x5f, 0x70, 0x61, 0x72, 0x61, // 671875) * u_para
	0x6d, 0x73, 0x2e, 0x79, 0x3b, 0x0a, 0x20, 0x20, 0x20, 0x20, 0x20, 0x20, 0x20, 0x20, 0x62, 0x67, // ms.y;.        bg
	0x66, 0x78, 0x5f, 0x46, 0x72, 0x61, 0x67, 0x43, 0x6f, 0x6c, 0x6f, 0x72, 0x20, 0x3d, 0x20, 0x76, // fx_FragColor = v
	0x65, 0x63, 0x34, 0x28, 0x76, 0x5f, 0x63, 0x6f, 0x6c, 0x6f, 0x72, 0x30, 0x2e, 0x78, 0x79, 0x7a, // ec4(v_color0.xyz
	0x2c, 0x20, 0x73, 0x6d, 0x6f, 0x6f, 0x74, 0x68, 0x73, 0x74, 0x65, 0x70, 0x28, 0x30, 0x2e, 0x35, // , smoothstep(0.5
	0x20, 0x2d, 0x20, 0x5f, 0x31, 0x35, 0x34, 0x2c, 0x20, 0x30, 0x2e, 0x35, 0x20, 0x2b, 0x20, 0x5f, //  - _154, 0.5 + _
	0x31, 0x35, 0x34, 0x2c, 0x20, 0x72, 0x67, 0x62, 0x61, 0x5b, 0x69, 0x6e, 0x74, 0x28, 0x28, 0x76, // 154, rgba[int((v
	0x5f, 0x74, 0x65, 0x78, 0x63, 0x6f, 0x6f, 0x72, 0x64, 0x30, 0x2e, 0x77, 0x20, 0x2a, 0x20, 0x34, // _texcoord0.w * 4
	0x2e, 0x30, 0x29, 0x20, 0x2b, 0x20, 0x30, 0x2e, 0x35, 0x29, 0x5d, 0x29, 0x20, 0x2a, 0x20, 0x76, // .0) + 0.5)]) * v
	0x5f, 0x63, 0x6f, 0x6c, 0x6f, 0x72, 0x30, 0x2e, 0x77, 0x29, 0x3b, 0x0a, 0x20, 0x20, 0x20, 0x20, // _color0.w);.    
	0x20, 0x20, 0x20, 0x20, 0x62, 0x72, 0x65, 0x61, 0x6b, 0x3b, 0x0a, 0x20, 0x20, 0x20, 0x20, 0x7d, //     break;.    }
	0x20, 0x77, 0x68, 0x69, 0x6c, 0x65, 0x28, 0x66, 0x61, 0x6c, 0x73, 0x65, 0x29, 0x3b, 0x0a, 0x7d, //  while(false);.}
	0x0a, 0x0a, 0x00,                                                                               // ...
};
static const uint8_t fs_font_distance_field_drop_shadow_spv[3086] =
{
	0x46, 0x53, 0x48, 0x0c, 0x9e, 0x67, 0x7a, 0xc3, 0x00, 0x00, 0x00, 0x00, 0x00, 0x00, 0x00, 0x00, // FSH..gz.........
	0x00, 0x00, 0x00, 0x00, 0x02, 0x00, 0x08, 0x75, 0x5f, 0x70, 0x61, 0x72, 0x61, 0x6d, 0x73, 0x12, // .......u_params.
	0x01, 0x00, 0x00, 0x01, 0x00, 0x00, 0x00, 0x00, 0x00, 0x0a, 0x73, 0x5f, 0x74, 0x65, 0x78, 0x43, // ..........s_texC
	0x6f, 0x6c, 0x6f, 0x72, 0x30, 0x00, 0x02, 0x00, 0x00, 0x00, 0x00, 0x04, 0x29, 0x00, 0xc8, 0x0b, // olor0.......)...
	0x00, 0x00, 0x03, 0x02, 0x23, 0x07, 0x00, 0x00, 0x01, 0x00, 0x0b, 0x00, 0x08, 0x00, 0xe5, 0x01, // ....#...........
	0x00, 0x00, 0x00, 0x00, 0x00, 0x00, 0x11, 0x00, 0x02, 0x00, 0x01, 0x00, 0x00, 0x00, 0x0b, 0x00, // ................
	0x06, 0x00, 0x01, 0x00, 0x00, 0x00, 0x47, 0x4c, 0x53, 0x4c, 0x2e, 0x73, 0x74, 0x64, 0x2e, 0x34, // ......GLSL.std.4
	0x35, 0x30, 0x00, 0x00, 0x00, 0x00, 0x0e, 0x00, 0x03, 0x00, 0x00, 0x00, 0x00, 0x00, 0x01, 0x00, // 50..............
	0x00, 0x00, 0x0f, 0x00, 0x09, 0x00, 0x04, 0x00, 0x00, 0x00, 0x04, 0x00, 0x00, 0x00, 0x6d, 0x61, // ..............ma
	0x69, 0x6e, 0x00, 0x00, 0x00, 0x00, 0xed, 0x00, 0x00, 0x00, 0xf3, 0x00, 0x00, 0x00, 0xf9, 0x00, // in..............
	0x00, 0x00, 0x0c, 0x01, 0x00, 0x00, 0x10, 0x00, 0x03, 0x00, 0x04, 0x00, 0x00, 0x00, 0x07, 0x00, // ................
	0x00, 0x00, 0x03, 0x00, 0x03, 0x00, 0x05, 0x00, 0x00, 0x00, 0xf4, 0x01, 0x00, 0x00, 0x05, 0x00, // ................
	0x04, 0x00, 0x04, 0x00, 0x00, 0x00, 0x6d, 0x61, 0x69, 0x6e, 0x00, 0x00, 0x00, 0x00, 0x05, 0x00, // ......main......
	0x07, 0x00, 0x2d, 0x00, 0x00, 0x00, 0x73, 0x5f, 0x74, 0x65, 0x78, 0x43, 0x6f, 0x6c, 0x6f, 0x72, // ..-...s_texColor
	0x53, 0x61, 0x6d, 0x70, 0x6c, 0x65, 0x72, 0x00, 0x00, 0x00, 0x05, 0x00, 0x07, 0x00, 0x30, 0x00, // Sampler.......0.
	0x00, 0x00, 0x73, 0x5f, 0x74, 0x65, 0x78, 0x43, 0x6f, 0x6c, 0x6f, 0x72, 0x54, 0x65, 0x78, 0x74, // ..s_texColorText
	0x75, 0x72, 0x65, 0x00, 0x00, 0x00, 0x05, 0x00, 0x06, 0x00, 0x8f, 0x00, 0x00, 0x00, 0x55, 0x6e, // ure...........Un
	0x69, 0x66, 0x6f, 0x72, 0x6d, 0x42, 0x6c, 0x6f, 0x63, 0x6b, 0x00, 0x00, 0x00, 0x00, 0x06, 0x00, // iformBlock......
	0x06, 0x00, 0x8f, 0x00, 0x00, 0x00, 0x00, 0x00, 0x00, 0x00, 0x75, 0x5f, 0x70, 0x61, 0x72, 0x61, // ..........u_para
	0x6d, 0x73, 0x00, 0x00, 0x00, 0x00, 0x05, 0x00, 0x03, 0x00, 0x91, 0x00, 0x00, 0x00, 0x00, 0x00, // ms..............
	0x00, 0x00, 0x05, 0x00, 0x05, 0x00, 0xed, 0x00, 0x00, 0x00, 0x76, 0x5f, 0x63, 0x6f, 0x6c, 0x6f, // ..........v_colo
	0x72, 0x30, 0x00, 0x00, 0x00, 0x00, 0x05, 0x00, 0x05, 0x00, 0xf3, 0x00, 0x00, 0x00, 0x76, 0x5f, // r0............v_
	0x74, 0x65, 0x78, 0x63, 0x6f, 0x6f, 0x72, 0x64, 0x30, 0x00, 0x05, 0x00, 0x05, 0x00, 0xf9, 0x00, // texcoord0.......
	0x00, 0x00, 0x76, 0x5f, 0x74, 0x65, 0x78, 0x63, 0x6f, 0x6f, 0x72, 0x64, 0x32, 0x00, 0x05, 0x00, // ..v_texcoord2...
	0x06, 0x00, 0x0c, 0x01, 0x00, 0x00, 0x62, 0x67, 0x66, 0x78, 0x5f, 0x46, 0x72, 0x61, 0x67, 0x44, // ......bgfx_FragD
	0x61, 0x74, 0x61, 0x30, 0x00, 0x00, 0x47, 0x00, 0x04, 0x00, 0x2d, 0x00, 0x00, 0x00, 0x21, 0x00, // ata0..G...-...!.
	0x00, 0x00, 0x12, 0x00, 0x00, 0x00, 0x47, 0x00, 0x04, 0x00, 0x2d, 0x00, 0x00, 0x00, 0x22, 0x00, // ......G...-...".
	0x00, 0x00, 0x00, 0x00, 0x00, 0x00, 0x47, 0x00, 0x04, 0x00, 0x30, 0x00, 0x00, 0x00, 0x21, 0x00, // ......G...0...!.
	0x00, 0x00, 0x02, 0x00, 0x00, 0x00, 0x47, 0x00, 0x04, 0x00, 0x30, 0x00, 0x00, 0x00, 0x22, 0x00, // ......G...0...".
	0x00, 0x00, 0x00, 0x00, 0x00, 0x00, 0x47, 0x00, 0x03, 0x00, 0x8f, 0x00, 0x00, 0x00, 0x02, 0x00, // ......G.........
	0x00, 0x00, 0x48, 0x00, 0x05, 0x00, 0x8f, 0x00, 0x00, 0x00, 0x00, 0x00, 0x00, 0x00, 0x23, 0x00, // ..H...........#.
	0x00, 0x00, 0x00, 0x00, 0x00, 0x00, 0x47, 0x00, 0x04, 0x00, 0x91, 0x00, 0x00, 0x00, 0x21, 0x00, // ......G.......!.
	0x00, 0x00, 0x01, 0x00, 0x00, 0x00, 0x47, 0x00, 0x04, 0x00, 0x91, 0x00, 0x00, 0x00, 0x22, 0x00, // ......G.......".
	0x00, 0x00, 0x00, 0x00, 0x00, 0x00, 0x47, 0x00, 0x04, 0x00, 0xed, 0x00, 0x00, 0x00, 0x1e, 0x00, // ......G.........
	0x00, 0x00, 0x00, 0x00, 0x00, 0x00, 0x47, 0x00, 0x04, 0x00, 0xf3, 0x00, 0x00, 0x00, 0x1e, 0x00, // ......G.........
	0x00, 0x00, 0x02, 0x00, 0x00, 0x00, 0x47, 0x00, 0x04, 0x00, 0xf9, 0x00, 0x00, 0x00, 0x1e, 0x00, // ......G.........
	0x00, 0x00, 0x04, 0x00, 0x00, 0x00, 0x47, 0x00, 0x04, 0x00, 0x0c, 0x01, 0x00, 0x00, 0x1e, 0x00, // ......G.........
	0x00, 0x00, 0x00, 0x00, 0x00, 0x00, 0x13, 0x00, 0x02, 0x00, 0x02, 0x00, 0x00, 0x00, 0x21, 0x00, // ..............!.
	0x03, 0x00, 0x03, 0x00, 0x00, 0x00, 0x02, 0x00, 0x00, 0x00, 0x1a, 0x00, 0x02, 0x00, 0x06, 0x00, // ................
	0x00, 0x00, 0x16, 0x00, 0x03, 0x00, 0x07, 0x00, 0x00, 0x00, 0x20, 0x00, 0x00, 0x00, 0x19, 0x00, // .......... .....
	0x09, 0x00, 0x08, 0x00, 0x00, 0x00, 0x07, 0x00, 0x00, 0x00, 0x03, 0x00, 0x00, 0x00, 0x00, 0x00, // ................
	0x00, 0x00, 0x00, 0x00, 0x00, 0x00, 0x00, 0x00, 0x00, 0x00, 0x01, 0x00, 0x00, 0x00, 0x00, 0x00, // ................
	0x00, 0x00, 0x17, 0x00, 0x04, 0x00, 0x0b, 0x00, 0x00, 0x00, 0x07, 0x00, 0x00, 0x00, 0x03, 0x00, // ................
	0x00, 0x00, 0x17, 0x00, 0x04, 0x00, 0x0d, 0x00, 0x00, 0x00, 0x07, 0x00, 0x00, 0x00, 0x04, 0x00, // ................
	0x00, 0x00, 0x14, 0x00, 0x02, 0x00, 0x13, 0x00, 0x00, 0x00, 0x17, 0x00, 0x04, 0x00, 0x14, 0x00, // ................
	0x00, 0x00, 0x13, 0x00, 0x00, 0x00, 0x03, 0x00, 0x00, 0x00, 0x20, 0x00, 0x04, 0x00, 0x1a, 0x00, // .......... .....
	0x00, 0x00, 0x07, 0x00, 0x00, 0x00, 0x07, 0x00, 0x00, 0x00, 0x20, 0x00, 0x04, 0x00, 0x2c, 0x00, // .......... ...,.
	0x00, 0x00, 0x00, 0x00, 0x00, 0x00, 0x06, 0x00, 0x00, 0x00, 0x3b, 0x00, 0x04, 0x00, 0x2c, 0x00, // ..........;...,.
	0x00, 0x00, 0x2d, 0x00, 0x00, 0x00, 0x00, 0x00, 0x00, 0x00, 0x20, 0x00, 0x04, 0x00, 0x2f, 0x00, // ..-....... .../.
	0x00, 0x00, 0x00, 0x00, 0x00, 0x00, 0x08, 0x00, 0x00, 0x00, 0x3b, 0x00, 0x04, 0x00, 0x2f, 0x00, // ..........;.../.
	0x00, 0x00, 0x30, 0x00, 0x00, 0x00, 0x00, 0x00, 0x00, 0x00, 0x15, 0x00, 0x04, 0x00, 0x33, 0x00, // ..0...........3.
	0x00, 0x00, 0x20, 0x00, 0x00, 0x00, 0x01, 0x00, 0x00, 0x00, 0x2b, 0x00, 0x04, 0x00, 0x33, 0x00, // .. .......+...3.
	0x00, 0x00, 0x34, 0x00, 0x00, 0x00, 0x01, 0x00, 0x00, 0x00, 0x2b, 0x00, 0x04, 0x00, 0x33, 0x00, // ..4.......+...3.
	0x00, 0x00, 0x38, 0x00, 0x00, 0x00, 0x00, 0x00, 0x00, 0x00, 0x1b, 0x00, 0x03, 0x00, 0x3c, 0x00, // ..8...........<.
	0x00, 0x00, 0x08, 0x00, 0x00, 0x00, 0x2b, 0x00, 0x04, 0x00, 0x07, 0x00, 0x00, 0x00, 0x4c, 0x00, // ......+.......L.
	0x00, 0x00, 0x00, 0x00, 0x00, 0x00, 0x2c, 0x00, 0x06, 0x00, 0x0b, 0x00, 0x00, 0x00, 0x4f, 0x00, // ......,.......O.
	0x00, 0x00, 0x4c, 0x00, 0x00, 0x00, 0x4c, 0x00, 0x00, 0x00, 0x4c, 0x00, 0x00, 0x00, 0x15, 0x00, // ..L...L...L.....
	0x04, 0x00, 0x64, 0x00, 0x00, 0x00, 0x20, 0x00, 0x00, 0x00, 0x00, 0x00, 0x00, 0x00, 0x2b, 0x00, // ..d... .......+.
	0x04, 0x00, 0x07, 0x00, 0x00, 0x00, 0x68, 0x00, 0x00, 0x00, 0x00, 0x00, 0x80, 0x40, 0x2b, 0x00, // ......h......@+.
	0x04, 0x00, 0x07, 0x00, 0x00, 0x00, 0x6a, 0x00, 0x00, 0x00, 0x00, 0x00, 0x00, 0x3f, 0x2b, 0x00, // ......j......?+.
	0x04, 0x00, 0x64, 0x00, 0x00, 0x00, 0x6d, 0x00, 0x00, 0x00, 0x04, 0x00, 0x00, 0x00, 0x1c, 0x00, // ..d...m.........
	0x04, 0x00, 0x6e, 0x00, 0x00, 0x00, 0x07, 0x00, 0x00, 0x00, 0x6d, 0x00, 0x00, 0x00, 0x20, 0x00, // ..n.......m... .
	0x04, 0x00, 0x6f, 0x00, 0x00, 0x00, 0x07, 0x00, 0x00, 0x00, 0x6e, 0x00, 0x00, 0x00, 0x2b, 0x00, // ..o.......n...+.
	0x04, 0x00, 0x64, 0x00, 0x00, 0x00, 0x71, 0x00, 0x00, 0x00, 0x02, 0x00, 0x00, 0x00, 0x2b, 0x00, // ..d...q.......+.
	0x04, 0x00, 0x64, 0x00, 0x00, 0x00, 0x75, 0x00, 0x00, 0x00, 0x01, 0x00, 0x00, 0x00, 0x2b, 0x00, // ..d...u.......+.
	0x04, 0x00, 0x33, 0x00, 0x00, 0x00, 0x79, 0x00, 0x00, 0x00, 0x02, 0x00, 0x00, 0x00, 0x2b, 0x00, // ..3...y.......+.
	0x04, 0x00, 0x64, 0x00, 0x00, 0x00, 0x7a, 0x00, 0x00, 0x00, 0x00, 0x00, 0x00, 0x00, 0x2b, 0x00, // ..d...z.......+.
	0x04, 0x00, 0x33, 0x00, 0x00, 0x00, 0x7e, 0x00, 0x00, 0x00, 0x03, 0x00, 0x00, 0x00, 0x1e, 0x00, // ..3...~.........
	0x03, 0x00, 0x8f, 0x00, 0x00, 0x00, 0x0d, 0x00, 0x00, 0x00, 0x20, 0x00, 0x04, 0x00, 0x90, 0x00, // .......... .....
	0x00, 0x00, 0x02, 0x00, 0x00, 0x00, 0x8f, 0x00, 0x00, 0x00, 0x3b, 0x00, 0x04, 0x00, 0x90, 0x00, // ..........;.....
	0x00, 0x00, 0x91, 0x00, 0x00, 0x00, 0x02, 0x00, 0x00, 0x00, 0x20, 0x00, 0x04, 0x00, 0x92, 0x00, // .......... .....
	0x00, 0x00, 0x02, 0x00, 0x00, 0x00, 0x07, 0x00, 0x00, 0x00, 0x20, 0x00, 0x04, 0x00, 0xe9, 0x00, // .......... .....
	0x00, 0x00, 0x01, 0x00, 0x00, 0x00, 0x0d, 0x00, 0x00, 0x00, 0x3b, 0x00, 0x04, 0x00, 0xe9, 0x00, // ..........;.....
	0x00, 0x00, 0xed, 0x00, 0x00, 0x00, 0x01, 0x00, 0x00, 0x00, 0x3b, 0x00, 0x04, 0x00, 0xe9, 0x00, // ..........;.....
	0x00, 0x00, 0xf3, 0x00, 0x00, 0x00, 0x01, 0x00, 0x00, 0x00, 0x3b, 0x00, 0x04, 0x00, 0xe9, 0x00, // ..........;.....
	0x00, 0x00, 0xf9, 0x00, 0x00, 0x00, 0x01, 0x00, 0x00, 0x00, 0x20, 0x00, 0x04, 0x00, 0x0b, 0x01, // .......... .....
	0x00, 0x00, 0x03, 0x00, 0x00, 0x00, 0x0d, 0x00, 0x00, 0x00, 0x3b, 0x00, 0x04, 0x00, 0x0b, 0x01, // ..........;.....
	0x00, 0x00, 0x0c, 0x01, 0x00, 0x00, 0x03, 0x00, 0x00, 0x00, 0x2b, 0x00, 0x04, 0x00, 0x07, 0x00, // ..........+.....
	0x00, 0x00, 0xe3, 0x01, 0x00, 0x00, 0xf3, 0x04, 0x35, 0x41, 0x36, 0x00, 0x05, 0x00, 0x02, 0x00, // ........5A6.....
	0x00, 0x00, 0x04, 0x00, 0x00, 0x00, 0x00, 0x00, 0x00, 0x00, 0x03, 0x00, 0x00, 0x00, 0xf8, 0x00, // ................
	0x02, 0x00, 0x05, 0x00, 0x00, 0x00, 0x3b, 0x00, 0x04, 0x00, 0x6f, 0x00, 0x00, 0x00, 0x30, 0x01, // ......;...o...0.
	0x00, 0x00, 0x07, 0x00, 0x00, 0x00, 0x3b, 0x00, 0x04, 0x00, 0x6f, 0x00, 0x00, 0x00, 0x39, 0x01, // ......;...o...9.
	0x00, 0x00, 0x07, 0x00, 0x00, 0x00, 0x3d, 0x00, 0x04, 0x00, 0x06, 0x00, 0x00, 0x00, 0x2e, 0x00, // ......=.........
	0x00, 0x00, 0x2d, 0x00, 0x00, 0x00, 0x3d, 0x00, 0x04, 0x00, 0x08, 0x00, 0x00, 0x00, 0x31, 0x00, // ..-...=.......1.
	0x00, 0x00, 0x30, 0x00, 0x00, 0x00, 0x3d, 0x00, 0x04, 0x00, 0x0d, 0x00, 0x00, 0x00, 0xee, 0x00, // ..0...=.........
	0x00, 0x00, 0xed, 0x00, 0x00, 0x00, 0x3d, 0x00, 0x04, 0x00, 0x0d, 0x00, 0x00, 0x00, 0xf4, 0x00, // ......=.........
	0x00, 0x00, 0xf3, 0x00, 0x00, 0x00, 0x3d, 0x00, 0x04, 0x00, 0x0d, 0x00, 0x00, 0x00, 0xfa, 0x00, // ......=.........
	0x00, 0x00, 0xf9, 0x00, 0x00, 0x00, 0xf7, 0x00, 0x03, 0x00, 0xb0, 0x01, 0x00, 0x00, 0x00, 0x00, // ................
	0x00, 0x00, 0xfb, 0x00, 0x03, 0x00, 0x7a, 0x00, 0x00, 0x00, 0x3f, 0x01, 0x00, 0x00, 0xf8, 0x00, // ......z...?.....
	0x02, 0x00, 0x3f, 0x01, 0x00, 0x00, 0x4f, 0x00, 0x08, 0x00, 0x0b, 0x00, 0x00, 0x00, 0x42, 0x01, // ..?...O.......B.
	0x00, 0x00, 0xfa, 0x00, 0x00, 0x00, 0xfa, 0x00, 0x00, 0x00, 0x00, 0x00, 0x00, 0x00, 0x01, 0x00, // ................
	0x00, 0x00, 0x02, 0x00, 0x00, 0x00, 0xb4, 0x00, 0x05, 0x00, 0x14, 0x00, 0x00, 0x00, 0xba, 0x01, // ................
	0x00, 0x00, 0x42, 0x01, 0x00, 0x00, 0x4f, 0x00, 0x00, 0x00, 0x9a, 0x00, 0x04, 0x00, 0x13, 0x00, // ..B...O.........
	0x00, 0x00, 0x44, 0x01, 0x00, 0x00, 0xba, 0x01, 0x00, 0x00, 0xa8, 0x00, 0x04, 0x00, 0x13, 0x00, // ..D.............
	0x00, 0x00, 0x45, 0x01, 0x00, 0x00, 0x44, 0x01, 0x00, 0x00, 0xf7, 0x00, 0x03, 0x00, 0x7d, 0x01, // ..E...D.......}.
	0x00, 0x00, 0x00, 0x00, 0x00, 0x00, 0xfa, 0x00, 0x04, 0x00, 0x45, 0x01, 0x00, 0x00, 0x46, 0x01, // ..........E...F.
	0x00, 0x00, 0x7d, 0x01, 0x00, 0x00, 0xf8, 0x00, 0x02, 0x00, 0x46, 0x01, 0x00, 0x00, 0x56, 0x00, // ..}.......F...V.
	0x05, 0x00, 0x3c, 0x00, 0x00, 0x00, 0xc1, 0x01, 0x00, 0x00, 0x31, 0x00, 0x00, 0x00, 0x2e, 0x00, // ..<.......1.....
	0x00, 0x00, 0x57, 0x00, 0x05, 0x00, 0x0d, 0x00, 0x00, 0x00, 0xc3, 0x01, 0x00, 0x00, 0xc1, 0x01, // ..W.............
	0x00, 0x00, 0x42, 0x01, 0x00, 0x00, 0x51, 0x00, 0x05, 0x00, 0x07, 0x00, 0x00, 0x00, 0x4d, 0x01, // ..B...Q.......M.
	0x00, 0x00, 0xfa, 0x00, 0x00, 0x00, 0x03, 0x00, 0x00, 0x00, 0x85, 0x00, 0x05, 0x00, 0x07, 0x00, // ................
	0x00, 0x00, 0x4e, 0x01, 0x00, 0x00, 0x4d, 0x01, 0x00, 0x00, 0x68, 0x00, 0x00, 0x00, 0x81, 0x00, // ..N...M...h.....
	0x05, 0x00, 0x07, 0x00, 0x00, 0x00, 0x4f, 0x01, 0x00, 0x00, 0x4e, 0x01, 0x00, 0x00, 0x6a, 0x00, // ......O...N...j.
	0x00, 0x00, 0x6e, 0x00, 0x04, 0x00, 0x33, 0x00, 0x00, 0x00, 0x50, 0x01, 0x00, 0x00, 0x4f, 0x01, // ..n...3...P...O.
	0x00, 0x00, 0x51, 0x00, 0x05, 0x00, 0x07, 0x00, 0x00, 0x00, 0x52, 0x01, 0x00, 0x00, 0xc3, 0x01, // ..Q.......R.....
	0x00, 0x00, 0x02, 0x00, 0x00, 0x00, 0x41, 0x00, 0x05, 0x00, 0x1a, 0x00, 0x00, 0x00, 0x53, 0x01, // ......A.......S.
	0x00, 0x00, 0x30, 0x01, 0x00, 0x00, 0x38, 0x00, 0x00, 0x00, 0x3e, 0x00, 0x03, 0x00, 0x53, 0x01, // ..0...8...>...S.
	0x00, 0x00, 0x52, 0x01, 0x00, 0x00, 0x51, 0x00, 0x05, 0x00, 0x07, 0x00, 0x00, 0x00, 0x55, 0x01, // ..R...Q.......U.
	0x00, 0x00, 0xc3, 0x01, 0x00, 0x00, 0x01, 0x00, 0x00, 0x00, 0x41, 0x00, 0x05, 0x00, 0x1a, 0x00, // ..........A.....
	0x00, 0x00, 0x56, 0x01, 0x00, 0x00, 0x30, 0x01, 0x00, 0x00, 0x34, 0x00, 0x00, 0x00, 0x3e, 0x00, // ..V...0...4...>.
	0x03, 0x00, 0x56, 0x01, 0x00, 0x00, 0x55, 0x01, 0x00, 0x00, 0x51, 0x00, 0x05, 0x00, 0x07, 0x00, // ..V...U...Q.....
	0x00, 0x00, 0x58, 0x01, 0x00, 0x00, 0xc3, 0x01, 0x00, 0x00, 0x00, 0x00, 0x00, 0x00, 0x41, 0x00, // ..X...........A.
	0x05, 0x00, 0x1a, 0x00, 0x00, 0x00, 0x59, 0x01, 0x00, 0x00, 0x30, 0x01, 0x00, 0x00, 0x79, 0x00, // ......Y...0...y.
	0x00, 0x00, 0x3e, 0x00, 0x03, 0x00, 0x59, 0x01, 0x00, 0x00, 0x58, 0x01, 0x00, 0x00, 0x51, 0x00, // ..>...Y...X...Q.
	0x05, 0x00, 0x07, 0x00, 0x00, 0x00, 0x5b, 0x01, 0x00, 0x00, 0xc3, 0x01, 0x00, 0x00, 0x03, 0x00, // ......[.........
	0x00, 0x00, 0x41, 0x00, 0x05, 0x00, 0x1a, 0x00, 0x00, 0x00, 0x5c, 0x01, 0x00, 0x00, 0x30, 0x01, // ..A...........0.
	0x00, 0x00, 0x7e, 0x00, 0x00, 0x00, 0x3e, 0x00, 0x03, 0x00, 0x5c, 0x01, 0x00, 0x00, 0x5b, 0x01, // ..~...>.......[.
	0x00, 0x00, 0x41, 0x00, 0x05, 0x00, 0x1a, 0x00, 0x00, 0x00, 0x5e, 0x01, 0x00, 0x00, 0x30, 0x01, // ..A.......^...0.
	0x00, 0x00, 0x50, 0x01, 0x00, 0x00, 0x3d, 0x00, 0x04, 0x00, 0x07, 0x00, 0x00, 0x00, 0x5f, 0x01, // ..P...=......._.
	0x00, 0x00, 0x5e, 0x01, 0x00, 0x00, 0xd1, 0x00, 0x04, 0x00, 0x0b, 0x00, 0x00, 0x00, 0x62, 0x01, // ..^...........b.
	0x00, 0x00, 0x42, 0x01, 0x00, 0x00, 0x0c, 0x00, 0x06, 0x00, 0x07, 0x00, 0x00, 0x00, 0x63, 0x01, // ..B...........c.
	0x00, 0x00, 0x01, 0x00, 0x00, 0x00, 0x42, 0x00, 0x00, 0x00, 0x62, 0x01, 0x00, 0x00, 0x85, 0x00, // ......B...b.....
	0x05, 0x00, 0x07, 0x00, 0x00, 0x00, 0x65, 0x01, 0x00, 0x00, 0x63, 0x01, 0x00, 0x00, 0xe3, 0x01, // ......e...c.....
	0x00, 0x00, 0x41, 0x00, 0x06, 0x00, 0x92, 0x00, 0x00, 0x00, 0x66, 0x01, 0x00, 0x00, 0x91, 0x00, // ..A.......f.....
	0x00, 0x00, 0x38, 0x00, 0x00, 0x00, 0x75, 0x00, 0x00, 0x00, 0x3d, 0x00, 0x04, 0x00, 0x07, 0x00, // ..8...u...=.....
	0x00, 0x00, 0x67, 0x01, 0x00, 0x00, 0x66, 0x01, 0x00, 0x00, 0x85, 0x00, 0x05, 0x00, 0x07, 0x00, // ..g...f.........
	0x00, 0x00, 0x68, 0x01, 0x00, 0x00, 0x65, 0x01, 0x00, 0x00, 0x67, 0x01, 0x00, 0x00, 0x41, 0x00, // ..h...e...g...A.
	0x06, 0x00, 0x92, 0x00, 0x00, 0x00, 0x69, 0x01, 0x00, 0x00, 0x91, 0x00, 0x00, 0x00, 0x38, 0x00, // ......i.......8.
	0x00, 0x00, 0x71, 0x00, 0x00, 0x00, 0x3d, 0x00, 0x04, 0x00, 0x07, 0x00, 0x00, 0x00, 0x6a, 0x01, // ..q...=.......j.
	0x00, 0x00, 0x69, 0x01, 0x00, 0x00, 0x85, 0x00, 0x05, 0x00, 0x07, 0x00, 0x00, 0x00, 0x6b, 0x01, // ..i...........k.
	0x00, 0x00, 0x68, 0x01, 0x00, 0x00, 0x6a, 0x01, 0x00, 0x00, 0x83, 0x00, 0x05, 0x00, 0x07, 0x00, // ..h...j.........
	0x00, 0x00, 0x6d, 0x01, 0x00, 0x00, 0x6a, 0x00, 0x00, 0x00, 0x6b, 0x01, 0x00, 0x00, 0x81, 0x00, // ..m...j...k.....
	0x05, 0x00, 0x07, 0x00, 0x00, 0x00, 0x6f, 0x01, 0x00, 0x00, 0x6a, 0x00, 0x00, 0x00, 0x6b, 0x01, // ......o...j...k.
	0x00, 0x00, 0x0c, 0x00, 0x08, 0x00, 0x07, 0x00, 0x00, 0x00, 0x71, 0x01, 0x00, 0x00, 0x01, 0x00, // ..........q.....
	0x00, 0x00, 0x31, 0x00, 0x00, 0x00, 0x6d, 0x01, 0x00, 0x00, 0x6f, 0x01, 0x00, 0x00, 0x5f, 0x01, // ..1...m...o..._.
	0x00, 0x00, 0x51, 0x00, 0x05, 0x00, 0x07, 0x00, 0x00, 0x00, 0x76, 0x01, 0x00, 0x00, 0xee, 0x00, // ..Q.......v.....
	0x00, 0x00, 0x03, 0x00, 0x00, 0x00, 0x85, 0x00, 0x05, 0x00, 0x07, 0x00, 0x00, 0x00, 0x77, 0x01, // ..............w.
	0x00, 0x00, 0x71, 0x01, 0x00, 0x00, 0x76, 0x01, 0x00, 0x00, 0x51, 0x00, 0x05, 0x00, 0x07, 0x00, // ..q...v...Q.....
	0x00, 0x00, 0x78, 0x01, 0x00, 0x00, 0xee, 0x00, 0x00, 0x00, 0x00, 0x00, 0x00, 0x00, 0x51, 0x00, // ..x...........Q.
	0x05, 0x00, 0x07, 0x00, 0x00, 0x00, 0x79, 0x01, 0x00, 0x00, 0xee, 0x00, 0x00, 0x00, 0x01, 0x00, // ......y.........
	0x00, 0x00, 0x51, 0x00, 0x05, 0x00, 0x07, 0x00, 0x00, 0x00, 0x7a, 0x01, 0x00, 0x00, 0xee, 0x00, // ..Q.......z.....
	0x00, 0x00, 0x02, 0x00, 0x00, 0x00, 0x50, 0x00, 0x07, 0x00, 0x0d, 0x00, 0x00, 0x00, 0x7b, 0x01, // ......P.......{.
	0x00, 0x00, 0x78, 0x01, 0x00, 0x00, 0x79, 0x01, 0x00, 0x00, 0x7a, 0x01, 0x00, 0x00, 0x77, 0x01, // ..x...y...z...w.
	0x00, 0x00, 0xf9, 0x00, 0x02, 0x00, 0xb0, 0x01, 0x00, 0x00, 0xf8, 0x00, 0x02, 0x00, 0x7d, 0x01, // ..............}.
	0x00, 0x00, 0x4f, 0x00, 0x08, 0x00, 0x0b, 0x00, 0x00, 0x00, 0x80, 0x01, 0x00, 0x00, 0xf4, 0x00, // ..O.............
	0x00, 0x00, 0xf4, 0x00, 0x00, 0x00, 0x00, 0x00, 0x00, 0x00, 0x01, 0x00, 0x00, 0x00, 0x02, 0x00, // ................
	0x00, 0x00, 0x56, 0x00, 0x05, 0x00, 0x3c, 0x00, 0x00, 0x00, 0xca, 0x01, 0x00, 0x00, 0x31, 0x00, // ..V...<.......1.
	0x00, 0x00, 0x2e, 0x00, 0x00, 0x00, 0x57, 0x00, 0x05, 0x00, 0x0d, 0x00, 0x00, 0x00, 0xcc, 0x01, // ......W.........
	0x00, 0x00, 0xca, 0x01, 0x00, 0x00, 0x80, 0x01, 0x00, 0x00, 0x51, 0x00, 0x05, 0x00, 0x07, 0x00, // ..........Q.....
	0x00, 0x00, 0x83, 0x01, 0x00, 0x00, 0xf4, 0x00, 0x00, 0x00, 0x03, 0x00, 0x00, 0x00, 0x85, 0x00, // ................
	0x05, 0x00, 0x07, 0x00, 0x00, 0x00, 0x84, 0x01, 0x00, 0x00, 0x83, 0x01, 0x00, 0x00, 0x68, 0x00, // ..............h.
	0x00, 0x00, 0x81, 0x00, 0x05, 0x00, 0x07, 0x00, 0x00, 0x00, 0x85, 0x01, 0x00, 0x00, 0x84, 0x01, // ................
	0x00, 0x00, 0x6a, 0x00, 0x00, 0x00, 0x6e, 0x00, 0x04, 0x00, 0x33, 0x00, 0x00, 0x00, 0x86, 0x01, // ..j...n...3.....
	0x00, 0x00, 0x85, 0x01, 0x00, 0x00, 0x51, 0x00, 0x05, 0x00, 0x07, 0x00, 0x00, 0x00, 0x88, 0x01, // ......Q.........
	0x00, 0x00, 0xcc, 0x01, 0x00, 0x00, 0x02, 0x00, 0x00, 0x00, 0x41, 0x00, 0x05, 0x00, 0x1a, 0x00, // ..........A.....
	0x00, 0x00, 0x89, 0x01, 0x00, 0x00, 0x39, 0x01, 0x00, 0x00, 0x38, 0x00, 0x00, 0x00, 0x3e, 0x00, // ......9...8...>.
	0x03, 0x00, 0x89, 0x01, 0x00, 0x00, 0x88, 0x01, 0x00, 0x00, 0x51, 0x00, 0x05, 0x00, 0x07, 0x00, // ..........Q.....
	0x00, 0x00, 0x8b, 0x01, 0x00, 0x00, 0xcc, 0x01, 0x00, 0x00, 0x01, 0x00, 0x00, 0x00, 0x41, 0x00, // ..............A.
	0x05, 0x00, 0x1a, 0x00, 0x00, 0x00, 0x8c, 0x01, 0x00, 0x00, 0x39, 0x01, 0x00, 0x00, 0x34, 0x00, // ..........9...4.
	0x00, 0x00, 0x3e, 0x00, 0x03, 0x00, 0x8c, 0x01, 0x00, 0x00, 0x8b, 0x01, 0x00, 0x00, 0x51, 0x00, // ..>...........Q.
	0x05, 0x00, 0x07, 0x00, 0x00, 0x00, 0x8e, 0x01, 0x00, 0x00, 0xcc, 0x01, 0x00, 0x00, 0x00, 0x00, // ................
	0x00, 0x00, 0x41, 0x00, 0x05, 0x00, 0x1a, 0x00, 0x00, 0x00, 0x8f, 0x01, 0x00, 0x00, 0x39, 0x01, // ..A...........9.
	0x00, 0x00, 0x79, 0x00, 0x00, 0x00, 0x3e, 0x00, 0x03, 0x00, 0x8f, 0x01, 0x00, 0x00, 0x8e, 0x01, // ..y...>.........
	0x00, 0x00, 0x51, 0x00, 0x05, 0x00, 0x07, 0x00, 0x00, 0x00, 0x91, 0x01, 0x00, 0x00, 0xcc, 0x01, // ..Q.............
	0x00, 0x00, 0x03, 0x00, 0x00, 0x00, 0x41, 0x00, 0x05, 0x00, 0x1a, 0x00, 0x00, 0x00, 0x92, 0x01, // ......A.........
	0x00, 0x00, 0x39, 0x01, 0x00, 0x00, 0x7e, 0x00, 0x00, 0x00, 0x3e, 0x00, 0x03, 0x00, 0x92, 0x01, // ..9...~...>.....
	0x00, 0x00, 0x91, 0x01, 0x00, 0x00, 0x41, 0x00, 0x05, 0x00, 0x1a, 0x00, 0x00, 0x00, 0x94, 0x01, // ......A.........
	0x00, 0x00, 0x39, 0x01, 0x00, 0x00, 0x86, 0x01, 0x00, 0x00, 0x3d, 0x00, 0x04, 0x00, 0x07, 0x00, // ..9.......=.....
	0x00, 0x00, 0x95, 0x01, 0x00, 0x00, 0x94, 0x01, 0x00, 0x00, 0xd1, 0x00, 0x04, 0x00, 0x0b, 0x00, // ................
	0x00, 0x00, 0x98, 0x01, 0x00, 0x00, 0x80, 0x01, 0x00, 0x00, 0x0c, 0x00, 0x06, 0x00, 0x07, 0x00, // ................
	0x00, 0x00, 0x99, 0x01, 0x00, 0x00, 0x01, 0x00, 0x00, 0x00, 0x42, 0x00, 0x00, 0x00, 0x98, 0x01, // ..........B.....
	0x00, 0x00, 0x85, 0x00, 0x05, 0x00, 0x07, 0x00, 0x00, 0x00, 0x9b, 0x01, 0x00, 0x00, 0x99, 0x01, // ................
	0x00, 0x00, 0xe3, 0x01, 0x00, 0x00, 0x41, 0x00, 0x06, 0x00, 0x92, 0x00, 0x00, 0x00, 0x9c, 0x01, // ......A.........
	0x00, 0x00, 0x91, 0x00, 0x00, 0x00, 0x38, 0x00, 0x00, 0x00, 0x75, 0x00, 0x00, 0x00, 0x3d, 0x00, // ......8...u...=.
	0x04, 0x00, 0x07, 0x00, 0x00, 0x00, 0x9d, 0x01, 0x00, 0x00, 0x9c, 0x01, 0x00, 0x00, 0x85, 0x00, // ................
	0x05, 0x00, 0x07, 0x00, 0x00, 0x00, 0x9e, 0x01, 0x00, 0x00, 0x9b, 0x01, 0x00, 0x00, 0x9d, 0x01, // ................
	0x00, 0x00, 0x83, 0x00, 0x05, 0x00, 0x07, 0x00, 0x00, 0x00, 0xa0, 0x01, 0x00, 0x00, 0x6a, 0x00, // ..............j.
	0x00, 0x00, 0x9e, 0x01, 0x00, 0x00, 0x81, 0x00, 0x05, 0x00, 0x07, 0x00, 0x00, 0x00, 0xa2, 0x01, // ................
	0x00, 0x00, 0x6a, 0x00, 0x00, 0x00, 0x9e, 0x01, 0x00, 0x00, 0x0c, 0x00, 0x08, 0x00, 0x07, 0x00, // ..j.............
	0x00, 0x00, 0xa4, 0x01, 0x00, 0x00, 0x01, 0x00, 0x00, 0x00, 0x31, 0x00, 0x00, 0x00, 0xa0, 0x01, // ..........1.....
	0x00, 0x00, 0xa2, 0x01, 0x00, 0x00, 0x95, 0x01, 0x00, 0x00, 0x51, 0x00, 0x05, 0x00, 0x07, 0x00, // ..........Q.....
	0x00, 0x00, 0xa9, 0x01, 0x00, 0x00, 0xee, 0x00, 0x00, 0x00, 0x03, 0x00, 0x00, 0x00, 0x85, 0x00, // ................
	0x05, 0x00, 0x07, 0x00, 0x00, 0x00, 0xaa, 0x01, 0x00, 0x00, 0xa4, 0x01, 0x00, 0x00, 0xa9, 0x01, // ................
	0x00, 0x00, 0x51, 0x00, 0x05, 0x00, 0x07, 0x00, 0x00, 0x00, 0xab, 0x01, 0x00, 0x00, 0xee, 0x00, // ..Q.............
	0x00, 0x00, 0x00, 0x00, 0x00, 0x00, 0x51, 0x00, 0x05, 0x00, 0x07, 0x00, 0x00, 0x00, 0xac, 0x01, // ......Q.........
	0x00, 0x00, 0xee, 0x00, 0x00, 0x00, 0x01, 0x00, 0x00, 0x00, 0x51, 0x00, 0x05, 0x00, 0x07, 0x00, // ..........Q.....
	0x00, 0x00, 0xad, 0x01, 0x00, 0x00, 0xee, 0x00, 0x00, 0x00, 0x02, 0x00, 0x00, 0x00, 0x50, 0x00, // ..............P.
	0x07, 0x00, 0x0d, 0x00, 0x00, 0x00, 0xae, 0x01, 0x00, 0x00, 0xab, 0x01, 0x00, 0x00, 0xac, 0x01, // ................
	0x00, 0x00, 0xad, 0x01, 0x00, 0x00, 0xaa, 0x01, 0x00, 0x00, 0xf9, 0x00, 0x02, 0x00, 0xb0, 0x01, // ................
	0x00, 0x00, 0xf8, 0x00, 0x02, 0x00, 0xb0, 0x01, 0x00, 0x00, 0xf5, 0x00, 0x07, 0x00, 0x0d, 0x00, // ................
	0x00, 0x00, 0xe4, 0x01, 0x00, 0x00, 0x7b, 0x01, 0x00, 0x00, 0x46, 0x01, 0x00, 0x00, 0xae, 0x01, // ......{...F.....
	0x00, 0x00, 0x7d, 0x01, 0x00, 0x00, 0x3e, 0x00, 0x03, 0x00, 0x0c, 0x01, 0x00, 0x00, 0xe4, 0x01, // ..}...>.........
	0x00, 0x00, 0xfd, 0x00, 0x01, 0x00, 0x38, 0x00, 0x01, 0x00, 0x00, 0x00, 0x10, 0x00,             // ......8.......
};
static const uint8_t fs_font_distance_field_drop_shadow_wgsl[1920] =
{
	0x46, 0x53, 0x48, 0x0c, 0x9e, 0x67, 0x7a, 0xc3, 0x00, 0x00, 0x00, 0x00, 0x00, 0x00, 0x00, 0x00, // FSH..gz.........
	0x00, 0x00, 0x00, 0x00, 0x02, 0x00, 0x08, 0x75, 0x5f, 0x70, 0x61, 0x72, 0x61, 0x6d, 0x73, 0x12, // .......u_params.
	0x01, 0x00, 0x00, 0x01, 0x00, 0x00, 0x00, 0x00, 0x00, 0x0a, 0x73, 0x5f, 0x74, 0x65, 0x78, 0x43, // ..........s_texC
	0x6f, 0x6c, 0x6f, 0x72, 0x30, 0x00, 0x02, 0x00, 0x00, 0x00, 0x00, 0x04, 0x29, 0x00, 0x38, 0x07, // olor0.......).8.
	0x00, 0x00, 0x64, 0x69, 0x61, 0x67, 0x6e, 0x6f, 0x73, 0x74, 0x69, 0x63, 0x28, 0x6f, 0x66, 0x66, // ..diagnostic(off
	0x2c, 0x20, 0x64, 0x65, 0x72, 0x69, 0x76, 0x61, 0x74, 0x69, 0x76, 0x65, 0x5f, 0x75, 0x6e, 0x69, // , derivative_uni
	0x66, 0x6f, 0x72, 0x6d, 0x69, 0x74, 0x79, 0x29, 0x3b, 0x0a, 0x64, 0x69, 0x61, 0x67, 0x6e, 0x6f, // formity);.diagno
	0x73, 0x74, 0x69, 0x63, 0x28, 0x6f, 0x66, 0x66, 0x2c, 0x20, 0x73, 0x75, 0x62, 0x67, 0x72, 0x6f, // stic(off, subgro
	0x75, 0x70, 0x5f, 0x75, 0x6e, 0x69, 0x66, 0x6f, 0x72, 0x6d, 0x69, 0x74, 0x79, 0x29, 0x3b, 0x0a, // up_uniformity);.
	0x0a, 0x40, 0x67, 0x72, 0x6f, 0x75, 0x70, 0x28, 0x30, 0x75, 0x29, 0x20, 0x40, 0x62, 0x69, 0x6e, // .@group(0u) @bin
	0x64, 0x69, 0x6e, 0x67, 0x28, 0x31, 0x38, 0x75, 0x29, 0x20, 0x76, 0x61, 0x72, 0x20, 0x73, 0x5f, // ding(18u) var s_
	0x74, 0x65, 0x78, 0x43, 0x6f, 0x6c, 0x6f, 0x72, 0x53, 0x61, 0x6d, 0x70, 0x6c, 0x65, 0x72, 0x20, // texColorSampler 
	0x3a, 0x20, 0x73, 0x61, 0x6d, 0x70, 0x6c, 0x65, 0x72, 0x3b, 0x0a, 0x0a, 0x40, 0x67, 0x72, 0x6f, // : sampler;..@gro
	0x75, 0x70, 0x28, 0x30, 0x75, 0x29, 0x20, 0x40, 0x62, 0x69, 0x6e, 0x64, 0x69, 0x6e, 0x67, 0x28, // up(0u) @binding(
	0x32, 0x75, 0x29, 0x20, 0x76, 0x61, 0x72, 0x20, 0x73, 0x5f, 0x74, 0x65, 0x78, 0x43, 0x6f, 0x6c, // 2u) var s_texCol
	0x6f, 0x72, 0x54, 0x65, 0x78, 0x74, 0x75, 0x72, 0x65, 0x20, 0x3a, 0x20, 0x74, 0x65, 0x78, 0x74, // orTexture : text
	0x75, 0x72, 0x65, 0x5f, 0x63, 0x75, 0x62, 0x65, 0x3c, 0x66, 0x33, 0x32, 0x3e, 0x3b, 0x0a, 0x0a, // ure_cube<f32>;..
	0x73, 0x74, 0x72, 0x75, 0x63, 0x74, 0x20, 0x55, 0x6e, 0x69, 0x66, 0x6f, 0x72, 0x6d, 0x42, 0x6c, // struct UniformBl
	0x6f, 0x63, 0x6b, 0x20, 0x7b, 0x0a, 0x20, 0x20, 0x75, 0x5f, 0x70, 0x61, 0x72, 0x61, 0x6d, 0x73, // ock {.  u_params
	0x20, 0x3a, 0x20, 0x76, 0x65, 0x63, 0x34, 0x3c, 0x66, 0x33, 0x32, 0x3e, 0x2c, 0x0a, 0x7d, 0x0a, //  : vec4<f32>,.}.
	0x0a, 0x40, 0x67, 0x72, 0x6f, 0x75, 0x70, 0x28, 0x30, 0x75, 0x29, 0x20, 0x40, 0x62, 0x69, 0x6e, // .@group(0u) @bin
	0x64, 0x69, 0x6e, 0x67, 0x28, 0x31, 0x75, 0x29, 0x20, 0x76, 0x61, 0x72, 0x3c, 0x75, 0x6e, 0x69, // ding(1u) var<uni
	0x66, 0x6f, 0x72, 0x6d, 0x3e, 0x20, 0x76, 0x20, 0x3a, 0x20, 0x55, 0x6e, 0x69, 0x66, 0x6f, 0x72, // form> v : Unifor
	0x6d, 0x42, 0x6c, 0x6f, 0x63, 0x6b, 0x3b, 0x0a, 0x0a, 0x76, 0x61, 0x72, 0x3c, 0x70, 0x72, 0x69, // mBlock;..var<pri
	0x76, 0x61, 0x74, 0x65, 0x3e, 0x20, 0x62, 0x67, 0x66, 0x78, 0x5f, 0x46, 0x72, 0x61, 0x67, 0x44, // vate> bgfx_FragD
	0x61, 0x74, 0x61, 0x30, 0x20, 0x3a, 0x20, 0x76, 0x65, 0x63, 0x34, 0x3c, 0x66, 0x33, 0x32, 0x3e, // ata0 : vec4<f32>
	0x3b, 0x0a, 0x0a, 0x66, 0x6e, 0x20, 0x6d, 0x61, 0x69, 0x6e, 0x5f, 0x69, 0x6e, 0x6e, 0x65, 0x72, // ;..fn main_inner
	0x28, 0x76, 0x5f, 0x63, 0x6f, 0x6c, 0x6f, 0x72, 0x30, 0x20, 0x3a, 0x20, 0x76, 0x65, 0x63, 0x34, // (v_color0 : vec4
	0x3c, 0x66, 0x33, 0x32, 0x3e, 0x2c, 0x20, 0x76, 0x5f, 0x74, 0x65, 0x78, 0x63, 0x6f, 0x6f, 0x72, // <f32>, v_texcoor
	0x64, 0x30, 0x20, 0x3a, 0x20, 0x76, 0x65, 0x63, 0x34, 0x3c, 0x66, 0x33, 0x32, 0x3e, 0x2c, 0x20, // d0 : vec4<f32>, 
	0x76, 0x5f, 0x74, 0x65, 0x78, 0x63, 0x6f, 0x6f, 0x72, 0x64, 0x32, 0x20, 0x3a, 0x20, 0x76, 0x65, // v_texcoord2 : ve
	0x63, 0x34, 0x3c, 0x66, 0x33, 0x32, 0x3e, 0x29, 0x20, 0x7b, 0x0a, 0x20, 0x20, 0x76, 0x61, 0x72, // c4<f32>) {.  var
	0x20, 0x76, 0x5f, 0x31, 0x20, 0x3a, 0x20, 0x61, 0x72, 0x72, 0x61, 0x79, 0x3c, 0x66, 0x33, 0x32, //  v_1 : array<f32
	0x2c, 0x20, 0x34, 0x75, 0x3e, 0x3b, 0x0a, 0x20, 0x20, 0x76, 0x61, 0x72, 0x20, 0x76, 0x5f, 0x32, // , 4u>;.  var v_2
	0x20, 0x3a, 0x20, 0x61, 0x72, 0x72, 0x61, 0x79, 0x3c, 0x66, 0x33, 0x32, 0x2c, 0x20, 0x34, 0x75, //  : array<f32, 4u
	0x3e, 0x3b, 0x0a, 0x20, 0x20, 0x76, 0x61, 0x72, 0x20, 0x76, 0x5f, 0x33, 0x20, 0x3a, 0x20, 0x76, // >;.  var v_3 : v
	0x65, 0x63, 0x34, 0x3c, 0x66, 0x33, 0x32, 0x3e, 0x3b, 0x0a, 0x20, 0x20, 0x73, 0x77, 0x69, 0x74, // ec4<f32>;.  swit
	0x63, 0x68, 0x28, 0x30, 0x75, 0x29, 0x20, 0x7b, 0x0a, 0x20, 0x20, 0x20, 0x20, 0x64, 0x65, 0x66, // ch(0u) {.    def
	0x61, 0x75, 0x6c, 0x74, 0x3a, 0x20, 0x7b, 0x0a, 0x20, 0x20, 0x20, 0x20, 0x20, 0x20, 0x6c, 0x65, // ault: {.      le
	0x74, 0x20, 0x76, 0x5f, 0x34, 0x20, 0x3d, 0x20, 0x76, 0x5f, 0x74, 0x65, 0x78, 0x63, 0x6f, 0x6f, // t v_4 = v_texcoo
	0x72, 0x64, 0x32, 0x2e, 0x78, 0x79, 0x7a, 0x3b, 0x0a, 0x20, 0x20, 0x20, 0x20, 0x20, 0x20, 0x69, // rd2.xyz;.      i
	0x66, 0x20, 0x28, 0x21, 0x28, 0x61, 0x6e, 0x79, 0x28, 0x28, 0x76, 0x5f, 0x34, 0x20, 0x3d, 0x3d, // f (!(any((v_4 ==
	0x20, 0x76, 0x65, 0x63, 0x33, 0x3c, 0x66, 0x33, 0x32, 0x3e, 0x28, 0x29, 0x29, 0x29, 0x29, 0x29, //  vec3<f32>()))))
	0x20, 0x7b, 0x0a, 0x20, 0x20, 0x20, 0x20, 0x20, 0x20, 0x20, 0x20, 0x6c, 0x65, 0x74, 0x20, 0x76, //  {.        let v
	0x5f, 0x35, 0x20, 0x3d, 0x20, 0x74, 0x65, 0x78, 0x74, 0x75, 0x72, 0x65, 0x53, 0x61, 0x6d, 0x70, // _5 = textureSamp
	0x6c, 0x65, 0x28, 0x73, 0x5f, 0x74, 0x65, 0x78, 0x43, 0x6f, 0x6c, 0x6f, 0x72, 0x54, 0x65, 0x78, // le(s_texColorTex
	0x74, 0x75, 0x72, 0x65, 0x2c, 0x20, 0x73, 0x5f, 0x74, 0x65, 0x78, 0x43, 0x6f, 0x6c, 0x6f, 0x72, // ture, s_texColor
	0x53, 0x61, 0x6d, 0x70, 0x6c, 0x65, 0x72, 0x2c, 0x20, 0x76, 0x5f, 0x34, 0x29, 0x3b, 0x0a, 0x20, // Sampler, v_4);. 
	0x20, 0x20, 0x20, 0x20, 0x20, 0x20, 0x20, 0x76, 0x5f, 0x31, 0x5b, 0x30, 0x69, 0x5d, 0x20, 0x3d, //        v_1[0i] =
	0x20, 0x76, 0x5f, 0x35, 0x2e, 0x7a, 0x3b, 0x0a, 0x20, 0x20, 0x20, 0x20, 0x20, 0x20, 0x20, 0x20, //  v_5.z;.        
	0x76, 0x5f, 0x31, 0x5b, 0x31, 0x69, 0x5d, 0x20, 0x3d, 0x20, 0x76, 0x5f, 0x35, 0x2e, 0x79, 0x3b, // v_1[1i] = v_5.y;
	0x0a, 0x20, 0x20, 0x20, 0x20, 0x20, 0x20, 0x20, 0x20, 0x76, 0x5f, 0x31, 0x5b, 0x32, 0x69, 0x5d, // .        v_1[2i]
	0x20, 0x3d, 0x20, 0x76, 0x5f, 0x35, 0x2e, 0x78, 0x3b, 0x0a, 0x20, 0x20, 0x20, 0x20, 0x20, 0x20, //  = v_5.x;.      
	0x20, 0x20, 0x76, 0x5f, 0x31, 0x5b, 0x33, 0x69, 0x5d, 0x20, 0x3d, 0x20, 0x76, 0x5f, 0x35, 0x2e, //   v_1[3i] = v_5.
	0x77, 0x3b, 0x0a, 0x20, 0x20, 0x20, 0x20, 0x20, 0x20, 0x20, 0x20, 0x6c, 0x65, 0x74, 0x20, 0x76, // w;.        let v
	0x5f, 0x36, 0x20, 0x3d, 0x20, 0x76, 0x5f, 0x31, 0x5b, 0x69, 0x33, 0x32, 0x28, 0x28, 0x28, 0x76, // _6 = v_1[i32(((v
	0x5f, 0x74, 0x65, 0x78, 0x63, 0x6f, 0x6f, 0x72, 0x64, 0x32, 0x2e, 0x77, 0x20, 0x2a, 0x20, 0x34, // _texcoord2.w * 4
	0x2e, 0x30, 0x66, 0x29, 0x20, 0x2b, 0x20, 0x30, 0x2e, 0x35, 0x66, 0x29, 0x29, 0x5d, 0x3b, 0x0a, // .0f) + 0.5f))];.
	0x20, 0x20, 0x20, 0x20, 0x20, 0x20, 0x20, 0x20, 0x6c, 0x65, 0x74, 0x20, 0x76, 0x5f, 0x37, 0x20, //         let v_7 
	0x3d, 0x20, 0x28, 0x28, 0x28, 0x6c, 0x65, 0x6e, 0x67, 0x74, 0x68, 0x28, 0x66, 0x77, 0x69, 0x64, // = (((length(fwid
	0x74, 0x68, 0x28, 0x76, 0x5f, 0x34, 0x29, 0x29, 0x20, 0x2a, 0x20, 0x31, 0x31, 0x2e, 0x33, 0x31, // th(v_4)) * 11.31
	0x33, 0x37, 0x30, 0x38, 0x33, 0x30, 0x35, 0x33, 0x35, 0x38, 0x38, 0x38, 0x36, 0x37, 0x31, 0x38, // 3708305358886718
	0x37, 0x35, 0x66, 0x29, 0x20, 0x2a, 0x20, 0x76, 0x2e, 0x75, 0x5f, 0x70, 0x61, 0x72, 0x61, 0x6d, // 75f) * v.u_param
	0x73, 0x2e, 0x79, 0x29, 0x20, 0x2a, 0x20, 0x76, 0x2e, 0x75, 0x5f, 0x70, 0x61, 0x72, 0x61, 0x6d, // s.y) * v.u_param
	0x73, 0x2e, 0x7a, 0x29, 0x3b, 0x0a, 0x20, 0x20, 0x20, 0x20, 0x20, 0x20, 0x20, 0x20, 0x76, 0x5f, // s.z);.        v_
	0x33, 0x20, 0x3d, 0x20, 0x76, 0x65, 0x63, 0x34, 0x3c, 0x66, 0x33, 0x32, 0x3e, 0x28, 0x76, 0x5f, // 3 = vec4<f32>(v_
	0x63, 0x6f, 0x6c, 0x6f, 0x72, 0x30, 0x2e, 0x78, 0x2c, 0x20, 0x76, 0x5f, 0x63, 0x6f, 0x6c, 0x6f, // color0.x, v_colo
	0x72, 0x30, 0x2e, 0x79, 0x2c, 0x20, 0x76, 0x5f, 0x63, 0x6f, 0x6c, 0x6f, 0x72, 0x30, 0x2e, 0x7a, // r0.y, v_color0.z
	0x2c, 0x20, 0x28, 0x73, 0x6d, 0x6f, 0x6f, 0x74, 0x68, 0x73, 0x74, 0x65, 0x70, 0x28, 0x28, 0x30, // , (smoothstep((0
	0x2e, 0x35, 0x66, 0x20, 0x2d, 0x20, 0x76, 0x5f, 0x37, 0x29, 0x2c, 0x20, 0x28, 0x30, 0x2e, 0x35, // .5f - v_7), (0.5
	0x66, 0x20, 0x2b, 0x20, 0x76, 0x5f, 0x37, 0x29, 0x2c, 0x20, 0x76, 0x5f, 0x36, 0x29, 0x20, 0x2a, // f + v_7), v_6) *
	0x20, 0x76, 0x5f, 0x63, 0x6f, 0x6c, 0x6f, 0x72, 0x30, 0x2e, 0x77, 0x29, 0x29, 0x3b, 0x0a, 0x20, //  v_color0.w));. 
	0x20, 0x20, 0x20, 0x20, 0x20, 0x20, 0x20, 0x62, 0x72, 0x65, 0x61, 0x6b, 0x3b, 0x0a, 0x20, 0x20, //        break;.  
	0x20, 0x20, 0x20, 0x20, 0x7d, 0x0a, 0x20, 0x20, 0x20, 0x20, 0x20, 0x20, 0x6c, 0x65, 0x74, 0x20, //     }.      let 
	0x76, 0x5f, 0x38, 0x20, 0x3d, 0x20, 0x76, 0x5f, 0x74, 0x65, 0x78, 0x63, 0x6f, 0x6f, 0x72, 0x64, // v_8 = v_texcoord
	0x30, 0x2e, 0x78, 0x79, 0x7a, 0x3b, 0x0a, 0x20, 0x20, 0x20, 0x20, 0x20, 0x20, 0x6c, 0x65, 0x74, // 0.xyz;.      let
	0x20, 0x76, 0x5f, 0x39, 0x20, 0x3d, 0x20, 0x74, 0x65, 0x78, 0x74, 0x75, 0x72, 0x65, 0x53, 0x61, //  v_9 = textureSa
	0x6d, 0x70, 0x6c, 0x65, 0x28, 0x73, 0x5f, 0x74, 0x65, 0x78, 0x43, 0x6f, 0x6c, 0x6f, 0x72, 0x54, // mple(s_texColorT
	0x65, 0x78, 0x74, 0x75, 0x72, 0x65, 0x2c, 0x20, 0x73, 0x5f, 0x74, 0x65, 0x78, 0x43, 0x6f, 0x6c, // exture, s_texCol
	0x6f, 0x72, 0x53, 0x61, 0x6d, 0x70, 0x6c, 0x65, 0x72, 0x2c, 0x20, 0x76, 0x5f, 0x38, 0x29, 0x3b, // orSampler, v_8);
	0x0a, 0x20, 0x20, 0x20, 0x20, 0x20, 0x20, 0x76, 0x5f, 0x32, 0x5b, 0x30, 0x69, 0x5d, 0x20, 0x3d, // .      v_2[0i] =
	0x20, 0x76, 0x5f, 0x39, 0x2e, 0x7a, 0x3b, 0x0a, 0x20, 0x20, 0x20, 0x20, 0x20, 0x20, 0x76, 0x5f, //  v_9.z;.      v_
	0x32, 0x5b, 0x31, 0x69, 0x5d, 0x20, 0x3d, 0x20, 0x76, 0x5f, 0x39, 0x2e, 0x79, 0x3b, 0x0a, 0x20, // 2[1i] = v_9.y;. 
	0x20, 0x20, 0x20, 0x20, 0x20, 0x76, 0x5f, 0x32, 0x5b, 0x32, 0x69, 0x5d, 0x20, 0x3d, 0x20, 0x76, //      v_2[2i] = v
	0x5f, 0x39, 0x2e, 0x78, 0x3b, 0x0a, 0x20, 0x20, 0x20, 0x20, 0x20, 0x20, 0x76, 0x5f, 0x32, 0x5b, // _9.x;.      v_2[
	0x33, 0x69, 0x5d, 0x20, 0x3d, 0x20, 0x76, 0x5f, 0x39, 0x2e, 0x77, 0x3b, 0x0a, 0x20, 0x20, 0x20, // 3i] = v_9.w;.   
	0x20, 0x20, 0x20, 0x6c, 0x65, 0x74, 0x20, 0x76, 0x5f, 0x31, 0x30, 0x20, 0x3d, 0x20, 0x76, 0x5f, //    let v_10 = v_
	0x32, 0x5b, 0x69, 0x33, 0x32, 0x28, 0x28, 0x28, 0x76, 0x5f, 0x74, 0x65, 0x78, 0x63, 0x6f, 0x6f, // 2[i32(((v_texcoo
	0x72, 0x64, 0x30, 0x2e, 0x77, 0x20, 0x2a, 0x20, 0x34, 0x2e, 0x30, 0x66, 0x29, 0x20, 0x2b, 0x20, // rd0.w * 4.0f) + 
	0x30, 0x2e, 0x35, 0x66, 0x29, 0x29, 0x5d, 0x3b, 0x0a, 0x20, 0x20, 0x20, 0x20, 0x20, 0x20, 0x6c, // 0.5f))];.      l
	0x65, 0x74, 0x20, 0x76, 0x5f, 0x31, 0x31, 0x20, 0x3d, 0x20, 0x28, 0x28, 0x6c, 0x65, 0x6e, 0x67, // et v_11 = ((leng
	0x74, 0x68, 0x28, 0x66, 0x77, 0x69, 0x64, 0x74, 0x68, 0x28, 0x76, 0x5f, 0x38, 0x29, 0x29, 0x20, // th(fwidth(v_8)) 
	0x2a, 0x20, 0x31, 0x31, 0x2e, 0x33, 0x31, 0x33, 0x37, 0x30, 0x38, 0x33, 0x30, 0x35, 0x33, 0x35, // * 11.31370830535
	0x38, 0x38, 0x38, 0x36, 0x37, 0x31, 0x38, 0x37, 0x35, 0x66, 0x29, 0x20, 0x2a, 0x20, 0x76, 0x2e, // 888671875f) * v.
	0x75, 0x5f, 0x70, 0x61, 0x72, 0x61, 0x6d, 0x73, 0x2e, 0x79, 0x29, 0x3b, 0x0a, 0x20, 0x20, 0x20, // u_params.y);.   
	0x20, 0x20, 0x20, 0x76, 0x5f, 0x33, 0x20, 0x3d, 0x20, 0x76, 0x65, 0x63, 0x34, 0x3c, 0x66, 0x33, //    v_3 = vec4<f3
	0x32, 0x3e, 0x28, 0x76, 0x5f, 0x63, 0x6f, 0x6c, 0x6f, 0x72, 0x30, 0x2e, 0x78, 0x2c, 0x20, 0x76, // 2>(v_color0.x, v
	0x5f, 0x63, 0x6f, 0x6c, 0x6f, 0x72, 0x30, 0x2e, 0x79, 0x2c, 0x20, 0x76, 0x5f, 0x63, 0x6f, 0x6c, // _color0.y, v_col
	0x6f, 0x72, 0x30, 0x2e, 0x7a, 0x2c, 0x20, 0x28, 0x73, 0x6d, 0x6f, 0x6f, 0x74, 0x68, 0x73, 0x74, // or0.z, (smoothst
	0x65, 0x70, 0x28, 0x28, 0x30, 0x2e, 0x35, 0x66, 0x20, 0x2d, 0x20, 0x76, 0x5f, 0x31, 0x31, 0x29, // ep((0.5f - v_11)
	0x2c, 0x20, 0x28, 0x30, 0x2e, 0x35, 0x66, 0x20, 0x2b, 0x20, 0x76, 0x5f, 0x31, 0x31, 0x29, 0x2c, // , (0.5f + v_11),
	0x20, 0x76, 0x5f, 0x31, 0x30, 0x29, 0x20, 0x2a, 0x20, 0x76, 0x5f, 0x63, 0x6f, 0x6c, 0x6f, 0x72, //  v_10) * v_color
	0x30, 0x2e, 0x77, 0x29, 0x29, 0x3b, 0x0a, 0x20, 0x20, 0x20, 0x20, 0x7d, 0x0a, 0x20, 0x20, 0x7d, // 0.w));.    }.  }
	0x0a, 0x20, 0x20, 0x62, 0x67, 0x66, 0x78, 0x5f, 0x46, 0x72, 0x61, 0x67, 0x44, 0x61, 0x74, 0x61, // .  bgfx_FragData
	0x30, 0x20, 0x3d, 0x20, 0x76, 0x5f, 0x33, 0x3b, 0x0a, 0x7d, 0x0a, 0x0a, 0x40, 0x66, 0x72, 0x61, // 0 = v_3;.}..@fra
	0x67, 0x6d, 0x65, 0x6e, 0x74, 0x0a, 0x66, 0x6e, 0x20, 0x6d, 0x61, 0x69, 0x6e, 0x28, 0x40, 0x6c, // gment.fn main(@l
	0x6f, 0x63, 0x61, 0x74, 0x69, 0x6f, 0x6e, 0x28, 0x30, 0x75, 0x29, 0x20, 0x76, 0x5f, 0x63, 0x6f, // ocation(0u) v_co
	0x6c, 0x6f, 0x72, 0x30, 0x20, 0x3a, 0x20, 0x76, 0x65, 0x63, 0x34, 0x3c, 0x66, 0x33, 0x32, 0x3e, // lor0 : vec4<f32>
	0x2c, 0x20, 0x40, 0x6c, 0x6f, 0x63, 0x61, 0x74, 0x69, 0x6f, 0x6e, 0x28, 0x32, 0x75, 0x29, 0x20, // , @location(2u) 
	0x76, 0x5f, 0x74, 0x65, 0x78, 0x63, 0x6f, 0x6f, 0x72, 0x64, 0x30, 0x20, 0x3a, 0x20, 0x76, 0x65, // v_texcoord0 : ve
	0x63, 0x34, 0x3c, 0x66, 0x33, 0x32, 0x3e, 0x2c, 0x20, 0x40, 0x6c, 0x6f, 0x63, 0x61, 0x74, 0x69, // c4<f32>, @locati
	0x6f, 0x6e, 0x28, 0x34, 0x75, 0x29, 0x20, 0x76, 0x5f, 0x74, 0x65, 0x78, 0x63, 0x6f, 0x6f, 0x72, // on(4u) v_texcoor
	0x64, 0x32, 0x20, 0x3a, 0x20, 0x76, 0x65, 0x63, 0x34, 0x3c, 0x66, 0x33, 0x32, 0x3e, 0x29, 0x20, // d2 : vec4<f32>) 
	0x2d, 0x3e, 0x20, 0x40, 0x6c, 0x6f, 0x63, 0x61, 0x74, 0x69, 0x6f, 0x6e, 0x28, 0x30, 0x75, 0x29, // -> @location(0u)
	0x20, 0x76, 0x65, 0x63, 0x34, 0x3c, 0x66, 0x33, 0x32, 0x3e, 0x20, 0x7b, 0x0a, 0x20, 0x20, 0x6d, //  vec4<f32> {.  m
	0x61, 0x69, 0x6e, 0x5f, 0x69, 0x6e, 0x6e, 0x65, 0x72, 0x28, 0x76, 0x5f, 0x63, 0x6f, 0x6c, 0x6f, // ain_inner(v_colo
	0x72, 0x30, 0x2c, 0x20, 0x76, 0x5f, 0x74, 0x65, 0x78, 0x63, 0x6f, 0x6f, 0x72, 0x64, 0x30, 0x2c, // r0, v_texcoord0,
	0x20, 0x76, 0x5f, 0x74, 0x65, 0x78, 0x63, 0x6f, 0x6f, 0x72, 0x64, 0x32, 0x29, 0x3b, 0x0a, 0x20, //  v_texcoord2);. 
	0x20, 0x72, 0x65, 0x74, 0x75, 0x72, 0x6e, 0x20, 0x62, 0x67, 0x66, 0x78, 0x5f, 0x46, 0x72, 0x61, //  return bgfx_Fra
	0x67, 0x44, 0x61, 0x74, 0x61, 0x30, 0x3b, 0x0a, 0x7d, 0x0a, 0x00, 0x00, 0x10, 0x00, 0x10, 0x00, // gData0;.}.......
};
static const uint8_t fs_font_distance_field_drop_shadow_dxbc[2050] =
{
	0x46, 0x53, 0x48, 0x0c, 0x9e, 0x67, 0x7a, 0xc3, 0x00, 0x00, 0x00, 0x00, 0x00, 0x00, 0x00, 0x00, // FSH..gz.........
	0x00, 0x00, 0x00, 0x00, 0x02, 0x00, 0x08, 0x75, 0x5f, 0x70, 0x61, 0x72, 0x61, 0x6d, 0x73, 0x12, // .......u_params.
	0x00, 0x00, 0x00, 0x01, 0x00, 0x00, 0x00, 0x00, 0x00, 0x0a, 0x73, 0x5f, 0x74, 0x65, 0x78, 0x43, // ..........s_texC
	0x6f, 0x6c, 0x6f, 0x72, 0x30, 0x01, 0x00, 0x00, 0x01, 0x00, 0x00, 0x04, 0x00, 0x00, 0xbc, 0x07, // olor0...........
	0x00, 0x00, 0x44, 0x58, 0x42, 0x43, 0x38, 0xa0, 0x50, 0xef, 0x44, 0x93, 0x14, 0xfc, 0x8e, 0x3e, // ..DXBC8.P.D....>
	0x55, 0x6a, 0x7c, 0x97, 0x5c, 0x3c, 0x01, 0x00, 0x00, 0x00, 0xbc, 0x07, 0x00, 0x00, 0x03, 0x00, // Uj|..<..........
	0x00, 0x00, 0x2c, 0x00, 0x00, 0x00, 0xe8, 0x00, 0x00, 0x00, 0x1c, 0x01, 0x00, 0x00, 0x49, 0x53, // ..,...........IS
	0x47, 0x4e, 0xb4, 0x00, 0x00, 0x00, 0x06, 0x00, 0x00, 0x00, 0x08, 0x00, 0x00, 0x00, 0x98, 0x00, // GN..............
	0x00, 0x00, 0x00, 0x00, 0x00, 0x00, 0x01, 0x00, 0x00, 0x00, 0x03, 0x00, 0x00, 0x00, 0x00, 0x00, // ................
	0x00, 0x00, 0x0f, 0x00, 0x00, 0x00, 0xa4, 0x00, 0x00, 0x00, 0x00, 0x00, 0x00, 0x00, 0x00, 0x00, // ................
	0x00, 0x00, 0x03, 0x00, 0x00, 0x00, 0x01, 0x00, 0x00, 0x00, 0x0f, 0x0f, 0x00, 0x00, 0xa4, 0x00, // ................
	0x00, 0x00, 0x01, 0x00, 0x00, 0x00, 0x00, 0x00, 0x00, 0x00, 0x03, 0x00, 0x00, 0x00, 0x02, 0x00, // ................
	0x00, 0x00, 0x0f, 0x00, 0x00, 0x00, 0xaa, 0x00, 0x00, 0x00, 0x00, 0x00, 0x00, 0x00, 0x00, 0x00, // ................
	0x00, 0x00, 0x03, 0x00, 0x00, 0x00, 0x03, 0x00, 0x00, 0x00, 0x0f, 0x0f, 0x00, 0x00, 0xaa, 0x00, // ................
	0x00, 0x00, 0x01, 0x00, 0x00, 0x00, 0x00, 0x00, 0x00, 0x00, 0x03, 0x00, 0x00, 0x00, 0x04, 0x00, // ................
	0x00, 0x00, 0x0f, 0x00, 0x00, 0x00, 0xaa, 0x00, 0x00, 0x00, 0x02, 0x00, 0x00, 0x00, 0x00, 0x00, // ................
	0x00, 0x00, 0x03, 0x00, 0x00, 0x00, 0x05, 0x00, 0x00, 0x00, 0x0f, 0x0f, 0x00, 0x00, 0x53, 0x56, // ..............SV
	0x5f, 0x50, 0x4f, 0x53, 0x49, 0x54, 0x49, 0x4f, 0x4e, 0x00, 0x43, 0x4f, 0x4c, 0x4f, 0x52, 0x00, // _POSITION.COLOR.
	0x54, 0x45, 0x58, 0x43, 0x4f, 0x4f, 0x52, 0x44, 0x00, 0xab, 0x4f, 0x53, 0x47, 0x4e, 0x2c, 0x00, // TEXCOORD..OSGN,.
	0x00, 0x00, 0x01, 0x00, 0x00, 0x00, 0x08, 0x00, 0x00, 0x00, 0x20, 0x00, 0x00, 0x00, 0x00, 0x00, // .......... .....
	0x00, 0x00, 0x00, 0x00, 0x00, 0x00, 0x03, 0x00, 0x00, 0x00, 0x00, 0x00, 0x00, 0x00, 0x0f, 0x00, // ................
	0x00, 0x00, 0x53, 0x56, 0x5f, 0x54, 0x41, 0x52, 0x47, 0x45, 0x54, 0x00, 0xab, 0xab, 0x53, 0x48, // ..SV_TARGET...SH
	0x45, 0x58, 0x98, 0x06, 0x00, 0x00, 0x50, 0x00, 0x00, 0x00, 0xa6, 0x01, 0x00, 0x00, 0x6a, 0x08, // EX....P.......j.
	0x00, 0x01, 0x59, 0x00, 0x00, 0x04, 0x46, 0x8e, 0x20, 0x00, 0x00, 0x00, 0x00, 0x00, 0x01, 0x00, // ..Y...F. .......
	0x00, 0x00, 0x5a, 0x00, 0x00, 0x03, 0x00, 0x60, 0x10, 0x00, 0x00, 0x00, 0x00, 0x00, 0x58, 0x30, // ..Z....`......X0
	0x00, 0x04, 0x00, 0x70, 0x10, 0x00, 0x00, 0x00, 0x00, 0x00, 0x55, 0x55, 0x00, 0x00, 0x62, 0x10, // ...p......UU..b.
	0x00, 0x03, 0xf2, 0x10, 0x10, 0x00, 0x01, 0x00, 0x00, 0x00, 0x62, 0x10, 0x00, 0x03, 0xf2, 0x10, // ..........b.....
	0x10, 0x00, 0x03, 0x00, 0x00, 0x00, 0x62, 0x10, 0x00, 0x03, 0xf2, 0x10, 0x10, 0x00, 0x05, 0x00, // ......b.........
	0x00, 0x00, 0x65, 0x00, 0x00, 0x03, 0xf2, 0x20, 0x10, 0x00, 0x00, 0x00, 0x00, 0x00, 0x68, 0x00, // ..e.... ......h.
	0x00, 0x02, 0x02, 0x00, 0x00, 0x00, 0x69, 0x00, 0x00, 0x04, 0x00, 0x00, 0x00, 0x00, 0x04, 0x00, // ......i.........
	0x00, 0x00, 0x04, 0x00, 0x00, 0x00, 0x69, 0x00, 0x00, 0x04, 0x01, 0x00, 0x00, 0x00, 0x04, 0x00, // ......i.........
	0x00, 0x00, 0x04, 0x00, 0x00, 0x00, 0x18, 0x00, 0x00, 0x0a, 0x72, 0x00, 0x10, 0x00, 0x00, 0x00, // ..........r.....
	0x00, 0x00, 0x46, 0x12, 0x10, 0x00, 0x05, 0x00, 0x00, 0x00, 0x02, 0x40, 0x00, 0x00, 0x00, 0x00, // ..F........@....
	0x00, 0x00, 0x00, 0x00, 0x00, 0x00, 0x00, 0x00, 0x00, 0x00, 0x00, 0x00, 0x00, 0x00, 0x3c, 0x00, // ..............<.
	0x00, 0x07, 0x12, 0x00, 0x10, 0x00, 0x00, 0x00, 0x00, 0x00, 0x1a, 0x00, 0x10, 0x00, 0x00, 0x00, // ................
	0x00, 0x00, 0x0a, 0x00, 0x10, 0x00, 0x00, 0x00, 0x00, 0x00, 0x3c, 0x00, 0x00, 0x07, 0x12, 0x00, // ..........<.....
	0x10, 0x00, 0x00, 0x00, 0x00, 0x00, 0x2a, 0x00, 0x10, 0x00, 0x00, 0x00, 0x00, 0x00, 0x0a, 0x00, // ......*.........
	0x10, 0x00, 0x00, 0x00, 0x00, 0x00, 0x1f, 0x00, 0x00, 0x03, 0x0a, 0x00, 0x10, 0x00, 0x00, 0x00, // ................
	0x00, 0x00, 0x45, 0x00, 0x00, 0x8b, 0x82, 0x01, 0x00, 0x80, 0x43, 0x55, 0x15, 0x00, 0xf2, 0x00, // ..E.......CU....
	0x10, 0x00, 0x00, 0x00, 0x00, 0x00, 0x46, 0x12, 0x10, 0x00, 0x05, 0x00, 0x00, 0x00, 0x46, 0x7e, // ......F.......F~
	0x10, 0x00, 0x00, 0x00, 0x00, 0x00, 0x00, 0x60, 0x10, 0x00, 0x00, 0x00, 0x00, 0x00, 0x32, 0x00, // .......`......2.
	0x00, 0x09, 0x12, 0x00, 0x10, 0x00, 0x01, 0x00, 0x00, 0x00, 0x3a, 0x10, 0x10, 0x00, 0x05, 0x00, // ..........:.....
	0x00, 0x00, 0x01, 0x40, 0x00, 0x00, 0x00, 0x00, 0x80, 0x40, 0x01, 0x40, 0x00, 0x00, 0x00, 0x00, // ...@.....@.@....
	0x00, 0x3f, 0x1b, 0x00, 0x00, 0x05, 0x12, 0x00, 0x10, 0x00, 0x01, 0x00, 0x00, 0x00, 0x0a, 0x00, // .?..............
	0x10, 0x00, 0x01, 0x00, 0x00, 0x00, 0x36, 0x00, 0x00, 0x06, 0x12, 0x30, 0x20, 0x00, 0x00, 0x00, // ......6....0 ...
	0x00, 0x00, 0x00, 0x00, 0x00, 0x00, 0x2a, 0x00, 0x10, 0x00, 0x00, 0x00, 0x00, 0x00, 0x36, 0x00, // ......*.......6.
	0x00, 0x06, 0x12, 0x30, 0x20, 0x00, 0x00, 0x00, 0x00, 0x00, 0x01, 0x00, 0x00, 0x00, 0x1a, 0x00, // ...0 ...........
	0x10, 0x00, 0x00, 0x00, 0x00, 0x00, 0x36, 0x00, 0x00, 0x06, 0x12, 0x30, 0x20, 0x00, 0x00, 0x00, // ......6....0 ...
	0x00, 0x00, 0x02, 0x00, 0x00, 0x00, 0x0a, 0x00, 0x10, 0x00, 0x00, 0x00, 0x00, 0x00, 0x36, 0x00, // ..............6.
	0x00, 0x06, 0x12, 0x30, 0x20, 0x00, 0x00, 0x00, 0x00, 0x00, 0x03, 0x00, 0x00, 0x00, 0x3a, 0x00, // ...0 .........:.
	0x10, 0x00, 0x00, 0x00, 0x00, 0x00, 0x36, 0x00, 0x00, 0x07, 0x12, 0x00, 0x10, 0x00, 0x00, 0x00, // ......6.........
	0x00, 0x00, 0x0a, 0x30, 0x20, 0x04, 0x00, 0x00, 0x00, 0x00, 0x0a, 0x00, 0x10, 0x00, 0x01, 0x00, // ...0 ...........
	0x00, 0x00, 0x7a, 0x00, 0x00, 0x05, 0xe2, 0x00, 0x10, 0x00, 0x00, 0x00, 0x00, 0x00, 0x06, 0x19, // ..z.............
	0x10, 0x00, 0x05, 0x00, 0x00, 0x00, 0x7c, 0x00, 0x00, 0x05, 0x72, 0x00, 0x10, 0x00, 0x01, 0x00, // ......|...r.....
	0x00, 0x00, 0x46, 0x12, 0x10, 0x00, 0x05, 0x00, 0x00, 0x00, 0x00, 0x00, 0x00, 0x09, 0xe2, 0x00, // ..F.............
	0x10, 0x00, 0x00, 0x00, 0x00, 0x00, 0x56, 0x0e, 0x10, 0x80, 0x81, 0x00, 0x00, 0x00, 0x00, 0x00, // ......V.........
	0x00, 0x00, 0x06, 0x09, 0x10, 0x80, 0x81, 0x00, 0x00, 0x00, 0x01, 0x00, 0x00, 0x00, 0x10, 0x00, // ................
	0x00, 0x07, 0x22, 0x00, 0x10, 0x00, 0x00, 0x00, 0x00, 0x00, 0x96, 0x07, 0x10, 0x00, 0x00, 0x00, // ..".............
	0x00, 0x00, 0x96, 0x07, 0x10, 0x00, 0x00, 0x00, 0x00, 0x00, 0x4b, 0x00, 0x00, 0x05, 0x22, 0x00, // ..........K...".
	0x10, 0x00, 0x00, 0x00, 0x00, 0x00, 0x1a, 0x00, 0x10, 0x00, 0x00, 0x00, 0x00, 0x00, 0x38, 0x00, // ..............8.
	0x00, 0x08, 0x22, 0x00, 0x10, 0x00, 0x00, 0x00, 0x00, 0x00, 0x1a, 0x00, 0x10, 0x00, 0x00, 0x00, // ..".............
	0x00, 0x00, 0x1a, 0x80, 0x20, 0x00, 0x00, 0x00, 0x00, 0x00, 0x00, 0x00, 0x00, 0x00, 0x38, 0x00, // .... .........8.
	0x00, 0x08, 0x22, 0x00, 0x10, 0x00, 0x00, 0x00, 0x00, 0x00, 0x1a, 0x00, 0x10, 0x00, 0x00, 0x00, // ..".............
	0x00, 0x00, 0x2a, 0x80, 0x20, 0x00, 0x00, 0x00, 0x00, 0x00, 0x00, 0x00, 0x00, 0x00, 0x32, 0x00, // ..*. .........2.
	0x00, 0x0a, 0x42, 0x00, 0x10, 0x00, 0x00, 0x00, 0x00, 0x00, 0x1a, 0x00, 0x10, 0x80, 0x41, 0x00, // ..B...........A.
	0x00, 0x00, 0x00, 0x00, 0x00, 0x00, 0x01, 0x40, 0x00, 0x00, 0xf3, 0x04, 0x35, 0x41, 0x01, 0x40, // .......@....5A.@
	0x00, 0x00, 0x00, 0x00, 0x00, 0x3f, 0x32, 0x00, 0x00, 0x09, 0x22, 0x00, 0x10, 0x00, 0x00, 0x00, // .....?2...".....
	0x00, 0x00, 0x1a, 0x00, 0x10, 0x00, 0x00, 0x00, 0x00, 0x00, 0x01, 0x40, 0x00, 0x00, 0xf3, 0x04, // ...........@....
	0x35, 0x41, 0x01, 0x40, 0x00, 0x00, 0x00, 0x00, 0x00, 0x3f, 0x00, 0x00, 0x00, 0x08, 0x32, 0x00, // 5A.@.....?....2.
	0x10, 0x00, 0x00, 0x00, 0x00, 0x00, 0xa6, 0x0a, 0x10, 0x80, 0x41, 0x00, 0x00, 0x00, 0x00, 0x00, // ..........A.....
	0x00, 0x00, 0x46, 0x00, 0x10, 0x00, 0x00, 0x00, 0x00, 0x00, 0x0e, 0x00, 0x00, 0x0a, 0x22, 0x00, // ..F...........".
	0x10, 0x00, 0x00, 0x00, 0x00, 0x00, 0x02, 0x40, 0x00, 0x00, 0x00, 0x00, 0x80, 0x3f, 0x00, 0x00, // .......@.....?..
	0x80, 0x3f, 0x00, 0x00, 0x80, 0x3f, 0x00, 0x00, 0x80, 0x3f, 0x1a, 0x00, 0x10, 0x00, 0x00, 0x00, // .?...?...?......
	0x00, 0x00, 0x38, 0x20, 0x00, 0x07, 0x12, 0x00, 0x10, 0x00, 0x00, 0x00, 0x00, 0x00, 0x1a, 0x00, // ..8 ............
	0x10, 0x00, 0x00, 0x00, 0x00, 0x00, 0x0a, 0x00, 0x10, 0x00, 0x00, 0x00, 0x00, 0x00, 0x32, 0x00, // ..............2.
	0x00, 0x09, 0x22, 0x00, 0x10, 0x00, 0x00, 0x00, 0x00, 0x00, 0x0a, 0x00, 0x10, 0x00, 0x00, 0x00, // ..".............
	0x00, 0x00, 0x01, 0x40, 0x00, 0x00, 0x00, 0x00, 0x00, 0xc0, 0x01, 0x40, 0x00, 0x00, 0x00, 0x00, // ...@.......@....
	0x40, 0x40, 0x38, 0x00, 0x00, 0x07, 0x12, 0x00, 0x10, 0x00, 0x00, 0x00, 0x00, 0x00, 0x0a, 0x00, // @@8.............
	0x10, 0x00, 0x00, 0x00, 0x00, 0x00, 0x0a, 0x00, 0x10, 0x00, 0x00, 0x00, 0x00, 0x00, 0x38, 0x00, // ..............8.
	0x00, 0x07, 0x12, 0x00, 0x10, 0x00, 0x00, 0x00, 0x00, 0x00, 0x0a, 0x00, 0x10, 0x00, 0x00, 0x00, // ................
	0x00, 0x00, 0x1a, 0x00, 0x10, 0x00, 0x00, 0x00, 0x00, 0x00, 0x38, 0x00, 0x00, 0x07, 0x82, 0x20, // ..........8.... 
	0x10, 0x00, 0x00, 0x00, 0x00, 0x00, 0x0a, 0x00, 0x10, 0x00, 0x00, 0x00, 0x00, 0x00, 0x3a, 0x10, // ..............:.
	0x10, 0x00, 0x01, 0x00, 0x00, 0x00, 0x36, 0x00, 0x00, 0x05, 0x72, 0x20, 0x10, 0x00, 0x00, 0x00, // ......6...r ....
	0x00, 0x00, 0x46, 0x12, 0x10, 0x00, 0x01, 0x00, 0x00, 0x00, 0x3e, 0x00, 0x00, 0x01, 0x15, 0x00, // ..F.......>.....
	0x00, 0x01, 0x45, 0x00, 0x00, 0x8b, 0x82, 0x01, 0x00, 0x80, 0x43, 0x55, 0x15, 0x00, 0xf2, 0x00, // ..E.......CU....
	0x10, 0x00, 0x00, 0x00, 0x00, 0x00, 0x46, 0x12, 0x10, 0x00, 0x03, 0x00, 0x00, 0x00, 0x46, 0x7e, // ......F.......F~
	0x10, 0x00, 0x00, 0x00, 0x00, 0x00, 0x00, 0x60, 0x10, 0x00, 0x00, 0x00, 0x00, 0x00, 0x32, 0x00, // .......`......2.
	0x00, 0x09, 0x12, 0x00, 0x10, 0x00, 0x01, 0x00, 0x00, 0x00, 0x3a, 0x10, 0x10, 0x00, 0x03, 0x00, // ..........:.....
	0x00, 0x00, 0x01, 0x40, 0x00, 0x00, 0x00, 0x00, 0x80, 0x40, 0x01, 0x40, 0x00, 0x00, 0x00, 0x00, // ...@.....@.@....
	0x00, 0x3f, 0x1b, 0x00, 0x00, 0x05, 0x12, 0x00, 0x10, 0x00, 0x01, 0x00, 0x00, 0x00, 0x0a, 0x00, // .?..............
	0x10, 0x00, 0x01, 0x00, 0x00, 0x00, 0x36, 0x00, 0x00, 0x06, 0x12, 0x30, 0x20, 0x00, 0x01, 0x00, // ......6....0 ...
	0x00, 0x00, 0x00, 0x00, 0x00, 0x00, 0x2a, 0x00, 0x10, 0x00, 0x00, 0x00, 0x00, 0x00, 0x36, 0x00, // ......*.......6.
	0x00, 0x06, 0x12, 0x30, 0x20, 0x00, 0x01, 0x00, 0x00, 0x00, 0x01, 0x00, 0x00, 0x00, 0x1a, 0x00, // ...0 ...........
	0x10, 0x00, 0x00, 0x00, 0x00, 0x00, 0x36, 0x00, 0x00, 0x06, 0x12, 0x30, 0x20, 0x00, 0x01, 0x00, // ......6....0 ...
	0x00, 0x00, 0x02, 0x00, 0x00, 0x00, 0x0a, 0x00, 0x10, 0x00, 0x00, 0x00, 0x00, 0x00, 0x36, 0x00, // ..............6.
	0x00, 0x06, 0x12, 0x30, 0x20, 0x00, 0x01, 0x00, 0x00, 0x00, 0x03, 0x00, 0x00, 0x00, 0x3a, 0x00, // ...0 .........:.
	0x10, 0x00, 0x00, 0x00, 0x00, 0x00, 0x36, 0x00, 0x00, 0x07, 0x12, 0x00, 0x10, 0x00, 0x00, 0x00, // ......6.........
	0x00, 0x00, 0x0a, 0x30, 0x20, 0x04, 0x01, 0x00, 0x00, 0x00, 0x0a, 0x00, 0x10, 0x00, 0x01, 0x00, // ...0 ...........
	0x00, 0x00, 0x7a, 0x00, 0x00, 0x05, 0xe2, 0x00, 0x10, 0x00, 0x00, 0x00, 0x00, 0x00, 0x06, 0x19, // ..z.............
	0x10, 0x00, 0x03, 0x00, 0x00, 0x00, 0x7c, 0x00, 0x00, 0x05, 0x72, 0x00, 0x10, 0x00, 0x01, 0x00, // ......|...r.....
	0x00, 0x00, 0x46, 0x12, 0x10, 0x00, 0x03, 0x00, 0x00, 0x00, 0x00, 0x00, 0x00, 0x09, 0xe2, 0x00, // ..F.............
	0x10, 0x00, 0x00, 0x00, 0x00, 0x00, 0x56, 0x0e, 0x10, 0x80, 0x81, 0x00, 0x00, 0x00, 0x00, 0x00, // ......V.........
	0x00, 0x00, 0x06, 0x09, 0x10, 0x80, 0x81, 0x00, 0x00, 0x00, 0x01, 0x00, 0x00, 0x00, 0x10, 0x00, // ................
	0x00, 0x07, 0x22, 0x00, 0x10, 0x00, 0x00, 0x00, 0x00, 0x00, 0x96, 0x07, 0x10, 0x00, 0x00, 0x00, // ..".............
	0x00, 0x00, 0x96, 0x07, 0x10, 0x00, 0x00, 0x00, 0x00, 0x00, 0x4b, 0x00, 0x00, 0x05, 0x22, 0x00, // ..........K...".
	0x10, 0x00, 0x00, 0x00, 0x00, 0x00, 0x1a, 0x00, 0x10, 0x00, 0x00, 0x00, 0x00, 0x00, 0x38, 0x00, // ..............8.
	0x00, 0x08, 0x22, 0x00, 0x10, 0x00, 0x00, 0x00, 0x00, 0x00, 0x1a, 0x00, 0x10, 0x00, 0x00, 0x00, // ..".............
	0x00, 0x00, 0x1a, 0x80, 0x20, 0x00, 0x00, 0x00, 0x00, 0x00, 0x00, 0x00, 0x00, 0x00, 0x32, 0x00, // .... .........2.
	0x00, 0x0a, 0x42, 0x00, 0x10, 0x00, 0x00, 0x00, 0x00, 0x00, 0x1a, 0x00, 0x10, 0x80, 0x41, 0x00, // ..B...........A.
	0x00, 0x00, 0x00, 0x00, 0x00, 0x00, 0x01, 0x40, 0x00, 0x00, 0xf3, 0x04, 0x35, 0x41, 0x01, 0x40, // .......@....5A.@
	0x00, 0x00, 0x00, 0x00, 0x00, 0x3f, 0x32, 0x00, 0x00, 0x09, 0x22, 0x00, 0x10, 0x00, 0x00, 0x00, // .....?2...".....
	0x00, 0x00, 0x1a, 0x00, 0x10, 0x00, 0x00, 0x00, 0x00, 0x00, 0x01, 0x40, 0x00, 0x00, 0xf3, 0x04, // ...........@....
	0x35, 0x41, 0x01, 0x40, 0x00, 0x00, 0x00, 0x00, 0x00, 0x3f, 0x00, 0x00, 0x00, 0x08, 0x32, 0x00, // 5A.@.....?....2.
	0x10, 0x00, 0x00, 0x00, 0x00, 0x00, 0xa6, 0x0a, 0x10, 0x80, 0x41, 0x00, 0x00, 0x00, 0x00, 0x00, // ..........A.....
	0x00, 0x00, 0x46, 0x00, 0x10, 0x00, 0x00, 0x00, 0x00, 0x00, 0x0e, 0x00, 0x00, 0x0a, 0x22, 0x00, // ..F...........".
	0x10, 0x00, 0x00, 0x00, 0x00, 0x00, 0x02, 0x40, 0x00, 0x00, 0x00, 0x00, 0x80, 0x3f, 0x00, 0x00, // .......@.....?..
	0x80, 0x3f, 0x00, 0x00, 0x80, 0x3f, 0x00, 0x00, 0x80, 0x3f, 0x1a, 0x00, 0x10, 0x00, 0x00, 0x00, // .?...?...?......
	0x00, 0x00, 0x38, 0x20, 0x00, 0x07, 0x12, 0x00, 0x10, 0x00, 0x00, 0x00, 0x00, 0x00, 0x1a, 0x00, // ..8 ............
	0x10, 0x00, 0x00, 0x00, 0x00, 0x00, 0x0a, 0x00, 0x10, 0x00, 0x00, 0x00, 0x00, 0x00, 0x32, 0x00, // ..............2.
	0x00, 0x09, 0x22, 0x00, 0x10, 0x00, 0x00, 0x00, 0x00, 0x00, 0x0a, 0x00, 0x10, 0x00, 0x00, 0x00, // ..".............
	0x00, 0x00, 0x01, 0x40, 0x00, 0x00, 0x00, 0x00, 0x00, 0xc0, 0x01, 0x40, 0x00, 0x00, 0x00, 0x00, // ...@.......@....
	0x40, 0x40, 0x38, 0x00, 0x00, 0x07, 0x12, 0x00, 0x10, 0x00, 0x00, 0x00, 0x00, 0x00, 0x0a, 0x00, // @@8.............
	0x10, 0x00, 0x00, 0x00, 0x00, 0x00, 0x0a, 0x00, 0x10, 0x00, 0x00, 0x00, 0x00, 0x00, 0x38, 0x00, // ..............8.
	0x00, 0x07, 0x12, 0x00, 0x10, 0x00, 0x00, 0x00, 0x00, 0x00, 0x0a, 0x00, 0x10, 0x00, 0x00, 0x00, // ................
	0x00, 0x00, 0x1a, 0x00, 0x10, 0x00, 0x00, 0x00, 0x00, 0x00, 0x38, 0x00, 0x00, 0x07, 0x82, 0x20, // ..........8.... 
	0x10, 0x00, 0x00, 0x00, 0x00, 0x00, 0x0a, 0x00, 0x10, 0x00, 0x00, 0x00, 0x00, 0x00, 0x3a, 0x10, // ..............:.
	0x10, 0x00, 0x01, 0x00, 0x00, 0x00, 0x36, 0x00, 0x00, 0x05, 0x72, 0x20, 0x10, 0x00, 0x00, 0x00, // ......6...r ....
	0x00, 0x00, 0x46, 0x12, 0x10, 0x00, 0x01, 0x00, 0x00, 0x00, 0x3e, 0x00, 0x00, 0x01, 0x00, 0x00, // ..F.......>.....
	0x10, 0x00,                                                                                     // ..
};
static const uint8_t fs_font_distance_field_drop_shadow_dxil[3982] =
{
	0x46, 0x53, 0x48, 0x0c, 0x9e, 0x67, 0x7a, 0xc3, 0x00, 0x00, 0x00, 0x00, 0x00, 0x00, 0x00, 0x00, // FSH..gz.........
	0x00, 0x00, 0x00, 0x00, 0x02, 0x00, 0x08, 0x75, 0x5f, 0x70, 0x61, 0x72, 0x61, 0x6d, 0x73, 0x12, // .......u_params.
	0x00, 0x00, 0x00, 0x01, 0x00, 0x00, 0x00, 0x00, 0x00, 0x0a, 0x73, 0x5f, 0x74, 0x65, 0x78, 0x43, // ..........s_texC
	0x6f, 0x6c, 0x6f, 0x72, 0x30, 0x01, 0x00, 0x00, 0x01, 0x00, 0x00, 0x04, 0x00, 0x00, 0x48, 0x0f, // olor0.........H.
	0x00, 0x00, 0x44, 0x58, 0x42, 0x43, 0x5f, 0x20, 0x0b, 0x3e, 0x61, 0x90, 0x07, 0x97, 0x56, 0x88, // ..DXBC_ .>a...V.
	0xcf, 0xa7, 0x61, 0x84, 0x9e, 0x76, 0x01, 0x00, 0x00, 0x00, 0x48, 0x0f, 0x00, 0x00, 0x07, 0x00, // ..a..v....H.....
	0x00, 0x00, 0x3c, 0x00, 0x00, 0x00, 0x4c, 0x00, 0x00, 0x00, 0x38, 0x01, 0x00, 0x00, 0x74, 0x01, // ..<...L...8...t.
	0x00, 0x00, 0x20, 0x03, 0x00, 0x00, 0x54, 0x03, 0x00, 0x00, 0x70, 0x03, 0x00, 0x00, 0x53, 0x46, // .. ...T...p...SF
	0x49, 0x30, 0x08, 0x00, 0x00, 0x00, 0x00, 0x00, 0x00, 0x00, 0x00, 0x00, 0x00, 0x00, 0x49, 0x53, // I0............IS
	0x47, 0x31, 0xe4, 0x00, 0x00, 0x00, 0x06, 0x00, 0x00, 0x00, 0x08, 0x00, 0x00, 0x00, 0x00, 0x00, // G1..............
	0x00, 0x00, 0xc8, 0x00, 0x00, 0x00, 0x00, 0x00, 0x00, 0x00, 0x01, 0x00, 0x00, 0x00, 0x03, 0x00, // ................
	0x00, 0x00, 0x00, 0x00, 0x00, 0x00, 0x0f, 0x00, 0x00, 0x00, 0x00, 0x00, 0x00, 0x00, 0x00, 0x00, // ................
	0x00, 0x00, 0xd4, 0x00, 0x00, 0x00, 0x00, 0x00, 0x00, 0x00, 0x00, 0x00, 0x00, 0x00, 0x03, 0x00, // ................
	0x00, 0x00, 0x01, 0x00, 0x00, 0x00, 0x0f, 0x0f, 0x00, 0x00, 0x00, 0x00, 0x00, 0x00, 0x00, 0x00, // ................
	0x00, 0x00, 0xd4, 0x00, 0x00, 0x00, 0x01, 0x00, 0x00, 0x00, 0x00, 0x00, 0x00, 0x00, 0x03, 0x00, // ................
	0x00, 0x00, 0x02, 0x00, 0x00, 0x00, 0x0f, 0x00, 0x00, 0x00, 0x00, 0x00, 0x00, 0x00, 0x00, 0x00, // ................
	0x00, 0x00, 0xda, 0x00, 0x00, 0x00, 0x00, 0x00, 0x00, 0x00, 0x00, 0x00, 0x00, 0x00, 0x03, 0x00, // ................
	0x00, 0x00, 0x03, 0x00, 0x00, 0x00, 0x0f, 0x0f, 0x00, 0x00, 0x00, 0x00, 0x00, 0x00, 0x00, 0x00, // ................
	0x00, 0x00, 0xda, 0x00, 0x00, 0x00, 0x01, 0x00, 0x00, 0x00, 0x00, 0x00, 0x00, 0x00, 0x03, 0x00, // ................
	0x00, 0x00, 0x04, 0x00, 0x00, 0x00, 0x0f, 0x00, 0x00, 0x00, 0x00, 0x00, 0x00, 0x00, 0x00, 0x00, // ................
	0x00, 0x00, 0xda, 0x00, 0x00, 0x00, 0x02, 0x00, 0x00, 0x00, 0x00, 0x00, 0x00, 0x00, 0x03, 0x00, // ................
	0x00, 0x00, 0x05, 0x00, 0x00, 0x00, 0x0f, 0x0f, 0x00, 0x00, 0x00, 0x00, 0x00, 0x00, 0x53, 0x56, // ..............SV
	0x5f, 0x50, 0x6f, 0x73, 0x69, 0x74, 0x69, 0x6f, 0x6e, 0x00, 0x43, 0x4f, 0x4c, 0x4f, 0x52, 0x00, // _Position.COLOR.
	0x54, 0x45, 0x58, 0x43, 0x4f, 0x4f, 0x52, 0x44, 0x00, 0x00, 0x4f, 0x53, 0x47, 0x31, 0x34, 0x00, // TEXCOORD..OSG14.
	0x00, 0x00, 0x01, 0x00, 0x00, 0x00, 0x08, 0x00, 0x00, 0x00, 0x00, 0x00, 0x00, 0x00, 0x28, 0x00, // ..............(.
	0x00, 0x00, 0x00, 0x00, 0x00, 0x00, 0x40, 0x00, 0x00, 0x00, 0x03, 0x00, 0x00, 0x00, 0x00, 0x00, // ......@.........
	0x00, 0x00, 0x0f, 0x00, 0x00, 0x00, 0x00, 0x00, 0x00, 0x00, 0x53, 0x56, 0x5f, 0x54, 0x61, 0x72, // ..........SV_Tar
	0x67, 0x65, 0x74, 0x00, 0x00, 0x00, 0x50, 0x53, 0x56, 0x30, 0xa4, 0x01, 0x00, 0x00, 0x38, 0x00, // get...PSV0....8.
	0x00, 0x00, 0x00, 0x00, 0x00, 0x00, 0x00, 0x00, 0x00, 0x00, 0x00, 0x00, 0x00, 0x00, 0x00, 0x00, // ................
	0x00, 0x00, 0x00, 0x00, 0x00, 0x00, 0xff, 0xff, 0xff, 0xff, 0x00, 0x00, 0x00, 0x00, 0x06, 0x01, // ................
	0x00, 0x06, 0x01, 0x00, 0x00, 0x00, 0x00, 0x00, 0x00, 0x00, 0x00, 0x00, 0x00, 0x00, 0x00, 0x00, // ................
	0x00, 0x00, 0x28, 0x00, 0x00, 0x00, 0x00, 0x00, 0x00, 0x00, 0x03, 0x00, 0x00, 0x00, 0x18, 0x00, // ..(.............
	0x00, 0x00, 0x02, 0x00, 0x00, 0x00, 0x00, 0x00, 0x00, 0x00, 0x00, 0x00, 0x00, 0x00, 0x00, 0x00, // ................
	0x00, 0x00, 0x0d, 0x00, 0x00, 0x00, 0x00, 0x00, 0x00, 0x00, 0x01, 0x00, 0x00, 0x00, 0x00, 0x00, // ................
	0x00, 0x00, 0x00, 0x00, 0x00, 0x00, 0x00, 0x00, 0x00, 0x00, 0x0e, 0x00, 0x00, 0x00, 0x00, 0x00, // ................
	0x00, 0x00, 0x03, 0x00, 0x00, 0x00, 0x00, 0x00, 0x00, 0x00, 0x00, 0x00, 0x00, 0x00, 0x00, 0x00, // ................
	0x00, 0x00, 0x05, 0x00, 0x00, 0x00, 0x00, 0x00, 0x00, 0x00, 0x30, 0x00, 0x00, 0x00, 0x00, 0x43, // ..........0....C
	0x4f, 0x4c, 0x4f, 0x52, 0x00, 0x43, 0x4f, 0x4c, 0x4f, 0x52, 0x00, 0x54, 0x45, 0x58, 0x43, 0x4f, // OLOR.COLOR.TEXCO
	0x4f, 0x52, 0x44, 0x00, 0x54, 0x45, 0x58, 0x43, 0x4f, 0x4f, 0x52, 0x44, 0x00, 0x54, 0x45, 0x58, // ORD.TEXCOORD.TEX
	0x43, 0x4f, 0x4f, 0x52, 0x44, 0x00, 0x6d, 0x61, 0x69, 0x6e, 0x00, 0x00, 0x00, 0x00, 0x03, 0x00, // COORD.main......
	0x00, 0x00, 0x00, 0x00, 0x00, 0x00, 0x01, 0x00, 0x00, 0x00, 0x02, 0x00, 0x00, 0x00, 0x10, 0x00, // ................
	0x00, 0x00, 0x00, 0x00, 0x00, 0x00, 0x00, 0x00, 0x00, 0x00, 0x01, 0x00, 0x44, 0x03, 0x03, 0x04, // ............D...
	0x00, 0x00, 0x01, 0x00, 0x00, 0x00, 0x00, 0x00, 0x00, 0x00, 0x01, 0x01, 0x44, 0x00, 0x03, 0x02, // ............D...
	0x00, 0x00, 0x07, 0x00, 0x00, 0x00, 0x01, 0x00, 0x00, 0x00, 0x01, 0x02, 0x44, 0x00, 0x03, 0x02, // ............D...
	0x00, 0x00, 0x0d, 0x00, 0x00, 0x00, 0x00, 0x00, 0x00, 0x00, 0x01, 0x03, 0x44, 0x00, 0x03, 0x02, // ............D...
	0x00, 0x00, 0x16, 0x00, 0x00, 0x00, 0x01, 0x00, 0x00, 0x00, 0x01, 0x04, 0x44, 0x00, 0x03, 0x02, // ............D...
	0x00, 0x00, 0x1f, 0x00, 0x00, 0x00, 0x02, 0x00, 0x00, 0x00, 0x01, 0x05, 0x44, 0x00, 0x03, 0x02, // ............D...
	0x00, 0x00, 0x00, 0x00, 0x00, 0x00, 0x00, 0x00, 0x00, 0x00, 0x01, 0x00, 0x44, 0x10, 0x03, 0x00, // ............D...
	0x00, 0x00, 0x00, 0x00, 0x00, 0x00, 0x00, 0x00, 0x00, 0x00, 0x00, 0x00, 0x00, 0x00, 0x00, 0x00, // ................
	0x00, 0x00, 0x01, 0x00, 0x00, 0x00, 0x02, 0x00, 0x00, 0x00, 0x04, 0x00, 0x00, 0x00, 0x08, 0x00, // ................
	0x00, 0x00, 0x00, 0x00, 0x00, 0x00, 0x00, 0x00, 0x00, 0x00, 0x00, 0x00, 0x00, 0x00, 0x00, 0x00, // ................
	0x00, 0x00, 0x08, 0x00, 0x00, 0x00, 0x08, 0x00, 0x00, 0x00, 0x08, 0x00, 0x00, 0x00, 0x08, 0x00, // ................
	0x00, 0x00, 0x00, 0x00, 0x00, 0x00, 0x00, 0x00, 0x00, 0x00, 0x00, 0x00, 0x00, 0x00, 0x00, 0x00, // ................
	0x00, 0x00, 0x0f, 0x00, 0x00, 0x00, 0x0f, 0x00, 0x00, 0x00, 0x0f, 0x00, 0x00, 0x00, 0x08, 0x00, // ................
	0x00, 0x00, 0x49, 0x4c, 0x44, 0x4e, 0x2c, 0x00, 0x00, 0x00, 0x00, 0x00, 0x24, 0x00, 0x62, 0x30, // ..ILDN,.....$.b0
	0x65, 0x65, 0x62, 0x32, 0x63, 0x32, 0x62, 0x36, 0x37, 0x39, 0x32, 0x61, 0x37, 0x62, 0x63, 0x64, // eeb2c2b6792a7bcd
	0x35, 0x39, 0x31, 0x62, 0x35, 0x39, 0x32, 0x64, 0x62, 0x35, 0x39, 0x37, 0x38, 0x62, 0x2e, 0x70, // 591b592db5978b.p
	0x64, 0x62, 0x00, 0x00, 0x00, 0x00, 0x48, 0x41, 0x53, 0x48, 0x14, 0x00, 0x00, 0x00, 0x00, 0x00, // db....HASH......
	0x00, 0x00, 0xb0, 0xee, 0xb2, 0xc2, 0xb6, 0x79, 0x2a, 0x7b, 0xcd, 0x59, 0x1b, 0x59, 0x2d, 0xb5, // .......y*{.Y.Y-.
	0x97, 0x8b, 0x44, 0x58, 0x49, 0x4c, 0xd0, 0x0b, 0x00, 0x00, 0x60, 0x00, 0x00, 0x00, 0xf4, 0x02, // ..DXIL....`.....
	0x00, 0x00, 0x44, 0x58, 0x49, 0x4c, 0x00, 0x01, 0x00, 0x00, 0x10, 0x00, 0x00, 0x00, 0xb8, 0x0b, // ..DXIL..........
	0x00, 0x00, 0x42, 0x43, 0xc0, 0xde, 0x21, 0x0c, 0x00, 0x00, 0xeb, 0x02, 0x00, 0x00, 0x0b, 0x82, // ..BC..!.........
	0x20, 0x00, 0x02, 0x00, 0x00, 0x00, 0x13, 0x00, 0x00, 0x00, 0x07, 0x81, 0x23, 0x91, 0x41, 0xc8, //  ...........#.A.
	0x04, 0x49, 0x06, 0x10, 0x32, 0x39, 0x92, 0x01, 0x84, 0x0c, 0x25, 0x05, 0x08, 0x19, 0x1e, 0x04, // .I..29....%.....
	0x8b, 0x62, 0x80, 0x18, 0x45, 0x02, 0x42, 0x92, 0x0b, 0x42, 0xc4, 0x10, 0x32, 0x14, 0x38, 0x08, // .b..E.B..B..2.8.
	0x18, 0x4b, 0x0a, 0x32, 0x62, 0x88, 0x48, 0x90, 0x14, 0x20, 0x43, 0x46, 0x88, 0xa5, 0x00, 0x19, // .K.2b.H.. CF....
	0x32, 0x42, 0xe4, 0x48, 0x0e, 0x90, 0x11, 0x23, 0xc4, 0x50, 0x41, 0x51, 0x81, 0x8c, 0xe1, 0x83, // 2B.H...#.PAQ....
	0xe5, 0x8a, 0x04, 0x31, 0x46, 0x06, 0x51, 0x18, 0x00, 0x00, 0x08, 0x00, 0x00, 0x00, 0x1b, 0x8c, // ...1F.Q.........
	0xe0, 0xff, 0xff, 0xff, 0xff, 0x07, 0x40, 0x02, 0xa8, 0x0d, 0x84, 0xf0, 0xff, 0xff, 0xff, 0xff, // ......@.........
	0x03, 0x20, 0x6d, 0x30, 0x86, 0xff, 0xff, 0xff, 0xff, 0x1f, 0x00, 0x09, 0xa8, 0x00, 0x49, 0x18, // . m0..........I.
	0x00, 0x00, 0x03, 0x00, 0x00, 0x00, 0x13, 0x82, 0x60, 0x42, 0x20, 0x4c, 0x08, 0x06, 0x00, 0x00, // ........`B L....
	0x00, 0x00, 0x89, 0x20, 0x00, 0x00, 0x42, 0x00, 0x00, 0x00, 0x32, 0x22, 0x88, 0x09, 0x20, 0x64, // ... ..B...2".. d
	0x85, 0x04, 0x13, 0x23, 0xa4, 0x84, 0x04, 0x13, 0x23, 0xe3, 0x84, 0xa1, 0x90, 0x14, 0x12, 0x4c, // ...#....#......L
	0x8c, 0x8c, 0x0b, 0x84, 0xc4, 0x4c, 0x10, 0x94, 0xc1, 0x08, 0x40, 0x09, 0x00, 0x0a, 0x66, 0x00, // .....L....@...f.
	0xe6, 0x08, 0xc0, 0x60, 0x8e, 0x00, 0x29, 0xc6, 0x40, 0x10, 0x44, 0x41, 0x90, 0x51, 0x0c, 0x80, // ...`..).@.DA.Q..
	0x20, 0x88, 0x62, 0x20, 0xa4, 0x0c, 0x03, 0x31, 0x90, 0x72, 0xd3, 0x70, 0xf9, 0x13, 0xf6, 0x10, //  .b ...1.r.p....
	0x92, 0xbf, 0x12, 0xd2, 0x4a, 0x4c, 0x7e, 0x71, 0xdb, 0xa8, 0x18, 0x86, 0x61, 0x20, 0xa8, 0xb8, // ....JL~q....a ..
	0x67, 0xb8, 0xfc, 0x09, 0x7b, 0x08, 0xc9, 0x0f, 0x81, 0x66, 0x58, 0x08, 0x14, 0x34, 0x85, 0x61, // g...{....fX..4.a
	0x08, 0xc7, 0x19, 0x86, 0x61, 0x20, 0x08, 0x62, 0xa0, 0xe7, 0xa8, 0xe1, 0xf2, 0x27, 0xec, 0x21, // ....a .b.....'.!
	0x24, 0x9f, 0xdb, 0xa8, 0x62, 0x25, 0x26, 0xbf, 0xb8, 0x6d, 0x44, 0x0c, 0xc3, 0x30, 0x14, 0x22, // $...b%&..mD..0."
	0x22, 0x1c, 0x82, 0xa4, 0x39, 0x82, 0xa0, 0x18, 0x0e, 0x51, 0x10, 0x04, 0x45, 0xd5, 0x40, 0xc0, // "...9....Q..E.@.
	0x30, 0x02, 0x31, 0xcc, 0x44, 0x06, 0xe3, 0xc0, 0x0e, 0xe1, 0x30, 0x0f, 0xf3, 0xe0, 0x06, 0xb4, // 0.1.D.....0.....
	0x50, 0x0e, 0xf8, 0x40, 0x0f, 0xf5, 0x20, 0x0f, 0xe5, 0x30, 0x0a, 0xf5, 0x20, 0x0e, 0xe5, 0xc0, // P..@.. ..0.. ...
	0x07, 0xf6, 0x50, 0x0e, 0xe3, 0x40, 0x0f, 0xef, 0x20, 0x0f, 0x7c, 0x60, 0x0e, 0xec, 0xf0, 0x0e, // ..P..@.. .|`....
	0xe1, 0x40, 0x0f, 0x6c, 0x00, 0x06, 0x74, 0xe0, 0x07, 0x60, 0xe0, 0x07, 0x28, 0xc0, 0x28, 0x9b, // .@.l..t..`..(.(.
	0x09, 0x21, 0x83, 0x53, 0x60, 0x87, 0x77, 0x10, 0x87, 0x70, 0x60, 0x87, 0x79, 0x40, 0x01, 0x46, // .!.S`.w..p`.y@.F
	0xdb, 0x4d, 0xd2, 0x14, 0x51, 0xc2, 0xe4, 0xb3, 0x00, 0xf3, 0x2c, 0x44, 0xc4, 0x4e, 0xc0, 0x44, // .M..Q.....,D.N.D
	0xa0, 0x80, 0xa0, 0x2e, 0x35, 0x88, 0x24, 0x18, 0x08, 0x9c, 0x02, 0xa0, 0x61, 0x8e, 0x00, 0x14, // ....5.$.....a...
	0x00, 0x00, 0x13, 0x14, 0x72, 0xc0, 0x87, 0x74, 0x60, 0x87, 0x36, 0x68, 0x87, 0x79, 0x68, 0x03, // ....r..t`.6h.yh.
	0x72, 0xc0, 0x87, 0x0d, 0xaf, 0x50, 0x0e, 0x6d, 0xd0, 0x0e, 0x7a, 0x50, 0x0e, 0x6d, 0x00, 0x0f, // r....P.m..zP.m..
	0x7a, 0x30, 0x07, 0x72, 0xa0, 0x07, 0x73, 0x20, 0x07, 0x6d, 0x90, 0x0e, 0x71, 0xa0, 0x07, 0x73, // z0.r..s .m..q..s
	0x20, 0x07, 0x6d, 0x90, 0x0e, 0x78, 0xa0, 0x07, 0x73, 0x20, 0x07, 0x6d, 0x90, 0x0e, 0x71, 0x60, //  .m..x..s .m..q`
	0x07, 0x7a, 0x30, 0x07, 0x72, 0xd0, 0x06, 0xe9, 0x30, 0x07, 0x72, 0xa0, 0x07, 0x73, 0x20, 0x07, // .z0.r...0.r..s .
	0x6d, 0x90, 0x0e, 0x76, 0x40, 0x07, 0x7a, 0x60, 0x07, 0x74, 0xd0, 0x06, 0xe6, 0x10, 0x07, 0x76, // m..v@.z`.t.....v
	0xa0, 0x07, 0x73, 0x20, 0x07, 0x6d, 0x60, 0x0e, 0x73, 0x20, 0x07, 0x7a, 0x30, 0x07, 0x72, 0xd0, // ..s .m`.s .z0.r.
	0x06, 0xe6, 0x60, 0x07, 0x74, 0xa0, 0x07, 0x76, 0x40, 0x07, 0x6d, 0xe0, 0x0e, 0x78, 0xa0, 0x07, // ..`.t..v@.m..x..
	0x71, 0x60, 0x07, 0x7a, 0x30, 0x07, 0x72, 0xa0, 0x07, 0x76, 0x40, 0x07, 0x43, 0x9e, 0x00, 0x00, // q`.z0.r..v@.C...
	0x00, 0x00, 0x00, 0x00, 0x00, 0x00, 0x00, 0x00, 0x00, 0x86, 0x3c, 0x06, 0x10, 0x00, 0x01, 0x00, // ..........<.....
	0x00, 0x00, 0x00, 0x00, 0x00, 0x00, 0x0c, 0x79, 0x10, 0x20, 0x00, 0x04, 0x00, 0x00, 0x00, 0x00, // .......y. ......
	0x00, 0x00, 0x00, 0x18, 0xf2, 0x28, 0x40, 0x00, 0x04, 0x00, 0x00, 0x00, 0x00, 0x00, 0x00, 0x00, // .....(@.........
	0x30, 0xe4, 0x79, 0x80, 0x00, 0x18, 0x00, 0x00, 0x00, 0x00, 0x00, 0x00, 0x00, 0x60, 0xc8, 0x23, // 0.y..........`.#
	0x01, 0x01, 0x30, 0x00, 0x00, 0x00, 0x00, 0x00, 0x00, 0x00, 0xc0, 0x90, 0xa7, 0x02, 0x02, 0x60, // ..0............`
	0x00, 0x00, 0x00, 0x00, 0x00, 0x00, 0x00, 0x80, 0x2c, 0x10, 0x15, 0x00, 0x00, 0x00, 0x32, 0x1e, // ........,.....2.
	0x98, 0x14, 0x19, 0x11, 0x4c, 0x90, 0x8c, 0x09, 0x26, 0x47, 0xc6, 0x04, 0x43, 0x22, 0x4a, 0x60, // ....L...&G..C"J`
	0x04, 0xa0, 0x28, 0x8a, 0xa1, 0x14, 0x4a, 0xa2, 0x40, 0xca, 0xa0, 0x3c, 0x8a, 0xa0, 0x10, 0xa8, // ..(...J.@..<....
	0x28, 0x89, 0x32, 0x28, 0x84, 0x11, 0x80, 0x22, 0x28, 0x10, 0x22, 0x47, 0x00, 0x88, 0x9b, 0x01, // (.2(..."(."G....
	0x20, 0x6f, 0x06, 0x80, 0xbe, 0xb1, 0x34, 0x8c, 0x00, 0x00, 0x00, 0x08, 0x04, 0x02, 0x01, 0x00, //  o....4.........
	0x00, 0x40, 0x10, 0x04, 0x01, 0x00, 0x00, 0x78, 0x9e, 0x07, 0x21, 0x6d, 0x06, 0x00, 0x00, 0x00, // .@.....x..!m....
	0x00, 0x00, 0x79, 0x18, 0x00, 0x00, 0x88, 0x00, 0x00, 0x00, 0x1a, 0x03, 0x4c, 0x90, 0x46, 0x02, // ..y.........L.F.
	0x13, 0xc4, 0x8f, 0x0c, 0x6f, 0xec, 0xed, 0x4d, 0x0c, 0x24, 0xc6, 0x25, 0x06, 0xc6, 0x45, 0xc6, // ....o..M.$.%..E.
	0x06, 0xa6, 0xc6, 0x65, 0xe6, 0x06, 0x04, 0x65, 0x8c, 0x86, 0x0c, 0xc7, 0x8c, 0xc6, 0x2c, 0x27, // ...e...e......,'
	0x27, 0x65, 0x43, 0x10, 0x4c, 0x10, 0x88, 0x63, 0x82, 0x40, 0x20, 0x1b, 0x84, 0x81, 0x98, 0x20, // 'eC.L..c.@ .... 
	0x10, 0xc9, 0x06, 0x61, 0x30, 0x28, 0xc0, 0xcd, 0x4d, 0x10, 0x08, 0x65, 0xc3, 0x80, 0x24, 0xc4, // ...a0(..M..e..$.
	0x04, 0x41, 0xe3, 0x08, 0x4c, 0x10, 0x88, 0x65, 0x82, 0x40, 0x30, 0x1b, 0x04, 0xc2, 0xd9, 0x90, // .A..L..e.@0.....
	0x10, 0x0b, 0x43, 0x10, 0x43, 0x43, 0x3c, 0x1b, 0x02, 0x68, 0x82, 0xc0, 0x65, 0x13, 0x04, 0xa2, // ..C.CC<..h..e...
	0xd9, 0x80, 0x10, 0x12, 0x43, 0x10, 0xc3, 0x04, 0x6c, 0x08, 0xa8, 0x09, 0x82, 0xa7, 0x6d, 0x40, // ....C...l.....m@
	0x08, 0x8b, 0x21, 0x88, 0x81, 0x00, 0x36, 0x04, 0xd7, 0x06, 0x22, 0x02, 0x2a, 0x6c, 0x82, 0xf0, // ..!...6...".*l..
	0x6d, 0x1b, 0x02, 0x6d, 0x82, 0x20, 0x00, 0x24, 0xda, 0xc2, 0xd2, 0xdc, 0xb8, 0x4c, 0x59, 0x7d, // m..m. .$.....LY}
	0x41, 0xbd, 0xcd, 0xa5, 0xd1, 0xa5, 0xbd, 0xb9, 0x4d, 0x10, 0x0a, 0x69, 0x82, 0x50, 0x4c, 0x1b, // A.......M..i.PL.
	0x02, 0x62, 0x82, 0x50, 0x50, 0x13, 0x84, 0xa2, 0xda, 0xb0, 0x10, 0xde, 0x07, 0x06, 0x61, 0x20, // .b.PP.........a 
	0x06, 0x83, 0x18, 0x10, 0x63, 0x00, 0xb0, 0x18, 0x7a, 0x62, 0x7a, 0x92, 0x9a, 0x20, 0x14, 0xd6, // ....c...zbz.. ..
	0x04, 0x81, 0x70, 0x26, 0x08, 0xc4, 0xb3, 0x41, 0x38, 0x03, 0x34, 0xd8, 0xb0, 0x0c, 0x65, 0xf0, // ..p&...A8.4...e.
	0x8d, 0x41, 0x18, 0x98, 0xc1, 0x20, 0x06, 0xc3, 0x18, 0xa4, 0xc1, 0x04, 0x81, 0x80, 0x36, 0x04, // .A... ........6.
	0xc3, 0x86, 0x65, 0x0d, 0xca, 0xe0, 0x1b, 0x03, 0x36, 0x30, 0x83, 0x41, 0x0c, 0xd6, 0x60, 0x0c, // ..e.....60.A..`.
	0x00, 0x22, 0x54, 0x45, 0x58, 0x43, 0x4f, 0x4f, 0x52, 0x44, 0x1b, 0x96, 0x33, 0x70, 0x83, 0x6f, // ."TEXCOORD..3p.o
	0x0c, 0xc2, 0xc0, 0x0c, 0x06, 0x31, 0x38, 0x83, 0x31, 0x48, 0x83, 0x09, 0x02, 0x11, 0x6d, 0x58, // .....18.1H....mX
	0xe0, 0xc0, 0x0d, 0xbe, 0x31, 0x60, 0x03, 0x33, 0x18, 0xc4, 0x00, 0x0e, 0xc6, 0x00, 0xd8, 0x10, // ....1`.3........
	0xac, 0xc1, 0x86, 0xa5, 0x71, 0x83, 0x6f, 0x0c, 0xe4, 0xc0, 0x0c, 0x06, 0x31, 0x68, 0xc6, 0x20, // ....q.o.....1h. 
	0x0d, 0x36, 0x18, 0x64, 0xa0, 0x06, 0x6d, 0xf0, 0x06, 0x71, 0x30, 0x07, 0x4c, 0xa6, 0xac, 0xbe, // .6.d..m..q0.L...
	0xa8, 0xc2, 0xe4, 0xce, 0xca, 0xe8, 0x26, 0x08, 0xc5, 0xb5, 0x61, 0x21, 0xea, 0xe0, 0xb3, 0x83, // ......&...a!....
	0x30, 0x18, 0x83, 0x41, 0x0c, 0x88, 0x31, 0x48, 0x83, 0x0d, 0xc1, 0x1d, 0x6c, 0x18, 0xe8, 0x00, // 0..A..1H....l...
	0x0f, 0x80, 0x0d, 0x05, 0xd7, 0xe5, 0x41, 0x06, 0xb0, 0x30, 0x63, 0x7b, 0x0b, 0xa3, 0xe3, 0xf3, // ......A..0c{....
	0xd6, 0xe6, 0x96, 0x06, 0xf7, 0x46, 0x57, 0xe6, 0x46, 0x07, 0x32, 0x86, 0x16, 0x26, 0xc7, 0x68, // .....FW.F.2..&.h
	0x2a, 0xad, 0x0d, 0x8e, 0xad, 0x0c, 0x64, 0xe8, 0x65, 0x68, 0x65, 0x05, 0x84, 0x4a, 0x28, 0x28, // *.....d.ehe..J((
	0x68, 0x43, 0xd0, 0x07, 0x13, 0x04, 0x32, 0xc0, 0x36, 0x0c, 0x7c, 0xe0, 0x07, 0x7f, 0xb0, 0x61, // hC....2.6.|....a
	0xd8, 0x03, 0x50, 0xf8, 0x83, 0x0d, 0x43, 0x28, 0x84, 0xc2, 0x1f, 0x54, 0x61, 0x63, 0xb3, 0x6b, // ..P...C(...Tac.k
	0x73, 0x49, 0x23, 0x2b, 0x73, 0xa3, 0x9b, 0x12, 0x04, 0x55, 0xc8, 0xf0, 0x5c, 0xec, 0xca, 0xe4, // sI#+s....U......
	0xe6, 0xd2, 0xde, 0xdc, 0xa6, 0x04, 0x44, 0x13, 0x32, 0x3c, 0x17, 0xbb, 0x30, 0x36, 0xbb, 0x32, // ......D.2<..06.2
	0xb9, 0x29, 0x81, 0x51, 0x87, 0x0c, 0xcf, 0x65, 0x0e, 0x2d, 0x8c, 0xac, 0x4c, 0xae, 0xe9, 0x8d, // .).Q...e.-..L...
	0xac, 0x8c, 0x6d, 0x4a, 0x90, 0x94, 0x21, 0xc3, 0x73, 0x91, 0x2b, 0x9b, 0x7b, 0xab, 0x93, 0x1b, // ..mJ..!.s.+.{...
	0x2b, 0x9b, 0x9b, 0x12, 0x60, 0x75, 0xc8, 0xf0, 0x5c, 0xec, 0xd2, 0xca, 0xee, 0x92, 0xc8, 0xa6, // +...`u..........
	0xe8, 0xc2, 0xe8, 0xca, 0xa6, 0x04, 0x5a, 0x1d, 0x32, 0x3c, 0x97, 0x32, 0x37, 0x3a, 0xb9, 0x3c, // ......Z.2<.27:.<
	0xa8, 0xb7, 0x34, 0x37, 0xba, 0xb9, 0x29, 0x41, 0x1e, 0x00, 0x79, 0x18, 0x00, 0x00, 0x51, 0x00, // ..47..)A..y...Q.
	0x00, 0x00, 0x33, 0x08, 0x80, 0x1c, 0xc4, 0xe1, 0x1c, 0x66, 0x14, 0x01, 0x3d, 0x88, 0x43, 0x38, // ..3......f..=.C8
	0x84, 0xc3, 0x8c, 0x42, 0x80, 0x07, 0x79, 0x78, 0x07, 0x73, 0x98, 0x71, 0x0c, 0xe6, 0x00, 0x0f, // ...B..yx.s.q....
	0xed, 0x10, 0x0e, 0xf4, 0x80, 0x0e, 0x33, 0x0c, 0x42, 0x1e, 0xc2, 0xc1, 0x1d, 0xce, 0xa1, 0x1c, // ......3.B.......
	0x66, 0x30, 0x05, 0x3d, 0x88, 0x43, 0x38, 0x84, 0x83, 0x1b, 0xcc, 0x03, 0x3d, 0xc8, 0x43, 0x3d, // f0.=.C8.....=.C=
	0x8c, 0x03, 0x3d, 0xcc, 0x78, 0x8c, 0x74, 0x70, 0x07, 0x7b, 0x08, 0x07, 0x79, 0x48, 0x87, 0x70, // ..=.x.tp.{..yH.p
	0x70, 0x07, 0x7a, 0x70, 0x03, 0x76, 0x78, 0x87, 0x70, 0x20, 0x87, 0x19, 0xcc, 0x11, 0x0e, 0xec, // p.zp.vx.p ......
	0x90, 0x0e, 0xe1, 0x30, 0x0f, 0x6e, 0x30, 0x0f, 0xe3, 0xf0, 0x0e, 0xf0, 0x50, 0x0e, 0x33, 0x10, // ...0.n0.....P.3.
	0xc4, 0x1d, 0xde, 0x21, 0x1c, 0xd8, 0x21, 0x1d, 0xc2, 0x61, 0x1e, 0x66, 0x30, 0x89, 0x3b, 0xbc, // ...!..!..a.f0.;.
	0x83, 0x3b, 0xd0, 0x43, 0x39, 0xb4, 0x03, 0x3c, 0xbc, 0x83, 0x3c, 0x84, 0x03, 0x3b, 0xcc, 0xf0, // .;.C9..<..<..;..
	0x14, 0x76, 0x60, 0x07, 0x7b, 0x68, 0x07, 0x37, 0x68, 0x87, 0x72, 0x68, 0x07, 0x37, 0x80, 0x87, // .v`.{h.7h.rh.7..
	0x70, 0x90, 0x87, 0x70, 0x60, 0x07, 0x76, 0x28, 0x07, 0x76, 0xf8, 0x05, 0x76, 0x78, 0x87, 0x77, // p..p`.v(.v..vx.w
	0x80, 0x87, 0x5f, 0x08, 0x87, 0x71, 0x18, 0x87, 0x72, 0x98, 0x87, 0x79, 0x98, 0x81, 0x2c, 0xee, // .._..q..r..y..,.
	0xf0, 0x0e, 0xee, 0xe0, 0x0e, 0xf5, 0xc0, 0x0e, 0xec, 0x30, 0x03, 0x62, 0xc8, 0xa1, 0x1c, 0xe4, // .........0.b....
	0xa1, 0x1c, 0xcc, 0xa1, 0x1c, 0xe4, 0xa1, 0x1c, 0xdc, 0x61, 0x1c, 0xca, 0x21, 0x1c, 0xc4, 0x81, // .........a..!...
	0x1d, 0xca, 0x61, 0x06, 0xd6, 0x90, 0x43, 0x39, 0xc8, 0x43, 0x39, 0x98, 0x43, 0x39, 0xc8, 0x43, // ..a...C9.C9.C9.C
	0x39, 0xb8, 0xc3, 0x38, 0x94, 0x43, 0x38, 0x88, 0x03, 0x3b, 0x94, 0xc3, 0x2f, 0xbc, 0x83, 0x3c, // 9..8.C8..;../..<
	0xfc, 0x82, 0x3b, 0xd4, 0x03, 0x3b, 0xb0, 0xc3, 0x0c, 0xc4, 0x21, 0x07, 0x7c, 0x70, 0x03, 0x7a, // ..;..;....!.|p.z
	0x28, 0x87, 0x76, 0x80, 0x87, 0x19, 0xd1, 0x43, 0x0e, 0xf8, 0xe0, 0x06, 0xe4, 0x20, 0x0e, 0xe7, // (.v....C..... ..
	0xe0, 0x06, 0xf6, 0x10, 0x0e, 0xf2, 0xc0, 0x0e, 0xe1, 0x90, 0x0f, 0xef, 0x50, 0x0f, 0xf4, 0x30, // ............P..0
	0x83, 0x81, 0xc8, 0x01, 0x1f, 0xdc, 0x40, 0x1c, 0xe4, 0xa1, 0x1c, 0xc2, 0x61, 0x1d, 0xdc, 0x40, // ......@.....a..@
	0x1c, 0xe4, 0x01, 0x00, 0x00, 0x00, 0x71, 0x20, 0x00, 0x00, 0x1b, 0x00, 0x00, 0x00, 0x56, 0xb0, // ......q ......V.
	0x0d, 0x97, 0xef, 0x3c, 0xbe, 0x10, 0x50, 0x45, 0x41, 0x44, 0xa5, 0x03, 0x0c, 0x25, 0x61, 0x00, // ...<..PEAD...%a.
	0x02, 0xe6, 0x17, 0xb7, 0x6d, 0x06, 0xd2, 0x70, 0xf9, 0xce, 0xe3, 0x0b, 0x11, 0x01, 0x4c, 0x44, // ....m..p......LD
	0x08, 0x34, 0xc3, 0x42, 0x58, 0xc0, 0x34, 0x5c, 0xbe, 0xf3, 0xf8, 0x8b, 0x03, 0x0c, 0x62, 0xf3, // .4.BX.4.......b.
	0x50, 0x93, 0x5f, 0xdc, 0xb6, 0x11, 0x40, 0xc3, 0xe5, 0x3b, 0x8f, 0x2f, 0x01, 0xcc, 0xb3, 0x10, // P._...@..;./....
	0x7e, 0x71, 0xdb, 0x26, 0x50, 0x0d, 0x97, 0xef, 0x3c, 0xbe, 0x34, 0x39, 0x11, 0x81, 0x52, 0xd3, // ~q.&P...<.49..R.
	0x43, 0x4d, 0x7e, 0x71, 0xdb, 0x36, 0xf0, 0x0c, 0x97, 0xef, 0x3c, 0x3e, 0xd5, 0x00, 0x11, 0xe6, // CM~q.6....<>....
	0x17, 0xb7, 0x6d, 0x00, 0x04, 0x03, 0x20, 0x0d, 0x00, 0x00, 0x61, 0x20, 0x00, 0x00, 0x35, 0x01, // ..m... ...a ..5.
	0x00, 0x00, 0x13, 0x04, 0x44, 0x2c, 0x10, 0x00, 0x00, 0x00, 0x10, 0x00, 0x00, 0x00, 0x44, 0x8d, // ....D,........D.
	0x00, 0x50, 0x51, 0x02, 0x44, 0x94, 0x5d, 0x39, 0x14, 0x4c, 0xe1, 0x95, 0xdc, 0x0c, 0x40, 0x99, // .PQ.D.]9.L....@.
	0x06, 0x14, 0x6a, 0x00, 0x0d, 0x63, 0x04, 0x20, 0x08, 0x82, 0x24, 0x18, 0x8c, 0x11, 0x80, 0x20, // ..j..c. ..$.... 
	0x08, 0x82, 0x60, 0x30, 0x46, 0x30, 0x9f, 0xa1, 0x3a, 0x83, 0xc1, 0x18, 0x01, 0x08, 0x82, 0x20, // ..`0F0..:...... 
	0x0a, 0x06, 0x23, 0x00, 0x33, 0x00, 0x63, 0x04, 0x20, 0x08, 0x82, 0xf0, 0x07, 0x00, 0x23, 0x06, // ..#.3.c. .....#.
	0x09, 0x00, 0x82, 0x60, 0x50, 0xa1, 0xc1, 0x92, 0x99, 0x81, 0x19, 0x44, 0x23, 0x06, 0x09, 0x00, // ...`P......D#...
	0x82, 0x60, 0x50, 0xa5, 0x01, 0xc3, 0x9d, 0xc1, 0x19, 0x48, 0x23, 0x06, 0x09, 0x00, 0x82, 0x60, // .`P......H#....`
	0x50, 0xa9, 0x41, 0xa3, 0xa1, 0x01, 0x1a, 0x4c, 0x23, 0x06, 0x09, 0x00, 0x82, 0x60, 0x60, 0xc0, // P.A....L#....``.
	0x01, 0x18, 0x98, 0x41, 0x1a, 0x70, 0xcd, 0x88, 0x41, 0x02, 0x80, 0x20, 0x18, 0x18, 0x71, 0x10, // ...A.p..A.. ..q.
	0x06, 0x67, 0xa0, 0x06, 0x94, 0x33, 0x62, 0x90, 0x00, 0x20, 0x08, 0x06, 0x86, 0x1c, 0x88, 0x01, // .g...3b.. ......
	0x1a, 0xac, 0x41, 0xf7, 0x8c, 0x18, 0x24, 0x00, 0x08, 0x82, 0x81, 0x31, 0x07, 0x63, 0x90, 0x06, // ..A...$....1.c..
	0x6c, 0x10, 0x06, 0xd0, 0x88, 0x41, 0x02, 0x80, 0x20, 0x18, 0x18, 0x74, 0x40, 0x06, 0x67, 0xd0, // l....A.. ..t@.g.
	0x06, 0x60, 0x10, 0x8d, 0x18, 0x24, 0x00, 0x08, 0x82, 0x81, 0x51, 0x07, 0x65, 0x80, 0x06, 0x6e, // .`...$....Q.e..n
	0x80, 0x49, 0x23, 0x06, 0x09, 0x00, 0x82, 0x60, 0x60, 0xd8, 0x81, 0x19, 0xa4, 0xc1, 0x1b, 0x84, // .I#....``.......
	0xc1, 0x34, 0x62, 0x90, 0x00, 0x20, 0x08, 0x06, 0xc6, 0x1d, 0x9c, 0x81, 0x1a, 0xc0, 0x41, 0x19, // .4b.. ........A.
	0x50, 0x23, 0x06, 0x09, 0x00, 0x82, 0x60, 0x60, 0xe0, 0x01, 0x1a, 0xc8, 0x41, 0x1c, 0x90, 0x41, // P#....``....A..A
	0x35, 0x62, 0x90, 0x00, 0x20, 0x08, 0x06, 0x46, 0x1e, 0xa4, 0xc1, 0x1c, 0xc8, 0x01, 0x67, 0x8d, // 5b.. ..F......g.
	0x18, 0x24, 0x00, 0x08, 0x82, 0x81, 0xa1, 0x07, 0x6a, 0x40, 0x07, 0x73, 0x50, 0x06, 0xd7, 0x88, // .$......j@.sP...
	0x41, 0x02, 0x80, 0x20, 0x18, 0x18, 0x7b, 0xb0, 0x06, 0x75, 0x40, 0x07, 0x69, 0x80, 0xcd, 0x44, // A.. ..{..u@.i..D
	0x80, 0x01, 0x71, 0x8c, 0xc2, 0x4c, 0x04, 0x18, 0x10, 0xc7, 0x28, 0x0c, 0x47, 0x38, 0x54, 0xf0, // ..q..L....(.G8T.
	0x0d, 0x47, 0x38, 0x55, 0xf0, 0x0d, 0x47, 0x38, 0x56, 0xf0, 0xd5, 0x20, 0x6c, 0x05, 0xc2, 0x8e, // .G8U..G8V.. l...
	0x18, 0x1c, 0x00, 0x08, 0x82, 0x81, 0xf4, 0x07, 0x65, 0x40, 0xf1, 0xc1, 0x68, 0x42, 0x10, 0xcc, // ........e@..hB..
	0x32, 0x08, 0xc1, 0x30, 0x62, 0xf0, 0x00, 0x20, 0x08, 0x06, 0x8f, 0x28, 0x90, 0x01, 0x76, 0x55, // 2..0b.. ...(..vU
	0xd4, 0xa4, 0x89, 0x81, 0x18, 0x88, 0x81, 0x36, 0x9a, 0x10, 0x00, 0xa3, 0x09, 0x42, 0x30, 0x9a, // .......6.....B0.
	0x30, 0x08, 0xa3, 0x09, 0xc4, 0x60, 0x57, 0x18, 0xc8, 0xc7, 0x82, 0x0f, 0x3e, 0x17, 0x10, 0xb4, // 0....`W.....>...
	0xc1, 0x21, 0x32, 0x05, 0x53, 0x18, 0x36, 0x20, 0x02, 0x63, 0x00, 0x36, 0x38, 0x48, 0xa7, 0x80, // .!2.S.6 .c.68H..
	0x0a, 0xc3, 0x06, 0x44, 0x80, 0x0c, 0xc0, 0x06, 0x87, 0x09, 0x15, 0x40, 0x61, 0xd8, 0x80, 0x08, // ...D.......@a...
	0x94, 0x01, 0xd8, 0xe0, 0x40, 0xa5, 0xc2, 0x28, 0x0c, 0x1b, 0x10, 0x01, 0x32, 0x00, 0x1b, 0x1c, // ....@..(....2...
	0x2a, 0x55, 0x28, 0x28, 0x18, 0xc6, 0x88, 0x81, 0x01, 0x80, 0x20, 0x18, 0x28, 0xb1, 0xf0, 0x06, // *U((...... .(...
	0x63, 0x30, 0x62, 0x60, 0x00, 0x20, 0x08, 0x06, 0x8a, 0x2c, 0xc0, 0xc1, 0x18, 0x8c, 0x18, 0x18, // c0b`. ...,......
	0x00, 0x08, 0x82, 0x81, 0x32, 0x0b, 0x71, 0x30, 0x06, 0x23, 0x06, 0x06, 0x00, 0x82, 0x60, 0xa0, // ....2.q0.#....`.
	0xd0, 0x42, 0x2b, 0x0c, 0x23, 0x06, 0x06, 0x00, 0x82, 0x60, 0xa0, 0xd4, 0x82, 0x2b, 0x0c, 0x23, // .B+.#....`...+.#
	0x06, 0x06, 0x00, 0x82, 0x60, 0xa0, 0xd8, 0xc2, 0x2b, 0x0c, 0x23, 0x06, 0x06, 0x00, 0x82, 0x60, // ....`...+.#....`
	0xa0, 0xdc, 0x02, 0x1d, 0xa4, 0xc1, 0x88, 0x81, 0x01, 0x80, 0x20, 0x18, 0x28, 0xb8, 0x50, 0x07, // .......... .(.P.
	0x69, 0x30, 0x62, 0x60, 0x00, 0x20, 0x08, 0x06, 0x4a, 0x2e, 0xd8, 0x41, 0x1a, 0x8c, 0x18, 0x18, // i0b`. ..J..A....
	0x00, 0x08, 0x82, 0x81, 0xa2, 0x0b, 0xb3, 0x30, 0x8c, 0x18, 0x18, 0x00, 0x08, 0x82, 0x81, 0xb2, // .......0........
	0x0b, 0xb4, 0x30, 0x8c, 0x18, 0x18, 0x00, 0x08, 0x82, 0x81, 0xc2, 0x0b, 0xb5, 0x30, 0xd8, 0x90, // ..0..........0..
	0xc0, 0xc7, 0x86, 0x04, 0x3e, 0x36, 0x24, 0xf0, 0xb1, 0x61, 0x90, 0x8f, 0x0d, 0x83, 0x7c, 0x2c, // ....>6$..a....|,
	0x10, 0xe0, 0x63, 0x04, 0x21, 0x1f, 0x13, 0x02, 0xf8, 0x8c, 0x18, 0x18, 0x00, 0x08, 0x82, 0x81, // ..c.!...........
	0x52, 0x0e, 0xa7, 0x10, 0x8c, 0x26, 0x94, 0x81, 0x60, 0x65, 0x10, 0x0a, 0xf2, 0xb1, 0x40, 0x90, // R....&..`e....@.
	0x8f, 0x05, 0x84, 0x7c, 0x2c, 0x00, 0x05, 0xf8, 0x58, 0x28, 0x08, 0xf1, 0x31, 0x21, 0x88, 0x8f, // ...|,...X(..1!..
	0x75, 0x42, 0x7c, 0x2c, 0x10, 0xe8, 0x33, 0x62, 0x60, 0x00, 0x20, 0x08, 0x06, 0xca, 0x3b, 0xc8, // uB|,..3b`. ...;.
	0x42, 0x60, 0xc1, 0x2a, 0xc8, 0xc7, 0x5a, 0x21, 0x88, 0x8f, 0x0d, 0x83, 0x7c, 0x2c, 0xd0, 0x03, // B`.*..Z!....|,..
	0xf9, 0x58, 0x30, 0xc8, 0x67, 0xc4, 0x20, 0x01, 0x40, 0x10, 0x0c, 0x10, 0x7b, 0x68, 0x07, 0x78, // .X0.g. .@...{h.x
	0x80, 0x87, 0x71, 0xf8, 0x83, 0x11, 0x83, 0x04, 0x00, 0x41, 0x30, 0x40, 0xec, 0xa1, 0x1d, 0xe0, // ..q......A0@....
	0x01, 0x1e, 0x74, 0xc1, 0x0f, 0x46, 0x0c, 0x12, 0x00, 0x04, 0xc1, 0x00, 0xb1, 0x87, 0x76, 0x80, // ..t..F........v.
	0x07, 0x78, 0x10, 0x87, 0x3e, 0x18, 0x31, 0x48, 0x00, 0x10, 0x04, 0x03, 0xc4, 0x1e, 0xda, 0x01, // .x..>.1H........
	0x1e, 0xe0, 0xa1, 0x1c, 0x82, 0x59, 0x82, 0x61, 0xc4, 0xe0, 0x01, 0x40, 0x10, 0x0c, 0x1e, 0x7a, // .....Y.a...@...z
	0xb0, 0x05, 0x55, 0x48, 0x85, 0x51, 0x10, 0x85, 0x50, 0x60, 0x05, 0x5a, 0xa0, 0x05, 0x5a, 0x60, // ..UH.Q..P`.Z..Z`
	0x85, 0xd1, 0x84, 0x00, 0x18, 0x4d, 0x10, 0x82, 0xd1, 0x84, 0x41, 0x18, 0x4d, 0x20, 0x06, 0x2b, // .....M....A.M .+
	0x85, 0x59, 0x90, 0x8f, 0x05, 0xb1, 0x00, 0x9f, 0x0b, 0x08, 0xda, 0xe0, 0x20, 0x0a, 0xf8, 0x80, // .Y.......... ...
	0x0f, 0xc3, 0x06, 0x44, 0x60, 0x0c, 0xc0, 0x06, 0x87, 0x51, 0xc8, 0x07, 0x7d, 0x18, 0x36, 0x20, // ...D`....Q..}.6 
	0x02, 0x64, 0x00, 0x36, 0x38, 0x90, 0x82, 0x3e, 0xc8, 0xc3, 0xb0, 0x01, 0x11, 0x28, 0x03, 0xb0, // .d.68..>.....(..
	0xc1, 0xa1, 0x14, 0xf6, 0xa1, 0x1e, 0x86, 0x0d, 0x88, 0x00, 0x19, 0x80, 0x0d, 0x0e, 0xa6, 0xc0, // ................
	0x0f, 0x05, 0x05, 0xc3, 0x18, 0x31, 0x30, 0x00, 0x10, 0x04, 0x03, 0x65, 0x24, 0xc2, 0x21, 0x16, // .....10....e$.!.
	0x46, 0x0c, 0x0c, 0x00, 0x04, 0xc1, 0x40, 0x21, 0x09, 0x71, 0x88, 0x85, 0x11, 0x03, 0x03, 0x00, // F.....@!.q......
	0x41, 0x30, 0x50, 0x4a, 0x62, 0x1c, 0x62, 0x61, 0xc4, 0xc0, 0x00, 0x40, 0x10, 0x0c, 0x14, 0x93, // A0PJb.ba...@....
	0xf8, 0x87, 0x61, 0xc4, 0xc0, 0x00, 0x40, 0x10, 0x0c, 0x94, 0x93, 0x00, 0x89, 0x61, 0xc4, 0xc0, // ..a...@......a..
	0x00, 0x40, 0x10, 0x0c, 0x14, 0x94, 0x08, 0x89, 0x61, 0xc4, 0xc0, 0x00, 0x40, 0x10, 0x0c, 0x94, // .@......a...@...
	0x94, 0x30, 0x87, 0x5b, 0x18, 0x31, 0x30, 0x00, 0x10, 0x04, 0x03, 0x45, 0x25, 0xce, 0xe1, 0x16, // .0.[.10....E%...
	0x46, 0x0c, 0x0c, 0x00, 0x04, 0xc1, 0x40, 0x59, 0x09, 0x74, 0xb8, 0x85, 0x11, 0x03, 0x03, 0x00, // F.....@Y.t......
	0x41, 0x30, 0x50, 0x58, 0xa2, 0x24, 0x86, 0x11, 0x03, 0x03, 0x00, 0x41, 0x30, 0x50, 0x5a, 0xc2, // A0PX.$.....A0PZ.
	0x24, 0x86, 0x11, 0x03, 0x03, 0x00, 0x41, 0x30, 0x50, 0x5c, 0xe2, 0x24, 0x06, 0x1b, 0x12, 0xf8, // $.....A0P..$....
	0xd8, 0x90, 0xc0, 0xc7, 0x86, 0x04, 0x3e, 0x36, 0x0c, 0xf2, 0xb1, 0x61, 0x90, 0x8f, 0x05, 0x02, // ......>6...a....
	0x7c, 0x8c, 0x20, 0xe4, 0x63, 0x42, 0x00, 0x9f, 0x11, 0x03, 0x03, 0x00, 0x41, 0x30, 0x50, 0x6e, // |. .cB......A0Pn
	0x22, 0x1f, 0x02, 0xb3, 0x05, 0x79, 0x90, 0x8f, 0x05, 0x82, 0x7c, 0x2c, 0x80, 0x07, 0xf8, 0x58, // "....y....|,...X
	0x3c, 0x08, 0xf1, 0x31, 0x21, 0x88, 0x8f, 0x6d, 0x42, 0x7c, 0x2c, 0x10, 0xe8, 0x33, 0x62, 0x60, // <..1!..mB|,..3b`
	0x00, 0x20, 0x08, 0x06, 0xca, 0x4f, 0x88, 0x44, 0x60, 0xc1, 0x3e, 0xc8, 0xc7, 0xfa, 0x21, 0x88, // . ...O.D`.>...!.
	0x8f, 0x0d, 0x83, 0x7c, 0x2c, 0x50, 0x07, 0xf9, 0x58, 0x30, 0xc8, 0x67, 0xc4, 0x20, 0x01, 0x40, // ...|,P..X0.g. .@
	0x10, 0x0c, 0x10, 0xb3, 0xe8, 0x09, 0xb0, 0x00, 0x8b, 0x99, 0x78, 0x87, 0x11, 0x83, 0x04, 0x00, // ..........x.....
	0x41, 0x30, 0x40, 0xcc, 0xa2, 0x27, 0xc0, 0x02, 0x2c, 0x54, 0xc2, 0x1d, 0x46, 0x0c, 0x12, 0x00, // A0@..'..,T..F...
	0x04, 0xc1, 0x00, 0x31, 0x8b, 0x9e, 0x00, 0x0b, 0xb0, 0x90, 0x89, 0x76, 0x18, 0x31, 0x48, 0x00, // ...1.......v.1H.
	0x10, 0x04, 0x03, 0xc4, 0x2c, 0x7a, 0x02, 0x2c, 0xc0, 0xa2, 0x26, 0x82, 0x59, 0x82, 0x01, 0x03, // ....,z.,..&.Y...
	0x62, 0x00, 0x0f, 0x00, 0x00, 0x00, 0x5b, 0x06, 0x31, 0x08, 0x42, 0x61, 0xcb, 0x40, 0x06, 0x41, // b.....[.1.Ba.@.A
	0x28, 0x6c, 0x19, 0xcc, 0x20, 0x08, 0x85, 0x2d, 0x03, 0x1a, 0x04, 0xa1, 0xb0, 0x65, 0x50, 0x83, // (l.. ..-.....eP.
	0x20, 0x14, 0xb6, 0x0c, 0xbd, 0x10, 0x84, 0xc2, 0x96, 0xe1, 0x17, 0x82, 0x50, 0xd8, 0x32, 0x84, //  ...........P.2.
	0x43, 0x10, 0x0a, 0x5b, 0x86, 0x71, 0x08, 0x42, 0x61, 0xcb, 0x50, 0x0e, 0x41, 0x28, 0x00, 0x00, // C..[.q.Ba.P.A(..
	0x00, 0x00, 0x00, 0x00, 0x00, 0x00, 0x00, 0x00, 0x00, 0x00, 0x00, 0x00, 0x10, 0x00,             // ..............
};
static const uint8_t fs_font_distance_field_drop_shadow_mtl[2819] =
{
	0x46, 0x53, 0x48, 0x0c, 0x9e, 0x67, 0x7a, 0xc3, 0x00, 0x00, 0x00, 0x00, 0x00, 0x00, 0x00, 0x00, // FSH..gz.........
	0x00, 0x00, 0x00, 0x00, 0x04, 0x00, 0x11, 0x73, 0x5f, 0x74, 0x65, 0x78, 0x43, 0x6f, 0x6c, 0x6f, // .......s_texColo
	0x72, 0x53, 0x61, 0x6d, 0x70, 0x6c, 0x65, 0x72, 0x11, 0x01, 0xff, 0xff, 0x01, 0x00, 0x00, 0x00, // rSampler........
	0x00, 0x00, 0x11, 0x73, 0x5f, 0x74, 0x65, 0x78, 0x43, 0x6f, 0x6c, 0x6f, 0x72, 0x54, 0x65, 0x78, // ...s_texColorTex
	0x74, 0x75, 0x72, 0x65, 0x11, 0x01, 0xff, 0xff, 0x01, 0x00, 0x00, 0x00, 0x00, 0x00, 0x08, 0x75, // ture...........u
	0x5f, 0x70, 0x61, 0x72, 0x61, 0x6d, 0x73, 0x12, 0x01, 0x00, 0x00, 0x01, 0x00, 0x00, 0x00, 0x00, // _params.........
	0x00, 0x0a, 0x73, 0x5f, 0x74, 0x65, 0x78, 0x43, 0x6f, 0x6c, 0x6f, 0x72, 0x10, 0x00, 0x00, 0x00, // ..s_texColor....
	0x00, 0x00, 0x00, 0x04, 0x00, 0x00, 0x85, 0x0a, 0x00, 0x00, 0x23, 0x70, 0x72, 0x61, 0x67, 0x6d, // ..........#pragm
	0x61, 0x20, 0x63, 0x6c, 0x61, 0x6e, 0x67, 0x20, 0x64, 0x69, 0x61, 0x67, 0x6e, 0x6f, 0x73, 0x74, // a clang diagnost
	0x69, 0x63, 0x20, 0x69, 0x67, 0x6e, 0x6f, 0x72, 0x65, 0x64, 0x20, 0x22, 0x2d, 0x57, 0x6d, 0x69, // ic ignored "-Wmi
	0x73, 0x73, 0x69, 0x6e, 0x67, 0x2d, 0x70, 0x72, 0x6f, 0x74, 0x6f, 0x74, 0x79, 0x70, 0x65, 0x73, // ssing-prototypes
	0x22, 0x0a, 0x23, 0x70, 0x72, 0x61, 0x67, 0x6d, 0x61, 0x20, 0x63, 0x6c, 0x61, 0x6e, 0x67, 0x20, // ".#pragma clang 
	0x64, 0x69, 0x61, 0x67, 0x6e, 0x6f, 0x73, 0x74, 0x69, 0x63, 0x20, 0x69, 0x67, 0x6e, 0x6f, 0x72, // diagnostic ignor
	0x65, 0x64, 0x20, 0x22, 0x2d, 0x57, 0x6d, 0x69, 0x73, 0x73, 0x69, 0x6e, 0x67, 0x2d, 0x62, 0x72, // ed "-Wmissing-br
	0x61, 0x63, 0x65, 0x73, 0x22, 0x0a, 0x0a, 0x23, 0x69, 0x6e, 0x63, 0x6c, 0x75, 0x64, 0x65, 0x20, // aces"..#include 
	0x3c, 0x6d, 0x65, 0x74, 0x61, 0x6c, 0x5f, 0x73, 0x74, 0x64, 0x6c, 0x69, 0x62, 0x3e, 0x0a, 0x23, // <metal_stdlib>.#
	0x69, 0x6e, 0x63, 0x6c, 0x75, 0x64, 0x65, 0x20, 0x3c, 0x73, 0x69, 0x6d, 0x64, 0x2f, 0x73, 0x69, // include <simd/si
	0x6d, 0x64, 0x2e, 0x68, 0x3e, 0x0a, 0x0a, 0x75, 0x73, 0x69, 0x6e, 0x67, 0x20, 0x6e, 0x61, 0x6d, // md.h>..using nam
	0x65, 0x73, 0x70, 0x61, 0x63, 0x65, 0x20, 0x6d, 0x65, 0x74, 0x61, 0x6c, 0x3b, 0x0a, 0x0a, 0x74, // espace metal;..t
	0x65, 0x6d, 0x70, 0x6c, 0x61, 0x74, 0x65, 0x3c, 0x74, 0x79, 0x70, 0x65, 0x6e, 0x61, 0x6d, 0x65, // emplate<typename
	0x20, 0x54, 0x2c, 0x20, 0x73, 0x69, 0x7a, 0x65, 0x5f, 0x74, 0x20, 0x4e, 0x75, 0x6d, 0x3e, 0x0a, //  T, size_t Num>.
	0x73, 0x74, 0x72, 0x75, 0x63, 0x74, 0x20, 0x73, 0x70, 0x76, 0x55, 0x6e, 0x73, 0x61, 0x66, 0x65, // struct spvUnsafe
	0x41, 0x72, 0x72, 0x61, 0x79, 0x0a, 0x7b, 0x0a, 0x20, 0x20, 0x20, 0x20, 0x54, 0x20, 0x65, 0x6c, // Array.{.    T el
	0x65, 0x6d, 0x65, 0x6e, 0x74, 0x73, 0x5b, 0x4e, 0x75, 0x6d, 0x20, 0x3f, 0x20, 0x4e, 0x75, 0x6d, // ements[Num ? Num
	0x20, 0x3a, 0x20, 0x31, 0x5d, 0x3b, 0x0a, 0x20, 0x20, 0x20, 0x20, 0x0a, 0x20, 0x20, 0x20, 0x20, //  : 1];.    .    
	0x74, 0x68, 0x72, 0x65, 0x61, 0x64, 0x20, 0x54, 0x26, 0x20, 0x6f, 0x70, 0x65, 0x72, 0x61, 0x74, // thread T& operat
	0x6f, 0x72, 0x20, 0x5b, 0x5d, 0x20, 0x28, 0x73, 0x69, 0x7a, 0x65, 0x5f, 0x74, 0x20, 0x70, 0x6f, // or [] (size_t po
	0x73, 0x29, 0x20, 0x74, 0x68, 0x72, 0x65, 0x61, 0x64, 0x0a, 0x20, 0x20, 0x20, 0x20, 0x7b, 0x0a, // s) thread.    {.
	0x20, 0x20, 0x20, 0x20, 0x20, 0x20, 0x20, 0x20, 0x72, 0x65, 0x74, 0x75, 0x72, 0x6e, 0x20, 0x65, //         return e
	0x6c, 0x65, 0x6d, 0x65, 0x6e, 0x74, 0x73, 0x5b, 0x70, 0x6f, 0x73, 0x5d, 0x3b, 0x0a, 0x20, 0x20, // lements[pos];.  
	0x20, 0x20, 0x7d, 0x0a, 0x20, 0x20, 0x20, 0x20, 0x63, 0x6f, 0x6e, 0x73, 0x74, 0x65, 0x78, 0x70, //   }.    constexp
	0x72, 0x20, 0x63, 0x6f, 0x6e, 0x73, 0x74, 0x20, 0x74, 0x68, 0x72, 0x65, 0x61, 0x64, 0x20, 0x54, // r const thread T
	0x26, 0x20, 0x6f, 0x70, 0x65, 0x72, 0x61, 0x74, 0x6f, 0x72, 0x20, 0x5b, 0x5d, 0x20, 0x28, 0x73, // & operator [] (s
	0x69, 0x7a, 0x65, 0x5f, 0x74, 0x20, 0x70, 0x6f, 0x73, 0x29, 0x20, 0x63, 0x6f, 0x6e, 0x73, 0x74, // ize_t pos) const
	0x20, 0x74, 0x68, 0x72, 0x65, 0x61, 0x64, 0x0a, 0x20, 0x20, 0x20, 0x20, 0x7b, 0x0a, 0x20, 0x20, //  thread.    {.  
	0x20, 0x20, 0x20, 0x20, 0x20, 0x20, 0x72, 0x65, 0x74, 0x75, 0x72, 0x6e, 0x20, 0x65, 0x6c, 0x65, //       return ele
	0x6d, 0x65, 0x6e, 0x74, 0x73, 0x5b, 0x70, 0x6f, 0x73, 0x5d, 0x3b, 0x0a, 0x20, 0x20, 0x20, 0x20, // ments[pos];.    
	0x7d, 0x0a, 0x20, 0x20, 0x20, 0x20, 0x0a, 0x20, 0x20, 0x20, 0x20, 0x64, 0x65, 0x76, 0x69, 0x63, // }.    .    devic
	0x65, 0x20, 0x54, 0x26, 0x20, 0x6f, 0x70, 0x65, 0x72, 0x61, 0x74, 0x6f, 0x72, 0x20, 0x5b, 0x5d, // e T& operator []
	0x20, 0x28, 0x73, 0x69, 0x7a, 0x65, 0x5f, 0x74, 0x20, 0x70, 0x6f, 0x73, 0x29, 0x20, 0x64, 0x65, //  (size_t pos) de
	0x76, 0x69, 0x63, 0x65, 0x0a, 0x20, 0x20, 0x20, 0x20, 0x7b, 0x0a, 0x20, 0x20, 0x20, 0x20, 0x20, // vice.    {.     
	0x20, 0x20, 0x20, 0x72, 0x65, 0x74, 0x75, 0x72, 0x6e, 0x20, 0x65, 0x6c, 0x65, 0x6d, 0x65, 0x6e, //    return elemen
	0x74, 0x73, 0x5b, 0x70, 0x6f, 0x73, 0x5d, 0x3b, 0x0a, 0x20, 0x20, 0x20, 0x20, 0x7d, 0x0a, 0x20, // ts[pos];.    }. 
	0x20, 0x20, 0x20, 0x63, 0x6f, 0x6e, 0x73, 0x74, 0x65, 0x78, 0x70, 0x72, 0x20, 0x63, 0x6f, 0x6e, //    constexpr con
	0x73, 0x74, 0x20, 0x64, 0x65, 0x76, 0x69, 0x63, 0x65, 0x20, 0x54, 0x26, 0x20, 0x6f, 0x70, 0x65, // st device T& ope
	0x72, 0x61, 0x74, 0x6f, 0x72, 0x20, 0x5b, 0x5d, 0x20, 0x28, 0x73, 0x69, 0x7a, 0x65, 0x5f, 0x74, // rator [] (size_t
	0x20, 0x70, 0x6f, 0x73, 0x29, 0x20, 0x63, 0x6f, 0x6e, 0x73, 0x74, 0x20, 0x64, 0x65, 0x76, 0x69, //  pos) const devi
	0x63, 0x65, 0x0a, 0x20, 0x20, 0x20, 0x20, 0x7b, 0x0a, 0x20, 0x20, 0x20, 0x20, 0x20, 0x20, 0x20, // ce.    {.       
	0x20, 0x72, 0x65, 0x74, 0x75, 0x72, 0x6e, 0x20, 0x65, 0x6c, 0x65, 0x6d, 0x65, 0x6e, 0x74, 0x73, //  return elements
	0x5b, 0x70, 0x6f, 0x73, 0x5d, 0x3b, 0x0a, 0x20, 0x20, 0x20, 0x20, 0x7d, 0x0a, 0x20, 0x20, 0x20, // [pos];.    }.   
	0x20, 0x0a, 0x20, 0x20, 0x20, 0x20, 0x63, 0x6f, 0x6e, 0x73, 0x74, 0x65, 0x78, 0x70, 0x72, 0x20, //  .    constexpr 
	0x63, 0x6f, 0x6e, 0x73, 0x74, 0x20, 0x63, 0x6f, 0x6e, 0x73, 0x74, 0x61, 0x6e, 0x74, 0x20, 0x54, // const constant T
	0x26, 0x20, 0x6f, 0x70, 0x65, 0x72, 0x61, 0x74, 0x6f, 0x72, 0x20, 0x5b, 0x5d, 0x20, 0x28, 0x73, // & operator [] (s
	0x69, 0x7a, 0x65, 0x5f, 0x74, 0x20, 0x70, 0x6f, 0x73, 0x29, 0x20, 0x63, 0x6f, 0x6e, 0x73, 0x74, // ize_t pos) const
	0x20, 0x63, 0x6f, 0x6e, 0x73, 0x74, 0x61, 0x6e, 0x74, 0x0a, 0x20, 0x20, 0x20, 0x20, 0x7b, 0x0a, //  constant.    {.
	0x20, 0x20, 0x20, 0x20, 0x20, 0x20, 0x20, 0x20, 0x72, 0x65, 0x74, 0x75, 0x72, 0x6e, 0x20, 0x65, //         return e
	0x6c, 0x65, 0x6d, 0x65, 0x6e, 0x74, 0x73, 0x5b, 0x70, 0x6f, 0x73, 0x5d, 0x3b, 0x0a, 0x20, 0x20, // lements[pos];.  
	0x20, 0x20, 0x7d, 0x0a, 0x20, 0x20, 0x20, 0x20, 0x0a, 0x20, 0x20, 0x20, 0x20, 0x74, 0x68, 0x72, //   }.    .    thr
	0x65, 0x61, 0x64, 0x67, 0x72, 0x6f, 0x75, 0x70, 0x20, 0x54, 0x26, 0x20, 0x6f, 0x70, 0x65, 0x72, // eadgroup T& oper
	0x61, 0x74, 0x6f, 0x72, 0x20, 0x5b, 0x5d, 0x20, 0x28, 0x73, 0x69, 0x7a, 0x65, 0x5f, 0x74, 0x20, // ator [] (size_t 
	0x70, 0x6f, 0x73, 0x29, 0x20, 0x74, 0x68, 0x72, 0x65, 0x61, 0x64, 0x67, 0x72, 0x6f, 0x75, 0x70, // pos) threadgroup
	0x0a, 0x20, 0x20, 0x20, 0x20, 0x7b, 0x0a, 0x20, 0x20, 0x20, 0x20, 0x20, 0x20, 0x20, 0x20, 0x72, // .    {.        r
	0x65, 0x74, 0x75, 0x72, 0x6e, 0x20, 0x65, 0x6c, 0x65, 0x6d, 0x65, 0x6e, 0x74, 0x73, 0x5b, 0x70, // eturn elements[p
	0x6f, 0x73, 0x5d, 0x3b, 0x0a, 0x20, 0x20, 0x20, 0x20, 0x7d, 0x0a, 0x20, 0x20, 0x20, 0x20, 0x63, // os];.    }.    c
	0x6f, 0x6e, 0x73, 0x74, 0x65, 0x78, 0x70, 0x72, 0x20, 0x63, 0x6f, 0x6e, 0x73, 0x74, 0x20, 0x74, // onstexpr const t
	0x68, 0x72, 0x65, 0x61, 0x64, 0x67, 0x72, 0x6f, 0x75, 0x70, 0x20, 0x54, 0x26, 0x20, 0x6f, 0x70, // hreadgroup T& op
	0x65, 0x72, 0x61, 0x74, 0x6f, 0x72, 0x20, 0x5b, 0x5d, 0x20, 0x28, 0x73, 0x69, 0x7a, 0x65, 0x5f, // erator [] (size_
	0x74, 0x20, 0x70, 0x6f, 0x73, 0x29, 0x20, 0x63, 0x6f, 0x6e, 0x73, 0x74, 0x20, 0x74, 0x68, 0x72, // t pos) const thr
	0x65, 0x61, 0x64, 0x67, 0x72, 0x6f, 0x75, 0x70, 0x0a, 0x20, 0x20, 0x20, 0x20, 0x7b, 0x0a, 0x20, // eadgroup.    {. 
	0x20, 0x20, 0x20, 0x20, 0x20, 0x20, 0x20, 0x72, 0x65, 0x74, 0x75, 0x72, 0x6e, 0x20, 0x65, 0x6c, //        return el
	0x65, 0x6d, 0x65, 0x6e, 0x74, 0x73, 0x5b, 0x70, 0x6f, 0x73, 0x5d, 0x3b, 0x0a, 0x20, 0x20, 0x20, // ements[pos];.   
	0x20, 0x7d, 0x0a, 0x7d, 0x3b, 0x0a, 0x0a, 0x73, 0x74, 0x72, 0x75, 0x63, 0x74, 0x20, 0x5f, 0x47, //  }.};..struct _G
	0x6c, 0x6f, 0x62, 0x61, 0x6c, 0x0a, 0x7b, 0x0a, 0x20, 0x20, 0x20, 0x20, 0x66, 0x6c, 0x6f, 0x61, // lobal.{.    floa
	0x74, 0x34, 0x20, 0x75, 0x5f, 0x70, 0x61, 0x72, 0x61, 0x6d, 0x73, 0x3b, 0x0a, 0x7d, 0x3b, 0x0a, // t4 u_params;.};.
	0x0a, 0x73, 0x74, 0x72, 0x75, 0x63, 0x74, 0x20, 0x78, 0x6c, 0x61, 0x74, 0x4d, 0x74, 0x6c, 0x4d, // .struct xlatMtlM
	0x61, 0x69, 0x6e, 0x5f, 0x6f, 0x75, 0x74, 0x0a, 0x7b, 0x0a, 0x20, 0x20, 0x20, 0x20, 0x66, 0x6c, // ain_out.{.    fl
	0x6f, 0x61, 0x74, 0x34, 0x20, 0x62, 0x67, 0x66, 0x78, 0x5f, 0x46, 0x72, 0x61, 0x67, 0x44, 0x61, // oat4 bgfx_FragDa
	0x74, 0x61, 0x30, 0x20, 0x5b, 0x5b, 0x63, 0x6f, 0x6c, 0x6f, 0x72, 0x28, 0x30, 0x29, 0x5d, 0x5d, // ta0 [[color(0)]]
	0x3b, 0x0a, 0x7d, 0x3b, 0x0a, 0x0a, 0x73, 0x74, 0x72, 0x75, 0x63, 0x74, 0x20, 0x78, 0x6c, 0x61, // ;.};..struct xla
	0x74, 0x4d, 0x74, 0x6c, 0x4d, 0x61, 0x69, 0x6e, 0x5f, 0x69, 0x6e, 0x0a, 0x7b, 0x0a, 0x20, 0x20, // tMtlMain_in.{.  
	0x20, 0x20, 0x66, 0x6c, 0x6f, 0x61, 0x74, 0x34, 0x20, 0x76, 0x5f, 0x63, 0x6f, 0x6c, 0x6f, 0x72, //   float4 v_color
	0x30, 0x20, 0x5b, 0x5b, 0x75, 0x73, 0x65, 0x72, 0x28, 0x6c, 0x6f, 0x63, 0x6e, 0x30, 0x29, 0x5d, // 0 [[user(locn0)]
	0x5d, 0x3b, 0x0a, 0x20, 0x20, 0x20, 0x20, 0x66, 0x6c, 0x6f, 0x61, 0x74, 0x34, 0x20, 0x76, 0x5f, // ];.    float4 v_
	0x74, 0x65, 0x78, 0x63, 0x6f, 0x6f, 0x72, 0x64, 0x30, 0x20, 0x5b, 0x5b, 0x75, 0x73, 0x65, 0x72, // texcoord0 [[user
	0x28, 0x6c, 0x6f, 0x63, 0x6e, 0x32, 0x29, 0x5d, 0x5d, 0x3b, 0x0a, 0x20, 0x20, 0x20, 0x20, 0x66, // (locn2)]];.    f
	0x6c, 0x6f, 0x61, 0x74, 0x34, 0x20, 0x76, 0x5f, 0x74, 0x65, 0x78, 0x63, 0x6f, 0x6f, 0x72, 0x64, // loat4 v_texcoord
	0x32, 0x20, 0x5b, 0x5b, 0x75, 0x73, 0x65, 0x72, 0x28, 0x6c, 0x6f, 0x63, 0x6e, 0x34, 0x29, 0x5d, // 2 [[user(locn4)]
	0x5d, 0x3b, 0x0a, 0x7d, 0x3b, 0x0a, 0x0a, 0x66, 0x72, 0x61, 0x67, 0x6d, 0x65, 0x6e, 0x74, 0x20, // ];.};..fragment 
	0x78, 0x6c, 0x61, 0x74, 0x4d, 0x74, 0x6c, 0x4d, 0x61, 0x69, 0x6e, 0x5f, 0x6f, 0x75, 0x74, 0x20, // xlatMtlMain_out 
	0x78, 0x6c, 0x61, 0x74, 0x4d, 0x74, 0x6c, 0x4d, 0x61, 0x69, 0x6e, 0x28, 0x78, 0x6c, 0x61, 0x74, // xlatMtlMain(xlat
	0x4d, 0x74, 0x6c, 0x4d, 0x61, 0x69, 0x6e, 0x5f, 0x69, 0x6e, 0x20, 0x69, 0x6e, 0x20, 0x5b, 0x5b, // MtlMain_in in [[
	0x73, 0x74, 0x61, 0x67, 0x65, 0x5f, 0x69, 0x6e, 0x5d, 0x5d, 0x2c, 0x20, 0x63, 0x6f, 0x6e, 0x73, // stage_in]], cons
	0x74, 0x61, 0x6e, 0x74, 0x20, 0x5f, 0x47, 0x6c, 0x6f, 0x62, 0x61, 0x6c, 0x26, 0x20, 0x5f, 0x6d, // tant _Global& _m
	0x74, 0x6c, 0x5f, 0x75, 0x20, 0x5b, 0x5b, 0x62, 0x75, 0x66, 0x66, 0x65, 0x72, 0x28, 0x30, 0x29, // tl_u [[buffer(0)
	0x5d, 0x5d, 0x2c, 0x20, 0x74, 0x65, 0x78, 0x74, 0x75, 0x72, 0x65, 0x63, 0x75, 0x62, 0x65, 0x3c, // ]], texturecube<
	0x66, 0x6c, 0x6f, 0x61, 0x74, 0x3e, 0x20, 0x73, 0x5f, 0x74, 0x65, 0x78, 0x43, 0x6f, 0x6c, 0x6f, // float> s_texColo
	0x72, 0x20, 0x5b, 0x5b, 0x74, 0x65, 0x78, 0x74, 0x75, 0x72, 0x65, 0x28, 0x30, 0x29, 0x5d, 0x5d, // r [[texture(0)]]
	0x2c, 0x20, 0x73, 0x61, 0x6d, 0x70, 0x6c, 0x65, 0x72, 0x20, 0x73, 0x5f, 0x74, 0x65, 0x78, 0x43, // , sampler s_texC
	0x6f, 0x6c, 0x6f, 0x72, 0x53, 0x61, 0x6d, 0x70, 0x6c, 0x65, 0x72, 0x20, 0x5b, 0x5b, 0x73, 0x61, // olorSampler [[sa
	0x6d, 0x70, 0x6c, 0x65, 0x72, 0x28, 0x30, 0x29, 0x5d, 0x5d, 0x29, 0x0a, 0x7b, 0x0a, 0x20, 0x20, // mpler(0)]]).{.  
	0x20, 0x20, 0x78, 0x6c, 0x61, 0x74, 0x4d, 0x74, 0x6c, 0x4d, 0x61, 0x69, 0x6e, 0x5f, 0x6f, 0x75, //   xlatMtlMain_ou
	0x74, 0x20, 0x6f, 0x75, 0x74, 0x20, 0x3d, 0x20, 0x7b, 0x7d, 0x3b, 0x0a, 0x20, 0x20, 0x20, 0x20, // t out = {};.    
	0x66, 0x6c, 0x6f, 0x61, 0x74, 0x34, 0x20, 0x5f, 0x34, 0x38, 0x34, 0x3b, 0x0a, 0x20, 0x20, 0x20, // float4 _484;.   
	0x20, 0x64, 0x6f, 0x0a, 0x20, 0x20, 0x20, 0x20, 0x7b, 0x0a, 0x20, 0x20, 0x20, 0x20, 0x20, 0x20, //  do.    {.      
	0x20, 0x20, 0x69, 0x66, 0x20, 0x28, 0x21, 0x61, 0x6e, 0x79, 0x28, 0x69, 0x6e, 0x2e, 0x76, 0x5f, //   if (!any(in.v_
	0x74, 0x65, 0x78, 0x63, 0x6f, 0x6f, 0x72, 0x64, 0x32, 0x2e, 0x78, 0x79, 0x7a, 0x20, 0x3d, 0x3d, // texcoord2.xyz ==
	0x20, 0x66, 0x6c, 0x6f, 0x61, 0x74, 0x33, 0x28, 0x30, 0x2e, 0x30, 0x29, 0x29, 0x29, 0x0a, 0x20, //  float3(0.0))). 
	0x20, 0x20, 0x20, 0x20, 0x20, 0x20, 0x20, 0x7b, 0x0a, 0x20, 0x20, 0x20, 0x20, 0x20, 0x20, 0x20, //        {.       
	0x20, 0x20, 0x20, 0x20, 0x20, 0x66, 0x6c, 0x6f, 0x61, 0x74, 0x34, 0x20, 0x5f, 0x34, 0x35, 0x31, //      float4 _451
	0x20, 0x3d, 0x20, 0x73, 0x5f, 0x74, 0x65, 0x78, 0x43, 0x6f, 0x6c, 0x6f, 0x72, 0x2e, 0x73, 0x61, //  = s_texColor.sa
	0x6d, 0x70, 0x6c, 0x65, 0x28, 0x73, 0x5f, 0x74, 0x65, 0x78, 0x43, 0x6f, 0x6c, 0x6f, 0x72, 0x53, // mple(s_texColorS
	0x61, 0x6d, 0x70, 0x6c, 0x65, 0x72, 0x2c, 0x20, 0x69, 0x6e, 0x2e, 0x76, 0x5f, 0x74, 0x65, 0x78, // ampler, in.v_tex
	0x63, 0x6f, 0x6f, 0x72, 0x64, 0x32, 0x2e, 0x78, 0x79, 0x7a, 0x29, 0x3b, 0x0a, 0x20, 0x20, 0x20, // coord2.xyz);.   
	0x20, 0x20, 0x20, 0x20, 0x20, 0x20, 0x20, 0x20, 0x20, 0x73, 0x70, 0x76, 0x55, 0x6e, 0x73, 0x61, //          spvUnsa
	0x66, 0x65, 0x41, 0x72, 0x72, 0x61, 0x79, 0x3c, 0x66, 0x6c, 0x6f, 0x61, 0x74, 0x2c, 0x20, 0x34, // feArray<float, 4
	0x3e, 0x20, 0x5f, 0x33, 0x30, 0x34, 0x3b, 0x0a, 0x20, 0x20, 0x20, 0x20, 0x20, 0x20, 0x20, 0x20, // > _304;.        
	0x20, 0x20, 0x20, 0x20, 0x5f, 0x33, 0x30, 0x34, 0x5b, 0x30, 0x5d, 0x20, 0x3d, 0x20, 0x5f, 0x34, //     _304[0] = _4
	0x35, 0x31, 0x2e, 0x7a, 0x3b, 0x0a, 0x20, 0x20, 0x20, 0x20, 0x20, 0x20, 0x20, 0x20, 0x20, 0x20, // 51.z;.          
	0x20, 0x20, 0x5f, 0x33, 0x30, 0x34, 0x5b, 0x31, 0x5d, 0x20, 0x3d, 0x20, 0x5f, 0x34, 0x35, 0x31, //   _304[1] = _451
	0x2e, 0x79, 0x3b, 0x0a, 0x20, 0x20, 0x20, 0x20, 0x20, 0x20, 0x20, 0x20, 0x20, 0x20, 0x20, 0x20, // .y;.            
	0x5f, 0x33, 0x30, 0x34, 0x5b, 0x32, 0x5d, 0x20, 0x3d, 0x20, 0x5f, 0x34, 0x35, 0x31, 0x2e, 0x78, // _304[2] = _451.x
	0x3b, 0x0a, 0x20, 0x20, 0x20, 0x20, 0x20, 0x20, 0x20, 0x20, 0x20, 0x20, 0x20, 0x20, 0x5f, 0x33, // ;.            _3
	0x30, 0x34, 0x5b, 0x33, 0x5d, 0x20, 0x3d, 0x20, 0x5f, 0x34, 0x35, 0x31, 0x2e, 0x77, 0x3b, 0x0a, // 04[3] = _451.w;.
	0x20, 0x20, 0x20, 0x20, 0x20, 0x20, 0x20, 0x20, 0x20, 0x20, 0x20, 0x20, 0x66, 0x6c, 0x6f, 0x61, //             floa
	0x74, 0x20, 0x5f, 0x33, 0x36, 0x33, 0x20, 0x3d, 0x20, 0x28, 0x28, 0x6c, 0x65, 0x6e, 0x67, 0x74, // t _363 = ((lengt
	0x68, 0x28, 0x66, 0x77, 0x69, 0x64, 0x74, 0x68, 0x28, 0x69, 0x6e, 0x2e, 0x76, 0x5f, 0x74, 0x65, // h(fwidth(in.v_te
	0x78, 0x63, 0x6f, 0x6f, 0x72, 0x64, 0x32, 0x2e, 0x78, 0x79, 0x7a, 0x29, 0x29, 0x20, 0x2a, 0x20, // xcoord2.xyz)) * 
	0x31, 0x31, 0x2e, 0x33, 0x31, 0x33, 0x37, 0x30, 0x38, 0x33, 0x30, 0x35, 0x33, 0x35, 0x38, 0x38, // 11.3137083053588
	0x38, 0x36, 0x37, 0x31, 0x38, 0x37, 0x35, 0x29, 0x20, 0x2a, 0x20, 0x5f, 0x6d, 0x74, 0x6c, 0x5f, // 8671875) * _mtl_
	0x75, 0x2e, 0x75, 0x5f, 0x70, 0x61, 0x72, 0x61, 0x6d, 0x73, 0x2e, 0x79, 0x29, 0x20, 0x2a, 0x20, // u.u_params.y) * 
	0x5f, 0x6d, 0x74, 0x6c, 0x5f, 0x75, 0x2e, 0x75, 0x5f, 0x70, 0x61, 0x72, 0x61, 0x6d, 0x73, 0x2e, // _mtl_u.u_params.
	0x7a, 0x3b, 0x0a, 0x20, 0x20, 0x20, 0x20, 0x20, 0x20, 0x20, 0x20, 0x20, 0x20, 0x20, 0x20, 0x5f, // z;.            _
	0x34, 0x38, 0x34, 0x20, 0x3d, 0x20, 0x66, 0x6c, 0x6f, 0x61, 0x74, 0x34, 0x28, 0x69, 0x6e, 0x2e, // 484 = float4(in.
	0x76, 0x5f, 0x63, 0x6f, 0x6c, 0x6f, 0x72, 0x30, 0x2e, 0x78, 0x79, 0x7a, 0x2c, 0x20, 0x73, 0x6d, // v_color0.xyz, sm
	0x6f, 0x6f, 0x74, 0x68, 0x73, 0x74, 0x65, 0x70, 0x28, 0x30, 0x2e, 0x35, 0x20, 0x2d, 0x20, 0x5f, // oothstep(0.5 - _
	0x33, 0x36, 0x33, 0x2c, 0x20, 0x30, 0x2e, 0x35, 0x20, 0x2b, 0x20, 0x5f, 0x33, 0x36, 0x33, 0x2c, // 363, 0.5 + _363,
	0x20, 0x5f, 0x33, 0x30, 0x34, 0x5b, 0x69, 0x6e, 0x74, 0x28, 0x28, 0x69, 0x6e, 0x2e, 0x76, 0x5f, //  _304[int((in.v_
	0x74, 0x65, 0x78, 0x63, 0x6f, 0x6f, 0x72, 0x64, 0x32, 0x2e, 0x77, 0x20, 0x2a, 0x20, 0x34, 0x2e, // texcoord2.w * 4.
	0x30, 0x29, 0x20, 0x2b, 0x20, 0x30, 0x2e, 0x35, 0x29, 0x5d, 0x29, 0x20, 0x2a, 0x20, 0x69, 0x6e, // 0) + 0.5)]) * in
	0x2e, 0x76, 0x5f, 0x63, 0x6f, 0x6c, 0x6f, 0x72, 0x30, 0x2e, 0x77, 0x29, 0x3b, 0x0a, 0x20, 0x20, // .v_color0.w);.  
	0x20, 0x20, 0x20, 0x20, 0x20, 0x20, 0x20, 0x20, 0x20, 0x20, 0x62, 0x72, 0x65, 0x61, 0x6b, 0x3b, //           break;
	0x0a, 0x20, 0x20, 0x20, 0x20, 0x20, 0x20, 0x20, 0x20, 0x7d, 0x0a, 0x20, 0x20, 0x20, 0x20, 0x20, // .        }.     
	0x20, 0x20, 0x20, 0x66, 0x6c, 0x6f, 0x61, 0x74, 0x34, 0x20, 0x5f, 0x34, 0x36, 0x30, 0x20, 0x3d, //    float4 _460 =
	0x20, 0x73, 0x5f, 0x74, 0x65, 0x78, 0x43, 0x6f, 0x6c, 0x6f, 0x72, 0x2e, 0x73, 0x61, 0x6d, 0x70, //  s_texColor.samp
	0x6c, 0x65, 0x28, 0x73, 0x5f, 0x74, 0x65, 0x78, 0x43, 0x6f, 0x6c, 0x6f, 0x72, 0x53, 0x61, 0x6d, // le(s_texColorSam
	0x70, 0x6c, 0x65, 0x72, 0x2c, 0x20, 0x69, 0x6e, 0x2e, 0x76, 0x5f, 0x74, 0x65, 0x78, 0x63, 0x6f, // pler, in.v_texco
	0x6f, 0x72, 0x64, 0x30, 0x2e, 0x78, 0x79, 0x7a, 0x29, 0x3b, 0x0a, 0x20, 0x20, 0x20, 0x20, 0x20, // ord0.xyz);.     
	0x20, 0x20, 0x20, 0x73, 0x70, 0x76, 0x55, 0x6e, 0x73, 0x61, 0x66, 0x65, 0x41, 0x72, 0x72, 0x61, //    spvUnsafeArra
	0x79, 0x3c, 0x66, 0x6c, 0x6f, 0x61, 0x74, 0x2c, 0x20, 0x34, 0x3e, 0x20, 0x5f, 0x33, 0x31, 0x33, // y<float, 4> _313
	0x3b, 0x0a, 0x20, 0x20, 0x20, 0x20, 0x20, 0x20, 0x20, 0x20, 0x5f, 0x33, 0x31, 0x33, 0x5b, 0x30, // ;.        _313[0
	0x5d, 0x20, 0x3d, 0x20, 0x5f, 0x34, 0x36, 0x30, 0x2e, 0x7a, 0x3b, 0x0a, 0x20, 0x20, 0x20, 0x20, // ] = _460.z;.    
	0x20, 0x20, 0x20, 0x20, 0x5f, 0x33, 0x31, 0x33, 0x5b, 0x31, 0x5d, 0x20, 0x3d, 0x20, 0x5f, 0x34, //     _313[1] = _4
	0x36, 0x30, 0x2e, 0x79, 0x3b, 0x0a, 0x20, 0x20, 0x20, 0x20, 0x20, 0x20, 0x20, 0x20, 0x5f, 0x33, // 60.y;.        _3
	0x31, 0x33, 0x5b, 0x32, 0x5d, 0x20, 0x3d, 0x20, 0x5f, 0x34, 0x36, 0x30, 0x2e, 0x78, 0x3b, 0x0a, // 13[2] = _460.x;.
	0x20, 0x20, 0x20, 0x20, 0x20, 0x20, 0x20, 0x20, 0x5f, 0x33, 0x31, 0x33, 0x5b, 0x33, 0x5d, 0x20, //         _313[3] 
	0x3d, 0x20, 0x5f, 0x34, 0x36, 0x30, 0x2e, 0x77, 0x3b, 0x0a, 0x20, 0x20, 0x20, 0x20, 0x20, 0x20, // = _460.w;.      
	0x20, 0x20, 0x66, 0x6c, 0x6f, 0x61, 0x74, 0x20, 0x5f, 0x34, 0x31, 0x34, 0x20, 0x3d, 0x20, 0x28, //   float _414 = (
	0x6c, 0x65, 0x6e, 0x67, 0x74, 0x68, 0x28, 0x66, 0x77, 0x69, 0x64, 0x74, 0x68, 0x28, 0x69, 0x6e, // length(fwidth(in
	0x2e, 0x76, 0x5f, 0x74, 0x65, 0x78, 0x63, 0x6f, 0x6f, 0x72, 0x64, 0x30, 0x2e, 0x78, 0x79, 0x7a, // .v_texcoord0.xyz
	0x29, 0x29, 0x20, 0x2a, 0x20, 0x31, 0x31, 0x2e, 0x33, 0x31, 0x33, 0x37, 0x30, 0x38, 0x33, 0x30, // )) * 11.31370830
	0x35, 0x33, 0x35, 0x38, 0x38, 0x38, 0x36, 0x37, 0x31, 0x38, 0x37, 0x35, 0x29, 0x20, 0x2a, 0x20, // 535888671875) * 
	0x5f, 0x6d, 0x74, 0x6c, 0x5f, 0x75, 0x2e, 0x75, 0x5f, 0x70, 0x61, 0x72, 0x61, 0x6d, 0x73, 0x2e, // _mtl_u.u_params.
	0x79, 0x3b, 0x0a, 0x20, 0x20, 0x20, 0x20, 0x20, 0x20, 0x20, 0x20, 0x5f, 0x34, 0x38, 0x34, 0x20, // y;.        _484 
	0x3d, 0x20, 0x66, 0x6c, 0x6f, 0x61, 0x74, 0x34, 0x28, 0x69, 0x6e, 0x2e, 0x76, 0x5f, 0x63, 0x6f, // = float4(in.v_co
	0x6c, 0x6f, 0x72, 0x30, 0x2e, 0x78, 0x79, 0x7a, 0x2c, 0x20, 0x73, 0x6d, 0x6f, 0x6f, 0x74, 0x68, // lor0.xyz, smooth
	0x73, 0x74, 0x65, 0x70, 0x28, 0x30, 0x2e, 0x35, 0x20, 0x2d, 0x20, 0x5f, 0x34, 0x31, 0x34, 0x2c, // step(0.5 - _414,
	0x20, 0x30, 0x2e, 0x35, 0x20, 0x2b, 0x20, 0x5f, 0x34, 0x31, 0x34, 0x2c, 0x20, 0x5f, 0x33, 0x31, //  0.5 + _414, _31
	0x33, 0x5b, 0x69, 0x6e, 0x74, 0x28, 0x28, 0x69, 0x6e, 0x2e, 0x76, 0x5f, 0x74, 0x65, 0x78, 0x63, // 3[int((in.v_texc
	0x6f, 0x6f, 0x72, 0x64, 0x30, 0x2e, 0x77, 0x20, 0x2a, 0x20, 0x34, 0x2e, 0x30, 0x29, 0x20, 0x2b, // oord0.w * 4.0) +
	0x20, 0x30, 0x2e, 0x35, 0x29, 0x5d, 0x29, 0x20, 0x2a, 0x20, 0x69, 0x6e, 0x2e, 0x76, 0x5f, 0x63, //  0.5)]) * in.v_c
	0x6f, 0x6c, 0x6f, 0x72, 0x30, 0x2e, 0x77, 0x29, 0x3b, 0x0a, 0x20, 0x20, 0x20, 0x20, 0x20, 0x20, // olor0.w);.      
	0x20, 0x20, 0x62, 0x72, 0x65, 0x61, 0x6b, 0x3b, 0x0a, 0x20, 0x20, 0x20, 0x20, 0x7d, 0x20, 0x77, //   break;.    } w
	0x68, 0x69, 0x6c, 0x65, 0x28, 0x66, 0x61, 0x6c, 0x73, 0x65, 0x29, 0x3b, 0x0a, 0x20, 0x20, 0x20, // hile(false);.   
	0x20, 0x6f, 0x75, 0x74, 0x2e, 0x62, 0x67, 0x66, 0x78, 0x5f, 0x46, 0x72, 0x61, 0x67, 0x44, 0x61, //  out.bgfx_FragDa
	0x74, 0x61, 0x30, 0x20, 0x3d, 0x20, 0x5f, 0x34, 0x38, 0x34, 0x3b, 0x0a, 0x20, 0x20, 0x20, 0x20, // ta0 = _484;.    
	0x72, 0x65, 0x74, 0x75, 0x72, 0x6e, 0x20, 0x6f, 0x75, 0x74, 0x3b, 0x0a, 0x7d, 0x0a, 0x0a, 0x00, // return out;.}...
	0x00, 0x30, 0x00,                                                                               // .0.
};
extern const uint8_t* fs_font_distance_field_drop_shadow_pssl;
extern const uint32_t fs_font_distance_field_drop_shadow_pssl_size;
