static const uint8_t fs_nanovg_fill_glsl[3086] =
{
	0x46, 0x53, 0x48, 0x0c, 0xcf, 0xda, 0x1b, 0x94, 0x00, 0x00, 0x00, 0x00, 0x00, 0x00, 0x00, 0x00, // FSH.............
	0x00, 0x00, 0x00, 0x00, 0x08, 0x00, 0x0c, 0x75, 0x5f, 0x73, 0x63, 0x69, 0x73, 0x73, 0x6f, 0x72, // .......u_scissor
	0x4d, 0x61, 0x74, 0x03, 0x01, 0x00, 0x00, 0x03, 0x00, 0x00, 0x00, 0x00, 0x00, 0x11, 0x75, 0x5f, // Mat...........u_
	0x73, 0x63, 0x69, 0x73, 0x73, 0x6f, 0x72, 0x45, 0x78, 0x74, 0x53, 0x63, 0x61, 0x6c, 0x65, 0x02, // scissorExtScale.
	0x01, 0x00, 0x00, 0x01, 0x00, 0x00, 0x00, 0x00, 0x00, 0x08, 0x75, 0x5f, 0x70, 0x61, 0x72, 0x61, // ..........u_para
	0x6d, 0x73, 0x02, 0x01, 0x00, 0x00, 0x01, 0x00, 0x00, 0x00, 0x00, 0x00, 0x0a, 0x75, 0x5f, 0x70, // ms...........u_p
	0x61, 0x69, 0x6e, 0x74, 0x4d, 0x61, 0x74, 0x03, 0x01, 0x00, 0x00, 0x03, 0x00, 0x00, 0x00, 0x00, // aintMat.........
	0x00, 0x0e, 0x75, 0x5f, 0x65, 0x78, 0x74, 0x65, 0x6e, 0x74, 0x52, 0x61, 0x64, 0x69, 0x75, 0x73, // ..u_extentRadius
	0x02, 0x01, 0x00, 0x00, 0x01, 0x00, 0x00, 0x00, 0x00, 0x00, 0x0a, 0x75, 0x5f, 0x69, 0x6e, 0x6e, // ...........u_inn
	0x65, 0x72, 0x43, 0x6f, 0x6c, 0x02, 0x01, 0x00, 0x00, 0x01, 0x00, 0x00, 0x00, 0x00, 0x00, 0x0a, // erCol...........
	0x75, 0x5f, 0x6f, 0x75, 0x74, 0x65, 0x72, 0x43, 0x6f, 0x6c, 0x02, 0x01, 0x00, 0x00, 0x01, 0x00, // u_outerCol......
	0x00, 0x00, 0x00, 0x00, 0x05, 0x73, 0x5f, 0x74, 0x65, 0x78, 0x00, 0x01, 0x00, 0x00, 0x01, 0x00, // .....s_tex......
	0x00, 0x02, 0x00, 0x00, 0x45, 0x0b, 0x00, 0x00, 0x0a, 0x76, 0x65, 0x63, 0x34, 0x20, 0x5f, 0x33, // ....E....vec4 _3
	0x38, 0x30, 0x3b, 0x0a, 0x0a, 0x75, 0x6e, 0x69, 0x66, 0x6f, 0x72, 0x6d, 0x20, 0x6d, 0x61, 0x74, // 80;..uniform mat
	0x33, 0x20, 0x75, 0x5f, 0x73, 0x63, 0x69, 0x73, 0x73, 0x6f, 0x72, 0x4d, 0x61, 0x74, 0x3b, 0x0a, // 3 u_scissorMat;.
	0x75, 0x6e, 0x69, 0x66, 0x6f, 0x72, 0x6d, 0x20, 0x76, 0x65, 0x63, 0x34, 0x20, 0x75, 0x5f, 0x73, // uniform vec4 u_s
	0x63, 0x69, 0x73, 0x73, 0x6f, 0x72, 0x45, 0x78, 0x74, 0x53, 0x63, 0x61, 0x6c, 0x65, 0x3b, 0x0a, // cissorExtScale;.
	0x75, 0x6e, 0x69, 0x66, 0x6f, 0x72, 0x6d, 0x20, 0x76, 0x65, 0x63, 0x34, 0x20, 0x75, 0x5f, 0x70, // uniform vec4 u_p
	0x61, 0x72, 0x61, 0x6d, 0x73, 0x3b, 0x0a, 0x75, 0x6e, 0x69, 0x66, 0x6f, 0x72, 0x6d, 0x20, 0x6d, // arams;.uniform m
	0x61, 0x74, 0x33, 0x20, 0x75, 0x5f, 0x70, 0x61, 0x69, 0x6e, 0x74, 0x4d, 0x61, 0x74, 0x3b, 0x0a, // at3 u_paintMat;.
	0x75, 0x6e, 0x69, 0x66, 0x6f, 0x72, 0x6d, 0x20, 0x76, 0x65, 0x63, 0x34, 0x20, 0x75, 0x5f, 0x65, // uniform vec4 u_e
	0x78, 0x74, 0x65, 0x6e, 0x74, 0x52, 0x61, 0x64, 0x69, 0x75, 0x73, 0x3b, 0x0a, 0x75, 0x6e, 0x69, // xtentRadius;.uni
	0x66, 0x6f, 0x72, 0x6d, 0x20, 0x76, 0x65, 0x63, 0x34, 0x20, 0x75, 0x5f, 0x69, 0x6e, 0x6e, 0x65, // form vec4 u_inne
	0x72, 0x43, 0x6f, 0x6c, 0x3b, 0x0a, 0x75, 0x6e, 0x69, 0x66, 0x6f, 0x72, 0x6d, 0x20, 0x76, 0x65, // rCol;.uniform ve
	0x63, 0x34, 0x20, 0x75, 0x5f, 0x6f, 0x75, 0x74, 0x65, 0x72, 0x43, 0x6f, 0x6c, 0x3b, 0x0a, 0x75, // c4 u_outerCol;.u
	0x6e, 0x69, 0x66, 0x6f, 0x72, 0x6d, 0x20, 0x73, 0x61, 0x6d, 0x70, 0x6c, 0x65, 0x72, 0x32, 0x44, // niform sampler2D
	0x20, 0x73, 0x5f, 0x74, 0x65, 0x78, 0x3b, 0x0a, 0x0a, 0x69, 0x6e, 0x20, 0x76, 0x65, 0x63, 0x32, //  s_tex;..in vec2
	0x20, 0x76, 0x5f, 0x70, 0x6f, 0x73, 0x69, 0x74, 0x69, 0x6f, 0x6e, 0x3b, 0x0a, 0x69, 0x6e, 0x20, //  v_position;.in 
	0x76, 0x65, 0x63, 0x32, 0x20, 0x76, 0x5f, 0x74, 0x65, 0x78, 0x63, 0x6f, 0x6f, 0x72, 0x64, 0x30, // vec2 v_texcoord0
	0x3b, 0x0a, 0x6c, 0x61, 0x79, 0x6f, 0x75, 0x74, 0x28, 0x6c, 0x6f, 0x63, 0x61, 0x74, 0x69, 0x6f, // ;.layout(locatio
	0x6e, 0x20, 0x3d, 0x20, 0x30, 0x29, 0x20, 0x6f, 0x75, 0x74, 0x20, 0x76, 0x65, 0x63, 0x34, 0x20, // n = 0) out vec4 
	0x62, 0x67, 0x66, 0x78, 0x5f, 0x46, 0x72, 0x61, 0x67, 0x43, 0x6f, 0x6c, 0x6f, 0x72, 0x3b, 0x0a, // bgfx_FragColor;.
	0x0a, 0x76, 0x6f, 0x69, 0x64, 0x20, 0x6d, 0x61, 0x69, 0x6e, 0x28, 0x29, 0x0a, 0x7b, 0x0a, 0x20, // .void main().{. 
	0x20, 0x20, 0x20, 0x76, 0x65, 0x63, 0x33, 0x20, 0x5f, 0x33, 0x30, 0x32, 0x20, 0x3d, 0x20, 0x76, //    vec3 _302 = v
	0x65, 0x63, 0x33, 0x28, 0x76, 0x5f, 0x70, 0x6f, 0x73, 0x69, 0x74, 0x69, 0x6f, 0x6e, 0x2c, 0x20, // ec3(v_position, 
	0x31, 0x2e, 0x30, 0x29, 0x3b, 0x0a, 0x20, 0x20, 0x20, 0x20, 0x76, 0x65, 0x63, 0x32, 0x20, 0x5f, // 1.0);.    vec2 _
	0x33, 0x31, 0x33, 0x20, 0x3d, 0x20, 0x76, 0x65, 0x63, 0x32, 0x28, 0x30, 0x2e, 0x35, 0x29, 0x20, // 313 = vec2(0.5) 
	0x2d, 0x20, 0x28, 0x28, 0x61, 0x62, 0x73, 0x28, 0x28, 0x75, 0x5f, 0x73, 0x63, 0x69, 0x73, 0x73, // - ((abs((u_sciss
	0x6f, 0x72, 0x4d, 0x61, 0x74, 0x20, 0x2a, 0x20, 0x5f, 0x33, 0x30, 0x32, 0x29, 0x2e, 0x78, 0x79, // orMat * _302).xy
	0x29, 0x20, 0x2d, 0x20, 0x75, 0x5f, 0x73, 0x63, 0x69, 0x73, 0x73, 0x6f, 0x72, 0x45, 0x78, 0x74, // ) - u_scissorExt
	0x53, 0x63, 0x61, 0x6c, 0x65, 0x2e, 0x78, 0x79, 0x29, 0x20, 0x2a, 0x20, 0x75, 0x5f, 0x73, 0x63, // Scale.xy) * u_sc
	0x69, 0x73, 0x73, 0x6f, 0x72, 0x45, 0x78, 0x74, 0x53, 0x63, 0x61, 0x6c, 0x65, 0x2e, 0x7a, 0x77, // issorExtScale.zw
	0x29, 0x3b, 0x0a, 0x20, 0x20, 0x20, 0x20, 0x66, 0x6c, 0x6f, 0x61, 0x74, 0x20, 0x5f, 0x33, 0x32, // );.    float _32
	0x30, 0x20, 0x3d, 0x20, 0x63, 0x6c, 0x61, 0x6d, 0x70, 0x28, 0x5f, 0x33, 0x31, 0x33, 0x2e, 0x78, // 0 = clamp(_313.x
	0x2c, 0x20, 0x30, 0x2e, 0x30, 0x2c, 0x20, 0x31, 0x2e, 0x30, 0x29, 0x20, 0x2a, 0x20, 0x63, 0x6c, // , 0.0, 1.0) * cl
	0x61, 0x6d, 0x70, 0x28, 0x5f, 0x33, 0x31, 0x33, 0x2e, 0x79, 0x2c, 0x20, 0x30, 0x2e, 0x30, 0x2c, // amp(_313.y, 0.0,
	0x20, 0x31, 0x2e, 0x30, 0x29, 0x3b, 0x0a, 0x20, 0x20, 0x20, 0x20, 0x66, 0x6c, 0x6f, 0x61, 0x74, //  1.0);.    float
	0x20, 0x5f, 0x33, 0x33, 0x36, 0x20, 0x3d, 0x20, 0x6d, 0x69, 0x6e, 0x28, 0x31, 0x2e, 0x30, 0x2c, //  _336 = min(1.0,
	0x20, 0x28, 0x31, 0x2e, 0x30, 0x20, 0x2d, 0x20, 0x61, 0x62, 0x73, 0x28, 0x28, 0x76, 0x5f, 0x74, //  (1.0 - abs((v_t
	0x65, 0x78, 0x63, 0x6f, 0x6f, 0x72, 0x64, 0x30, 0x2e, 0x78, 0x20, 0x2a, 0x20, 0x32, 0x2e, 0x30, // excoord0.x * 2.0
	0x29, 0x20, 0x2d, 0x20, 0x31, 0x2e, 0x30, 0x29, 0x29, 0x20, 0x2a, 0x20, 0x75, 0x5f, 0x70, 0x61, // ) - 1.0)) * u_pa
	0x72, 0x61, 0x6d, 0x73, 0x2e, 0x79, 0x29, 0x20, 0x2a, 0x20, 0x6d, 0x69, 0x6e, 0x28, 0x31, 0x2e, // rams.y) * min(1.
	0x30, 0x2c, 0x20, 0x76, 0x5f, 0x74, 0x65, 0x78, 0x63, 0x6f, 0x6f, 0x72, 0x64, 0x30, 0x2e, 0x79, // 0, v_texcoord0.y
	0x29, 0x3b, 0x0a, 0x20, 0x20, 0x20, 0x20, 0x76, 0x65, 0x63, 0x34, 0x20, 0x5f, 0x33, 0x37, 0x36, // );.    vec4 _376
	0x3b, 0x0a, 0x20, 0x20, 0x20, 0x20, 0x69, 0x66, 0x20, 0x28, 0x75, 0x5f, 0x70, 0x61, 0x72, 0x61, // ;.    if (u_para
	0x6d, 0x73, 0x2e, 0x77, 0x20, 0x3d, 0x3d, 0x20, 0x30, 0x2e, 0x30, 0x29, 0x0a, 0x20, 0x20, 0x20, // ms.w == 0.0).   
	0x20, 0x7b, 0x0a, 0x20, 0x20, 0x20, 0x20, 0x20, 0x20, 0x20, 0x20, 0x76, 0x65, 0x63, 0x32, 0x20, //  {.        vec2 
	0x5f, 0x33, 0x34, 0x38, 0x20, 0x3d, 0x20, 0x61, 0x62, 0x73, 0x28, 0x28, 0x75, 0x5f, 0x70, 0x61, // _348 = abs((u_pa
	0x69, 0x6e, 0x74, 0x4d, 0x61, 0x74, 0x20, 0x2a, 0x20, 0x5f, 0x33, 0x30, 0x32, 0x29, 0x2e, 0x78, // intMat * _302).x
	0x79, 0x29, 0x20, 0x2d, 0x20, 0x28, 0x75, 0x5f, 0x65, 0x78, 0x74, 0x65, 0x6e, 0x74, 0x52, 0x61, // y) - (u_extentRa
	0x64, 0x69, 0x75, 0x73, 0x2e, 0x78, 0x79, 0x20, 0x2d, 0x20, 0x76, 0x65, 0x63, 0x32, 0x28, 0x75, // dius.xy - vec2(u
	0x5f, 0x65, 0x78, 0x74, 0x65, 0x6e, 0x74, 0x52, 0x61, 0x64, 0x69, 0x75, 0x73, 0x2e, 0x7a, 0x29, // _extentRadius.z)
	0x29, 0x3b, 0x0a, 0x20, 0x20, 0x20, 0x20, 0x20, 0x20, 0x20, 0x20, 0x5f, 0x33, 0x37, 0x36, 0x20, // );.        _376 
	0x3d, 0x20, 0x6d, 0x69, 0x78, 0x28, 0x75, 0x5f, 0x69, 0x6e, 0x6e, 0x65, 0x72, 0x43, 0x6f, 0x6c, // = mix(u_innerCol
	0x2c, 0x20, 0x75, 0x5f, 0x6f, 0x75, 0x74, 0x65, 0x72, 0x43, 0x6f, 0x6c, 0x2c, 0x20, 0x76, 0x65, // , u_outerCol, ve
	0x63, 0x34, 0x28, 0x63, 0x6c, 0x61, 0x6d, 0x70, 0x28, 0x28, 0x28, 0x28, 0x6d, 0x69, 0x6e, 0x28, // c4(clamp((((min(
	0x6d, 0x61, 0x78, 0x28, 0x5f, 0x33, 0x34, 0x38, 0x2e, 0x78, 0x2c, 0x20, 0x5f, 0x33, 0x34, 0x38, // max(_348.x, _348
	0x2e, 0x79, 0x29, 0x2c, 0x20, 0x30, 0x2e, 0x30, 0x29, 0x20, 0x2b, 0x20, 0x6c, 0x65, 0x6e, 0x67, // .y), 0.0) + leng
	0x74, 0x68, 0x28, 0x6d, 0x61, 0x78, 0x28, 0x5f, 0x33, 0x34, 0x38, 0x2c, 0x20, 0x76, 0x65, 0x63, // th(max(_348, vec
	0x32, 0x28, 0x30, 0x2e, 0x30, 0x29, 0x29, 0x29, 0x29, 0x20, 0x2d, 0x20, 0x75, 0x5f, 0x65, 0x78, // 2(0.0)))) - u_ex
	0x74, 0x65, 0x6e, 0x74, 0x52, 0x61, 0x64, 0x69, 0x75, 0x73, 0x2e, 0x7a, 0x29, 0x20, 0x2b, 0x20, // tentRadius.z) + 
	0x28, 0x75, 0x5f, 0x70, 0x61, 0x72, 0x61, 0x6d, 0x73, 0x2e, 0x78, 0x20, 0x2a, 0x20, 0x30, 0x2e, // (u_params.x * 0.
	0x35, 0x29, 0x29, 0x20, 0x2f, 0x20, 0x75, 0x5f, 0x70, 0x61, 0x72, 0x61, 0x6d, 0x73, 0x2e, 0x78, // 5)) / u_params.x
	0x2c, 0x20, 0x30, 0x2e, 0x30, 0x2c, 0x20, 0x31, 0x2e, 0x30, 0x29, 0x29, 0x29, 0x20, 0x2a, 0x20, // , 0.0, 1.0))) * 
	0x28, 0x5f, 0x33, 0x33, 0x36, 0x20, 0x2a, 0x20, 0x5f, 0x33, 0x32, 0x30, 0x29, 0x3b, 0x0a, 0x20, // (_336 * _320);. 
	0x20, 0x20, 0x20, 0x7d, 0x0a, 0x20, 0x20, 0x20, 0x20, 0x65, 0x6c, 0x73, 0x65, 0x0a, 0x20, 0x20, //    }.    else.  
	0x20, 0x20, 0x7b, 0x0a, 0x20, 0x20, 0x20, 0x20, 0x20, 0x20, 0x20, 0x20, 0x76, 0x65, 0x63, 0x34, //   {.        vec4
	0x20, 0x5f, 0x33, 0x37, 0x37, 0x3b, 0x0a, 0x20, 0x20, 0x20, 0x20, 0x20, 0x20, 0x20, 0x20, 0x69, //  _377;.        i
	0x66, 0x20, 0x28, 0x75, 0x5f, 0x70, 0x61, 0x72, 0x61, 0x6d, 0x73, 0x2e, 0x77, 0x20, 0x3d, 0x3d, // f (u_params.w ==
	0x20, 0x31, 0x2e, 0x30, 0x29, 0x0a, 0x20, 0x20, 0x20, 0x20, 0x20, 0x20, 0x20, 0x20, 0x7b, 0x0a, //  1.0).        {.
	0x20, 0x20, 0x20, 0x20, 0x20, 0x20, 0x20, 0x20, 0x20, 0x20, 0x20, 0x20, 0x76, 0x65, 0x63, 0x34, //             vec4
	0x20, 0x5f, 0x31, 0x39, 0x34, 0x20, 0x3d, 0x20, 0x74, 0x65, 0x78, 0x74, 0x75, 0x72, 0x65, 0x28, //  _194 = texture(
	0x73, 0x5f, 0x74, 0x65, 0x78, 0x2c, 0x20, 0x28, 0x75, 0x5f, 0x70, 0x61, 0x69, 0x6e, 0x74, 0x4d, // s_tex, (u_paintM
	0x61, 0x74, 0x20, 0x2a, 0x20, 0x5f, 0x33, 0x30, 0x32, 0x29, 0x2e, 0x78, 0x79, 0x20, 0x2f, 0x20, // at * _302).xy / 
	0x75, 0x5f, 0x65, 0x78, 0x74, 0x65, 0x6e, 0x74, 0x52, 0x61, 0x64, 0x69, 0x75, 0x73, 0x2e, 0x78, // u_extentRadius.x
	0x79, 0x29, 0x3b, 0x0a, 0x20, 0x20, 0x20, 0x20, 0x20, 0x20, 0x20, 0x20, 0x20, 0x20, 0x20, 0x20, // y);.            
	0x76, 0x65, 0x63, 0x34, 0x20, 0x5f, 0x33, 0x37, 0x34, 0x3b, 0x0a, 0x20, 0x20, 0x20, 0x20, 0x20, // vec4 _374;.     
	0x20, 0x20, 0x20, 0x20, 0x20, 0x20, 0x20, 0x69, 0x66, 0x20, 0x28, 0x75, 0x5f, 0x70, 0x61, 0x72, //        if (u_par
	0x61, 0x6d, 0x73, 0x2e, 0x7a, 0x20, 0x3d, 0x3d, 0x20, 0x31, 0x2e, 0x30, 0x29, 0x0a, 0x20, 0x20, // ams.z == 1.0).  
	0x20, 0x20, 0x20, 0x20, 0x20, 0x20, 0x20, 0x20, 0x20, 0x20, 0x7b, 0x0a, 0x20, 0x20, 0x20, 0x20, //           {.    
	0x20, 0x20, 0x20, 0x20, 0x20, 0x20, 0x20, 0x20, 0x20, 0x20, 0x20, 0x20, 0x66, 0x6c, 0x6f, 0x61, //             floa
	0x74, 0x20, 0x5f, 0x32, 0x30, 0x33, 0x20, 0x3d, 0x20, 0x5f, 0x31, 0x39, 0x34, 0x2e, 0x77, 0x3b, // t _203 = _194.w;
	0x0a, 0x20, 0x20, 0x20, 0x20, 0x20, 0x20, 0x20, 0x20, 0x20, 0x20, 0x20, 0x20, 0x20, 0x20, 0x20, // .               
	0x20, 0x5f, 0x33, 0x37, 0x34, 0x20, 0x3d, 0x20, 0x76, 0x65, 0x63, 0x34, 0x28, 0x5f, 0x31, 0x39, //  _374 = vec4(_19
	0x34, 0x2e, 0x78, 0x79, 0x7a, 0x20, 0x2a, 0x20, 0x5f, 0x32, 0x30, 0x33, 0x2c, 0x20, 0x5f, 0x32, // 4.xyz * _203, _2
	0x30, 0x33, 0x29, 0x3b, 0x0a, 0x20, 0x20, 0x20, 0x20, 0x20, 0x20, 0x20, 0x20, 0x20, 0x20, 0x20, // 03);.           
	0x20, 0x7d, 0x0a, 0x20, 0x20, 0x20, 0x20, 0x20, 0x20, 0x20, 0x20, 0x20, 0x20, 0x20, 0x20, 0x65, //  }.            e
	0x6c, 0x73, 0x65, 0x0a, 0x20, 0x20, 0x20, 0x20, 0x20, 0x20, 0x20, 0x20, 0x20, 0x20, 0x20, 0x20, // lse.            
	0x7b, 0x0a, 0x20, 0x20, 0x20, 0x20, 0x20, 0x20, 0x20, 0x20, 0x20, 0x20, 0x20, 0x20, 0x20, 0x20, // {.              
	0x20, 0x20, 0x5f, 0x33, 0x37, 0x34, 0x20, 0x3d, 0x20, 0x5f, 0x31, 0x39, 0x34, 0x3b, 0x0a, 0x20, //   _374 = _194;. 
	0x20, 0x20, 0x20, 0x20, 0x20, 0x20, 0x20, 0x20, 0x20, 0x20, 0x20, 0x7d, 0x0a, 0x20, 0x20, 0x20, //            }.   
	0x20, 0x20, 0x20, 0x20, 0x20, 0x20, 0x20, 0x20, 0x20, 0x76, 0x65, 0x63, 0x34, 0x20, 0x5f, 0x33, //          vec4 _3
	0x37, 0x35, 0x3b, 0x0a, 0x20, 0x20, 0x20, 0x20, 0x20, 0x20, 0x20, 0x20, 0x20, 0x20, 0x20, 0x20, // 75;.            
	0x69, 0x66, 0x20, 0x28, 0x75, 0x5f, 0x70, 0x61, 0x72, 0x61, 0x6d, 0x73, 0x2e, 0x7a, 0x20, 0x3d, // if (u_params.z =
	0x3d, 0x20, 0x32, 0x2e, 0x30, 0x29, 0x0a, 0x20, 0x20, 0x20, 0x20, 0x20, 0x20, 0x20, 0x20, 0x20, // = 2.0).         
	0x20, 0x20, 0x20, 0x7b, 0x0a, 0x20, 0x20, 0x20, 0x20, 0x20, 0x20, 0x20, 0x20, 0x20, 0x20, 0x20, //    {.           
	0x20, 0x20, 0x20, 0x20, 0x20, 0x5f, 0x33, 0x37, 0x35, 0x20, 0x3d, 0x20, 0x5f, 0x33, 0x37, 0x34, //      _375 = _374
	0x2e, 0x78, 0x78, 0x78, 0x78, 0x3b, 0x0a, 0x20, 0x20, 0x20, 0x20, 0x20, 0x20, 0x20, 0x20, 0x20, // .xxxx;.         
	0x20, 0x20, 0x20, 0x7d, 0x0a, 0x20, 0x20, 0x20, 0x20, 0x20, 0x20, 0x20, 0x20, 0x20, 0x20, 0x20, //    }.           
	0x20, 0x65, 0x6c, 0x73, 0x65, 0x0a, 0x20, 0x20, 0x20, 0x20, 0x20, 0x20, 0x20, 0x20, 0x20, 0x20, //  else.          
	0x20, 0x20, 0x7b, 0x0a, 0x20, 0x20, 0x20, 0x20, 0x20, 0x20, 0x20, 0x20, 0x20, 0x20, 0x20, 0x20, //   {.            
	0x20, 0x20, 0x20, 0x20, 0x5f, 0x33, 0x37, 0x35, 0x20, 0x3d, 0x20, 0x5f, 0x33, 0x37, 0x34, 0x3b, //     _375 = _374;
	0x0a, 0x20, 0x20, 0x20, 0x20, 0x20, 0x20, 0x20, 0x20, 0x20, 0x20, 0x20, 0x20, 0x7d, 0x0a, 0x20, // .            }. 
	0x20, 0x20, 0x20, 0x20, 0x20, 0x20, 0x20, 0x20, 0x20, 0x20, 0x20, 0x5f, 0x33, 0x37, 0x37, 0x20, //            _377 
	0x3d, 0x20, 0x28, 0x5f, 0x33, 0x37, 0x35, 0x20, 0x2a, 0x20, 0x75, 0x5f, 0x69, 0x6e, 0x6e, 0x65, // = (_375 * u_inne
	0x72, 0x43, 0x6f, 0x6c, 0x29, 0x20, 0x2a, 0x20, 0x28, 0x5f, 0x33, 0x33, 0x36, 0x20, 0x2a, 0x20, // rCol) * (_336 * 
	0x5f, 0x33, 0x32, 0x30, 0x29, 0x3b, 0x0a, 0x20, 0x20, 0x20, 0x20, 0x20, 0x20, 0x20, 0x20, 0x7d, // _320);.        }
	0x0a, 0x20, 0x20, 0x20, 0x20, 0x20, 0x20, 0x20, 0x20, 0x65, 0x6c, 0x73, 0x65, 0x0a, 0x20, 0x20, // .        else.  
	0x20, 0x20, 0x20, 0x20, 0x20, 0x20, 0x7b, 0x0a, 0x20, 0x20, 0x20, 0x20, 0x20, 0x20, 0x20, 0x20, //       {.        
	0x20, 0x20, 0x20, 0x20, 0x76, 0x65, 0x63, 0x34, 0x20, 0x5f, 0x33, 0x37, 0x38, 0x3b, 0x0a, 0x20, //     vec4 _378;. 
	0x20, 0x20, 0x20, 0x20, 0x20, 0x20, 0x20, 0x20, 0x20, 0x20, 0x20, 0x69, 0x66, 0x20, 0x28, 0x75, //            if (u
	0x5f, 0x70, 0x61, 0x72, 0x61, 0x6d, 0x73, 0x2e, 0x77, 0x20, 0x3d, 0x3d, 0x20, 0x32, 0x2e, 0x30, // _params.w == 2.0
	0x29, 0x0a, 0x20, 0x20, 0x20, 0x20, 0x20, 0x20, 0x20, 0x20, 0x20, 0x20, 0x20, 0x20, 0x7b, 0x0a, // ).            {.
	0x20, 0x20, 0x20, 0x20, 0x20, 0x20, 0x20, 0x20, 0x20, 0x20, 0x20, 0x20, 0x20, 0x20, 0x20, 0x20, //                 
	0x5f, 0x33, 0x37, 0x38, 0x20, 0x3d, 0x20, 0x76, 0x65, 0x63, 0x34, 0x28, 0x31, 0x2e, 0x30, 0x29, // _378 = vec4(1.0)
	0x3b, 0x0a, 0x20, 0x20, 0x20, 0x20, 0x20, 0x20, 0x20, 0x20, 0x20, 0x20, 0x20, 0x20, 0x7d, 0x0a, // ;.            }.
	0x20, 0x20, 0x20, 0x20, 0x20, 0x20, 0x20, 0x20, 0x20, 0x20, 0x20, 0x20, 0x65, 0x6c, 0x73, 0x65, //             else
	0x0a, 0x20, 0x20, 0x20, 0x20, 0x20, 0x20, 0x20, 0x20, 0x20, 0x20, 0x20, 0x20, 0x7b, 0x0a, 0x20, // .            {. 
	0x20, 0x20, 0x20, 0x20, 0x20, 0x20, 0x20, 0x20, 0x20, 0x20, 0x20, 0x20, 0x20, 0x20, 0x20, 0x76, //                v
	0x65, 0x63, 0x34, 0x20, 0x5f, 0x33, 0x37, 0x39, 0x3b, 0x0a, 0x20, 0x20, 0x20, 0x20, 0x20, 0x20, // ec4 _379;.      
	0x20, 0x20, 0x20, 0x20, 0x20, 0x20, 0x20, 0x20, 0x20, 0x20, 0x69, 0x66, 0x20, 0x28, 0x75, 0x5f, //           if (u_
	0x70, 0x61, 0x72, 0x61, 0x6d, 0x73, 0x2e, 0x77, 0x20, 0x3d, 0x3d, 0x20, 0x33, 0x2e, 0x30, 0x29, // params.w == 3.0)
	0x0a, 0x20, 0x20, 0x20, 0x20, 0x20, 0x20, 0x20, 0x20, 0x20, 0x20, 0x20, 0x20, 0x20, 0x20, 0x20, // .               
	0x20, 0x7b, 0x0a, 0x20, 0x20, 0x20, 0x20, 0x20, 0x20, 0x20, 0x20, 0x20, 0x20, 0x20, 0x20, 0x20, //  {.             
	0x20, 0x20, 0x20, 0x20, 0x20, 0x20, 0x20, 0x76, 0x65, 0x63, 0x34, 0x20, 0x5f, 0x32, 0x34, 0x34, //        vec4 _244
	0x20, 0x3d, 0x20, 0x74, 0x65, 0x78, 0x74, 0x75, 0x72, 0x65, 0x28, 0x73, 0x5f, 0x74, 0x65, 0x78, //  = texture(s_tex
	0x2c, 0x20, 0x76, 0x5f, 0x74, 0x65, 0x78, 0x63, 0x6f, 0x6f, 0x72, 0x64, 0x30, 0x29, 0x3b, 0x0a, // , v_texcoord0);.
	0x20, 0x20, 0x20, 0x20, 0x20, 0x20, 0x20, 0x20, 0x20, 0x20, 0x20, 0x20, 0x20, 0x20, 0x20, 0x20, //                 
	0x20, 0x20, 0x20, 0x20, 0x76, 0x65, 0x63, 0x34, 0x20, 0x5f, 0x33, 0x37, 0x32, 0x3b, 0x0a, 0x20, //     vec4 _372;. 
	0x20, 0x20, 0x20, 0x20, 0x20, 0x20, 0x20, 0x20, 0x20, 0x20, 0x20, 0x20, 0x20, 0x20, 0x20, 0x20, //                 
	0x20, 0x20, 0x20, 0x69, 0x66, 0x20, 0x28, 0x75, 0x5f, 0x70, 0x61, 0x72, 0x61, 0x6d, 0x73, 0x2e, //    if (u_params.
	0x7a, 0x20, 0x3d, 0x3d, 0x20, 0x31, 0x2e, 0x30, 0x29, 0x0a, 0x20, 0x20, 0x20, 0x20, 0x20, 0x20, // z == 1.0).      
	0x20, 0x20, 0x20, 0x20, 0x20, 0x20, 0x20, 0x20, 0x20, 0x20, 0x20, 0x20, 0x20, 0x20, 0x7b, 0x0a, //               {.
	0x20, 0x20, 0x20, 0x20, 0x20, 0x20, 0x20, 0x20, 0x20, 0x20, 0x20, 0x20, 0x20, 0x20, 0x20, 0x20, //                 
	0x20, 0x20, 0x20, 0x20, 0x20, 0x20, 0x20, 0x20, 0x66, 0x6c, 0x6f, 0x61, 0x74, 0x20, 0x5f, 0x32, //         float _2
	0x35, 0x33, 0x20, 0x3d, 0x20, 0x5f, 0x32, 0x34, 0x34, 0x2e, 0x77, 0x3b, 0x0a, 0x20, 0x20, 0x20, // 53 = _244.w;.   
	0x20, 0x20, 0x20, 0x20, 0x20, 0x20, 0x20, 0x20, 0x20, 0x20, 0x20, 0x20, 0x20, 0x20, 0x20, 0x20, //                 
	0x20, 0x20, 0x20, 0x20, 0x20, 0x5f, 0x33, 0x37, 0x32, 0x20, 0x3d, 0x20, 0x76, 0x65, 0x63, 0x34, //      _372 = vec4
	0x28, 0x5f, 0x32, 0x34, 0x34, 0x2e, 0x78, 0x79, 0x7a, 0x20, 0x2a, 0x20, 0x5f, 0x32, 0x35, 0x33, // (_244.xyz * _253
	0x2c, 0x20, 0x5f, 0x32, 0x35, 0x33, 0x29, 0x3b, 0x0a, 0x20, 0x20, 0x20, 0x20, 0x20, 0x20, 0x20, // , _253);.       
	0x20, 0x20, 0x20, 0x20, 0x20, 0x20, 0x20, 0x20, 0x20, 0x20, 0x20, 0x20, 0x20, 0x7d, 0x0a, 0x20, //              }. 
	0x20, 0x20, 0x20, 0x20, 0x20, 0x20, 0x20, 0x20, 0x20, 0x20, 0x20, 0x20, 0x20, 0x20, 0x20, 0x20, //                 
	0x20, 0x20, 0x20, 0x65, 0x6c, 0x73, 0x65, 0x0a, 0x20, 0x20, 0x20, 0x20, 0x20, 0x20, 0x20, 0x20, //    else.        
	0x20, 0x20, 0x20, 0x20, 0x20, 0x20, 0x20, 0x20, 0x20, 0x20, 0x20, 0x20, 0x7b, 0x0a, 0x20, 0x20, //             {.  
	0x20, 0x20, 0x20, 0x20, 0x20, 0x20, 0x20, 0x20, 0x20, 0x20, 0x20, 0x20, 0x20, 0x20, 0x20, 0x20, //                 
	0x20, 0x20, 0x20, 0x20, 0x20, 0x20, 0x5f, 0x33, 0x37, 0x32, 0x20, 0x3d, 0x20, 0x5f, 0x32, 0x34, //       _372 = _24
	0x34, 0x3b, 0x0a, 0x20, 0x20, 0x20, 0x20, 0x20, 0x20, 0x20, 0x20, 0x20, 0x20, 0x20, 0x20, 0x20, // 4;.             
	0x20, 0x20, 0x20, 0x20, 0x20, 0x20, 0x20, 0x7d, 0x0a, 0x20, 0x20, 0x20, 0x20, 0x20, 0x20, 0x20, //        }.       
	0x20, 0x20, 0x20, 0x20, 0x20, 0x20, 0x20, 0x20, 0x20, 0x20, 0x20, 0x20, 0x20, 0x76, 0x65, 0x63, //              vec
	0x34, 0x20, 0x5f, 0x33, 0x37, 0x33, 0x3b, 0x0a, 0x20, 0x20, 0x20, 0x20, 0x20, 0x20, 0x20, 0x20, // 4 _373;.        
	0x20, 0x20, 0x20, 0x20, 0x20, 0x20, 0x20, 0x20, 0x20, 0x20, 0x20, 0x20, 0x69, 0x66, 0x20, 0x28, //             if (
	0x75, 0x5f, 0x70, 0x61, 0x72, 0x61, 0x6d, 0x73, 0x2e, 0x7a, 0x20, 0x3d, 0x3d, 0x20, 0x32, 0x2e, // u_params.z == 2.
	0x30, 0x29, 0x0a, 0x20, 0x20, 0x20, 0x20, 0x20, 0x20, 0x20, 0x20, 0x20, 0x20, 0x20, 0x20, 0x20, // 0).             
	0x20, 0x20, 0x20, 0x20, 0x20, 0x20, 0x20, 0x7b, 0x0a, 0x20, 0x20, 0x20, 0x20, 0x20, 0x20, 0x20, //        {.       
	0x20, 0x20, 0x20, 0x20, 0x20, 0x20, 0x20, 0x20, 0x20, 0x20, 0x20, 0x20, 0x20, 0x20, 0x20, 0x20, //                 
	0x20, 0x5f, 0x33, 0x37, 0x33, 0x20, 0x3d, 0x20, 0x5f, 0x33, 0x37, 0x32, 0x2e, 0x78, 0x78, 0x78, //  _373 = _372.xxx
	0x78, 0x3b, 0x0a, 0x20, 0x20, 0x20, 0x20, 0x20, 0x20, 0x20, 0x20, 0x20, 0x20, 0x20, 0x20, 0x20, // x;.             
	0x20, 0x20, 0x20, 0x20, 0x20, 0x20, 0x20, 0x7d, 0x0a, 0x20, 0x20, 0x20, 0x20, 0x20, 0x20, 0x20, //        }.       
	0x20, 0x20, 0x20, 0x20, 0x20, 0x20, 0x20, 0x20, 0x20, 0x20, 0x20, 0x20, 0x20, 0x65, 0x6c, 0x73, //              els
	0x65, 0x0a, 0x20, 0x20, 0x20, 0x20, 0x20, 0x20, 0x20, 0x20, 0x20, 0x20, 0x20, 0x20, 0x20, 0x20, // e.              
	0x20, 0x20, 0x20, 0x20, 0x20, 0x20, 0x7b, 0x0a, 0x20, 0x20, 0x20, 0x20, 0x20, 0x20, 0x20, 0x20, //       {.        
	0x20, 0x20, 0x20, 0x20, 0x20, 0x20, 0x20, 0x20, 0x20, 0x20, 0x20, 0x20, 0x20, 0x20, 0x20, 0x20, //                 
	0x5f, 0x33, 0x37, 0x33, 0x20, 0x3d, 0x20, 0x5f, 0x33, 0x37, 0x32, 0x3b, 0x0a, 0x20, 0x20, 0x20, // _373 = _372;.   
	0x20, 0x20, 0x20, 0x20, 0x20, 0x20, 0x20, 0x20, 0x20, 0x20, 0x20, 0x20, 0x20, 0x20, 0x20, 0x20, //                 
	0x20, 0x7d, 0x0a, 0x20, 0x20, 0x20, 0x20, 0x20, 0x20, 0x20, 0x20, 0x20, 0x20, 0x20, 0x20, 0x20, //  }.             
	0x20, 0x20, 0x20, 0x20, 0x20, 0x20, 0x20, 0x5f, 0x33, 0x37, 0x39, 0x20, 0x3d, 0x20, 0x28, 0x5f, //        _379 = (_
	0x33, 0x37, 0x33, 0x20, 0x2a, 0x20, 0x5f, 0x33, 0x32, 0x30, 0x29, 0x20, 0x2a, 0x20, 0x75, 0x5f, // 373 * _320) * u_
	0x69, 0x6e, 0x6e, 0x65, 0x72, 0x43, 0x6f, 0x6c, 0x3b, 0x0a, 0x20, 0x20, 0x20, 0x20, 0x20, 0x20, // innerCol;.      
	0x20, 0x20, 0x20, 0x20, 0x20, 0x20, 0x20, 0x20, 0x20, 0x20, 0x7d, 0x0a, 0x20, 0x20, 0x20, 0x20, //           }.    
	0x20, 0x20, 0x20, 0x20, 0x20, 0x20, 0x20, 0x20, 0x20, 0x20, 0x20, 0x20, 0x65, 0x6c, 0x73, 0x65, //             else
	0x0a, 0x20, 0x20, 0x20, 0x20, 0x20, 0x20, 0x20, 0x20, 0x20, 0x20, 0x20, 0x20, 0x20, 0x20, 0x20, // .               
	0x20, 0x7b, 0x0a, 0x20, 0x20, 0x20, 0x20, 0x20, 0x20, 0x20, 0x20, 0x20, 0x20, 0x20, 0x20, 0x20, //  {.             
	0x20, 0x20, 0x20, 0x20, 0x20, 0x20, 0x20, 0x5f, 0x33, 0x37, 0x39, 0x20, 0x3d, 0x20, 0x5f, 0x33, //        _379 = _3
	0x38, 0x30, 0x3b, 0x0a, 0x20, 0x20, 0x20, 0x20, 0x20, 0x20, 0x20, 0x20, 0x20, 0x20, 0x20, 0x20, // 80;.            
	0x20, 0x20, 0x20, 0x20, 0x7d, 0x0a, 0x20, 0x20, 0x20, 0x20, 0x20, 0x20, 0x20, 0x20, 0x20, 0x20, //     }.          
	0x20, 0x20, 0x20, 0x20, 0x20, 0x20, 0x5f, 0x33, 0x37, 0x38, 0x20, 0x3d, 0x20, 0x5f, 0x33, 0x37, //       _378 = _37
	0x39, 0x3b, 0x0a, 0x20, 0x20, 0x20, 0x20, 0x20, 0x20, 0x20, 0x20, 0x20, 0x20, 0x20, 0x20, 0x7d, // 9;.            }
	0x0a, 0x20, 0x20, 0x20, 0x20, 0x20, 0x20, 0x20, 0x20, 0x20, 0x20, 0x20, 0x20, 0x5f, 0x33, 0x37, // .            _37
	0x37, 0x20, 0x3d, 0x20, 0x5f, 0x33, 0x37, 0x38, 0x3b, 0x0a, 0x20, 0x20, 0x20, 0x20, 0x20, 0x20, // 7 = _378;.      
	0x20, 0x20, 0x7d, 0x0a, 0x20, 0x20, 0x20, 0x20, 0x20, 0x20, 0x20, 0x20, 0x5f, 0x33, 0x37, 0x36, //   }.        _376
	0x20, 0x3d, 0x20, 0x5f, 0x33, 0x37, 0x37, 0x3b, 0x0a, 0x20, 0x20, 0x20, 0x20, 0x7d, 0x0a, 0x20, //  = _377;.    }. 
	0x20, 0x20, 0x20, 0x62, 0x67, 0x66, 0x78, 0x5f, 0x46, 0x72, 0x61, 0x67, 0x43, 0x6f, 0x6c, 0x6f, //    bgfx_FragColo
	0x72, 0x20, 0x3d, 0x20, 0x5f, 0x33, 0x37, 0x36, 0x3b, 0x0a, 0x7d, 0x0a, 0x0a, 0x00,             // r = _376;.}...
};
static const uint8_t fs_nanovg_fill_essl[3300] =
{
	0x46, 0x53, 0x48, 0x0c, 0xcf, 0xda, 0x1b, 0x94, 0x00, 0x00, 0x00, 0x00, 0x00, 0x00, 0x00, 0x00, // FSH.............
	0x00, 0x00, 0x00, 0x00, 0x08, 0x00, 0x0c, 0x75, 0x5f, 0x73, 0x63, 0x69, 0x73, 0x73, 0x6f, 0x72, // .......u_scissor
	0x4d, 0x61, 0x74, 0x03, 0x01, 0x00, 0x00, 0x03, 0x00, 0x00, 0x00, 0x00, 0x00, 0x11, 0x75, 0x5f, // Mat...........u_
	0x73, 0x63, 0x69, 0x73, 0x73, 0x6f, 0x72, 0x45, 0x78, 0x74, 0x53, 0x63, 0x61, 0x6c, 0x65, 0x02, // scissorExtScale.
	0x01, 0x00, 0x00, 0x01, 0x00, 0x00, 0x00, 0x00, 0x00, 0x08, 0x75, 0x5f, 0x70, 0x61, 0x72, 0x61, // ..........u_para
	0x6d, 0x73, 0x02, 0x01, 0x00, 0x00, 0x01, 0x00, 0x00, 0x00, 0x00, 0x00, 0x0a, 0x75, 0x5f, 0x70, // ms...........u_p
	0x61, 0x69, 0x6e, 0x74, 0x4d, 0x61, 0x74, 0x03, 0x01, 0x00, 0x00, 0x03, 0x00, 0x00, 0x00, 0x00, // aintMat.........
	0x00, 0x0e, 0x75, 0x5f, 0x65, 0x78, 0x74, 0x65, 0x6e, 0x74, 0x52, 0x61, 0x64, 0x69, 0x75, 0x73, // ..u_extentRadius
	0x02, 0x01, 0x00, 0x00, 0x01, 0x00, 0x00, 0x00, 0x00, 0x00, 0x0a, 0x75, 0x5f, 0x69, 0x6e, 0x6e, // ...........u_inn
	0x65, 0x72, 0x43, 0x6f, 0x6c, 0x02, 0x01, 0x00, 0x00, 0x01, 0x00, 0x00, 0x00, 0x00, 0x00, 0x0a, // erCol...........
	0x75, 0x5f, 0x6f, 0x75, 0x74, 0x65, 0x72, 0x43, 0x6f, 0x6c, 0x02, 0x01, 0x00, 0x00, 0x01, 0x00, // u_outerCol......
	0x00, 0x00, 0x00, 0x00, 0x05, 0x73, 0x5f, 0x74, 0x65, 0x78, 0x00, 0x01, 0x00, 0x00, 0x01, 0x00, // .....s_tex......
	0x00, 0x02, 0x00, 0x00, 0x1b, 0x0c, 0x00, 0x00, 0x70, 0x72, 0x65, 0x63, 0x69, 0x73, 0x69, 0x6f, // ........precisio
	0x6e, 0x20, 0x6d, 0x65, 0x64, 0x69, 0x75, 0x6d, 0x70, 0x20, 0x66, 0x6c, 0x6f, 0x61, 0x74, 0x3b, // n mediump float;
	0x0a, 0x70, 0x72, 0x65, 0x63, 0x69, 0x73, 0x69, 0x6f, 0x6e, 0x20, 0x68, 0x69, 0x67, 0x68, 0x70, // .precision highp
	0x20, 0x69, 0x6e, 0x74, 0x3b, 0x0a, 0x0a, 0x76, 0x65, 0x63, 0x34, 0x20, 0x5f, 0x33, 0x38, 0x30, //  int;..vec4 _380
	0x3b, 0x0a, 0x0a, 0x75, 0x6e, 0x69, 0x66, 0x6f, 0x72, 0x6d, 0x20, 0x68, 0x69, 0x67, 0x68, 0x70, // ;..uniform highp
	0x20, 0x6d, 0x61, 0x74, 0x33, 0x20, 0x75, 0x5f, 0x73, 0x63, 0x69, 0x73, 0x73, 0x6f, 0x72, 0x4d, //  mat3 u_scissorM
	0x61, 0x74, 0x3b, 0x0a, 0x75, 0x6e, 0x69, 0x66, 0x6f, 0x72, 0x6d, 0x20, 0x68, 0x69, 0x67, 0x68, // at;.uniform high
	0x70, 0x20, 0x76, 0x65, 0x63, 0x34, 0x20, 0x75, 0x5f, 0x73, 0x63, 0x69, 0x73, 0x73, 0x6f, 0x72, // p vec4 u_scissor
	0x45, 0x78, 0x74, 0x53, 0x63, 0x61, 0x6c, 0x65, 0x3b, 0x0a, 0x75, 0x6e, 0x69, 0x66, 0x6f, 0x72, // ExtScale;.unifor
	0x6d, 0x20, 0x68, 0x69, 0x67, 0x68, 0x70, 0x20, 0x76, 0x65, 0x63, 0x34, 0x20, 0x75, 0x5f, 0x70, // m highp vec4 u_p
	0x61, 0x72, 0x61, 0x6d, 0x73, 0x3b, 0x0a, 0x75, 0x6e, 0x69, 0x66, 0x6f, 0x72, 0x6d, 0x20, 0x68, // arams;.uniform h
	0x69, 0x67, 0x68, 0x70, 0x20, 0x6d, 0x61, 0x74, 0x33, 0x20, 0x75, 0x5f, 0x70, 0x61, 0x69, 0x6e, // ighp mat3 u_pain
	0x74, 0x4d, 0x61, 0x74, 0x3b, 0x0a, 0x75, 0x6e, 0x69, 0x66, 0x6f, 0x72, 0x6d, 0x20, 0x68, 0x69, // tMat;.uniform hi
	0x67, 0x68, 0x70, 0x20, 0x76, 0x65, 0x63, 0x34, 0x20, 0x75, 0x5f, 0x65, 0x78, 0x74, 0x65, 0x6e, // ghp vec4 u_exten
	0x74, 0x52, 0x61, 0x64, 0x69, 0x75, 0x73, 0x3b, 0x0a, 0x75, 0x6e, 0x69, 0x66, 0x6f, 0x72, 0x6d, // tRadius;.uniform
	0x20, 0x68, 0x69, 0x67, 0x68, 0x70, 0x20, 0x76, 0x65, 0x63, 0x34, 0x20, 0x75, 0x5f, 0x69, 0x6e, //  highp vec4 u_in
	0x6e, 0x65, 0x72, 0x43, 0x6f, 0x6c, 0x3b, 0x0a, 0x75, 0x6e, 0x69, 0x66, 0x6f, 0x72, 0x6d, 0x20, // nerCol;.uniform 
	0x68, 0x69, 0x67, 0x68, 0x70, 0x20, 0x76, 0x65, 0x63, 0x34, 0x20, 0x75, 0x5f, 0x6f, 0x75, 0x74, // highp vec4 u_out
	0x65, 0x72, 0x43, 0x6f, 0x6c, 0x3b, 0x0a, 0x75, 0x6e, 0x69, 0x66, 0x6f, 0x72, 0x6d, 0x20, 0x68, // erCol;.uniform h
	0x69, 0x67, 0x68, 0x70, 0x20, 0x73, 0x61, 0x6d, 0x70, 0x6c, 0x65, 0x72, 0x32, 0x44, 0x20, 0x73, // ighp sampler2D s
	0x5f, 0x74, 0x65, 0x78, 0x3b, 0x0a, 0x0a, 0x69, 0x6e, 0x20, 0x68, 0x69, 0x67, 0x68, 0x70, 0x20, // _tex;..in highp 
	0x76, 0x65, 0x63, 0x32, 0x20, 0x76, 0x5f, 0x70, 0x6f, 0x73, 0x69, 0x74, 0x69, 0x6f, 0x6e, 0x3b, // vec2 v_position;
	0x0a, 0x69, 0x6e, 0x20, 0x68, 0x69, 0x67, 0x68, 0x70, 0x20, 0x76, 0x65, 0x63, 0x32, 0x20, 0x76, // .in highp vec2 v
	0x5f, 0x74, 0x65, 0x78, 0x63, 0x6f, 0x6f, 0x72, 0x64, 0x30, 0x3b, 0x0a, 0x6c, 0x61, 0x79, 0x6f, // _texcoord0;.layo
	0x75, 0x74, 0x28, 0x6c, 0x6f, 0x63, 0x61, 0x74, 0x69, 0x6f, 0x6e, 0x20, 0x3d, 0x20, 0x30, 0x29, // ut(location = 0)
	0x20, 0x6f, 0x75, 0x74, 0x20, 0x68, 0x69, 0x67, 0x68, 0x70, 0x20, 0x76, 0x65, 0x63, 0x34, 0x20, //  out highp vec4 
	0x62, 0x67, 0x66, 0x78, 0x5f, 0x46, 0x72, 0x61, 0x67, 0x43, 0x6f, 0x6c, 0x6f, 0x72, 0x3b, 0x0a, // bgfx_FragColor;.
	0x0a, 0x76, 0x6f, 0x69, 0x64, 0x20, 0x6d, 0x61, 0x69, 0x6e, 0x28, 0x29, 0x0a, 0x7b, 0x0a, 0x20, // .void main().{. 
	0x20, 0x20, 0x20, 0x68, 0x69, 0x67, 0x68, 0x70, 0x20, 0x76, 0x65, 0x63, 0x33, 0x20, 0x5f, 0x33, //    highp vec3 _3
	0x30, 0x32, 0x20, 0x3d, 0x20, 0x76, 0x65, 0x63, 0x33, 0x28, 0x76, 0x5f, 0x70, 0x6f, 0x73, 0x69, // 02 = vec3(v_posi
	0x74, 0x69, 0x6f, 0x6e, 0x2c, 0x20, 0x31, 0x2e, 0x30, 0x29, 0x3b, 0x0a, 0x20, 0x20, 0x20, 0x20, // tion, 1.0);.    
	0x68, 0x69, 0x67, 0x68, 0x70, 0x20, 0x76, 0x65, 0x63, 0x32, 0x20, 0x5f, 0x33, 0x31, 0x33, 0x20, // highp vec2 _313 
	0x3d, 0x20, 0x76, 0x65, 0x63, 0x32, 0x28, 0x30, 0x2e, 0x35, 0x29, 0x20, 0x2d, 0x20, 0x28, 0x28, // = vec2(0.5) - ((
	0x61, 0x62, 0x73, 0x28, 0x28, 0x75, 0x5f, 0x73, 0x63, 0x69, 0x73, 0x73, 0x6f, 0x72, 0x4d, 0x61, // abs((u_scissorMa
	0x74, 0x20, 0x2a, 0x20, 0x5f, 0x33, 0x30, 0x32, 0x29, 0x2e, 0x78, 0x79, 0x29, 0x20, 0x2d, 0x20, // t * _302).xy) - 
	0x75, 0x5f, 0x73, 0x63, 0x69, 0x73, 0x73, 0x6f, 0x72, 0x45, 0x78, 0x74, 0x53, 0x63, 0x61, 0x6c, // u_scissorExtScal
	0x65, 0x2e, 0x78, 0x79, 0x29, 0x20, 0x2a, 0x20, 0x75, 0x5f, 0x73, 0x63, 0x69, 0x73, 0x73, 0x6f, // e.xy) * u_scisso
	0x72, 0x45, 0x78, 0x74, 0x53, 0x63, 0x61, 0x6c, 0x65, 0x2e, 0x7a, 0x77, 0x29, 0x3b, 0x0a, 0x20, // rExtScale.zw);. 
	0x20, 0x20, 0x20, 0x68, 0x69, 0x67, 0x68, 0x70, 0x20, 0x66, 0x6c, 0x6f, 0x61, 0x74, 0x20, 0x5f, //    highp float _
	0x33, 0x32, 0x30, 0x20, 0x3d, 0x20, 0x63, 0x6c, 0x61, 0x6d, 0x70, 0x28, 0x5f, 0x33, 0x31, 0x33, // 320 = clamp(_313
	0x2e, 0x78, 0x2c, 0x20, 0x30, 0x2e, 0x30, 0x2c, 0x20, 0x31, 0x2e, 0x30, 0x29, 0x20, 0x2a, 0x20, // .x, 0.0, 1.0) * 
	0x63, 0x6c, 0x61, 0x6d, 0x70, 0x28, 0x5f, 0x33, 0x31, 0x33, 0x2e, 0x79, 0x2c, 0x20, 0x30, 0x2e, // clamp(_313.y, 0.
	0x30, 0x2c, 0x20, 0x31, 0x2e, 0x30, 0x29, 0x3b, 0x0a, 0x20, 0x20, 0x20, 0x20, 0x68, 0x69, 0x67, // 0, 1.0);.    hig
	0x68, 0x70, 0x20, 0x66, 0x6c, 0x6f, 0x61, 0x74, 0x20, 0x5f, 0x33, 0x33, 0x36, 0x20, 0x3d, 0x20, // hp float _336 = 
	0x6d, 0x69, 0x6e, 0x28, 0x31, 0x2e, 0x30, 0x2c, 0x20, 0x28, 0x31, 0x2e, 0x30, 0x20, 0x2d, 0x20, // min(1.0, (1.0 - 
	0x61, 0x62, 0x73, 0x28, 0x28, 0x76, 0x5f, 0x74, 0x65, 0x78, 0x63, 0x6f, 0x6f, 0x72, 0x64, 0x30, // abs((v_texcoord0
	0x2e, 0x78, 0x20, 0x2a, 0x20, 0x32, 0x2e, 0x30, 0x29, 0x20, 0x2d, 0x20, 0x31, 0x2e, 0x30, 0x29, // .x * 2.0) - 1.0)
	0x29, 0x20, 0x2a, 0x20, 0x75, 0x5f, 0x70, 0x61, 0x72, 0x61, 0x6d, 0x73, 0x2e, 0x79, 0x29, 0x20, // ) * u_params.y) 
	0x2a, 0x20, 0x6d, 0x69, 0x6e, 0x28, 0x31, 0x2e, 0x30, 0x2c, 0x20, 0x76, 0x5f, 0x74, 0x65, 0x78, // * min(1.0, v_tex
	0x63, 0x6f, 0x6f, 0x72, 0x64, 0x30, 0x2e, 0x79, 0x29, 0x3b, 0x0a, 0x20, 0x20, 0x20, 0x20, 0x68, // coord0.y);.    h
	0x69, 0x67, 0x68, 0x70, 0x20, 0x76, 0x65, 0x63, 0x34, 0x20, 0x5f, 0x33, 0x37, 0x36, 0x3b, 0x0a, // ighp vec4 _376;.
	0x20, 0x20, 0x20, 0x20, 0x69, 0x66, 0x20, 0x28, 0x75, 0x5f, 0x70, 0x61, 0x72, 0x61, 0x6d, 0x73, //     if (u_params
	0x2e, 0x77, 0x20, 0x3d, 0x3d, 0x20, 0x30, 0x2e, 0x30, 0x29, 0x0a, 0x20, 0x20, 0x20, 0x20, 0x7b, // .w == 0.0).    {
	0x0a, 0x20, 0x20, 0x20, 0x20, 0x20, 0x20, 0x20, 0x20, 0x68, 0x69, 0x67, 0x68, 0x70, 0x20, 0x76, // .        highp v
	0x65, 0x63, 0x32, 0x20, 0x5f, 0x33, 0x34, 0x38, 0x20, 0x3d, 0x20, 0x61, 0x62, 0x73, 0x28, 0x28, // ec2 _348 = abs((
	0x75, 0x5f, 0x70, 0x61, 0x69, 0x6e, 0x74, 0x4d, 0x61, 0x74, 0x20, 0x2a, 0x20, 0x5f, 0x33, 0x30, // u_paintMat * _30
	0x32, 0x29, 0x2e, 0x78, 0x79, 0x29, 0x20, 0x2d, 0x20, 0x28, 0x75, 0x5f, 0x65, 0x78, 0x74, 0x65, // 2).xy) - (u_exte
	0x6e, 0x74, 0x52, 0x61, 0x64, 0x69, 0x75, 0x73, 0x2e, 0x78, 0x79, 0x20, 0x2d, 0x20, 0x76, 0x65, // ntRadius.xy - ve
	0x63, 0x32, 0x28, 0x75, 0x5f, 0x65, 0x78, 0x74, 0x65, 0x6e, 0x74, 0x52, 0x61, 0x64, 0x69, 0x75, // c2(u_extentRadiu
	0x73, 0x2e, 0x7a, 0x29, 0x29, 0x3b, 0x0a, 0x20, 0x20, 0x20, 0x20, 0x20, 0x20, 0x20, 0x20, 0x5f, // s.z));.        _
	0x33, 0x37, 0x36, 0x20, 0x3d, 0x20, 0x6d, 0x69, 0x78, 0x28, 0x75, 0x5f, 0x69, 0x6e, 0x6e, 0x65, // 376 = mix(u_inne
	0x72, 0x43, 0x6f, 0x6c, 0x2c, 0x20, 0x75, 0x5f, 0x6f, 0x75, 0x74, 0x65, 0x72, 0x43, 0x6f, 0x6c, // rCol, u_outerCol
	0x2c, 0x20, 0x76, 0x65, 0x63, 0x34, 0x28, 0x63, 0x6c, 0x61, 0x6d, 0x70, 0x28, 0x28, 0x28, 0x28, // , vec4(clamp((((
	0x6d, 0x69, 0x6e, 0x28, 0x6d, 0x61, 0x78, 0x28, 0x5f, 0x33, 0x34, 0x38, 0x2e, 0x78, 0x2c, 0x20, // min(max(_348.x, 
	0x5f, 0x33, 0x34, 0x38, 0x2e, 0x79, 0x29, 0x2c, 0x20, 0x30, 0x2e, 0x30, 0x29, 0x20, 0x2b, 0x20, // _348.y), 0.0) + 
	0x6c, 0x65, 0x6e, 0x67, 0x74, 0x68, 0x28, 0x6d, 0x61, 0x78, 0x28, 0x5f, 0x33, 0x34, 0x38, 0x2c, // length(max(_348,
	0x20, 0x76, 0x65, 0x63, 0x32, 0x28, 0x30, 0x2e, 0x30, 0x29, 0x29, 0x29, 0x29, 0x20, 0x2d, 0x20, //  vec2(0.0)))) - 
	0x75, 0x5f, 0x65, 0x78, 0x74, 0x65, 0x6e, 0x74, 0x52, 0x61, 0x64, 0x69, 0x75, 0x73, 0x2e, 0x7a, // u_extentRadius.z
	0x29, 0x20, 0x2b, 0x20, 0x28, 0x75, 0x5f, 0x70, 0x61, 0x72, 0x61, 0x6d, 0x73, 0x2e, 0x78, 0x20, // ) + (u_params.x 
	0x2a, 0x20, 0x30, 0x2e, 0x35, 0x29, 0x29, 0x20, 0x2f, 0x20, 0x75, 0x5f, 0x70, 0x61, 0x72, 0x61, // * 0.5)) / u_para
	0x6d, 0x73, 0x2e, 0x78, 0x2c, 0x20, 0x30, 0x2e, 0x30, 0x2c, 0x20, 0x31, 0x2e, 0x30, 0x29, 0x29, // ms.x, 0.0, 1.0))
	0x29, 0x20, 0x2a, 0x20, 0x28, 0x5f, 0x33, 0x33, 0x36, 0x20, 0x2a, 0x20, 0x5f, 0x33, 0x32, 0x30, // ) * (_336 * _320
	0x29, 0x3b, 0x0a, 0x20, 0x20, 0x20, 0x20, 0x7d, 0x0a, 0x20, 0x20, 0x20, 0x20, 0x65, 0x6c, 0x73, // );.    }.    els
	0x65, 0x0a, 0x20, 0x20, 0x20, 0x20, 0x7b, 0x0a, 0x20, 0x20, 0x20, 0x20, 0x20, 0x20, 0x20, 0x20, // e.    {.        
	0x68, 0x69, 0x67, 0x68, 0x70, 0x20, 0x76, 0x65, 0x63, 0x34, 0x20, 0x5f, 0x33, 0x37, 0x37, 0x3b, // highp vec4 _377;
	0x0a, 0x20, 0x20, 0x20, 0x20, 0x20, 0x20, 0x20, 0x20, 0x69, 0x66, 0x20, 0x28, 0x75, 0x5f, 0x70, // .        if (u_p
	0x61, 0x72, 0x61, 0x6d, 0x73, 0x2e, 0x77, 0x20, 0x3d, 0x3d, 0x20, 0x31, 0x2e, 0x30, 0x29, 0x0a, // arams.w == 1.0).
	0x20, 0x20, 0x20, 0x20, 0x20, 0x20, 0x20, 0x20, 0x7b, 0x0a, 0x20, 0x20, 0x20, 0x20, 0x20, 0x20, //         {.      
	0x20, 0x20, 0x20, 0x20, 0x20, 0x20, 0x68, 0x69, 0x67, 0x68, 0x70, 0x20, 0x76, 0x65, 0x63, 0x34, //       highp vec4
	0x20, 0x5f, 0x31, 0x39, 0x34, 0x20, 0x3d, 0x20, 0x74, 0x65, 0x78, 0x74, 0x75, 0x72, 0x65, 0x28, //  _194 = texture(
	0x73, 0x5f, 0x74, 0x65, 0x78, 0x2c, 0x20, 0x28, 0x75, 0x5f, 0x70, 0x61, 0x69, 0x6e, 0x74, 0x4d, // s_tex, (u_paintM
	0x61, 0x74, 0x20, 0x2a, 0x20, 0x5f, 0x33, 0x30, 0x32, 0x29, 0x2e, 0x78, 0x79, 0x20, 0x2f, 0x20, // at * _302).xy / 
	0x75, 0x5f, 0x65, 0x78, 0x74, 0x65, 0x6e, 0x74, 0x52, 0x61, 0x64, 0x69, 0x75, 0x73, 0x2e, 0x78, // u_extentRadius.x
	0x79, 0x29, 0x3b, 0x0a, 0x20, 0x20, 0x20, 0x20, 0x20, 0x20, 0x20, 0x20, 0x20, 0x20, 0x20, 0x20, // y);.            
	0x68, 0x69, 0x67, 0x68, 0x70, 0x20, 0x76, 0x65, 0x63, 0x34, 0x20, 0x5f, 0x33, 0x37, 0x34, 0x3b, // highp vec4 _374;
	0x0a, 0x20, 0x20, 0x20, 0x20, 0x20, 0x20, 0x20, 0x20, 0x20, 0x20, 0x20, 0x20, 0x69, 0x66, 0x20, // .            if 
	0x28, 0x75, 0x5f, 0x70, 0x61, 0x72, 0x61, 0x6d, 0x73, 0x2e, 0x7a, 0x20, 0x3d, 0x3d, 0x20, 0x31, // (u_params.z == 1
	0x2e, 0x30, 0x29, 0x0a, 0x20, 0x20, 0x20, 0x20, 0x20, 0x20, 0x20, 0x20, 0x20, 0x20, 0x20, 0x20, // .0).            
	0x7b, 0x0a, 0x20, 0x20, 0x20, 0x20, 0x20, 0x20, 0x20, 0x20, 0x20, 0x20, 0x20, 0x20, 0x20, 0x20, // {.              
	0x20, 0x20, 0x68, 0x69, 0x67, 0x68, 0x70, 0x20, 0x66, 0x6c, 0x6f, 0x61, 0x74, 0x20, 0x5f, 0x32, //   highp float _2
	0x30, 0x33, 0x20, 0x3d, 0x20, 0x5f, 0x31, 0x39, 0x34, 0x2e, 0x77, 0x3b, 0x0a, 0x20, 0x20, 0x20, // 03 = _194.w;.   
	0x20, 0x20, 0x20, 0x20, 0x20, 0x20, 0x20, 0x20, 0x20, 0x20, 0x20, 0x20, 0x20, 0x5f, 0x33, 0x37, //              _37
	0x34, 0x20, 0x3d, 0x20, 0x76, 0x65, 0x63, 0x34, 0x28, 0x5f, 0x31, 0x39, 0x34, 0x2e, 0x78, 0x79, // 4 = vec4(_194.xy
	0x7a, 0x20, 0x2a, 0x20, 0x5f, 0x32, 0x30, 0x33, 0x2c, 0x20, 0x5f, 0x32, 0x30, 0x33, 0x29, 0x3b, // z * _203, _203);
	0x0a, 0x20, 0x20, 0x20, 0x20, 0x20, 0x20, 0x20, 0x20, 0x20, 0x20, 0x20, 0x20, 0x7d, 0x0a, 0x20, // .            }. 
	0x20, 0x20, 0x20, 0x20, 0x20, 0x20, 0x20, 0x20, 0x20, 0x20, 0x20, 0x65, 0x6c, 0x73, 0x65, 0x0a, //            else.
	0x20, 0x20, 0x20, 0x20, 0x20, 0x20, 0x20, 0x20, 0x20, 0x20, 0x20, 0x20, 0x7b, 0x0a, 0x20, 0x20, //             {.  
	0x20, 0x20, 0x20, 0x20, 0x20, 0x20, 0x20, 0x20, 0x20, 0x20, 0x20, 0x20, 0x20, 0x20, 0x5f, 0x33, //               _3
	0x37, 0x34, 0x20, 0x3d, 0x20, 0x5f, 0x31, 0x39, 0x34, 0x3b, 0x0a, 0x20, 0x20, 0x20, 0x20, 0x20, // 74 = _194;.     
	0x20, 0x20, 0x20, 0x20, 0x20, 0x20, 0x20, 0x7d, 0x0a, 0x20, 0x20, 0x20, 0x20, 0x20, 0x20, 0x20, //        }.       
	0x20, 0x20, 0x20, 0x20, 0x20, 0x68, 0x69, 0x67, 0x68, 0x70, 0x20, 0x76, 0x65, 0x63, 0x34, 0x20, //      highp vec4 
	0x5f, 0x33, 0x37, 0x35, 0x3b, 0x0a, 0x20, 0x20, 0x20, 0x20, 0x20, 0x20, 0x20, 0x20, 0x20, 0x20, // _375;.          
	0x20, 0x20, 0x69, 0x66, 0x20, 0x28, 0x75, 0x5f, 0x70, 0x61, 0x72, 0x61, 0x6d, 0x73, 0x2e, 0x7a, //   if (u_params.z
	0x20, 0x3d, 0x3d, 0x20, 0x32, 0x2e, 0x30, 0x29, 0x0a, 0x20, 0x20, 0x20, 0x20, 0x20, 0x20, 0x20, //  == 2.0).       
	0x20, 0x20, 0x20, 0x20, 0x20, 0x7b, 0x0a, 0x20, 0x20, 0x20, 0x20, 0x20, 0x20, 0x20, 0x20, 0x20, //      {.         
	0x20, 0x20, 0x20, 0x20, 0x20, 0x20, 0x20, 0x5f, 0x33, 0x37, 0x35, 0x20, 0x3d, 0x20, 0x5f, 0x33, //        _375 = _3
	0x37, 0x34, 0x2e, 0x78, 0x78, 0x78, 0x78, 0x3b, 0x0a, 0x20, 0x20, 0x20, 0x20, 0x20, 0x20, 0x20, // 74.xxxx;.       
	0x20, 0x20, 0x20, 0x20, 0x20, 0x7d, 0x0a, 0x20, 0x20, 0x20, 0x20, 0x20, 0x20, 0x20, 0x20, 0x20, //      }.         
	0x20, 0x20, 0x20, 0x65, 0x6c, 0x73, 0x65, 0x0a, 0x20, 0x20, 0x20, 0x20, 0x20, 0x20, 0x20, 0x20, //    else.        
	0x20, 0x20, 0x20, 0x20, 0x7b, 0x0a, 0x20, 0x20, 0x20, 0x20, 0x20, 0x20, 0x20, 0x20, 0x20, 0x20, //     {.          
	0x20, 0x20, 0x20, 0x20, 0x20, 0x20, 0x5f, 0x33, 0x37, 0x35, 0x20, 0x3d, 0x20, 0x5f, 0x33, 0x37, //       _375 = _37
	0x34, 0x3b, 0x0a, 0x20, 0x20, 0x20, 0x20, 0x20, 0x20, 0x20, 0x20, 0x20, 0x20, 0x20, 0x20, 0x7d, // 4;.            }
	0x0a, 0x20, 0x20, 0x20, 0x20, 0x20, 0x20, 0x20, 0x20, 0x20, 0x20, 0x20, 0x20, 0x5f, 0x33, 0x37, // .            _37
	0x37, 0x20, 0x3d, 0x20, 0x28, 0x5f, 0x33, 0x37, 0x35, 0x20, 0x2a, 0x20, 0x75, 0x5f, 0x69, 0x6e, // 7 = (_375 * u_in
	0x6e, 0x65, 0x72, 0x43, 0x6f, 0x6c, 0x29, 0x20, 0x2a, 0x20, 0x28, 0x5f, 0x33, 0x33, 0x36, 0x20, // nerCol) * (_336 
	0x2a, 0x20, 0x5f, 0x33, 0x32, 0x30, 0x29, 0x3b, 0x0a, 0x20, 0x20, 0x20, 0x20, 0x20, 0x20, 0x20, // * _320);.       
	0x20, 0x7d, 0x0a, 0x20, 0x20, 0x20, 0x20, 0x20, 0x20, 0x20, 0x20, 0x65, 0x6c, 0x73, 0x65, 0x0a, //  }.        else.
	0x20, 0x20, 0x20, 0x20, 0x20, 0x20, 0x20, 0x20, 0x7b, 0x0a, 0x20, 0x20, 0x20, 0x20, 0x20, 0x20, //         {.      
	0x20, 0x20, 0x20, 0x20, 0x20, 0x20, 0x68, 0x69, 0x67, 0x68, 0x70, 0x20, 0x76, 0x65, 0x63, 0x34, //       highp vec4
	0x20, 0x5f, 0x33, 0x37, 0x38, 0x3b, 0x0a, 0x20, 0x20, 0x20, 0x20, 0x20, 0x20, 0x20, 0x20, 0x20, //  _378;.         
	0x20, 0x20, 0x20, 0x69, 0x66, 0x20, 0x28, 0x75, 0x5f, 0x70, 0x61, 0x72, 0x61, 0x6d, 0x73, 0x2e, //    if (u_params.
	0x77, 0x20, 0x3d, 0x3d, 0x20, 0x32, 0x2e, 0x30, 0x29, 0x0a, 0x20, 0x20, 0x20, 0x20, 0x20, 0x20, // w == 2.0).      
	0x20, 0x20, 0x20, 0x20, 0x20, 0x20, 0x7b, 0x0a, 0x20, 0x20, 0x20, 0x20, 0x20, 0x20, 0x20, 0x20, //       {.        
	0x20, 0x20, 0x20, 0x20, 0x20, 0x20, 0x20, 0x20, 0x5f, 0x33, 0x37, 0x38, 0x20, 0x3d, 0x20, 0x76, //         _378 = v
	0x65, 0x63, 0x34, 0x28, 0x31, 0x2e, 0x30, 0x29, 0x3b, 0x0a, 0x20, 0x20, 0x20, 0x20, 0x20, 0x20, // ec4(1.0);.      
	0x20, 0x20, 0x20, 0x20, 0x20, 0x20, 0x7d, 0x0a, 0x20, 0x20, 0x20, 0x20, 0x20, 0x20, 0x20, 0x20, //       }.        
	0x20, 0x20, 0x20, 0x20, 0x65, 0x6c, 0x73, 0x65, 0x0a, 0x20, 0x20, 0x20, 0x20, 0x20, 0x20, 0x20, //     else.       
	0x20, 0x20, 0x20, 0x20, 0x20, 0x7b, 0x0a, 0x20, 0x20, 0x20, 0x20, 0x20, 0x20, 0x20, 0x20, 0x20, //      {.         
	0x20, 0x20, 0x20, 0x20, 0x20, 0x20, 0x20, 0x68, 0x69, 0x67, 0x68, 0x70, 0x20, 0x76, 0x65, 0x63, //        highp vec
	0x34, 0x20, 0x5f, 0x33, 0x37, 0x39, 0x3b, 0x0a, 0x20, 0x20, 0x20, 0x20, 0x20, 0x20, 0x20, 0x20, // 4 _379;.        
	0x20, 0x20, 0x20, 0x20, 0x20, 0x20, 0x20, 0x20, 0x69, 0x66, 0x20, 0x28, 0x75, 0x5f, 0x70, 0x61, //         if (u_pa
	0x72, 0x61, 0x6d, 0x73, 0x2e, 0x77, 0x20, 0x3d, 0x3d, 0x20, 0x33, 0x2e, 0x30, 0x29, 0x0a, 0x20, // rams.w == 3.0). 
	0x20, 0x20, 0x20, 0x20, 0x20, 0x20, 0x20, 0x20, 0x20, 0x20, 0x20, 0x20, 0x20, 0x20, 0x20, 0x7b, //                {
	0x0a, 0x20, 0x20, 0x20, 0x20, 0x20, 0x20, 0x20, 0x20, 0x20, 0x20, 0x20, 0x20, 0x20, 0x20, 0x20, // .               
	0x20, 0x20, 0x20, 0x20, 0x20, 0x68, 0x69, 0x67, 0x68, 0x70, 0x20, 0x76, 0x65, 0x63, 0x34, 0x20, //      highp vec4 
	0x5f, 0x32, 0x34, 0x34, 0x20, 0x3d, 0x20, 0x74, 0x65, 0x78, 0x74, 0x75, 0x72, 0x65, 0x28, 0x73, // _244 = texture(s
	0x5f, 0x74, 0x65, 0x78, 0x2c, 0x20, 0x76, 0x5f, 0x74, 0x65, 0x78, 0x63, 0x6f, 0x6f, 0x72, 0x64, // _tex, v_texcoord
	0x30, 0x29, 0x3b, 0x0a, 0x20, 0x20, 0x20, 0x20, 0x20, 0x20, 0x20, 0x20, 0x20, 0x20, 0x20, 0x20, // 0);.            
	0x20, 0x20, 0x20, 0x20, 0x20, 0x20, 0x20, 0x20, 0x68, 0x69, 0x67, 0x68, 0x70, 0x20, 0x76, 0x65, //         highp ve
	0x63, 0x34, 0x20, 0x5f, 0x33, 0x37, 0x32, 0x3b, 0x0a, 0x20, 0x20, 0x20, 0x20, 0x20, 0x20, 0x20, // c4 _372;.       
	0x20, 0x20, 0x20, 0x20, 0x20, 0x20, 0x20, 0x20, 0x20, 0x20, 0x20, 0x20, 0x20, 0x69, 0x66, 0x20, //              if 
	0x28, 0x75, 0x5f, 0x70, 0x61, 0x72, 0x61, 0x6d, 0x73, 0x2e, 0x7a, 0x20, 0x3d, 0x3d, 0x20, 0x31, // (u_params.z == 1
	0x2e, 0x30, 0x29, 0x0a, 0x20, 0x20, 0x20, 0x20, 0x20, 0x20, 0x20, 0x20, 0x20, 0x20, 0x20, 0x20, // .0).            
	0x20, 0x20, 0x20, 0x20, 0x20, 0x20, 0x20, 0x20, 0x7b, 0x0a, 0x20, 0x20, 0x20, 0x20, 0x20, 0x20, //         {.      
	0x20, 0x20, 0x20, 0x20, 0x20, 0x20, 0x20, 0x20, 0x20, 0x20, 0x20, 0x20, 0x20, 0x20, 0x20, 0x20, //                 
	0x20, 0x20, 0x68, 0x69, 0x67, 0x68, 0x70, 0x20, 0x66, 0x6c, 0x6f, 0x61, 0x74, 0x20, 0x5f, 0x32, //   highp float _2
	0x35, 0x33, 0x20, 0x3d, 0x20, 0x5f, 0x32, 0x34, 0x34, 0x2e, 0x77, 0x3b, 0x0a, 0x20, 0x20, 0x20, // 53 = _244.w;.   
	0x20, 0x20, 0x20, 0x20, 0x20, 0x20, 0x20, 0x20, 0x20, 0x20, 0x20, 0x20, 0x20, 0x20, 0x20, 0x20, //                 
	0x20, 0x20, 0x20, 0x20, 0x20, 0x5f, 0x33, 0x37, 0x32, 0x20, 0x3d, 0x20, 0x76, 0x65, 0x63, 0x34, //      _372 = vec4
	0x28, 0x5f, 0x32, 0x34, 0x34, 0x2e, 0x78, 0x79, 0x7a, 0x20, 0x2a, 0x20, 0x5f, 0x32, 0x35, 0x33, // (_244.xyz * _253
	0x2c, 0x20, 0x5f, 0x32, 0x35, 0x33, 0x29, 0x3b, 0x0a, 0x20, 0x20, 0x20, 0x20, 0x20, 0x20, 0x20, // , _253);.       
	0x20, 0x20, 0x20, 0x20, 0x20, 0x20, 0x20, 0x20, 0x20, 0x20, 0x20, 0x20, 0x20, 0x7d, 0x0a, 0x20, //              }. 
	0x20, 0x20, 0x20, 0x20, 0x20, 0x20, 0x20, 0x20, 0x20, 0x20, 0x20, 0x20, 0x20, 0x20, 0x20, 0x20, //                 
	0x20, 0x20, 0x20, 0x65, 0x6c, 0x73, 0x65, 0x0a, 0x20, 0x20, 0x20, 0x20, 0x20, 0x20, 0x20, 0x20, //    else.        
	0x20, 0x20, 0x20, 0x20, 0x20, 0x20, 0x20, 0x20, 0x20, 0x20, 0x20, 0x20, 0x7b, 0x0a, 0x20, 0x20, //             {.  
	0x20, 0x20, 0x20, 0x20, 0x20, 0x20, 0x20, 0x20, 0x20, 0x20, 0x20, 0x20, 0x20, 0x20, 0x20, 0x20, //                 
	0x20, 0x20, 0x20, 0x20, 0x20, 0x20, 0x5f, 0x33, 0x37, 0x32, 0x20, 0x3d, 0x20, 0x5f, 0x32, 0x34, //       _372 = _24
	0x34, 0x3b, 0x0a, 0x20, 0x20, 0x20, 0x20, 0x20, 0x20, 0x20, 0x20, 0x20, 0x20, 0x20, 0x20, 0x20, // 4;.             
	0x20, 0x20, 0x20, 0x20, 0x20, 0x20, 0x20, 0x7d, 0x0a, 0x20, 0x20, 0x20, 0x20, 0x20, 0x20, 0x20, //        }.       
	0x20, 0x20, 0x20, 0x20, 0x20, 0x20, 0x20, 0x20, 0x20, 0x20, 0x20, 0x20, 0x20, 0x68, 0x69, 0x67, //              hig
	0x68, 0x70, 0x20, 0x76, 0x65, 0x63, 0x34, 0x20, 0x5f, 0x33, 0x37, 0x33, 0x3b, 0x0a, 0x20, 0x20, // hp vec4 _373;.  
	0x20, 0x20, 0x20, 0x20, 0x20, 0x20, 0x20, 0x20, 0x20, 0x20, 0x20, 0x20, 0x20, 0x20, 0x20, 0x20, //                 
	0x20, 0x20, 0x69, 0x66, 0x20, 0x28, 0x75, 0x5f, 0x70, 0x61, 0x72, 0x61, 0x6d, 0x73, 0x2e, 0x7a, //   if (u_params.z
	0x20, 0x3d, 0x3d, 0x20, 0x32, 0x2e, 0x30, 0x29, 0x0a, 0x20, 0x20, 0x20, 0x20, 0x20, 0x20, 0x20, //  == 2.0).       
	0x20, 0x20, 0x20, 0x20, 0x20, 0x20, 0x20, 0x20, 0x20, 0x20, 0x20, 0x20, 0x20, 0x7b, 0x0a, 0x20, //              {. 
	0x20, 0x20, 0x20, 0x20, 0x20, 0x20, 0x20, 0x20, 0x20, 0x20, 0x20, 0x20, 0x20, 0x20, 0x20, 0x20, //                 
	0x20, 0x20, 0x20, 0x20, 0x20, 0x20, 0x20, 0x5f, 0x33, 0x37, 0x33, 0x20, 0x3d, 0x20, 0x5f, 0x33, //        _373 = _3
	0x37, 0x32, 0x2e, 0x78, 0x78, 0x78, 0x78, 0x3b, 0x0a, 0x20, 0x20, 0x20, 0x20, 0x20, 0x20, 0x20, // 72.xxxx;.       
	0x20, 0x20, 0x20, 0x20, 0x20, 0x20, 0x20, 0x20, 0x20, 0x20, 0x20, 0x20, 0x20, 0x7d, 0x0a, 0x20, //              }. 
	0x20, 0x20, 0x20, 0x20, 0x20, 0x20, 0x20, 0x20, 0x20, 0x20, 0x20, 0x20, 0x20, 0x20, 0x20, 0x20, //                 
	0x20, 0x20, 0x20, 0x65, 0x6c, 0x73, 0x65, 0x0a, 0x20, 0x20, 0x20, 0x20, 0x20, 0x20, 0x20, 0x20, //    else.        
	0x20, 0x20, 0x20, 0x20, 0x20, 0x20, 0x20, 0x20, 0x20, 0x20, 0x20, 0x20, 0x7b, 0x0a, 0x20, 0x20, //             {.  
	0x20, 0x20, 0x20, 0x20, 0x20, 0x20, 0x20, 0x20, 0x20, 0x20, 0x20, 0x20, 0x20, 0x20, 0x20, 0x20, //                 
	0x20, 0x20, 0x20, 0x20, 0x20, 0x20, 0x5f, 0x33, 0x37, 0x33, 0x20, 0x3d, 0x20, 0x5f, 0x33, 0x37, //       _373 = _37
	0x32, 0x3b, 0x0a, 0x20, 0x20, 0x20, 0x20, 0x20, 0x20, 0x20, 0x20, 0x20, 0x20, 0x20, 0x20, 0x20, // 2;.             
	0x20, 0x20, 0x20, 0x20, 0x20, 0x20, 0x20, 0x7d, 0x0a, 0x20, 0x20, 0x20, 0x20, 0x20, 0x20, 0x20, //        }.       
	0x20, 0x20, 0x20, 0x20, 0x20, 0x20, 0x20, 0x20, 0x20, 0x20, 0x20, 0x20, 0x20, 0x5f, 0x33, 0x37, //              _37
	0x39, 0x20, 0x3d, 0x20, 0x28, 0x5f, 0x33, 0x37, 0x33, 0x20, 0x2a, 0x20, 0x5f, 0x33, 0x32, 0x30, // 9 = (_373 * _320
	0x29, 0x20, 0x2a, 0x20, 0x75, 0x5f, 0x69, 0x6e, 0x6e, 0x65, 0x72, 0x43, 0x6f, 0x6c, 0x3b, 0x0a, // ) * u_innerCol;.
	0x20, 0x20, 0x20, 0x20, 0x20, 0x20, 0x20, 0x20, 0x20, 0x20, 0x20, 0x20, 0x20, 0x20, 0x20, 0x20, //                 
	0x7d, 0x0a, 0x20, 0x20, 0x20, 0x20, 0x20, 0x20, 0x20, 0x20, 0x20, 0x20, 0x20, 0x20, 0x20, 0x20, // }.              
	0x20, 0x20, 0x65, 0x6c, 0x73, 0x65, 0x0a, 0x20, 0x20, 0x20, 0x20, 0x20, 0x20, 0x20, 0x20, 0x20, //   else.         
	0x20, 0x20, 0x20, 0x20, 0x20, 0x20, 0x20, 0x7b, 0x0a, 0x20, 0x20, 0x20, 0x20, 0x20, 0x20, 0x20, //        {.       
	0x20, 0x20, 0x20, 0x20, 0x20, 0x20, 0x20, 0x20, 0x20, 0x20, 0x20, 0x20, 0x20, 0x5f, 0x33, 0x37, //              _37
	0x39, 0x20, 0x3d, 0x20, 0x5f, 0x33, 0x38, 0x30, 0x3b, 0x0a, 0x20, 0x20, 0x20, 0x20, 0x20, 0x20, // 9 = _380;.      
	0x20, 0x20, 0x20, 0x20, 0x20, 0x20, 0x20, 0x20, 0x20, 0x20, 0x7d, 0x0a, 0x20, 0x20, 0x20, 0x20, //           }.    
	0x20, 0x20, 0x20, 0x20, 0x20, 0x20, 0x20, 0x20, 0x20, 0x20, 0x20, 0x20, 0x5f, 0x33, 0x37, 0x38, //             _378
	0x20, 0x3d, 0x20, 0x5f, 0x33, 0x37, 0x39, 0x3b, 0x0a, 0x20, 0x20, 0x20, 0x20, 0x20, 0x20, 0x20, //  = _379;.       
	0x20, 0x20, 0x20, 0x20, 0x20, 0x7d, 0x0a, 0x20, 0x20, 0x20, 0x20, 0x20, 0x20, 0x20, 0x20, 0x20, //      }.         
	0x20, 0x20, 0x20, 0x5f, 0x33, 0x37, 0x37, 0x20, 0x3d, 0x20, 0x5f, 0x33, 0x37, 0x38, 0x3b, 0x0a, //    _377 = _378;.
	0x20, 0x20, 0x20, 0x20, 0x20, 0x20, 0x20, 0x20, 0x7d, 0x0a, 0x20, 0x20, 0x20, 0x20, 0x20, 0x20, //         }.      
	0x20, 0x20, 0x5f, 0x33, 0x37, 0x36, 0x20, 0x3d, 0x20, 0x5f, 0x33, 0x37, 0x37, 0x3b, 0x0a, 0x20, //   _376 = _377;. 
	0x20, 0x20, 0x20, 0x7d, 0x0a, 0x20, 0x20, 0x20, 0x20, 0x62, 0x67, 0x66, 0x78, 0x5f, 0x46, 0x72, //    }.    bgfx_Fr
	0x61, 0x67, 0x43, 0x6f, 0x6c, 0x6f, 0x72, 0x20, 0x3d, 0x20, 0x5f, 0x33, 0x37, 0x36, 0x3b, 0x0a, // agColor = _376;.
	0x7d, 0x0a, 0x0a, 0x00,                                                                         // }...
};
static const uint8_t fs_nanovg_fill_spv[5192] =
{
	0x46, 0x53, 0x48, 0x0c, 0xcf, 0xda, 0x1b, 0x94, 0x00, 0x00, 0x00, 0x00, 0x00, 0x00, 0x00, 0x00, // FSH.............
	0x00, 0x00, 0x00, 0x00, 0x08, 0x00, 0x0c, 0x75, 0x5f, 0x73, 0x63, 0x69, 0x73, 0x73, 0x6f, 0x72, // .......u_scissor
	0x4d, 0x61, 0x74, 0x13, 0x01, 0x00, 0x00, 0x03, 0x00, 0x00, 0x00, 0x00, 0x00, 0x11, 0x75, 0x5f, // Mat...........u_
	0x73, 0x63, 0x69, 0x73, 0x73, 0x6f, 0x72, 0x45, 0x78, 0x74, 0x53, 0x63, 0x61, 0x6c, 0x65, 0x12, // scissorExtScale.
	0x01, 0x80, 0x00, 0x01, 0x00, 0x00, 0x00, 0x00, 0x00, 0x08, 0x75, 0x5f, 0x70, 0x61, 0x72, 0x61, // ..........u_para
	0x6d, 0x73, 0x12, 0x01, 0xa0, 0x00, 0x01, 0x00, 0x00, 0x00, 0x00, 0x00, 0x0a, 0x75, 0x5f, 0x70, // ms...........u_p
	0x61, 0x69, 0x6e, 0x74, 0x4d, 0x61, 0x74, 0x13, 0x01, 0x30, 0x00, 0x03, 0x00, 0x00, 0x00, 0x00, // aintMat..0......
	0x00, 0x0e, 0x75, 0x5f, 0x65, 0x78, 0x74, 0x65, 0x6e, 0x74, 0x52, 0x61, 0x64, 0x69, 0x75, 0x73, // ..u_extentRadius
	0x12, 0x01, 0x90, 0x00, 0x01, 0x00, 0x00, 0x00, 0x00, 0x00, 0x0a, 0x75, 0x5f, 0x69, 0x6e, 0x6e, // ...........u_inn
	0x65, 0x72, 0x43, 0x6f, 0x6c, 0x12, 0x01, 0x60, 0x00, 0x01, 0x00, 0x00, 0x00, 0x00, 0x00, 0x0a, // erCol..`........
	0x75, 0x5f, 0x6f, 0x75, 0x74, 0x65, 0x72, 0x43, 0x6f, 0x6c, 0x12, 0x01, 0x70, 0x00, 0x01, 0x00, // u_outerCol..p...
	0x00, 0x00, 0x00, 0x00, 0x05, 0x73, 0x5f, 0x74, 0x65, 0x78, 0x30, 0x00, 0x02, 0x00, 0x00, 0x00, // .....s_tex0.....
	0x00, 0x02, 0x29, 0x00, 0x7c, 0x13, 0x00, 0x00, 0x03, 0x02, 0x23, 0x07, 0x00, 0x00, 0x01, 0x00, // ..).|.....#.....
	0x0b, 0x00, 0x08, 0x00, 0xaf, 0x02, 0x00, 0x00, 0x00, 0x00, 0x00, 0x00, 0x11, 0x00, 0x02, 0x00, // ................
	0x01, 0x00, 0x00, 0x00, 0x0b, 0x00, 0x06, 0x00, 0x01, 0x00, 0x00, 0x00, 0x47, 0x4c, 0x53, 0x4c, // ............GLSL
	0x2e, 0x73, 0x74, 0x64, 0x2e, 0x34, 0x35, 0x30, 0x00, 0x00, 0x00, 0x00, 0x0e, 0x00, 0x03, 0x00, // .std.450........
	0x00, 0x00, 0x00, 0x00, 0x01, 0x00, 0x00, 0x00, 0x0f, 0x00, 0x08, 0x00, 0x04, 0x00, 0x00, 0x00, // ................
	0x04, 0x00, 0x00, 0x00, 0x6d, 0x61, 0x69, 0x6e, 0x00, 0x00, 0x00, 0x00, 0x64, 0x01, 0x00, 0x00, // ....main....d...
	0x67, 0x01, 0x00, 0x00, 0x74, 0x01, 0x00, 0x00, 0x10, 0x00, 0x03, 0x00, 0x04, 0x00, 0x00, 0x00, // g...t...........
	0x07, 0x00, 0x00, 0x00, 0x03, 0x00, 0x03, 0x00, 0x05, 0x00, 0x00, 0x00, 0xf4, 0x01, 0x00, 0x00, // ................
	0x05, 0x00, 0x04, 0x00, 0x04, 0x00, 0x00, 0x00, 0x6d, 0x61, 0x69, 0x6e, 0x00, 0x00, 0x00, 0x00, // ........main....
	0x05, 0x00, 0x06, 0x00, 0x36, 0x00, 0x00, 0x00, 0x73, 0x5f, 0x74, 0x65, 0x78, 0x53, 0x61, 0x6d, // ....6...s_texSam
	0x70, 0x6c, 0x65, 0x72, 0x00, 0x00, 0x00, 0x00, 0x05, 0x00, 0x06, 0x00, 0x39, 0x00, 0x00, 0x00, // pler........9...
	0x73, 0x5f, 0x74, 0x65, 0x78, 0x54, 0x65, 0x78, 0x74, 0x75, 0x72, 0x65, 0x00, 0x00, 0x00, 0x00, // s_texTexture....
	0x05, 0x00, 0x06, 0x00, 0x7a, 0x00, 0x00, 0x00, 0x55, 0x6e, 0x69, 0x66, 0x6f, 0x72, 0x6d, 0x42, // ....z...UniformB
	0x6c, 0x6f, 0x63, 0x6b, 0x00, 0x00, 0x00, 0x00, 0x06, 0x00, 0x07, 0x00, 0x7a, 0x00, 0x00, 0x00, // lock........z...
	0x00, 0x00, 0x00, 0x00, 0x75, 0x5f, 0x73, 0x63, 0x69, 0x73, 0x73, 0x6f, 0x72, 0x4d, 0x61, 0x74, // ....u_scissorMat
	0x00, 0x00, 0x00, 0x00, 0x06, 0x00, 0x06, 0x00, 0x7a, 0x00, 0x00, 0x00, 0x01, 0x00, 0x00, 0x00, // ........z.......
	0x75, 0x5f, 0x70, 0x61, 0x69, 0x6e, 0x74, 0x4d, 0x61, 0x74, 0x00, 0x00, 0x06, 0x00, 0x06, 0x00, // u_paintMat......
	0x7a, 0x00, 0x00, 0x00, 0x02, 0x00, 0x00, 0x00, 0x75, 0x5f, 0x69, 0x6e, 0x6e, 0x65, 0x72, 0x43, // z.......u_innerC
	0x6f, 0x6c, 0x00, 0x00, 0x06, 0x00, 0x06, 0x00, 0x7a, 0x00, 0x00, 0x00, 0x03, 0x00, 0x00, 0x00, // ol......z.......
	0x75, 0x5f, 0x6f, 0x75, 0x74, 0x65, 0x72, 0x43, 0x6f, 0x6c, 0x00, 0x00, 0x06, 0x00, 0x08, 0x00, // u_outerCol......
	0x7a, 0x00, 0x00, 0x00, 0x04, 0x00, 0x00, 0x00, 0x75, 0x5f, 0x73, 0x63, 0x69, 0x73, 0x73, 0x6f, // z.......u_scisso
	0x72, 0x45, 0x78, 0x74, 0x53, 0x63, 0x61, 0x6c, 0x65, 0x00, 0x00, 0x00, 0x06, 0x00, 0x07, 0x00, // rExtScale.......
	0x7a, 0x00, 0x00, 0x00, 0x05, 0x00, 0x00, 0x00, 0x75, 0x5f, 0x65, 0x78, 0x74, 0x65, 0x6e, 0x74, // z.......u_extent
	0x52, 0x61, 0x64, 0x69, 0x75, 0x73, 0x00, 0x00, 0x06, 0x00, 0x06, 0x00, 0x7a, 0x00, 0x00, 0x00, // Radius......z...
	0x06, 0x00, 0x00, 0x00, 0x75, 0x5f, 0x70, 0x61, 0x72, 0x61, 0x6d, 0x73, 0x00, 0x00, 0x00, 0x00, // ....u_params....
	0x05, 0x00, 0x03, 0x00, 0x7c, 0x00, 0x00, 0x00, 0x00, 0x00, 0x00, 0x00, 0x05, 0x00, 0x05, 0x00, // ....|...........
	0x64, 0x01, 0x00, 0x00, 0x76, 0x5f, 0x70, 0x6f, 0x73, 0x69, 0x74, 0x69, 0x6f, 0x6e, 0x00, 0x00, // d...v_position..
	0x05, 0x00, 0x05, 0x00, 0x67, 0x01, 0x00, 0x00, 0x76, 0x5f, 0x74, 0x65, 0x78, 0x63, 0x6f, 0x6f, // ....g...v_texcoo
	0x72, 0x64, 0x30, 0x00, 0x05, 0x00, 0x06, 0x00, 0x74, 0x01, 0x00, 0x00, 0x62, 0x67, 0x66, 0x78, // rd0.....t...bgfx
	0x5f, 0x46, 0x72, 0x61, 0x67, 0x44, 0x61, 0x74, 0x61, 0x30, 0x00, 0x00, 0x47, 0x00, 0x04, 0x00, // _FragData0..G...
	0x36, 0x00, 0x00, 0x00, 0x21, 0x00, 0x00, 0x00, 0x12, 0x00, 0x00, 0x00, 0x47, 0x00, 0x04, 0x00, // 6...!.......G...
	0x36, 0x00, 0x00, 0x00, 0x22, 0x00, 0x00, 0x00, 0x00, 0x00, 0x00, 0x00, 0x47, 0x00, 0x04, 0x00, // 6...".......G...
	0x39, 0x00, 0x00, 0x00, 0x21, 0x00, 0x00, 0x00, 0x02, 0x00, 0x00, 0x00, 0x47, 0x00, 0x04, 0x00, // 9...!.......G...
	0x39, 0x00, 0x00, 0x00, 0x22, 0x00, 0x00, 0x00, 0x00, 0x00, 0x00, 0x00, 0x47, 0x00, 0x03, 0x00, // 9...".......G...
	0x7a, 0x00, 0x00, 0x00, 0x02, 0x00, 0x00, 0x00, 0x48, 0x00, 0x04, 0x00, 0x7a, 0x00, 0x00, 0x00, // z.......H...z...
	0x00, 0x00, 0x00, 0x00, 0x04, 0x00, 0x00, 0x00, 0x48, 0x00, 0x05, 0x00, 0x7a, 0x00, 0x00, 0x00, // ........H...z...
	0x00, 0x00, 0x00, 0x00, 0x07, 0x00, 0x00, 0x00, 0x10, 0x00, 0x00, 0x00, 0x48, 0x00, 0x05, 0x00, // ............H...
	0x7a, 0x00, 0x00, 0x00, 0x00, 0x00, 0x00, 0x00, 0x23, 0x00, 0x00, 0x00, 0x00, 0x00, 0x00, 0x00, // z.......#.......
	0x48, 0x00, 0x04, 0x00, 0x7a, 0x00, 0x00, 0x00, 0x01, 0x00, 0x00, 0x00, 0x04, 0x00, 0x00, 0x00, // H...z...........
	0x48, 0x00, 0x05, 0x00, 0x7a, 0x00, 0x00, 0x00, 0x01, 0x00, 0x00, 0x00, 0x07, 0x00, 0x00, 0x00, // H...z...........
	0x10, 0x00, 0x00, 0x00, 0x48, 0x00, 0x05, 0x00, 0x7a, 0x00, 0x00, 0x00, 0x01, 0x00, 0x00, 0x00, // ....H...z.......
	0x23, 0x00, 0x00, 0x00, 0x30, 0x00, 0x00, 0x00, 0x48, 0x00, 0x05, 0x00, 0x7a, 0x00, 0x00, 0x00, // #...0...H...z...
	0x02, 0x00, 0x00, 0x00, 0x23, 0x00, 0x00, 0x00, 0x60, 0x00, 0x00, 0x00, 0x48, 0x00, 0x05, 0x00, // ....#...`...H...
	0x7a, 0x00, 0x00, 0x00, 0x03, 0x00, 0x00, 0x00, 0x23, 0x00, 0x00, 0x00, 0x70, 0x00, 0x00, 0x00, // z.......#...p...
	0x48, 0x00, 0x05, 0x00, 0x7a, 0x00, 0x00, 0x00, 0x04, 0x00, 0x00, 0x00, 0x23, 0x00, 0x00, 0x00, // H...z.......#...
	0x80, 0x00, 0x00, 0x00, 0x48, 0x00, 0x05, 0x00, 0x7a, 0x00, 0x00, 0x00, 0x05, 0x00, 0x00, 0x00, // ....H...z.......
	0x23, 0x00, 0x00, 0x00, 0x90, 0x00, 0x00, 0x00, 0x48, 0x00, 0x05, 0x00, 0x7a, 0x00, 0x00, 0x00, // #.......H...z...
	0x06, 0x00, 0x00, 0x00, 0x23, 0x00, 0x00, 0x00, 0xa0, 0x00, 0x00, 0x00, 0x47, 0x00, 0x04, 0x00, // ....#.......G...
	0x7c, 0x00, 0x00, 0x00, 0x21, 0x00, 0x00, 0x00, 0x01, 0x00, 0x00, 0x00, 0x47, 0x00, 0x04, 0x00, // |...!.......G...
	0x7c, 0x00, 0x00, 0x00, 0x22, 0x00, 0x00, 0x00, 0x00, 0x00, 0x00, 0x00, 0x47, 0x00, 0x04, 0x00, // |...".......G...
	0x64, 0x01, 0x00, 0x00, 0x1e, 0x00, 0x00, 0x00, 0x00, 0x00, 0x00, 0x00, 0x47, 0x00, 0x04, 0x00, // d...........G...
	0x67, 0x01, 0x00, 0x00, 0x1e, 0x00, 0x00, 0x00, 0x01, 0x00, 0x00, 0x00, 0x47, 0x00, 0x04, 0x00, // g...........G...
	0x74, 0x01, 0x00, 0x00, 0x1e, 0x00, 0x00, 0x00, 0x00, 0x00, 0x00, 0x00, 0x13, 0x00, 0x02, 0x00, // t...............
	0x02, 0x00, 0x00, 0x00, 0x21, 0x00, 0x03, 0x00, 0x03, 0x00, 0x00, 0x00, 0x02, 0x00, 0x00, 0x00, // ....!...........
	0x1a, 0x00, 0x02, 0x00, 0x06, 0x00, 0x00, 0x00, 0x16, 0x00, 0x03, 0x00, 0x07, 0x00, 0x00, 0x00, // ................
	0x20, 0x00, 0x00, 0x00, 0x19, 0x00, 0x09, 0x00, 0x08, 0x00, 0x00, 0x00, 0x07, 0x00, 0x00, 0x00, //  ...............
	0x01, 0x00, 0x00, 0x00, 0x00, 0x00, 0x00, 0x00, 0x00, 0x00, 0x00, 0x00, 0x00, 0x00, 0x00, 0x00, // ................
	0x01, 0x00, 0x00, 0x00, 0x00, 0x00, 0x00, 0x00, 0x17, 0x00, 0x04, 0x00, 0x0b, 0x00, 0x00, 0x00, // ................
	0x07, 0x00, 0x00, 0x00, 0x02, 0x00, 0x00, 0x00, 0x17, 0x00, 0x04, 0x00, 0x0d, 0x00, 0x00, 0x00, // ................
	0x07, 0x00, 0x00, 0x00, 0x04, 0x00, 0x00, 0x00, 0x20, 0x00, 0x04, 0x00, 0x35, 0x00, 0x00, 0x00, // ........ ...5...
	0x00, 0x00, 0x00, 0x00, 0x06, 0x00, 0x00, 0x00, 0x3b, 0x00, 0x04, 0x00, 0x35, 0x00, 0x00, 0x00, // ........;...5...
	0x36, 0x00, 0x00, 0x00, 0x00, 0x00, 0x00, 0x00, 0x20, 0x00, 0x04, 0x00, 0x38, 0x00, 0x00, 0x00, // 6....... ...8...
	0x00, 0x00, 0x00, 0x00, 0x08, 0x00, 0x00, 0x00, 0x3b, 0x00, 0x04, 0x00, 0x38, 0x00, 0x00, 0x00, // ........;...8...
	0x39, 0x00, 0x00, 0x00, 0x00, 0x00, 0x00, 0x00, 0x15, 0x00, 0x04, 0x00, 0x3c, 0x00, 0x00, 0x00, // 9...........<...
	0x20, 0x00, 0x00, 0x00, 0x01, 0x00, 0x00, 0x00, 0x2b, 0x00, 0x04, 0x00, 0x3c, 0x00, 0x00, 0x00, //  .......+...<...
	0x3d, 0x00, 0x00, 0x00, 0x01, 0x00, 0x00, 0x00, 0x2b, 0x00, 0x04, 0x00, 0x3c, 0x00, 0x00, 0x00, // =.......+...<...
	0x41, 0x00, 0x00, 0x00, 0x00, 0x00, 0x00, 0x00, 0x1b, 0x00, 0x03, 0x00, 0x45, 0x00, 0x00, 0x00, // A...........E...
	0x08, 0x00, 0x00, 0x00, 0x15, 0x00, 0x04, 0x00, 0x5f, 0x00, 0x00, 0x00, 0x20, 0x00, 0x00, 0x00, // ........_... ...
	0x00, 0x00, 0x00, 0x00, 0x2b, 0x00, 0x04, 0x00, 0x5f, 0x00, 0x00, 0x00, 0x60, 0x00, 0x00, 0x00, // ....+..._...`...
	0x00, 0x00, 0x00, 0x00, 0x2b, 0x00, 0x04, 0x00, 0x5f, 0x00, 0x00, 0x00, 0x63, 0x00, 0x00, 0x00, // ....+..._...c...
	0x01, 0x00, 0x00, 0x00, 0x2b, 0x00, 0x04, 0x00, 0x07, 0x00, 0x00, 0x00, 0x67, 0x00, 0x00, 0x00, // ....+.......g...
	0x00, 0x00, 0x00, 0x00, 0x2c, 0x00, 0x05, 0x00, 0x0b, 0x00, 0x00, 0x00, 0x6a, 0x00, 0x00, 0x00, // ....,.......j...
	0x67, 0x00, 0x00, 0x00, 0x67, 0x00, 0x00, 0x00, 0x2b, 0x00, 0x04, 0x00, 0x07, 0x00, 0x00, 0x00, // g...g...+.......
	0x74, 0x00, 0x00, 0x00, 0x00, 0x00, 0x80, 0x3f, 0x17, 0x00, 0x04, 0x00, 0x75, 0x00, 0x00, 0x00, // t......?....u...
	0x07, 0x00, 0x00, 0x00, 0x03, 0x00, 0x00, 0x00, 0x18, 0x00, 0x04, 0x00, 0x79, 0x00, 0x00, 0x00, // ............y...
	0x75, 0x00, 0x00, 0x00, 0x03, 0x00, 0x00, 0x00, 0x1e, 0x00, 0x09, 0x00, 0x7a, 0x00, 0x00, 0x00, // u...........z...
	0x79, 0x00, 0x00, 0x00, 0x79, 0x00, 0x00, 0x00, 0x0d, 0x00, 0x00, 0x00, 0x0d, 0x00, 0x00, 0x00, // y...y...........
	0x0d, 0x00, 0x00, 0x00, 0x0d, 0x00, 0x00, 0x00, 0x0d, 0x00, 0x00, 0x00, 0x20, 0x00, 0x04, 0x00, // ............ ...
	0x7b, 0x00, 0x00, 0x00, 0x02, 0x00, 0x00, 0x00, 0x7a, 0x00, 0x00, 0x00, 0x3b, 0x00, 0x04, 0x00, // {.......z...;...
	0x7b, 0x00, 0x00, 0x00, 0x7c, 0x00, 0x00, 0x00, 0x02, 0x00, 0x00, 0x00, 0x20, 0x00, 0x04, 0x00, // {...|....... ...
	0x7d, 0x00, 0x00, 0x00, 0x02, 0x00, 0x00, 0x00, 0x79, 0x00, 0x00, 0x00, 0x2b, 0x00, 0x04, 0x00, // }.......y...+...
	0x3c, 0x00, 0x00, 0x00, 0x83, 0x00, 0x00, 0x00, 0x04, 0x00, 0x00, 0x00, 0x20, 0x00, 0x04, 0x00, // <........... ...
	0x84, 0x00, 0x00, 0x00, 0x02, 0x00, 0x00, 0x00, 0x0d, 0x00, 0x00, 0x00, 0x2b, 0x00, 0x04, 0x00, // ............+...
	0x07, 0x00, 0x00, 0x00, 0x89, 0x00, 0x00, 0x00, 0x00, 0x00, 0x00, 0x3f, 0x2c, 0x00, 0x05, 0x00, // ...........?,...
	0x0b, 0x00, 0x00, 0x00, 0x8a, 0x00, 0x00, 0x00, 0x89, 0x00, 0x00, 0x00, 0x89, 0x00, 0x00, 0x00, // ................
	0x2b, 0x00, 0x04, 0x00, 0x07, 0x00, 0x00, 0x00, 0x9c, 0x00, 0x00, 0x00, 0x00, 0x00, 0x00, 0x40, // +..............@
	0x2b, 0x00, 0x04, 0x00, 0x3c, 0x00, 0x00, 0x00, 0xa1, 0x00, 0x00, 0x00, 0x06, 0x00, 0x00, 0x00, // +...<...........
	0x20, 0x00, 0x04, 0x00, 0xa2, 0x00, 0x00, 0x00, 0x02, 0x00, 0x00, 0x00, 0x07, 0x00, 0x00, 0x00, //  ...............
	0x2b, 0x00, 0x04, 0x00, 0x5f, 0x00, 0x00, 0x00, 0xb8, 0x00, 0x00, 0x00, 0x03, 0x00, 0x00, 0x00, // +..._...........
	0x14, 0x00, 0x02, 0x00, 0xbb, 0x00, 0x00, 0x00, 0x2b, 0x00, 0x04, 0x00, 0x3c, 0x00, 0x00, 0x00, // ........+...<...
	0xc9, 0x00, 0x00, 0x00, 0x05, 0x00, 0x00, 0x00, 0x2b, 0x00, 0x04, 0x00, 0x5f, 0x00, 0x00, 0x00, // ........+..._...
	0xd1, 0x00, 0x00, 0x00, 0x02, 0x00, 0x00, 0x00, 0x2b, 0x00, 0x04, 0x00, 0x3c, 0x00, 0x00, 0x00, // ........+...<...
	0xde, 0x00, 0x00, 0x00, 0x02, 0x00, 0x00, 0x00, 0x2b, 0x00, 0x04, 0x00, 0x3c, 0x00, 0x00, 0x00, // ........+...<...
	0xdf, 0x00, 0x00, 0x00, 0x03, 0x00, 0x00, 0x00, 0x2c, 0x00, 0x07, 0x00, 0x0d, 0x00, 0x00, 0x00, // ........,.......
	0x31, 0x01, 0x00, 0x00, 0x74, 0x00, 0x00, 0x00, 0x74, 0x00, 0x00, 0x00, 0x74, 0x00, 0x00, 0x00, // 1...t...t...t...
	0x74, 0x00, 0x00, 0x00, 0x2b, 0x00, 0x04, 0x00, 0x07, 0x00, 0x00, 0x00, 0x35, 0x01, 0x00, 0x00, // t...+.......5...
	0x00, 0x00, 0x40, 0x40, 0x20, 0x00, 0x04, 0x00, 0x63, 0x01, 0x00, 0x00, 0x01, 0x00, 0x00, 0x00, // ..@@ ...c.......
	0x0b, 0x00, 0x00, 0x00, 0x3b, 0x00, 0x04, 0x00, 0x63, 0x01, 0x00, 0x00, 0x64, 0x01, 0x00, 0x00, // ....;...c...d...
	0x01, 0x00, 0x00, 0x00, 0x3b, 0x00, 0x04, 0x00, 0x63, 0x01, 0x00, 0x00, 0x67, 0x01, 0x00, 0x00, // ....;...c...g...
	0x01, 0x00, 0x00, 0x00, 0x20, 0x00, 0x04, 0x00, 0x73, 0x01, 0x00, 0x00, 0x03, 0x00, 0x00, 0x00, // .... ...s.......
	0x0d, 0x00, 0x00, 0x00, 0x3b, 0x00, 0x04, 0x00, 0x73, 0x01, 0x00, 0x00, 0x74, 0x01, 0x00, 0x00, // ....;...s...t...
	0x03, 0x00, 0x00, 0x00, 0x01, 0x00, 0x03, 0x00, 0x0d, 0x00, 0x00, 0x00, 0xae, 0x02, 0x00, 0x00, // ................
	0x36, 0x00, 0x05, 0x00, 0x02, 0x00, 0x00, 0x00, 0x04, 0x00, 0x00, 0x00, 0x00, 0x00, 0x00, 0x00, // 6...............
	0x03, 0x00, 0x00, 0x00, 0xf8, 0x00, 0x02, 0x00, 0x05, 0x00, 0x00, 0x00, 0x3d, 0x00, 0x04, 0x00, // ............=...
	0x06, 0x00, 0x00, 0x00, 0x37, 0x00, 0x00, 0x00, 0x36, 0x00, 0x00, 0x00, 0x3d, 0x00, 0x04, 0x00, // ....7...6...=...
	0x08, 0x00, 0x00, 0x00, 0x3a, 0x00, 0x00, 0x00, 0x39, 0x00, 0x00, 0x00, 0x3d, 0x00, 0x04, 0x00, // ....:...9...=...
	0x0b, 0x00, 0x00, 0x00, 0x65, 0x01, 0x00, 0x00, 0x64, 0x01, 0x00, 0x00, 0x3d, 0x00, 0x04, 0x00, // ....e...d...=...
	0x0b, 0x00, 0x00, 0x00, 0x68, 0x01, 0x00, 0x00, 0x67, 0x01, 0x00, 0x00, 0x51, 0x00, 0x05, 0x00, // ....h...g...Q...
	0x07, 0x00, 0x00, 0x00, 0x3a, 0x02, 0x00, 0x00, 0x65, 0x01, 0x00, 0x00, 0x00, 0x00, 0x00, 0x00, // ....:...e.......
	0x51, 0x00, 0x05, 0x00, 0x07, 0x00, 0x00, 0x00, 0x3b, 0x02, 0x00, 0x00, 0x65, 0x01, 0x00, 0x00, // Q.......;...e...
	0x01, 0x00, 0x00, 0x00, 0x50, 0x00, 0x06, 0x00, 0x75, 0x00, 0x00, 0x00, 0x3c, 0x02, 0x00, 0x00, // ....P...u...<...
	0x3a, 0x02, 0x00, 0x00, 0x3b, 0x02, 0x00, 0x00, 0x74, 0x00, 0x00, 0x00, 0x41, 0x00, 0x05, 0x00, // :...;...t...A...
	0x7d, 0x00, 0x00, 0x00, 0x3d, 0x02, 0x00, 0x00, 0x7c, 0x00, 0x00, 0x00, 0x41, 0x00, 0x00, 0x00, // }...=...|...A...
	0x3d, 0x00, 0x04, 0x00, 0x79, 0x00, 0x00, 0x00, 0x3e, 0x02, 0x00, 0x00, 0x3d, 0x02, 0x00, 0x00, // =...y...>...=...
	0x90, 0x00, 0x05, 0x00, 0x75, 0x00, 0x00, 0x00, 0x3f, 0x02, 0x00, 0x00, 0x3c, 0x02, 0x00, 0x00, // ....u...?...<...
	0x3e, 0x02, 0x00, 0x00, 0x4f, 0x00, 0x07, 0x00, 0x0b, 0x00, 0x00, 0x00, 0x40, 0x02, 0x00, 0x00, // >...O.......@...
	0x3f, 0x02, 0x00, 0x00, 0x3f, 0x02, 0x00, 0x00, 0x00, 0x00, 0x00, 0x00, 0x01, 0x00, 0x00, 0x00, // ?...?...........
	0x0c, 0x00, 0x06, 0x00, 0x0b, 0x00, 0x00, 0x00, 0x41, 0x02, 0x00, 0x00, 0x01, 0x00, 0x00, 0x00, // ........A.......
	0x04, 0x00, 0x00, 0x00, 0x40, 0x02, 0x00, 0x00, 0x41, 0x00, 0x05, 0x00, 0x84, 0x00, 0x00, 0x00, // ....@...A.......
	0x42, 0x02, 0x00, 0x00, 0x7c, 0x00, 0x00, 0x00, 0x83, 0x00, 0x00, 0x00, 0x3d, 0x00, 0x04, 0x00, // B...|.......=...
	0x0d, 0x00, 0x00, 0x00, 0x43, 0x02, 0x00, 0x00, 0x42, 0x02, 0x00, 0x00, 0x4f, 0x00, 0x07, 0x00, // ....C...B...O...
	0x0b, 0x00, 0x00, 0x00, 0x44, 0x02, 0x00, 0x00, 0x43, 0x02, 0x00, 0x00, 0x43, 0x02, 0x00, 0x00, // ....D...C...C...
	0x00, 0x00, 0x00, 0x00, 0x01, 0x00, 0x00, 0x00, 0x83, 0x00, 0x05, 0x00, 0x0b, 0x00, 0x00, 0x00, // ................
	0x45, 0x02, 0x00, 0x00, 0x41, 0x02, 0x00, 0x00, 0x44, 0x02, 0x00, 0x00, 0x4f, 0x00, 0x07, 0x00, // E...A...D...O...
	0x0b, 0x00, 0x00, 0x00, 0x49, 0x02, 0x00, 0x00, 0x43, 0x02, 0x00, 0x00, 0x43, 0x02, 0x00, 0x00, // ....I...C...C...
	0x02, 0x00, 0x00, 0x00, 0x03, 0x00, 0x00, 0x00, 0x85, 0x00, 0x05, 0x00, 0x0b, 0x00, 0x00, 0x00, // ................
	0x4a, 0x02, 0x00, 0x00, 0x45, 0x02, 0x00, 0x00, 0x49, 0x02, 0x00, 0x00, 0x83, 0x00, 0x05, 0x00, // J...E...I.......
	0x0b, 0x00, 0x00, 0x00, 0x4b, 0x02, 0x00, 0x00, 0x8a, 0x00, 0x00, 0x00, 0x4a, 0x02, 0x00, 0x00, // ....K.......J...
	0x51, 0x00, 0x05, 0x00, 0x07, 0x00, 0x00, 0x00, 0x4d, 0x02, 0x00, 0x00, 0x4b, 0x02, 0x00, 0x00, // Q.......M...K...
	0x00, 0x00, 0x00, 0x00, 0x0c, 0x00, 0x08, 0x00, 0x07, 0x00, 0x00, 0x00, 0x4e, 0x02, 0x00, 0x00, // ............N...
	0x01, 0x00, 0x00, 0x00, 0x2b, 0x00, 0x00, 0x00, 0x4d, 0x02, 0x00, 0x00, 0x67, 0x00, 0x00, 0x00, // ....+...M...g...
	0x74, 0x00, 0x00, 0x00, 0x51, 0x00, 0x05, 0x00, 0x07, 0x00, 0x00, 0x00, 0x50, 0x02, 0x00, 0x00, // t...Q.......P...
	0x4b, 0x02, 0x00, 0x00, 0x01, 0x00, 0x00, 0x00, 0x0c, 0x00, 0x08, 0x00, 0x07, 0x00, 0x00, 0x00, // K...............
	0x51, 0x02, 0x00, 0x00, 0x01, 0x00, 0x00, 0x00, 0x2b, 0x00, 0x00, 0x00, 0x50, 0x02, 0x00, 0x00, // Q.......+...P...
	0x67, 0x00, 0x00, 0x00, 0x74, 0x00, 0x00, 0x00, 0x85, 0x00, 0x05, 0x00, 0x07, 0x00, 0x00, 0x00, // g...t...........
	0x52, 0x02, 0x00, 0x00, 0x4e, 0x02, 0x00, 0x00, 0x51, 0x02, 0x00, 0x00, 0x51, 0x00, 0x05, 0x00, // R...N...Q...Q...
	0x07, 0x00, 0x00, 0x00, 0x56, 0x02, 0x00, 0x00, 0x68, 0x01, 0x00, 0x00, 0x00, 0x00, 0x00, 0x00, // ....V...h.......
	0x85, 0x00, 0x05, 0x00, 0x07, 0x00, 0x00, 0x00, 0x57, 0x02, 0x00, 0x00, 0x56, 0x02, 0x00, 0x00, // ........W...V...
	0x9c, 0x00, 0x00, 0x00, 0x83, 0x00, 0x05, 0x00, 0x07, 0x00, 0x00, 0x00, 0x58, 0x02, 0x00, 0x00, // ............X...
	0x57, 0x02, 0x00, 0x00, 0x74, 0x00, 0x00, 0x00, 0x0c, 0x00, 0x06, 0x00, 0x07, 0x00, 0x00, 0x00, // W...t...........
	0x59, 0x02, 0x00, 0x00, 0x01, 0x00, 0x00, 0x00, 0x04, 0x00, 0x00, 0x00, 0x58, 0x02, 0x00, 0x00, // Y...........X...
	0x83, 0x00, 0x05, 0x00, 0x07, 0x00, 0x00, 0x00, 0x5a, 0x02, 0x00, 0x00, 0x74, 0x00, 0x00, 0x00, // ........Z...t...
	0x59, 0x02, 0x00, 0x00, 0x41, 0x00, 0x06, 0x00, 0xa2, 0x00, 0x00, 0x00, 0x5b, 0x02, 0x00, 0x00, // Y...A.......[...
	0x7c, 0x00, 0x00, 0x00, 0xa1, 0x00, 0x00, 0x00, 0x63, 0x00, 0x00, 0x00, 0x3d, 0x00, 0x04, 0x00, // |.......c...=...
	0x07, 0x00, 0x00, 0x00, 0x5c, 0x02, 0x00, 0x00, 0x5b, 0x02, 0x00, 0x00, 0x85, 0x00, 0x05, 0x00, // ........[.......
	0x07, 0x00, 0x00, 0x00, 0x5d, 0x02, 0x00, 0x00, 0x5a, 0x02, 0x00, 0x00, 0x5c, 0x02, 0x00, 0x00, // ....]...Z.......
	0x0c, 0x00, 0x07, 0x00, 0x07, 0x00, 0x00, 0x00, 0x5e, 0x02, 0x00, 0x00, 0x01, 0x00, 0x00, 0x00, // ........^.......
	0x25, 0x00, 0x00, 0x00, 0x74, 0x00, 0x00, 0x00, 0x5d, 0x02, 0x00, 0x00, 0x51, 0x00, 0x05, 0x00, // %...t...]...Q...
	0x07, 0x00, 0x00, 0x00, 0x60, 0x02, 0x00, 0x00, 0x68, 0x01, 0x00, 0x00, 0x01, 0x00, 0x00, 0x00, // ....`...h.......
	0x0c, 0x00, 0x07, 0x00, 0x07, 0x00, 0x00, 0x00, 0x61, 0x02, 0x00, 0x00, 0x01, 0x00, 0x00, 0x00, // ........a.......
	0x25, 0x00, 0x00, 0x00, 0x74, 0x00, 0x00, 0x00, 0x60, 0x02, 0x00, 0x00, 0x85, 0x00, 0x05, 0x00, // %...t...`.......
	0x07, 0x00, 0x00, 0x00, 0x62, 0x02, 0x00, 0x00, 0x5e, 0x02, 0x00, 0x00, 0x61, 0x02, 0x00, 0x00, // ....b...^...a...
	0x41, 0x00, 0x06, 0x00, 0xa2, 0x00, 0x00, 0x00, 0xa5, 0x01, 0x00, 0x00, 0x7c, 0x00, 0x00, 0x00, // A...........|...
	0xa1, 0x00, 0x00, 0x00, 0xb8, 0x00, 0x00, 0x00, 0x3d, 0x00, 0x04, 0x00, 0x07, 0x00, 0x00, 0x00, // ........=.......
	0xa6, 0x01, 0x00, 0x00, 0xa5, 0x01, 0x00, 0x00, 0xb4, 0x00, 0x05, 0x00, 0xbb, 0x00, 0x00, 0x00, // ................
	0xa7, 0x01, 0x00, 0x00, 0xa6, 0x01, 0x00, 0x00, 0x67, 0x00, 0x00, 0x00, 0xf7, 0x00, 0x03, 0x00, // ........g.......
	0x30, 0x02, 0x00, 0x00, 0x00, 0x00, 0x00, 0x00, 0xfa, 0x00, 0x04, 0x00, 0xa7, 0x01, 0x00, 0x00, // 0...............
	0xa8, 0x01, 0x00, 0x00, 0xcd, 0x01, 0x00, 0x00, 0xf8, 0x00, 0x02, 0x00, 0xa8, 0x01, 0x00, 0x00, // ................
	0x41, 0x00, 0x05, 0x00, 0x7d, 0x00, 0x00, 0x00, 0xad, 0x01, 0x00, 0x00, 0x7c, 0x00, 0x00, 0x00, // A...}.......|...
	0x3d, 0x00, 0x00, 0x00, 0x3d, 0x00, 0x04, 0x00, 0x79, 0x00, 0x00, 0x00, 0xae, 0x01, 0x00, 0x00, // =...=...y.......
	0xad, 0x01, 0x00, 0x00, 0x90, 0x00, 0x05, 0x00, 0x75, 0x00, 0x00, 0x00, 0xaf, 0x01, 0x00, 0x00, // ........u.......
	0x3c, 0x02, 0x00, 0x00, 0xae, 0x01, 0x00, 0x00, 0x4f, 0x00, 0x07, 0x00, 0x0b, 0x00, 0x00, 0x00, // <.......O.......
	0xb0, 0x01, 0x00, 0x00, 0xaf, 0x01, 0x00, 0x00, 0xaf, 0x01, 0x00, 0x00, 0x00, 0x00, 0x00, 0x00, // ................
	0x01, 0x00, 0x00, 0x00, 0x41, 0x00, 0x05, 0x00, 0x84, 0x00, 0x00, 0x00, 0xb2, 0x01, 0x00, 0x00, // ....A...........
	0x7c, 0x00, 0x00, 0x00, 0xc9, 0x00, 0x00, 0x00, 0x3d, 0x00, 0x04, 0x00, 0x0d, 0x00, 0x00, 0x00, // |.......=.......
	0xb3, 0x01, 0x00, 0x00, 0xb2, 0x01, 0x00, 0x00, 0x4f, 0x00, 0x07, 0x00, 0x0b, 0x00, 0x00, 0x00, // ........O.......
	0xb4, 0x01, 0x00, 0x00, 0xb3, 0x01, 0x00, 0x00, 0xb3, 0x01, 0x00, 0x00, 0x00, 0x00, 0x00, 0x00, // ................
	0x01, 0x00, 0x00, 0x00, 0x41, 0x00, 0x06, 0x00, 0xa2, 0x00, 0x00, 0x00, 0xb5, 0x01, 0x00, 0x00, // ....A...........
	0x7c, 0x00, 0x00, 0x00, 0xc9, 0x00, 0x00, 0x00, 0xd1, 0x00, 0x00, 0x00, 0x3d, 0x00, 0x04, 0x00, // |...........=...
	0x07, 0x00, 0x00, 0x00, 0xb6, 0x01, 0x00, 0x00, 0xb5, 0x01, 0x00, 0x00, 0x50, 0x00, 0x05, 0x00, // ............P...
	0x0b, 0x00, 0x00, 0x00, 0x69, 0x02, 0x00, 0x00, 0xb6, 0x01, 0x00, 0x00, 0xb6, 0x01, 0x00, 0x00, // ....i...........
	0x83, 0x00, 0x05, 0x00, 0x0b, 0x00, 0x00, 0x00, 0x6a, 0x02, 0x00, 0x00, 0xb4, 0x01, 0x00, 0x00, // ........j.......
	0x69, 0x02, 0x00, 0x00, 0x0c, 0x00, 0x06, 0x00, 0x0b, 0x00, 0x00, 0x00, 0x6c, 0x02, 0x00, 0x00, // i...........l...
	0x01, 0x00, 0x00, 0x00, 0x04, 0x00, 0x00, 0x00, 0xb0, 0x01, 0x00, 0x00, 0x83, 0x00, 0x05, 0x00, // ................
	0x0b, 0x00, 0x00, 0x00, 0x6e, 0x02, 0x00, 0x00, 0x6c, 0x02, 0x00, 0x00, 0x6a, 0x02, 0x00, 0x00, // ....n...l...j...
	0x51, 0x00, 0x05, 0x00, 0x07, 0x00, 0x00, 0x00, 0x70, 0x02, 0x00, 0x00, 0x6e, 0x02, 0x00, 0x00, // Q.......p...n...
	0x00, 0x00, 0x00, 0x00, 0x51, 0x00, 0x05, 0x00, 0x07, 0x00, 0x00, 0x00, 0x72, 0x02, 0x00, 0x00, // ....Q.......r...
	0x6e, 0x02, 0x00, 0x00, 0x01, 0x00, 0x00, 0x00, 0x0c, 0x00, 0x07, 0x00, 0x07, 0x00, 0x00, 0x00, // n...............
	0x73, 0x02, 0x00, 0x00, 0x01, 0x00, 0x00, 0x00, 0x28, 0x00, 0x00, 0x00, 0x70, 0x02, 0x00, 0x00, // s.......(...p...
	0x72, 0x02, 0x00, 0x00, 0x0c, 0x00, 0x07, 0x00, 0x07, 0x00, 0x00, 0x00, 0x74, 0x02, 0x00, 0x00, // r...........t...
	0x01, 0x00, 0x00, 0x00, 0x25, 0x00, 0x00, 0x00, 0x73, 0x02, 0x00, 0x00, 0x67, 0x00, 0x00, 0x00, // ....%...s...g...
	0x0c, 0x00, 0x07, 0x00, 0x0b, 0x00, 0x00, 0x00, 0x76, 0x02, 0x00, 0x00, 0x01, 0x00, 0x00, 0x00, // ........v.......
	0x28, 0x00, 0x00, 0x00, 0x6e, 0x02, 0x00, 0x00, 0x6a, 0x00, 0x00, 0x00, 0x0c, 0x00, 0x06, 0x00, // (...n...j.......
	0x07, 0x00, 0x00, 0x00, 0x77, 0x02, 0x00, 0x00, 0x01, 0x00, 0x00, 0x00, 0x42, 0x00, 0x00, 0x00, // ....w.......B...
	0x76, 0x02, 0x00, 0x00, 0x81, 0x00, 0x05, 0x00, 0x07, 0x00, 0x00, 0x00, 0x78, 0x02, 0x00, 0x00, // v...........x...
	0x74, 0x02, 0x00, 0x00, 0x77, 0x02, 0x00, 0x00, 0x83, 0x00, 0x05, 0x00, 0x07, 0x00, 0x00, 0x00, // t...w...........
	0x7a, 0x02, 0x00, 0x00, 0x78, 0x02, 0x00, 0x00, 0xb6, 0x01, 0x00, 0x00, 0x41, 0x00, 0x06, 0x00, // z...x.......A...
	0xa2, 0x00, 0x00, 0x00, 0xb8, 0x01, 0x00, 0x00, 0x7c, 0x00, 0x00, 0x00, 0xa1, 0x00, 0x00, 0x00, // ........|.......
	0x60, 0x00, 0x00, 0x00, 0x3d, 0x00, 0x04, 0x00, 0x07, 0x00, 0x00, 0x00, 0xb9, 0x01, 0x00, 0x00, // `...=...........
	0xb8, 0x01, 0x00, 0x00, 0x85, 0x00, 0x05, 0x00, 0x07, 0x00, 0x00, 0x00, 0xba, 0x01, 0x00, 0x00, // ................
	0xb9, 0x01, 0x00, 0x00, 0x89, 0x00, 0x00, 0x00, 0x81, 0x00, 0x05, 0x00, 0x07, 0x00, 0x00, 0x00, // ................
	0xbb, 0x01, 0x00, 0x00, 0x7a, 0x02, 0x00, 0x00, 0xba, 0x01, 0x00, 0x00, 0x88, 0x00, 0x05, 0x00, // ....z...........
	0x07, 0x00, 0x00, 0x00, 0xbe, 0x01, 0x00, 0x00, 0xbb, 0x01, 0x00, 0x00, 0xb9, 0x01, 0x00, 0x00, // ................
	0x0c, 0x00, 0x08, 0x00, 0x07, 0x00, 0x00, 0x00, 0xbf, 0x01, 0x00, 0x00, 0x01, 0x00, 0x00, 0x00, // ................
	0x2b, 0x00, 0x00, 0x00, 0xbe, 0x01, 0x00, 0x00, 0x67, 0x00, 0x00, 0x00, 0x74, 0x00, 0x00, 0x00, // +.......g...t...
	0x50, 0x00, 0x07, 0x00, 0x0d, 0x00, 0x00, 0x00, 0xc1, 0x01, 0x00, 0x00, 0xbf, 0x01, 0x00, 0x00, // P...............
	0xbf, 0x01, 0x00, 0x00, 0xbf, 0x01, 0x00, 0x00, 0xbf, 0x01, 0x00, 0x00, 0x41, 0x00, 0x05, 0x00, // ............A...
	0x84, 0x00, 0x00, 0x00, 0xc2, 0x01, 0x00, 0x00, 0x7c, 0x00, 0x00, 0x00, 0xde, 0x00, 0x00, 0x00, // ........|.......
	0x3d, 0x00, 0x04, 0x00, 0x0d, 0x00, 0x00, 0x00, 0xc3, 0x01, 0x00, 0x00, 0xc2, 0x01, 0x00, 0x00, // =...............
	0x41, 0x00, 0x05, 0x00, 0x84, 0x00, 0x00, 0x00, 0xc4, 0x01, 0x00, 0x00, 0x7c, 0x00, 0x00, 0x00, // A...........|...
	0xdf, 0x00, 0x00, 0x00, 0x3d, 0x00, 0x04, 0x00, 0x0d, 0x00, 0x00, 0x00, 0xc5, 0x01, 0x00, 0x00, // ....=...........
	0xc4, 0x01, 0x00, 0x00, 0x0c, 0x00, 0x08, 0x00, 0x0d, 0x00, 0x00, 0x00, 0x80, 0x02, 0x00, 0x00, // ................
	0x01, 0x00, 0x00, 0x00, 0x2e, 0x00, 0x00, 0x00, 0xc3, 0x01, 0x00, 0x00, 0xc5, 0x01, 0x00, 0x00, // ................
	0xc1, 0x01, 0x00, 0x00, 0x85, 0x00, 0x05, 0x00, 0x07, 0x00, 0x00, 0x00, 0xc9, 0x01, 0x00, 0x00, // ................
	0x62, 0x02, 0x00, 0x00, 0x52, 0x02, 0x00, 0x00, 0x8e, 0x00, 0x05, 0x00, 0x0d, 0x00, 0x00, 0x00, // b...R...........
	0xcb, 0x01, 0x00, 0x00, 0x80, 0x02, 0x00, 0x00, 0xc9, 0x01, 0x00, 0x00, 0xf9, 0x00, 0x02, 0x00, // ................
	0x30, 0x02, 0x00, 0x00, 0xf8, 0x00, 0x02, 0x00, 0xcd, 0x01, 0x00, 0x00, 0xb4, 0x00, 0x05, 0x00, // 0...............
	0xbb, 0x00, 0x00, 0x00, 0xd0, 0x01, 0x00, 0x00, 0xa6, 0x01, 0x00, 0x00, 0x74, 0x00, 0x00, 0x00, // ............t...
	0xf7, 0x00, 0x03, 0x00, 0x2f, 0x02, 0x00, 0x00, 0x00, 0x00, 0x00, 0x00, 0xfa, 0x00, 0x04, 0x00, // ..../...........
	0xd0, 0x01, 0x00, 0x00, 0xd1, 0x01, 0x00, 0x00, 0x02, 0x02, 0x00, 0x00, 0xf8, 0x00, 0x02, 0x00, // ................
	0xd1, 0x01, 0x00, 0x00, 0x41, 0x00, 0x05, 0x00, 0x7d, 0x00, 0x00, 0x00, 0xd6, 0x01, 0x00, 0x00, // ....A...}.......
	0x7c, 0x00, 0x00, 0x00, 0x3d, 0x00, 0x00, 0x00, 0x3d, 0x00, 0x04, 0x00, 0x79, 0x00, 0x00, 0x00, // |...=...=...y...
	0xd7, 0x01, 0x00, 0x00, 0xd6, 0x01, 0x00, 0x00, 0x90, 0x00, 0x05, 0x00, 0x75, 0x00, 0x00, 0x00, // ............u...
	0xd8, 0x01, 0x00, 0x00, 0x3c, 0x02, 0x00, 0x00, 0xd7, 0x01, 0x00, 0x00, 0x4f, 0x00, 0x07, 0x00, // ....<.......O...
	0x0b, 0x00, 0x00, 0x00, 0xd9, 0x01, 0x00, 0x00, 0xd8, 0x01, 0x00, 0x00, 0xd8, 0x01, 0x00, 0x00, // ................
	0x00, 0x00, 0x00, 0x00, 0x01, 0x00, 0x00, 0x00, 0x41, 0x00, 0x05, 0x00, 0x84, 0x00, 0x00, 0x00, // ........A.......
	0xda, 0x01, 0x00, 0x00, 0x7c, 0x00, 0x00, 0x00, 0xc9, 0x00, 0x00, 0x00, 0x3d, 0x00, 0x04, 0x00, // ....|.......=...
	0x0d, 0x00, 0x00, 0x00, 0xdb, 0x01, 0x00, 0x00, 0xda, 0x01, 0x00, 0x00, 0x4f, 0x00, 0x07, 0x00, // ............O...
	0x0b, 0x00, 0x00, 0x00, 0xdc, 0x01, 0x00, 0x00, 0xdb, 0x01, 0x00, 0x00, 0xdb, 0x01, 0x00, 0x00, // ................
	0x00, 0x00, 0x00, 0x00, 0x01, 0x00, 0x00, 0x00, 0x88, 0x00, 0x05, 0x00, 0x0b, 0x00, 0x00, 0x00, // ................
	0xdd, 0x01, 0x00, 0x00, 0xd9, 0x01, 0x00, 0x00, 0xdc, 0x01, 0x00, 0x00, 0x56, 0x00, 0x05, 0x00, // ............V...
	0x45, 0x00, 0x00, 0x00, 0x87, 0x02, 0x00, 0x00, 0x3a, 0x00, 0x00, 0x00, 0x37, 0x00, 0x00, 0x00, // E.......:...7...
	0x57, 0x00, 0x05, 0x00, 0x0d, 0x00, 0x00, 0x00, 0x89, 0x02, 0x00, 0x00, 0x87, 0x02, 0x00, 0x00, // W...............
	0xdd, 0x01, 0x00, 0x00, 0x41, 0x00, 0x06, 0x00, 0xa2, 0x00, 0x00, 0x00, 0xe1, 0x01, 0x00, 0x00, // ....A...........
	0x7c, 0x00, 0x00, 0x00, 0xa1, 0x00, 0x00, 0x00, 0xd1, 0x00, 0x00, 0x00, 0x3d, 0x00, 0x04, 0x00, // |...........=...
	0x07, 0x00, 0x00, 0x00, 0xe2, 0x01, 0x00, 0x00, 0xe1, 0x01, 0x00, 0x00, 0xb4, 0x00, 0x05, 0x00, // ................
	0xbb, 0x00, 0x00, 0x00, 0xe3, 0x01, 0x00, 0x00, 0xe2, 0x01, 0x00, 0x00, 0x74, 0x00, 0x00, 0x00, // ............t...
	0xf7, 0x00, 0x03, 0x00, 0xf0, 0x01, 0x00, 0x00, 0x00, 0x00, 0x00, 0x00, 0xfa, 0x00, 0x04, 0x00, // ................
	0xe3, 0x01, 0x00, 0x00, 0xe4, 0x01, 0x00, 0x00, 0xf0, 0x01, 0x00, 0x00, 0xf8, 0x00, 0x02, 0x00, // ................
	0xe4, 0x01, 0x00, 0x00, 0x4f, 0x00, 0x08, 0x00, 0x75, 0x00, 0x00, 0x00, 0xe6, 0x01, 0x00, 0x00, // ....O...u.......
	0x89, 0x02, 0x00, 0x00, 0x89, 0x02, 0x00, 0x00, 0x00, 0x00, 0x00, 0x00, 0x01, 0x00, 0x00, 0x00, // ................
	0x02, 0x00, 0x00, 0x00, 0x51, 0x00, 0x05, 0x00, 0x07, 0x00, 0x00, 0x00, 0xe8, 0x01, 0x00, 0x00, // ....Q...........
	0x89, 0x02, 0x00, 0x00, 0x03, 0x00, 0x00, 0x00, 0x8e, 0x00, 0x05, 0x00, 0x75, 0x00, 0x00, 0x00, // ............u...
	0xe9, 0x01, 0x00, 0x00, 0xe6, 0x01, 0x00, 0x00, 0xe8, 0x01, 0x00, 0x00, 0x51, 0x00, 0x05, 0x00, // ............Q...
	0x07, 0x00, 0x00, 0x00, 0xec, 0x01, 0x00, 0x00, 0xe9, 0x01, 0x00, 0x00, 0x00, 0x00, 0x00, 0x00, // ................
	0x51, 0x00, 0x05, 0x00, 0x07, 0x00, 0x00, 0x00, 0xed, 0x01, 0x00, 0x00, 0xe9, 0x01, 0x00, 0x00, // Q...............
	0x01, 0x00, 0x00, 0x00, 0x51, 0x00, 0x05, 0x00, 0x07, 0x00, 0x00, 0x00, 0xee, 0x01, 0x00, 0x00, // ....Q...........
	0xe9, 0x01, 0x00, 0x00, 0x02, 0x00, 0x00, 0x00, 0x50, 0x00, 0x07, 0x00, 0x0d, 0x00, 0x00, 0x00, // ........P.......
	0xef, 0x01, 0x00, 0x00, 0xec, 0x01, 0x00, 0x00, 0xed, 0x01, 0x00, 0x00, 0xee, 0x01, 0x00, 0x00, // ................
	0xe8, 0x01, 0x00, 0x00, 0xf9, 0x00, 0x02, 0x00, 0xf0, 0x01, 0x00, 0x00, 0xf8, 0x00, 0x02, 0x00, // ................
	0xf0, 0x01, 0x00, 0x00, 0xf5, 0x00, 0x07, 0x00, 0x0d, 0x00, 0x00, 0x00, 0xa8, 0x02, 0x00, 0x00, // ................
	0x89, 0x02, 0x00, 0x00, 0xd1, 0x01, 0x00, 0x00, 0xef, 0x01, 0x00, 0x00, 0xe4, 0x01, 0x00, 0x00, // ................
	0xb4, 0x00, 0x05, 0x00, 0xbb, 0x00, 0x00, 0x00, 0xf3, 0x01, 0x00, 0x00, 0xe2, 0x01, 0x00, 0x00, // ................
	0x9c, 0x00, 0x00, 0x00, 0xf7, 0x00, 0x03, 0x00, 0xf7, 0x01, 0x00, 0x00, 0x00, 0x00, 0x00, 0x00, // ................
	0xfa, 0x00, 0x04, 0x00, 0xf3, 0x01, 0x00, 0x00, 0xf4, 0x01, 0x00, 0x00, 0xf7, 0x01, 0x00, 0x00, // ................
	0xf8, 0x00, 0x02, 0x00, 0xf4, 0x01, 0x00, 0x00, 0x4f, 0x00, 0x09, 0x00, 0x0d, 0x00, 0x00, 0x00, // ........O.......
	0xf6, 0x01, 0x00, 0x00, 0xa8, 0x02, 0x00, 0x00, 0xa8, 0x02, 0x00, 0x00, 0x00, 0x00, 0x00, 0x00, // ................
	0x00, 0x00, 0x00, 0x00, 0x00, 0x00, 0x00, 0x00, 0x00, 0x00, 0x00, 0x00, 0xf9, 0x00, 0x02, 0x00, // ................
	0xf7, 0x01, 0x00, 0x00, 0xf8, 0x00, 0x02, 0x00, 0xf7, 0x01, 0x00, 0x00, 0xf5, 0x00, 0x07, 0x00, // ................
	0x0d, 0x00, 0x00, 0x00, 0xa9, 0x02, 0x00, 0x00, 0xa8, 0x02, 0x00, 0x00, 0xf0, 0x01, 0x00, 0x00, // ................
	0xf6, 0x01, 0x00, 0x00, 0xf4, 0x01, 0x00, 0x00, 0x41, 0x00, 0x05, 0x00, 0x84, 0x00, 0x00, 0x00, // ........A.......
	0xf8, 0x01, 0x00, 0x00, 0x7c, 0x00, 0x00, 0x00, 0xde, 0x00, 0x00, 0x00, 0x3d, 0x00, 0x04, 0x00, // ....|.......=...
	0x0d, 0x00, 0x00, 0x00, 0xf9, 0x01, 0x00, 0x00, 0xf8, 0x01, 0x00, 0x00, 0x85, 0x00, 0x05, 0x00, // ................
	0x0d, 0x00, 0x00, 0x00, 0xfb, 0x01, 0x00, 0x00, 0xa9, 0x02, 0x00, 0x00, 0xf9, 0x01, 0x00, 0x00, // ................
	0x85, 0x00, 0x05, 0x00, 0x07, 0x00, 0x00, 0x00, 0xfe, 0x01, 0x00, 0x00, 0x62, 0x02, 0x00, 0x00, // ............b...
	0x52, 0x02, 0x00, 0x00, 0x8e, 0x00, 0x05, 0x00, 0x0d, 0x00, 0x00, 0x00, 0x00, 0x02, 0x00, 0x00, // R...............
	0xfb, 0x01, 0x00, 0x00, 0xfe, 0x01, 0x00, 0x00, 0xf9, 0x00, 0x02, 0x00, 0x2f, 0x02, 0x00, 0x00, // ............/...
	0xf8, 0x00, 0x02, 0x00, 0x02, 0x02, 0x00, 0x00, 0xb4, 0x00, 0x05, 0x00, 0xbb, 0x00, 0x00, 0x00, // ................
	0x05, 0x02, 0x00, 0x00, 0xa6, 0x01, 0x00, 0x00, 0x9c, 0x00, 0x00, 0x00, 0xf7, 0x00, 0x03, 0x00, // ................
	0x2e, 0x02, 0x00, 0x00, 0x00, 0x00, 0x00, 0x00, 0xfa, 0x00, 0x04, 0x00, 0x05, 0x02, 0x00, 0x00, // ................
	0x06, 0x02, 0x00, 0x00, 0x07, 0x02, 0x00, 0x00, 0xf8, 0x00, 0x02, 0x00, 0x06, 0x02, 0x00, 0x00, // ................
	0xf9, 0x00, 0x02, 0x00, 0x2e, 0x02, 0x00, 0x00, 0xf8, 0x00, 0x02, 0x00, 0x07, 0x02, 0x00, 0x00, // ................
	0xb4, 0x00, 0x05, 0x00, 0xbb, 0x00, 0x00, 0x00, 0x0a, 0x02, 0x00, 0x00, 0xa6, 0x01, 0x00, 0x00, // ................
	0x35, 0x01, 0x00, 0x00, 0xf7, 0x00, 0x03, 0x00, 0x2d, 0x02, 0x00, 0x00, 0x00, 0x00, 0x00, 0x00, // 5.......-.......
	0xfa, 0x00, 0x04, 0x00, 0x0a, 0x02, 0x00, 0x00, 0x0b, 0x02, 0x00, 0x00, 0x2d, 0x02, 0x00, 0x00, // ............-...
	0xf8, 0x00, 0x02, 0x00, 0x0b, 0x02, 0x00, 0x00, 0x56, 0x00, 0x05, 0x00, 0x45, 0x00, 0x00, 0x00, // ........V...E...
	0x90, 0x02, 0x00, 0x00, 0x3a, 0x00, 0x00, 0x00, 0x37, 0x00, 0x00, 0x00, 0x57, 0x00, 0x05, 0x00, // ....:...7...W...
	0x0d, 0x00, 0x00, 0x00, 0x92, 0x02, 0x00, 0x00, 0x90, 0x02, 0x00, 0x00, 0x68, 0x01, 0x00, 0x00, // ............h...
	0x41, 0x00, 0x06, 0x00, 0xa2, 0x00, 0x00, 0x00, 0x0f, 0x02, 0x00, 0x00, 0x7c, 0x00, 0x00, 0x00, // A...........|...
	0xa1, 0x00, 0x00, 0x00, 0xd1, 0x00, 0x00, 0x00, 0x3d, 0x00, 0x04, 0x00, 0x07, 0x00, 0x00, 0x00, // ........=.......
	0x10, 0x02, 0x00, 0x00, 0x0f, 0x02, 0x00, 0x00, 0xb4, 0x00, 0x05, 0x00, 0xbb, 0x00, 0x00, 0x00, // ................
	0x11, 0x02, 0x00, 0x00, 0x10, 0x02, 0x00, 0x00, 0x74, 0x00, 0x00, 0x00, 0xf7, 0x00, 0x03, 0x00, // ........t.......
	0x1e, 0x02, 0x00, 0x00, 0x00, 0x00, 0x00, 0x00, 0xfa, 0x00, 0x04, 0x00, 0x11, 0x02, 0x00, 0x00, // ................
	0x12, 0x02, 0x00, 0x00, 0x1e, 0x02, 0x00, 0x00, 0xf8, 0x00, 0x02, 0x00, 0x12, 0x02, 0x00, 0x00, // ................
	0x4f, 0x00, 0x08, 0x00, 0x75, 0x00, 0x00, 0x00, 0x14, 0x02, 0x00, 0x00, 0x92, 0x02, 0x00, 0x00, // O...u...........
	0x92, 0x02, 0x00, 0x00, 0x00, 0x00, 0x00, 0x00, 0x01, 0x00, 0x00, 0x00, 0x02, 0x00, 0x00, 0x00, // ................
	0x51, 0x00, 0x05, 0x00, 0x07, 0x00, 0x00, 0x00, 0x16, 0x02, 0x00, 0x00, 0x92, 0x02, 0x00, 0x00, // Q...............
	0x03, 0x00, 0x00, 0x00, 0x8e, 0x00, 0x05, 0x00, 0x75, 0x00, 0x00, 0x00, 0x17, 0x02, 0x00, 0x00, // ........u.......
	0x14, 0x02, 0x00, 0x00, 0x16, 0x02, 0x00, 0x00, 0x51, 0x00, 0x05, 0x00, 0x07, 0x00, 0x00, 0x00, // ........Q.......
	0x1a, 0x02, 0x00, 0x00, 0x17, 0x02, 0x00, 0x00, 0x00, 0x00, 0x00, 0x00, 0x51, 0x00, 0x05, 0x00, // ............Q...
	0x07, 0x00, 0x00, 0x00, 0x1b, 0x02, 0x00, 0x00, 0x17, 0x02, 0x00, 0x00, 0x01, 0x00, 0x00, 0x00, // ................
	0x51, 0x00, 0x05, 0x00, 0x07, 0x00, 0x00, 0x00, 0x1c, 0x02, 0x00, 0x00, 0x17, 0x02, 0x00, 0x00, // Q...............
	0x02, 0x00, 0x00, 0x00, 0x50, 0x00, 0x07, 0x00, 0x0d, 0x00, 0x00, 0x00, 0x1d, 0x02, 0x00, 0x00, // ....P...........
	0x1a, 0x02, 0x00, 0x00, 0x1b, 0x02, 0x00, 0x00, 0x1c, 0x02, 0x00, 0x00, 0x16, 0x02, 0x00, 0x00, // ................
	0xf9, 0x00, 0x02, 0x00, 0x1e, 0x02, 0x00, 0x00, 0xf8, 0x00, 0x02, 0x00, 0x1e, 0x02, 0x00, 0x00, // ................
	0xf5, 0x00, 0x07, 0x00, 0x0d, 0x00, 0x00, 0x00, 0xa6, 0x02, 0x00, 0x00, 0x92, 0x02, 0x00, 0x00, // ................
	0x0b, 0x02, 0x00, 0x00, 0x1d, 0x02, 0x00, 0x00, 0x12, 0x02, 0x00, 0x00, 0xb4, 0x00, 0x05, 0x00, // ................
	0xbb, 0x00, 0x00, 0x00, 0x21, 0x02, 0x00, 0x00, 0x10, 0x02, 0x00, 0x00, 0x9c, 0x00, 0x00, 0x00, // ....!...........
	0xf7, 0x00, 0x03, 0x00, 0x25, 0x02, 0x00, 0x00, 0x00, 0x00, 0x00, 0x00, 0xfa, 0x00, 0x04, 0x00, // ....%...........
	0x21, 0x02, 0x00, 0x00, 0x22, 0x02, 0x00, 0x00, 0x25, 0x02, 0x00, 0x00, 0xf8, 0x00, 0x02, 0x00, // !..."...%.......
	0x22, 0x02, 0x00, 0x00, 0x4f, 0x00, 0x09, 0x00, 0x0d, 0x00, 0x00, 0x00, 0x24, 0x02, 0x00, 0x00, // "...O.......$...
	0xa6, 0x02, 0x00, 0x00, 0xa6, 0x02, 0x00, 0x00, 0x00, 0x00, 0x00, 0x00, 0x00, 0x00, 0x00, 0x00, // ................
	0x00, 0x00, 0x00, 0x00, 0x00, 0x00, 0x00, 0x00, 0xf9, 0x00, 0x02, 0x00, 0x25, 0x02, 0x00, 0x00, // ............%...
	0xf8, 0x00, 0x02, 0x00, 0x25, 0x02, 0x00, 0x00, 0xf5, 0x00, 0x07, 0x00, 0x0d, 0x00, 0x00, 0x00, // ....%...........
	0xa7, 0x02, 0x00, 0x00, 0xa6, 0x02, 0x00, 0x00, 0x1e, 0x02, 0x00, 0x00, 0x24, 0x02, 0x00, 0x00, // ............$...
	0x22, 0x02, 0x00, 0x00, 0x8e, 0x00, 0x05, 0x00, 0x0d, 0x00, 0x00, 0x00, 0x28, 0x02, 0x00, 0x00, // "...........(...
	0xa7, 0x02, 0x00, 0x00, 0x52, 0x02, 0x00, 0x00, 0x41, 0x00, 0x05, 0x00, 0x84, 0x00, 0x00, 0x00, // ....R...A.......
	0x2a, 0x02, 0x00, 0x00, 0x7c, 0x00, 0x00, 0x00, 0xde, 0x00, 0x00, 0x00, 0x3d, 0x00, 0x04, 0x00, // *...|.......=...
	0x0d, 0x00, 0x00, 0x00, 0x2b, 0x02, 0x00, 0x00, 0x2a, 0x02, 0x00, 0x00, 0x85, 0x00, 0x05, 0x00, // ....+...*.......
	0x0d, 0x00, 0x00, 0x00, 0x2c, 0x02, 0x00, 0x00, 0x28, 0x02, 0x00, 0x00, 0x2b, 0x02, 0x00, 0x00, // ....,...(...+...
	0xf9, 0x00, 0x02, 0x00, 0x2d, 0x02, 0x00, 0x00, 0xf8, 0x00, 0x02, 0x00, 0x2d, 0x02, 0x00, 0x00, // ....-.......-...
	0xf5, 0x00, 0x07, 0x00, 0x0d, 0x00, 0x00, 0x00, 0xad, 0x02, 0x00, 0x00, 0xae, 0x02, 0x00, 0x00, // ................
	0x07, 0x02, 0x00, 0x00, 0x2c, 0x02, 0x00, 0x00, 0x25, 0x02, 0x00, 0x00, 0xf9, 0x00, 0x02, 0x00, // ....,...%.......
	0x2e, 0x02, 0x00, 0x00, 0xf8, 0x00, 0x02, 0x00, 0x2e, 0x02, 0x00, 0x00, 0xf5, 0x00, 0x07, 0x00, // ................
	0x0d, 0x00, 0x00, 0x00, 0xac, 0x02, 0x00, 0x00, 0x31, 0x01, 0x00, 0x00, 0x06, 0x02, 0x00, 0x00, // ........1.......
	0xad, 0x02, 0x00, 0x00, 0x2d, 0x02, 0x00, 0x00, 0xf9, 0x00, 0x02, 0x00, 0x2f, 0x02, 0x00, 0x00, // ....-......./...
	0xf8, 0x00, 0x02, 0x00, 0x2f, 0x02, 0x00, 0x00, 0xf5, 0x00, 0x07, 0x00, 0x0d, 0x00, 0x00, 0x00, // ..../...........
	0xab, 0x02, 0x00, 0x00, 0x00, 0x02, 0x00, 0x00, 0xf7, 0x01, 0x00, 0x00, 0xac, 0x02, 0x00, 0x00, // ................
	0x2e, 0x02, 0x00, 0x00, 0xf9, 0x00, 0x02, 0x00, 0x30, 0x02, 0x00, 0x00, 0xf8, 0x00, 0x02, 0x00, // ........0.......
	0x30, 0x02, 0x00, 0x00, 0xf5, 0x00, 0x07, 0x00, 0x0d, 0x00, 0x00, 0x00, 0xaa, 0x02, 0x00, 0x00, // 0...............
	0xcb, 0x01, 0x00, 0x00, 0xa8, 0x01, 0x00, 0x00, 0xab, 0x02, 0x00, 0x00, 0x2f, 0x02, 0x00, 0x00, // ............/...
	0x3e, 0x00, 0x03, 0x00, 0x74, 0x01, 0x00, 0x00, 0xaa, 0x02, 0x00, 0x00, 0xfd, 0x00, 0x01, 0x00, // >...t...........
	0x38, 0x00, 0x01, 0x00, 0x00, 0x00, 0xb0, 0x00,                                                 // 8.......
};
static const uint8_t fs_nanovg_fill_wgsl[3467] =
{
	0x46, 0x53, 0x48, 0x0c, 0xcf, 0xda, 0x1b, 0x94, 0x00, 0x00, 0x00, 0x00, 0x00, 0x00, 0x00, 0x00, // FSH.............
	0x00, 0x00, 0x00, 0x00, 0x08, 0x00, 0x0c, 0x75, 0x5f, 0x73, 0x63, 0x69, 0x73, 0x73, 0x6f, 0x72, // .......u_scissor
	0x4d, 0x61, 0x74, 0x13, 0x01, 0x00, 0x00, 0x03, 0x00, 0x00, 0x00, 0x00, 0x00, 0x11, 0x75, 0x5f, // Mat...........u_
	0x73, 0x63, 0x69, 0x73, 0x73, 0x6f, 0x72, 0x45, 0x78, 0x74, 0x53, 0x63, 0x61, 0x6c, 0x65, 0x12, // scissorExtScale.
	0x01, 0x80, 0x00, 0x01, 0x00, 0x00, 0x00, 0x00, 0x00, 0x08, 0x75, 0x5f, 0x70, 0x61, 0x72, 0x61, // ..........u_para
	0x6d, 0x73, 0x12, 0x01, 0xa0, 0x00, 0x01, 0x00, 0x00, 0x00, 0x00, 0x00, 0x0a, 0x75, 0x5f, 0x70, // ms...........u_p
	0x61, 0x69, 0x6e, 0x74, 0x4d, 0x61, 0x74, 0x13, 0x01, 0x30, 0x00, 0x03, 0x00, 0x00, 0x00, 0x00, // aintMat..0......
	0x00, 0x0e, 0x75, 0x5f, 0x65, 0x78, 0x74, 0x65, 0x6e, 0x74, 0x52, 0x61, 0x64, 0x69, 0x75, 0x73, // ..u_extentRadius
	0x12, 0x01, 0x90, 0x00, 0x01, 0x00, 0x00, 0x00, 0x00, 0x00, 0x0a, 0x75, 0x5f, 0x69, 0x6e, 0x6e, // ...........u_inn
	0x65, 0x72, 0x43, 0x6f, 0x6c, 0x12, 0x01, 0x60, 0x00, 0x01, 0x00, 0x00, 0x00, 0x00, 0x00, 0x0a, // erCol..`........
	0x75, 0x5f, 0x6f, 0x75, 0x74, 0x65, 0x72, 0x43, 0x6f, 0x6c, 0x12, 0x01, 0x70, 0x00, 0x01, 0x00, // u_outerCol..p...
	0x00, 0x00, 0x00, 0x00, 0x05, 0x73, 0x5f, 0x74, 0x65, 0x78, 0x30, 0x00, 0x02, 0x00, 0x00, 0x00, // .....s_tex0.....
	0x00, 0x02, 0x29, 0x00, 0xbd, 0x0c, 0x00, 0x00, 0x64, 0x69, 0x61, 0x67, 0x6e, 0x6f, 0x73, 0x74, // ..).....diagnost
	0x69, 0x63, 0x28, 0x6f, 0x66, 0x66, 0x2c, 0x20, 0x64, 0x65, 0x72, 0x69, 0x76, 0x61, 0x74, 0x69, // ic(off, derivati
	0x76, 0x65, 0x5f, 0x75, 0x6e, 0x69, 0x66, 0x6f, 0x72, 0x6d, 0x69, 0x74, 0x79, 0x29, 0x3b, 0x0a, // ve_uniformity);.
	0x64, 0x69, 0x61, 0x67, 0x6e, 0x6f, 0x73, 0x74, 0x69, 0x63, 0x28, 0x6f, 0x66, 0x66, 0x2c, 0x20, // diagnostic(off, 
	0x73, 0x75, 0x62, 0x67, 0x72, 0x6f, 0x75, 0x70, 0x5f, 0x75, 0x6e, 0x69, 0x66, 0x6f, 0x72, 0x6d, // subgroup_uniform
	0x69, 0x74, 0x79, 0x29, 0x3b, 0x0a, 0x0a, 0x40, 0x67, 0x72, 0x6f, 0x75, 0x70, 0x28, 0x30, 0x75, // ity);..@group(0u
	0x29, 0x20, 0x40, 0x62, 0x69, 0x6e, 0x64, 0x69, 0x6e, 0x67, 0x28, 0x31, 0x38, 0x75, 0x29, 0x20, // ) @binding(18u) 
	0x76, 0x61, 0x72, 0x20, 0x73, 0x5f, 0x74, 0x65, 0x78, 0x53, 0x61, 0x6d, 0x70, 0x6c, 0x65, 0x72, // var s_texSampler
	0x20, 0x3a, 0x20, 0x73, 0x61, 0x6d, 0x70, 0x6c, 0x65, 0x72, 0x3b, 0x0a, 0x0a, 0x40, 0x67, 0x72, //  : sampler;..@gr
	0x6f, 0x75, 0x70, 0x28, 0x30, 0x75, 0x29, 0x20, 0x40, 0x62, 0x69, 0x6e, 0x64, 0x69, 0x6e, 0x67, // oup(0u) @binding
	0x28, 0x32, 0x75, 0x29, 0x20, 0x76, 0x61, 0x72, 0x20, 0x73, 0x5f, 0x74, 0x65, 0x78, 0x54, 0x65, // (2u) var s_texTe
	0x78, 0x74, 0x75, 0x72, 0x65, 0x20, 0x3a, 0x20, 0x74, 0x65, 0x78, 0x74, 0x75, 0x72, 0x65, 0x5f, // xture : texture_
	0x32, 0x64, 0x3c, 0x66, 0x33, 0x32, 0x3e, 0x3b, 0x0a, 0x0a, 0x73, 0x74, 0x72, 0x75, 0x63, 0x74, // 2d<f32>;..struct
	0x20, 0x55, 0x6e, 0x69, 0x66, 0x6f, 0x72, 0x6d, 0x42, 0x6c, 0x6f, 0x63, 0x6b, 0x5f, 0x31, 0x5f, //  UniformBlock_1_
	0x31, 0x20, 0x7b, 0x0a, 0x20, 0x20, 0x75, 0x5f, 0x73, 0x63, 0x69, 0x73, 0x73, 0x6f, 0x72, 0x4d, // 1 {.  u_scissorM
	0x61, 0x74, 0x20, 0x3a, 0x20, 0x6d, 0x61, 0x74, 0x33, 0x78, 0x33, 0x3c, 0x66, 0x33, 0x32, 0x3e, // at : mat3x3<f32>
	0x2c, 0x0a, 0x20, 0x20, 0x75, 0x5f, 0x70, 0x61, 0x69, 0x6e, 0x74, 0x4d, 0x61, 0x74, 0x20, 0x3a, // ,.  u_paintMat :
	0x20, 0x6d, 0x61, 0x74, 0x33, 0x78, 0x33, 0x3c, 0x66, 0x33, 0x32, 0x3e, 0x2c, 0x0a, 0x20, 0x20, //  mat3x3<f32>,.  
	0x75, 0x5f, 0x69, 0x6e, 0x6e, 0x65, 0x72, 0x43, 0x6f, 0x6c, 0x20, 0x3a, 0x20, 0x76, 0x65, 0x63, // u_innerCol : vec
	0x34, 0x3c, 0x66, 0x33, 0x32, 0x3e, 0x2c, 0x0a, 0x20, 0x20, 0x75, 0x5f, 0x6f, 0x75, 0x74, 0x65, // 4<f32>,.  u_oute
	0x72, 0x43, 0x6f, 0x6c, 0x20, 0x3a, 0x20, 0x76, 0x65, 0x63, 0x34, 0x3c, 0x66, 0x33, 0x32, 0x3e, // rCol : vec4<f32>
	0x2c, 0x0a, 0x20, 0x20, 0x75, 0x5f, 0x73, 0x63, 0x69, 0x73, 0x73, 0x6f, 0x72, 0x45, 0x78, 0x74, // ,.  u_scissorExt
	0x53, 0x63, 0x61, 0x6c, 0x65, 0x20, 0x3a, 0x20, 0x76, 0x65, 0x63, 0x34, 0x3c, 0x66, 0x33, 0x32, // Scale : vec4<f32
	0x3e, 0x2c, 0x0a, 0x20, 0x20, 0x75, 0x5f, 0x65, 0x78, 0x74, 0x65, 0x6e, 0x74, 0x52, 0x61, 0x64, // >,.  u_extentRad
	0x69, 0x75, 0x73, 0x20, 0x3a, 0x20, 0x76, 0x65, 0x63, 0x34, 0x3c, 0x66, 0x33, 0x32, 0x3e, 0x2c, // ius : vec4<f32>,
	0x0a, 0x20, 0x20, 0x75, 0x5f, 0x70, 0x61, 0x72, 0x61, 0x6d, 0x73, 0x20, 0x3a, 0x20, 0x76, 0x65, // .  u_params : ve
	0x63, 0x34, 0x3c, 0x66, 0x33, 0x32, 0x3e, 0x2c, 0x0a, 0x7d, 0x0a, 0x0a, 0x40, 0x67, 0x72, 0x6f, // c4<f32>,.}..@gro
	0x75, 0x70, 0x28, 0x30, 0x75, 0x29, 0x20, 0x40, 0x62, 0x69, 0x6e, 0x64, 0x69, 0x6e, 0x67, 0x28, // up(0u) @binding(
	0x31, 0x75, 0x29, 0x20, 0x76, 0x61, 0x72, 0x3c, 0x75, 0x6e, 0x69, 0x66, 0x6f, 0x72, 0x6d, 0x3e, // 1u) var<uniform>
	0x20, 0x76, 0x20, 0x3a, 0x20, 0x55, 0x6e, 0x69, 0x66, 0x6f, 0x72, 0x6d, 0x42, 0x6c, 0x6f, 0x63, //  v : UniformBloc
	0x6b, 0x5f, 0x31, 0x5f, 0x31, 0x3b, 0x0a, 0x0a, 0x76, 0x61, 0x72, 0x3c, 0x70, 0x72, 0x69, 0x76, // k_1_1;..var<priv
	0x61, 0x74, 0x65, 0x3e, 0x20, 0x62, 0x67, 0x66, 0x78, 0x5f, 0x46, 0x72, 0x61, 0x67, 0x44, 0x61, // ate> bgfx_FragDa
	0x74, 0x61, 0x30, 0x20, 0x3a, 0x20, 0x76, 0x65, 0x63, 0x34, 0x3c, 0x66, 0x33, 0x32, 0x3e, 0x3b, // ta0 : vec4<f32>;
	0x0a, 0x0a, 0x66, 0x6e, 0x20, 0x6d, 0x61, 0x69, 0x6e, 0x5f, 0x69, 0x6e, 0x6e, 0x65, 0x72, 0x28, // ..fn main_inner(
	0x76, 0x5f, 0x70, 0x6f, 0x73, 0x69, 0x74, 0x69, 0x6f, 0x6e, 0x20, 0x3a, 0x20, 0x76, 0x65, 0x63, // v_position : vec
	0x32, 0x3c, 0x66, 0x33, 0x32, 0x3e, 0x2c, 0x20, 0x76, 0x5f, 0x74, 0x65, 0x78, 0x63, 0x6f, 0x6f, // 2<f32>, v_texcoo
	0x72, 0x64, 0x30, 0x20, 0x3a, 0x20, 0x76, 0x65, 0x63, 0x32, 0x3c, 0x66, 0x33, 0x32, 0x3e, 0x29, // rd0 : vec2<f32>)
	0x20, 0x7b, 0x0a, 0x20, 0x20, 0x6c, 0x65, 0x74, 0x20, 0x76, 0x5f, 0x31, 0x20, 0x3d, 0x20, 0x76, //  {.  let v_1 = v
	0x65, 0x63, 0x33, 0x3c, 0x66, 0x33, 0x32, 0x3e, 0x28, 0x76, 0x5f, 0x70, 0x6f, 0x73, 0x69, 0x74, // ec3<f32>(v_posit
	0x69, 0x6f, 0x6e, 0x2e, 0x78, 0x2c, 0x20, 0x76, 0x5f, 0x70, 0x6f, 0x73, 0x69, 0x74, 0x69, 0x6f, // ion.x, v_positio
	0x6e, 0x2e, 0x79, 0x2c, 0x20, 0x31, 0x2e, 0x30, 0x66, 0x29, 0x3b, 0x0a, 0x20, 0x20, 0x6c, 0x65, // n.y, 1.0f);.  le
	0x74, 0x20, 0x76, 0x5f, 0x32, 0x20, 0x3d, 0x20, 0x61, 0x62, 0x73, 0x28, 0x28, 0x28, 0x76, 0x5f, // t v_2 = abs(((v_
	0x31, 0x20, 0x2a, 0x20, 0x74, 0x72, 0x61, 0x6e, 0x73, 0x70, 0x6f, 0x73, 0x65, 0x28, 0x76, 0x2e, // 1 * transpose(v.
	0x75, 0x5f, 0x73, 0x63, 0x69, 0x73, 0x73, 0x6f, 0x72, 0x4d, 0x61, 0x74, 0x29, 0x29, 0x29, 0x2e, // u_scissorMat))).
	0x78, 0x79, 0x29, 0x3b, 0x0a, 0x20, 0x20, 0x6c, 0x65, 0x74, 0x20, 0x76, 0x5f, 0x33, 0x20, 0x3d, // xy);.  let v_3 =
	0x20, 0x76, 0x2e, 0x75, 0x5f, 0x73, 0x63, 0x69, 0x73, 0x73, 0x6f, 0x72, 0x45, 0x78, 0x74, 0x53, //  v.u_scissorExtS
	0x63, 0x61, 0x6c, 0x65, 0x3b, 0x0a, 0x20, 0x20, 0x6c, 0x65, 0x74, 0x20, 0x76, 0x5f, 0x34, 0x20, // cale;.  let v_4 
	0x3d, 0x20, 0x28, 0x76, 0x65, 0x63, 0x32, 0x3c, 0x66, 0x33, 0x32, 0x3e, 0x28, 0x30, 0x2e, 0x35, // = (vec2<f32>(0.5
	0x66, 0x29, 0x20, 0x2d, 0x20, 0x28, 0x28, 0x76, 0x5f, 0x32, 0x20, 0x2d, 0x20, 0x76, 0x5f, 0x33, // f) - ((v_2 - v_3
	0x2e, 0x78, 0x79, 0x29, 0x20, 0x2a, 0x20, 0x76, 0x5f, 0x33, 0x2e, 0x7a, 0x77, 0x29, 0x29, 0x3b, // .xy) * v_3.zw));
	0x0a, 0x20, 0x20, 0x6c, 0x65, 0x74, 0x20, 0x76, 0x5f, 0x35, 0x20, 0x3d, 0x20, 0x28, 0x63, 0x6c, // .  let v_5 = (cl
	0x61, 0x6d, 0x70, 0x28, 0x76, 0x5f, 0x34, 0x2e, 0x78, 0x2c, 0x20, 0x30, 0x2e, 0x30, 0x66, 0x2c, // amp(v_4.x, 0.0f,
	0x20, 0x31, 0x2e, 0x30, 0x66, 0x29, 0x20, 0x2a, 0x20, 0x63, 0x6c, 0x61, 0x6d, 0x70, 0x28, 0x76, //  1.0f) * clamp(v
	0x5f, 0x34, 0x2e, 0x79, 0x2c, 0x20, 0x30, 0x2e, 0x30, 0x66, 0x2c, 0x20, 0x31, 0x2e, 0x30, 0x66, // _4.y, 0.0f, 1.0f
	0x29, 0x29, 0x3b, 0x0a, 0x20, 0x20, 0x6c, 0x65, 0x74, 0x20, 0x76, 0x5f, 0x36, 0x20, 0x3d, 0x20, // ));.  let v_6 = 
	0x28, 0x6d, 0x69, 0x6e, 0x28, 0x31, 0x2e, 0x30, 0x66, 0x2c, 0x20, 0x28, 0x28, 0x31, 0x2e, 0x30, // (min(1.0f, ((1.0
	0x66, 0x20, 0x2d, 0x20, 0x61, 0x62, 0x73, 0x28, 0x28, 0x28, 0x76, 0x5f, 0x74, 0x65, 0x78, 0x63, // f - abs(((v_texc
	0x6f, 0x6f, 0x72, 0x64, 0x30, 0x2e, 0x78, 0x20, 0x2a, 0x20, 0x32, 0x2e, 0x30, 0x66, 0x29, 0x20, // oord0.x * 2.0f) 
	0x2d, 0x20, 0x31, 0x2e, 0x30, 0x66, 0x29, 0x29, 0x29, 0x20, 0x2a, 0x20, 0x76, 0x2e, 0x75, 0x5f, // - 1.0f))) * v.u_
	0x70, 0x61, 0x72, 0x61, 0x6d, 0x73, 0x2e, 0x79, 0x29, 0x29, 0x20, 0x2a, 0x20, 0x6d, 0x69, 0x6e, // params.y)) * min
	0x28, 0x31, 0x2e, 0x30, 0x66, 0x2c, 0x20, 0x76, 0x5f, 0x74, 0x65, 0x78, 0x63, 0x6f, 0x6f, 0x72, // (1.0f, v_texcoor
	0x64, 0x30, 0x2e, 0x79, 0x29, 0x29, 0x3b, 0x0a, 0x20, 0x20, 0x6c, 0x65, 0x74, 0x20, 0x76, 0x5f, // d0.y));.  let v_
	0x37, 0x20, 0x3d, 0x20, 0x76, 0x2e, 0x75, 0x5f, 0x70, 0x61, 0x72, 0x61, 0x6d, 0x73, 0x2e, 0x77, // 7 = v.u_params.w
	0x3b, 0x0a, 0x20, 0x20, 0x76, 0x61, 0x72, 0x20, 0x76, 0x5f, 0x38, 0x20, 0x3a, 0x20, 0x76, 0x65, // ;.  var v_8 : ve
	0x63, 0x34, 0x3c, 0x66, 0x33, 0x32, 0x3e, 0x3b, 0x0a, 0x20, 0x20, 0x69, 0x66, 0x20, 0x28, 0x28, // c4<f32>;.  if ((
	0x76, 0x5f, 0x37, 0x20, 0x3d, 0x3d, 0x20, 0x30, 0x2e, 0x30, 0x66, 0x29, 0x29, 0x20, 0x7b, 0x0a, // v_7 == 0.0f)) {.
	0x20, 0x20, 0x20, 0x20, 0x6c, 0x65, 0x74, 0x20, 0x76, 0x5f, 0x39, 0x20, 0x3d, 0x20, 0x28, 0x28, //     let v_9 = ((
	0x76, 0x5f, 0x31, 0x20, 0x2a, 0x20, 0x74, 0x72, 0x61, 0x6e, 0x73, 0x70, 0x6f, 0x73, 0x65, 0x28, // v_1 * transpose(
	0x76, 0x2e, 0x75, 0x5f, 0x70, 0x61, 0x69, 0x6e, 0x74, 0x4d, 0x61, 0x74, 0x29, 0x29, 0x29, 0x2e, // v.u_paintMat))).
	0x78, 0x79, 0x3b, 0x0a, 0x20, 0x20, 0x20, 0x20, 0x6c, 0x65, 0x74, 0x20, 0x76, 0x5f, 0x31, 0x30, // xy;.    let v_10
	0x20, 0x3d, 0x20, 0x76, 0x2e, 0x75, 0x5f, 0x65, 0x78, 0x74, 0x65, 0x6e, 0x74, 0x52, 0x61, 0x64, //  = v.u_extentRad
	0x69, 0x75, 0x73, 0x2e, 0x78, 0x79, 0x3b, 0x0a, 0x20, 0x20, 0x20, 0x20, 0x6c, 0x65, 0x74, 0x20, // ius.xy;.    let 
	0x76, 0x5f, 0x31, 0x31, 0x20, 0x3d, 0x20, 0x76, 0x2e, 0x75, 0x5f, 0x65, 0x78, 0x74, 0x65, 0x6e, // v_11 = v.u_exten
	0x74, 0x52, 0x61, 0x64, 0x69, 0x75, 0x73, 0x2e, 0x7a, 0x3b, 0x0a, 0x20, 0x20, 0x20, 0x20, 0x6c, // tRadius.z;.    l
	0x65, 0x74, 0x20, 0x76, 0x5f, 0x31, 0x32, 0x20, 0x3d, 0x20, 0x28, 0x61, 0x62, 0x73, 0x28, 0x76, // et v_12 = (abs(v
	0x5f, 0x39, 0x29, 0x20, 0x2d, 0x20, 0x28, 0x76, 0x5f, 0x31, 0x30, 0x20, 0x2d, 0x20, 0x76, 0x65, // _9) - (v_10 - ve
	0x63, 0x32, 0x3c, 0x66, 0x33, 0x32, 0x3e, 0x28, 0x76, 0x5f, 0x31, 0x31, 0x2c, 0x20, 0x76, 0x5f, // c2<f32>(v_11, v_
	0x31, 0x31, 0x29, 0x29, 0x29, 0x3b, 0x0a, 0x20, 0x20, 0x20, 0x20, 0x6c, 0x65, 0x74, 0x20, 0x76, // 11)));.    let v
	0x5f, 0x31, 0x33, 0x20, 0x3d, 0x20, 0x28, 0x28, 0x6d, 0x69, 0x6e, 0x28, 0x6d, 0x61, 0x78, 0x28, // _13 = ((min(max(
	0x76, 0x5f, 0x31, 0x32, 0x2e, 0x78, 0x2c, 0x20, 0x76, 0x5f, 0x31, 0x32, 0x2e, 0x79, 0x29, 0x2c, // v_12.x, v_12.y),
	0x20, 0x30, 0x2e, 0x30, 0x66, 0x29, 0x20, 0x2b, 0x20, 0x6c, 0x65, 0x6e, 0x67, 0x74, 0x68, 0x28, //  0.0f) + length(
	0x6d, 0x61, 0x78, 0x28, 0x76, 0x5f, 0x31, 0x32, 0x2c, 0x20, 0x76, 0x65, 0x63, 0x32, 0x3c, 0x66, // max(v_12, vec2<f
	0x33, 0x32, 0x3e, 0x28, 0x29, 0x29, 0x29, 0x29, 0x20, 0x2d, 0x20, 0x76, 0x5f, 0x31, 0x31, 0x29, // 32>()))) - v_11)
	0x3b, 0x0a, 0x20, 0x20, 0x20, 0x20, 0x6c, 0x65, 0x74, 0x20, 0x76, 0x5f, 0x31, 0x34, 0x20, 0x3d, // ;.    let v_14 =
	0x20, 0x76, 0x2e, 0x75, 0x5f, 0x70, 0x61, 0x72, 0x61, 0x6d, 0x73, 0x2e, 0x78, 0x3b, 0x0a, 0x20, //  v.u_params.x;. 
	0x20, 0x20, 0x20, 0x6c, 0x65, 0x74, 0x20, 0x76, 0x5f, 0x31, 0x35, 0x20, 0x3d, 0x20, 0x63, 0x6c, //    let v_15 = cl
	0x61, 0x6d, 0x70, 0x28, 0x28, 0x28, 0x76, 0x5f, 0x31, 0x33, 0x20, 0x2b, 0x20, 0x28, 0x76, 0x5f, // amp(((v_13 + (v_
	0x31, 0x34, 0x20, 0x2a, 0x20, 0x30, 0x2e, 0x35, 0x66, 0x29, 0x29, 0x20, 0x2f, 0x20, 0x76, 0x5f, // 14 * 0.5f)) / v_
	0x31, 0x34, 0x29, 0x2c, 0x20, 0x30, 0x2e, 0x30, 0x66, 0x2c, 0x20, 0x31, 0x2e, 0x30, 0x66, 0x29, // 14), 0.0f, 1.0f)
	0x3b, 0x0a, 0x20, 0x20, 0x20, 0x20, 0x76, 0x5f, 0x38, 0x20, 0x3d, 0x20, 0x28, 0x6d, 0x69, 0x78, // ;.    v_8 = (mix
	0x28, 0x76, 0x2e, 0x75, 0x5f, 0x69, 0x6e, 0x6e, 0x65, 0x72, 0x43, 0x6f, 0x6c, 0x2c, 0x20, 0x76, // (v.u_innerCol, v
	0x2e, 0x75, 0x5f, 0x6f, 0x75, 0x74, 0x65, 0x72, 0x43, 0x6f, 0x6c, 0x2c, 0x20, 0x76, 0x65, 0x63, // .u_outerCol, vec
	0x34, 0x3c, 0x66, 0x33, 0x32, 0x3e, 0x28, 0x76, 0x5f, 0x31, 0x35, 0x2c, 0x20, 0x76, 0x5f, 0x31, // 4<f32>(v_15, v_1
	0x35, 0x2c, 0x20, 0x76, 0x5f, 0x31, 0x35, 0x2c, 0x20, 0x76, 0x5f, 0x31, 0x35, 0x29, 0x29, 0x20, // 5, v_15, v_15)) 
	0x2a, 0x20, 0x28, 0x76, 0x5f, 0x36, 0x20, 0x2a, 0x20, 0x76, 0x5f, 0x35, 0x29, 0x29, 0x3b, 0x0a, // * (v_6 * v_5));.
	0x20, 0x20, 0x7d, 0x20, 0x65, 0x6c, 0x73, 0x65, 0x20, 0x7b, 0x0a, 0x20, 0x20, 0x20, 0x20, 0x76, //   } else {.    v
	0x61, 0x72, 0x20, 0x76, 0x5f, 0x31, 0x36, 0x20, 0x3a, 0x20, 0x76, 0x65, 0x63, 0x34, 0x3c, 0x66, // ar v_16 : vec4<f
	0x33, 0x32, 0x3e, 0x3b, 0x0a, 0x20, 0x20, 0x20, 0x20, 0x69, 0x66, 0x20, 0x28, 0x28, 0x76, 0x5f, // 32>;.    if ((v_
	0x37, 0x20, 0x3d, 0x3d, 0x20, 0x31, 0x2e, 0x30, 0x66, 0x29, 0x29, 0x20, 0x7b, 0x0a, 0x20, 0x20, // 7 == 1.0f)) {.  
	0x20, 0x20, 0x20, 0x20, 0x6c, 0x65, 0x74, 0x20, 0x76, 0x5f, 0x31, 0x37, 0x20, 0x3d, 0x20, 0x74, //     let v_17 = t
	0x65, 0x78, 0x74, 0x75, 0x72, 0x65, 0x53, 0x61, 0x6d, 0x70, 0x6c, 0x65, 0x28, 0x73, 0x5f, 0x74, // extureSample(s_t
	0x65, 0x78, 0x54, 0x65, 0x78, 0x74, 0x75, 0x72, 0x65, 0x2c, 0x20, 0x73, 0x5f, 0x74, 0x65, 0x78, // exTexture, s_tex
	0x53, 0x61, 0x6d, 0x70, 0x6c, 0x65, 0x72, 0x2c, 0x20, 0x28, 0x28, 0x28, 0x76, 0x5f, 0x31, 0x20, // Sampler, (((v_1 
	0x2a, 0x20, 0x74, 0x72, 0x61, 0x6e, 0x73, 0x70, 0x6f, 0x73, 0x65, 0x28, 0x76, 0x2e, 0x75, 0x5f, // * transpose(v.u_
	0x70, 0x61, 0x69, 0x6e, 0x74, 0x4d, 0x61, 0x74, 0x29, 0x29, 0x29, 0x2e, 0x78, 0x79, 0x20, 0x2f, // paintMat))).xy /
	0x20, 0x76, 0x2e, 0x75, 0x5f, 0x65, 0x78, 0x74, 0x65, 0x6e, 0x74, 0x52, 0x61, 0x64, 0x69, 0x75, //  v.u_extentRadiu
	0x73, 0x2e, 0x78, 0x79, 0x29, 0x29, 0x3b, 0x0a, 0x20, 0x20, 0x20, 0x20, 0x20, 0x20, 0x6c, 0x65, // s.xy));.      le
	0x74, 0x20, 0x76, 0x5f, 0x31, 0x38, 0x20, 0x3d, 0x20, 0x76, 0x2e, 0x75, 0x5f, 0x70, 0x61, 0x72, // t v_18 = v.u_par
	0x61, 0x6d, 0x73, 0x2e, 0x7a, 0x3b, 0x0a, 0x20, 0x20, 0x20, 0x20, 0x20, 0x20, 0x76, 0x61, 0x72, // ams.z;.      var
	0x20, 0x76, 0x5f, 0x31, 0x39, 0x20, 0x3a, 0x20, 0x76, 0x65, 0x63, 0x34, 0x3c, 0x66, 0x33, 0x32, //  v_19 : vec4<f32
	0x3e, 0x3b, 0x0a, 0x20, 0x20, 0x20, 0x20, 0x20, 0x20, 0x69, 0x66, 0x20, 0x28, 0x28, 0x76, 0x5f, // >;.      if ((v_
	0x31, 0x38, 0x20, 0x3d, 0x3d, 0x20, 0x31, 0x2e, 0x30, 0x66, 0x29, 0x29, 0x20, 0x7b, 0x0a, 0x20, // 18 == 1.0f)) {. 
	0x20, 0x20, 0x20, 0x20, 0x20, 0x20, 0x20, 0x6c, 0x65, 0x74, 0x20, 0x76, 0x5f, 0x32, 0x30, 0x20, //        let v_20 
	0x3d, 0x20, 0x76, 0x5f, 0x31, 0x37, 0x2e, 0x77, 0x3b, 0x0a, 0x20, 0x20, 0x20, 0x20, 0x20, 0x20, // = v_17.w;.      
	0x20, 0x20, 0x6c, 0x65, 0x74, 0x20, 0x76, 0x5f, 0x32, 0x31, 0x20, 0x3d, 0x20, 0x28, 0x76, 0x5f, //   let v_21 = (v_
	0x31, 0x37, 0x2e, 0x78, 0x79, 0x7a, 0x20, 0x2a, 0x20, 0x76, 0x5f, 0x32, 0x30, 0x29, 0x3b, 0x0a, // 17.xyz * v_20);.
	0x20, 0x20, 0x20, 0x20, 0x20, 0x20, 0x20, 0x20, 0x76, 0x5f, 0x31, 0x39, 0x20, 0x3d, 0x20, 0x76, //         v_19 = v
	0x65, 0x63, 0x34, 0x3c, 0x66, 0x33, 0x32, 0x3e, 0x28, 0x76, 0x5f, 0x32, 0x31, 0x2e, 0x78, 0x2c, // ec4<f32>(v_21.x,
	0x20, 0x76, 0x5f, 0x32, 0x31, 0x2e, 0x79, 0x2c, 0x20, 0x76, 0x5f, 0x32, 0x31, 0x2e, 0x7a, 0x2c, //  v_21.y, v_21.z,
	0x20, 0x76, 0x5f, 0x32, 0x30, 0x29, 0x3b, 0x0a, 0x20, 0x20, 0x20, 0x20, 0x20, 0x20, 0x7d, 0x20, //  v_20);.      } 
	0x65, 0x6c, 0x73, 0x65, 0x20, 0x7b, 0x0a, 0x20, 0x20, 0x20, 0x20, 0x20, 0x20, 0x20, 0x20, 0x76, // else {.        v
	0x5f, 0x31, 0x39, 0x20, 0x3d, 0x20, 0x76, 0x5f, 0x31, 0x37, 0x3b, 0x0a, 0x20, 0x20, 0x20, 0x20, // _19 = v_17;.    
	0x20, 0x20, 0x7d, 0x0a, 0x20, 0x20, 0x20, 0x20, 0x20, 0x20, 0x6c, 0x65, 0x74, 0x20, 0x76, 0x5f, //   }.      let v_
	0x32, 0x32, 0x20, 0x3d, 0x20, 0x76, 0x5f, 0x31, 0x39, 0x3b, 0x0a, 0x20, 0x20, 0x20, 0x20, 0x20, // 22 = v_19;.     
	0x20, 0x76, 0x61, 0x72, 0x20, 0x76, 0x5f, 0x32, 0x33, 0x20, 0x3a, 0x20, 0x76, 0x65, 0x63, 0x34, //  var v_23 : vec4
	0x3c, 0x66, 0x33, 0x32, 0x3e, 0x3b, 0x0a, 0x20, 0x20, 0x20, 0x20, 0x20, 0x20, 0x69, 0x66, 0x20, // <f32>;.      if 
	0x28, 0x28, 0x76, 0x5f, 0x31, 0x38, 0x20, 0x3d, 0x3d, 0x20, 0x32, 0x2e, 0x30, 0x66, 0x29, 0x29, // ((v_18 == 2.0f))
	0x20, 0x7b, 0x0a, 0x20, 0x20, 0x20, 0x20, 0x20, 0x20, 0x20, 0x20, 0x76, 0x5f, 0x32, 0x33, 0x20, //  {.        v_23 
	0x3d, 0x20, 0x76, 0x5f, 0x32, 0x32, 0x2e, 0x78, 0x78, 0x78, 0x78, 0x3b, 0x0a, 0x20, 0x20, 0x20, // = v_22.xxxx;.   
	0x20, 0x20, 0x20, 0x7d, 0x20, 0x65, 0x6c, 0x73, 0x65, 0x20, 0x7b, 0x0a, 0x20, 0x20, 0x20, 0x20, //    } else {.    
	0x20, 0x20, 0x20, 0x20, 0x76, 0x5f, 0x32, 0x33, 0x20, 0x3d, 0x20, 0x76, 0x5f, 0x32, 0x32, 0x3b, //     v_23 = v_22;
	0x0a, 0x20, 0x20, 0x20, 0x20, 0x20, 0x20, 0x7d, 0x0a, 0x20, 0x20, 0x20, 0x20, 0x20, 0x20, 0x76, // .      }.      v
	0x5f, 0x31, 0x36, 0x20, 0x3d, 0x20, 0x28, 0x28, 0x76, 0x5f, 0x32, 0x33, 0x20, 0x2a, 0x20, 0x76, // _16 = ((v_23 * v
	0x2e, 0x75, 0x5f, 0x69, 0x6e, 0x6e, 0x65, 0x72, 0x43, 0x6f, 0x6c, 0x29, 0x20, 0x2a, 0x20, 0x28, // .u_innerCol) * (
	0x76, 0x5f, 0x36, 0x20, 0x2a, 0x20, 0x76, 0x5f, 0x35, 0x29, 0x29, 0x3b, 0x0a, 0x20, 0x20, 0x20, // v_6 * v_5));.   
	0x20, 0x7d, 0x20, 0x65, 0x6c, 0x73, 0x65, 0x20, 0x7b, 0x0a, 0x20, 0x20, 0x20, 0x20, 0x20, 0x20, //  } else {.      
	0x76, 0x61, 0x72, 0x20, 0x76, 0x5f, 0x32, 0x34, 0x20, 0x3a, 0x20, 0x76, 0x65, 0x63, 0x34, 0x3c, // var v_24 : vec4<
	0x66, 0x33, 0x32, 0x3e, 0x3b, 0x0a, 0x20, 0x20, 0x20, 0x20, 0x20, 0x20, 0x69, 0x66, 0x20, 0x28, // f32>;.      if (
	0x28, 0x76, 0x5f, 0x37, 0x20, 0x3d, 0x3d, 0x20, 0x32, 0x2e, 0x30, 0x66, 0x29, 0x29, 0x20, 0x7b, // (v_7 == 2.0f)) {
	0x0a, 0x20, 0x20, 0x20, 0x20, 0x20, 0x20, 0x20, 0x20, 0x76, 0x5f, 0x32, 0x34, 0x20, 0x3d, 0x20, // .        v_24 = 
	0x76, 0x65, 0x63, 0x34, 0x3c, 0x66, 0x33, 0x32, 0x3e, 0x28, 0x31, 0x2e, 0x30, 0x66, 0x29, 0x3b, // vec4<f32>(1.0f);
	0x0a, 0x20, 0x20, 0x20, 0x20, 0x20, 0x20, 0x7d, 0x20, 0x65, 0x6c, 0x73, 0x65, 0x20, 0x7b, 0x0a, // .      } else {.
	0x20, 0x20, 0x20, 0x20, 0x20, 0x20, 0x20, 0x20, 0x76, 0x61, 0x72, 0x20, 0x76, 0x5f, 0x32, 0x35, //         var v_25
	0x20, 0x3a, 0x20, 0x76, 0x65, 0x63, 0x34, 0x3c, 0x66, 0x33, 0x32, 0x3e, 0x3b, 0x0a, 0x20, 0x20, //  : vec4<f32>;.  
	0x20, 0x20, 0x20, 0x20, 0x20, 0x20, 0x69, 0x66, 0x20, 0x28, 0x28, 0x76, 0x5f, 0x37, 0x20, 0x3d, //       if ((v_7 =
	0x3d, 0x20, 0x33, 0x2e, 0x30, 0x66, 0x29, 0x29, 0x20, 0x7b, 0x0a, 0x20, 0x20, 0x20, 0x20, 0x20, // = 3.0f)) {.     
	0x20, 0x20, 0x20, 0x20, 0x20, 0x6c, 0x65, 0x74, 0x20, 0x76, 0x5f, 0x32, 0x36, 0x20, 0x3d, 0x20, //      let v_26 = 
	0x74, 0x65, 0x78, 0x74, 0x75, 0x72, 0x65, 0x53, 0x61, 0x6d, 0x70, 0x6c, 0x65, 0x28, 0x73, 0x5f, // textureSample(s_
	0x74, 0x65, 0x78, 0x54, 0x65, 0x78, 0x74, 0x75, 0x72, 0x65, 0x2c, 0x20, 0x73, 0x5f, 0x74, 0x65, // texTexture, s_te
	0x78, 0x53, 0x61, 0x6d, 0x70, 0x6c, 0x65, 0x72, 0x2c, 0x20, 0x76, 0x5f, 0x74, 0x65, 0x78, 0x63, // xSampler, v_texc
	0x6f, 0x6f, 0x72, 0x64, 0x30, 0x29, 0x3b, 0x0a, 0x20, 0x20, 0x20, 0x20, 0x20, 0x20, 0x20, 0x20, // oord0);.        
	0x20, 0x20, 0x6c, 0x65, 0x74, 0x20, 0x76, 0x5f, 0x32, 0x37, 0x20, 0x3d, 0x20, 0x76, 0x2e, 0x75, //   let v_27 = v.u
	0x5f, 0x70, 0x61, 0x72, 0x61, 0x6d, 0x73, 0x2e, 0x7a, 0x3b, 0x0a, 0x20, 0x20, 0x20, 0x20, 0x20, // _params.z;.     
	0x20, 0x20, 0x20, 0x20, 0x20, 0x76, 0x61, 0x72, 0x20, 0x76, 0x5f, 0x32, 0x38, 0x20, 0x3a, 0x20, //      var v_28 : 
	0x76, 0x65, 0x63, 0x34, 0x3c, 0x66, 0x33, 0x32, 0x3e, 0x3b, 0x0a, 0x20, 0x20, 0x20, 0x20, 0x20, // vec4<f32>;.     
	0x20, 0x20, 0x20, 0x20, 0x20, 0x69, 0x66, 0x20, 0x28, 0x28, 0x76, 0x5f, 0x32, 0x37, 0x20, 0x3d, //      if ((v_27 =
	0x3d, 0x20, 0x31, 0x2e, 0x30, 0x66, 0x29, 0x29, 0x20, 0x7b, 0x0a, 0x20, 0x20, 0x20, 0x20, 0x20, // = 1.0f)) {.     
	0x20, 0x20, 0x20, 0x20, 0x20, 0x20, 0x20, 0x6c, 0x65, 0x74, 0x20, 0x76, 0x5f, 0x32, 0x39, 0x20, //        let v_29 
	0x3d, 0x20, 0x76, 0x5f, 0x32, 0x36, 0x2e, 0x77, 0x3b, 0x0a, 0x20, 0x20, 0x20, 0x20, 0x20, 0x20, // = v_26.w;.      
	0x20, 0x20, 0x20, 0x20, 0x20, 0x20, 0x6c, 0x65, 0x74, 0x20, 0x76, 0x5f, 0x33, 0x30, 0x20, 0x3d, //       let v_30 =
	0x20, 0x28, 0x76, 0x5f, 0x32, 0x36, 0x2e, 0x78, 0x79, 0x7a, 0x20, 0x2a, 0x20, 0x76, 0x5f, 0x32, //  (v_26.xyz * v_2
	0x39, 0x29, 0x3b, 0x0a, 0x20, 0x20, 0x20, 0x20, 0x20, 0x20, 0x20, 0x20, 0x20, 0x20, 0x20, 0x20, // 9);.            
	0x76, 0x5f, 0x32, 0x38, 0x20, 0x3d, 0x20, 0x76, 0x65, 0x63, 0x34, 0x3c, 0x66, 0x33, 0x32, 0x3e, // v_28 = vec4<f32>
	0x28, 0x76, 0x5f, 0x33, 0x30, 0x2e, 0x78, 0x2c, 0x20, 0x76, 0x5f, 0x33, 0x30, 0x2e, 0x79, 0x2c, // (v_30.x, v_30.y,
	0x20, 0x76, 0x5f, 0x33, 0x30, 0x2e, 0x7a, 0x2c, 0x20, 0x76, 0x5f, 0x32, 0x39, 0x29, 0x3b, 0x0a, //  v_30.z, v_29);.
	0x20, 0x20, 0x20, 0x20, 0x20, 0x20, 0x20, 0x20, 0x20, 0x20, 0x7d, 0x20, 0x65, 0x6c, 0x73, 0x65, //           } else
	0x20, 0x7b, 0x0a, 0x20, 0x20, 0x20, 0x20, 0x20, 0x20, 0x20, 0x20, 0x20, 0x20, 0x20, 0x20, 0x76, //  {.            v
	0x5f, 0x32, 0x38, 0x20, 0x3d, 0x20, 0x76, 0x5f, 0x32, 0x36, 0x3b, 0x0a, 0x20, 0x20, 0x20, 0x20, // _28 = v_26;.    
	0x20, 0x20, 0x20, 0x20, 0x20, 0x20, 0x7d, 0x0a, 0x20, 0x20, 0x20, 0x20, 0x20, 0x20, 0x20, 0x20, //       }.        
	0x20, 0x20, 0x6c, 0x65, 0x74, 0x20, 0x76, 0x5f, 0x33, 0x31, 0x20, 0x3d, 0x20, 0x76, 0x5f, 0x32, //   let v_31 = v_2
	0x38, 0x3b, 0x0a, 0x20, 0x20, 0x20, 0x20, 0x20, 0x20, 0x20, 0x20, 0x20, 0x20, 0x76, 0x61, 0x72, // 8;.          var
	0x20, 0x76, 0x5f, 0x33, 0x32, 0x20, 0x3a, 0x20, 0x76, 0x65, 0x63, 0x34, 0x3c, 0x66, 0x33, 0x32, //  v_32 : vec4<f32
	0x3e, 0x3b, 0x0a, 0x20, 0x20, 0x20, 0x20, 0x20, 0x20, 0x20, 0x20, 0x20, 0x20, 0x69, 0x66, 0x20, // >;.          if 
	0x28, 0x28, 0x76, 0x5f, 0x32, 0x37, 0x20, 0x3d, 0x3d, 0x20, 0x32, 0x2e, 0x30, 0x66, 0x29, 0x29, // ((v_27 == 2.0f))
	0x20, 0x7b, 0x0a, 0x20, 0x20, 0x20, 0x20, 0x20, 0x20, 0x20, 0x20, 0x20, 0x20, 0x20, 0x20, 0x76, //  {.            v
	0x5f, 0x33, 0x32, 0x20, 0x3d, 0x20, 0x76, 0x5f, 0x33, 0x31, 0x2e, 0x78, 0x78, 0x78, 0x78, 0x3b, // _32 = v_31.xxxx;
	0x0a, 0x20, 0x20, 0x20, 0x20, 0x20, 0x20, 0x20, 0x20, 0x20, 0x20, 0x7d, 0x20, 0x65, 0x6c, 0x73, // .          } els
	0x65, 0x20, 0x7b, 0x0a, 0x20, 0x20, 0x20, 0x20, 0x20, 0x20, 0x20, 0x20, 0x20, 0x20, 0x20, 0x20, // e {.            
	0x76, 0x5f, 0x33, 0x32, 0x20, 0x3d, 0x20, 0x76, 0x5f, 0x33, 0x31, 0x3b, 0x0a, 0x20, 0x20, 0x20, // v_32 = v_31;.   
	0x20, 0x20, 0x20, 0x20, 0x20, 0x20, 0x20, 0x7d, 0x0a, 0x20, 0x20, 0x20, 0x20, 0x20, 0x20, 0x20, //        }.       
	0x20, 0x20, 0x20, 0x76, 0x5f, 0x32, 0x35, 0x20, 0x3d, 0x20, 0x28, 0x28, 0x76, 0x5f, 0x33, 0x32, //    v_25 = ((v_32
	0x20, 0x2a, 0x20, 0x76, 0x5f, 0x35, 0x29, 0x20, 0x2a, 0x20, 0x76, 0x2e, 0x75, 0x5f, 0x69, 0x6e, //  * v_5) * v.u_in
	0x6e, 0x65, 0x72, 0x43, 0x6f, 0x6c, 0x29, 0x3b, 0x0a, 0x20, 0x20, 0x20, 0x20, 0x20, 0x20, 0x20, // nerCol);.       
	0x20, 0x7d, 0x20, 0x65, 0x6c, 0x73, 0x65, 0x20, 0x7b, 0x0a, 0x20, 0x20, 0x20, 0x20, 0x20, 0x20, //  } else {.      
	0x20, 0x20, 0x20, 0x20, 0x76, 0x5f, 0x32, 0x35, 0x20, 0x3d, 0x20, 0x76, 0x65, 0x63, 0x34, 0x3c, //     v_25 = vec4<
	0x66, 0x33, 0x32, 0x3e, 0x28, 0x29, 0x3b, 0x0a, 0x20, 0x20, 0x20, 0x20, 0x20, 0x20, 0x20, 0x20, // f32>();.        
	0x7d, 0x0a, 0x20, 0x20, 0x20, 0x20, 0x20, 0x20, 0x20, 0x20, 0x76, 0x5f, 0x32, 0x34, 0x20, 0x3d, // }.        v_24 =
	0x20, 0x76, 0x5f, 0x32, 0x35, 0x3b, 0x0a, 0x20, 0x20, 0x20, 0x20, 0x20, 0x20, 0x7d, 0x0a, 0x20, //  v_25;.      }. 
	0x20, 0x20, 0x20, 0x20, 0x20, 0x76, 0x5f, 0x31, 0x36, 0x20, 0x3d, 0x20, 0x76, 0x5f, 0x32, 0x34, //      v_16 = v_24
	0x3b, 0x0a, 0x20, 0x20, 0x20, 0x20, 0x7d, 0x0a, 0x20, 0x20, 0x20, 0x20, 0x76, 0x5f, 0x38, 0x20, // ;.    }.    v_8 
	0x3d, 0x20, 0x76, 0x5f, 0x31, 0x36, 0x3b, 0x0a, 0x20, 0x20, 0x7d, 0x0a, 0x20, 0x20, 0x62, 0x67, // = v_16;.  }.  bg
	0x66, 0x78, 0x5f, 0x46, 0x72, 0x61, 0x67, 0x44, 0x61, 0x74, 0x61, 0x30, 0x20, 0x3d, 0x20, 0x76, // fx_FragData0 = v
	0x5f, 0x38, 0x3b, 0x0a, 0x7d, 0x0a, 0x0a, 0x40, 0x66, 0x72, 0x61, 0x67, 0x6d, 0x65, 0x6e, 0x74, // _8;.}..@fragment
	0x0a, 0x66, 0x6e, 0x20, 0x6d, 0x61, 0x69, 0x6e, 0x28, 0x40, 0x6c, 0x6f, 0x63, 0x61, 0x74, 0x69, // .fn main(@locati
	0x6f, 0x6e, 0x28, 0x30, 0x75, 0x29, 0x20, 0x76, 0x5f, 0x70, 0x6f, 0x73, 0x69, 0x74, 0x69, 0x6f, // on(0u) v_positio
	0x6e, 0x20, 0x3a, 0x20, 0x76, 0x65, 0x63, 0x32, 0x3c, 0x66, 0x33, 0x32, 0x3e, 0x2c, 0x20, 0x40, // n : vec2<f32>, @
	0x6c, 0x6f, 0x63, 0x61, 0x74, 0x69, 0x6f, 0x6e, 0x28, 0x31, 0x75, 0x29, 0x20, 0x76, 0x5f, 0x74, // location(1u) v_t
	0x65, 0x78, 0x63, 0x6f, 0x6f, 0x72, 0x64, 0x30, 0x20, 0x3a, 0x20, 0x76, 0x65, 0x63, 0x32, 0x3c, // excoord0 : vec2<
	0x66, 0x33, 0x32, 0x3e, 0x29, 0x20, 0x2d, 0x3e, 0x20, 0x40, 0x6c, 0x6f, 0x63, 0x61, 0x74, 0x69, // f32>) -> @locati
	0x6f, 0x6e, 0x28, 0x30, 0x75, 0x29, 0x20, 0x76, 0x65, 0x63, 0x34, 0x3c, 0x66, 0x33, 0x32, 0x3e, // on(0u) vec4<f32>
	0x20, 0x7b, 0x0a, 0x20, 0x20, 0x6d, 0x61, 0x69, 0x6e, 0x5f, 0x69, 0x6e, 0x6e, 0x65, 0x72, 0x28, //  {.  main_inner(
	0x76, 0x5f, 0x70, 0x6f, 0x73, 0x69, 0x74, 0x69, 0x6f, 0x6e, 0x2c, 0x20, 0x76, 0x5f, 0x74, 0x65, // v_position, v_te
	0x78, 0x63, 0x6f, 0x6f, 0x72, 0x64, 0x30, 0x29, 0x3b, 0x0a, 0x20, 0x20, 0x72, 0x65, 0x74, 0x75, // xcoord0);.  retu
	0x72, 0x6e, 0x20, 0x62, 0x67, 0x66, 0x78, 0x5f, 0x46, 0x72, 0x61, 0x67, 0x44, 0x61, 0x74, 0x61, // rn bgfx_FragData
	0x30, 0x3b, 0x0a, 0x7d, 0x0a, 0x00, 0x00, 0xb0, 0x00, 0xb0, 0x00,                               // 0;.}.......
};
static const uint8_t fs_nanovg_fill_dxbc[2428] =
{
	0x46, 0x53, 0x48, 0x0c, 0xcf, 0xda, 0x1b, 0x94, 0x00, 0x00, 0x00, 0x00, 0x00, 0x00, 0x00, 0x00, // FSH.............
	0x00, 0x00, 0x00, 0x00, 0x08, 0x00, 0x0c, 0x75, 0x5f, 0x73, 0x63, 0x69, 0x73, 0x73, 0x6f, 0x72, // .......u_scissor
	0x4d, 0x61, 0x74, 0x13, 0x00, 0x00, 0x00, 0x03, 0x00, 0x00, 0x00, 0x00, 0x00, 0x0a, 0x75, 0x5f, // Mat...........u_
	0x70, 0x61, 0x69, 0x6e, 0x74, 0x4d, 0x61, 0x74, 0x13, 0x00, 0x30, 0x00, 0x03, 0x00, 0x00, 0x00, // paintMat..0.....
	0x00, 0x00, 0x0a, 0x75, 0x5f, 0x69, 0x6e, 0x6e, 0x65, 0x72, 0x43, 0x6f, 0x6c, 0x12, 0x00, 0x60, // ...u_innerCol..`
	0x00, 0x01, 0x00, 0x00, 0x00, 0x00, 0x00, 0x0a, 0x75, 0x5f, 0x6f, 0x75, 0x74, 0x65, 0x72, 0x43, // ........u_outerC
	0x6f, 0x6c, 0x12, 0x00, 0x70, 0x00, 0x01, 0x00, 0x00, 0x00, 0x00, 0x00, 0x11, 0x75, 0x5f, 0x73, // ol..p........u_s
	0x63, 0x69, 0x73, 0x73, 0x6f, 0x72, 0x45, 0x78, 0x74, 0x53, 0x63, 0x61, 0x6c, 0x65, 0x12, 0x00, // cissorExtScale..
	0x80, 0x00, 0x01, 0x00, 0x00, 0x00, 0x00, 0x00, 0x0e, 0x75, 0x5f, 0x65, 0x78, 0x74, 0x65, 0x6e, // .........u_exten
	0x74, 0x52, 0x61, 0x64, 0x69, 0x75, 0x73, 0x12, 0x00, 0x90, 0x00, 0x01, 0x00, 0x00, 0x00, 0x00, // tRadius.........
	0x00, 0x08, 0x75, 0x5f, 0x70, 0x61, 0x72, 0x61, 0x6d, 0x73, 0x12, 0x00, 0xa0, 0x00, 0x01, 0x00, // ..u_params......
	0x00, 0x00, 0x00, 0x00, 0x05, 0x73, 0x5f, 0x74, 0x65, 0x78, 0x30, 0x01, 0x00, 0x00, 0x01, 0x00, // .....s_tex0.....
	0x00, 0x02, 0x00, 0x00, 0xb0, 0x08, 0x00, 0x00, 0x44, 0x58, 0x42, 0x43, 0x3f, 0x86, 0x86, 0x0a, // ........DXBC?...
	0xea, 0xf5, 0x27, 0x11, 0x51, 0x17, 0x18, 0x97, 0x9b, 0x8e, 0x53, 0xe7, 0x01, 0x00, 0x00, 0x00, // ..'.Q.....S.....
	0xb0, 0x08, 0x00, 0x00, 0x03, 0x00, 0x00, 0x00, 0x2c, 0x00, 0x00, 0x00, 0x9c, 0x00, 0x00, 0x00, // ........,.......
	0xd0, 0x00, 0x00, 0x00, 0x49, 0x53, 0x47, 0x4e, 0x68, 0x00, 0x00, 0x00, 0x03, 0x00, 0x00, 0x00, // ....ISGNh.......
	0x08, 0x00, 0x00, 0x00, 0x50, 0x00, 0x00, 0x00, 0x00, 0x00, 0x00, 0x00, 0x01, 0x00, 0x00, 0x00, // ....P...........
	0x03, 0x00, 0x00, 0x00, 0x00, 0x00, 0x00, 0x00, 0x0f, 0x00, 0x00, 0x00, 0x5c, 0x00, 0x00, 0x00, // ................
	0x00, 0x00, 0x00, 0x00, 0x00, 0x00, 0x00, 0x00, 0x03, 0x00, 0x00, 0x00, 0x01, 0x00, 0x00, 0x00, // ................
	0x03, 0x03, 0x00, 0x00, 0x5c, 0x00, 0x00, 0x00, 0x01, 0x00, 0x00, 0x00, 0x00, 0x00, 0x00, 0x00, // ................
	0x03, 0x00, 0x00, 0x00, 0x01, 0x00, 0x00, 0x00, 0x0c, 0x0c, 0x00, 0x00, 0x53, 0x56, 0x5f, 0x50, // ............SV_P
	0x4f, 0x53, 0x49, 0x54, 0x49, 0x4f, 0x4e, 0x00, 0x54, 0x45, 0x58, 0x43, 0x4f, 0x4f, 0x52, 0x44, // OSITION.TEXCOORD
	0x00, 0xab, 0xab, 0xab, 0x4f, 0x53, 0x47, 0x4e, 0x2c, 0x00, 0x00, 0x00, 0x01, 0x00, 0x00, 0x00, // ....OSGN,.......
	0x08, 0x00, 0x00, 0x00, 0x20, 0x00, 0x00, 0x00, 0x00, 0x00, 0x00, 0x00, 0x00, 0x00, 0x00, 0x00, // .... ...........
	0x03, 0x00, 0x00, 0x00, 0x00, 0x00, 0x00, 0x00, 0x0f, 0x00, 0x00, 0x00, 0x53, 0x56, 0x5f, 0x54, // ............SV_T
	0x41, 0x52, 0x47, 0x45, 0x54, 0x00, 0xab, 0xab, 0x53, 0x48, 0x45, 0x58, 0xd8, 0x07, 0x00, 0x00, // ARGET...SHEX....
	0x50, 0x00, 0x00, 0x00, 0xf6, 0x01, 0x00, 0x00, 0x6a, 0x08, 0x00, 0x01, 0x59, 0x00, 0x00, 0x04, // P.......j...Y...
	0x46, 0x8e, 0x20, 0x00, 0x00, 0x00, 0x00, 0x00, 0x0b, 0x00, 0x00, 0x00, 0x5a, 0x00, 0x00, 0x03, // F. .........Z...
	0x00, 0x60, 0x10, 0x00, 0x00, 0x00, 0x00, 0x00, 0x58, 0x18, 0x00, 0x04, 0x00, 0x70, 0x10, 0x00, // .`......X....p..
	0x00, 0x00, 0x00, 0x00, 0x55, 0x55, 0x00, 0x00, 0x62, 0x10, 0x00, 0x03, 0x32, 0x10, 0x10, 0x00, // ....UU..b...2...
	0x01, 0x00, 0x00, 0x00, 0x62, 0x10, 0x00, 0x03, 0xc2, 0x10, 0x10, 0x00, 0x01, 0x00, 0x00, 0x00, // ....b...........
	0x65, 0x00, 0x00, 0x03, 0xf2, 0x20, 0x10, 0x00, 0x00, 0x00, 0x00, 0x00, 0x68, 0x00, 0x00, 0x02, // e.... ......h...
	0x03, 0x00, 0x00, 0x00, 0x38, 0x00, 0x00, 0x08, 0x32, 0x00, 0x10, 0x00, 0x00, 0x00, 0x00, 0x00, // ....8...2.......
	0x56, 0x15, 0x10, 0x00, 0x01, 0x00, 0x00, 0x00, 0x46, 0x80, 0x20, 0x00, 0x00, 0x00, 0x00, 0x00, // V.......F. .....
	0x01, 0x00, 0x00, 0x00, 0x32, 0x00, 0x00, 0x0a, 0x32, 0x00, 0x10, 0x00, 0x00, 0x00, 0x00, 0x00, // ....2...2.......
	0x46, 0x80, 0x20, 0x00, 0x00, 0x00, 0x00, 0x00, 0x00, 0x00, 0x00, 0x00, 0x06, 0x10, 0x10, 0x00, // F. .............
	0x01, 0x00, 0x00, 0x00, 0x46, 0x00, 0x10, 0x00, 0x00, 0x00, 0x00, 0x00, 0x00, 0x00, 0x00, 0x08, // ....F...........
	0x32, 0x00, 0x10, 0x00, 0x00, 0x00, 0x00, 0x00, 0x46, 0x00, 0x10, 0x00, 0x00, 0x00, 0x00, 0x00, // 2.......F.......
	0x46, 0x80, 0x20, 0x00, 0x00, 0x00, 0x00, 0x00, 0x02, 0x00, 0x00, 0x00, 0x00, 0x00, 0x00, 0x0a, // F. .............
	0x32, 0x00, 0x10, 0x00, 0x00, 0x00, 0x00, 0x00, 0x46, 0x00, 0x10, 0x80, 0x81, 0x00, 0x00, 0x00, // 2.......F.......
	0x00, 0x00, 0x00, 0x00, 0x46, 0x80, 0x20, 0x80, 0x41, 0x00, 0x00, 0x00, 0x00, 0x00, 0x00, 0x00, // ....F. .A.......
	0x08, 0x00, 0x00, 0x00, 0x32, 0x20, 0x00, 0x0e, 0x32, 0x00, 0x10, 0x00, 0x00, 0x00, 0x00, 0x00, // ....2 ..2.......
	0x46, 0x00, 0x10, 0x80, 0x41, 0x00, 0x00, 0x00, 0x00, 0x00, 0x00, 0x00, 0xe6, 0x8a, 0x20, 0x00, // F...A......... .
	0x00, 0x00, 0x00, 0x00, 0x08, 0x00, 0x00, 0x00, 0x02, 0x40, 0x00, 0x00, 0x00, 0x00, 0x00, 0x3f, // .........@.....?
	0x00, 0x00, 0x00, 0x3f, 0x00, 0x00, 0x00, 0x00, 0x00, 0x00, 0x00, 0x00, 0x38, 0x00, 0x00, 0x07, // ...?........8...
	0x12, 0x00, 0x10, 0x00, 0x00, 0x00, 0x00, 0x00, 0x1a, 0x00, 0x10, 0x00, 0x00, 0x00, 0x00, 0x00, // ................
	0x0a, 0x00, 0x10, 0x00, 0x00, 0x00, 0x00, 0x00, 0x32, 0x00, 0x00, 0x09, 0x22, 0x00, 0x10, 0x00, // ........2..."...
	0x00, 0x00, 0x00, 0x00, 0x2a, 0x10, 0x10, 0x00, 0x01, 0x00, 0x00, 0x00, 0x01, 0x40, 0x00, 0x00, // ....*........@..
	0x00, 0x00, 0x00, 0x40, 0x01, 0x40, 0x00, 0x00, 0x00, 0x00, 0x80, 0xbf, 0x00, 0x00, 0x00, 0x08, // ...@.@..........
	0x22, 0x00, 0x10, 0x00, 0x00, 0x00, 0x00, 0x00, 0x1a, 0x00, 0x10, 0x80, 0xc1, 0x00, 0x00, 0x00, // "...............
	0x00, 0x00, 0x00, 0x00, 0x01, 0x40, 0x00, 0x00, 0x00, 0x00, 0x80, 0x3f, 0x38, 0x00, 0x00, 0x08, // .....@.....?8...
	0x22, 0x00, 0x10, 0x00, 0x00, 0x00, 0x00, 0x00, 0x1a, 0x00, 0x10, 0x00, 0x00, 0x00, 0x00, 0x00, // "...............
	0x1a, 0x80, 0x20, 0x00, 0x00, 0x00, 0x00, 0x00, 0x0a, 0x00, 0x00, 0x00, 0x33, 0x00, 0x00, 0x07, // .. .........3...
	0x22, 0x00, 0x10, 0x00, 0x00, 0x00, 0x00, 0x00, 0x1a, 0x00, 0x10, 0x00, 0x00, 0x00, 0x00, 0x00, // "...............
	0x01, 0x40, 0x00, 0x00, 0x00, 0x00, 0x80, 0x3f, 0x33, 0x00, 0x00, 0x07, 0x42, 0x00, 0x10, 0x00, // .@.....?3...B...
	0x00, 0x00, 0x00, 0x00, 0x3a, 0x10, 0x10, 0x00, 0x01, 0x00, 0x00, 0x00, 0x01, 0x40, 0x00, 0x00, // ....:........@..
	0x00, 0x00, 0x80, 0x3f, 0x38, 0x00, 0x00, 0x07, 0x22, 0x00, 0x10, 0x00, 0x00, 0x00, 0x00, 0x00, // ...?8...".......
	0x2a, 0x00, 0x10, 0x00, 0x00, 0x00, 0x00, 0x00, 0x1a, 0x00, 0x10, 0x00, 0x00, 0x00, 0x00, 0x00, // *...............
	0x18, 0x00, 0x00, 0x08, 0x42, 0x00, 0x10, 0x00, 0x00, 0x00, 0x00, 0x00, 0x3a, 0x80, 0x20, 0x00, // ....B.......:. .
	0x00, 0x00, 0x00, 0x00, 0x0a, 0x00, 0x00, 0x00, 0x01, 0x40, 0x00, 0x00, 0x00, 0x00, 0x00, 0x00, // .........@......
	0x1f, 0x00, 0x04, 0x03, 0x2a, 0x00, 0x10, 0x00, 0x00, 0x00, 0x00, 0x00, 0x38, 0x00, 0x00, 0x08, // ....*.......8...
	0xc2, 0x00, 0x10, 0x00, 0x00, 0x00, 0x00, 0x00, 0x56, 0x15, 0x10, 0x00, 0x01, 0x00, 0x00, 0x00, // ........V.......
	0x06, 0x84, 0x20, 0x00, 0x00, 0x00, 0x00, 0x00, 0x04, 0x00, 0x00, 0x00, 0x32, 0x00, 0x00, 0x0a, // .. .........2...
	0xc2, 0x00, 0x10, 0x00, 0x00, 0x00, 0x00, 0x00, 0x06, 0x84, 0x20, 0x00, 0x00, 0x00, 0x00, 0x00, // .......... .....
	0x03, 0x00, 0x00, 0x00, 0x06, 0x10, 0x10, 0x00, 0x01, 0x00, 0x00, 0x00, 0xa6, 0x0e, 0x10, 0x00, // ................
	0x00, 0x00, 0x00, 0x00, 0x00, 0x00, 0x00, 0x08, 0xc2, 0x00, 0x10, 0x00, 0x00, 0x00, 0x00, 0x00, // ................
	0xa6, 0x0e, 0x10, 0x00, 0x00, 0x00, 0x00, 0x00, 0x06, 0x84, 0x20, 0x00, 0x00, 0x00, 0x00, 0x00, // .......... .....
	0x05, 0x00, 0x00, 0x00, 0x00, 0x00, 0x00, 0x0a, 0x32, 0x00, 0x10, 0x00, 0x01, 0x00, 0x00, 0x00, // ........2.......
	0xa6, 0x8a, 0x20, 0x80, 0x41, 0x00, 0x00, 0x00, 0x00, 0x00, 0x00, 0x00, 0x09, 0x00, 0x00, 0x00, // .. .A...........
	0x46, 0x80, 0x20, 0x00, 0x00, 0x00, 0x00, 0x00, 0x09, 0x00, 0x00, 0x00, 0x00, 0x00, 0x00, 0x09, // F. .............
	0xc2, 0x00, 0x10, 0x00, 0x00, 0x00, 0x00, 0x00, 0xa6, 0x0e, 0x10, 0x80, 0x81, 0x00, 0x00, 0x00, // ................
	0x00, 0x00, 0x00, 0x00, 0x06, 0x04, 0x10, 0x80, 0x41, 0x00, 0x00, 0x00, 0x01, 0x00, 0x00, 0x00, // ........A.......
	0x34, 0x00, 0x00, 0x07, 0x12, 0x00, 0x10, 0x00, 0x01, 0x00, 0x00, 0x00, 0x3a, 0x00, 0x10, 0x00, // 4...........:...
	0x00, 0x00, 0x00, 0x00, 0x2a, 0x00, 0x10, 0x00, 0x00, 0x00, 0x00, 0x00, 0x33, 0x00, 0x00, 0x07, // ....*.......3...
	0x12, 0x00, 0x10, 0x00, 0x01, 0x00, 0x00, 0x00, 0x0a, 0x00, 0x10, 0x00, 0x01, 0x00, 0x00, 0x00, // ................
	0x01, 0x40, 0x00, 0x00, 0x00, 0x00, 0x00, 0x00, 0x34, 0x00, 0x00, 0x0a, 0xc2, 0x00, 0x10, 0x00, // .@......4.......
	0x00, 0x00, 0x00, 0x00, 0xa6, 0x0e, 0x10, 0x00, 0x00, 0x00, 0x00, 0x00, 0x02, 0x40, 0x00, 0x00, // .............@..
	0x00, 0x00, 0x00, 0x00, 0x00, 0x00, 0x00, 0x00, 0x00, 0x00, 0x00, 0x00, 0x00, 0x00, 0x00, 0x00, // ................
	0x0f, 0x00, 0x00, 0x07, 0x42, 0x00, 0x10, 0x00, 0x00, 0x00, 0x00, 0x00, 0xe6, 0x0a, 0x10, 0x00, // ....B...........
	0x00, 0x00, 0x00, 0x00, 0xe6, 0x0a, 0x10, 0x00, 0x00, 0x00, 0x00, 0x00, 0x4b, 0x00, 0x00, 0x05, // ............K...
	0x42, 0x00, 0x10, 0x00, 0x00, 0x00, 0x00, 0x00, 0x2a, 0x00, 0x10, 0x00, 0x00, 0x00, 0x00, 0x00, // B.......*.......
	0x00, 0x00, 0x00, 0x07, 0x42, 0x00, 0x10, 0x00, 0x00, 0x00, 0x00, 0x00, 0x2a, 0x00, 0x10, 0x00, // ....B.......*...
	0x00, 0x00, 0x00, 0x00, 0x0a, 0x00, 0x10, 0x00, 0x01, 0x00, 0x00, 0x00, 0x00, 0x00, 0x00, 0x09, // ................
	0x42, 0x00, 0x10, 0x00, 0x00, 0x00, 0x00, 0x00, 0x2a, 0x00, 0x10, 0x00, 0x00, 0x00, 0x00, 0x00, // B.......*.......
	0x2a, 0x80, 0x20, 0x80, 0x41, 0x00, 0x00, 0x00, 0x00, 0x00, 0x00, 0x00, 0x09, 0x00, 0x00, 0x00, // *. .A...........
	0x32, 0x00, 0x00, 0x0a, 0x42, 0x00, 0x10, 0x00, 0x00, 0x00, 0x00, 0x00, 0x0a, 0x80, 0x20, 0x00, // 2...B......... .
	0x00, 0x00, 0x00, 0x00, 0x0a, 0x00, 0x00, 0x00, 0x01, 0x40, 0x00, 0x00, 0x00, 0x00, 0x00, 0x3f, // .........@.....?
	0x2a, 0x00, 0x10, 0x00, 0x00, 0x00, 0x00, 0x00, 0x0e, 0x20, 0x00, 0x08, 0x42, 0x00, 0x10, 0x00, // *........ ..B...
	0x00, 0x00, 0x00, 0x00, 0x2a, 0x00, 0x10, 0x00, 0x00, 0x00, 0x00, 0x00, 0x0a, 0x80, 0x20, 0x00, // ....*......... .
	0x00, 0x00, 0x00, 0x00, 0x0a, 0x00, 0x00, 0x00, 0x00, 0x00, 0x00, 0x0a, 0xf2, 0x00, 0x10, 0x00, // ................
	0x01, 0x00, 0x00, 0x00, 0x46, 0x8e, 0x20, 0x80, 0x41, 0x00, 0x00, 0x00, 0x00, 0x00, 0x00, 0x00, // ....F. .A.......
	0x06, 0x00, 0x00, 0x00, 0x46, 0x8e, 0x20, 0x00, 0x00, 0x00, 0x00, 0x00, 0x07, 0x00, 0x00, 0x00, // ....F. .........
	0x32, 0x00, 0x00, 0x0a, 0xf2, 0x00, 0x10, 0x00, 0x01, 0x00, 0x00, 0x00, 0xa6, 0x0a, 0x10, 0x00, // 2...............
	0x00, 0x00, 0x00, 0x00, 0x46, 0x0e, 0x10, 0x00, 0x01, 0x00, 0x00, 0x00, 0x46, 0x8e, 0x20, 0x00, // ....F.......F. .
	0x00, 0x00, 0x00, 0x00, 0x06, 0x00, 0x00, 0x00, 0x38, 0x00, 0x00, 0x07, 0x42, 0x00, 0x10, 0x00, // ........8...B...
	0x00, 0x00, 0x00, 0x00, 0x0a, 0x00, 0x10, 0x00, 0x00, 0x00, 0x00, 0x00, 0x1a, 0x00, 0x10, 0x00, // ................
	0x00, 0x00, 0x00, 0x00, 0x38, 0x00, 0x00, 0x07, 0xf2, 0x20, 0x10, 0x00, 0x00, 0x00, 0x00, 0x00, // ....8.... ......
	0xa6, 0x0a, 0x10, 0x00, 0x00, 0x00, 0x00, 0x00, 0x46, 0x0e, 0x10, 0x00, 0x01, 0x00, 0x00, 0x00, // ........F.......
	0x12, 0x00, 0x00, 0x01, 0x18, 0x00, 0x00, 0x08, 0x42, 0x00, 0x10, 0x00, 0x00, 0x00, 0x00, 0x00, // ........B.......
	0x3a, 0x80, 0x20, 0x00, 0x00, 0x00, 0x00, 0x00, 0x0a, 0x00, 0x00, 0x00, 0x01, 0x40, 0x00, 0x00, // :. ..........@..
	0x00, 0x00, 0x80, 0x3f, 0x1f, 0x00, 0x04, 0x03, 0x2a, 0x00, 0x10, 0x00, 0x00, 0x00, 0x00, 0x00, // ...?....*.......
	0x38, 0x00, 0x00, 0x08, 0xc2, 0x00, 0x10, 0x00, 0x00, 0x00, 0x00, 0x00, 0x56, 0x15, 0x10, 0x00, // 8...........V...
	0x01, 0x00, 0x00, 0x00, 0x06, 0x84, 0x20, 0x00, 0x00, 0x00, 0x00, 0x00, 0x04, 0x00, 0x00, 0x00, // ...... .........
	0x32, 0x00, 0x00, 0x0a, 0xc2, 0x00, 0x10, 0x00, 0x00, 0x00, 0x00, 0x00, 0x06, 0x84, 0x20, 0x00, // 2............. .
	0x00, 0x00, 0x00, 0x00, 0x03, 0x00, 0x00, 0x00, 0x06, 0x10, 0x10, 0x00, 0x01, 0x00, 0x00, 0x00, // ................
	0xa6, 0x0e, 0x10, 0x00, 0x00, 0x00, 0x00, 0x00, 0x00, 0x00, 0x00, 0x08, 0xc2, 0x00, 0x10, 0x00, // ................
	0x00, 0x00, 0x00, 0x00, 0xa6, 0x0e, 0x10, 0x00, 0x00, 0x00, 0x00, 0x00, 0x06, 0x84, 0x20, 0x00, // .............. .
	0x00, 0x00, 0x00, 0x00, 0x05, 0x00, 0x00, 0x00, 0x0e, 0x00, 0x00, 0x08, 0xc2, 0x00, 0x10, 0x00, // ................
	0x00, 0x00, 0x00, 0x00, 0xa6, 0x0e, 0x10, 0x00, 0x00, 0x00, 0x00, 0x00, 0x06, 0x84, 0x20, 0x00, // .............. .
	0x00, 0x00, 0x00, 0x00, 0x09, 0x00, 0x00, 0x00, 0x45, 0x00, 0x00, 0x8b, 0xc2, 0x00, 0x00, 0x80, // ........E.......
	0x43, 0x55, 0x15, 0x00, 0xf2, 0x00, 0x10, 0x00, 0x01, 0x00, 0x00, 0x00, 0xe6, 0x0a, 0x10, 0x00, // CU..............
	0x00, 0x00, 0x00, 0x00, 0x46, 0x7e, 0x10, 0x00, 0x00, 0x00, 0x00, 0x00, 0x00, 0x60, 0x10, 0x00, // ....F~.......`..
	0x00, 0x00, 0x00, 0x00, 0x18, 0x00, 0x00, 0x0b, 0xc2, 0x00, 0x10, 0x00, 0x00, 0x00, 0x00, 0x00, // ................
	0xa6, 0x8a, 0x20, 0x00, 0x00, 0x00, 0x00, 0x00, 0x0a, 0x00, 0x00, 0x00, 0x02, 0x40, 0x00, 0x00, // .. ..........@..
	0x00, 0x00, 0x00, 0x00, 0x00, 0x00, 0x00, 0x00, 0x00, 0x00, 0x80, 0x3f, 0x00, 0x00, 0x00, 0x40, // ...........?...@
	0x38, 0x00, 0x00, 0x07, 0x72, 0x00, 0x10, 0x00, 0x02, 0x00, 0x00, 0x00, 0xf6, 0x0f, 0x10, 0x00, // 8...r...........
	0x01, 0x00, 0x00, 0x00, 0x46, 0x02, 0x10, 0x00, 0x01, 0x00, 0x00, 0x00, 0x37, 0x00, 0x00, 0x09, // ....F.......7...
	0x72, 0x00, 0x10, 0x00, 0x01, 0x00, 0x00, 0x00, 0xa6, 0x0a, 0x10, 0x00, 0x00, 0x00, 0x00, 0x00, // r...............
	0x46, 0x02, 0x10, 0x00, 0x02, 0x00, 0x00, 0x00, 0x46, 0x02, 0x10, 0x00, 0x01, 0x00, 0x00, 0x00, // F.......F.......
	0x37, 0x00, 0x00, 0x09, 0xe2, 0x00, 0x10, 0x00, 0x01, 0x00, 0x00, 0x00, 0xf6, 0x0f, 0x10, 0x00, // 7...............
	0x00, 0x00, 0x00, 0x00, 0x06, 0x00, 0x10, 0x00, 0x01, 0x00, 0x00, 0x00, 0x56, 0x0e, 0x10, 0x00, // ............V...
	0x01, 0x00, 0x00, 0x00, 0x38, 0x00, 0x00, 0x08, 0xf2, 0x00, 0x10, 0x00, 0x01, 0x00, 0x00, 0x00, // ....8...........
	0x46, 0x0e, 0x10, 0x00, 0x01, 0x00, 0x00, 0x00, 0x46, 0x8e, 0x20, 0x00, 0x00, 0x00, 0x00, 0x00, // F.......F. .....
	0x06, 0x00, 0x00, 0x00, 0x38, 0x00, 0x00, 0x07, 0x22, 0x00, 0x10, 0x00, 0x00, 0x00, 0x00, 0x00, // ....8...".......
	0x0a, 0x00, 0x10, 0x00, 0x00, 0x00, 0x00, 0x00, 0x1a, 0x00, 0x10, 0x00, 0x00, 0x00, 0x00, 0x00, // ................
	0x38, 0x00, 0x00, 0x07, 0xf2, 0x20, 0x10, 0x00, 0x00, 0x00, 0x00, 0x00, 0x56, 0x05, 0x10, 0x00, // 8.... ......V...
	0x00, 0x00, 0x00, 0x00, 0x46, 0x0e, 0x10, 0x00, 0x01, 0x00, 0x00, 0x00, 0x12, 0x00, 0x00, 0x01, // ....F...........
	0x18, 0x00, 0x00, 0x08, 0x22, 0x00, 0x10, 0x00, 0x00, 0x00, 0x00, 0x00, 0x3a, 0x80, 0x20, 0x00, // ....".......:. .
	0x00, 0x00, 0x00, 0x00, 0x0a, 0x00, 0x00, 0x00, 0x01, 0x40, 0x00, 0x00, 0x00, 0x00, 0x00, 0x40, // .........@.....@
	0x1f, 0x00, 0x04, 0x03, 0x1a, 0x00, 0x10, 0x00, 0x00, 0x00, 0x00, 0x00, 0x36, 0x00, 0x00, 0x08, // ............6...
	0xf2, 0x20, 0x10, 0x00, 0x00, 0x00, 0x00, 0x00, 0x02, 0x40, 0x00, 0x00, 0x00, 0x00, 0x80, 0x3f, // . .......@.....?
	0x00, 0x00, 0x80, 0x3f, 0x00, 0x00, 0x80, 0x3f, 0x00, 0x00, 0x80, 0x3f, 0x12, 0x00, 0x00, 0x01, // ...?...?...?....
	0x18, 0x00, 0x00, 0x08, 0x22, 0x00, 0x10, 0x00, 0x00, 0x00, 0x00, 0x00, 0x3a, 0x80, 0x20, 0x00, // ....".......:. .
	0x00, 0x00, 0x00, 0x00, 0x0a, 0x00, 0x00, 0x00, 0x01, 0x40, 0x00, 0x00, 0x00, 0x00, 0x40, 0x40, // .........@....@@
	0x1f, 0x00, 0x04, 0x03, 0x1a, 0x00, 0x10, 0x00, 0x00, 0x00, 0x00, 0x00, 0x45, 0x00, 0x00, 0x8b, // ............E...
	0xc2, 0x00, 0x00, 0x80, 0x43, 0x55, 0x15, 0x00, 0xf2, 0x00, 0x10, 0x00, 0x01, 0x00, 0x00, 0x00, // ....CU..........
	0xe6, 0x1a, 0x10, 0x00, 0x01, 0x00, 0x00, 0x00, 0x46, 0x7e, 0x10, 0x00, 0x00, 0x00, 0x00, 0x00, // ........F~......
	0x00, 0x60, 0x10, 0x00, 0x00, 0x00, 0x00, 0x00, 0x18, 0x00, 0x00, 0x0b, 0x62, 0x00, 0x10, 0x00, // .`..........b...
	0x00, 0x00, 0x00, 0x00, 0xa6, 0x8a, 0x20, 0x00, 0x00, 0x00, 0x00, 0x00, 0x0a, 0x00, 0x00, 0x00, // ...... .........
	0x02, 0x40, 0x00, 0x00, 0x00, 0x00, 0x00, 0x00, 0x00, 0x00, 0x80, 0x3f, 0x00, 0x00, 0x00, 0x40, // .@.........?...@
	0x00, 0x00, 0x00, 0x00, 0x38, 0x00, 0x00, 0x07, 0x72, 0x00, 0x10, 0x00, 0x02, 0x00, 0x00, 0x00, // ....8...r.......
	0xf6, 0x0f, 0x10, 0x00, 0x01, 0x00, 0x00, 0x00, 0x46, 0x02, 0x10, 0x00, 0x01, 0x00, 0x00, 0x00, // ........F.......
	0x37, 0x00, 0x00, 0x09, 0x72, 0x00, 0x10, 0x00, 0x01, 0x00, 0x00, 0x00, 0x56, 0x05, 0x10, 0x00, // 7...r.......V...
	0x00, 0x00, 0x00, 0x00, 0x46, 0x02, 0x10, 0x00, 0x02, 0x00, 0x00, 0x00, 0x46, 0x02, 0x10, 0x00, // ....F.......F...
	0x01, 0x00, 0x00, 0x00, 0x37, 0x00, 0x00, 0x09, 0xe2, 0x00, 0x10, 0x00, 0x01, 0x00, 0x00, 0x00, // ....7...........
	0xa6, 0x0a, 0x10, 0x00, 0x00, 0x00, 0x00, 0x00, 0x06, 0x00, 0x10, 0x00, 0x01, 0x00, 0x00, 0x00, // ................
	0x56, 0x0e, 0x10, 0x00, 0x01, 0x00, 0x00, 0x00, 0x38, 0x00, 0x00, 0x07, 0xf2, 0x00, 0x10, 0x00, // V.......8.......
	0x00, 0x00, 0x00, 0x00, 0x06, 0x00, 0x10, 0x00, 0x00, 0x00, 0x00, 0x00, 0x46, 0x0e, 0x10, 0x00, // ............F...
	0x01, 0x00, 0x00, 0x00, 0x38, 0x00, 0x00, 0x08, 0xf2, 0x20, 0x10, 0x00, 0x00, 0x00, 0x00, 0x00, // ....8.... ......
	0x46, 0x0e, 0x10, 0x00, 0x00, 0x00, 0x00, 0x00, 0x46, 0x8e, 0x20, 0x00, 0x00, 0x00, 0x00, 0x00, // F.......F. .....
	0x06, 0x00, 0x00, 0x00, 0x15, 0x00, 0x00, 0x01, 0x15, 0x00, 0x00, 0x01, 0x15, 0x00, 0x00, 0x01, // ................
	0x15, 0x00, 0x00, 0x01, 0x3e, 0x00, 0x00, 0x01, 0x00, 0x00, 0xb0, 0x00,                         // ....>.......
};
static const uint8_t fs_nanovg_fill_dxil[4132] =
{
	0x46, 0x53, 0x48, 0x0c, 0xcf, 0xda, 0x1b, 0x94, 0x00, 0x00, 0x00, 0x00, 0x00, 0x00, 0x00, 0x00, // FSH.............
	0x00, 0x00, 0x00, 0x00, 0x08, 0x00, 0x0c, 0x75, 0x5f, 0x73, 0x63, 0x69, 0x73, 0x73, 0x6f, 0x72, // .......u_scissor
	0x4d, 0x61, 0x74, 0x13, 0x00, 0x00, 0x00, 0x03, 0x00, 0x00, 0x00, 0x00, 0x00, 0x0a, 0x75, 0x5f, // Mat...........u_
	0x70, 0x61, 0x69, 0x6e, 0x74, 0x4d, 0x61, 0x74, 0x13, 0x00, 0x30, 0x00, 0x03, 0x00, 0x00, 0x00, // paintMat..0.....
	0x00, 0x00, 0x0a, 0x75, 0x5f, 0x69, 0x6e, 0x6e, 0x65, 0x72, 0x43, 0x6f, 0x6c, 0x12, 0x00, 0x60, // ...u_innerCol..`
	0x00, 0x01, 0x00, 0x00, 0x00, 0x00, 0x00, 0x0a, 0x75, 0x5f, 0x6f, 0x75, 0x74, 0x65, 0x72, 0x43, // ........u_outerC
	0x6f, 0x6c, 0x12, 0x00, 0x70, 0x00, 0x01, 0x00, 0x00, 0x00, 0x00, 0x00, 0x11, 0x75, 0x5f, 0x73, // ol..p........u_s
	0x63, 0x69, 0x73, 0x73, 0x6f, 0x72, 0x45, 0x78, 0x74, 0x53, 0x63, 0x61, 0x6c, 0x65, 0x12, 0x00, // cissorExtScale..
	0x80, 0x00, 0x01, 0x00, 0x00, 0x00, 0x00, 0x00, 0x0e, 0x75, 0x5f, 0x65, 0x78, 0x74, 0x65, 0x6e, // .........u_exten
	0x74, 0x52, 0x61, 0x64, 0x69, 0x75, 0x73, 0x12, 0x00, 0x90, 0x00, 0x01, 0x00, 0x00, 0x00, 0x00, // tRadius.........
	0x00, 0x08, 0x75, 0x5f, 0x70, 0x61, 0x72, 0x61, 0x6d, 0x73, 0x12, 0x00, 0xa0, 0x00, 0x01, 0x00, // ..u_params......
	0x00, 0x00, 0x00, 0x00, 0x05, 0x73, 0x5f, 0x74, 0x65, 0x78, 0x30, 0x01, 0x00, 0x00, 0x01, 0x00, // .....s_tex0.....
	0x00, 0x02, 0x00, 0x00, 0x58, 0x0f, 0x00, 0x00, 0x44, 0x58, 0x42, 0x43, 0x25, 0xef, 0x35, 0x35, // ....X...DXBC%.55
	0x24, 0x7f, 0x7a, 0x7f, 0xd6, 0xfd, 0xe0, 0x08, 0xdf, 0x29, 0x2b, 0x63, 0x01, 0x00, 0x00, 0x00, // $.z......)+c....
	0x58, 0x0f, 0x00, 0x00, 0x07, 0x00, 0x00, 0x00, 0x3c, 0x00, 0x00, 0x00, 0x4c, 0x00, 0x00, 0x00, // X.......<...L...
	0xd4, 0x00, 0x00, 0x00, 0x10, 0x01, 0x00, 0x00, 0x30, 0x02, 0x00, 0x00, 0x64, 0x02, 0x00, 0x00, // ........0...d...
	0x80, 0x02, 0x00, 0x00, 0x53, 0x46, 0x49, 0x30, 0x08, 0x00, 0x00, 0x00, 0x00, 0x00, 0x00, 0x00, // ....SFI0........
	0x00, 0x00, 0x00, 0x00, 0x49, 0x53, 0x47, 0x31, 0x80, 0x00, 0x00, 0x00, 0x03, 0x00, 0x00, 0x00, // ....ISG1........
	0x08, 0x00, 0x00, 0x00, 0x00, 0x00, 0x00, 0x00, 0x68, 0x00, 0x00, 0x00, 0x00, 0x00, 0x00, 0x00, // ........h.......
	0x01, 0x00, 0x00, 0x00, 0x03, 0x00, 0x00, 0x00, 0x00, 0x00, 0x00, 0x00, 0x0f, 0x00, 0x00, 0x00, // ................
	0x00, 0x00, 0x00, 0x00, 0x00, 0x00, 0x00, 0x00, 0x74, 0x00, 0x00, 0x00, 0x00, 0x00, 0x00, 0x00, // ........t.......
	0x00, 0x00, 0x00, 0x00, 0x03, 0x00, 0x00, 0x00, 0x01, 0x00, 0x00, 0x00, 0x03, 0x03, 0x00, 0x00, // ................
	0x00, 0x00, 0x00, 0x00, 0x00, 0x00, 0x00, 0x00, 0x74, 0x00, 0x00, 0x00, 0x01, 0x00, 0x00, 0x00, // ........t.......
	0x00, 0x00, 0x00, 0x00, 0x03, 0x00, 0x00, 0x00, 0x01, 0x00, 0x00, 0x00, 0x0c, 0x0c, 0x00, 0x00, // ................
	0x00, 0x00, 0x00, 0x00, 0x53, 0x56, 0x5f, 0x50, 0x6f, 0x73, 0x69, 0x74, 0x69, 0x6f, 0x6e, 0x00, // ....SV_Position.
	0x54, 0x45, 0x58, 0x43, 0x4f, 0x4f, 0x52, 0x44, 0x00, 0x00, 0x00, 0x00, 0x4f, 0x53, 0x47, 0x31, // TEXCOORD....OSG1
	0x34, 0x00, 0x00, 0x00, 0x01, 0x00, 0x00, 0x00, 0x08, 0x00, 0x00, 0x00, 0x00, 0x00, 0x00, 0x00, // 4...............
	0x28, 0x00, 0x00, 0x00, 0x00, 0x00, 0x00, 0x00, 0x40, 0x00, 0x00, 0x00, 0x03, 0x00, 0x00, 0x00, // (.......@.......
	0x00, 0x00, 0x00, 0x00, 0x0f, 0x00, 0x00, 0x00, 0x00, 0x00, 0x00, 0x00, 0x53, 0x56, 0x5f, 0x54, // ............SV_T
	0x61, 0x72, 0x67, 0x65, 0x74, 0x00, 0x00, 0x00, 0x50, 0x53, 0x56, 0x30, 0x18, 0x01, 0x00, 0x00, // arget...PSV0....
	0x38, 0x00, 0x00, 0x00, 0x00, 0x00, 0x00, 0x00, 0x00, 0x00, 0x00, 0x00, 0x00, 0x00, 0x00, 0x00, // 8...............
	0x00, 0x00, 0x00, 0x00, 0x00, 0x00, 0x00, 0x00, 0xff, 0xff, 0xff, 0xff, 0x00, 0x00, 0x00, 0x00, // ................
	0x03, 0x01, 0x00, 0x02, 0x01, 0x00, 0x00, 0x00, 0x00, 0x00, 0x00, 0x00, 0x00, 0x00, 0x00, 0x00, // ................
	0x00, 0x00, 0x00, 0x00, 0x13, 0x00, 0x00, 0x00, 0x00, 0x00, 0x00, 0x00, 0x03, 0x00, 0x00, 0x00, // ................
	0x18, 0x00, 0x00, 0x00, 0x02, 0x00, 0x00, 0x00, 0x00, 0x00, 0x00, 0x00, 0x00, 0x00, 0x00, 0x00, // ................
	0x00, 0x00, 0x00, 0x00, 0x0d, 0x00, 0x00, 0x00, 0x00, 0x00, 0x00, 0x00, 0x01, 0x00, 0x00, 0x00, // ................
	0x00, 0x00, 0x00, 0x00, 0x00, 0x00, 0x00, 0x00, 0x00, 0x00, 0x00, 0x00, 0x0e, 0x00, 0x00, 0x00, // ................
	0x00, 0x00, 0x00, 0x00, 0x03, 0x00, 0x00, 0x00, 0x00, 0x00, 0x00, 0x00, 0x00, 0x00, 0x00, 0x00, // ................
	0x00, 0x00, 0x00, 0x00, 0x02, 0x00, 0x00, 0x00, 0x00, 0x00, 0x00, 0x00, 0x18, 0x00, 0x00, 0x00, // ................
	0x00, 0x54, 0x45, 0x58, 0x43, 0x4f, 0x4f, 0x52, 0x44, 0x00, 0x54, 0x45, 0x58, 0x43, 0x4f, 0x4f, // .TEXCOORD.TEXCOO
	0x52, 0x44, 0x00, 0x6d, 0x61, 0x69, 0x6e, 0x00, 0x02, 0x00, 0x00, 0x00, 0x00, 0x00, 0x00, 0x00, // RD.main.........
	0x01, 0x00, 0x00, 0x00, 0x10, 0x00, 0x00, 0x00, 0x00, 0x00, 0x00, 0x00, 0x00, 0x00, 0x00, 0x00, // ................
	0x01, 0x00, 0x44, 0x03, 0x03, 0x04, 0x00, 0x00, 0x01, 0x00, 0x00, 0x00, 0x00, 0x00, 0x00, 0x00, // ..D.............
	0x01, 0x01, 0x42, 0x00, 0x03, 0x02, 0x00, 0x00, 0x0a, 0x00, 0x00, 0x00, 0x01, 0x00, 0x00, 0x00, // ..B.............
	0x01, 0x01, 0x62, 0x00, 0x03, 0x02, 0x00, 0x00, 0x00, 0x00, 0x00, 0x00, 0x00, 0x00, 0x00, 0x00, // ..b.............
	0x01, 0x00, 0x44, 0x10, 0x03, 0x00, 0x00, 0x00, 0x00, 0x00, 0x00, 0x00, 0x00, 0x00, 0x00, 0x00, // ..D.............
	0x00, 0x00, 0x00, 0x00, 0x00, 0x00, 0x00, 0x00, 0x0f, 0x00, 0x00, 0x00, 0x0f, 0x00, 0x00, 0x00, // ................
	0x0f, 0x00, 0x00, 0x00, 0x0f, 0x00, 0x00, 0x00, 0x49, 0x4c, 0x44, 0x4e, 0x2c, 0x00, 0x00, 0x00, // ........ILDN,...
	0x00, 0x00, 0x24, 0x00, 0x38, 0x37, 0x34, 0x62, 0x35, 0x37, 0x32, 0x34, 0x34, 0x30, 0x61, 0x34, // ..$.874b572440a4
	0x34, 0x36, 0x37, 0x33, 0x62, 0x35, 0x39, 0x62, 0x65, 0x35, 0x30, 0x34, 0x32, 0x34, 0x36, 0x30, // 4673b59be5042460
	0x32, 0x32, 0x34, 0x64, 0x2e, 0x70, 0x64, 0x62, 0x00, 0x00, 0x00, 0x00, 0x48, 0x41, 0x53, 0x48, // 224d.pdb....HASH
	0x14, 0x00, 0x00, 0x00, 0x00, 0x00, 0x00, 0x00, 0x87, 0x4b, 0x57, 0x24, 0x40, 0xa4, 0x46, 0x73, // .........KW$@.Fs
	0xb5, 0x9b, 0xe5, 0x04, 0x24, 0x60, 0x22, 0x4d, 0x44, 0x58, 0x49, 0x4c, 0xd0, 0x0c, 0x00, 0x00, // ....$`"MDXIL....
	0x60, 0x00, 0x00, 0x00, 0x34, 0x03, 0x00, 0x00, 0x44, 0x58, 0x49, 0x4c, 0x00, 0x01, 0x00, 0x00, // `...4...DXIL....
	0x10, 0x00, 0x00, 0x00, 0xb8, 0x0c, 0x00, 0x00, 0x42, 0x43, 0xc0, 0xde, 0x21, 0x0c, 0x00, 0x00, // ........BC..!...
	0x2b, 0x03, 0x00, 0x00, 0x0b, 0x82, 0x20, 0x00, 0x02, 0x00, 0x00, 0x00, 0x13, 0x00, 0x00, 0x00, // +..... .........
	0x07, 0x81, 0x23, 0x91, 0x41, 0xc8, 0x04, 0x49, 0x06, 0x10, 0x32, 0x39, 0x92, 0x01, 0x84, 0x0c, // ..#.A..I..29....
	0x25, 0x05, 0x08, 0x19, 0x1e, 0x04, 0x8b, 0x62, 0x80, 0x18, 0x45, 0x02, 0x42, 0x92, 0x0b, 0x42, // %......b..E.B..B
	0xc4, 0x10, 0x32, 0x14, 0x38, 0x08, 0x18, 0x4b, 0x0a, 0x32, 0x62, 0x88, 0x48, 0x90, 0x14, 0x20, // ..2.8..K.2b.H.. 
	0x43, 0x46, 0x88, 0xa5, 0x00, 0x19, 0x32, 0x42, 0xe4, 0x48, 0x0e, 0x90, 0x11, 0x23, 0xc4, 0x50, // CF....2B.H...#.P
	0x41, 0x51, 0x81, 0x8c, 0xe1, 0x83, 0xe5, 0x8a, 0x04, 0x31, 0x46, 0x06, 0x51, 0x18, 0x00, 0x00, // AQ.......1F.Q...
	0x08, 0x00, 0x00, 0x00, 0x1b, 0x8c, 0xe0, 0xff, 0xff, 0xff, 0xff, 0x07, 0x40, 0x02, 0xa8, 0x0d, // ............@...
	0x84, 0xf0, 0xff, 0xff, 0xff, 0xff, 0x03, 0x20, 0x6d, 0x30, 0x86, 0xff, 0xff, 0xff, 0xff, 0x1f, // ....... m0......
	0x00, 0x09, 0xa8, 0x00, 0x49, 0x18, 0x00, 0x00, 0x03, 0x00, 0x00, 0x00, 0x13, 0x82, 0x60, 0x42, // ....I.........`B
	0x20, 0x4c, 0x08, 0x06, 0x00, 0x00, 0x00, 0x00, 0x89, 0x20, 0x00, 0x00, 0x5b, 0x00, 0x00, 0x00, //  L....... ..[...
	0x32, 0x22, 0x88, 0x09, 0x20, 0x64, 0x85, 0x04, 0x13, 0x23, 0xa4, 0x84, 0x04, 0x13, 0x23, 0xe3, // 2".. d...#....#.
	0x84, 0xa1, 0x90, 0x14, 0x12, 0x4c, 0x8c, 0x8c, 0x0b, 0x84, 0xc4, 0x4c, 0x10, 0xa0, 0xc1, 0x08, // .....L.....L....
	0x40, 0x09, 0x00, 0x0a, 0x66, 0x00, 0xe6, 0x08, 0xc0, 0x60, 0x8e, 0x00, 0x29, 0xc6, 0x40, 0x10, // @...f....`..).@.
	0x44, 0x41, 0x90, 0x51, 0x0c, 0x80, 0x20, 0x88, 0x62, 0x20, 0xa4, 0x10, 0x03, 0x31, 0x0c, 0xa4, // DA.Q.. .b ...1..
	0x94, 0x61, 0x20, 0x06, 0x62, 0x6e, 0x1a, 0x2e, 0x7f, 0xc2, 0x1e, 0x42, 0xf2, 0x57, 0x42, 0x5a, // .a .bn.....B.WBZ
	0x89, 0xc9, 0x2f, 0x6e, 0x1b, 0x15, 0xc3, 0x30, 0x0c, 0x04, 0x15, 0xf7, 0x0c, 0x97, 0x3f, 0x61, // ../n...0......?a
	0x0f, 0x21, 0xf9, 0x21, 0xd0, 0x0c, 0x0b, 0x81, 0x82, 0xa7, 0x30, 0x0e, 0x01, 0x41, 0xc3, 0x30, // .!.!......0..A.0
	0x0c, 0x04, 0x41, 0x0c, 0x14, 0x1d, 0x35, 0x5c, 0xfe, 0x84, 0x3d, 0x84, 0xe4, 0x73, 0x1b, 0x55, // ..A...5...=..s.U
	0xac, 0xc4, 0xe4, 0x17, 0xb7, 0x8d, 0x88, 0x61, 0x18, 0x86, 0x42, 0x4c, 0x04, 0x44, 0x10, 0x55, // .......a..BL.D.U
	0x8a, 0x81, 0x18, 0x86, 0x81, 0xac, 0x39, 0x82, 0xa0, 0x18, 0x10, 0x51, 0x10, 0x04, 0x46, 0xd9, // ......9....Q..F.
	0x40, 0xc0, 0x30, 0x02, 0x31, 0xcc, 0xd4, 0x06, 0xe3, 0xc0, 0x0e, 0xe1, 0x30, 0x0f, 0xf3, 0xe0, // @.0.1.......0...
	0x06, 0xb4, 0x50, 0x0e, 0xf8, 0x40, 0x0f, 0xf5, 0x20, 0x0f, 0xe5, 0x20, 0x07, 0xa4, 0xc0, 0x07, // ..P..@.. .. ....
	0xf6, 0x50, 0x0e, 0xe3, 0x40, 0x0f, 0xef, 0x20, 0x0f, 0x7c, 0x60, 0x0e, 0xec, 0xf0, 0x0e, 0xe1, // .P..@.. .|`.....
	0x40, 0x0f, 0x6c, 0x00, 0x06, 0x74, 0xe0, 0x07, 0x60, 0xe0, 0x07, 0x7a, 0xa0, 0x07, 0xed, 0x90, // @.l..t..`..z....
	0x0e, 0xf0, 0x30, 0x0f, 0xbf, 0x40, 0x0f, 0xf9, 0x00, 0x0f, 0xe5, 0x80, 0x02, 0x62, 0x26, 0x31, // ..0..@.......b&1
	0x18, 0x07, 0x76, 0x08, 0x87, 0x79, 0x98, 0x07, 0x37, 0xa0, 0x85, 0x72, 0xc0, 0x07, 0x7a, 0xa8, // ..v..y..7..r..z.
	0x07, 0x79, 0x28, 0x07, 0x39, 0x20, 0x05, 0x3e, 0xb0, 0x87, 0x72, 0x18, 0x07, 0x7a, 0x78, 0x07, // .y(.9 .>..r..zx.
	0x79, 0xe0, 0x03, 0x73, 0x60, 0x87, 0x77, 0x08, 0x07, 0x7a, 0x60, 0x03, 0x30, 0xa0, 0x03, 0x3f, // y..s`.w..z`.0..?
	0x00, 0x03, 0x3f, 0x40, 0x02, 0xd7, 0x91, 0x37, 0x8c, 0x30, 0x0c, 0x39, 0x00, 0xce, 0x34, 0xa1, // ..?@...7.0.9..4.
	0xc3, 0x3b, 0xcc, 0x03, 0x3d, 0xb0, 0x43, 0x38, 0xe4, 0xc3, 0x3b, 0xd4, 0x03, 0x3d, 0xb8, 0x01, // .;..=.C8..;..=..
	0x19, 0x9c, 0x02, 0x3b, 0xbc, 0x83, 0x38, 0x84, 0x03, 0x3b, 0xcc, 0x03, 0x3a, 0xc2, 0x90, 0xe3, // ...;..8..;..:...
	0x38, 0x8e, 0x23, 0xf1, 0x26, 0x69, 0x8a, 0x28, 0x61, 0xf2, 0x59, 0x80, 0x79, 0x16, 0x22, 0x62, // 8.#.&i.(a.Y.y."b
	0x27, 0x60, 0x22, 0x50, 0x40, 0x10, 0x99, 0x0a, 0xc4, 0x14, 0x00, 0x00, 0x13, 0x14, 0x72, 0xc0, // '`"P@.........r.
	0x87, 0x74, 0x60, 0x87, 0x36, 0x68, 0x87, 0x79, 0x68, 0x03, 0x72, 0xc0, 0x87, 0x0d, 0xaf, 0x50, // .t`.6h.yh.r....P
	0x0e, 0x6d, 0xd0, 0x0e, 0x7a, 0x50, 0x0e, 0x6d, 0x00, 0x0f, 0x7a, 0x30, 0x07, 0x72, 0xa0, 0x07, // .m..zP.m..z0.r..
	0x73, 0x20, 0x07, 0x6d, 0x90, 0x0e, 0x71, 0xa0, 0x07, 0x73, 0x20, 0x07, 0x6d, 0x90, 0x0e, 0x78, // s .m..q..s .m..x
	0xa0, 0x07, 0x73, 0x20, 0x07, 0x6d, 0x90, 0x0e, 0x71, 0x60, 0x07, 0x7a, 0x30, 0x07, 0x72, 0xd0, // ..s .m..q`.z0.r.
	0x06, 0xe9, 0x30, 0x07, 0x72, 0xa0, 0x07, 0x73, 0x20, 0x07, 0x6d, 0x90, 0x0e, 0x76, 0x40, 0x07, // ..0.r..s .m..v@.
	0x7a, 0x60, 0x07, 0x74, 0xd0, 0x06, 0xe6, 0x10, 0x07, 0x76, 0xa0, 0x07, 0x73, 0x20, 0x07, 0x6d, // z`.t.....v..s .m
	0x60, 0x0e, 0x73, 0x20, 0x07, 0x7a, 0x30, 0x07, 0x72, 0xd0, 0x06, 0xe6, 0x60, 0x07, 0x74, 0xa0, // `.s .z0.r...`.t.
	0x07, 0x76, 0x40, 0x07, 0x6d, 0xe0, 0x0e, 0x78, 0xa0, 0x07, 0x71, 0x60, 0x07, 0x7a, 0x30, 0x07, // .v@.m..x..q`.z0.
	0x72, 0xa0, 0x07, 0x76, 0x40, 0x07, 0x43, 0x9e, 0x00, 0x00, 0x00, 0x00, 0x00, 0x00, 0x00, 0x00, // r..v@.C.........
	0x00, 0x00, 0x00, 0x86, 0x3c, 0x06, 0x10, 0x00, 0x01, 0x00, 0x00, 0x00, 0x00, 0x00, 0x00, 0x00, // ....<...........
	0x0c, 0x79, 0x10, 0x20, 0x00, 0x04, 0x00, 0x00, 0x00, 0x00, 0x00, 0x00, 0x00, 0x18, 0xf2, 0x28, // .y. ...........(
	0x40, 0x00, 0x04, 0x00, 0x00, 0x00, 0x00, 0x00, 0x00, 0x00, 0x30, 0xe4, 0x61, 0x80, 0x00, 0x08, // @.........0.a...
	0x00, 0x00, 0x00, 0x00, 0x00, 0x00, 0x00, 0x60, 0xc8, 0x13, 0x01, 0x01, 0x30, 0x00, 0x00, 0x00, // .......`....0...
	0x00, 0x00, 0x00, 0x00, 0xc0, 0x90, 0x87, 0x02, 0x02, 0x60, 0x00, 0x00, 0x00, 0x00, 0x00, 0x00, // .........`......
	0x00, 0x80, 0x21, 0x8f, 0x05, 0x04, 0x40, 0x00, 0x00, 0x00, 0x00, 0x00, 0x00, 0x00, 0x00, 0x43, // ..!...@........C
	0x9e, 0x0c, 0x08, 0x80, 0x01, 0x00, 0x00, 0x00, 0x00, 0x00, 0x00, 0x00, 0xb2, 0x40, 0x00, 0x00, // .............@..
	0x10, 0x00, 0x00, 0x00, 0x32, 0x1e, 0x98, 0x14, 0x19, 0x11, 0x4c, 0x90, 0x8c, 0x09, 0x26, 0x47, // ....2.....L...&G
	0xc6, 0x04, 0x43, 0x22, 0x4a, 0x60, 0x04, 0xa0, 0x28, 0x8a, 0xa1, 0x08, 0x4a, 0xa2, 0xc0, 0x05, // ..C"J`..(...J...
	0xca, 0xa0, 0x3c, 0xa8, 0x28, 0x89, 0x32, 0x28, 0x84, 0x11, 0x80, 0x22, 0x28, 0x10, 0xfa, 0x66, // ..<.(.2(..."(..f
	0x00, 0x68, 0x9c, 0x01, 0xa0, 0x72, 0x06, 0x80, 0xcc, 0xb1, 0x14, 0x84, 0x00, 0x00, 0x00, 0x78, // .h...r.........x
	0x9e, 0xe7, 0x01, 0x00, 0x79, 0x18, 0x00, 0x00, 0x68, 0x00, 0x00, 0x00, 0x1a, 0x03, 0x4c, 0x90, // ....y...h.....L.
	0x46, 0x02, 0x13, 0xc4, 0x8f, 0x0c, 0x6f, 0xec, 0xed, 0x4d, 0x0c, 0x24, 0xc6, 0x25, 0x06, 0xc6, // F.....o..M.$.%..
	0x45, 0xc6, 0x06, 0xa6, 0xc6, 0x65, 0xe6, 0x06, 0x04, 0x65, 0x8c, 0x86, 0x0c, 0xc7, 0x8c, 0xc6, // E....e...e......
	0x2c, 0x27, 0x27, 0x65, 0x43, 0x10, 0x4c, 0x10, 0x88, 0x64, 0x82, 0x40, 0x28, 0x1b, 0x84, 0x81, // ,''eC.L..d.@(...
	0x98, 0x20, 0x10, 0xcb, 0x06, 0x61, 0x30, 0x28, 0xc0, 0xcd, 0x4d, 0x10, 0x08, 0x66, 0xc3, 0x80, // . ...a0(..M..f..
	0x24, 0xc4, 0x04, 0xe1, 0xc3, 0x08, 0x4c, 0x10, 0x88, 0x66, 0x82, 0x40, 0x38, 0x1b, 0x04, 0xc2, // $.....L..f.@8...
	0xd9, 0x90, 0x10, 0x0b, 0x43, 0x10, 0x43, 0x43, 0x3c, 0x1b, 0x02, 0x68, 0x82, 0x30, 0x06, 0xd9, // ....C.CC<..h.0..
	0x04, 0x81, 0x78, 0x36, 0x20, 0x84, 0xc4, 0x10, 0xc4, 0x30, 0x01, 0x1b, 0x02, 0x6a, 0x82, 0x50, // ..x6 ....0...j.P
	0x06, 0xda, 0x06, 0x84, 0xb0, 0x18, 0x82, 0x18, 0x08, 0x60, 0x43, 0x70, 0x6d, 0x20, 0x22, 0xa0, // .........`Cpm ".
	0xc2, 0x26, 0x08, 0x66, 0xb0, 0x6d, 0x08, 0xb4, 0x09, 0x82, 0x00, 0x90, 0x68, 0x0b, 0x4b, 0x73, // .&.f.m......h.Ks
	0xe3, 0x32, 0x65, 0xf5, 0x05, 0xf5, 0x36, 0x97, 0x46, 0x97, 0xf6, 0xe6, 0x36, 0x41, 0x28, 0xa4, // .2e...6.F...6A(.
	0x09, 0x42, 0x31, 0x6d, 0x08, 0x88, 0x09, 0x42, 0x41, 0x4d, 0x10, 0x8a, 0x6a, 0xc3, 0x42, 0x78, // .B1m...BAM..j.Bx
	0x1f, 0x18, 0x84, 0x81, 0x18, 0x0c, 0x62, 0x40, 0x8c, 0x01, 0x40, 0x84, 0xaa, 0x08, 0x6b, 0xe8, // ......b@..@...k.
	0xe9, 0x49, 0x8a, 0x68, 0x82, 0x50, 0x58, 0x13, 0x04, 0x02, 0xda, 0x20, 0x9c, 0xc1, 0x19, 0x6c, // .I.h.PX.... ...l
	0x58, 0x86, 0x32, 0xf8, 0xc6, 0x20, 0x0c, 0xcc, 0x60, 0x30, 0x83, 0x61, 0x0c, 0xd0, 0x60, 0x43, // X.2.. ..`0.a..`C
	0x30, 0x6c, 0x58, 0x9a, 0x32, 0xf8, 0xc6, 0x40, 0x0d, 0xcc, 0x60, 0x30, 0x83, 0xc1, 0x0c, 0xd0, // 0lX.2..@..`0....
	0x60, 0xc3, 0x40, 0x06, 0x69, 0xb0, 0x06, 0x4c, 0xa6, 0xac, 0xbe, 0xa8, 0xc2, 0xe4, 0xce, 0xca, // `.@.i..L........
	0xe8, 0x26, 0x08, 0xc5, 0x35, 0x41, 0x20, 0xa2, 0x0d, 0xc2, 0x19, 0xbc, 0xc1, 0x86, 0x85, 0x68, // .&..5A ........h
	0x83, 0xcf, 0x0d, 0xc2, 0x60, 0x0c, 0x06, 0x31, 0x20, 0xc6, 0x00, 0x0e, 0x36, 0x04, 0x71, 0xb0, // ....`..1 ...6.q.
	0x61, 0x60, 0x03, 0x39, 0x00, 0x36, 0x14, 0x5c, 0x37, 0x07, 0x19, 0x50, 0x85, 0x8d, 0xcd, 0xae, // a`.9.6..7..P....
	0xcd, 0x25, 0x8d, 0xac, 0xcc, 0x8d, 0x6e, 0x4a, 0x10, 0x54, 0x21, 0xc3, 0x73, 0xb1, 0x2b, 0x93, // .%....nJ.T!.s.+.
	0x9b, 0x4b, 0x7b, 0x73, 0x9b, 0x12, 0x10, 0x4d, 0xc8, 0xf0, 0x5c, 0xec, 0xc2, 0xd8, 0xec, 0xca, // .K{s...M........
	0xe4, 0xa6, 0x04, 0x46, 0x1d, 0x32, 0x3c, 0x97, 0x39, 0xb4, 0x30, 0xb2, 0x32, 0xb9, 0xa6, 0x37, // ...F.2<.9.0.2..7
	0xb2, 0x32, 0xb6, 0x29, 0x41, 0x52, 0x86, 0x0c, 0xcf, 0x45, 0xae, 0x6c, 0xee, 0xad, 0x4e, 0x6e, // .2.)AR...E.l..Nn
	0xac, 0x6c, 0x6e, 0x4a, 0x80, 0xd5, 0x21, 0xc3, 0x73, 0xb1, 0x4b, 0x2b, 0xbb, 0x4b, 0x22, 0x9b, // .lnJ..!.s.K+.K".
	0xa2, 0x0b, 0xa3, 0x2b, 0x9b, 0x12, 0x68, 0x75, 0xc8, 0xf0, 0x5c, 0xca, 0xdc, 0xe8, 0xe4, 0xf2, // ...+..hu........
	0xa0, 0xde, 0xd2, 0xdc, 0xe8, 0xe6, 0xa6, 0x04, 0x73, 0x00, 0x00, 0x00, 0x79, 0x18, 0x00, 0x00, // ........s...y...
	0x51, 0x00, 0x00, 0x00, 0x33, 0x08, 0x80, 0x1c, 0xc4, 0xe1, 0x1c, 0x66, 0x14, 0x01, 0x3d, 0x88, // Q...3......f..=.
	0x43, 0x38, 0x84, 0xc3, 0x8c, 0x42, 0x80, 0x07, 0x79, 0x78, 0x07, 0x73, 0x98, 0x71, 0x0c, 0xe6, // C8...B..yx.s.q..
	0x00, 0x0f, 0xed, 0x10, 0x0e, 0xf4, 0x80, 0x0e, 0x33, 0x0c, 0x42, 0x1e, 0xc2, 0xc1, 0x1d, 0xce, // ........3.B.....
	0xa1, 0x1c, 0x66, 0x30, 0x05, 0x3d, 0x88, 0x43, 0x38, 0x84, 0x83, 0x1b, 0xcc, 0x03, 0x3d, 0xc8, // ..f0.=.C8.....=.
	0x43, 0x3d, 0x8c, 0x03, 0x3d, 0xcc, 0x78, 0x8c, 0x74, 0x70, 0x07, 0x7b, 0x08, 0x07, 0x79, 0x48, // C=..=.x.tp.{..yH
	0x87, 0x70, 0x70, 0x07, 0x7a, 0x70, 0x03, 0x76, 0x78, 0x87, 0x70, 0x20, 0x87, 0x19, 0xcc, 0x11, // .pp.zp.vx.p ....
	0x0e, 0xec, 0x90, 0x0e, 0xe1, 0x30, 0x0f, 0x6e, 0x30, 0x0f, 0xe3, 0xf0, 0x0e, 0xf0, 0x50, 0x0e, // .....0.n0.....P.
	0x33, 0x10, 0xc4, 0x1d, 0xde, 0x21, 0x1c, 0xd8, 0x21, 0x1d, 0xc2, 0x61, 0x1e, 0x66, 0x30, 0x89, // 3....!..!..a.f0.
	0x3b, 0xbc, 0x83, 0x3b, 0xd0, 0x43, 0x39, 0xb4, 0x03, 0x3c, 0xbc, 0x83, 0x3c, 0x84, 0x03, 0x3b, // ;..;.C9..<..<..;
	0xcc, 0xf0, 0x14, 0x76, 0x60, 0x07, 0x7b, 0x68, 0x07, 0x37, 0x68, 0x87, 0x72, 0x68, 0x07, 0x37, // ...v`.{h.7h.rh.7
	0x80, 0x87, 0x70, 0x90, 0x87, 0x70, 0x60, 0x07, 0x76, 0x28, 0x07, 0x76, 0xf8, 0x05, 0x76, 0x78, // ..p..p`.v(.v..vx
	0x87, 0x77, 0x80, 0x87, 0x5f, 0x08, 0x87, 0x71, 0x18, 0x87, 0x72, 0x98, 0x87, 0x79, 0x98, 0x81, // .w.._..q..r..y..
	0x2c, 0xee, 0xf0, 0x0e, 0xee, 0xe0, 0x0e, 0xf5, 0xc0, 0x0e, 0xec, 0x30, 0x03, 0x62, 0xc8, 0xa1, // ,..........0.b..
	0x1c, 0xe4, 0xa1, 0x1c, 0xcc, 0xa1, 0x1c, 0xe4, 0xa1, 0x1c, 0xdc, 0x61, 0x1c, 0xca, 0x21, 0x1c, // ...........a..!.
	0xc4, 0x81, 0x1d, 0xca, 0x61, 0x06, 0xd6, 0x90, 0x43, 0x39, 0xc8, 0x43, 0x39, 0x98, 0x43, 0x39, // ....a...C9.C9.C9
	0xc8, 0x43, 0x39, 0xb8, 0xc3, 0x38, 0x94, 0x43, 0x38, 0x88, 0x03, 0x3b, 0x94, 0xc3, 0x2f, 0xbc, // .C9..8.C8..;../.
	0x83, 0x3c, 0xfc, 0x82, 0x3b, 0xd4, 0x03, 0x3b, 0xb0, 0xc3, 0x0c, 0xc4, 0x21, 0x07, 0x7c, 0x70, // .<..;..;....!.|p
	0x03, 0x7a, 0x28, 0x87, 0x76, 0x80, 0x87, 0x19, 0xd1, 0x43, 0x0e, 0xf8, 0xe0, 0x06, 0xe4, 0x20, // .z(.v....C..... 
	0x0e, 0xe7, 0xe0, 0x06, 0xf6, 0x10, 0x0e, 0xf2, 0xc0, 0x0e, 0xe1, 0x90, 0x0f, 0xef, 0x50, 0x0f, // ..............P.
	0xf4, 0x30, 0x83, 0x81, 0xc8, 0x01, 0x1f, 0xdc, 0x40, 0x1c, 0xe4, 0xa1, 0x1c, 0xc2, 0x61, 0x1d, // .0......@.....a.
	0xdc, 0x40, 0x1c, 0xe4, 0x01, 0x00, 0x00, 0x00, 0x71, 0x20, 0x00, 0x00, 0x23, 0x00, 0x00, 0x00, // .@......q ..#...
	0x36, 0x00, 0x0d, 0x97, 0xef, 0x3c, 0x7e, 0x80, 0x34, 0x40, 0x84, 0xf9, 0xc5, 0x6d, 0x9b, 0xc1, // 6....<~.4@...m..
	0x36, 0x5c, 0xbe, 0xf3, 0xf8, 0x42, 0x40, 0x15, 0x05, 0x11, 0x95, 0x0e, 0x30, 0x94, 0x84, 0x01, // 6....B@.....0...
	0x08, 0x98, 0x5f, 0xdc, 0xb6, 0x21, 0x48, 0xc3, 0xe5, 0x3b, 0x8f, 0x2f, 0x44, 0x04, 0x30, 0x11, // .._..!H..;./D.0.
	0x21, 0xd0, 0x0c, 0x0b, 0x61, 0x01, 0xd3, 0x70, 0xf9, 0xce, 0xe3, 0x2f, 0x0e, 0x30, 0x88, 0xcd, // !...a..p.../.0..
	0x43, 0x4d, 0x7e, 0x71, 0xdb, 0x56, 0x00, 0x0d, 0x97, 0xef, 0x3c, 0xbe, 0x04, 0x30, 0xcf, 0x42, // CM~q.V....<..0.B
	0xf8, 0xc5, 0x6d, 0x9b, 0x40, 0x35, 0x5c, 0xbe, 0xf3, 0xf8, 0xd2, 0xe4, 0x44, 0x04, 0x4a, 0x4d, // ..m.@5......D.JM
	0x0f, 0x35, 0xf9, 0xc5, 0x6d, 0xdb, 0x81, 0x34, 0x5c, 0xbe, 0xf3, 0xf8, 0x13, 0x11, 0x4d, 0x08, // .5..m..4......M.
	0x10, 0x61, 0x7e, 0x71, 0xdb, 0x46, 0xf0, 0x0c, 0x97, 0xef, 0x3c, 0x3e, 0xd5, 0x00, 0x11, 0xe6, // .a~q.F....<>....
	0x17, 0xb7, 0x6d, 0x00, 0x04, 0x03, 0x20, 0x0d, 0x00, 0x00, 0x00, 0x00, 0x61, 0x20, 0x00, 0x00, // ..m... .....a ..
	0x72, 0x01, 0x00, 0x00, 0x13, 0x04, 0x4c, 0x2c, 0x10, 0x00, 0x00, 0x00, 0x11, 0x00, 0x00, 0x00, // r.....L,........
	0x84, 0x8d, 0x00, 0x50, 0x51, 0x02, 0x44, 0x94, 0x43, 0xc1, 0x14, 0x44, 0xe1, 0x95, 0x5c, 0xd9, // ...PQ.D.C..D....
	0x15, 0xc2, 0x0c, 0x40, 0x71, 0x95, 0x51, 0x21, 0x95, 0x02, 0x0d, 0x63, 0x04, 0x20, 0x08, 0x82, // ...@q.Q!...c. ..
	0x24, 0x18, 0x8c, 0x11, 0x80, 0x20, 0x08, 0xe2, 0xbf, 0x30, 0x46, 0x00, 0x82, 0x20, 0x08, 0x7f, // $.... ...0F.. ..
	0x63, 0x04, 0x20, 0x08, 0x82, 0x20, 0x18, 0x8c, 0x00, 0xcc, 0x00, 0x8c, 0x11, 0x80, 0x20, 0x08, // c. .. ........ .
	0xe2, 0x1f, 0x00, 0x00, 0x23, 0x06, 0x09, 0x00, 0x82, 0x60, 0x90, 0xa5, 0xc1, 0xc3, 0x9d, 0xc1, // ....#....`......
	0x19, 0x54, 0x23, 0x06, 0x09, 0x00, 0x82, 0x60, 0x90, 0xa9, 0x01, 0xf4, 0xa1, 0x01, 0x1a, 0x58, // .T#....`.......X
	0x23, 0x06, 0x09, 0x00, 0x82, 0x60, 0x90, 0xad, 0x41, 0xd4, 0xa5, 0x41, 0x1a, 0x5c, 0x23, 0x06, // #....`..A..A..#.
	0x09, 0x00, 0x82, 0x60, 0x60, 0xcc, 0x01, 0x74, 0x06, 0x6a, 0xf0, 0x3d, 0x23, 0x06, 0x09, 0x00, // ...``..t.j.=#...
	0x82, 0x60, 0x60, 0xd0, 0x41, 0x84, 0x06, 0x6b, 0x80, 0x41, 0x23, 0x06, 0x09, 0x00, 0x82, 0x60, // .``.A..k.A#....`
	0x60, 0xd4, 0x81, 0xd4, 0x06, 0x6c, 0x10, 0x06, 0xd1, 0x88, 0x41, 0x02, 0x80, 0x20, 0x18, 0x18, // `....l....A.. ..
	0x76, 0x30, 0xb9, 0x41, 0x1b, 0x68, 0xd2, 0x88, 0xc1, 0x01, 0x80, 0x20, 0x18, 0x50, 0x72, 0x50, // v0.A.h..... .PrP
	0x15, 0x6e, 0x30, 0x9a, 0x10, 0x00, 0xa3, 0x09, 0x42, 0x30, 0x62, 0x70, 0x00, 0x20, 0x08, 0x06, // .n0.....B0bp. ..
	0x54, 0x1d, 0x60, 0x88, 0x1c, 0x8c, 0x26, 0x04, 0xc0, 0x68, 0x82, 0x10, 0x8c, 0x18, 0x1c, 0x00, // T.`...&..h......
	0x08, 0x82, 0x01, 0x85, 0x07, 0xdb, 0x12, 0x07, 0xa3, 0x09, 0x01, 0x30, 0x9a, 0x20, 0x04, 0x86, // ...........0. ..
	0x2c, 0xf2, 0x19, 0x31, 0x40, 0x00, 0x10, 0x04, 0x03, 0x6b, 0x0f, 0x38, 0x63, 0x09, 0x8c, 0x08, // ,..1@....k.8c...
	0xa0, 0x63, 0x8a, 0x23, 0x9f, 0x11, 0x03, 0x04, 0x00, 0x41, 0x30, 0xb0, 0xfc, 0xe0, 0x43, 0x9c, // .c.#.....A0...C.
	0xc0, 0x02, 0x03, 0x3a, 0x23, 0x06, 0x06, 0x00, 0x82, 0x60, 0xc0, 0x8c, 0xc2, 0x1e, 0x10, 0x23, // ...:#....`.....#
	0x06, 0x06, 0x00, 0x82, 0x60, 0xc0, 0x90, 0x02, 0x1f, 0x08, 0x23, 0x06, 0x07, 0x00, 0x82, 0x60, // ....`.....#....`
	0x40, 0x8d, 0x82, 0x19, 0x58, 0x69, 0x30, 0x9a, 0x10, 0x00, 0xa3, 0x09, 0x42, 0x60, 0x85, 0x10, // @...Xi0.....B`..
	0x1f, 0x2b, 0x84, 0xf8, 0x8c, 0x26, 0x14, 0xc2, 0x68, 0x82, 0x31, 0x18, 0x21, 0xc8, 0xc7, 0x08, // .+...&..h.1.!...
	0x41, 0x3e, 0x66, 0x06, 0x42, 0x7c, 0xec, 0x0c, 0x84, 0xf8, 0x8c, 0x18, 0x1c, 0x00, 0x08, 0x82, // A>f.B|..........
	0x81, 0x12, 0x0b, 0x6d, 0x20, 0x98, 0xc1, 0x88, 0xc1, 0x01, 0x80, 0x20, 0x18, 0x28, 0xb2, 0xd0, // ...m ...... .(..
	0x06, 0x41, 0x19, 0x8c, 0x18, 0x1c, 0x00, 0x08, 0x82, 0x81, 0x32, 0x0b, 0x6f, 0x30, 0xa0, 0xc1, // .A........2.o0..
	0x88, 0xc1, 0x01, 0x80, 0x20, 0x18, 0x28, 0xb4, 0xf0, 0x06, 0xc1, 0x19, 0x58, 0x30, 0xc8, 0xc7, // .... .(.....X0..
	0xca, 0x80, 0x0d, 0xe4, 0x63, 0xc1, 0x1b, 0xc0, 0x67, 0xc4, 0xc0, 0x00, 0x40, 0x10, 0x0c, 0x98, // ....c...g...@...
	0x5b, 0x78, 0x85, 0xc0, 0xd8, 0x20, 0x88, 0xcf, 0x88, 0xc1, 0x01, 0x80, 0x20, 0x18, 0x50, 0xb7, // [x... ...... .P.
	0xa0, 0x07, 0x6a, 0x20, 0x0b, 0xa3, 0x09, 0x41, 0x60, 0xc1, 0x20, 0x9f, 0x11, 0x83, 0x03, 0x00, // ..j ...A`. .....
	0x41, 0x30, 0x50, 0x7a, 0x01, 0x0f, 0xe0, 0x20, 0x18, 0x31, 0x38, 0x00, 0x10, 0x04, 0x03, 0xc5, // A0Pz... .18.....
	0x17, 0xf2, 0x20, 0x0e, 0xd8, 0xc0, 0x02, 0x41, 0x3e, 0xa3, 0x09, 0xc6, 0x30, 0x1c, 0x11, 0xd8, // .. ....A>...0...
	0x41, 0xf0, 0xcd, 0x32, 0x04, 0x42, 0x30, 0x62, 0x70, 0x00, 0x20, 0x08, 0x06, 0xd4, 0x2f, 0x88, // A..2.B0bp. .../.
	0x82, 0x1c, 0xd4, 0xc2, 0x68, 0x42, 0x00, 0x8c, 0x26, 0x08, 0xc1, 0x88, 0xc1, 0x01, 0x80, 0x20, // ....hB..&...... 
	0x18, 0x50, 0xe2, 0x50, 0x0a, 0x75, 0x40, 0x0a, 0xa3, 0x09, 0x01, 0x30, 0x9a, 0x20, 0x04, 0x23, // .P.P.u@....0. .#
	0x06, 0x07, 0x00, 0x82, 0x60, 0x40, 0x95, 0x03, 0x2a, 0xe0, 0x81, 0x28, 0x8c, 0x26, 0x04, 0xc0, // ....`@..*..(.&..
	0x68, 0x82, 0x10, 0x18, 0x82, 0x07, 0xf2, 0x19, 0x31, 0x40, 0x00, 0x10, 0x04, 0x03, 0x0b, 0x1d, // h.......1@......
	0x52, 0xc1, 0xc0, 0x83, 0xc0, 0x88, 0x00, 0x3a, 0xa6, 0xec, 0x81, 0x7c, 0x46, 0x0c, 0x10, 0x00, // R......:...|F...
	0x04, 0xc1, 0xc0, 0x5a, 0x07, 0x56, 0x40, 0xf6, 0x20, 0xb0, 0xc0, 0x80, 0xce, 0x88, 0xc1, 0x01, // ...Z.V@. .......
	0x80, 0x20, 0x18, 0x50, 0xee, 0x10, 0x0b, 0xa1, 0x60, 0x0e, 0xa3, 0x09, 0x81, 0x30, 0x9a, 0x20, // . .P....`....0. 
	0x00, 0xa3, 0x09, 0x43, 0x60, 0xc2, 0x10, 0x1f, 0x13, 0x88, 0xf8, 0x8c, 0x18, 0x18, 0x00, 0x08, // ...C`...........
	0x82, 0x01, 0x63, 0x0f, 0xee, 0xa0, 0x8c, 0x18, 0x18, 0x00, 0x08, 0x82, 0x01, 0x73, 0x0f, 0xef, // ..c..........s..
	0x80, 0x98, 0x40, 0xc4, 0xc7, 0x04, 0x22, 0x3e, 0x23, 0x06, 0x07, 0x00, 0x82, 0x60, 0xa0, 0xec, // ..@...">#....`..
	0xc3, 0x2d, 0x08, 0xc1, 0x88, 0xc1, 0x01, 0x80, 0x20, 0x18, 0x28, 0xfc, 0x70, 0x0b, 0x41, 0x2c, // .-...... .(.p.A,
	0x8c, 0x18, 0x1c, 0x00, 0x08, 0x82, 0x81, 0xd2, 0x0f, 0xb9, 0x40, 0xc8, 0xc2, 0x88, 0xc1, 0x01, // ..........@.....
	0x80, 0x20, 0x18, 0x28, 0xfe, 0xa0, 0x0b, 0xc4, 0x2c, 0x98, 0x20, 0xc8, 0xc7, 0x04, 0x41, 0x3e, // . .(....,. ...A>
	0x16, 0x08, 0xf0, 0x19, 0x31, 0x30, 0x00, 0x10, 0x04, 0x03, 0x26, 0x24, 0xcc, 0x21, 0x18, 0x4d, // ....10....&$.!.M
	0x48, 0x03, 0xc0, 0x82, 0x5d, 0x90, 0x8f, 0x05, 0x53, 0x7c, 0x2c, 0x50, 0xe0, 0x63, 0x41, 0x01, // H...]...S|,P.cA.
	0x1f, 0x0b, 0x0a, 0xfa, 0x8c, 0x18, 0x1c, 0x00, 0x08, 0x82, 0x81, 0x92, 0x12, 0xe5, 0x10, 0xf8, // ................
	0xc2, 0x88, 0xc1, 0x01, 0x80, 0x20, 0x18, 0x28, 0x2a, 0x51, 0x0e, 0x41, 0x2f, 0x8c, 0x18, 0x1c, // ..... .(*Q.A/...
	0x00, 0x08, 0x82, 0x01, 0x85, 0x12, 0xeb, 0xb0, 0x0b, 0xf0, 0x30, 0x9a, 0x10, 0x00, 0xa3, 0x09, // ..........0.....
	0x42, 0x30, 0x9a, 0x30, 0x08, 0xa3, 0x09, 0xc4, 0x30, 0x62, 0x70, 0x00, 0x20, 0x08, 0x06, 0x54, // B0.0....0bp. ..T
	0x4b, 0xc0, 0x03, 0x38, 0x9c, 0xc4, 0x68, 0x42, 0x00, 0x8c, 0x26, 0x08, 0xc1, 0x68, 0xc2, 0x20, // K..8..hB..&..h. 
	0x8c, 0x26, 0x10, 0x83, 0x25, 0x44, 0x7c, 0x2c, 0x21, 0xe2, 0x63, 0x09, 0x11, 0x1f, 0x4b, 0x88, // .&..%D|,!.c...K.
	0xf8, 0x18, 0xf1, 0xc8, 0xc7, 0x08, 0x48, 0x3e, 0x46, 0x44, 0xf2, 0x31, 0x42, 0x92, 0x8f, 0x11, // ......H>FD.1B...
	0x0c, 0x7c, 0x8c, 0x60, 0xe0, 0x63, 0x04, 0x03, 0x1f, 0x23, 0x18, 0xf8, 0x98, 0x28, 0xb0, 0x82, // .|.`.c...#...(..
	0x7c, 0xac, 0x08, 0xe4, 0x63, 0x85, 0x20, 0x1f, 0x2b, 0x06, 0xf9, 0x58, 0x41, 0xc8, 0x67, 0x96, // |...c. .+..XA.g.
	0x60, 0x19, 0x8e, 0x30, 0x85, 0x7c, 0x08, 0xbe, 0x59, 0x86, 0xc1, 0x08, 0x46, 0x0c, 0x0e, 0x00, // `..0.|..Y...F...
	0x04, 0xc1, 0x80, 0x22, 0x8b, 0x93, 0xb8, 0x07, 0x9d, 0x18, 0x4d, 0x08, 0x80, 0xd1, 0x04, 0x21, // ..."......M....!
	0x18, 0x31, 0x38, 0x00, 0x10, 0x04, 0x03, 0xea, 0x2c, 0x54, 0x42, 0x1f, 0x52, 0x62, 0x34, 0x21, // .18.....,TB.Rb4!
	0x00, 0x46, 0x13, 0x84, 0x60, 0xc4, 0xe0, 0x00, 0x40, 0x10, 0x0c, 0x28, 0xb5, 0x68, 0x89, 0x7e, // .F..`...@..(.h.~
	0x38, 0x89, 0xd1, 0x84, 0x00, 0x18, 0x4d, 0x10, 0x02, 0x43, 0xfa, 0x41, 0x3e, 0x23, 0x06, 0x08, // 8.....M..C.A>#..
	0x00, 0x82, 0x60, 0x60, 0xb5, 0x85, 0x4b, 0x18, 0xfd, 0x10, 0x18, 0x11, 0x40, 0xc7, 0x14, 0x90, // ..``..K.....@...
	0x90, 0xcf, 0x88, 0x01, 0x02, 0x80, 0x20, 0x18, 0x58, 0x70, 0x11, 0x13, 0x08, 0x48, 0x04, 0x16, // ...... .Xp...H..
	0x18, 0xd0, 0x19, 0x31, 0x38, 0x00, 0x10, 0x04, 0x03, 0x6a, 0x2e, 0x6c, 0xc2, 0x24, 0xd6, 0x62, // ...18....j.l.$.b
	0x34, 0x21, 0x00, 0x46, 0x13, 0x84, 0xc0, 0x0e, 0x81, 0x3e, 0x56, 0x08, 0xf4, 0x19, 0x31, 0x78, // 4!.F.....>V...1x
	0x00, 0x10, 0x04, 0x83, 0x28, 0x2f, 0x7a, 0xa2, 0x25, 0x58, 0x42, 0x08, 0x5e, 0xe2, 0x25, 0xe8, // ....(/z.%XB.^.%.
	0x82, 0x2e, 0x72, 0xe2, 0x25, 0x46, 0x13, 0x02, 0x60, 0x34, 0x41, 0x08, 0x46, 0x13, 0x06, 0x61, // ..r.%F..`4A.F..a
	0x34, 0x81, 0x18, 0x46, 0x13, 0xcc, 0x41, 0x18, 0x8e, 0x08, 0x68, 0x22, 0xf8, 0x66, 0x19, 0x88, // 4..F..A...h".f..
	0x22, 0x30, 0x63, 0x90, 0x8f, 0x19, 0x84, 0x7c, 0xcc, 0x28, 0xe4, 0x33, 0x4b, 0x50, 0x0c, 0x54, // "0c....|.(.3KP.T
	0x0c, 0x06, 0x21, 0x0d, 0x03, 0x15, 0x83, 0x41, 0x48, 0xc3, 0x40, 0xc5, 0x60, 0x10, 0xd2, 0x30, // ..!....AH.@.`..0
	0x1c, 0x81, 0xf8, 0x44, 0xf0, 0x4d, 0x37, 0x10, 0x43, 0x30, 0xdd, 0x50, 0x0c, 0xc2, 0x74, 0x83, // ...D.M7.C0.P..t.
	0xc1, 0x0c, 0x23, 0x06, 0x07, 0x00, 0x82, 0x60, 0x40, 0xa5, 0x06, 0x5b, 0xf0, 0xc4, 0x68, 0x8c, // ..#....`@..[..h.
	0x26, 0x04, 0xc0, 0x68, 0x82, 0x10, 0x8c, 0x26, 0x0c, 0xc2, 0x68, 0x02, 0x31, 0x98, 0x3c, 0xf0, // &..h...&..h.1.<.
	0x83, 0x7c, 0xac, 0x09, 0xe4, 0x63, 0x81, 0x21, 0x1f, 0x5b, 0x06, 0xf9, 0x58, 0x70, 0xc8, 0xc7, // .|...c.!.[..Xp..
	0x98, 0x42, 0x3e, 0x16, 0x20, 0xf2, 0xb1, 0xe6, 0x90, 0x8f, 0x05, 0x89, 0x7c, 0x66, 0x09, 0x96, // .B>. .......|f..
	0xe1, 0x08, 0x7d, 0x80, 0x8b, 0xe0, 0x9b, 0x65, 0x58, 0x8e, 0x60, 0x38, 0x62, 0x1f, 0xe8, 0x22, // ..}....eX.`8b.."
	0xf8, 0x66, 0x19, 0x90, 0x25, 0x18, 0x31, 0x78, 0x00, 0x10, 0x04, 0x83, 0x48, 0x37, 0xfc, 0xc2, // .f..%.1x....H7..
	0x2d, 0xda, 0x62, 0x2d, 0xd4, 0x02, 0x2e, 0xe0, 0xa2, 0x36, 0x6a, 0x43, 0x2f, 0xe0, 0x62, 0x34, // -.b-.....6jC/.b4
	0x21, 0x00, 0x46, 0x13, 0x84, 0x60, 0x34, 0x61, 0x10, 0x46, 0x13, 0x88, 0x61, 0x34, 0xe1, 0x24, // !.F..`4a.F..a4.$
	0x84, 0xe1, 0x88, 0xa0, 0x2e, 0x82, 0x6f, 0x96, 0x21, 0x51, 0x02, 0x33, 0x06, 0xf9, 0x98, 0x41, // ......o.!Q.3...A
	0xc8, 0xc7, 0x8c, 0x42, 0x3e, 0xb3, 0x04, 0xca, 0x40, 0xc5, 0x60, 0x24, 0x12, 0x32, 0x50, 0x31, // ...B>...@.`$.2P1
	0x18, 0x89, 0x84, 0x0c, 0x54, 0x0c, 0x46, 0x22, 0x21, 0xc3, 0x11, 0xc8, 0x5f, 0x04, 0xdf, 0x74, // ....T.F"!..._..t
	0x03, 0x31, 0x04, 0xd3, 0x0d, 0xc5, 0x20, 0x4c, 0x37, 0x18, 0xcc, 0x60, 0x07, 0x4e, 0xc8, 0x67, // .1.... L7..`.N.g
	0xc4, 0xe0, 0x00, 0x40, 0x10, 0x0c, 0xa8, 0xf5, 0x70, 0x0d, 0xbf, 0x28, 0x8f, 0xd1, 0x84, 0x00, // ...@....p..(....
	0x18, 0x4d, 0x10, 0x82, 0xd1, 0x84, 0x41, 0x18, 0x4d, 0x20, 0x06, 0x33, 0x08, 0xf9, 0x98, 0xf2, // .M....A.M .3....
	0x13, 0xf2, 0xb1, 0xa0, 0x90, 0x8f, 0x2d, 0x61, 0x21, 0x1f, 0x0b, 0x0c, 0xf9, 0x18, 0x33, 0x16, // ......-a!.....3.
	0xf2, 0xb1, 0xe0, 0x90, 0xcf, 0x2c, 0xc1, 0x32, 0xd0, 0x32, 0xc0, 0x45, 0xe0, 0x0a, 0x85, 0xa3, // .....,.2.2.E....
	0xf0, 0xcc, 0xa1, 0x33, 0xc6, 0x40, 0xcb, 0x00, 0x17, 0x01, 0x2b, 0x14, 0x8c, 0xe2, 0x33, 0x07, // ...3.@....+...3.
	0xcf, 0x18, 0x03, 0x2d, 0x03, 0x5c, 0x04, 0xaa, 0x50, 0x28, 0x0a, 0xd8, 0x1c, 0x3e, 0x63, 0x0c, // ...-....P(...>c.
	0xb4, 0x0c, 0x70, 0x11, 0xa0, 0x42, 0x81, 0x28, 0x62, 0x73, 0x80, 0x8d, 0x31, 0x62, 0x90, 0x00, // ..p..B.(bs..1b..
	0x20, 0x08, 0x06, 0xc8, 0x7f, 0xe0, 0xc6, 0x7d, 0xdc, 0x07, 0x7b, 0x10, 0x23, 0x06, 0x09, 0x00, //  ......}..{.#...
	0x82, 0x60, 0x80, 0xfc, 0x07, 0x6e, 0xdc, 0xc7, 0x7d, 0x90, 0xc7, 0x30, 0x62, 0x90, 0x00, 0x20, // .`...n..}..0b.. 
	0x08, 0x06, 0xc8, 0x7f, 0xe0, 0xc6, 0x7d, 0xdc, 0xc7, 0x7a, 0x08, 0x23, 0x06, 0x09, 0x00, 0x82, // ......}..z.#....
	0x60, 0x80, 0xfc, 0x07, 0x6e, 0xdc, 0xc7, 0x7d, 0xb8, 0x47, 0x80, 0x00, 0x00, 0x00, 0x00, 0x00, // `...n..}.G......
	0x00, 0x00, 0xb0, 0x00,                                                                         // ....
};
static const uint8_t fs_nanovg_fill_mtl[3814] =
{
	0x46, 0x53, 0x48, 0x0c, 0xcf, 0xda, 0x1b, 0x94, 0x00, 0x00, 0x00, 0x00, 0x00, 0x00, 0x00, 0x00, // FSH.............
	0x00, 0x00, 0x00, 0x00, 0x0a, 0x00, 0x0c, 0x73, 0x5f, 0x74, 0x65, 0x78, 0x53, 0x61, 0x6d, 0x70, // .......s_texSamp
	0x6c, 0x65, 0x72, 0x11, 0x01, 0xff, 0xff, 0x01, 0x00, 0x00, 0x00, 0x00, 0x00, 0x0c, 0x73, 0x5f, // ler...........s_
	0x74, 0x65, 0x78, 0x54, 0x65, 0x78, 0x74, 0x75, 0x72, 0x65, 0x11, 0x01, 0xff, 0xff, 0x01, 0x00, // texTexture......
	0x00, 0x00, 0x00, 0x00, 0x0c, 0x75, 0x5f, 0x73, 0x63, 0x69, 0x73, 0x73, 0x6f, 0x72, 0x4d, 0x61, // .....u_scissorMa
	0x74, 0x13, 0x01, 0x00, 0x00, 0x03, 0x00, 0x00, 0x00, 0x00, 0x00, 0x11, 0x75, 0x5f, 0x73, 0x63, // t...........u_sc
	0x69, 0x73, 0x73, 0x6f, 0x72, 0x45, 0x78, 0x74, 0x53, 0x63, 0x61, 0x6c, 0x65, 0x12, 0x01, 0x80, // issorExtScale...
	0x00, 0x01, 0x00, 0x00, 0x00, 0x00, 0x00, 0x08, 0x75, 0x5f, 0x70, 0x61, 0x72, 0x61, 0x6d, 0x73, // ........u_params
	0x12, 0x01, 0xa0, 0x00, 0x01, 0x00, 0x00, 0x00, 0x00, 0x00, 0x0a, 0x75, 0x5f, 0x70, 0x61, 0x69, // ...........u_pai
	0x6e, 0x74, 0x4d, 0x61, 0x74, 0x13, 0x01, 0x30, 0x00, 0x03, 0x00, 0x00, 0x00, 0x00, 0x00, 0x0e, // ntMat..0........
	0x75, 0x5f, 0x65, 0x78, 0x74, 0x65, 0x6e, 0x74, 0x52, 0x61, 0x64, 0x69, 0x75, 0x73, 0x12, 0x01, // u_extentRadius..
	0x90, 0x00, 0x01, 0x00, 0x00, 0x00, 0x00, 0x00, 0x0a, 0x75, 0x5f, 0x69, 0x6e, 0x6e, 0x65, 0x72, // .........u_inner
	0x43, 0x6f, 0x6c, 0x12, 0x01, 0x60, 0x00, 0x01, 0x00, 0x00, 0x00, 0x00, 0x00, 0x0a, 0x75, 0x5f, // Col..`........u_
	0x6f, 0x75, 0x74, 0x65, 0x72, 0x43, 0x6f, 0x6c, 0x12, 0x01, 0x70, 0x00, 0x01, 0x00, 0x00, 0x00, // outerCol..p.....
	0x00, 0x00, 0x05, 0x73, 0x5f, 0x74, 0x65, 0x78, 0x10, 0x00, 0x00, 0x00, 0x00, 0x00, 0x00, 0x02, // ...s_tex........
	0x00, 0x00, 0xec, 0x0d, 0x00, 0x00, 0x23, 0x69, 0x6e, 0x63, 0x6c, 0x75, 0x64, 0x65, 0x20, 0x3c, // ......#include <
	0x6d, 0x65, 0x74, 0x61, 0x6c, 0x5f, 0x73, 0x74, 0x64, 0x6c, 0x69, 0x62, 0x3e, 0x0a, 0x23, 0x69, // metal_stdlib>.#i
	0x6e, 0x63, 0x6c, 0x75, 0x64, 0x65, 0x20, 0x3c, 0x73, 0x69, 0x6d, 0x64, 0x2f, 0x73, 0x69, 0x6d, // nclude <simd/sim
	0x64, 0x2e, 0x68, 0x3e, 0x0a, 0x0a, 0x75, 0x73, 0x69, 0x6e, 0x67, 0x20, 0x6e, 0x61, 0x6d, 0x65, // d.h>..using name
	0x73, 0x70, 0x61, 0x63, 0x65, 0x20, 0x6d, 0x65, 0x74, 0x61, 0x6c, 0x3b, 0x0a, 0x0a, 0x73, 0x74, // space metal;..st
	0x72, 0x75, 0x63, 0x74, 0x20, 0x5f, 0x47, 0x6c, 0x6f, 0x62, 0x61, 0x6c, 0x0a, 0x7b, 0x0a, 0x20, // ruct _Global.{. 
	0x20, 0x20, 0x20, 0x66, 0x6c, 0x6f, 0x61, 0x74, 0x33, 0x78, 0x33, 0x20, 0x75, 0x5f, 0x73, 0x63, //    float3x3 u_sc
	0x69, 0x73, 0x73, 0x6f, 0x72, 0x4d, 0x61, 0x74, 0x3b, 0x0a, 0x20, 0x20, 0x20, 0x20, 0x66, 0x6c, // issorMat;.    fl
	0x6f, 0x61, 0x74, 0x33, 0x78, 0x33, 0x20, 0x75, 0x5f, 0x70, 0x61, 0x69, 0x6e, 0x74, 0x4d, 0x61, // oat3x3 u_paintMa
	0x74, 0x3b, 0x0a, 0x20, 0x20, 0x20, 0x20, 0x66, 0x6c, 0x6f, 0x61, 0x74, 0x34, 0x20, 0x75, 0x5f, // t;.    float4 u_
	0x69, 0x6e, 0x6e, 0x65, 0x72, 0x43, 0x6f, 0x6c, 0x3b, 0x0a, 0x20, 0x20, 0x20, 0x20, 0x66, 0x6c, // innerCol;.    fl
	0x6f, 0x61, 0x74, 0x34, 0x20, 0x75, 0x5f, 0x6f, 0x75, 0x74, 0x65, 0x72, 0x43, 0x6f, 0x6c, 0x3b, // oat4 u_outerCol;
	0x0a, 0x20, 0x20, 0x20, 0x20, 0x66, 0x6c, 0x6f, 0x61, 0x74, 0x34, 0x20, 0x75, 0x5f, 0x73, 0x63, // .    float4 u_sc
	0x69, 0x73, 0x73, 0x6f, 0x72, 0x45, 0x78, 0x74, 0x53, 0x63, 0x61, 0x6c, 0x65, 0x3b, 0x0a, 0x20, // issorExtScale;. 
	0x20, 0x20, 0x20, 0x66, 0x6c, 0x6f, 0x61, 0x74, 0x34, 0x20, 0x75, 0x5f, 0x65, 0x78, 0x74, 0x65, //    float4 u_exte
	0x6e, 0x74, 0x52, 0x61, 0x64, 0x69, 0x75, 0x73, 0x3b, 0x0a, 0x20, 0x20, 0x20, 0x20, 0x66, 0x6c, // ntRadius;.    fl
	0x6f, 0x61, 0x74, 0x34, 0x20, 0x75, 0x5f, 0x70, 0x61, 0x72, 0x61, 0x6d, 0x73, 0x3b, 0x0a, 0x7d, // oat4 u_params;.}
	0x3b, 0x0a, 0x0a, 0x63, 0x6f, 0x6e, 0x73, 0x74, 0x61, 0x6e, 0x74, 0x20, 0x66, 0x6c, 0x6f, 0x61, // ;..constant floa
	0x74, 0x34, 0x20, 0x5f, 0x36, 0x38, 0x36, 0x20, 0x3d, 0x20, 0x7b, 0x7d, 0x3b, 0x0a, 0x0a, 0x73, // t4 _686 = {};..s
	0x74, 0x72, 0x75, 0x63, 0x74, 0x20, 0x78, 0x6c, 0x61, 0x74, 0x4d, 0x74, 0x6c, 0x4d, 0x61, 0x69, // truct xlatMtlMai
	0x6e, 0x5f, 0x6f, 0x75, 0x74, 0x0a, 0x7b, 0x0a, 0x20, 0x20, 0x20, 0x20, 0x66, 0x6c, 0x6f, 0x61, // n_out.{.    floa
	0x74, 0x34, 0x20, 0x62, 0x67, 0x66, 0x78, 0x5f, 0x46, 0x72, 0x61, 0x67, 0x44, 0x61, 0x74, 0x61, // t4 bgfx_FragData
	0x30, 0x20, 0x5b, 0x5b, 0x63, 0x6f, 0x6c, 0x6f, 0x72, 0x28, 0x30, 0x29, 0x5d, 0x5d, 0x3b, 0x0a, // 0 [[color(0)]];.
	0x7d, 0x3b, 0x0a, 0x0a, 0x73, 0x74, 0x72, 0x75, 0x63, 0x74, 0x20, 0x78, 0x6c, 0x61, 0x74, 0x4d, // };..struct xlatM
	0x74, 0x6c, 0x4d, 0x61, 0x69, 0x6e, 0x5f, 0x69, 0x6e, 0x0a, 0x7b, 0x0a, 0x20, 0x20, 0x20, 0x20, // tlMain_in.{.    
	0x66, 0x6c, 0x6f, 0x61, 0x74, 0x32, 0x20, 0x76, 0x5f, 0x70, 0x6f, 0x73, 0x69, 0x74, 0x69, 0x6f, // float2 v_positio
	0x6e, 0x20, 0x5b, 0x5b, 0x75, 0x73, 0x65, 0x72, 0x28, 0x6c, 0x6f, 0x63, 0x6e, 0x30, 0x29, 0x5d, // n [[user(locn0)]
	0x5d, 0x3b, 0x0a, 0x20, 0x20, 0x20, 0x20, 0x66, 0x6c, 0x6f, 0x61, 0x74, 0x32, 0x20, 0x76, 0x5f, // ];.    float2 v_
	0x74, 0x65, 0x78, 0x63, 0x6f, 0x6f, 0x72, 0x64, 0x30, 0x20, 0x5b, 0x5b, 0x75, 0x73, 0x65, 0x72, // texcoord0 [[user
	0x28, 0x6c, 0x6f, 0x63, 0x6e, 0x31, 0x29, 0x5d, 0x5d, 0x3b, 0x0a, 0x7d, 0x3b, 0x0a, 0x0a, 0x66, // (locn1)]];.};..f
	0x72, 0x61, 0x67, 0x6d, 0x65, 0x6e, 0x74, 0x20, 0x78, 0x6c, 0x61, 0x74, 0x4d, 0x74, 0x6c, 0x4d, // ragment xlatMtlM
	0x61, 0x69, 0x6e, 0x5f, 0x6f, 0x75, 0x74, 0x20, 0x78, 0x6c, 0x61, 0x74, 0x4d, 0x74, 0x6c, 0x4d, // ain_out xlatMtlM
	0x61, 0x69, 0x6e, 0x28, 0x78, 0x6c, 0x61, 0x74, 0x4d, 0x74, 0x6c, 0x4d, 0x61, 0x69, 0x6e, 0x5f, // ain(xlatMtlMain_
	0x69, 0x6e, 0x20, 0x69, 0x6e, 0x20, 0x5b, 0x5b, 0x73, 0x74, 0x61, 0x67, 0x65, 0x5f, 0x69, 0x6e, // in in [[stage_in
	0x5d, 0x5d, 0x2c, 0x20, 0x63, 0x6f, 0x6e, 0x73, 0x74, 0x61, 0x6e, 0x74, 0x20, 0x5f, 0x47, 0x6c, // ]], constant _Gl
	0x6f, 0x62, 0x61, 0x6c, 0x26, 0x20, 0x5f, 0x6d, 0x74, 0x6c, 0x5f, 0x75, 0x20, 0x5b, 0x5b, 0x62, // obal& _mtl_u [[b
	0x75, 0x66, 0x66, 0x65, 0x72, 0x28, 0x30, 0x29, 0x5d, 0x5d, 0x2c, 0x20, 0x74, 0x65, 0x78, 0x74, // uffer(0)]], text
	0x75, 0x72, 0x65, 0x32, 0x64, 0x3c, 0x66, 0x6c, 0x6f, 0x61, 0x74, 0x3e, 0x20, 0x73, 0x5f, 0x74, // ure2d<float> s_t
	0x65, 0x78, 0x20, 0x5b, 0x5b, 0x74, 0x65, 0x78, 0x74, 0x75, 0x72, 0x65, 0x28, 0x30, 0x29, 0x5d, // ex [[texture(0)]
	0x5d, 0x2c, 0x20, 0x73, 0x61, 0x6d, 0x70, 0x6c, 0x65, 0x72, 0x20, 0x73, 0x5f, 0x74, 0x65, 0x78, // ], sampler s_tex
	0x53, 0x61, 0x6d, 0x70, 0x6c, 0x65, 0x72, 0x20, 0x5b, 0x5b, 0x73, 0x61, 0x6d, 0x70, 0x6c, 0x65, // Sampler [[sample
	0x72, 0x28, 0x30, 0x29, 0x5d, 0x5d, 0x29, 0x0a, 0x7b, 0x0a, 0x20, 0x20, 0x20, 0x20, 0x78, 0x6c, // r(0)]]).{.    xl
	0x61, 0x74, 0x4d, 0x74, 0x6c, 0x4d, 0x61, 0x69, 0x6e, 0x5f, 0x6f, 0x75, 0x74, 0x20, 0x6f, 0x75, // atMtlMain_out ou
	0x74, 0x20, 0x3d, 0x20, 0x7b, 0x7d, 0x3b, 0x0a, 0x20, 0x20, 0x20, 0x20, 0x66, 0x6c, 0x6f, 0x61, // t = {};.    floa
	0x74, 0x33, 0x20, 0x5f, 0x35, 0x37, 0x32, 0x20, 0x3d, 0x20, 0x66, 0x6c, 0x6f, 0x61, 0x74, 0x33, // t3 _572 = float3
	0x28, 0x69, 0x6e, 0x2e, 0x76, 0x5f, 0x70, 0x6f, 0x73, 0x69, 0x74, 0x69, 0x6f, 0x6e, 0x2c, 0x20, // (in.v_position, 
	0x31, 0x2e, 0x30, 0x29, 0x3b, 0x0a, 0x20, 0x20, 0x20, 0x20, 0x66, 0x6c, 0x6f, 0x61, 0x74, 0x32, // 1.0);.    float2
	0x20, 0x5f, 0x35, 0x38, 0x37, 0x20, 0x3d, 0x20, 0x66, 0x6c, 0x6f, 0x61, 0x74, 0x32, 0x28, 0x30, //  _587 = float2(0
	0x2e, 0x35, 0x29, 0x20, 0x2d, 0x20, 0x28, 0x28, 0x61, 0x62, 0x73, 0x28, 0x28, 0x5f, 0x6d, 0x74, // .5) - ((abs((_mt
	0x6c, 0x5f, 0x75, 0x2e, 0x75, 0x5f, 0x73, 0x63, 0x69, 0x73, 0x73, 0x6f, 0x72, 0x4d, 0x61, 0x74, // l_u.u_scissorMat
	0x20, 0x2a, 0x20, 0x5f, 0x35, 0x37, 0x32, 0x29, 0x2e, 0x78, 0x79, 0x29, 0x20, 0x2d, 0x20, 0x5f, //  * _572).xy) - _
	0x6d, 0x74, 0x6c, 0x5f, 0x75, 0x2e, 0x75, 0x5f, 0x73, 0x63, 0x69, 0x73, 0x73, 0x6f, 0x72, 0x45, // mtl_u.u_scissorE
	0x78, 0x74, 0x53, 0x63, 0x61, 0x6c, 0x65, 0x2e, 0x78, 0x79, 0x29, 0x20, 0x2a, 0x20, 0x5f, 0x6d, // xtScale.xy) * _m
	0x74, 0x6c, 0x5f, 0x75, 0x2e, 0x75, 0x5f, 0x73, 0x63, 0x69, 0x73, 0x73, 0x6f, 0x72, 0x45, 0x78, // tl_u.u_scissorEx
	0x74, 0x53, 0x63, 0x61, 0x6c, 0x65, 0x2e, 0x7a, 0x77, 0x29, 0x3b, 0x0a, 0x20, 0x20, 0x20, 0x20, // tScale.zw);.    
	0x66, 0x6c, 0x6f, 0x61, 0x74, 0x20, 0x5f, 0x35, 0x39, 0x34, 0x20, 0x3d, 0x20, 0x66, 0x61, 0x73, // float _594 = fas
	0x74, 0x3a, 0x3a, 0x63, 0x6c, 0x61, 0x6d, 0x70, 0x28, 0x5f, 0x35, 0x38, 0x37, 0x2e, 0x78, 0x2c, // t::clamp(_587.x,
	0x20, 0x30, 0x2e, 0x30, 0x2c, 0x20, 0x31, 0x2e, 0x30, 0x29, 0x20, 0x2a, 0x20, 0x66, 0x61, 0x73, //  0.0, 1.0) * fas
	0x74, 0x3a, 0x3a, 0x63, 0x6c, 0x61, 0x6d, 0x70, 0x28, 0x5f, 0x35, 0x38, 0x37, 0x2e, 0x79, 0x2c, // t::clamp(_587.y,
	0x20, 0x30, 0x2e, 0x30, 0x2c, 0x20, 0x31, 0x2e, 0x30, 0x29, 0x3b, 0x0a, 0x20, 0x20, 0x20, 0x20, //  0.0, 1.0);.    
	0x66, 0x6c, 0x6f, 0x61, 0x74, 0x20, 0x5f, 0x36, 0x31, 0x30, 0x20, 0x3d, 0x20, 0x66, 0x61, 0x73, // float _610 = fas
	0x74, 0x3a, 0x3a, 0x6d, 0x69, 0x6e, 0x28, 0x31, 0x2e, 0x30, 0x2c, 0x20, 0x28, 0x31, 0x2e, 0x30, // t::min(1.0, (1.0
	0x20, 0x2d, 0x20, 0x61, 0x62, 0x73, 0x28, 0x28, 0x69, 0x6e, 0x2e, 0x76, 0x5f, 0x74, 0x65, 0x78, //  - abs((in.v_tex
	0x63, 0x6f, 0x6f, 0x72, 0x64, 0x30, 0x2e, 0x78, 0x20, 0x2a, 0x20, 0x32, 0x2e, 0x30, 0x29, 0x20, // coord0.x * 2.0) 
	0x2d, 0x20, 0x31, 0x2e, 0x30, 0x29, 0x29, 0x20, 0x2a, 0x20, 0x5f, 0x6d, 0x74, 0x6c, 0x5f, 0x75, // - 1.0)) * _mtl_u
	0x2e, 0x75, 0x5f, 0x70, 0x61, 0x72, 0x61, 0x6d, 0x73, 0x2e, 0x79, 0x29, 0x20, 0x2a, 0x20, 0x66, // .u_params.y) * f
	0x61, 0x73, 0x74, 0x3a, 0x3a, 0x6d, 0x69, 0x6e, 0x28, 0x31, 0x2e, 0x30, 0x2c, 0x20, 0x69, 0x6e, // ast::min(1.0, in
	0x2e, 0x76, 0x5f, 0x74, 0x65, 0x78, 0x63, 0x6f, 0x6f, 0x72, 0x64, 0x30, 0x2e, 0x79, 0x29, 0x3b, // .v_texcoord0.y);
	0x0a, 0x20, 0x20, 0x20, 0x20, 0x66, 0x6c, 0x6f, 0x61, 0x74, 0x34, 0x20, 0x5f, 0x36, 0x38, 0x32, // .    float4 _682
	0x3b, 0x0a, 0x20, 0x20, 0x20, 0x20, 0x69, 0x66, 0x20, 0x28, 0x5f, 0x6d, 0x74, 0x6c, 0x5f, 0x75, // ;.    if (_mtl_u
	0x2e, 0x75, 0x5f, 0x70, 0x61, 0x72, 0x61, 0x6d, 0x73, 0x2e, 0x77, 0x20, 0x3d, 0x3d, 0x20, 0x30, // .u_params.w == 0
	0x2e, 0x30, 0x29, 0x0a, 0x20, 0x20, 0x20, 0x20, 0x7b, 0x0a, 0x20, 0x20, 0x20, 0x20, 0x20, 0x20, // .0).    {.      
	0x20, 0x20, 0x66, 0x6c, 0x6f, 0x61, 0x74, 0x32, 0x20, 0x5f, 0x36, 0x32, 0x32, 0x20, 0x3d, 0x20, //   float2 _622 = 
	0x61, 0x62, 0x73, 0x28, 0x28, 0x5f, 0x6d, 0x74, 0x6c, 0x5f, 0x75, 0x2e, 0x75, 0x5f, 0x70, 0x61, // abs((_mtl_u.u_pa
	0x69, 0x6e, 0x74, 0x4d, 0x61, 0x74, 0x20, 0x2a, 0x20, 0x5f, 0x35, 0x37, 0x32, 0x29, 0x2e, 0x78, // intMat * _572).x
	0x79, 0x29, 0x20, 0x2d, 0x20, 0x28, 0x5f, 0x6d, 0x74, 0x6c, 0x5f, 0x75, 0x2e, 0x75, 0x5f, 0x65, // y) - (_mtl_u.u_e
	0x78, 0x74, 0x65, 0x6e, 0x74, 0x52, 0x61, 0x64, 0x69, 0x75, 0x73, 0x2e, 0x78, 0x79, 0x20, 0x2d, // xtentRadius.xy -
	0x20, 0x66, 0x6c, 0x6f, 0x61, 0x74, 0x32, 0x28, 0x5f, 0x6d, 0x74, 0x6c, 0x5f, 0x75, 0x2e, 0x75, //  float2(_mtl_u.u
	0x5f, 0x65, 0x78, 0x74, 0x65, 0x6e, 0x74, 0x52, 0x61, 0x64, 0x69, 0x75, 0x73, 0x2e, 0x7a, 0x29, // _extentRadius.z)
	0x29, 0x3b, 0x0a, 0x20, 0x20, 0x20, 0x20, 0x20, 0x20, 0x20, 0x20, 0x5f, 0x36, 0x38, 0x32, 0x20, // );.        _682 
	0x3d, 0x20, 0x6d, 0x69, 0x78, 0x28, 0x5f, 0x6d, 0x74, 0x6c, 0x5f, 0x75, 0x2e, 0x75, 0x5f, 0x69, // = mix(_mtl_u.u_i
	0x6e, 0x6e, 0x65, 0x72, 0x43, 0x6f, 0x6c, 0x2c, 0x20, 0x5f, 0x6d, 0x74, 0x6c, 0x5f, 0x75, 0x2e, // nnerCol, _mtl_u.
	0x75, 0x5f, 0x6f, 0x75, 0x74, 0x65, 0x72, 0x43, 0x6f, 0x6c, 0x2c, 0x20, 0x66, 0x6c, 0x6f, 0x61, // u_outerCol, floa
	0x74, 0x34, 0x28, 0x66, 0x61, 0x73, 0x74, 0x3a, 0x3a, 0x63, 0x6c, 0x61, 0x6d, 0x70, 0x28, 0x28, // t4(fast::clamp((
	0x28, 0x28, 0x66, 0x61, 0x73, 0x74, 0x3a, 0x3a, 0x6d, 0x69, 0x6e, 0x28, 0x66, 0x61, 0x73, 0x74, // ((fast::min(fast
	0x3a, 0x3a, 0x6d, 0x61, 0x78, 0x28, 0x5f, 0x36, 0x32, 0x32, 0x2e, 0x78, 0x2c, 0x20, 0x5f, 0x36, // ::max(_622.x, _6
	0x32, 0x32, 0x2e, 0x79, 0x29, 0x2c, 0x20, 0x30, 0x2e, 0x30, 0x29, 0x20, 0x2b, 0x20, 0x6c, 0x65, // 22.y), 0.0) + le
	0x6e, 0x67, 0x74, 0x68, 0x28, 0x66, 0x61, 0x73, 0x74, 0x3a, 0x3a, 0x6d, 0x61, 0x78, 0x28, 0x5f, // ngth(fast::max(_
	0x36, 0x32, 0x32, 0x2c, 0x20, 0x66, 0x6c, 0x6f, 0x61, 0x74, 0x32, 0x28, 0x30, 0x2e, 0x30, 0x29, // 622, float2(0.0)
	0x29, 0x29, 0x29, 0x20, 0x2d, 0x20, 0x5f, 0x6d, 0x74, 0x6c, 0x5f, 0x75, 0x2e, 0x75, 0x5f, 0x65, // ))) - _mtl_u.u_e
	0x78, 0x74, 0x65, 0x6e, 0x74, 0x52, 0x61, 0x64, 0x69, 0x75, 0x73, 0x2e, 0x7a, 0x29, 0x20, 0x2b, // xtentRadius.z) +
	0x20, 0x28, 0x5f, 0x6d, 0x74, 0x6c, 0x5f, 0x75, 0x2e, 0x75, 0x5f, 0x70, 0x61, 0x72, 0x61, 0x6d, //  (_mtl_u.u_param
	0x73, 0x2e, 0x78, 0x20, 0x2a, 0x20, 0x30, 0x2e, 0x35, 0x29, 0x29, 0x20, 0x2f, 0x20, 0x5f, 0x6d, // s.x * 0.5)) / _m
	0x74, 0x6c, 0x5f, 0x75, 0x2e, 0x75, 0x5f, 0x70, 0x61, 0x72, 0x61, 0x6d, 0x73, 0x2e, 0x78, 0x2c, // tl_u.u_params.x,
	0x20, 0x30, 0x2e, 0x30, 0x2c, 0x20, 0x31, 0x2e, 0x30, 0x29, 0x29, 0x29, 0x20, 0x2a, 0x20, 0x28, //  0.0, 1.0))) * (
	0x5f, 0x36, 0x31, 0x30, 0x20, 0x2a, 0x20, 0x5f, 0x35, 0x39, 0x34, 0x29, 0x3b, 0x0a, 0x20, 0x20, // _610 * _594);.  
	0x20, 0x20, 0x7d, 0x0a, 0x20, 0x20, 0x20, 0x20, 0x65, 0x6c, 0x73, 0x65, 0x0a, 0x20, 0x20, 0x20, //   }.    else.   
	0x20, 0x7b, 0x0a, 0x20, 0x20, 0x20, 0x20, 0x20, 0x20, 0x20, 0x20, 0x66, 0x6c, 0x6f, 0x61, 0x74, //  {.        float
	0x34, 0x20, 0x5f, 0x36, 0x38, 0x33, 0x3b, 0x0a, 0x20, 0x20, 0x20, 0x20, 0x20, 0x20, 0x20, 0x20, // 4 _683;.        
	0x69, 0x66, 0x20, 0x28, 0x5f, 0x6d, 0x74, 0x6c, 0x5f, 0x75, 0x2e, 0x75, 0x5f, 0x70, 0x61, 0x72, // if (_mtl_u.u_par
	0x61, 0x6d, 0x73, 0x2e, 0x77, 0x20, 0x3d, 0x3d, 0x20, 0x31, 0x2e, 0x30, 0x29, 0x0a, 0x20, 0x20, // ams.w == 1.0).  
	0x20, 0x20, 0x20, 0x20, 0x20, 0x20, 0x7b, 0x0a, 0x20, 0x20, 0x20, 0x20, 0x20, 0x20, 0x20, 0x20, //       {.        
	0x20, 0x20, 0x20, 0x20, 0x66, 0x6c, 0x6f, 0x61, 0x74, 0x34, 0x20, 0x5f, 0x36, 0x34, 0x39, 0x20, //     float4 _649 
	0x3d, 0x20, 0x73, 0x5f, 0x74, 0x65, 0x78, 0x2e, 0x73, 0x61, 0x6d, 0x70, 0x6c, 0x65, 0x28, 0x73, // = s_tex.sample(s
	0x5f, 0x74, 0x65, 0x78, 0x53, 0x61, 0x6d, 0x70, 0x6c, 0x65, 0x72, 0x2c, 0x20, 0x28, 0x28, 0x5f, // _texSampler, ((_
	0x6d, 0x74, 0x6c, 0x5f, 0x75, 0x2e, 0x75, 0x5f, 0x70, 0x61, 0x69, 0x6e, 0x74, 0x4d, 0x61, 0x74, // mtl_u.u_paintMat
	0x20, 0x2a, 0x20, 0x5f, 0x35, 0x37, 0x32, 0x29, 0x2e, 0x78, 0x79, 0x20, 0x2f, 0x20, 0x5f, 0x6d, //  * _572).xy / _m
	0x74, 0x6c, 0x5f, 0x75, 0x2e, 0x75, 0x5f, 0x65, 0x78, 0x74, 0x65, 0x6e, 0x74, 0x52, 0x61, 0x64, // tl_u.u_extentRad
	0x69, 0x75, 0x73, 0x2e, 0x78, 0x79, 0x29, 0x29, 0x3b, 0x0a, 0x20, 0x20, 0x20, 0x20, 0x20, 0x20, // ius.xy));.      
	0x20, 0x20, 0x20, 0x20, 0x20, 0x20, 0x66, 0x6c, 0x6f, 0x61, 0x74, 0x34, 0x20, 0x5f, 0x36, 0x38, //       float4 _68
	0x30, 0x3b, 0x0a, 0x20, 0x20, 0x20, 0x20, 0x20, 0x20, 0x20, 0x20, 0x20, 0x20, 0x20, 0x20, 0x69, // 0;.            i
	0x66, 0x20, 0x28, 0x5f, 0x6d, 0x74, 0x6c, 0x5f, 0x75, 0x2e, 0x75, 0x5f, 0x70, 0x61, 0x72, 0x61, // f (_mtl_u.u_para
	0x6d, 0x73, 0x2e, 0x7a, 0x20, 0x3d, 0x3d, 0x20, 0x31, 0x2e, 0x30, 0x29, 0x0a, 0x20, 0x20, 0x20, // ms.z == 1.0).   
	0x20, 0x20, 0x20, 0x20, 0x20, 0x20, 0x20, 0x20, 0x20, 0x7b, 0x0a, 0x20, 0x20, 0x20, 0x20, 0x20, //          {.     
	0x20, 0x20, 0x20, 0x20, 0x20, 0x20, 0x20, 0x20, 0x20, 0x20, 0x20, 0x66, 0x6c, 0x6f, 0x61, 0x74, //            float
	0x20, 0x5f, 0x34, 0x38, 0x38, 0x20, 0x3d, 0x20, 0x5f, 0x36, 0x34, 0x39, 0x2e, 0x77, 0x3b, 0x0a, //  _488 = _649.w;.
	0x20, 0x20, 0x20, 0x20, 0x20, 0x20, 0x20, 0x20, 0x20, 0x20, 0x20, 0x20, 0x20, 0x20, 0x20, 0x20, //                 
	0x5f, 0x36, 0x38, 0x30, 0x20, 0x3d, 0x20, 0x66, 0x6c, 0x6f, 0x61, 0x74, 0x34, 0x28, 0x5f, 0x36, // _680 = float4(_6
	0x34, 0x39, 0x2e, 0x78, 0x79, 0x7a, 0x20, 0x2a, 0x20, 0x5f, 0x34, 0x38, 0x38, 0x2c, 0x20, 0x5f, // 49.xyz * _488, _
	0x34, 0x38, 0x38, 0x29, 0x3b, 0x0a, 0x20, 0x20, 0x20, 0x20, 0x20, 0x20, 0x20, 0x20, 0x20, 0x20, // 488);.          
	0x20, 0x20, 0x7d, 0x0a, 0x20, 0x20, 0x20, 0x20, 0x20, 0x20, 0x20, 0x20, 0x20, 0x20, 0x20, 0x20, //   }.            
	0x65, 0x6c, 0x73, 0x65, 0x0a, 0x20, 0x20, 0x20, 0x20, 0x20, 0x20, 0x20, 0x20, 0x20, 0x20, 0x20, // else.           
	0x20, 0x7b, 0x0a, 0x20, 0x20, 0x20, 0x20, 0x20, 0x20, 0x20, 0x20, 0x20, 0x20, 0x20, 0x20, 0x20, //  {.             
	0x20, 0x20, 0x20, 0x5f, 0x36, 0x38, 0x30, 0x20, 0x3d, 0x20, 0x5f, 0x36, 0x34, 0x39, 0x3b, 0x0a, //    _680 = _649;.
	0x20, 0x20, 0x20, 0x20, 0x20, 0x20, 0x20, 0x20, 0x20, 0x20, 0x20, 0x20, 0x7d, 0x0a, 0x20, 0x20, //             }.  
	0x20, 0x20, 0x20, 0x20, 0x20, 0x20, 0x20, 0x20, 0x20, 0x20, 0x66, 0x6c, 0x6f, 0x61, 0x74, 0x34, //           float4
	0x20, 0x5f, 0x36, 0x38, 0x31, 0x3b, 0x0a, 0x20, 0x20, 0x20, 0x20, 0x20, 0x20, 0x20, 0x20, 0x20, //  _681;.         
	0x20, 0x20, 0x20, 0x69, 0x66, 0x20, 0x28, 0x5f, 0x6d, 0x74, 0x6c, 0x5f, 0x75, 0x2e, 0x75, 0x5f, //    if (_mtl_u.u_
	0x70, 0x61, 0x72, 0x61, 0x6d, 0x73, 0x2e, 0x7a, 0x20, 0x3d, 0x3d, 0x20, 0x32, 0x2e, 0x30, 0x29, // params.z == 2.0)
	0x0a, 0x20, 0x20, 0x20, 0x20, 0x20, 0x20, 0x20, 0x20, 0x20, 0x20, 0x20, 0x20, 0x7b, 0x0a, 0x20, // .            {. 
	0x20, 0x20, 0x20, 0x20, 0x20, 0x20, 0x20, 0x20, 0x20, 0x20, 0x20, 0x20, 0x20, 0x20, 0x20, 0x5f, //                _
	0x36, 0x38, 0x31, 0x20, 0x3d, 0x20, 0x5f, 0x36, 0x38, 0x30, 0x2e, 0x78, 0x78, 0x78, 0x78, 0x3b, // 681 = _680.xxxx;
	0x0a, 0x20, 0x20, 0x20, 0x20, 0x20, 0x20, 0x20, 0x20, 0x20, 0x20, 0x20, 0x20, 0x7d, 0x0a, 0x20, // .            }. 
	0x20, 0x20, 0x20, 0x20, 0x20, 0x20, 0x20, 0x20, 0x20, 0x20, 0x20, 0x65, 0x6c, 0x73, 0x65, 0x0a, //            else.
	0x20, 0x20, 0x20, 0x20, 0x20, 0x20, 0x20, 0x20, 0x20, 0x20, 0x20, 0x20, 0x7b, 0x0a, 0x20, 0x20, //             {.  
	0x20, 0x20, 0x20, 0x20, 0x20, 0x20, 0x20, 0x20, 0x20, 0x20, 0x20, 0x20, 0x20, 0x20, 0x5f, 0x36, //               _6
	0x38, 0x31, 0x20, 0x3d, 0x20, 0x5f, 0x36, 0x38, 0x30, 0x3b, 0x0a, 0x20, 0x20, 0x20, 0x20, 0x20, // 81 = _680;.     
	0x20, 0x20, 0x20, 0x20, 0x20, 0x20, 0x20, 0x7d, 0x0a, 0x20, 0x20, 0x20, 0x20, 0x20, 0x20, 0x20, //        }.       
	0x20, 0x20, 0x20, 0x20, 0x20, 0x5f, 0x36, 0x38, 0x33, 0x20, 0x3d, 0x20, 0x28, 0x5f, 0x36, 0x38, //      _683 = (_68
	0x31, 0x20, 0x2a, 0x20, 0x5f, 0x6d, 0x74, 0x6c, 0x5f, 0x75, 0x2e, 0x75, 0x5f, 0x69, 0x6e, 0x6e, // 1 * _mtl_u.u_inn
	0x65, 0x72, 0x43, 0x6f, 0x6c, 0x29, 0x20, 0x2a, 0x20, 0x28, 0x5f, 0x36, 0x31, 0x30, 0x20, 0x2a, // erCol) * (_610 *
	0x20, 0x5f, 0x35, 0x39, 0x34, 0x29, 0x3b, 0x0a, 0x20, 0x20, 0x20, 0x20, 0x20, 0x20, 0x20, 0x20, //  _594);.        
	0x7d, 0x0a, 0x20, 0x20, 0x20, 0x20, 0x20, 0x20, 0x20, 0x20, 0x65, 0x6c, 0x73, 0x65, 0x0a, 0x20, // }.        else. 
	0x20, 0x20, 0x20, 0x20, 0x20, 0x20, 0x20, 0x7b, 0x0a, 0x20, 0x20, 0x20, 0x20, 0x20, 0x20, 0x20, //        {.       
	0x20, 0x20, 0x20, 0x20, 0x20, 0x66, 0x6c, 0x6f, 0x61, 0x74, 0x34, 0x20, 0x5f, 0x36, 0x38, 0x34, //      float4 _684
	0x3b, 0x0a, 0x20, 0x20, 0x20, 0x20, 0x20, 0x20, 0x20, 0x20, 0x20, 0x20, 0x20, 0x20, 0x69, 0x66, // ;.            if
	0x20, 0x28, 0x5f, 0x6d, 0x74, 0x6c, 0x5f, 0x75, 0x2e, 0x75, 0x5f, 0x70, 0x61, 0x72, 0x61, 0x6d, //  (_mtl_u.u_param
	0x73, 0x2e, 0x77, 0x20, 0x3d, 0x3d, 0x20, 0x32, 0x2e, 0x30, 0x29, 0x0a, 0x20, 0x20, 0x20, 0x20, // s.w == 2.0).    
	0x20, 0x20, 0x20, 0x20, 0x20, 0x20, 0x20, 0x20, 0x7b, 0x0a, 0x20, 0x20, 0x20, 0x20, 0x20, 0x20, //         {.      
	0x20, 0x20, 0x20, 0x20, 0x20, 0x20, 0x20, 0x20, 0x20, 0x20, 0x5f, 0x36, 0x38, 0x34, 0x20, 0x3d, //           _684 =
	0x20, 0x66, 0x6c, 0x6f, 0x61, 0x74, 0x34, 0x28, 0x31, 0x2e, 0x30, 0x29, 0x3b, 0x0a, 0x20, 0x20, //  float4(1.0);.  
	0x20, 0x20, 0x20, 0x20, 0x20, 0x20, 0x20, 0x20, 0x20, 0x20, 0x7d, 0x0a, 0x20, 0x20, 0x20, 0x20, //           }.    
	0x20, 0x20, 0x20, 0x20, 0x20, 0x20, 0x20, 0x20, 0x65, 0x6c, 0x73, 0x65, 0x0a, 0x20, 0x20, 0x20, //         else.   
	0x20, 0x20, 0x20, 0x20, 0x20, 0x20, 0x20, 0x20, 0x20, 0x7b, 0x0a, 0x20, 0x20, 0x20, 0x20, 0x20, //          {.     
	0x20, 0x20, 0x20, 0x20, 0x20, 0x20, 0x20, 0x20, 0x20, 0x20, 0x20, 0x66, 0x6c, 0x6f, 0x61, 0x74, //            float
	0x34, 0x20, 0x5f, 0x36, 0x38, 0x35, 0x3b, 0x0a, 0x20, 0x20, 0x20, 0x20, 0x20, 0x20, 0x20, 0x20, // 4 _685;.        
	0x20, 0x20, 0x20, 0x20, 0x20, 0x20, 0x20, 0x20, 0x69, 0x66, 0x20, 0x28, 0x5f, 0x6d, 0x74, 0x6c, //         if (_mtl
	0x5f, 0x75, 0x2e, 0x75, 0x5f, 0x70, 0x61, 0x72, 0x61, 0x6d, 0x73, 0x2e, 0x77, 0x20, 0x3d, 0x3d, // _u.u_params.w ==
	0x20, 0x33, 0x2e, 0x30, 0x29, 0x0a, 0x20, 0x20, 0x20, 0x20, 0x20, 0x20, 0x20, 0x20, 0x20, 0x20, //  3.0).          
	0x20, 0x20, 0x20, 0x20, 0x20, 0x20, 0x7b, 0x0a, 0x20, 0x20, 0x20, 0x20, 0x20, 0x20, 0x20, 0x20, //       {.        
	0x20, 0x20, 0x20, 0x20, 0x20, 0x20, 0x20, 0x20, 0x20, 0x20, 0x20, 0x20, 0x66, 0x6c, 0x6f, 0x61, //             floa
	0x74, 0x34, 0x20, 0x5f, 0x36, 0x35, 0x38, 0x20, 0x3d, 0x20, 0x73, 0x5f, 0x74, 0x65, 0x78, 0x2e, // t4 _658 = s_tex.
	0x73, 0x61, 0x6d, 0x70, 0x6c, 0x65, 0x28, 0x73, 0x5f, 0x74, 0x65, 0x78, 0x53, 0x61, 0x6d, 0x70, // sample(s_texSamp
	0x6c, 0x65, 0x72, 0x2c, 0x20, 0x69, 0x6e, 0x2e, 0x76, 0x5f, 0x74, 0x65, 0x78, 0x63, 0x6f, 0x6f, // ler, in.v_texcoo
	0x72, 0x64, 0x30, 0x29, 0x3b, 0x0a, 0x20, 0x20, 0x20, 0x20, 0x20, 0x20, 0x20, 0x20, 0x20, 0x20, // rd0);.          
	0x20, 0x20, 0x20, 0x20, 0x20, 0x20, 0x20, 0x20, 0x20, 0x20, 0x66, 0x6c, 0x6f, 0x61, 0x74, 0x34, //           float4
	0x20, 0x5f, 0x36, 0x37, 0x38, 0x3b, 0x0a, 0x20, 0x20, 0x20, 0x20, 0x20, 0x20, 0x20, 0x20, 0x20, //  _678;.         
	0x20, 0x20, 0x20, 0x20, 0x20, 0x20, 0x20, 0x20, 0x20, 0x20, 0x20, 0x69, 0x66, 0x20, 0x28, 0x5f, //            if (_
	0x6d, 0x74, 0x6c, 0x5f, 0x75, 0x2e, 0x75, 0x5f, 0x70, 0x61, 0x72, 0x61, 0x6d, 0x73, 0x2e, 0x7a, // mtl_u.u_params.z
	0x20, 0x3d, 0x3d, 0x20, 0x31, 0x2e, 0x30, 0x29, 0x0a, 0x20, 0x20, 0x20, 0x20, 0x20, 0x20, 0x20, //  == 1.0).       
	0x20, 0x20, 0x20, 0x20, 0x20, 0x20, 0x20, 0x20, 0x20, 0x20, 0x20, 0x20, 0x20, 0x7b, 0x0a, 0x20, //              {. 
	0x20, 0x20, 0x20, 0x20, 0x20, 0x20, 0x20, 0x20, 0x20, 0x20, 0x20, 0x20, 0x20, 0x20, 0x20, 0x20, //                 
	0x20, 0x20, 0x20, 0x20, 0x20, 0x20, 0x20, 0x66, 0x6c, 0x6f, 0x61, 0x74, 0x20, 0x5f, 0x35, 0x33, //        float _53
	0x34, 0x20, 0x3d, 0x20, 0x5f, 0x36, 0x35, 0x38, 0x2e, 0x77, 0x3b, 0x0a, 0x20, 0x20, 0x20, 0x20, // 4 = _658.w;.    
	0x20, 0x20, 0x20, 0x20, 0x20, 0x20, 0x20, 0x20, 0x20, 0x20, 0x20, 0x20, 0x20, 0x20, 0x20, 0x20, //                 
	0x20, 0x20, 0x20, 0x20, 0x5f, 0x36, 0x37, 0x38, 0x20, 0x3d, 0x20, 0x66, 0x6c, 0x6f, 0x61, 0x74, //     _678 = float
	0x34, 0x28, 0x5f, 0x36, 0x35, 0x38, 0x2e, 0x78, 0x79, 0x7a, 0x20, 0x2a, 0x20, 0x5f, 0x35, 0x33, // 4(_658.xyz * _53
	0x34, 0x2c, 0x20, 0x5f, 0x35, 0x33, 0x34, 0x29, 0x3b, 0x0a, 0x20, 0x20, 0x20, 0x20, 0x20, 0x20, // 4, _534);.      
	0x20, 0x20, 0x20, 0x20, 0x20, 0x20, 0x20, 0x20, 0x20, 0x20, 0x20, 0x20, 0x20, 0x20, 0x7d, 0x0a, //               }.
	0x20, 0x20, 0x20, 0x20, 0x20, 0x20, 0x20, 0x20, 0x20, 0x20, 0x20, 0x20, 0x20, 0x20, 0x20, 0x20, //                 
	0x20, 0x20, 0x20, 0x20, 0x65, 0x6c, 0x73, 0x65, 0x0a, 0x20, 0x20, 0x20, 0x20, 0x20, 0x20, 0x20, //     else.       
	0x20, 0x20, 0x20, 0x20, 0x20, 0x20, 0x20, 0x20, 0x20, 0x20, 0x20, 0x20, 0x20, 0x7b, 0x0a, 0x20, //              {. 
	0x20, 0x20, 0x20, 0x20, 0x20, 0x20, 0x20, 0x20, 0x20, 0x20, 0x20, 0x20, 0x20, 0x20, 0x20, 0x20, //                 
	0x20, 0x20, 0x20, 0x20, 0x20, 0x20, 0x20, 0x5f, 0x36, 0x37, 0x38, 0x20, 0x3d, 0x20, 0x5f, 0x36, //        _678 = _6
	0x35, 0x38, 0x3b, 0x0a, 0x20, 0x20, 0x20, 0x20, 0x20, 0x20, 0x20, 0x20, 0x20, 0x20, 0x20, 0x20, // 58;.            
	0x20, 0x20, 0x20, 0x20, 0x20, 0x20, 0x20, 0x20, 0x7d, 0x0a, 0x20, 0x20, 0x20, 0x20, 0x20, 0x20, //         }.      
	0x20, 0x20, 0x20, 0x20, 0x20, 0x20, 0x20, 0x20, 0x20, 0x20, 0x20, 0x20, 0x20, 0x20, 0x66, 0x6c, //               fl
	0x6f, 0x61, 0x74, 0x34, 0x20, 0x5f, 0x36, 0x37, 0x39, 0x3b, 0x0a, 0x20, 0x20, 0x20, 0x20, 0x20, // oat4 _679;.     
	0x20, 0x20, 0x20, 0x20, 0x20, 0x20, 0x20, 0x20, 0x20, 0x20, 0x20, 0x20, 0x20, 0x20, 0x20, 0x69, //                i
	0x66, 0x20, 0x28, 0x5f, 0x6d, 0x74, 0x6c, 0x5f, 0x75, 0x2e, 0x75, 0x5f, 0x70, 0x61, 0x72, 0x61, // f (_mtl_u.u_para
	0x6d, 0x73, 0x2e, 0x7a, 0x20, 0x3d, 0x3d, 0x20, 0x32, 0x2e, 0x30, 0x29, 0x0a, 0x20, 0x20, 0x20, // ms.z == 2.0).   
	0x20, 0x20, 0x20, 0x20, 0x20, 0x20, 0x20, 0x20, 0x20, 0x20, 0x20, 0x20, 0x20, 0x20, 0x20, 0x20, //                 
	0x20, 0x7b, 0x0a, 0x20, 0x20, 0x20, 0x20, 0x20, 0x20, 0x20, 0x20, 0x20, 0x20, 0x20, 0x20, 0x20, //  {.             
	0x20, 0x20, 0x20, 0x20, 0x20, 0x20, 0x20, 0x20, 0x20, 0x20, 0x20, 0x5f, 0x36, 0x37, 0x39, 0x20, //            _679 
	0x3d, 0x20, 0x5f, 0x36, 0x37, 0x38, 0x2e, 0x78, 0x78, 0x78, 0x78, 0x3b, 0x0a, 0x20, 0x20, 0x20, // = _678.xxxx;.   
	0x20, 0x20, 0x20, 0x20, 0x20, 0x20, 0x20, 0x20, 0x20, 0x20, 0x20, 0x20, 0x20, 0x20, 0x20, 0x20, //                 
	0x20, 0x7d, 0x0a, 0x20, 0x20, 0x20, 0x20, 0x20, 0x20, 0x20, 0x20, 0x20, 0x20, 0x20, 0x20, 0x20, //  }.             
	0x20, 0x20, 0x20, 0x20, 0x20, 0x20, 0x20, 0x65, 0x6c, 0x73, 0x65, 0x0a, 0x20, 0x20, 0x20, 0x20, //        else.    
	0x20, 0x20, 0x20, 0x20, 0x20, 0x20, 0x20, 0x20, 0x20, 0x20, 0x20, 0x20, 0x20, 0x20, 0x20, 0x20, //                 
	0x7b, 0x0a, 0x20, 0x20, 0x20, 0x20, 0x20, 0x20, 0x20, 0x20, 0x20, 0x20, 0x20, 0x20, 0x20, 0x20, // {.              
	0x20, 0x20, 0x20, 0x20, 0x20, 0x20, 0x20, 0x20, 0x20, 0x20, 0x5f, 0x36, 0x37, 0x39, 0x20, 0x3d, //           _679 =
	0x20, 0x5f, 0x36, 0x37, 0x38, 0x3b, 0x0a, 0x20, 0x20, 0x20, 0x20, 0x20, 0x20, 0x20, 0x20, 0x20, //  _678;.         
	0x20, 0x20, 0x20, 0x20, 0x20, 0x20, 0x20, 0x20, 0x20, 0x20, 0x20, 0x7d, 0x0a, 0x20, 0x20, 0x20, //            }.   
	0x20, 0x20, 0x20, 0x20, 0x20, 0x20, 0x20, 0x20, 0x20, 0x20, 0x20, 0x20, 0x20, 0x20, 0x20, 0x20, //                 
	0x20, 0x5f, 0x36, 0x38, 0x35, 0x20, 0x3d, 0x20, 0x28, 0x5f, 0x36, 0x37, 0x39, 0x20, 0x2a, 0x20, //  _685 = (_679 * 
	0x5f, 0x35, 0x39, 0x34, 0x29, 0x20, 0x2a, 0x20, 0x5f, 0x6d, 0x74, 0x6c, 0x5f, 0x75, 0x2e, 0x75, // _594) * _mtl_u.u
	0x5f, 0x69, 0x6e, 0x6e, 0x65, 0x72, 0x43, 0x6f, 0x6c, 0x3b, 0x0a, 0x20, 0x20, 0x20, 0x20, 0x20, // _innerCol;.     
	0x20, 0x20, 0x20, 0x20, 0x20, 0x20, 0x20, 0x20, 0x20, 0x20, 0x20, 0x7d, 0x0a, 0x20, 0x20, 0x20, //            }.   
	0x20, 0x20, 0x20, 0x20, 0x20, 0x20, 0x20, 0x20, 0x20, 0x20, 0x20, 0x20, 0x20, 0x65, 0x6c, 0x73, //              els
	0x65, 0x0a, 0x20, 0x20, 0x20, 0x20, 0x20, 0x20, 0x20, 0x20, 0x20, 0x20, 0x20, 0x20, 0x20, 0x20, // e.              
	0x20, 0x20, 0x7b, 0x0a, 0x20, 0x20, 0x20, 0x20, 0x20, 0x20, 0x20, 0x20, 0x20, 0x20, 0x20, 0x20, //   {.            
	0x20, 0x20, 0x20, 0x20, 0x20, 0x20, 0x20, 0x20, 0x5f, 0x36, 0x38, 0x35, 0x20, 0x3d, 0x20, 0x5f, //         _685 = _
	0x36, 0x38, 0x36, 0x3b, 0x0a, 0x20, 0x20, 0x20, 0x20, 0x20, 0x20, 0x20, 0x20, 0x20, 0x20, 0x20, // 686;.           
	0x20, 0x20, 0x20, 0x20, 0x20, 0x7d, 0x0a, 0x20, 0x20, 0x20, 0x20, 0x20, 0x20, 0x20, 0x20, 0x20, //      }.         
	0x20, 0x20, 0x20, 0x20, 0x20, 0x20, 0x20, 0x5f, 0x36, 0x38, 0x34, 0x20, 0x3d, 0x20, 0x5f, 0x36, //        _684 = _6
	0x38, 0x35, 0x3b, 0x0a, 0x20, 0x20, 0x20, 0x20, 0x20, 0x20, 0x20, 0x20, 0x20, 0x20, 0x20, 0x20, // 85;.            
	0x7d, 0x0a, 0x20, 0x20, 0x20, 0x20, 0x20, 0x20, 0x20, 0x20, 0x20, 0x20, 0x20, 0x20, 0x5f, 0x36, // }.            _6
	0x38, 0x33, 0x20, 0x3d, 0x20, 0x5f, 0x36, 0x38, 0x34, 0x3b, 0x0a, 0x20, 0x20, 0x20, 0x20, 0x20, // 83 = _684;.     
	0x20, 0x20, 0x20, 0x7d, 0x0a, 0x20, 0x20, 0x20, 0x20, 0x20, 0x20, 0x20, 0x20, 0x5f, 0x36, 0x38, //    }.        _68
	0x32, 0x20, 0x3d, 0x20, 0x5f, 0x36, 0x38, 0x33, 0x3b, 0x0a, 0x20, 0x20, 0x20, 0x20, 0x7d, 0x0a, // 2 = _683;.    }.
	0x20, 0x20, 0x20, 0x20, 0x6f, 0x75, 0x74, 0x2e, 0x62, 0x67, 0x66, 0x78, 0x5f, 0x46, 0x72, 0x61, //     out.bgfx_Fra
	0x67, 0x44, 0x61, 0x74, 0x61, 0x30, 0x20, 0x3d, 0x20, 0x5f, 0x36, 0x38, 0x32, 0x3b, 0x0a, 0x20, // gData0 = _682;. 
	0x20, 0x20, 0x20, 0x72, 0x65, 0x74, 0x75, 0x72, 0x6e, 0x20, 0x6f, 0x75, 0x74, 0x3b, 0x0a, 0x7d, //    return out;.}
	0x0a, 0x0a, 0x00, 0x00, 0xd0, 0x00,                                                             // ......
};
extern const uint8_t* fs_nanovg_fill_pssl;
extern const uint32_t fs_nanovg_fill_pssl_size;
