static const uint8_t fs_texture_glsl[3465] =
{
	0x46, 0x53, 0x48, 0x0c, 0x01, 0x83, 0xf2, 0xe1, 0x00, 0x00, 0x00, 0x00, 0x00, 0x00, 0x00, 0x00, // FSH.............
	0x00, 0x00, 0x00, 0x00, 0x03, 0x00, 0x09, 0x75, 0x5f, 0x70, 0x61, 0x72, 0x61, 0x6d, 0x73, 0x30, // .......u_params0
	0x02, 0x01, 0x00, 0x00, 0x01, 0x00, 0x00, 0x00, 0x00, 0x00, 0x09, 0x75, 0x5f, 0x70, 0x61, 0x72, // ...........u_par
	0x61, 0x6d, 0x73, 0x31, 0x02, 0x01, 0x00, 0x00, 0x01, 0x00, 0x00, 0x00, 0x00, 0x00, 0x0a, 0x73, // ams1...........s
	0x5f, 0x74, 0x65, 0x78, 0x43, 0x6f, 0x6c, 0x6f, 0x72, 0x00, 0x01, 0x00, 0x00, 0x01, 0x00, 0x00, // _texColor.......
	0x02, 0x00, 0x00, 0x31, 0x0d, 0x00, 0x00, 0x0a, 0x75, 0x6e, 0x69, 0x66, 0x6f, 0x72, 0x6d, 0x20, // ...1....uniform 
	0x76, 0x65, 0x63, 0x34, 0x20, 0x75, 0x5f, 0x70, 0x61, 0x72, 0x61, 0x6d, 0x73, 0x30, 0x3b, 0x0a, // vec4 u_params0;.
	0x75, 0x6e, 0x69, 0x66, 0x6f, 0x72, 0x6d, 0x20, 0x73, 0x61, 0x6d, 0x70, 0x6c, 0x65, 0x72, 0x32, // uniform sampler2
	0x44, 0x20, 0x73, 0x5f, 0x74, 0x65, 0x78, 0x43, 0x6f, 0x6c, 0x6f, 0x72, 0x3b, 0x0a, 0x75, 0x6e, // D s_texColor;.un
	0x69, 0x66, 0x6f, 0x72, 0x6d, 0x20, 0x76, 0x65, 0x63, 0x34, 0x20, 0x75, 0x5f, 0x70, 0x61, 0x72, // iform vec4 u_par
	0x61, 0x6d, 0x73, 0x31, 0x3b, 0x0a, 0x0a, 0x69, 0x6e, 0x20, 0x76, 0x65, 0x63, 0x33, 0x20, 0x76, // ams1;..in vec3 v
	0x5f, 0x74, 0x65, 0x78, 0x63, 0x6f, 0x6f, 0x72, 0x64, 0x30, 0x3b, 0x0a, 0x69, 0x6e, 0x20, 0x76, // _texcoord0;.in v
	0x65, 0x63, 0x34, 0x20, 0x76, 0x5f, 0x63, 0x6f, 0x6c, 0x6f, 0x72, 0x30, 0x3b, 0x0a, 0x6c, 0x61, // ec4 v_color0;.la
	0x79, 0x6f, 0x75, 0x74, 0x28, 0x6c, 0x6f, 0x63, 0x61, 0x74, 0x69, 0x6f, 0x6e, 0x20, 0x3d, 0x20, // yout(location = 
	0x30, 0x29, 0x20, 0x6f, 0x75, 0x74, 0x20, 0x76, 0x65, 0x63, 0x34, 0x20, 0x62, 0x67, 0x66, 0x78, // 0) out vec4 bgfx
	0x5f, 0x46, 0x72, 0x61, 0x67, 0x43, 0x6f, 0x6c, 0x6f, 0x72, 0x3b, 0x0a, 0x0a, 0x76, 0x6f, 0x69, // _FragColor;..voi
	0x64, 0x20, 0x6d, 0x61, 0x69, 0x6e, 0x28, 0x29, 0x0a, 0x7b, 0x0a, 0x20, 0x20, 0x20, 0x20, 0x76, // d main().{.    v
	0x65, 0x63, 0x34, 0x20, 0x5f, 0x32, 0x36, 0x34, 0x20, 0x3d, 0x20, 0x74, 0x65, 0x78, 0x74, 0x75, // ec4 _264 = textu
	0x72, 0x65, 0x4c, 0x6f, 0x64, 0x28, 0x73, 0x5f, 0x74, 0x65, 0x78, 0x43, 0x6f, 0x6c, 0x6f, 0x72, // reLod(s_texColor
	0x2c, 0x20, 0x76, 0x5f, 0x74, 0x65, 0x78, 0x63, 0x6f, 0x6f, 0x72, 0x64, 0x30, 0x2e, 0x78, 0x79, // , v_texcoord0.xy
	0x2c, 0x20, 0x75, 0x5f, 0x70, 0x61, 0x72, 0x61, 0x6d, 0x73, 0x30, 0x2e, 0x78, 0x29, 0x3b, 0x0a, // , u_params0.x);.
	0x20, 0x20, 0x20, 0x20, 0x76, 0x65, 0x63, 0x33, 0x20, 0x5f, 0x32, 0x36, 0x37, 0x20, 0x3d, 0x20, //     vec3 _267 = 
	0x5f, 0x32, 0x36, 0x34, 0x2e, 0x78, 0x79, 0x7a, 0x3b, 0x0a, 0x20, 0x20, 0x20, 0x20, 0x76, 0x65, // _264.xyz;.    ve
	0x63, 0x33, 0x20, 0x5f, 0x33, 0x33, 0x33, 0x20, 0x3d, 0x20, 0x6d, 0x69, 0x78, 0x28, 0x70, 0x6f, // c3 _333 = mix(po
	0x77, 0x28, 0x61, 0x62, 0x73, 0x28, 0x5f, 0x32, 0x36, 0x37, 0x29, 0x2c, 0x20, 0x76, 0x65, 0x63, // w(abs(_267), vec
	0x33, 0x28, 0x32, 0x2e, 0x32, 0x30, 0x30, 0x30, 0x30, 0x30, 0x30, 0x34, 0x37, 0x36, 0x38, 0x33, // 3(2.200000047683
	0x37, 0x31, 0x35, 0x38, 0x32, 0x30, 0x33, 0x31, 0x32, 0x35, 0x29, 0x29, 0x2c, 0x20, 0x5f, 0x32, // 7158203125)), _2
	0x36, 0x37, 0x2c, 0x20, 0x76, 0x65, 0x63, 0x33, 0x28, 0x75, 0x5f, 0x70, 0x61, 0x72, 0x61, 0x6d, // 67, vec3(u_param
	0x73, 0x30, 0x2e, 0x7a, 0x29, 0x29, 0x20, 0x2a, 0x20, 0x70, 0x6f, 0x77, 0x28, 0x32, 0x2e, 0x30, // s0.z)) * pow(2.0
	0x2c, 0x20, 0x75, 0x5f, 0x70, 0x61, 0x72, 0x61, 0x6d, 0x73, 0x30, 0x2e, 0x77, 0x29, 0x3b, 0x0a, // , u_params0.w);.
	0x20, 0x20, 0x20, 0x20, 0x76, 0x65, 0x63, 0x34, 0x20, 0x5f, 0x35, 0x32, 0x36, 0x20, 0x3d, 0x20, //     vec4 _526 = 
	0x5f, 0x32, 0x36, 0x34, 0x3b, 0x0a, 0x20, 0x20, 0x20, 0x20, 0x5f, 0x35, 0x32, 0x36, 0x2e, 0x78, // _264;.    _526.x
	0x20, 0x3d, 0x20, 0x5f, 0x33, 0x33, 0x33, 0x2e, 0x78, 0x3b, 0x0a, 0x20, 0x20, 0x20, 0x20, 0x5f, //  = _333.x;.    _
	0x35, 0x32, 0x36, 0x2e, 0x79, 0x20, 0x3d, 0x20, 0x5f, 0x33, 0x33, 0x33, 0x2e, 0x79, 0x3b, 0x0a, // 526.y = _333.y;.
	0x20, 0x20, 0x20, 0x20, 0x5f, 0x35, 0x32, 0x36, 0x2e, 0x7a, 0x20, 0x3d, 0x20, 0x5f, 0x33, 0x33, //     _526.z = _33
	0x33, 0x2e, 0x7a, 0x3b, 0x0a, 0x20, 0x20, 0x20, 0x20, 0x76, 0x65, 0x63, 0x34, 0x20, 0x5f, 0x32, // 3.z;.    vec4 _2
	0x37, 0x39, 0x20, 0x3d, 0x20, 0x5f, 0x35, 0x32, 0x36, 0x20, 0x2a, 0x20, 0x76, 0x5f, 0x63, 0x6f, // 79 = _526 * v_co
	0x6c, 0x6f, 0x72, 0x30, 0x3b, 0x0a, 0x20, 0x20, 0x20, 0x20, 0x76, 0x65, 0x63, 0x33, 0x20, 0x5f, // lor0;.    vec3 _
	0x35, 0x34, 0x37, 0x3b, 0x0a, 0x20, 0x20, 0x20, 0x20, 0x69, 0x66, 0x20, 0x28, 0x75, 0x5f, 0x70, // 547;.    if (u_p
	0x61, 0x72, 0x61, 0x6d, 0x73, 0x31, 0x2e, 0x78, 0x20, 0x3c, 0x20, 0x30, 0x2e, 0x35, 0x29, 0x0a, // arams1.x < 0.5).
	0x20, 0x20, 0x20, 0x20, 0x7b, 0x0a, 0x20, 0x20, 0x20, 0x20, 0x20, 0x20, 0x20, 0x20, 0x76, 0x65, //     {.        ve
	0x63, 0x33, 0x20, 0x5f, 0x33, 0x36, 0x32, 0x20, 0x3d, 0x20, 0x63, 0x6c, 0x61, 0x6d, 0x70, 0x28, // c3 _362 = clamp(
	0x5f, 0x32, 0x37, 0x39, 0x2e, 0x78, 0x79, 0x7a, 0x2c, 0x20, 0x76, 0x65, 0x63, 0x33, 0x28, 0x30, // _279.xyz, vec3(0
	0x2e, 0x30, 0x29, 0x2c, 0x20, 0x76, 0x65, 0x63, 0x33, 0x28, 0x31, 0x2e, 0x30, 0x29, 0x29, 0x3b, // .0), vec3(1.0));
	0x0a, 0x20, 0x20, 0x20, 0x20, 0x20, 0x20, 0x20, 0x20, 0x66, 0x6c, 0x6f, 0x61, 0x74, 0x20, 0x5f, // .        float _
	0x34, 0x30, 0x33, 0x20, 0x3d, 0x20, 0x5f, 0x33, 0x36, 0x32, 0x2e, 0x78, 0x3b, 0x0a, 0x20, 0x20, // 403 = _362.x;.  
	0x20, 0x20, 0x20, 0x20, 0x20, 0x20, 0x66, 0x6c, 0x6f, 0x61, 0x74, 0x20, 0x5f, 0x35, 0x34, 0x31, //       float _541
	0x3b, 0x0a, 0x20, 0x20, 0x20, 0x20, 0x20, 0x20, 0x20, 0x20, 0x64, 0x6f, 0x0a, 0x20, 0x20, 0x20, // ;.        do.   
	0x20, 0x20, 0x20, 0x20, 0x20, 0x7b, 0x0a, 0x20, 0x20, 0x20, 0x20, 0x20, 0x20, 0x20, 0x20, 0x20, //      {.         
	0x20, 0x20, 0x20, 0x69, 0x66, 0x20, 0x28, 0x5f, 0x34, 0x30, 0x33, 0x20, 0x3c, 0x3d, 0x20, 0x30, //    if (_403 <= 0
	0x2e, 0x30, 0x30, 0x33, 0x31, 0x33, 0x30, 0x38, 0x30, 0x30, 0x30, 0x39, 0x30, 0x37, 0x33, 0x30, // .003130800090730
	0x31, 0x39, 0x30, 0x32, 0x37, 0x37, 0x30, 0x39, 0x39, 0x36, 0x30, 0x39, 0x33, 0x37, 0x35, 0x29, // 190277099609375)
	0x0a, 0x20, 0x20, 0x20, 0x20, 0x20, 0x20, 0x20, 0x20, 0x20, 0x20, 0x20, 0x20, 0x7b, 0x0a, 0x20, // .            {. 
	0x20, 0x20, 0x20, 0x20, 0x20, 0x20, 0x20, 0x20, 0x20, 0x20, 0x20, 0x20, 0x20, 0x20, 0x20, 0x5f, //                _
	0x35, 0x34, 0x31, 0x20, 0x3d, 0x20, 0x31, 0x32, 0x2e, 0x39, 0x32, 0x30, 0x30, 0x30, 0x30, 0x30, // 541 = 12.9200000
	0x37, 0x36, 0x32, 0x39, 0x33, 0x39, 0x34, 0x35, 0x33, 0x31, 0x32, 0x35, 0x20, 0x2a, 0x20, 0x5f, // 762939453125 * _
	0x34, 0x30, 0x33, 0x3b, 0x0a, 0x20, 0x20, 0x20, 0x20, 0x20, 0x20, 0x20, 0x20, 0x20, 0x20, 0x20, // 403;.           
	0x20, 0x20, 0x20, 0x20, 0x20, 0x62, 0x72, 0x65, 0x61, 0x6b, 0x3b, 0x0a, 0x20, 0x20, 0x20, 0x20, //      break;.    
	0x20, 0x20, 0x20, 0x20, 0x20, 0x20, 0x20, 0x20, 0x7d, 0x0a, 0x20, 0x20, 0x20, 0x20, 0x20, 0x20, //         }.      
	0x20, 0x20, 0x20, 0x20, 0x20, 0x20, 0x65, 0x6c, 0x73, 0x65, 0x0a, 0x20, 0x20, 0x20, 0x20, 0x20, //       else.     
	0x20, 0x20, 0x20, 0x20, 0x20, 0x20, 0x20, 0x7b, 0x0a, 0x20, 0x20, 0x20, 0x20, 0x20, 0x20, 0x20, //        {.       
	0x20, 0x20, 0x20, 0x20, 0x20, 0x20, 0x20, 0x20, 0x20, 0x5f, 0x35, 0x34, 0x31, 0x20, 0x3d, 0x20, //          _541 = 
	0x28, 0x31, 0x2e, 0x30, 0x35, 0x34, 0x39, 0x39, 0x39, 0x39, 0x34, 0x37, 0x35, 0x34, 0x37, 0x39, // (1.0549999475479
	0x31, 0x32, 0x35, 0x39, 0x37, 0x36, 0x35, 0x36, 0x32, 0x35, 0x20, 0x2a, 0x20, 0x70, 0x6f, 0x77, // 1259765625 * pow
	0x28, 0x5f, 0x34, 0x30, 0x33, 0x2c, 0x20, 0x30, 0x2e, 0x34, 0x31, 0x36, 0x36, 0x36, 0x36, 0x36, // (_403, 0.4166666
	0x35, 0x36, 0x37, 0x33, 0x32, 0x35, 0x35, 0x39, 0x32, 0x30, 0x34, 0x31, 0x30, 0x31, 0x35, 0x36, // 5673255920410156
	0x32, 0x35, 0x29, 0x29, 0x20, 0x2d, 0x20, 0x30, 0x2e, 0x30, 0x35, 0x34, 0x39, 0x39, 0x39, 0x39, // 25)) - 0.0549999
	0x39, 0x39, 0x37, 0x30, 0x31, 0x39, 0x37, 0x36, 0x37, 0x37, 0x36, 0x31, 0x32, 0x33, 0x30, 0x34, // 9970197677612304
	0x36, 0x38, 0x37, 0x35, 0x3b, 0x0a, 0x20, 0x20, 0x20, 0x20, 0x20, 0x20, 0x20, 0x20, 0x20, 0x20, // 6875;.          
	0x20, 0x20, 0x20, 0x20, 0x20, 0x20, 0x62, 0x72, 0x65, 0x61, 0x6b, 0x3b, 0x0a, 0x20, 0x20, 0x20, //       break;.   
	0x20, 0x20, 0x20, 0x20, 0x20, 0x20, 0x20, 0x20, 0x20, 0x7d, 0x0a, 0x20, 0x20, 0x20, 0x20, 0x20, //          }.     
	0x20, 0x20, 0x20, 0x20, 0x20, 0x20, 0x20, 0x62, 0x72, 0x65, 0x61, 0x6b, 0x3b, 0x20, 0x2f, 0x2f, //        break; //
	0x20, 0x75, 0x6e, 0x72, 0x65, 0x61, 0x63, 0x68, 0x61, 0x62, 0x6c, 0x65, 0x20, 0x77, 0x6f, 0x72, //  unreachable wor
	0x6b, 0x61, 0x72, 0x6f, 0x75, 0x6e, 0x64, 0x0a, 0x20, 0x20, 0x20, 0x20, 0x20, 0x20, 0x20, 0x20, // karound.        
	0x7d, 0x20, 0x77, 0x68, 0x69, 0x6c, 0x65, 0x28, 0x66, 0x61, 0x6c, 0x73, 0x65, 0x29, 0x3b, 0x0a, // } while(false);.
	0x20, 0x20, 0x20, 0x20, 0x20, 0x20, 0x20, 0x20, 0x66, 0x6c, 0x6f, 0x61, 0x74, 0x20, 0x5f, 0x34, //         float _4
	0x30, 0x37, 0x20, 0x3d, 0x20, 0x5f, 0x33, 0x36, 0x32, 0x2e, 0x79, 0x3b, 0x0a, 0x20, 0x20, 0x20, // 07 = _362.y;.   
	0x20, 0x20, 0x20, 0x20, 0x20, 0x66, 0x6c, 0x6f, 0x61, 0x74, 0x20, 0x5f, 0x35, 0x34, 0x33, 0x3b, //      float _543;
	0x0a, 0x20, 0x20, 0x20, 0x20, 0x20, 0x20, 0x20, 0x20, 0x64, 0x6f, 0x0a, 0x20, 0x20, 0x20, 0x20, // .        do.    
	0x20, 0x20, 0x20, 0x20, 0x7b, 0x0a, 0x20, 0x20, 0x20, 0x20, 0x20, 0x20, 0x20, 0x20, 0x20, 0x20, //     {.          
	0x20, 0x20, 0x69, 0x66, 0x20, 0x28, 0x5f, 0x34, 0x30, 0x37, 0x20, 0x3c, 0x3d, 0x20, 0x30, 0x2e, //   if (_407 <= 0.
	0x30, 0x30, 0x33, 0x31, 0x33, 0x30, 0x38, 0x30, 0x30, 0x30, 0x39, 0x30, 0x37, 0x33, 0x30, 0x31, // 0031308000907301
	0x39, 0x30, 0x32, 0x37, 0x37, 0x30, 0x39, 0x39, 0x36, 0x30, 0x39, 0x33, 0x37, 0x35, 0x29, 0x0a, // 90277099609375).
	0x20, 0x20, 0x20, 0x20, 0x20, 0x20, 0x20, 0x20, 0x20, 0x20, 0x20, 0x20, 0x7b, 0x0a, 0x20, 0x20, //             {.  
	0x20, 0x20, 0x20, 0x20, 0x20, 0x20, 0x20, 0x20, 0x20, 0x20, 0x20, 0x20, 0x20, 0x20, 0x5f, 0x35, //               _5
	0x34, 0x33, 0x20, 0x3d, 0x20, 0x31, 0x32, 0x2e, 0x39, 0x32, 0x30, 0x30, 0x30, 0x30, 0x30, 0x37, // 43 = 12.92000007
	0x36, 0x32, 0x39, 0x33, 0x39, 0x34, 0x35, 0x33, 0x31, 0x32, 0x35, 0x20, 0x2a, 0x20, 0x5f, 0x34, // 62939453125 * _4
	0x30, 0x37, 0x3b, 0x0a, 0x20, 0x20, 0x20, 0x20, 0x20, 0x20, 0x20, 0x20, 0x20, 0x20, 0x20, 0x20, // 07;.            
	0x20, 0x20, 0x20, 0x20, 0x62, 0x72, 0x65, 0x61, 0x6b, 0x3b, 0x0a, 0x20, 0x20, 0x20, 0x20, 0x20, //     break;.     
	0x20, 0x20, 0x20, 0x20, 0x20, 0x20, 0x20, 0x7d, 0x0a, 0x20, 0x20, 0x20, 0x20, 0x20, 0x20, 0x20, //        }.       
	0x20, 0x20, 0x20, 0x20, 0x20, 0x65, 0x6c, 0x73, 0x65, 0x0a, 0x20, 0x20, 0x20, 0x20, 0x20, 0x20, //      else.      
	0x20, 0x20, 0x20, 0x20, 0x20, 0x20, 0x7b, 0x0a, 0x20, 0x20, 0x20, 0x20, 0x20, 0x20, 0x20, 0x20, //       {.        
	0x20, 0x20, 0x20, 0x20, 0x20, 0x20, 0x20, 0x20, 0x5f, 0x35, 0x34, 0x33, 0x20, 0x3d, 0x20, 0x28, //         _543 = (
	0x31, 0x2e, 0x30, 0x35, 0x34, 0x39, 0x39, 0x39, 0x39, 0x34, 0x37, 0x35, 0x34, 0x37, 0x39, 0x31, // 1.05499994754791
	0x32, 0x35, 0x39, 0x37, 0x36, 0x35, 0x36, 0x32, 0x35, 0x20, 0x2a, 0x20, 0x70, 0x6f, 0x77, 0x28, // 259765625 * pow(
	0x5f, 0x34, 0x30, 0x37, 0x2c, 0x20, 0x30, 0x2e, 0x34, 0x31, 0x36, 0x36, 0x36, 0x36, 0x36, 0x35, // _407, 0.41666665
	0x36, 0x37, 0x33, 0x32, 0x35, 0x35, 0x39, 0x32, 0x30, 0x34, 0x31, 0x30, 0x31, 0x35, 0x36, 0x32, // 6732559204101562
	0x35, 0x29, 0x29, 0x20, 0x2d, 0x20, 0x30, 0x2e, 0x30, 0x35, 0x34, 0x39, 0x39, 0x39, 0x39, 0x39, // 5)) - 0.05499999
	0x39, 0x37, 0x30, 0x31, 0x39, 0x37, 0x36, 0x37, 0x37, 0x36, 0x31, 0x32, 0x33, 0x30, 0x34, 0x36, // 9701976776123046
	0x38, 0x37, 0x35, 0x3b, 0x0a, 0x20, 0x20, 0x20, 0x20, 0x20, 0x20, 0x20, 0x20, 0x20, 0x20, 0x20, // 875;.           
	0x20, 0x20, 0x20, 0x20, 0x20, 0x62, 0x72, 0x65, 0x61, 0x6b, 0x3b, 0x0a, 0x20, 0x20, 0x20, 0x20, //      break;.    
	0x20, 0x20, 0x20, 0x20, 0x20, 0x20, 0x20, 0x20, 0x7d, 0x0a, 0x20, 0x20, 0x20, 0x20, 0x20, 0x20, //         }.      
	0x20, 0x20, 0x20, 0x20, 0x20, 0x20, 0x62, 0x72, 0x65, 0x61, 0x6b, 0x3b, 0x20, 0x2f, 0x2f, 0x20, //       break; // 
	0x75, 0x6e, 0x72, 0x65, 0x61, 0x63, 0x68, 0x61, 0x62, 0x6c, 0x65, 0x20, 0x77, 0x6f, 0x72, 0x6b, // unreachable work
	0x61, 0x72, 0x6f, 0x75, 0x6e, 0x64, 0x0a, 0x20, 0x20, 0x20, 0x20, 0x20, 0x20, 0x20, 0x20, 0x7d, // around.        }
	0x20, 0x77, 0x68, 0x69, 0x6c, 0x65, 0x28, 0x66, 0x61, 0x6c, 0x73, 0x65, 0x29, 0x3b, 0x0a, 0x20, //  while(false);. 
	0x20, 0x20, 0x20, 0x20, 0x20, 0x20, 0x20, 0x66, 0x6c, 0x6f, 0x61, 0x74, 0x20, 0x5f, 0x34, 0x31, //        float _41
	0x31, 0x20, 0x3d, 0x20, 0x5f, 0x33, 0x36, 0x32, 0x2e, 0x7a, 0x3b, 0x0a, 0x20, 0x20, 0x20, 0x20, // 1 = _362.z;.    
	0x20, 0x20, 0x20, 0x20, 0x66, 0x6c, 0x6f, 0x61, 0x74, 0x20, 0x5f, 0x35, 0x34, 0x35, 0x3b, 0x0a, //     float _545;.
	0x20, 0x20, 0x20, 0x20, 0x20, 0x20, 0x20, 0x20, 0x64, 0x6f, 0x0a, 0x20, 0x20, 0x20, 0x20, 0x20, //         do.     
	0x20, 0x20, 0x20, 0x7b, 0x0a, 0x20, 0x20, 0x20, 0x20, 0x20, 0x20, 0x20, 0x20, 0x20, 0x20, 0x20, //    {.           
	0x20, 0x69, 0x66, 0x20, 0x28, 0x5f, 0x34, 0x31, 0x31, 0x20, 0x3c, 0x3d, 0x20, 0x30, 0x2e, 0x30, //  if (_411 <= 0.0
	0x30, 0x33, 0x31, 0x33, 0x30, 0x38, 0x30, 0x30, 0x30, 0x39, 0x30, 0x37, 0x33, 0x30, 0x31, 0x39, // 0313080009073019
	0x30, 0x32, 0x37, 0x37, 0x30, 0x39, 0x39, 0x36, 0x30, 0x39, 0x33, 0x37, 0x35, 0x29, 0x0a, 0x20, // 0277099609375). 
	0x20, 0x20, 0x20, 0x20, 0x20, 0x20, 0x20, 0x20, 0x20, 0x20, 0x20, 0x7b, 0x0a, 0x20, 0x20, 0x20, //            {.   
	0x20, 0x20, 0x20, 0x20, 0x20, 0x20, 0x20, 0x20, 0x20, 0x20, 0x20, 0x20, 0x20, 0x5f, 0x35, 0x34, //              _54
	0x35, 0x20, 0x3d, 0x20, 0x31, 0x32, 0x2e, 0x39, 0x32, 0x30, 0x30, 0x30, 0x30, 0x30, 0x37, 0x36, // 5 = 12.920000076
	0x32, 0x39, 0x33, 0x39, 0x34, 0x35, 0x33, 0x31, 0x32, 0x35, 0x20, 0x2a, 0x20, 0x5f, 0x34, 0x31, // 2939453125 * _41
	0x31, 0x3b, 0x0a, 0x20, 0x20, 0x20, 0x20, 0x20, 0x20, 0x20, 0x20, 0x20, 0x20, 0x20, 0x20, 0x20, // 1;.             
	0x20, 0x20, 0x20, 0x62, 0x72, 0x65, 0x61, 0x6b, 0x3b, 0x0a, 0x20, 0x20, 0x20, 0x20, 0x20, 0x20, //    break;.      
	0x20, 0x20, 0x20, 0x20, 0x20, 0x20, 0x7d, 0x0a, 0x20, 0x20, 0x20, 0x20, 0x20, 0x20, 0x20, 0x20, //       }.        
	0x20, 0x20, 0x20, 0x20, 0x65, 0x6c, 0x73, 0x65, 0x0a, 0x20, 0x20, 0x20, 0x20, 0x20, 0x20, 0x20, //     else.       
	0x20, 0x20, 0x20, 0x20, 0x20, 0x7b, 0x0a, 0x20, 0x20, 0x20, 0x20, 0x20, 0x20, 0x20, 0x20, 0x20, //      {.         
	0x20, 0x20, 0x20, 0x20, 0x20, 0x20, 0x20, 0x5f, 0x35, 0x34, 0x35, 0x20, 0x3d, 0x20, 0x28, 0x31, //        _545 = (1
	0x2e, 0x30, 0x35, 0x34, 0x39, 0x39, 0x39, 0x39, 0x34, 0x37, 0x35, 0x34, 0x37, 0x39, 0x31, 0x32, // .054999947547912
	0x35, 0x39, 0x37, 0x36, 0x35, 0x36, 0x32, 0x35, 0x20, 0x2a, 0x20, 0x70, 0x6f, 0x77, 0x28, 0x5f, // 59765625 * pow(_
	0x34, 0x31, 0x31, 0x2c, 0x20, 0x30, 0x2e, 0x34, 0x31, 0x36, 0x36, 0x36, 0x36, 0x36, 0x35, 0x36, // 411, 0.416666656
	0x37, 0x33, 0x32, 0x35, 0x35, 0x39, 0x32, 0x30, 0x34, 0x31, 0x30, 0x31, 0x35, 0x36, 0x32, 0x35, // 7325592041015625
	0x29, 0x29, 0x20, 0x2d, 0x20, 0x30, 0x2e, 0x30, 0x35, 0x34, 0x39, 0x39, 0x39, 0x39, 0x39, 0x39, // )) - 0.054999999
	0x37, 0x30, 0x31, 0x39, 0x37, 0x36, 0x37, 0x37, 0x36, 0x31, 0x32, 0x33, 0x30, 0x34, 0x36, 0x38, // 7019767761230468
	0x37, 0x35, 0x3b, 0x0a, 0x20, 0x20, 0x20, 0x20, 0x20, 0x20, 0x20, 0x20, 0x20, 0x20, 0x20, 0x20, // 75;.            
	0x20, 0x20, 0x20, 0x20, 0x62, 0x72, 0x65, 0x61, 0x6b, 0x3b, 0x0a, 0x20, 0x20, 0x20, 0x20, 0x20, //     break;.     
	0x20, 0x20, 0x20, 0x20, 0x20, 0x20, 0x20, 0x7d, 0x0a, 0x20, 0x20, 0x20, 0x20, 0x20, 0x20, 0x20, //        }.       
	0x20, 0x20, 0x20, 0x20, 0x20, 0x62, 0x72, 0x65, 0x61, 0x6b, 0x3b, 0x20, 0x2f, 0x2f, 0x20, 0x75, //      break; // u
	0x6e, 0x72, 0x65, 0x61, 0x63, 0x68, 0x61, 0x62, 0x6c, 0x65, 0x20, 0x77, 0x6f, 0x72, 0x6b, 0x61, // nreachable worka
	0x72, 0x6f, 0x75, 0x6e, 0x64, 0x0a, 0x20, 0x20, 0x20, 0x20, 0x20, 0x20, 0x20, 0x20, 0x7d, 0x20, // round.        } 
	0x77, 0x68, 0x69, 0x6c, 0x65, 0x28, 0x66, 0x61, 0x6c, 0x73, 0x65, 0x29, 0x3b, 0x0a, 0x20, 0x20, // while(false);.  
	0x20, 0x20, 0x20, 0x20, 0x20, 0x20, 0x5f, 0x35, 0x34, 0x37, 0x20, 0x3d, 0x20, 0x76, 0x65, 0x63, //       _547 = vec
	0x33, 0x28, 0x5f, 0x35, 0x34, 0x31, 0x2c, 0x20, 0x5f, 0x35, 0x34, 0x33, 0x2c, 0x20, 0x5f, 0x35, // 3(_541, _543, _5
	0x34, 0x35, 0x29, 0x3b, 0x0a, 0x20, 0x20, 0x20, 0x20, 0x7d, 0x0a, 0x20, 0x20, 0x20, 0x20, 0x65, // 45);.    }.    e
	0x6c, 0x73, 0x65, 0x0a, 0x20, 0x20, 0x20, 0x20, 0x7b, 0x0a, 0x20, 0x20, 0x20, 0x20, 0x20, 0x20, // lse.    {.      
	0x20, 0x20, 0x76, 0x65, 0x63, 0x33, 0x20, 0x5f, 0x35, 0x34, 0x38, 0x3b, 0x0a, 0x20, 0x20, 0x20, //   vec3 _548;.   
	0x20, 0x20, 0x20, 0x20, 0x20, 0x69, 0x66, 0x20, 0x28, 0x75, 0x5f, 0x70, 0x61, 0x72, 0x61, 0x6d, //      if (u_param
	0x73, 0x31, 0x2e, 0x78, 0x20, 0x3c, 0x20, 0x31, 0x2e, 0x35, 0x29, 0x0a, 0x20, 0x20, 0x20, 0x20, // s1.x < 1.5).    
	0x20, 0x20, 0x20, 0x20, 0x7b, 0x0a, 0x20, 0x20, 0x20, 0x20, 0x20, 0x20, 0x20, 0x20, 0x20, 0x20, //     {.          
	0x20, 0x20, 0x5f, 0x35, 0x34, 0x38, 0x20, 0x3d, 0x20, 0x5f, 0x32, 0x37, 0x39, 0x2e, 0x78, 0x79, //   _548 = _279.xy
	0x7a, 0x3b, 0x0a, 0x20, 0x20, 0x20, 0x20, 0x20, 0x20, 0x20, 0x20, 0x7d, 0x0a, 0x20, 0x20, 0x20, // z;.        }.   
	0x20, 0x20, 0x20, 0x20, 0x20, 0x65, 0x6c, 0x73, 0x65, 0x0a, 0x20, 0x20, 0x20, 0x20, 0x20, 0x20, //      else.      
	0x20, 0x20, 0x7b, 0x0a, 0x20, 0x20, 0x20, 0x20, 0x20, 0x20, 0x20, 0x20, 0x20, 0x20, 0x20, 0x20, //   {.            
	0x76, 0x65, 0x63, 0x33, 0x20, 0x5f, 0x35, 0x34, 0x39, 0x3b, 0x0a, 0x20, 0x20, 0x20, 0x20, 0x20, // vec3 _549;.     
	0x20, 0x20, 0x20, 0x20, 0x20, 0x20, 0x20, 0x69, 0x66, 0x20, 0x28, 0x75, 0x5f, 0x70, 0x61, 0x72, //        if (u_par
	0x61, 0x6d, 0x73, 0x31, 0x2e, 0x78, 0x20, 0x3c, 0x20, 0x32, 0x2e, 0x35, 0x29, 0x0a, 0x20, 0x20, // ams1.x < 2.5).  
	0x20, 0x20, 0x20, 0x20, 0x20, 0x20, 0x20, 0x20, 0x20, 0x20, 0x7b, 0x0a, 0x20, 0x20, 0x20, 0x20, //           {.    
	0x20, 0x20, 0x20, 0x20, 0x20, 0x20, 0x20, 0x20, 0x20, 0x20, 0x20, 0x20, 0x76, 0x65, 0x63, 0x33, //             vec3
	0x20, 0x5f, 0x34, 0x39, 0x36, 0x20, 0x3d, 0x20, 0x70, 0x6f, 0x77, 0x28, 0x28, 0x28, 0x6d, 0x61, //  _496 = pow(((ma
	0x74, 0x33, 0x28, 0x76, 0x65, 0x63, 0x33, 0x28, 0x31, 0x2e, 0x37, 0x31, 0x36, 0x36, 0x35, 0x31, // t3(vec3(1.716651
	0x32, 0x30, 0x31, 0x32, 0x34, 0x38, 0x31, 0x36, 0x38, 0x39, 0x34, 0x35, 0x33, 0x31, 0x32, 0x35, // 2012481689453125
	0x2c, 0x20, 0x2d, 0x30, 0x2e, 0x33, 0x35, 0x35, 0x36, 0x37, 0x30, 0x38, 0x30, 0x39, 0x37, 0x34, // , -0.35567080974
	0x35, 0x37, 0x38, 0x38, 0x35, 0x37, 0x34, 0x32, 0x31, 0x38, 0x37, 0x35, 0x2c, 0x20, 0x2d, 0x30, // 578857421875, -0
	0x2e, 0x32, 0x35, 0x33, 0x33, 0x36, 0x36, 0x32, 0x39, 0x31, 0x35, 0x32, 0x32, 0x39, 0x37, 0x39, // .253366291522979
	0x37, 0x33, 0x36, 0x33, 0x32, 0x38, 0x31, 0x32, 0x35, 0x29, 0x2c, 0x20, 0x76, 0x65, 0x63, 0x33, // 736328125), vec3
	0x28, 0x2d, 0x30, 0x2e, 0x36, 0x36, 0x36, 0x36, 0x38, 0x34, 0x33, 0x38, 0x39, 0x31, 0x31, 0x34, // (-0.666684389114
	0x33, 0x37, 0x39, 0x38, 0x38, 0x32, 0x38, 0x31, 0x32, 0x35, 0x2c, 0x20, 0x31, 0x2e, 0x36, 0x31, // 3798828125, 1.61
	0x36, 0x34, 0x38, 0x31, 0x31, 0x38, 0x34, 0x39, 0x35, 0x39, 0x34, 0x31, 0x31, 0x36, 0x32, 0x31, // 6481184959411621
	0x30, 0x39, 0x33, 0x37, 0x35, 0x2c, 0x20, 0x30, 0x2e, 0x30, 0x31, 0x35, 0x37, 0x36, 0x38, 0x35, // 09375, 0.0157685
	0x30, 0x30, 0x30, 0x34, 0x34, 0x39, 0x34, 0x31, 0x39, 0x30, 0x32, 0x31, 0x36, 0x30, 0x36, 0x34, // 0004494190216064
	0x34, 0x35, 0x33, 0x31, 0x32, 0x35, 0x29, 0x2c, 0x20, 0x76, 0x65, 0x63, 0x33, 0x28, 0x30, 0x2e, // 453125), vec3(0.
	0x30, 0x31, 0x37, 0x36, 0x33, 0x39, 0x38, 0x39, 0x39, 0x36, 0x32, 0x36, 0x33, 0x37, 0x34, 0x32, // 0176398996263742
	0x34, 0x34, 0x36, 0x38, 0x39, 0x39, 0x34, 0x31, 0x34, 0x30, 0x36, 0x32, 0x35, 0x2c, 0x20, 0x2d, // 4468994140625, -
	0x30, 0x2e, 0x30, 0x34, 0x32, 0x37, 0x37, 0x30, 0x36, 0x30, 0x31, 0x38, 0x30, 0x39, 0x30, 0x32, // 0.04277060180902
	0x34, 0x38, 0x31, 0x30, 0x37, 0x39, 0x31, 0x30, 0x31, 0x35, 0x36, 0x32, 0x35, 0x2c, 0x20, 0x30, // 4810791015625, 0
	0x2e, 0x39, 0x34, 0x32, 0x31, 0x30, 0x33, 0x30, 0x38, 0x37, 0x39, 0x30, 0x32, 0x30, 0x36, 0x39, // .942103087902069
	0x30, 0x39, 0x31, 0x37, 0x39, 0x36, 0x38, 0x37, 0x35, 0x29, 0x29, 0x20, 0x2a, 0x20, 0x28, 0x6d, // 091796875)) * (m
	0x61, 0x74, 0x33, 0x28, 0x76, 0x65, 0x63, 0x33, 0x28, 0x30, 0x2e, 0x34, 0x31, 0x32, 0x35, 0x35, // at3(vec3(0.41255
	0x36, 0x34, 0x30, 0x39, 0x38, 0x33, 0x35, 0x38, 0x31, 0x35, 0x34, 0x32, 0x39, 0x36, 0x38, 0x37, // 6409835815429687
	0x35, 0x2c, 0x20, 0x30, 0x2e, 0x33, 0x35, 0x37, 0x35, 0x37, 0x36, 0x31, 0x30, 0x32, 0x30, 0x31, // 5, 0.35757610201
	0x38, 0x33, 0x35, 0x36, 0x33, 0x32, 0x33, 0x32, 0x34, 0x32, 0x31, 0x38, 0x37, 0x35, 0x2c, 0x20, // 83563232421875, 
	0x30, 0x2e, 0x31, 0x38, 0x30, 0x34, 0x33, 0x37, 0x35, 0x30, 0x35, 0x32, 0x34, 0x35, 0x32, 0x30, // 0.18043750524520
	0x38, 0x37, 0x34, 0x30, 0x32, 0x33, 0x34, 0x33, 0x37, 0x35, 0x29, 0x2c, 0x20, 0x76, 0x65, 0x63, // 8740234375), vec
	0x33, 0x28, 0x30, 0x2e, 0x32, 0x31, 0x32, 0x36, 0x37, 0x32, 0x39, 0x30, 0x34, 0x31, 0x33, 0x33, // 3(0.212672904133
	0x37, 0x39, 0x36, 0x36, 0x39, 0x31, 0x38, 0x39, 0x34, 0x35, 0x33, 0x31, 0x32, 0x35, 0x2c, 0x20, // 79669189453125, 
	0x30, 0x2e, 0x37, 0x31, 0x35, 0x31, 0x35, 0x32, 0x32, 0x30, 0x34, 0x30, 0x33, 0x36, 0x37, 0x31, // 0.71515220403671
	0x32, 0x36, 0x34, 0x36, 0x34, 0x38, 0x34, 0x33, 0x37, 0x35, 0x2c, 0x20, 0x30, 0x2e, 0x30, 0x37, // 2646484375, 0.07
	0x32, 0x31, 0x37, 0x35, 0x30, 0x30, 0x33, 0x35, 0x38, 0x38, 0x31, 0x39, 0x39, 0x36, 0x31, 0x35, // 2175003588199615
	0x34, 0x37, 0x38, 0x35, 0x31, 0x35, 0x36, 0x32, 0x35, 0x29, 0x2c, 0x20, 0x76, 0x65, 0x63, 0x33, // 478515625), vec3
	0x28, 0x30, 0x2e, 0x30, 0x31, 0x39, 0x33, 0x33, 0x33, 0x39, 0x30, 0x30, 0x38, 0x38, 0x33, 0x37, // (0.0193339008837
	0x39, 0x33, 0x38, 0x33, 0x30, 0x38, 0x37, 0x31, 0x35, 0x38, 0x32, 0x30, 0x33, 0x31, 0x32, 0x35, // 9383087158203125
	0x2c, 0x20, 0x30, 0x2e, 0x31, 0x31, 0x39, 0x31, 0x39, 0x31, 0x39, 0x39, 0x36, 0x37, 0x35, 0x33, // , 0.119191996753
	0x32, 0x31, 0x35, 0x37, 0x38, 0x39, 0x37, 0x39, 0x34, 0x39, 0x32, 0x31, 0x38, 0x37, 0x35, 0x2c, // 215789794921875,
	0x20, 0x30, 0x2e, 0x39, 0x35, 0x30, 0x33, 0x30, 0x34, 0x30, 0x39, 0x30, 0x39, 0x37, 0x36, 0x37, //  0.9503040909767
	0x31, 0x35, 0x30, 0x38, 0x37, 0x38, 0x39, 0x30, 0x36, 0x32, 0x35, 0x29, 0x29, 0x20, 0x2a, 0x20, // 15087890625)) * 
	0x5f, 0x32, 0x37, 0x39, 0x2e, 0x78, 0x79, 0x7a, 0x29, 0x29, 0x20, 0x2a, 0x20, 0x75, 0x5f, 0x70, // _279.xyz)) * u_p
	0x61, 0x72, 0x61, 0x6d, 0x73, 0x31, 0x2e, 0x79, 0x29, 0x20, 0x2a, 0x20, 0x39, 0x2e, 0x39, 0x39, // arams1.y) * 9.99
	0x39, 0x39, 0x39, 0x39, 0x37, 0x34, 0x37, 0x33, 0x37, 0x38, 0x37, 0x35, 0x31, 0x36, 0x33, 0x35, // 9999747378751635
	0x35, 0x35, 0x31, 0x34, 0x35, 0x32, 0x36, 0x33, 0x36, 0x37, 0x31, 0x38, 0x38, 0x65, 0x2d, 0x30, // 5514526367188e-0
	0x35, 0x2c, 0x20, 0x76, 0x65, 0x63, 0x33, 0x28, 0x30, 0x2e, 0x31, 0x35, 0x39, 0x33, 0x30, 0x31, // 5, vec3(0.159301
	0x37, 0x35, 0x37, 0x38, 0x31, 0x32, 0x35, 0x29, 0x29, 0x3b, 0x0a, 0x20, 0x20, 0x20, 0x20, 0x20, // 7578125));.     
	0x20, 0x20, 0x20, 0x20, 0x20, 0x20, 0x20, 0x20, 0x20, 0x20, 0x20, 0x5f, 0x35, 0x34, 0x39, 0x20, //            _549 
	0x3d, 0x20, 0x70, 0x6f, 0x77, 0x28, 0x28, 0x76, 0x65, 0x63, 0x33, 0x28, 0x30, 0x2e, 0x38, 0x33, // = pow((vec3(0.83
	0x35, 0x39, 0x33, 0x37, 0x35, 0x29, 0x20, 0x2b, 0x20, 0x28, 0x5f, 0x34, 0x39, 0x36, 0x20, 0x2a, // 59375) + (_496 *
	0x20, 0x31, 0x38, 0x2e, 0x38, 0x35, 0x31, 0x35, 0x36, 0x32, 0x35, 0x29, 0x29, 0x20, 0x2f, 0x20, //  18.8515625)) / 
	0x28, 0x76, 0x65, 0x63, 0x33, 0x28, 0x31, 0x2e, 0x30, 0x29, 0x20, 0x2b, 0x20, 0x28, 0x5f, 0x34, // (vec3(1.0) + (_4
	0x39, 0x36, 0x20, 0x2a, 0x20, 0x31, 0x38, 0x2e, 0x36, 0x38, 0x37, 0x35, 0x29, 0x29, 0x2c, 0x20, // 96 * 18.6875)), 
	0x76, 0x65, 0x63, 0x33, 0x28, 0x37, 0x38, 0x2e, 0x38, 0x34, 0x33, 0x37, 0x35, 0x29, 0x29, 0x3b, // vec3(78.84375));
	0x0a, 0x20, 0x20, 0x20, 0x20, 0x20, 0x20, 0x20, 0x20, 0x20, 0x20, 0x20, 0x20, 0x7d, 0x0a, 0x20, // .            }. 
	0x20, 0x20, 0x20, 0x20, 0x20, 0x20, 0x20, 0x20, 0x20, 0x20, 0x20, 0x65, 0x6c, 0x73, 0x65, 0x0a, //            else.
	0x20, 0x20, 0x20, 0x20, 0x20, 0x20, 0x20, 0x20, 0x20, 0x20, 0x20, 0x20, 0x7b, 0x0a, 0x20, 0x20, //             {.  
	0x20, 0x20, 0x20, 0x20, 0x20, 0x20, 0x20, 0x20, 0x20, 0x20, 0x20, 0x20, 0x20, 0x20, 0x5f, 0x35, //               _5
	0x34, 0x39, 0x20, 0x3d, 0x20, 0x76, 0x65, 0x63, 0x33, 0x28, 0x30, 0x2e, 0x30, 0x29, 0x3b, 0x0a, // 49 = vec3(0.0);.
	0x20, 0x20, 0x20, 0x20, 0x20, 0x20, 0x20, 0x20, 0x20, 0x20, 0x20, 0x20, 0x7d, 0x0a, 0x20, 0x20, //             }.  
	0x20, 0x20, 0x20, 0x20, 0x20, 0x20, 0x20, 0x20, 0x20, 0x20, 0x5f, 0x35, 0x34, 0x38, 0x20, 0x3d, //           _548 =
	0x20, 0x5f, 0x35, 0x34, 0x39, 0x3b, 0x0a, 0x20, 0x20, 0x20, 0x20, 0x20, 0x20, 0x20, 0x20, 0x7d, //  _549;.        }
	0x0a, 0x20, 0x20, 0x20, 0x20, 0x20, 0x20, 0x20, 0x20, 0x5f, 0x35, 0x34, 0x37, 0x20, 0x3d, 0x20, // .        _547 = 
	0x5f, 0x35, 0x34, 0x38, 0x3b, 0x0a, 0x20, 0x20, 0x20, 0x20, 0x7d, 0x0a, 0x20, 0x20, 0x20, 0x20, // _548;.    }.    
	0x62, 0x67, 0x66, 0x78, 0x5f, 0x46, 0x72, 0x61, 0x67, 0x43, 0x6f, 0x6c, 0x6f, 0x72, 0x20, 0x3d, // bgfx_FragColor =
	0x20, 0x76, 0x65, 0x63, 0x34, 0x28, 0x5f, 0x35, 0x34, 0x37, 0x2c, 0x20, 0x5f, 0x32, 0x37, 0x39, //  vec4(_547, _279
	0x2e, 0x77, 0x29, 0x3b, 0x0a, 0x7d, 0x0a, 0x0a, 0x00,                                           // .w);.}...
};
static const uint8_t fs_texture_essl[3643] =
{
	0x46, 0x53, 0x48, 0x0c, 0x01, 0x83, 0xf2, 0xe1, 0x00, 0x00, 0x00, 0x00, 0x00, 0x00, 0x00, 0x00, // FSH.............
	0x00, 0x00, 0x00, 0x00, 0x03, 0x00, 0x09, 0x75, 0x5f, 0x70, 0x61, 0x72, 0x61, 0x6d, 0x73, 0x30, // .......u_params0
	0x02, 0x01, 0x00, 0x00, 0x01, 0x00, 0x00, 0x00, 0x00, 0x00, 0x09, 0x75, 0x5f, 0x70, 0x61, 0x72, // ...........u_par
	0x61, 0x6d, 0x73, 0x31, 0x02, 0x01, 0x00, 0x00, 0x01, 0x00, 0x00, 0x00, 0x00, 0x00, 0x0a, 0x73, // ams1...........s
	0x5f, 0x74, 0x65, 0x78, 0x43, 0x6f, 0x6c, 0x6f, 0x72, 0x00, 0x01, 0x00, 0x00, 0x01, 0x00, 0x00, // _texColor.......
	0x02, 0x00, 0x00, 0xe3, 0x0d, 0x00, 0x00, 0x70, 0x72, 0x65, 0x63, 0x69, 0x73, 0x69, 0x6f, 0x6e, // .......precision
	0x20, 0x6d, 0x65, 0x64, 0x69, 0x75, 0x6d, 0x70, 0x20, 0x66, 0x6c, 0x6f, 0x61, 0x74, 0x3b, 0x0a, //  mediump float;.
	0x70, 0x72, 0x65, 0x63, 0x69, 0x73, 0x69, 0x6f, 0x6e, 0x20, 0x68, 0x69, 0x67, 0x68, 0x70, 0x20, // precision highp 
	0x69, 0x6e, 0x74, 0x3b, 0x0a, 0x0a, 0x75, 0x6e, 0x69, 0x66, 0x6f, 0x72, 0x6d, 0x20, 0x68, 0x69, // int;..uniform hi
	0x67, 0x68, 0x70, 0x20, 0x76, 0x65, 0x63, 0x34, 0x20, 0x75, 0x5f, 0x70, 0x61, 0x72, 0x61, 0x6d, // ghp vec4 u_param
	0x73, 0x30, 0x3b, 0x0a, 0x75, 0x6e, 0x69, 0x66, 0x6f, 0x72, 0x6d, 0x20, 0x68, 0x69, 0x67, 0x68, // s0;.uniform high
	0x70, 0x20, 0x73, 0x61, 0x6d, 0x70, 0x6c, 0x65, 0x72, 0x32, 0x44, 0x20, 0x73, 0x5f, 0x74, 0x65, // p sampler2D s_te
	0x78, 0x43, 0x6f, 0x6c, 0x6f, 0x72, 0x3b, 0x0a, 0x75, 0x6e, 0x69, 0x66, 0x6f, 0x72, 0x6d, 0x20, // xColor;.uniform 
	0x68, 0x69, 0x67, 0x68, 0x70, 0x20, 0x76, 0x65, 0x63, 0x34, 0x20, 0x75, 0x5f, 0x70, 0x61, 0x72, // highp vec4 u_par
	0x61, 0x6d, 0x73, 0x31, 0x3b, 0x0a, 0x0a, 0x69, 0x6e, 0x20, 0x68, 0x69, 0x67, 0x68, 0x70, 0x20, // ams1;..in highp 
	0x76, 0x65, 0x63, 0x33, 0x20, 0x76, 0x5f, 0x74, 0x65, 0x78, 0x63, 0x6f, 0x6f, 0x72, 0x64, 0x30, // vec3 v_texcoord0
	0x3b, 0x0a, 0x69, 0x6e, 0x20, 0x68, 0x69, 0x67, 0x68, 0x70, 0x20, 0x76, 0x65, 0x63, 0x34, 0x20, // ;.in highp vec4 
	0x76, 0x5f, 0x63, 0x6f, 0x6c, 0x6f, 0x72, 0x30, 0x3b, 0x0a, 0x6c, 0x61, 0x79, 0x6f, 0x75, 0x74, // v_color0;.layout
	0x28, 0x6c, 0x6f, 0x63, 0x61, 0x74, 0x69, 0x6f, 0x6e, 0x20, 0x3d, 0x20, 0x30, 0x29, 0x20, 0x6f, // (location = 0) o
	0x75, 0x74, 0x20, 0x68, 0x69, 0x67, 0x68, 0x70, 0x20, 0x76, 0x65, 0x63, 0x34, 0x20, 0x62, 0x67, // ut highp vec4 bg
	0x66, 0x78, 0x5f, 0x46, 0x72, 0x61, 0x67, 0x43, 0x6f, 0x6c, 0x6f, 0x72, 0x3b, 0x0a, 0x0a, 0x76, // fx_FragColor;..v
	0x6f, 0x69, 0x64, 0x20, 0x6d, 0x61, 0x69, 0x6e, 0x28, 0x29, 0x0a, 0x7b, 0x0a, 0x20, 0x20, 0x20, // oid main().{.   
	0x20, 0x68, 0x69, 0x67, 0x68, 0x70, 0x20, 0x76, 0x65, 0x63, 0x34, 0x20, 0x5f, 0x32, 0x36, 0x34, //  highp vec4 _264
	0x20, 0x3d, 0x20, 0x74, 0x65, 0x78, 0x74, 0x75, 0x72, 0x65, 0x4c, 0x6f, 0x64, 0x28, 0x73, 0x5f, //  = textureLod(s_
	0x74, 0x65, 0x78, 0x43, 0x6f, 0x6c, 0x6f, 0x72, 0x2c, 0x20, 0x76, 0x5f, 0x74, 0x65, 0x78, 0x63, // texColor, v_texc
	0x6f, 0x6f, 0x72, 0x64, 0x30, 0x2e, 0x78, 0x79, 0x2c, 0x20, 0x75, 0x5f, 0x70, 0x61, 0x72, 0x61, // oord0.xy, u_para
	0x6d, 0x73, 0x30, 0x2e, 0x78, 0x29, 0x3b, 0x0a, 0x20, 0x20, 0x20, 0x20, 0x68, 0x69, 0x67, 0x68, // ms0.x);.    high
	0x70, 0x20, 0x76, 0x65, 0x63, 0x33, 0x20, 0x5f, 0x32, 0x36, 0x37, 0x20, 0x3d, 0x20, 0x5f, 0x32, // p vec3 _267 = _2
	0x36, 0x34, 0x2e, 0x78, 0x79, 0x7a, 0x3b, 0x0a, 0x20, 0x20, 0x20, 0x20, 0x68, 0x69, 0x67, 0x68, // 64.xyz;.    high
	0x70, 0x20, 0x76, 0x65, 0x63, 0x33, 0x20, 0x5f, 0x33, 0x33, 0x33, 0x20, 0x3d, 0x20, 0x6d, 0x69, // p vec3 _333 = mi
	0x78, 0x28, 0x70, 0x6f, 0x77, 0x28, 0x61, 0x62, 0x73, 0x28, 0x5f, 0x32, 0x36, 0x37, 0x29, 0x2c, // x(pow(abs(_267),
	0x20, 0x76, 0x65, 0x63, 0x33, 0x28, 0x32, 0x2e, 0x32, 0x30, 0x30, 0x30, 0x30, 0x30, 0x30, 0x34, //  vec3(2.20000004
	0x37, 0x36, 0x38, 0x33, 0x37, 0x31, 0x35, 0x38, 0x32, 0x30, 0x33, 0x31, 0x32, 0x35, 0x29, 0x29, // 76837158203125))
	0x2c, 0x20, 0x5f, 0x32, 0x36, 0x37, 0x2c, 0x20, 0x76, 0x65, 0x63, 0x33, 0x28, 0x75, 0x5f, 0x70, // , _267, vec3(u_p
	0x61, 0x72, 0x61, 0x6d, 0x73, 0x30, 0x2e, 0x7a, 0x29, 0x29, 0x20, 0x2a, 0x20, 0x70, 0x6f, 0x77, // arams0.z)) * pow
	0x28, 0x32, 0x2e, 0x30, 0x2c, 0x20, 0x75, 0x5f, 0x70, 0x61, 0x72, 0x61, 0x6d, 0x73, 0x30, 0x2e, // (2.0, u_params0.
	0x77, 0x29, 0x3b, 0x0a, 0x20, 0x20, 0x20, 0x20, 0x68, 0x69, 0x67, 0x68, 0x70, 0x20, 0x76, 0x65, // w);.    highp ve
	0x63, 0x34, 0x20, 0x5f, 0x35, 0x32, 0x36, 0x20, 0x3d, 0x20, 0x5f, 0x32, 0x36, 0x34, 0x3b, 0x0a, // c4 _526 = _264;.
	0x20, 0x20, 0x20, 0x20, 0x5f, 0x35, 0x32, 0x36, 0x2e, 0x78, 0x20, 0x3d, 0x20, 0x5f, 0x33, 0x33, //     _526.x = _33
	0x33, 0x2e, 0x78, 0x3b, 0x0a, 0x20, 0x20, 0x20, 0x20, 0x5f, 0x35, 0x32, 0x36, 0x2e, 0x79, 0x20, // 3.x;.    _526.y 
	0x3d, 0x20, 0x5f, 0x33, 0x33, 0x33, 0x2e, 0x79, 0x3b, 0x0a, 0x20, 0x20, 0x20, 0x20, 0x5f, 0x35, // = _333.y;.    _5
	0x32, 0x36, 0x2e, 0x7a, 0x20, 0x3d, 0x20, 0x5f, 0x33, 0x33, 0x33, 0x2e, 0x7a, 0x3b, 0x0a, 0x20, // 26.z = _333.z;. 
	0x20, 0x20, 0x20, 0x68, 0x69, 0x67, 0x68, 0x70, 0x20, 0x76, 0x65, 0x63, 0x34, 0x20, 0x5f, 0x32, //    highp vec4 _2
	0x37, 0x39, 0x20, 0x3d, 0x20, 0x5f, 0x35, 0x32, 0x36, 0x20, 0x2a, 0x20, 0x76, 0x5f, 0x63, 0x6f, // 79 = _526 * v_co
	0x6c, 0x6f, 0x72, 0x30, 0x3b, 0x0a, 0x20, 0x20, 0x20, 0x20, 0x68, 0x69, 0x67, 0x68, 0x70, 0x20, // lor0;.    highp 
	0x76, 0x65, 0x63, 0x33, 0x20, 0x5f, 0x35, 0x34, 0x37, 0x3b, 0x0a, 0x20, 0x20, 0x20, 0x20, 0x69, // vec3 _547;.    i
	0x66, 0x20, 0x28, 0x75, 0x5f, 0x70, 0x61, 0x72, 0x61, 0x6d, 0x73, 0x31, 0x2e, 0x78, 0x20, 0x3c, // f (u_params1.x <
	0x20, 0x30, 0x2e, 0x35, 0x29, 0x0a, 0x20, 0x20, 0x20, 0x20, 0x7b, 0x0a, 0x20, 0x20, 0x20, 0x20, //  0.5).    {.    
	0x20, 0x20, 0x20, 0x20, 0x68, 0x69, 0x67, 0x68, 0x70, 0x20, 0x76, 0x65, 0x63, 0x33, 0x20, 0x5f, //     highp vec3 _
	0x33, 0x36, 0x32, 0x20, 0x3d, 0x20, 0x63, 0x6c, 0x61, 0x6d, 0x70, 0x28, 0x5f, 0x32, 0x37, 0x39, // 362 = clamp(_279
	0x2e, 0x78, 0x79, 0x7a, 0x2c, 0x20, 0x76, 0x65, 0x63, 0x33, 0x28, 0x30, 0x2e, 0x30, 0x29, 0x2c, // .xyz, vec3(0.0),
	0x20, 0x76, 0x65, 0x63, 0x33, 0x28, 0x31, 0x2e, 0x30, 0x29, 0x29, 0x3b, 0x0a, 0x20, 0x20, 0x20, //  vec3(1.0));.   
	0x20, 0x20, 0x20, 0x20, 0x20, 0x68, 0x69, 0x67, 0x68, 0x70, 0x20, 0x66, 0x6c, 0x6f, 0x61, 0x74, //      highp float
	0x20, 0x5f, 0x34, 0x30, 0x33, 0x20, 0x3d, 0x20, 0x5f, 0x33, 0x36, 0x32, 0x2e, 0x78, 0x3b, 0x0a, //  _403 = _362.x;.
	0x20, 0x20, 0x20, 0x20, 0x20, 0x20, 0x20, 0x20, 0x68, 0x69, 0x67, 0x68, 0x70, 0x20, 0x66, 0x6c, //         highp fl
	0x6f, 0x61, 0x74, 0x20, 0x5f, 0x35, 0x34, 0x31, 0x3b, 0x0a, 0x20, 0x20, 0x20, 0x20, 0x20, 0x20, // oat _541;.      
	0x20, 0x20, 0x64, 0x6f, 0x0a, 0x20, 0x20, 0x20, 0x20, 0x20, 0x20, 0x20, 0x20, 0x7b, 0x0a, 0x20, //   do.        {. 
	0x20, 0x20, 0x20, 0x20, 0x20, 0x20, 0x20, 0x20, 0x20, 0x20, 0x20, 0x69, 0x66, 0x20, 0x28, 0x5f, //            if (_
	0x34, 0x30, 0x33, 0x20, 0x3c, 0x3d, 0x20, 0x30, 0x2e, 0x30, 0x30, 0x33, 0x31, 0x33, 0x30, 0x38, // 403 <= 0.0031308
	0x30, 0x30, 0x30, 0x39, 0x30, 0x37, 0x33, 0x30, 0x31, 0x39, 0x30, 0x32, 0x37, 0x37, 0x30, 0x39, // 0009073019027709
	0x39, 0x36, 0x30, 0x39, 0x33, 0x37, 0x35, 0x29, 0x0a, 0x20, 0x20, 0x20, 0x20, 0x20, 0x20, 0x20, // 9609375).       
	0x20, 0x20, 0x20, 0x20, 0x20, 0x7b, 0x0a, 0x20, 0x20, 0x20, 0x20, 0x20, 0x20, 0x20, 0x20, 0x20, //      {.         
	0x20, 0x20, 0x20, 0x20, 0x20, 0x20, 0x20, 0x5f, 0x35, 0x34, 0x31, 0x20, 0x3d, 0x20, 0x31, 0x32, //        _541 = 12
	0x2e, 0x39, 0x32, 0x30, 0x30, 0x30, 0x30, 0x30, 0x37, 0x36, 0x32, 0x39, 0x33, 0x39, 0x34, 0x35, // .920000076293945
	0x33, 0x31, 0x32, 0x35, 0x20, 0x2a, 0x20, 0x5f, 0x34, 0x30, 0x33, 0x3b, 0x0a, 0x20, 0x20, 0x20, // 3125 * _403;.   
	0x20, 0x20, 0x20, 0x20, 0x20, 0x20, 0x20, 0x20, 0x20, 0x20, 0x20, 0x20, 0x20, 0x62, 0x72, 0x65, //              bre
	0x61, 0x6b, 0x3b, 0x0a, 0x20, 0x20, 0x20, 0x20, 0x20, 0x20, 0x20, 0x20, 0x20, 0x20, 0x20, 0x20, // ak;.            
	0x7d, 0x0a, 0x20, 0x20, 0x20, 0x20, 0x20, 0x20, 0x20, 0x20, 0x20, 0x20, 0x20, 0x20, 0x65, 0x6c, // }.            el
	0x73, 0x65, 0x0a, 0x20, 0x20, 0x20, 0x20, 0x20, 0x20, 0x20, 0x20, 0x20, 0x20, 0x20, 0x20, 0x7b, // se.            {
	0x0a, 0x20, 0x20, 0x20, 0x20, 0x20, 0x20, 0x20, 0x20, 0x20, 0x20, 0x20, 0x20, 0x20, 0x20, 0x20, // .               
	0x20, 0x5f, 0x35, 0x34, 0x31, 0x20, 0x3d, 0x20, 0x28, 0x31, 0x2e, 0x30, 0x35, 0x34, 0x39, 0x39, //  _541 = (1.05499
	0x39, 0x39, 0x34, 0x37, 0x35, 0x34, 0x37, 0x39, 0x31, 0x32, 0x35, 0x39, 0x37, 0x36, 0x35, 0x36, // 9947547912597656
	0x32, 0x35, 0x20, 0x2a, 0x20, 0x70, 0x6f, 0x77, 0x28, 0x5f, 0x34, 0x30, 0x33, 0x2c, 0x20, 0x30, // 25 * pow(_403, 0
	0x2e, 0x34, 0x31, 0x36, 0x36, 0x36, 0x36, 0x36, 0x35, 0x36, 0x37, 0x33, 0x32, 0x35, 0x35, 0x39, // .416666656732559
	0x32, 0x30, 0x34, 0x31, 0x30, 0x31, 0x35, 0x36, 0x32, 0x35, 0x29, 0x29, 0x20, 0x2d, 0x20, 0x30, // 2041015625)) - 0
	0x2e, 0x30, 0x35, 0x34, 0x39, 0x39, 0x39, 0x39, 0x39, 0x39, 0x37, 0x30, 0x31, 0x39, 0x37, 0x36, // .054999999701976
	0x37, 0x37, 0x36, 0x31, 0x32, 0x33, 0x30, 0x34, 0x36, 0x38, 0x37, 0x35, 0x3b, 0x0a, 0x20, 0x20, // 776123046875;.  
	0x20, 0x20, 0x20, 0x20, 0x20, 0x20, 0x20, 0x20, 0x20, 0x20, 0x20, 0x20, 0x20, 0x20, 0x62, 0x72, //               br
	0x65, 0x61, 0x6b, 0x3b, 0x0a, 0x20, 0x20, 0x20, 0x20, 0x20, 0x20, 0x20, 0x20, 0x20, 0x20, 0x20, // eak;.           
	0x20, 0x7d, 0x0a, 0x20, 0x20, 0x20, 0x20, 0x20, 0x20, 0x20, 0x20, 0x20, 0x20, 0x20, 0x20, 0x62, //  }.            b
	0x72, 0x65, 0x61, 0x6b, 0x3b, 0x20, 0x2f, 0x2f, 0x20, 0x75, 0x6e, 0x72, 0x65, 0x61, 0x63, 0x68, // reak; // unreach
	0x61, 0x62, 0x6c, 0x65, 0x20, 0x77, 0x6f, 0x72, 0x6b, 0x61, 0x72, 0x6f, 0x75, 0x6e, 0x64, 0x0a, // able workaround.
	0x20, 0x20, 0x20, 0x20, 0x20, 0x20, 0x20, 0x20, 0x7d, 0x20, 0x77, 0x68, 0x69, 0x6c, 0x65, 0x28, //         } while(
	0x66, 0x61, 0x6c, 0x73, 0x65, 0x29, 0x3b, 0x0a, 0x20, 0x20, 0x20, 0x20, 0x20, 0x20, 0x20, 0x20, // false);.        
	0x68, 0x69, 0x67, 0x68, 0x70, 0x20, 0x66, 0x6c, 0x6f, 0x61, 0x74, 0x20, 0x5f, 0x34, 0x30, 0x37, // highp float _407
	0x20, 0x3d, 0x20, 0x5f, 0x33, 0x36, 0x32, 0x2e, 0x79, 0x3b, 0x0a, 0x20, 0x20, 0x20, 0x20, 0x20, //  = _362.y;.     
	0x20, 0x20, 0x20, 0x68, 0x69, 0x67, 0x68, 0x70, 0x20, 0x66, 0x6c, 0x6f, 0x61, 0x74, 0x20, 0x5f, //    highp float _
	0x35, 0x34, 0x33, 0x3b, 0x0a, 0x20, 0x20, 0x20, 0x20, 0x20, 0x20, 0x20, 0x20, 0x64, 0x6f, 0x0a, // 543;.        do.
	0x20, 0x20, 0x20, 0x20, 0x20, 0x20, 0x20, 0x20, 0x7b, 0x0a, 0x20, 0x20, 0x20, 0x20, 0x20, 0x20, //         {.      
	0x20, 0x20, 0x20, 0x20, 0x20, 0x20, 0x69, 0x66, 0x20, 0x28, 0x5f, 0x34, 0x30, 0x37, 0x20, 0x3c, //       if (_407 <
	0x3d, 0x20, 0x30, 0x2e, 0x30, 0x30, 0x33, 0x31, 0x33, 0x30, 0x38, 0x30, 0x30, 0x30, 0x39, 0x30, // = 0.003130800090
	0x37, 0x33, 0x30, 0x31, 0x39, 0x30, 0x32, 0x37, 0x37, 0x30, 0x39, 0x39, 0x36, 0x30, 0x39, 0x33, // 7301902770996093
	0x37, 0x35, 0x29, 0x0a, 0x20, 0x20, 0x20, 0x20, 0x20, 0x20, 0x20, 0x20, 0x20, 0x20, 0x20, 0x20, // 75).            
	0x7b, 0x0a, 0x20, 0x20, 0x20, 0x20, 0x20, 0x20, 0x20, 0x20, 0x20, 0x20, 0x20, 0x20, 0x20, 0x20, // {.              
	0x20, 0x20, 0x5f, 0x35, 0x34, 0x33, 0x20, 0x3d, 0x20, 0x31, 0x32, 0x2e, 0x39, 0x32, 0x30, 0x30, //   _543 = 12.9200
	0x30, 0x30, 0x30, 0x37, 0x36, 0x32, 0x39, 0x33, 0x39, 0x34, 0x35, 0x33, 0x31, 0x32, 0x35, 0x20, // 000762939453125 
	0x2a, 0x20, 0x5f, 0x34, 0x30, 0x37, 0x3b, 0x0a, 0x20, 0x20, 0x20, 0x20, 0x20, 0x20, 0x20, 0x20, // * _407;.        
	0x20, 0x20, 0x20, 0x20, 0x20, 0x20, 0x20, 0x20, 0x62, 0x72, 0x65, 0x61, 0x6b, 0x3b, 0x0a, 0x20, //         break;. 
	0x20, 0x20, 0x20, 0x20, 0x20, 0x20, 0x20, 0x20, 0x20, 0x20, 0x20, 0x7d, 0x0a, 0x20, 0x20, 0x20, //            }.   
	0x20, 0x20, 0x20, 0x20, 0x20, 0x20, 0x20, 0x20, 0x20, 0x65, 0x6c, 0x73, 0x65, 0x0a, 0x20, 0x20, //          else.  
	0x20, 0x20, 0x20, 0x20, 0x20, 0x20, 0x20, 0x20, 0x20, 0x20, 0x7b, 0x0a, 0x20, 0x20, 0x20, 0x20, //           {.    
	0x20, 0x20, 0x20, 0x20, 0x20, 0x20, 0x20, 0x20, 0x20, 0x20, 0x20, 0x20, 0x5f, 0x35, 0x34, 0x33, //             _543
	0x20, 0x3d, 0x20, 0x28, 0x31, 0x2e, 0x30, 0x35, 0x34, 0x39, 0x39, 0x39, 0x39, 0x34, 0x37, 0x35, //  = (1.0549999475
	0x34, 0x37, 0x39, 0x31, 0x32, 0x35, 0x39, 0x37, 0x36, 0x35, 0x36, 0x32, 0x35, 0x20, 0x2a, 0x20, // 4791259765625 * 
	0x70, 0x6f, 0x77, 0x28, 0x5f, 0x34, 0x30, 0x37, 0x2c, 0x20, 0x30, 0x2e, 0x34, 0x31, 0x36, 0x36, // pow(_407, 0.4166
	0x36, 0x36, 0x36, 0x35, 0x36, 0x37, 0x33, 0x32, 0x35, 0x35, 0x39, 0x32, 0x30, 0x34, 0x31, 0x30, // 6665673255920410
	0x31, 0x35, 0x36, 0x32, 0x35, 0x29, 0x29, 0x20, 0x2d, 0x20, 0x30, 0x2e, 0x30, 0x35, 0x34, 0x39, // 15625)) - 0.0549
	0x39, 0x39, 0x39, 0x39, 0x39, 0x37, 0x30, 0x31, 0x39, 0x37, 0x36, 0x37, 0x37, 0x36, 0x31, 0x32, // 9999970197677612
	0x33, 0x30, 0x34, 0x36, 0x38, 0x37, 0x35, 0x3b, 0x0a, 0x20, 0x20, 0x20, 0x20, 0x20, 0x20, 0x20, // 3046875;.       
	0x20, 0x20, 0x20, 0x20, 0x20, 0x20, 0x20, 0x20, 0x20, 0x62, 0x72, 0x65, 0x61, 0x6b, 0x3b, 0x0a, //          break;.
	0x20, 0x20, 0x20, 0x20, 0x20, 0x20, 0x20, 0x20, 0x20, 0x20, 0x20, 0x20, 0x7d, 0x0a, 0x20, 0x20, //             }.  
	0x20, 0x20, 0x20, 0x20, 0x20, 0x20, 0x20, 0x20, 0x20, 0x20, 0x62, 0x72, 0x65, 0x61, 0x6b, 0x3b, //           break;
	0x20, 0x2f, 0x2f, 0x20, 0x75, 0x6e, 0x72, 0x65, 0x61, 0x63, 0x68, 0x61, 0x62, 0x6c, 0x65, 0x20, //  // unreachable 
	0x77, 0x6f, 0x72, 0x6b, 0x61, 0x72, 0x6f, 0x75, 0x6e, 0x64, 0x0a, 0x20, 0x20, 0x20, 0x20, 0x20, // workaround.     
	0x20, 0x20, 0x20, 0x7d, 0x20, 0x77, 0x68, 0x69, 0x6c, 0x65, 0x28, 0x66, 0x61, 0x6c, 0x73, 0x65, //    } while(false
	0x29, 0x3b, 0x0a, 0x20, 0x20, 0x20, 0x20, 0x20, 0x20, 0x20, 0x20, 0x68, 0x69, 0x67, 0x68, 0x70, // );.        highp
	0x20, 0x66, 0x6c, 0x6f, 0x61, 0x74, 0x20, 0x5f, 0x34, 0x31, 0x31, 0x20, 0x3d, 0x20, 0x5f, 0x33, //  float _411 = _3
	0x36, 0x32, 0x2e, 0x7a, 0x3b, 0x0a, 0x20, 0x20, 0x20, 0x20, 0x20, 0x20, 0x20, 0x20, 0x68, 0x69, // 62.z;.        hi
	0x67, 0x68, 0x70, 0x20, 0x66, 0x6c, 0x6f, 0x61, 0x74, 0x20, 0x5f, 0x35, 0x34, 0x35, 0x3b, 0x0a, // ghp float _545;.
	0x20, 0x20, 0x20, 0x20, 0x20, 0x20, 0x20, 0x20, 0x64, 0x6f, 0x0a, 0x20, 0x20, 0x20, 0x20, 0x20, //         do.     
	0x20, 0x20, 0x20, 0x7b, 0x0a, 0x20, 0x20, 0x20, 0x20, 0x20, 0x20, 0x20, 0x20, 0x20, 0x20, 0x20, //    {.           
	0x20, 0x69, 0x66, 0x20, 0x28, 0x5f, 0x34, 0x31, 0x31, 0x20, 0x3c, 0x3d, 0x20, 0x30, 0x2e, 0x30, //  if (_411 <= 0.0
	0x30, 0x33, 0x31, 0x33, 0x30, 0x38, 0x30, 0x30, 0x30, 0x39, 0x30, 0x37, 0x33, 0x30, 0x31, 0x39, // 0313080009073019
	0x30, 0x32, 0x37, 0x37, 0x30, 0x39, 0x39, 0x36, 0x30, 0x39, 0x33, 0x37, 0x35, 0x29, 0x0a, 0x20, // 0277099609375). 
	0x20, 0x20, 0x20, 0x20, 0x20, 0x20, 0x20, 0x20, 0x20, 0x20, 0x20, 0x7b, 0x0a, 0x20, 0x20, 0x20, //            {.   
	0x20, 0x20, 0x20, 0x20, 0x20, 0x20, 0x20, 0x20, 0x20, 0x20, 0x20, 0x20, 0x20, 0x5f, 0x35, 0x34, //              _54
	0x35, 0x20, 0x3d, 0x20, 0x31, 0x32, 0x2e, 0x39, 0x32, 0x30, 0x30, 0x30, 0x30, 0x30, 0x37, 0x36, // 5 = 12.920000076
	0x32, 0x39, 0x33, 0x39, 0x34, 0x35, 0x33, 0x31, 0x32, 0x35, 0x20, 0x2a, 0x20, 0x5f, 0x34, 0x31, // 2939453125 * _41
	0x31, 0x3b, 0x0a, 0x20, 0x20, 0x20, 0x20, 0x20, 0x20, 0x20, 0x20, 0x20, 0x20, 0x20, 0x20, 0x20, // 1;.             
	0x20, 0x20, 0x20, 0x62, 0x72, 0x65, 0x61, 0x6b, 0x3b, 0x0a, 0x20, 0x20, 0x20, 0x20, 0x20, 0x20, //    break;.      
	0x20, 0x20, 0x20, 0x20, 0x20, 0x20, 0x7d, 0x0a, 0x20, 0x20, 0x20, 0x20, 0x20, 0x20, 0x20, 0x20, //       }.        
	0x20, 0x20, 0x20, 0x20, 0x65, 0x6c, 0x73, 0x65, 0x0a, 0x20, 0x20, 0x20, 0x20, 0x20, 0x20, 0x20, //     else.       
	0x20, 0x20, 0x20, 0x20, 0x20, 0x7b, 0x0a, 0x20, 0x20, 0x20, 0x20, 0x20, 0x20, 0x20, 0x20, 0x20, //      {.         
	0x20, 0x20, 0x20, 0x20, 0x20, 0x20, 0x20, 0x5f, 0x35, 0x34, 0x35, 0x20, 0x3d, 0x20, 0x28, 0x31, //        _545 = (1
	0x2e, 0x30, 0x35, 0x34, 0x39, 0x39, 0x39, 0x39, 0x34, 0x37, 0x35, 0x34, 0x37, 0x39, 0x31, 0x32, // .054999947547912
	0x35, 0x39, 0x37, 0x36, 0x35, 0x36, 0x32, 0x35, 0x20, 0x2a, 0x20, 0x70, 0x6f, 0x77, 0x28, 0x5f, // 59765625 * pow(_
	0x34, 0x31, 0x31, 0x2c, 0x20, 0x30, 0x2e, 0x34, 0x31, 0x36, 0x36, 0x36, 0x36, 0x36, 0x35, 0x36, // 411, 0.416666656
	0x37, 0x33, 0x32, 0x35, 0x35, 0x39, 0x32, 0x30, 0x34, 0x31, 0x30, 0x31, 0x35, 0x36, 0x32, 0x35, // 7325592041015625
	0x29, 0x29, 0x20, 0x2d, 0x20, 0x30, 0x2e, 0x30, 0x35, 0x34, 0x39, 0x39, 0x39, 0x39, 0x39, 0x39, // )) - 0.054999999
	0x37, 0x30, 0x31, 0x39, 0x37, 0x36, 0x37, 0x37, 0x36, 0x31, 0x32, 0x33, 0x30, 0x34, 0x36, 0x38, // 7019767761230468
	0x37, 0x35, 0x3b, 0x0a, 0x20, 0x20, 0x20, 0x20, 0x20, 0x20, 0x20, 0x20, 0x20, 0x20, 0x20, 0x20, // 75;.            
	0x20, 0x20, 0x20, 0x20, 0x62, 0x72, 0x65, 0x61, 0x6b, 0x3b, 0x0a, 0x20, 0x20, 0x20, 0x20, 0x20, //     break;.     
	0x20, 0x20, 0x20, 0x20, 0x20, 0x20, 0x20, 0x7d, 0x0a, 0x20, 0x20, 0x20, 0x20, 0x20, 0x20, 0x20, //        }.       
	0x20, 0x20, 0x20, 0x20, 0x20, 0x62, 0x72, 0x65, 0x61, 0x6b, 0x3b, 0x20, 0x2f, 0x2f, 0x20, 0x75, //      break; // u
	0x6e, 0x72, 0x65, 0x61, 0x63, 0x68, 0x61, 0x62, 0x6c, 0x65, 0x20, 0x77, 0x6f, 0x72, 0x6b, 0x61, // nreachable worka
	0x72, 0x6f, 0x75, 0x6e, 0x64, 0x0a, 0x20, 0x20, 0x20, 0x20, 0x20, 0x20, 0x20, 0x20, 0x7d, 0x20, // round.        } 
	0x77, 0x68, 0x69, 0x6c, 0x65, 0x28, 0x66, 0x61, 0x6c, 0x73, 0x65, 0x29, 0x3b, 0x0a, 0x20, 0x20, // while(false);.  
	0x20, 0x20, 0x20, 0x20, 0x20, 0x20, 0x5f, 0x35, 0x34, 0x37, 0x20, 0x3d, 0x20, 0x76, 0x65, 0x63, //       _547 = vec
	0x33, 0x28, 0x5f, 0x35, 0x34, 0x31, 0x2c, 0x20, 0x5f, 0x35, 0x34, 0x33, 0x2c, 0x20, 0x5f, 0x35, // 3(_541, _543, _5
	0x34, 0x35, 0x29, 0x3b, 0x0a, 0x20, 0x20, 0x20, 0x20, 0x7d, 0x0a, 0x20, 0x20, 0x20, 0x20, 0x65, // 45);.    }.    e
	0x6c, 0x73, 0x65, 0x0a, 0x20, 0x20, 0x20, 0x20, 0x7b, 0x0a, 0x20, 0x20, 0x20, 0x20, 0x20, 0x20, // lse.    {.      
	0x20, 0x20, 0x68, 0x69, 0x67, 0x68, 0x70, 0x20, 0x76, 0x65, 0x63, 0x33, 0x20, 0x5f, 0x35, 0x34, //   highp vec3 _54
	0x38, 0x3b, 0x0a, 0x20, 0x20, 0x20, 0x20, 0x20, 0x20, 0x20, 0x20, 0x69, 0x66, 0x20, 0x28, 0x75, // 8;.        if (u
	0x5f, 0x70, 0x61, 0x72, 0x61, 0x6d, 0x73, 0x31, 0x2e, 0x78, 0x20, 0x3c, 0x20, 0x31, 0x2e, 0x35, // _params1.x < 1.5
	0x29, 0x0a, 0x20, 0x20, 0x20, 0x20, 0x20, 0x20, 0x20, 0x20, 0x7b, 0x0a, 0x20, 0x20, 0x20, 0x20, // ).        {.    
	0x20, 0x20, 0x20, 0x20, 0x20, 0x20, 0x20, 0x20, 0x5f, 0x35, 0x34, 0x38, 0x20, 0x3d, 0x20, 0x5f, //         _548 = _
	0x32, 0x37, 0x39, 0x2e, 0x78, 0x79, 0x7a, 0x3b, 0x0a, 0x20, 0x20, 0x20, 0x20, 0x20, 0x20, 0x20, // 279.xyz;.       
	0x20, 0x7d, 0x0a, 0x20, 0x20, 0x20, 0x20, 0x20, 0x20, 0x20, 0x20, 0x65, 0x6c, 0x73, 0x65, 0x0a, //  }.        else.
	0x20, 0x20, 0x20, 0x20, 0x20, 0x20, 0x20, 0x20, 0x7b, 0x0a, 0x20, 0x20, 0x20, 0x20, 0x20, 0x20, //         {.      
	0x20, 0x20, 0x20, 0x20, 0x20, 0x20, 0x68, 0x69, 0x67, 0x68, 0x70, 0x20, 0x76, 0x65, 0x63, 0x33, //       highp vec3
	0x20, 0x5f, 0x35, 0x34, 0x39, 0x3b, 0x0a, 0x20, 0x20, 0x20, 0x20, 0x20, 0x20, 0x20, 0x20, 0x20, //  _549;.         
	0x20, 0x20, 0x20, 0x69, 0x66, 0x20, 0x28, 0x75, 0x5f, 0x70, 0x61, 0x72, 0x61, 0x6d, 0x73, 0x31, //    if (u_params1
	0x2e, 0x78, 0x20, 0x3c, 0x20, 0x32, 0x2e, 0x35, 0x29, 0x0a, 0x20, 0x20, 0x20, 0x20, 0x20, 0x20, // .x < 2.5).      
	0x20, 0x20, 0x20, 0x20, 0x20, 0x20, 0x7b, 0x0a, 0x20, 0x20, 0x20, 0x20, 0x20, 0x20, 0x20, 0x20, //       {.        
	0x20, 0x20, 0x20, 0x20, 0x20, 0x20, 0x20, 0x20, 0x68, 0x69, 0x67, 0x68, 0x70, 0x20, 0x76, 0x65, //         highp ve
	0x63, 0x33, 0x20, 0x5f, 0x34, 0x39, 0x36, 0x20, 0x3d, 0x20, 0x70, 0x6f, 0x77, 0x28, 0x28, 0x28, // c3 _496 = pow(((
	0x6d, 0x61, 0x74, 0x33, 0x28, 0x76, 0x65, 0x63, 0x33, 0x28, 0x31, 0x2e, 0x37, 0x31, 0x36, 0x36, // mat3(vec3(1.7166
	0x35, 0x31, 0x32, 0x30, 0x31, 0x32, 0x34, 0x38, 0x31, 0x36, 0x38, 0x39, 0x34, 0x35, 0x33, 0x31, // 5120124816894531
	0x32, 0x35, 0x2c, 0x20, 0x2d, 0x30, 0x2e, 0x33, 0x35, 0x35, 0x36, 0x37, 0x30, 0x38, 0x30, 0x39, // 25, -0.355670809
	0x37, 0x34, 0x35, 0x37, 0x38, 0x38, 0x35, 0x37, 0x34, 0x32, 0x31, 0x38, 0x37, 0x35, 0x2c, 0x20, // 74578857421875, 
	0x2d, 0x30, 0x2e, 0x32, 0x35, 0x33, 0x33, 0x36, 0x36, 0x32, 0x39, 0x31, 0x35, 0x32, 0x32, 0x39, // -0.2533662915229
	0x37, 0x39, 0x37, 0x33, 0x36, 0x33, 0x32, 0x38, 0x31, 0x32, 0x35, 0x29, 0x2c, 0x20, 0x76, 0x65, // 79736328125), ve
	0x63, 0x33, 0x28, 0x2d, 0x30, 0x2e, 0x36, 0x36, 0x36, 0x36, 0x38, 0x34, 0x33, 0x38, 0x39, 0x31, // c3(-0.6666843891
	0x31, 0x34, 0x33, 0x37, 0x39, 0x38, 0x38, 0x32, 0x38, 0x31, 0x32, 0x35, 0x2c, 0x20, 0x31, 0x2e, // 143798828125, 1.
	0x36, 0x31, 0x36, 0x34, 0x38, 0x31, 0x31, 0x38, 0x34, 0x39, 0x35, 0x39, 0x34, 0x31, 0x31, 0x36, // 6164811849594116
	0x32, 0x31, 0x30, 0x39, 0x33, 0x37, 0x35, 0x2c, 0x20, 0x30, 0x2e, 0x30, 0x31, 0x35, 0x37, 0x36, // 2109375, 0.01576
	0x38, 0x35, 0x30, 0x30, 0x30, 0x34, 0x34, 0x39, 0x34, 0x31, 0x39, 0x30, 0x32, 0x31, 0x36, 0x30, // 8500044941902160
	0x36, 0x34, 0x34, 0x35, 0x33, 0x31, 0x32, 0x35, 0x29, 0x2c, 0x20, 0x76, 0x65, 0x63, 0x33, 0x28, // 64453125), vec3(
	0x30, 0x2e, 0x30, 0x31, 0x37, 0x36, 0x33, 0x39, 0x38, 0x39, 0x39, 0x36, 0x32, 0x36, 0x33, 0x37, // 0.01763989962637
	0x34, 0x32, 0x34, 0x34, 0x36, 0x38, 0x39, 0x39, 0x34, 0x31, 0x34, 0x30, 0x36, 0x32, 0x35, 0x2c, // 424468994140625,
	0x20, 0x2d, 0x30, 0x2e, 0x30, 0x34, 0x32, 0x37, 0x37, 0x30, 0x36, 0x30, 0x31, 0x38, 0x30, 0x39, //  -0.042770601809
	0x30, 0x32, 0x34, 0x38, 0x31, 0x30, 0x37, 0x39, 0x31, 0x30, 0x31, 0x35, 0x36, 0x32, 0x35, 0x2c, // 024810791015625,
	0x20, 0x30, 0x2e, 0x39, 0x34, 0x32, 0x31, 0x30, 0x33, 0x30, 0x38, 0x37, 0x39, 0x30, 0x32, 0x30, //  0.9421030879020
	0x36, 0x39, 0x30, 0x39, 0x31, 0x37, 0x39, 0x36, 0x38, 0x37, 0x35, 0x29, 0x29, 0x20, 0x2a, 0x20, // 69091796875)) * 
	0x28, 0x6d, 0x61, 0x74, 0x33, 0x28, 0x76, 0x65, 0x63, 0x33, 0x28, 0x30, 0x2e, 0x34, 0x31, 0x32, // (mat3(vec3(0.412
	0x35, 0x35, 0x36, 0x34, 0x30, 0x39, 0x38, 0x33, 0x35, 0x38, 0x31, 0x35, 0x34, 0x32, 0x39, 0x36, // 5564098358154296
	0x38, 0x37, 0x35, 0x2c, 0x20, 0x30, 0x2e, 0x33, 0x35, 0x37, 0x35, 0x37, 0x36, 0x31, 0x30, 0x32, // 875, 0.357576102
	0x30, 0x31, 0x38, 0x33, 0x35, 0x36, 0x33, 0x32, 0x33, 0x32, 0x34, 0x32, 0x31, 0x38, 0x37, 0x35, // 0183563232421875
	0x2c, 0x20, 0x30, 0x2e, 0x31, 0x38, 0x30, 0x34, 0x33, 0x37, 0x35, 0x30, 0x35, 0x32, 0x34, 0x35, // , 0.180437505245
	0x32, 0x30, 0x38, 0x37, 0x34, 0x30, 0x32, 0x33, 0x34, 0x33, 0x37, 0x35, 0x29, 0x2c, 0x20, 0x76, // 208740234375), v
	0x65, 0x63, 0x33, 0x28, 0x30, 0x2e, 0x32, 0x31, 0x32, 0x36, 0x37, 0x32, 0x39, 0x30, 0x34, 0x31, // ec3(0.2126729041
	0x33, 0x33, 0x37, 0x39, 0x36, 0x36, 0x39, 0x31, 0x38, 0x39, 0x34, 0x35, 0x33, 0x31, 0x32, 0x35, // 3379669189453125
	0x2c, 0x20, 0x30, 0x2e, 0x37, 0x31, 0x35, 0x31, 0x35, 0x32, 0x32, 0x30, 0x34, 0x30, 0x33, 0x36, // , 0.715152204036
	0x37, 0x31, 0x32, 0x36, 0x34, 0x36, 0x34, 0x38, 0x34, 0x33, 0x37, 0x35, 0x2c, 0x20, 0x30, 0x2e, // 712646484375, 0.
	0x30, 0x37, 0x32, 0x31, 0x37, 0x35, 0x30, 0x30, 0x33, 0x35, 0x38, 0x38, 0x31, 0x39, 0x39, 0x36, // 0721750035881996
	0x31, 0x35, 0x34, 0x37, 0x38, 0x35, 0x31, 0x35, 0x36, 0x32, 0x35, 0x29, 0x2c, 0x20, 0x76, 0x65, // 15478515625), ve
	0x63, 0x33, 0x28, 0x30, 0x2e, 0x30, 0x31, 0x39, 0x33, 0x33, 0x33, 0x39, 0x30, 0x30, 0x38, 0x38, // c3(0.01933390088
	0x33, 0x37, 0x39, 0x33, 0x38, 0x33, 0x30, 0x38, 0x37, 0x31, 0x35, 0x38, 0x32, 0x30, 0x33, 0x31, // 3793830871582031
	0x32, 0x35, 0x2c, 0x20, 0x30, 0x2e, 0x31, 0x31, 0x39, 0x31, 0x39, 0x31, 0x39, 0x39, 0x36, 0x37, // 25, 0.1191919967
	0x35, 0x33, 0x32, 0x31, 0x35, 0x37, 0x38, 0x39, 0x37, 0x39, 0x34, 0x39, 0x32, 0x31, 0x38, 0x37, // 5321578979492187
	0x35, 0x2c, 0x20, 0x30, 0x2e, 0x39, 0x35, 0x30, 0x33, 0x30, 0x34, 0x30, 0x39, 0x30, 0x39, 0x37, // 5, 0.95030409097
	0x36, 0x37, 0x31, 0x35, 0x30, 0x38, 0x37, 0x38, 0x39, 0x30, 0x36, 0x32, 0x35, 0x29, 0x29, 0x20, // 6715087890625)) 
	0x2a, 0x20, 0x5f, 0x32, 0x37, 0x39, 0x2e, 0x78, 0x79, 0x7a, 0x29, 0x29, 0x20, 0x2a, 0x20, 0x75, // * _279.xyz)) * u
	0x5f, 0x70, 0x61, 0x72, 0x61, 0x6d, 0x73, 0x31, 0x2e, 0x79, 0x29, 0x20, 0x2a, 0x20, 0x39, 0x2e, // _params1.y) * 9.
	0x39, 0x39, 0x39, 0x39, 0x39, 0x39, 0x37, 0x34, 0x37, 0x33, 0x37, 0x38, 0x37, 0x35, 0x31, 0x36, // 9999997473787516
	0x33, 0x35, 0x35, 0x35, 0x31, 0x34, 0x35, 0x32, 0x36, 0x33, 0x36, 0x37, 0x31, 0x38, 0x38, 0x65, // 355514526367188e
	0x2d, 0x30, 0x35, 0x2c, 0x20, 0x76, 0x65, 0x63, 0x33, 0x28, 0x30, 0x2e, 0x31, 0x35, 0x39, 0x33, // -05, vec3(0.1593
	0x30, 0x31, 0x37, 0x35, 0x37, 0x38, 0x31, 0x32, 0x35, 0x29, 0x29, 0x3b, 0x0a, 0x20, 0x20, 0x20, // 017578125));.   
	0x20, 0x20, 0x20, 0x20, 0x20, 0x20, 0x20, 0x20, 0x20, 0x20, 0x20, 0x20, 0x20, 0x5f, 0x35, 0x34, //              _54
	0x39, 0x20, 0x3d, 0x20, 0x70, 0x6f, 0x77, 0x28, 0x28, 0x76, 0x65, 0x63, 0x33, 0x28, 0x30, 0x2e, // 9 = pow((vec3(0.
	0x38, 0x33, 0x35, 0x39, 0x33, 0x37, 0x35, 0x29, 0x20, 0x2b, 0x20, 0x28, 0x5f, 0x34, 0x39, 0x36, // 8359375) + (_496
	0x20, 0x2a, 0x20, 0x31, 0x38, 0x2e, 0x38, 0x35, 0x31, 0x35, 0x36, 0x32, 0x35, 0x29, 0x29, 0x20, //  * 18.8515625)) 
	0x2f, 0x20, 0x28, 0x76, 0x65, 0x63, 0x33, 0x28, 0x31, 0x2e, 0x30, 0x29, 0x20, 0x2b, 0x20, 0x28, // / (vec3(1.0) + (
	0x5f, 0x34, 0x39, 0x36, 0x20, 0x2a, 0x20, 0x31, 0x38, 0x2e, 0x36, 0x38, 0x37, 0x35, 0x29, 0x29, // _496 * 18.6875))
	0x2c, 0x20, 0x76, 0x65, 0x63, 0x33, 0x28, 0x37, 0x38, 0x2e, 0x38, 0x34, 0x33, 0x37, 0x35, 0x29, // , vec3(78.84375)
	0x29, 0x3b, 0x0a, 0x20, 0x20, 0x20, 0x20, 0x20, 0x20, 0x20, 0x20, 0x20, 0x20, 0x20, 0x20, 0x7d, // );.            }
	0x0a, 0x20, 0x20, 0x20, 0x20, 0x20, 0x20, 0x20, 0x20, 0x20, 0x20, 0x20, 0x20, 0x65, 0x6c, 0x73, // .            els
	0x65, 0x0a, 0x20, 0x20, 0x20, 0x20, 0x20, 0x20, 0x20, 0x20, 0x20, 0x20, 0x20, 0x20, 0x7b, 0x0a, // e.            {.
	0x20, 0x20, 0x20, 0x20, 0x20, 0x20, 0x20, 0x20, 0x20, 0x20, 0x20, 0x20, 0x20, 0x20, 0x20, 0x20, //                 
	0x5f, 0x35, 0x34, 0x39, 0x20, 0x3d, 0x20, 0x76, 0x65, 0x63, 0x33, 0x28, 0x30, 0x2e, 0x30, 0x29, // _549 = vec3(0.0)
	0x3b, 0x0a, 0x20, 0x20, 0x20, 0x20, 0x20, 0x20, 0x20, 0x20, 0x20, 0x20, 0x20, 0x20, 0x7d, 0x0a, // ;.            }.
	0x20, 0x20, 0x20, 0x20, 0x20, 0x20, 0x20, 0x20, 0x20, 0x20, 0x20, 0x20, 0x5f, 0x35, 0x34, 0x38, //             _548
	0x20, 0x3d, 0x20, 0x5f, 0x35, 0x34, 0x39, 0x3b, 0x0a, 0x20, 0x20, 0x20, 0x20, 0x20, 0x20, 0x20, //  = _549;.       
	0x20, 0x7d, 0x0a, 0x20, 0x20, 0x20, 0x20, 0x20, 0x20, 0x20, 0x20, 0x5f, 0x35, 0x34, 0x37, 0x20, //  }.        _547 
	0x3d, 0x20, 0x5f, 0x35, 0x34, 0x38, 0x3b, 0x0a, 0x20, 0x20, 0x20, 0x20, 0x7d, 0x0a, 0x20, 0x20, // = _548;.    }.  
	0x20, 0x20, 0x62, 0x67, 0x66, 0x78, 0x5f, 0x46, 0x72, 0x61, 0x67, 0x43, 0x6f, 0x6c, 0x6f, 0x72, //   bgfx_FragColor
	0x20, 0x3d, 0x20, 0x76, 0x65, 0x63, 0x34, 0x28, 0x5f, 0x35, 0x34, 0x37, 0x2c, 0x20, 0x5f, 0x32, //  = vec4(_547, _2
	0x37, 0x39, 0x2e, 0x77, 0x29, 0x3b, 0x0a, 0x7d, 0x0a, 0x0a, 0x00,                               // 79.w);.}...
};
static const uint8_t fs_texture_spv[4411] =
{
	0x46, 0x53, 0x48, 0x0c, 0x01, 0x83, 0xf2, 0xe1, 0x00, 0x00, 0x00, 0x00, 0x00, 0x00, 0x00, 0x00, // FSH.............
	0x00, 0x00, 0x00, 0x00, 0x03, 0x00, 0x09, 0x75, 0x5f, 0x70, 0x61, 0x72, 0x61, 0x6d, 0x73, 0x30, // .......u_params0
	0x12, 0x01, 0x00, 0x00, 0x01, 0x00, 0x00, 0x00, 0x00, 0x00, 0x09, 0x75, 0x5f, 0x70, 0x61, 0x72, // ...........u_par
	0x61, 0x6d, 0x73, 0x31, 0x12, 0x01, 0x10, 0x00, 0x01, 0x00, 0x00, 0x00, 0x00, 0x00, 0x0a, 0x73, // ams1...........s
	0x5f, 0x74, 0x65, 0x78, 0x43, 0x6f, 0x6c, 0x6f, 0x72, 0x30, 0x00, 0x02, 0x00, 0x00, 0x00, 0x00, // _texColor0......
	0x02, 0x29, 0x00, 0xe0, 0x10, 0x00, 0x00, 0x03, 0x02, 0x23, 0x07, 0x00, 0x00, 0x01, 0x00, 0x0b, // .).......#......
	0x00, 0x08, 0x00, 0xc3, 0x02, 0x00, 0x00, 0x00, 0x00, 0x00, 0x00, 0x11, 0x00, 0x02, 0x00, 0x01, // ................
	0x00, 0x00, 0x00, 0x0b, 0x00, 0x06, 0x00, 0x01, 0x00, 0x00, 0x00, 0x47, 0x4c, 0x53, 0x4c, 0x2e, // ...........GLSL.
	0x73, 0x74, 0x64, 0x2e, 0x34, 0x35, 0x30, 0x00, 0x00, 0x00, 0x00, 0x0e, 0x00, 0x03, 0x00, 0x00, // std.450.........
	0x00, 0x00, 0x00, 0x01, 0x00, 0x00, 0x00, 0x0f, 0x00, 0x08, 0x00, 0x04, 0x00, 0x00, 0x00, 0x04, // ................
	0x00, 0x00, 0x00, 0x6d, 0x61, 0x69, 0x6e, 0x00, 0x00, 0x00, 0x00, 0x67, 0x01, 0x00, 0x00, 0x6b, // ...main....g...k
	0x01, 0x00, 0x00, 0x78, 0x01, 0x00, 0x00, 0x10, 0x00, 0x03, 0x00, 0x04, 0x00, 0x00, 0x00, 0x07, // ...x............
	0x00, 0x00, 0x00, 0x03, 0x00, 0x03, 0x00, 0x05, 0x00, 0x00, 0x00, 0xf4, 0x01, 0x00, 0x00, 0x05, // ................
	0x00, 0x04, 0x00, 0x04, 0x00, 0x00, 0x00, 0x6d, 0x61, 0x69, 0x6e, 0x00, 0x00, 0x00, 0x00, 0x05, // .......main.....
	0x00, 0x07, 0x00, 0x4d, 0x00, 0x00, 0x00, 0x73, 0x5f, 0x74, 0x65, 0x78, 0x43, 0x6f, 0x6c, 0x6f, // ...M...s_texColo
	0x72, 0x53, 0x61, 0x6d, 0x70, 0x6c, 0x65, 0x72, 0x00, 0x00, 0x00, 0x05, 0x00, 0x07, 0x00, 0x50, // rSampler.......P
	0x00, 0x00, 0x00, 0x73, 0x5f, 0x74, 0x65, 0x78, 0x43, 0x6f, 0x6c, 0x6f, 0x72, 0x54, 0x65, 0x78, // ...s_texColorTex
	0x74, 0x75, 0x72, 0x65, 0x00, 0x00, 0x00, 0x05, 0x00, 0x06, 0x00, 0x7d, 0x00, 0x00, 0x00, 0x55, // ture.......}...U
	0x6e, 0x69, 0x66, 0x6f, 0x72, 0x6d, 0x42, 0x6c, 0x6f, 0x63, 0x6b, 0x00, 0x00, 0x00, 0x00, 0x06, // niformBlock.....
	0x00, 0x06, 0x00, 0x7d, 0x00, 0x00, 0x00, 0x00, 0x00, 0x00, 0x00, 0x75, 0x5f, 0x70, 0x61, 0x72, // ...}.......u_par
	0x61, 0x6d, 0x73, 0x30, 0x00, 0x00, 0x00, 0x06, 0x00, 0x06, 0x00, 0x7d, 0x00, 0x00, 0x00, 0x01, // ams0.......}....
	0x00, 0x00, 0x00, 0x75, 0x5f, 0x70, 0x61, 0x72, 0x61, 0x6d, 0x73, 0x31, 0x00, 0x00, 0x00, 0x05, // ...u_params1....
	0x00, 0x03, 0x00, 0x7f, 0x00, 0x00, 0x00, 0x00, 0x00, 0x00, 0x00, 0x05, 0x00, 0x05, 0x00, 0x67, // ...............g
	0x01, 0x00, 0x00, 0x76, 0x5f, 0x63, 0x6f, 0x6c, 0x6f, 0x72, 0x30, 0x00, 0x00, 0x00, 0x00, 0x05, // ...v_color0.....
	0x00, 0x05, 0x00, 0x6b, 0x01, 0x00, 0x00, 0x76, 0x5f, 0x74, 0x65, 0x78, 0x63, 0x6f, 0x6f, 0x72, // ...k...v_texcoor
	0x64, 0x30, 0x00, 0x05, 0x00, 0x06, 0x00, 0x78, 0x01, 0x00, 0x00, 0x62, 0x67, 0x66, 0x78, 0x5f, // d0.....x...bgfx_
	0x46, 0x72, 0x61, 0x67, 0x44, 0x61, 0x74, 0x61, 0x30, 0x00, 0x00, 0x47, 0x00, 0x04, 0x00, 0x4d, // FragData0..G...M
	0x00, 0x00, 0x00, 0x21, 0x00, 0x00, 0x00, 0x12, 0x00, 0x00, 0x00, 0x47, 0x00, 0x04, 0x00, 0x4d, // ...!.......G...M
	0x00, 0x00, 0x00, 0x22, 0x00, 0x00, 0x00, 0x00, 0x00, 0x00, 0x00, 0x47, 0x00, 0x04, 0x00, 0x50, // ...".......G...P
	0x00, 0x00, 0x00, 0x21, 0x00, 0x00, 0x00, 0x02, 0x00, 0x00, 0x00, 0x47, 0x00, 0x04, 0x00, 0x50, // ...!.......G...P
	0x00, 0x00, 0x00, 0x22, 0x00, 0x00, 0x00, 0x00, 0x00, 0x00, 0x00, 0x47, 0x00, 0x03, 0x00, 0x7d, // ...".......G...}
	0x00, 0x00, 0x00, 0x02, 0x00, 0x00, 0x00, 0x48, 0x00, 0x05, 0x00, 0x7d, 0x00, 0x00, 0x00, 0x00, // .......H...}....
	0x00, 0x00, 0x00, 0x23, 0x00, 0x00, 0x00, 0x00, 0x00, 0x00, 0x00, 0x48, 0x00, 0x05, 0x00, 0x7d, // ...#.......H...}
	0x00, 0x00, 0x00, 0x01, 0x00, 0x00, 0x00, 0x23, 0x00, 0x00, 0x00, 0x10, 0x00, 0x00, 0x00, 0x47, // .......#.......G
	0x00, 0x04, 0x00, 0x7f, 0x00, 0x00, 0x00, 0x21, 0x00, 0x00, 0x00, 0x01, 0x00, 0x00, 0x00, 0x47, // .......!.......G
	0x00, 0x04, 0x00, 0x7f, 0x00, 0x00, 0x00, 0x22, 0x00, 0x00, 0x00, 0x00, 0x00, 0x00, 0x00, 0x47, // .......".......G
	0x00, 0x04, 0x00, 0x67, 0x01, 0x00, 0x00, 0x1e, 0x00, 0x00, 0x00, 0x00, 0x00, 0x00, 0x00, 0x47, // ...g...........G
	0x00, 0x04, 0x00, 0x6b, 0x01, 0x00, 0x00, 0x1e, 0x00, 0x00, 0x00, 0x01, 0x00, 0x00, 0x00, 0x47, // ...k...........G
	0x00, 0x04, 0x00, 0x78, 0x01, 0x00, 0x00, 0x1e, 0x00, 0x00, 0x00, 0x00, 0x00, 0x00, 0x00, 0x13, // ...x............
	0x00, 0x02, 0x00, 0x02, 0x00, 0x00, 0x00, 0x21, 0x00, 0x03, 0x00, 0x03, 0x00, 0x00, 0x00, 0x02, // .......!........
	0x00, 0x00, 0x00, 0x1a, 0x00, 0x02, 0x00, 0x06, 0x00, 0x00, 0x00, 0x16, 0x00, 0x03, 0x00, 0x07, // ................
	0x00, 0x00, 0x00, 0x20, 0x00, 0x00, 0x00, 0x19, 0x00, 0x09, 0x00, 0x08, 0x00, 0x00, 0x00, 0x07, // ... ............
	0x00, 0x00, 0x00, 0x01, 0x00, 0x00, 0x00, 0x00, 0x00, 0x00, 0x00, 0x00, 0x00, 0x00, 0x00, 0x00, // ................
	0x00, 0x00, 0x00, 0x01, 0x00, 0x00, 0x00, 0x00, 0x00, 0x00, 0x00, 0x17, 0x00, 0x04, 0x00, 0x0b, // ................
	0x00, 0x00, 0x00, 0x07, 0x00, 0x00, 0x00, 0x02, 0x00, 0x00, 0x00, 0x17, 0x00, 0x04, 0x00, 0x0e, // ................
	0x00, 0x00, 0x00, 0x07, 0x00, 0x00, 0x00, 0x04, 0x00, 0x00, 0x00, 0x17, 0x00, 0x04, 0x00, 0x15, // ................
	0x00, 0x00, 0x00, 0x07, 0x00, 0x00, 0x00, 0x03, 0x00, 0x00, 0x00, 0x20, 0x00, 0x04, 0x00, 0x4c, // ........... ...L
	0x00, 0x00, 0x00, 0x00, 0x00, 0x00, 0x00, 0x06, 0x00, 0x00, 0x00, 0x3b, 0x00, 0x04, 0x00, 0x4c, // ...........;...L
	0x00, 0x00, 0x00, 0x4d, 0x00, 0x00, 0x00, 0x00, 0x00, 0x00, 0x00, 0x20, 0x00, 0x04, 0x00, 0x4f, // ...M....... ...O
	0x00, 0x00, 0x00, 0x00, 0x00, 0x00, 0x00, 0x08, 0x00, 0x00, 0x00, 0x3b, 0x00, 0x04, 0x00, 0x4f, // ...........;...O
	0x00, 0x00, 0x00, 0x50, 0x00, 0x00, 0x00, 0x00, 0x00, 0x00, 0x00, 0x15, 0x00, 0x04, 0x00, 0x53, // ...P...........S
	0x00, 0x00, 0x00, 0x20, 0x00, 0x00, 0x00, 0x01, 0x00, 0x00, 0x00, 0x2b, 0x00, 0x04, 0x00, 0x53, // ... .......+...S
	0x00, 0x00, 0x00, 0x54, 0x00, 0x00, 0x00, 0x01, 0x00, 0x00, 0x00, 0x2b, 0x00, 0x04, 0x00, 0x53, // ...T.......+...S
	0x00, 0x00, 0x00, 0x58, 0x00, 0x00, 0x00, 0x00, 0x00, 0x00, 0x00, 0x1b, 0x00, 0x03, 0x00, 0x5c, // ...X............
	0x00, 0x00, 0x00, 0x08, 0x00, 0x00, 0x00, 0x2b, 0x00, 0x04, 0x00, 0x07, 0x00, 0x00, 0x00, 0x73, // .......+.......s
	0x00, 0x00, 0x00, 0xcd, 0xcc, 0x0c, 0x40, 0x1e, 0x00, 0x04, 0x00, 0x7d, 0x00, 0x00, 0x00, 0x0e, // ......@....}....
	0x00, 0x00, 0x00, 0x0e, 0x00, 0x00, 0x00, 0x20, 0x00, 0x04, 0x00, 0x7e, 0x00, 0x00, 0x00, 0x02, // ....... ...~....
	0x00, 0x00, 0x00, 0x7d, 0x00, 0x00, 0x00, 0x3b, 0x00, 0x04, 0x00, 0x7e, 0x00, 0x00, 0x00, 0x7f, // ...}...;...~....
	0x00, 0x00, 0x00, 0x02, 0x00, 0x00, 0x00, 0x15, 0x00, 0x04, 0x00, 0x80, 0x00, 0x00, 0x00, 0x20, // ............... 
	0x00, 0x00, 0x00, 0x00, 0x00, 0x00, 0x00, 0x2b, 0x00, 0x04, 0x00, 0x80, 0x00, 0x00, 0x00, 0x81, // .......+........
	0x00, 0x00, 0x00, 0x02, 0x00, 0x00, 0x00, 0x20, 0x00, 0x04, 0x00, 0x82, 0x00, 0x00, 0x00, 0x02, // ....... ........
	0x00, 0x00, 0x00, 0x07, 0x00, 0x00, 0x00, 0x2b, 0x00, 0x04, 0x00, 0x07, 0x00, 0x00, 0x00, 0x8c, // .......+........
	0x00, 0x00, 0x00, 0x00, 0x00, 0x00, 0x40, 0x2b, 0x00, 0x04, 0x00, 0x80, 0x00, 0x00, 0x00, 0x8d, // ......@+........
	0x00, 0x00, 0x00, 0x03, 0x00, 0x00, 0x00, 0x2b, 0x00, 0x04, 0x00, 0x07, 0x00, 0x00, 0x00, 0x95, // .......+........
	0x00, 0x00, 0x00, 0x1c, 0x2e, 0x4d, 0x3b, 0x14, 0x00, 0x02, 0x00, 0x96, 0x00, 0x00, 0x00, 0x2b, // .....M;........+
	0x00, 0x04, 0x00, 0x07, 0x00, 0x00, 0x00, 0x9a, 0x00, 0x00, 0x00, 0x52, 0xb8, 0x4e, 0x41, 0x2b, // ...........R.NA+
	0x00, 0x04, 0x00, 0x07, 0x00, 0x00, 0x00, 0x9f, 0x00, 0x00, 0x00, 0x3d, 0x0a, 0x87, 0x3f, 0x2b, // ...........=..?+
	0x00, 0x04, 0x00, 0x07, 0x00, 0x00, 0x00, 0xa1, 0x00, 0x00, 0x00, 0x55, 0x55, 0xd5, 0x3e, 0x2b, // ...........UU.>+
	0x00, 0x04, 0x00, 0x07, 0x00, 0x00, 0x00, 0xa4, 0x00, 0x00, 0x00, 0xae, 0x47, 0x61, 0x3d, 0x2b, // ............Ga=+
	0x00, 0x04, 0x00, 0x80, 0x00, 0x00, 0x00, 0xa9, 0x00, 0x00, 0x00, 0x00, 0x00, 0x00, 0x00, 0x2b, // ...............+
	0x00, 0x04, 0x00, 0x80, 0x00, 0x00, 0x00, 0xaf, 0x00, 0x00, 0x00, 0x01, 0x00, 0x00, 0x00, 0x18, // ................
	0x00, 0x04, 0x00, 0xbc, 0x00, 0x00, 0x00, 0x15, 0x00, 0x00, 0x00, 0x03, 0x00, 0x00, 0x00, 0x2b, // ...............+
	0x00, 0x04, 0x00, 0x07, 0x00, 0x00, 0x00, 0xbf, 0x00, 0x00, 0x00, 0x98, 0x3a, 0xd3, 0x3e, 0x2b, // ............:.>+
	0x00, 0x04, 0x00, 0x07, 0x00, 0x00, 0x00, 0xc0, 0x00, 0x00, 0x00, 0x37, 0x14, 0xb7, 0x3e, 0x2b, // ...........7..>+
	0x00, 0x04, 0x00, 0x07, 0x00, 0x00, 0x00, 0xc1, 0x00, 0x00, 0x00, 0x9c, 0xc4, 0x38, 0x3e, 0x2c, // .............8>,
	0x00, 0x06, 0x00, 0x15, 0x00, 0x00, 0x00, 0xc2, 0x00, 0x00, 0x00, 0xbf, 0x00, 0x00, 0x00, 0xc0, // ................
	0x00, 0x00, 0x00, 0xc1, 0x00, 0x00, 0x00, 0x2b, 0x00, 0x04, 0x00, 0x07, 0x00, 0x00, 0x00, 0xc3, // .......+........
	0x00, 0x00, 0x00, 0xed, 0xc6, 0x59, 0x3e, 0x2b, 0x00, 0x04, 0x00, 0x07, 0x00, 0x00, 0x00, 0xc4, // .....Y>+........
	0x00, 0x00, 0x00, 0x37, 0x14, 0x37, 0x3f, 0x2b, 0x00, 0x04, 0x00, 0x07, 0x00, 0x00, 0x00, 0xc5, // ...7.7?+........
	0x00, 0x00, 0x00, 0x7d, 0xd0, 0x93, 0x3d, 0x2c, 0x00, 0x06, 0x00, 0x15, 0x00, 0x00, 0x00, 0xc6, // ...}..=,........
	0x00, 0x00, 0x00, 0xc3, 0x00, 0x00, 0x00, 0xc4, 0x00, 0x00, 0x00, 0xc5, 0x00, 0x00, 0x00, 0x2b, // ...............+
	0x00, 0x04, 0x00, 0x07, 0x00, 0x00, 0x00, 0xc7, 0x00, 0x00, 0x00, 0x21, 0x62, 0x9e, 0x3c, 0x2b, // ...........!b.<+
	0x00, 0x04, 0x00, 0x07, 0x00, 0x00, 0x00, 0xc8, 0x00, 0x00, 0x00, 0xef, 0x1a, 0xf4, 0x3d, 0x2b, // ..............=+
	0x00, 0x04, 0x00, 0x07, 0x00, 0x00, 0x00, 0xc9, 0x00, 0x00, 0x00, 0x21, 0x47, 0x73, 0x3f, 0x2c, // ...........!Gs?,
	0x00, 0x06, 0x00, 0x15, 0x00, 0x00, 0x00, 0xca, 0x00, 0x00, 0x00, 0xc7, 0x00, 0x00, 0x00, 0xc8, // ................
	0x00, 0x00, 0x00, 0xc9, 0x00, 0x00, 0x00, 0x2c, 0x00, 0x06, 0x00, 0xbc, 0x00, 0x00, 0x00, 0xcb, // .......,........
	0x00, 0x00, 0x00, 0xc2, 0x00, 0x00, 0x00, 0xc6, 0x00, 0x00, 0x00, 0xca, 0x00, 0x00, 0x00, 0x2b, // ...............+
	0x00, 0x04, 0x00, 0x07, 0x00, 0x00, 0x00, 0xd2, 0x00, 0x00, 0x00, 0x3a, 0xbb, 0xdb, 0x3f, 0x2b, // ...........:..?+
	0x00, 0x04, 0x00, 0x07, 0x00, 0x00, 0x00, 0xd3, 0x00, 0x00, 0x00, 0x7c, 0x1a, 0xb6, 0xbe, 0x2b, // ...........|...+
	0x00, 0x04, 0x00, 0x07, 0x00, 0x00, 0x00, 0xd4, 0x00, 0x00, 0x00, 0x3a, 0xb9, 0x81, 0xbe, 0x2c, // ...........:...,
	0x00, 0x06, 0x00, 0x15, 0x00, 0x00, 0x00, 0xd5, 0x00, 0x00, 0x00, 0xd2, 0x00, 0x00, 0x00, 0xd3, // ................
	0x00, 0x00, 0x00, 0xd4, 0x00, 0x00, 0x00, 0x2b, 0x00, 0x04, 0x00, 0x07, 0x00, 0x00, 0x00, 0xd6, // .......+........
	0x00, 0x00, 0x00, 0xd4, 0xab, 0x2a, 0xbf, 0x2b, 0x00, 0x04, 0x00, 0x07, 0x00, 0x00, 0x00, 0xd7, // .....*.+........
	0x00, 0x00, 0x00, 0xdb, 0xe8, 0xce, 0x3f, 0x2b, 0x00, 0x04, 0x00, 0x07, 0x00, 0x00, 0x00, 0xd8, // ......?+........
	0x00, 0x00, 0x00, 0xf1, 0x2c, 0x81, 0x3c, 0x2c, 0x00, 0x06, 0x00, 0x15, 0x00, 0x00, 0x00, 0xd9, // ....,.<,........
	0x00, 0x00, 0x00, 0xd6, 0x00, 0x00, 0x00, 0xd7, 0x00, 0x00, 0x00, 0xd8, 0x00, 0x00, 0x00, 0x2b, // ...............+
	0x00, 0x04, 0x00, 0x07, 0x00, 0x00, 0x00, 0xda, 0x00, 0x00, 0x00, 0x8d, 0x81, 0x90, 0x3c, 0x2b, // ..............<+
	0x00, 0x04, 0x00, 0x07, 0x00, 0x00, 0x00, 0xdb, 0x00, 0x00, 0x00, 0x3a, 0x30, 0x2f, 0xbd, 0x2b, // ...........:0/.+
	0x00, 0x04, 0x00, 0x07, 0x00, 0x00, 0x00, 0xdc, 0x00, 0x00, 0x00, 0xab, 0x2d, 0x71, 0x3f, 0x2c, // ............-q?,
	0x00, 0x06, 0x00, 0x15, 0x00, 0x00, 0x00, 0xdd, 0x00, 0x00, 0x00, 0xda, 0x00, 0x00, 0x00, 0xdb, // ................
	0x00, 0x00, 0x00, 0xdc, 0x00, 0x00, 0x00, 0x2c, 0x00, 0x06, 0x00, 0xbc, 0x00, 0x00, 0x00, 0xde, // .......,........
	0x00, 0x00, 0x00, 0xd5, 0x00, 0x00, 0x00, 0xd9, 0x00, 0x00, 0x00, 0xdd, 0x00, 0x00, 0x00, 0x2b, // ...............+
	0x00, 0x04, 0x00, 0x07, 0x00, 0x00, 0x00, 0xe5, 0x00, 0x00, 0x00, 0x00, 0x20, 0x23, 0x3e, 0x2b, // ............ #>+
	0x00, 0x04, 0x00, 0x07, 0x00, 0x00, 0x00, 0xe7, 0x00, 0x00, 0x00, 0x00, 0xb0, 0x9d, 0x42, 0x2b, // ..............B+
	0x00, 0x04, 0x00, 0x07, 0x00, 0x00, 0x00, 0xe9, 0x00, 0x00, 0x00, 0x00, 0x00, 0x56, 0x3f, 0x2b, // .............V?+
	0x00, 0x04, 0x00, 0x07, 0x00, 0x00, 0x00, 0xeb, 0x00, 0x00, 0x00, 0x00, 0xd0, 0x96, 0x41, 0x2b, // ..............A+
	0x00, 0x04, 0x00, 0x07, 0x00, 0x00, 0x00, 0xed, 0x00, 0x00, 0x00, 0x00, 0x80, 0x95, 0x41, 0x2b, // ..............A+
	0x00, 0x04, 0x00, 0x07, 0x00, 0x00, 0x00, 0xf0, 0x00, 0x00, 0x00, 0x17, 0xb7, 0xd1, 0x38, 0x2b, // ..............8+
	0x00, 0x04, 0x00, 0x07, 0x00, 0x00, 0x00, 0xfc, 0x00, 0x00, 0x00, 0x00, 0x00, 0x80, 0x3f, 0x2b, // ..............?+
	0x00, 0x04, 0x00, 0x07, 0x00, 0x00, 0x00, 0x0c, 0x01, 0x00, 0x00, 0x00, 0x00, 0x00, 0x00, 0x2b, // ...............+
	0x00, 0x04, 0x00, 0x07, 0x00, 0x00, 0x00, 0x10, 0x01, 0x00, 0x00, 0x00, 0x00, 0x00, 0x3f, 0x2b, // ..............?+
	0x00, 0x04, 0x00, 0x07, 0x00, 0x00, 0x00, 0x1d, 0x01, 0x00, 0x00, 0x00, 0x00, 0xc0, 0x3f, 0x2b, // ..............?+
	0x00, 0x04, 0x00, 0x07, 0x00, 0x00, 0x00, 0x25, 0x01, 0x00, 0x00, 0x00, 0x00, 0x20, 0x40, 0x20, // .......%..... @ 
	0x00, 0x04, 0x00, 0x63, 0x01, 0x00, 0x00, 0x01, 0x00, 0x00, 0x00, 0x0e, 0x00, 0x00, 0x00, 0x3b, // ...c...........;
	0x00, 0x04, 0x00, 0x63, 0x01, 0x00, 0x00, 0x67, 0x01, 0x00, 0x00, 0x01, 0x00, 0x00, 0x00, 0x20, // ...c...g....... 
	0x00, 0x04, 0x00, 0x6a, 0x01, 0x00, 0x00, 0x01, 0x00, 0x00, 0x00, 0x15, 0x00, 0x00, 0x00, 0x3b, // ...j...........;
	0x00, 0x04, 0x00, 0x6a, 0x01, 0x00, 0x00, 0x6b, 0x01, 0x00, 0x00, 0x01, 0x00, 0x00, 0x00, 0x20, // ...j...k....... 
	0x00, 0x04, 0x00, 0x77, 0x01, 0x00, 0x00, 0x03, 0x00, 0x00, 0x00, 0x0e, 0x00, 0x00, 0x00, 0x3b, // ...w...........;
	0x00, 0x04, 0x00, 0x77, 0x01, 0x00, 0x00, 0x78, 0x01, 0x00, 0x00, 0x03, 0x00, 0x00, 0x00, 0x2c, // ...w...x.......,
	0x00, 0x06, 0x00, 0x15, 0x00, 0x00, 0x00, 0xb3, 0x02, 0x00, 0x00, 0x73, 0x00, 0x00, 0x00, 0x73, // ...........s...s
	0x00, 0x00, 0x00, 0x73, 0x00, 0x00, 0x00, 0x2c, 0x00, 0x06, 0x00, 0x15, 0x00, 0x00, 0x00, 0xb4, // ...s...,........
	0x02, 0x00, 0x00, 0x0c, 0x01, 0x00, 0x00, 0x0c, 0x01, 0x00, 0x00, 0x0c, 0x01, 0x00, 0x00, 0x2c, // ...............,
	0x00, 0x06, 0x00, 0x15, 0x00, 0x00, 0x00, 0xb5, 0x02, 0x00, 0x00, 0xe5, 0x00, 0x00, 0x00, 0xe5, // ................
	0x00, 0x00, 0x00, 0xe5, 0x00, 0x00, 0x00, 0x2c, 0x00, 0x06, 0x00, 0x15, 0x00, 0x00, 0x00, 0xb6, // .......,........
	0x02, 0x00, 0x00, 0xe9, 0x00, 0x00, 0x00, 0xe9, 0x00, 0x00, 0x00, 0xe9, 0x00, 0x00, 0x00, 0x2c, // ...............,
	0x00, 0x06, 0x00, 0x15, 0x00, 0x00, 0x00, 0xb7, 0x02, 0x00, 0x00, 0xfc, 0x00, 0x00, 0x00, 0xfc, // ................
	0x00, 0x00, 0x00, 0xfc, 0x00, 0x00, 0x00, 0x2c, 0x00, 0x06, 0x00, 0x15, 0x00, 0x00, 0x00, 0xb8, // .......,........
	0x02, 0x00, 0x00, 0xe7, 0x00, 0x00, 0x00, 0xe7, 0x00, 0x00, 0x00, 0xe7, 0x00, 0x00, 0x00, 0x36, // ...............6
	0x00, 0x05, 0x00, 0x02, 0x00, 0x00, 0x00, 0x04, 0x00, 0x00, 0x00, 0x00, 0x00, 0x00, 0x00, 0x03, // ................
	0x00, 0x00, 0x00, 0xf8, 0x00, 0x02, 0x00, 0x05, 0x00, 0x00, 0x00, 0x3d, 0x00, 0x04, 0x00, 0x06, // ...........=....
	0x00, 0x00, 0x00, 0x4e, 0x00, 0x00, 0x00, 0x4d, 0x00, 0x00, 0x00, 0x3d, 0x00, 0x04, 0x00, 0x08, // ...N...M...=....
	0x00, 0x00, 0x00, 0x51, 0x00, 0x00, 0x00, 0x50, 0x00, 0x00, 0x00, 0x3d, 0x00, 0x04, 0x00, 0x0e, // ...Q...P...=....
	0x00, 0x00, 0x00, 0x68, 0x01, 0x00, 0x00, 0x67, 0x01, 0x00, 0x00, 0x3d, 0x00, 0x04, 0x00, 0x15, // ...h...g...=....
	0x00, 0x00, 0x00, 0x6c, 0x01, 0x00, 0x00, 0x6b, 0x01, 0x00, 0x00, 0x4f, 0x00, 0x07, 0x00, 0x0b, // ...l...k...O....
	0x00, 0x00, 0x00, 0xa2, 0x01, 0x00, 0x00, 0x6c, 0x01, 0x00, 0x00, 0x6c, 0x01, 0x00, 0x00, 0x00, // .......l...l....
	0x00, 0x00, 0x00, 0x01, 0x00, 0x00, 0x00, 0x41, 0x00, 0x06, 0x00, 0x82, 0x00, 0x00, 0x00, 0xa3, // .......A........
	0x01, 0x00, 0x00, 0x7f, 0x00, 0x00, 0x00, 0x58, 0x00, 0x00, 0x00, 0xa9, 0x00, 0x00, 0x00, 0x3d, // .......X.......=
	0x00, 0x04, 0x00, 0x07, 0x00, 0x00, 0x00, 0xa4, 0x01, 0x00, 0x00, 0xa3, 0x01, 0x00, 0x00, 0x56, // ...............V
	0x00, 0x05, 0x00, 0x5c, 0x00, 0x00, 0x00, 0xc2, 0x01, 0x00, 0x00, 0x51, 0x00, 0x00, 0x00, 0x4e, // ...........Q...N
	0x00, 0x00, 0x00, 0x58, 0x00, 0x07, 0x00, 0x0e, 0x00, 0x00, 0x00, 0xc5, 0x01, 0x00, 0x00, 0xc2, // ...X............
	0x01, 0x00, 0x00, 0xa2, 0x01, 0x00, 0x00, 0x02, 0x00, 0x00, 0x00, 0xa4, 0x01, 0x00, 0x00, 0x4f, // ...............O
	0x00, 0x08, 0x00, 0x15, 0x00, 0x00, 0x00, 0xa7, 0x01, 0x00, 0x00, 0xc5, 0x01, 0x00, 0x00, 0xc5, // ................
	0x01, 0x00, 0x00, 0x00, 0x00, 0x00, 0x00, 0x01, 0x00, 0x00, 0x00, 0x02, 0x00, 0x00, 0x00, 0x0c, // ................
	0x00, 0x06, 0x00, 0x15, 0x00, 0x00, 0x00, 0xdd, 0x01, 0x00, 0x00, 0x01, 0x00, 0x00, 0x00, 0x04, // ................
	0x00, 0x00, 0x00, 0xa7, 0x01, 0x00, 0x00, 0x0c, 0x00, 0x07, 0x00, 0x15, 0x00, 0x00, 0x00, 0xdf, // ................
	0x01, 0x00, 0x00, 0x01, 0x00, 0x00, 0x00, 0x1a, 0x00, 0x00, 0x00, 0xdd, 0x01, 0x00, 0x00, 0xb3, // ................
	0x02, 0x00, 0x00, 0x41, 0x00, 0x06, 0x00, 0x82, 0x00, 0x00, 0x00, 0xcf, 0x01, 0x00, 0x00, 0x7f, // ...A............
	0x00, 0x00, 0x00, 0x58, 0x00, 0x00, 0x00, 0x81, 0x00, 0x00, 0x00, 0x3d, 0x00, 0x04, 0x00, 0x07, // ...X.......=....
	0x00, 0x00, 0x00, 0xd0, 0x01, 0x00, 0x00, 0xcf, 0x01, 0x00, 0x00, 0x50, 0x00, 0x06, 0x00, 0x15, // ...........P....
	0x00, 0x00, 0x00, 0xd1, 0x01, 0x00, 0x00, 0xd0, 0x01, 0x00, 0x00, 0xd0, 0x01, 0x00, 0x00, 0xd0, // ................
	0x01, 0x00, 0x00, 0x0c, 0x00, 0x08, 0x00, 0x15, 0x00, 0x00, 0x00, 0xe9, 0x01, 0x00, 0x00, 0x01, // ................
	0x00, 0x00, 0x00, 0x2e, 0x00, 0x00, 0x00, 0xdf, 0x01, 0x00, 0x00, 0xa7, 0x01, 0x00, 0x00, 0xd1, // ................
	0x01, 0x00, 0x00, 0x41, 0x00, 0x06, 0x00, 0x82, 0x00, 0x00, 0x00, 0xd5, 0x01, 0x00, 0x00, 0x7f, // ...A............
	0x00, 0x00, 0x00, 0x58, 0x00, 0x00, 0x00, 0x8d, 0x00, 0x00, 0x00, 0x3d, 0x00, 0x04, 0x00, 0x07, // ...X.......=....
	0x00, 0x00, 0x00, 0xd6, 0x01, 0x00, 0x00, 0xd5, 0x01, 0x00, 0x00, 0x0c, 0x00, 0x07, 0x00, 0x07, // ................
	0x00, 0x00, 0x00, 0xd7, 0x01, 0x00, 0x00, 0x01, 0x00, 0x00, 0x00, 0x1a, 0x00, 0x00, 0x00, 0x8c, // ................
	0x00, 0x00, 0x00, 0xd6, 0x01, 0x00, 0x00, 0x8e, 0x00, 0x05, 0x00, 0x15, 0x00, 0x00, 0x00, 0xd8, // ................
	0x01, 0x00, 0x00, 0xe9, 0x01, 0x00, 0x00, 0xd7, 0x01, 0x00, 0x00, 0x51, 0x00, 0x05, 0x00, 0x07, // ...........Q....
	0x00, 0x00, 0x00, 0xaa, 0x01, 0x00, 0x00, 0xd8, 0x01, 0x00, 0x00, 0x00, 0x00, 0x00, 0x00, 0x52, // ...............R
	0x00, 0x06, 0x00, 0x0e, 0x00, 0x00, 0x00, 0xa3, 0x02, 0x00, 0x00, 0xaa, 0x01, 0x00, 0x00, 0xc5, // ................
	0x01, 0x00, 0x00, 0x00, 0x00, 0x00, 0x00, 0x51, 0x00, 0x05, 0x00, 0x07, 0x00, 0x00, 0x00, 0xac, // .......Q........
	0x01, 0x00, 0x00, 0xd8, 0x01, 0x00, 0x00, 0x01, 0x00, 0x00, 0x00, 0x52, 0x00, 0x06, 0x00, 0x0e, // ...........R....
	0x00, 0x00, 0x00, 0xa5, 0x02, 0x00, 0x00, 0xac, 0x01, 0x00, 0x00, 0xa3, 0x02, 0x00, 0x00, 0x01, // ................
	0x00, 0x00, 0x00, 0x51, 0x00, 0x05, 0x00, 0x07, 0x00, 0x00, 0x00, 0xae, 0x01, 0x00, 0x00, 0xd8, // ...Q............
	0x01, 0x00, 0x00, 0x02, 0x00, 0x00, 0x00, 0x52, 0x00, 0x06, 0x00, 0x0e, 0x00, 0x00, 0x00, 0xa7, // .......R........
	0x02, 0x00, 0x00, 0xae, 0x01, 0x00, 0x00, 0xa5, 0x02, 0x00, 0x00, 0x02, 0x00, 0x00, 0x00, 0x85, // ................
	0x00, 0x05, 0x00, 0x0e, 0x00, 0x00, 0x00, 0xb1, 0x01, 0x00, 0x00, 0xa7, 0x02, 0x00, 0x00, 0x68, // ...............h
	0x01, 0x00, 0x00, 0x41, 0x00, 0x06, 0x00, 0x82, 0x00, 0x00, 0x00, 0xb3, 0x01, 0x00, 0x00, 0x7f, // ...A............
	0x00, 0x00, 0x00, 0x54, 0x00, 0x00, 0x00, 0xa9, 0x00, 0x00, 0x00, 0x3d, 0x00, 0x04, 0x00, 0x07, // ...T.......=....
	0x00, 0x00, 0x00, 0xb4, 0x01, 0x00, 0x00, 0xb3, 0x01, 0x00, 0x00, 0x41, 0x00, 0x06, 0x00, 0x82, // ...........A....
	0x00, 0x00, 0x00, 0xb5, 0x01, 0x00, 0x00, 0x7f, 0x00, 0x00, 0x00, 0x54, 0x00, 0x00, 0x00, 0xaf, // ...........T....
	0x00, 0x00, 0x00, 0x3d, 0x00, 0x04, 0x00, 0x07, 0x00, 0x00, 0x00, 0xb6, 0x01, 0x00, 0x00, 0xb5, // ...=............
	0x01, 0x00, 0x00, 0xb8, 0x00, 0x05, 0x00, 0x96, 0x00, 0x00, 0x00, 0xf5, 0x01, 0x00, 0x00, 0xb4, // ................
	0x01, 0x00, 0x00, 0x10, 0x01, 0x00, 0x00, 0xf7, 0x00, 0x03, 0x00, 0x12, 0x02, 0x00, 0x00, 0x00, // ................
	0x00, 0x00, 0x00, 0xfa, 0x00, 0x04, 0x00, 0xf5, 0x01, 0x00, 0x00, 0xf6, 0x01, 0x00, 0x00, 0xfd, // ................
	0x01, 0x00, 0x00, 0xf8, 0x00, 0x02, 0x00, 0xfd, 0x01, 0x00, 0x00, 0xb8, 0x00, 0x05, 0x00, 0x96, // ................
	0x00, 0x00, 0x00, 0xff, 0x01, 0x00, 0x00, 0xb4, 0x01, 0x00, 0x00, 0x1d, 0x01, 0x00, 0x00, 0xf7, // ................
	0x00, 0x03, 0x00, 0x11, 0x02, 0x00, 0x00, 0x00, 0x00, 0x00, 0x00, 0xfa, 0x00, 0x04, 0x00, 0xff, // ................
	0x01, 0x00, 0x00, 0x00, 0x02, 0x00, 0x00, 0x03, 0x02, 0x00, 0x00, 0xf8, 0x00, 0x02, 0x00, 0x03, // ................
	0x02, 0x00, 0x00, 0xb8, 0x00, 0x05, 0x00, 0x96, 0x00, 0x00, 0x00, 0x05, 0x02, 0x00, 0x00, 0xb4, // ................
	0x01, 0x00, 0x00, 0x25, 0x01, 0x00, 0x00, 0xf7, 0x00, 0x03, 0x00, 0x10, 0x02, 0x00, 0x00, 0x00, // ...%............
	0x00, 0x00, 0x00, 0xfa, 0x00, 0x04, 0x00, 0x05, 0x02, 0x00, 0x00, 0x06, 0x02, 0x00, 0x00, 0x10, // ................
	0x02, 0x00, 0x00, 0xf8, 0x00, 0x02, 0x00, 0x06, 0x02, 0x00, 0x00, 0x4f, 0x00, 0x08, 0x00, 0x15, // ...........O....
	0x00, 0x00, 0x00, 0x08, 0x02, 0x00, 0x00, 0xb1, 0x01, 0x00, 0x00, 0xb1, 0x01, 0x00, 0x00, 0x00, // ................
	0x00, 0x00, 0x00, 0x01, 0x00, 0x00, 0x00, 0x02, 0x00, 0x00, 0x00, 0x90, 0x00, 0x05, 0x00, 0x15, // ................
	0x00, 0x00, 0x00, 0x6b, 0x02, 0x00, 0x00, 0x08, 0x02, 0x00, 0x00, 0xcb, 0x00, 0x00, 0x00, 0x90, // ...k............
	0x00, 0x05, 0x00, 0x15, 0x00, 0x00, 0x00, 0x71, 0x02, 0x00, 0x00, 0x6b, 0x02, 0x00, 0x00, 0xde, // .......q...k....
	0x00, 0x00, 0x00, 0x8e, 0x00, 0x05, 0x00, 0x15, 0x00, 0x00, 0x00, 0x0e, 0x02, 0x00, 0x00, 0x71, // ...............q
	0x02, 0x00, 0x00, 0xb6, 0x01, 0x00, 0x00, 0x8e, 0x00, 0x05, 0x00, 0x15, 0x00, 0x00, 0x00, 0x7e, // ...............~
	0x02, 0x00, 0x00, 0x0e, 0x02, 0x00, 0x00, 0xf0, 0x00, 0x00, 0x00, 0x0c, 0x00, 0x07, 0x00, 0x15, // ................
	0x00, 0x00, 0x00, 0x81, 0x02, 0x00, 0x00, 0x01, 0x00, 0x00, 0x00, 0x1a, 0x00, 0x00, 0x00, 0x7e, // ...............~
	0x02, 0x00, 0x00, 0xb5, 0x02, 0x00, 0x00, 0x8e, 0x00, 0x05, 0x00, 0x15, 0x00, 0x00, 0x00, 0x85, // ................
	0x02, 0x00, 0x00, 0x81, 0x02, 0x00, 0x00, 0xeb, 0x00, 0x00, 0x00, 0x81, 0x00, 0x05, 0x00, 0x15, // ................
	0x00, 0x00, 0x00, 0x87, 0x02, 0x00, 0x00, 0xb6, 0x02, 0x00, 0x00, 0x85, 0x02, 0x00, 0x00, 0x8e, // ................
	0x00, 0x05, 0x00, 0x15, 0x00, 0x00, 0x00, 0x8b, 0x02, 0x00, 0x00, 0x81, 0x02, 0x00, 0x00, 0xed, // ................
	0x00, 0x00, 0x00, 0x81, 0x00, 0x05, 0x00, 0x15, 0x00, 0x00, 0x00, 0x8c, 0x02, 0x00, 0x00, 0xb7, // ................
	0x02, 0x00, 0x00, 0x8b, 0x02, 0x00, 0x00, 0x88, 0x00, 0x05, 0x00, 0x15, 0x00, 0x00, 0x00, 0x8d, // ................
	0x02, 0x00, 0x00, 0x87, 0x02, 0x00, 0x00, 0x8c, 0x02, 0x00, 0x00, 0x0c, 0x00, 0x07, 0x00, 0x15, // ................
	0x00, 0x00, 0x00, 0x90, 0x02, 0x00, 0x00, 0x01, 0x00, 0x00, 0x00, 0x1a, 0x00, 0x00, 0x00, 0x8d, // ................
	0x02, 0x00, 0x00, 0xb8, 0x02, 0x00, 0x00, 0xf9, 0x00, 0x02, 0x00, 0x10, 0x02, 0x00, 0x00, 0xf8, // ................
	0x00, 0x02, 0x00, 0x10, 0x02, 0x00, 0x00, 0xf5, 0x00, 0x07, 0x00, 0x15, 0x00, 0x00, 0x00, 0xc1, // ................
	0x02, 0x00, 0x00, 0xb4, 0x02, 0x00, 0x00, 0x03, 0x02, 0x00, 0x00, 0x90, 0x02, 0x00, 0x00, 0x06, // ................
	0x02, 0x00, 0x00, 0xf9, 0x00, 0x02, 0x00, 0x11, 0x02, 0x00, 0x00, 0xf8, 0x00, 0x02, 0x00, 0x00, // ................
	0x02, 0x00, 0x00, 0x4f, 0x00, 0x08, 0x00, 0x15, 0x00, 0x00, 0x00, 0x02, 0x02, 0x00, 0x00, 0xb1, // ...O............
	0x01, 0x00, 0x00, 0xb1, 0x01, 0x00, 0x00, 0x00, 0x00, 0x00, 0x00, 0x01, 0x00, 0x00, 0x00, 0x02, // ................
	0x00, 0x00, 0x00, 0xf9, 0x00, 0x02, 0x00, 0x11, 0x02, 0x00, 0x00, 0xf8, 0x00, 0x02, 0x00, 0x11, // ................
	0x02, 0x00, 0x00, 0xf5, 0x00, 0x07, 0x00, 0x15, 0x00, 0x00, 0x00, 0xc0, 0x02, 0x00, 0x00, 0xc1, // ................
	0x02, 0x00, 0x00, 0x10, 0x02, 0x00, 0x00, 0x02, 0x02, 0x00, 0x00, 0x00, 0x02, 0x00, 0x00, 0xf9, // ................
	0x00, 0x02, 0x00, 0x12, 0x02, 0x00, 0x00, 0xf8, 0x00, 0x02, 0x00, 0xf6, 0x01, 0x00, 0x00, 0x4f, // ...............O
	0x00, 0x08, 0x00, 0x15, 0x00, 0x00, 0x00, 0xf8, 0x01, 0x00, 0x00, 0xb1, 0x01, 0x00, 0x00, 0xb1, // ................
	0x01, 0x00, 0x00, 0x00, 0x00, 0x00, 0x00, 0x01, 0x00, 0x00, 0x00, 0x02, 0x00, 0x00, 0x00, 0x0c, // ................
	0x00, 0x08, 0x00, 0x15, 0x00, 0x00, 0x00, 0xfb, 0x01, 0x00, 0x00, 0x01, 0x00, 0x00, 0x00, 0x2b, // ...............+
	0x00, 0x00, 0x00, 0xf8, 0x01, 0x00, 0x00, 0xb4, 0x02, 0x00, 0x00, 0xb7, 0x02, 0x00, 0x00, 0x51, // ...............Q
	0x00, 0x05, 0x00, 0x07, 0x00, 0x00, 0x00, 0x24, 0x02, 0x00, 0x00, 0xfb, 0x01, 0x00, 0x00, 0x00, // .......$........
	0x00, 0x00, 0x00, 0xf7, 0x00, 0x03, 0x00, 0x40, 0x02, 0x00, 0x00, 0x00, 0x00, 0x00, 0x00, 0xfb, // .......@........
	0x00, 0x03, 0x00, 0xa9, 0x00, 0x00, 0x00, 0x34, 0x02, 0x00, 0x00, 0xf8, 0x00, 0x02, 0x00, 0x34, // .......4.......4
	0x02, 0x00, 0x00, 0xbc, 0x00, 0x05, 0x00, 0x96, 0x00, 0x00, 0x00, 0x36, 0x02, 0x00, 0x00, 0x24, // ...........6...$
	0x02, 0x00, 0x00, 0x95, 0x00, 0x00, 0x00, 0xf7, 0x00, 0x03, 0x00, 0x3f, 0x02, 0x00, 0x00, 0x00, // ...........?....
	0x00, 0x00, 0x00, 0xfa, 0x00, 0x04, 0x00, 0x36, 0x02, 0x00, 0x00, 0x37, 0x02, 0x00, 0x00, 0x3a, // .......6...7...:
	0x02, 0x00, 0x00, 0xf8, 0x00, 0x02, 0x00, 0x3a, 0x02, 0x00, 0x00, 0x0c, 0x00, 0x07, 0x00, 0x07, // .......:........
	0x00, 0x00, 0x00, 0x3c, 0x02, 0x00, 0x00, 0x01, 0x00, 0x00, 0x00, 0x1a, 0x00, 0x00, 0x00, 0x24, // ...<...........$
	0x02, 0x00, 0x00, 0xa1, 0x00, 0x00, 0x00, 0x85, 0x00, 0x05, 0x00, 0x07, 0x00, 0x00, 0x00, 0x3d, // ...............=
	0x02, 0x00, 0x00, 0x9f, 0x00, 0x00, 0x00, 0x3c, 0x02, 0x00, 0x00, 0x83, 0x00, 0x05, 0x00, 0x07, // .......<........
	0x00, 0x00, 0x00, 0x3e, 0x02, 0x00, 0x00, 0x3d, 0x02, 0x00, 0x00, 0xa4, 0x00, 0x00, 0x00, 0xf9, // ...>...=........
	0x00, 0x02, 0x00, 0x40, 0x02, 0x00, 0x00, 0xf8, 0x00, 0x02, 0x00, 0x37, 0x02, 0x00, 0x00, 0x85, // ...@.......7....
	0x00, 0x05, 0x00, 0x07, 0x00, 0x00, 0x00, 0x39, 0x02, 0x00, 0x00, 0x9a, 0x00, 0x00, 0x00, 0x24, // .......9.......$
	0x02, 0x00, 0x00, 0xf9, 0x00, 0x02, 0x00, 0x40, 0x02, 0x00, 0x00, 0xf8, 0x00, 0x02, 0x00, 0x3f, // .......@.......?
	0x02, 0x00, 0x00, 0xff, 0x00, 0x01, 0x00, 0xf8, 0x00, 0x02, 0x00, 0x40, 0x02, 0x00, 0x00, 0xf5, // ...........@....
	0x00, 0x07, 0x00, 0x07, 0x00, 0x00, 0x00, 0xb9, 0x02, 0x00, 0x00, 0x3e, 0x02, 0x00, 0x00, 0x3a, // ...........>...:
	0x02, 0x00, 0x00, 0x39, 0x02, 0x00, 0x00, 0x37, 0x02, 0x00, 0x00, 0x51, 0x00, 0x05, 0x00, 0x07, // ...9...7...Q....
	0x00, 0x00, 0x00, 0x28, 0x02, 0x00, 0x00, 0xfb, 0x01, 0x00, 0x00, 0x01, 0x00, 0x00, 0x00, 0xf7, // ...(............
	0x00, 0x03, 0x00, 0x52, 0x02, 0x00, 0x00, 0x00, 0x00, 0x00, 0x00, 0xfb, 0x00, 0x03, 0x00, 0xa9, // ...R............
	0x00, 0x00, 0x00, 0x46, 0x02, 0x00, 0x00, 0xf8, 0x00, 0x02, 0x00, 0x46, 0x02, 0x00, 0x00, 0xbc, // ...F.......F....
	0x00, 0x05, 0x00, 0x96, 0x00, 0x00, 0x00, 0x48, 0x02, 0x00, 0x00, 0x28, 0x02, 0x00, 0x00, 0x95, // .......H...(....
	0x00, 0x00, 0x00, 0xf7, 0x00, 0x03, 0x00, 0x51, 0x02, 0x00, 0x00, 0x00, 0x00, 0x00, 0x00, 0xfa, // .......Q........
	0x00, 0x04, 0x00, 0x48, 0x02, 0x00, 0x00, 0x49, 0x02, 0x00, 0x00, 0x4c, 0x02, 0x00, 0x00, 0xf8, // ...H...I...L....
	0x00, 0x02, 0x00, 0x4c, 0x02, 0x00, 0x00, 0x0c, 0x00, 0x07, 0x00, 0x07, 0x00, 0x00, 0x00, 0x4e, // ...L...........N
	0x02, 0x00, 0x00, 0x01, 0x00, 0x00, 0x00, 0x1a, 0x00, 0x00, 0x00, 0x28, 0x02, 0x00, 0x00, 0xa1, // ...........(....
	0x00, 0x00, 0x00, 0x85, 0x00, 0x05, 0x00, 0x07, 0x00, 0x00, 0x00, 0x4f, 0x02, 0x00, 0x00, 0x9f, // ...........O....
	0x00, 0x00, 0x00, 0x4e, 0x02, 0x00, 0x00, 0x83, 0x00, 0x05, 0x00, 0x07, 0x00, 0x00, 0x00, 0x50, // ...N...........P
	0x02, 0x00, 0x00, 0x4f, 0x02, 0x00, 0x00, 0xa4, 0x00, 0x00, 0x00, 0xf9, 0x00, 0x02, 0x00, 0x52, // ...O...........R
	0x02, 0x00, 0x00, 0xf8, 0x00, 0x02, 0x00, 0x49, 0x02, 0x00, 0x00, 0x85, 0x00, 0x05, 0x00, 0x07, // .......I........
	0x00, 0x00, 0x00, 0x4b, 0x02, 0x00, 0x00, 0x9a, 0x00, 0x00, 0x00, 0x28, 0x02, 0x00, 0x00, 0xf9, // ...K.......(....
	0x00, 0x02, 0x00, 0x52, 0x02, 0x00, 0x00, 0xf8, 0x00, 0x02, 0x00, 0x51, 0x02, 0x00, 0x00, 0xff, // ...R.......Q....
	0x00, 0x01, 0x00, 0xf8, 0x00, 0x02, 0x00, 0x52, 0x02, 0x00, 0x00, 0xf5, 0x00, 0x07, 0x00, 0x07, // .......R........
	0x00, 0x00, 0x00, 0xbb, 0x02, 0x00, 0x00, 0x50, 0x02, 0x00, 0x00, 0x4c, 0x02, 0x00, 0x00, 0x4b, // .......P...L...K
	0x02, 0x00, 0x00, 0x49, 0x02, 0x00, 0x00, 0x51, 0x00, 0x05, 0x00, 0x07, 0x00, 0x00, 0x00, 0x2c, // ...I...Q.......,
	0x02, 0x00, 0x00, 0xfb, 0x01, 0x00, 0x00, 0x02, 0x00, 0x00, 0x00, 0xf7, 0x00, 0x03, 0x00, 0x64, // ...............d
	0x02, 0x00, 0x00, 0x00, 0x00, 0x00, 0x00, 0xfb, 0x00, 0x03, 0x00, 0xa9, 0x00, 0x00, 0x00, 0x58, // ...............X
	0x02, 0x00, 0x00, 0xf8, 0x00, 0x02, 0x00, 0x58, 0x02, 0x00, 0x00, 0xbc, 0x00, 0x05, 0x00, 0x96, // .......X........
	0x00, 0x00, 0x00, 0x5a, 0x02, 0x00, 0x00, 0x2c, 0x02, 0x00, 0x00, 0x95, 0x00, 0x00, 0x00, 0xf7, // ...Z...,........
	0x00, 0x03, 0x00, 0x63, 0x02, 0x00, 0x00, 0x00, 0x00, 0x00, 0x00, 0xfa, 0x00, 0x04, 0x00, 0x5a, // ...c...........Z
	0x02, 0x00, 0x00, 0x5b, 0x02, 0x00, 0x00, 0x5e, 0x02, 0x00, 0x00, 0xf8, 0x00, 0x02, 0x00, 0x5e, // ...[...^.......^
	0x02, 0x00, 0x00, 0x0c, 0x00, 0x07, 0x00, 0x07, 0x00, 0x00, 0x00, 0x60, 0x02, 0x00, 0x00, 0x01, // ...........`....
	0x00, 0x00, 0x00, 0x1a, 0x00, 0x00, 0x00, 0x2c, 0x02, 0x00, 0x00, 0xa1, 0x00, 0x00, 0x00, 0x85, // .......,........
	0x00, 0x05, 0x00, 0x07, 0x00, 0x00, 0x00, 0x61, 0x02, 0x00, 0x00, 0x9f, 0x00, 0x00, 0x00, 0x60, // .......a.......`
	0x02, 0x00, 0x00, 0x83, 0x00, 0x05, 0x00, 0x07, 0x00, 0x00, 0x00, 0x62, 0x02, 0x00, 0x00, 0x61, // ...........b...a
	0x02, 0x00, 0x00, 0xa4, 0x00, 0x00, 0x00, 0xf9, 0x00, 0x02, 0x00, 0x64, 0x02, 0x00, 0x00, 0xf8, // ...........d....
	0x00, 0x02, 0x00, 0x5b, 0x02, 0x00, 0x00, 0x85, 0x00, 0x05, 0x00, 0x07, 0x00, 0x00, 0x00, 0x5d, // ...[...........]
	0x02, 0x00, 0x00, 0x9a, 0x00, 0x00, 0x00, 0x2c, 0x02, 0x00, 0x00, 0xf9, 0x00, 0x02, 0x00, 0x64, // .......,.......d
	0x02, 0x00, 0x00, 0xf8, 0x00, 0x02, 0x00, 0x63, 0x02, 0x00, 0x00, 0xff, 0x00, 0x01, 0x00, 0xf8, // .......c........
	0x00, 0x02, 0x00, 0x64, 0x02, 0x00, 0x00, 0xf5, 0x00, 0x07, 0x00, 0x07, 0x00, 0x00, 0x00, 0xbd, // ...d............
	0x02, 0x00, 0x00, 0x62, 0x02, 0x00, 0x00, 0x5e, 0x02, 0x00, 0x00, 0x5d, 0x02, 0x00, 0x00, 0x5b, // ...b...^...]...[
	0x02, 0x00, 0x00, 0x50, 0x00, 0x06, 0x00, 0x15, 0x00, 0x00, 0x00, 0xc2, 0x02, 0x00, 0x00, 0xb9, // ...P............
	0x02, 0x00, 0x00, 0xbb, 0x02, 0x00, 0x00, 0xbd, 0x02, 0x00, 0x00, 0xf9, 0x00, 0x02, 0x00, 0x12, // ................
	0x02, 0x00, 0x00, 0xf8, 0x00, 0x02, 0x00, 0x12, 0x02, 0x00, 0x00, 0xf5, 0x00, 0x07, 0x00, 0x15, // ................
	0x00, 0x00, 0x00, 0xbf, 0x02, 0x00, 0x00, 0xc0, 0x02, 0x00, 0x00, 0x11, 0x02, 0x00, 0x00, 0xc2, // ................
	0x02, 0x00, 0x00, 0x64, 0x02, 0x00, 0x00, 0x51, 0x00, 0x05, 0x00, 0x07, 0x00, 0x00, 0x00, 0x15, // ...d...Q........
	0x02, 0x00, 0x00, 0xb1, 0x01, 0x00, 0x00, 0x03, 0x00, 0x00, 0x00, 0x51, 0x00, 0x05, 0x00, 0x07, // ...........Q....
	0x00, 0x00, 0x00, 0x16, 0x02, 0x00, 0x00, 0xbf, 0x02, 0x00, 0x00, 0x00, 0x00, 0x00, 0x00, 0x51, // ...............Q
	0x00, 0x05, 0x00, 0x07, 0x00, 0x00, 0x00, 0x17, 0x02, 0x00, 0x00, 0xbf, 0x02, 0x00, 0x00, 0x01, // ................
	0x00, 0x00, 0x00, 0x51, 0x00, 0x05, 0x00, 0x07, 0x00, 0x00, 0x00, 0x18, 0x02, 0x00, 0x00, 0xbf, // ...Q............
	0x02, 0x00, 0x00, 0x02, 0x00, 0x00, 0x00, 0x50, 0x00, 0x07, 0x00, 0x0e, 0x00, 0x00, 0x00, 0x19, // .......P........
	0x02, 0x00, 0x00, 0x16, 0x02, 0x00, 0x00, 0x17, 0x02, 0x00, 0x00, 0x18, 0x02, 0x00, 0x00, 0x15, // ................
	0x02, 0x00, 0x00, 0x3e, 0x00, 0x03, 0x00, 0x78, 0x01, 0x00, 0x00, 0x19, 0x02, 0x00, 0x00, 0xfd, // ...>...x........
	0x00, 0x01, 0x00, 0x38, 0x00, 0x01, 0x00, 0x00, 0x00, 0x20, 0x00,                               // ...8..... .
};
static const uint8_t fs_texture_wgsl[3621] =
{
	0x46, 0x53, 0x48, 0x0c, 0x01, 0x83, 0xf2, 0xe1, 0x00, 0x00, 0x00, 0x00, 0x00, 0x00, 0x00, 0x00, // FSH.............
	0x00, 0x00, 0x00, 0x00, 0x03, 0x00, 0x09, 0x75, 0x5f, 0x70, 0x61, 0x72, 0x61, 0x6d, 0x73, 0x30, // .......u_params0
	0x12, 0x01, 0x00, 0x00, 0x01, 0x00, 0x00, 0x00, 0x00, 0x00, 0x09, 0x75, 0x5f, 0x70, 0x61, 0x72, // ...........u_par
	0x61, 0x6d, 0x73, 0x31, 0x12, 0x01, 0x10, 0x00, 0x01, 0x00, 0x00, 0x00, 0x00, 0x00, 0x0a, 0x73, // ams1...........s
	0x5f, 0x74, 0x65, 0x78, 0x43, 0x6f, 0x6c, 0x6f, 0x72, 0x30, 0x00, 0x02, 0x00, 0x00, 0x00, 0x00, // _texColor0......
	0x02, 0x29, 0x00, 0xc8, 0x0d, 0x00, 0x00, 0x64, 0x69, 0x61, 0x67, 0x6e, 0x6f, 0x73, 0x74, 0x69, // .).....diagnosti
	0x63, 0x28, 0x6f, 0x66, 0x66, 0x2c, 0x20, 0x64, 0x65, 0x72, 0x69, 0x76, 0x61, 0x74, 0x69, 0x76, // c(off, derivativ
	0x65, 0x5f, 0x75, 0x6e, 0x69, 0x66, 0x6f, 0x72, 0x6d, 0x69, 0x74, 0x79, 0x29, 0x3b, 0x0a, 0x64, // e_uniformity);.d
	0x69, 0x61, 0x67, 0x6e, 0x6f, 0x73, 0x74, 0x69, 0x63, 0x28, 0x6f, 0x66, 0x66, 0x2c, 0x20, 0x73, // iagnostic(off, s
	0x75, 0x62, 0x67, 0x72, 0x6f, 0x75, 0x70, 0x5f, 0x75, 0x6e, 0x69, 0x66, 0x6f, 0x72, 0x6d, 0x69, // ubgroup_uniformi
	0x74, 0x79, 0x29, 0x3b, 0x0a, 0x0a, 0x40, 0x67, 0x72, 0x6f, 0x75, 0x70, 0x28, 0x30, 0x75, 0x29, // ty);..@group(0u)
	0x20, 0x40, 0x62, 0x69, 0x6e, 0x64, 0x69, 0x6e, 0x67, 0x28, 0x31, 0x38, 0x75, 0x29, 0x20, 0x76, //  @binding(18u) v
	0x61, 0x72, 0x20, 0x73, 0x5f, 0x74, 0x65, 0x78, 0x43, 0x6f, 0x6c, 0x6f, 0x72, 0x53, 0x61, 0x6d, // ar s_texColorSam
	0x70, 0x6c, 0x65, 0x72, 0x20, 0x3a, 0x20, 0x73, 0x61, 0x6d, 0x70, 0x6c, 0x65, 0x72, 0x3b, 0x0a, // pler : sampler;.
	0x0a, 0x40, 0x67, 0x72, 0x6f, 0x75, 0x70, 0x28, 0x30, 0x75, 0x29, 0x20, 0x40, 0x62, 0x69, 0x6e, // .@group(0u) @bin
	0x64, 0x69, 0x6e, 0x67, 0x28, 0x32, 0x75, 0x29, 0x20, 0x76, 0x61, 0x72, 0x20, 0x73, 0x5f, 0x74, // ding(2u) var s_t
	0x65, 0x78, 0x43, 0x6f, 0x6c, 0x6f, 0x72, 0x54, 0x65, 0x78, 0x74, 0x75, 0x72, 0x65, 0x20, 0x3a, // exColorTexture :
	0x20, 0x74, 0x65, 0x78, 0x74, 0x75, 0x72, 0x65, 0x5f, 0x32, 0x64, 0x3c, 0x66, 0x33, 0x32, 0x3e, //  texture_2d<f32>
	0x3b, 0x0a, 0x0a, 0x73, 0x74, 0x72, 0x75, 0x63, 0x74, 0x20, 0x55, 0x6e, 0x69, 0x66, 0x6f, 0x72, // ;..struct Unifor
	0x6d, 0x42, 0x6c, 0x6f, 0x63, 0x6b, 0x20, 0x7b, 0x0a, 0x20, 0x20, 0x75, 0x5f, 0x70, 0x61, 0x72, // mBlock {.  u_par
	0x61, 0x6d, 0x73, 0x30, 0x20, 0x3a, 0x20, 0x76, 0x65, 0x63, 0x34, 0x3c, 0x66, 0x33, 0x32, 0x3e, // ams0 : vec4<f32>
	0x2c, 0x0a, 0x20, 0x20, 0x75, 0x5f, 0x70, 0x61, 0x72, 0x61, 0x6d, 0x73, 0x31, 0x20, 0x3a, 0x20, // ,.  u_params1 : 
	0x76, 0x65, 0x63, 0x34, 0x3c, 0x66, 0x33, 0x32, 0x3e, 0x2c, 0x0a, 0x7d, 0x0a, 0x0a, 0x40, 0x67, // vec4<f32>,.}..@g
	0x72, 0x6f, 0x75, 0x70, 0x28, 0x30, 0x75, 0x29, 0x20, 0x40, 0x62, 0x69, 0x6e, 0x64, 0x69, 0x6e, // roup(0u) @bindin
	0x67, 0x28, 0x31, 0x75, 0x29, 0x20, 0x76, 0x61, 0x72, 0x3c, 0x75, 0x6e, 0x69, 0x66, 0x6f, 0x72, // g(1u) var<unifor
	0x6d, 0x3e, 0x20, 0x76, 0x20, 0x3a, 0x20, 0x55, 0x6e, 0x69, 0x66, 0x6f, 0x72, 0x6d, 0x42, 0x6c, // m> v : UniformBl
	0x6f, 0x63, 0x6b, 0x3b, 0x0a, 0x0a, 0x76, 0x61, 0x72, 0x3c, 0x70, 0x72, 0x69, 0x76, 0x61, 0x74, // ock;..var<privat
	0x65, 0x3e, 0x20, 0x62, 0x67, 0x66, 0x78, 0x5f, 0x46, 0x72, 0x61, 0x67, 0x44, 0x61, 0x74, 0x61, // e> bgfx_FragData
	0x30, 0x20, 0x3a, 0x20, 0x76, 0x65, 0x63, 0x34, 0x3c, 0x66, 0x33, 0x32, 0x3e, 0x3b, 0x0a, 0x0a, // 0 : vec4<f32>;..
	0x66, 0x6e, 0x20, 0x6d, 0x61, 0x69, 0x6e, 0x5f, 0x69, 0x6e, 0x6e, 0x65, 0x72, 0x28, 0x76, 0x5f, // fn main_inner(v_
	0x63, 0x6f, 0x6c, 0x6f, 0x72, 0x30, 0x20, 0x3a, 0x20, 0x76, 0x65, 0x63, 0x34, 0x3c, 0x66, 0x33, // color0 : vec4<f3
	0x32, 0x3e, 0x2c, 0x20, 0x76, 0x5f, 0x74, 0x65, 0x78, 0x63, 0x6f, 0x6f, 0x72, 0x64, 0x30, 0x20, // 2>, v_texcoord0 
	0x3a, 0x20, 0x76, 0x65, 0x63, 0x33, 0x3c, 0x66, 0x33, 0x32, 0x3e, 0x29, 0x20, 0x7b, 0x0a, 0x20, // : vec3<f32>) {. 
	0x20, 0x6c, 0x65, 0x74, 0x20, 0x76, 0x5f, 0x31, 0x20, 0x3d, 0x20, 0x74, 0x65, 0x78, 0x74, 0x75, //  let v_1 = textu
	0x72, 0x65, 0x53, 0x61, 0x6d, 0x70, 0x6c, 0x65, 0x4c, 0x65, 0x76, 0x65, 0x6c, 0x28, 0x73, 0x5f, // reSampleLevel(s_
	0x74, 0x65, 0x78, 0x43, 0x6f, 0x6c, 0x6f, 0x72, 0x54, 0x65, 0x78, 0x74, 0x75, 0x72, 0x65, 0x2c, // texColorTexture,
	0x20, 0x73, 0x5f, 0x74, 0x65, 0x78, 0x43, 0x6f, 0x6c, 0x6f, 0x72, 0x53, 0x61, 0x6d, 0x70, 0x6c, //  s_texColorSampl
	0x65, 0x72, 0x2c, 0x20, 0x76, 0x5f, 0x74, 0x65, 0x78, 0x63, 0x6f, 0x6f, 0x72, 0x64, 0x30, 0x2e, // er, v_texcoord0.
	0x78, 0x79, 0x2c, 0x20, 0x76, 0x2e, 0x75, 0x5f, 0x70, 0x61, 0x72, 0x61, 0x6d, 0x73, 0x30, 0x2e, // xy, v.u_params0.
	0x78, 0x29, 0x3b, 0x0a, 0x20, 0x20, 0x6c, 0x65, 0x74, 0x20, 0x76, 0x5f, 0x32, 0x20, 0x3d, 0x20, // x);.  let v_2 = 
	0x76, 0x5f, 0x31, 0x2e, 0x78, 0x79, 0x7a, 0x3b, 0x0a, 0x20, 0x20, 0x6c, 0x65, 0x74, 0x20, 0x76, // v_1.xyz;.  let v
	0x5f, 0x33, 0x20, 0x3d, 0x20, 0x70, 0x6f, 0x77, 0x28, 0x61, 0x62, 0x73, 0x28, 0x76, 0x5f, 0x32, // _3 = pow(abs(v_2
	0x29, 0x2c, 0x20, 0x76, 0x65, 0x63, 0x33, 0x3c, 0x66, 0x33, 0x32, 0x3e, 0x28, 0x32, 0x2e, 0x32, // ), vec3<f32>(2.2
	0x30, 0x30, 0x30, 0x30, 0x30, 0x30, 0x34, 0x37, 0x36, 0x38, 0x33, 0x37, 0x31, 0x35, 0x38, 0x32, // 0000004768371582
	0x30, 0x33, 0x31, 0x66, 0x29, 0x29, 0x3b, 0x0a, 0x20, 0x20, 0x6c, 0x65, 0x74, 0x20, 0x76, 0x5f, // 031f));.  let v_
	0x34, 0x20, 0x3d, 0x20, 0x76, 0x2e, 0x75, 0x5f, 0x70, 0x61, 0x72, 0x61, 0x6d, 0x73, 0x30, 0x2e, // 4 = v.u_params0.
	0x7a, 0x3b, 0x0a, 0x20, 0x20, 0x6c, 0x65, 0x74, 0x20, 0x76, 0x5f, 0x35, 0x20, 0x3d, 0x20, 0x28, // z;.  let v_5 = (
	0x6d, 0x69, 0x78, 0x28, 0x76, 0x5f, 0x33, 0x2c, 0x20, 0x76, 0x5f, 0x32, 0x2c, 0x20, 0x76, 0x65, // mix(v_3, v_2, ve
	0x63, 0x33, 0x3c, 0x66, 0x33, 0x32, 0x3e, 0x28, 0x76, 0x5f, 0x34, 0x2c, 0x20, 0x76, 0x5f, 0x34, // c3<f32>(v_4, v_4
	0x2c, 0x20, 0x76, 0x5f, 0x34, 0x29, 0x29, 0x20, 0x2a, 0x20, 0x70, 0x6f, 0x77, 0x28, 0x32, 0x2e, // , v_4)) * pow(2.
	0x30, 0x66, 0x2c, 0x20, 0x76, 0x2e, 0x75, 0x5f, 0x70, 0x61, 0x72, 0x61, 0x6d, 0x73, 0x30, 0x2e, // 0f, v.u_params0.
	0x77, 0x29, 0x29, 0x3b, 0x0a, 0x20, 0x20, 0x76, 0x61, 0x72, 0x20, 0x76, 0x5f, 0x36, 0x20, 0x3a, // w));.  var v_6 :
	0x20, 0x76, 0x65, 0x63, 0x34, 0x3c, 0x66, 0x33, 0x32, 0x3e, 0x20, 0x3d, 0x20, 0x76, 0x5f, 0x31, //  vec4<f32> = v_1
	0x3b, 0x0a, 0x20, 0x20, 0x76, 0x5f, 0x36, 0x2e, 0x78, 0x20, 0x3d, 0x20, 0x76, 0x5f, 0x35, 0x2e, // ;.  v_6.x = v_5.
	0x78, 0x3b, 0x0a, 0x20, 0x20, 0x76, 0x61, 0x72, 0x20, 0x76, 0x5f, 0x37, 0x20, 0x3a, 0x20, 0x76, // x;.  var v_7 : v
	0x65, 0x63, 0x34, 0x3c, 0x66, 0x33, 0x32, 0x3e, 0x20, 0x3d, 0x20, 0x76, 0x5f, 0x36, 0x3b, 0x0a, // ec4<f32> = v_6;.
	0x20, 0x20, 0x76, 0x5f, 0x37, 0x2e, 0x79, 0x20, 0x3d, 0x20, 0x76, 0x5f, 0x35, 0x2e, 0x79, 0x3b, //   v_7.y = v_5.y;
	0x0a, 0x20, 0x20, 0x76, 0x61, 0x72, 0x20, 0x76, 0x5f, 0x38, 0x20, 0x3a, 0x20, 0x76, 0x65, 0x63, // .  var v_8 : vec
	0x34, 0x3c, 0x66, 0x33, 0x32, 0x3e, 0x20, 0x3d, 0x20, 0x76, 0x5f, 0x37, 0x3b, 0x0a, 0x20, 0x20, // 4<f32> = v_7;.  
	0x76, 0x5f, 0x38, 0x2e, 0x7a, 0x20, 0x3d, 0x20, 0x76, 0x5f, 0x35, 0x2e, 0x7a, 0x3b, 0x0a, 0x20, // v_8.z = v_5.z;. 
	0x20, 0x6c, 0x65, 0x74, 0x20, 0x76, 0x5f, 0x39, 0x20, 0x3d, 0x20, 0x28, 0x76, 0x5f, 0x38, 0x20, //  let v_9 = (v_8 
	0x2a, 0x20, 0x76, 0x5f, 0x63, 0x6f, 0x6c, 0x6f, 0x72, 0x30, 0x29, 0x3b, 0x0a, 0x20, 0x20, 0x6c, // * v_color0);.  l
	0x65, 0x74, 0x20, 0x76, 0x5f, 0x31, 0x30, 0x20, 0x3d, 0x20, 0x76, 0x2e, 0x75, 0x5f, 0x70, 0x61, // et v_10 = v.u_pa
	0x72, 0x61, 0x6d, 0x73, 0x31, 0x2e, 0x78, 0x3b, 0x0a, 0x20, 0x20, 0x6c, 0x65, 0x74, 0x20, 0x76, // rams1.x;.  let v
	0x5f, 0x31, 0x31, 0x20, 0x3d, 0x20, 0x76, 0x2e, 0x75, 0x5f, 0x70, 0x61, 0x72, 0x61, 0x6d, 0x73, // _11 = v.u_params
	0x31, 0x2e, 0x79, 0x3b, 0x0a, 0x20, 0x20, 0x76, 0x61, 0x72, 0x20, 0x76, 0x5f, 0x31, 0x32, 0x20, // 1.y;.  var v_12 
	0x3a, 0x20, 0x76, 0x65, 0x63, 0x33, 0x3c, 0x66, 0x33, 0x32, 0x3e, 0x3b, 0x0a, 0x20, 0x20, 0x69, // : vec3<f32>;.  i
	0x66, 0x20, 0x28, 0x28, 0x76, 0x5f, 0x31, 0x30, 0x20, 0x3c, 0x20, 0x30, 0x2e, 0x35, 0x66, 0x29, // f ((v_10 < 0.5f)
	0x29, 0x20, 0x7b, 0x0a, 0x20, 0x20, 0x20, 0x20, 0x6c, 0x65, 0x74, 0x20, 0x76, 0x5f, 0x31, 0x33, // ) {.    let v_13
	0x20, 0x3d, 0x20, 0x63, 0x6c, 0x61, 0x6d, 0x70, 0x28, 0x76, 0x5f, 0x39, 0x2e, 0x78, 0x79, 0x7a, //  = clamp(v_9.xyz
	0x2c, 0x20, 0x76, 0x65, 0x63, 0x33, 0x3c, 0x66, 0x33, 0x32, 0x3e, 0x28, 0x29, 0x2c, 0x20, 0x76, // , vec3<f32>(), v
	0x65, 0x63, 0x33, 0x3c, 0x66, 0x33, 0x32, 0x3e, 0x28, 0x31, 0x2e, 0x30, 0x66, 0x29, 0x29, 0x3b, // ec3<f32>(1.0f));
	0x0a, 0x20, 0x20, 0x20, 0x20, 0x6c, 0x65, 0x74, 0x20, 0x76, 0x5f, 0x31, 0x34, 0x20, 0x3d, 0x20, // .    let v_14 = 
	0x76, 0x5f, 0x31, 0x33, 0x2e, 0x78, 0x3b, 0x0a, 0x20, 0x20, 0x20, 0x20, 0x76, 0x61, 0x72, 0x20, // v_13.x;.    var 
	0x76, 0x5f, 0x31, 0x35, 0x20, 0x3a, 0x20, 0x66, 0x33, 0x32, 0x3b, 0x0a, 0x20, 0x20, 0x20, 0x20, // v_15 : f32;.    
	0x73, 0x77, 0x69, 0x74, 0x63, 0x68, 0x28, 0x30, 0x75, 0x29, 0x20, 0x7b, 0x0a, 0x20, 0x20, 0x20, // switch(0u) {.   
	0x20, 0x20, 0x20, 0x64, 0x65, 0x66, 0x61, 0x75, 0x6c, 0x74, 0x3a, 0x20, 0x7b, 0x0a, 0x20, 0x20, //    default: {.  
	0x20, 0x20, 0x20, 0x20, 0x20, 0x20, 0x69, 0x66, 0x20, 0x28, 0x28, 0x76, 0x5f, 0x31, 0x34, 0x20, //       if ((v_14 
	0x3c, 0x3d, 0x20, 0x30, 0x2e, 0x30, 0x30, 0x33, 0x31, 0x33, 0x30, 0x38, 0x30, 0x30, 0x30, 0x39, // <= 0.00313080009
	0x30, 0x37, 0x33, 0x30, 0x31, 0x39, 0x30, 0x32, 0x38, 0x66, 0x29, 0x29, 0x20, 0x7b, 0x0a, 0x20, // 073019028f)) {. 
	0x20, 0x20, 0x20, 0x20, 0x20, 0x20, 0x20, 0x20, 0x20, 0x76, 0x5f, 0x31, 0x35, 0x20, 0x3d, 0x20, //          v_15 = 
	0x28, 0x31, 0x32, 0x2e, 0x39, 0x32, 0x30, 0x30, 0x30, 0x30, 0x30, 0x37, 0x36, 0x32, 0x39, 0x33, // (12.920000076293
	0x39, 0x34, 0x35, 0x33, 0x31, 0x32, 0x35, 0x66, 0x20, 0x2a, 0x20, 0x76, 0x5f, 0x31, 0x34, 0x29, // 9453125f * v_14)
	0x3b, 0x0a, 0x20, 0x20, 0x20, 0x20, 0x20, 0x20, 0x20, 0x20, 0x20, 0x20, 0x62, 0x72, 0x65, 0x61, // ;.          brea
	0x6b, 0x3b, 0x0a, 0x20, 0x20, 0x20, 0x20, 0x20, 0x20, 0x20, 0x20, 0x7d, 0x20, 0x65, 0x6c, 0x73, // k;.        } els
	0x65, 0x20, 0x7b, 0x0a, 0x20, 0x20, 0x20, 0x20, 0x20, 0x20, 0x20, 0x20, 0x20, 0x20, 0x76, 0x5f, // e {.          v_
	0x31, 0x35, 0x20, 0x3d, 0x20, 0x28, 0x28, 0x31, 0x2e, 0x30, 0x35, 0x34, 0x39, 0x39, 0x39, 0x39, // 15 = ((1.0549999
	0x34, 0x37, 0x35, 0x34, 0x37, 0x39, 0x31, 0x32, 0x35, 0x39, 0x37, 0x36, 0x36, 0x66, 0x20, 0x2a, // 4754791259766f *
	0x20, 0x70, 0x6f, 0x77, 0x28, 0x76, 0x5f, 0x31, 0x34, 0x2c, 0x20, 0x30, 0x2e, 0x34, 0x31, 0x36, //  pow(v_14, 0.416
	0x36, 0x36, 0x36, 0x36, 0x35, 0x36, 0x37, 0x33, 0x32, 0x35, 0x35, 0x39, 0x32, 0x30, 0x34, 0x31, // 6666567325592041
	0x66, 0x29, 0x29, 0x20, 0x2d, 0x20, 0x30, 0x2e, 0x30, 0x35, 0x34, 0x39, 0x39, 0x39, 0x39, 0x39, // f)) - 0.05499999
	0x39, 0x37, 0x30, 0x31, 0x39, 0x37, 0x36, 0x37, 0x37, 0x36, 0x31, 0x32, 0x66, 0x29, 0x3b, 0x0a, // 970197677612f);.
	0x20, 0x20, 0x20, 0x20, 0x20, 0x20, 0x20, 0x20, 0x20, 0x20, 0x62, 0x72, 0x65, 0x61, 0x6b, 0x3b, //           break;
	0x0a, 0x20, 0x20, 0x20, 0x20, 0x20, 0x20, 0x20, 0x20, 0x7d, 0x0a, 0x20, 0x20, 0x20, 0x20, 0x20, // .        }.     
	0x20, 0x7d, 0x0a, 0x20, 0x20, 0x20, 0x20, 0x7d, 0x0a, 0x20, 0x20, 0x20, 0x20, 0x6c, 0x65, 0x74, //  }.    }.    let
	0x20, 0x76, 0x5f, 0x31, 0x36, 0x20, 0x3d, 0x20, 0x76, 0x5f, 0x31, 0x35, 0x3b, 0x0a, 0x20, 0x20, //  v_16 = v_15;.  
	0x20, 0x20, 0x6c, 0x65, 0x74, 0x20, 0x76, 0x5f, 0x31, 0x37, 0x20, 0x3d, 0x20, 0x76, 0x5f, 0x31, //   let v_17 = v_1
	0x33, 0x2e, 0x79, 0x3b, 0x0a, 0x20, 0x20, 0x20, 0x20, 0x76, 0x61, 0x72, 0x20, 0x76, 0x5f, 0x31, // 3.y;.    var v_1
	0x38, 0x20, 0x3a, 0x20, 0x66, 0x33, 0x32, 0x3b, 0x0a, 0x20, 0x20, 0x20, 0x20, 0x73, 0x77, 0x69, // 8 : f32;.    swi
	0x74, 0x63, 0x68, 0x28, 0x30, 0x75, 0x29, 0x20, 0x7b, 0x0a, 0x20, 0x20, 0x20, 0x20, 0x20, 0x20, // tch(0u) {.      
	0x64, 0x65, 0x66, 0x61, 0x75, 0x6c, 0x74, 0x3a, 0x20, 0x7b, 0x0a, 0x20, 0x20, 0x20, 0x20, 0x20, // default: {.     
	0x20, 0x20, 0x20, 0x69, 0x66, 0x20, 0x28, 0x28, 0x76, 0x5f, 0x31, 0x37, 0x20, 0x3c, 0x3d, 0x20, //    if ((v_17 <= 
	0x30, 0x2e, 0x30, 0x30, 0x33, 0x31, 0x33, 0x30, 0x38, 0x30, 0x30, 0x30, 0x39, 0x30, 0x37, 0x33, // 0.00313080009073
	0x30, 0x31, 0x39, 0x30, 0x32, 0x38, 0x66, 0x29, 0x29, 0x20, 0x7b, 0x0a, 0x20, 0x20, 0x20, 0x20, // 019028f)) {.    
	0x20, 0x20, 0x20, 0x20, 0x20, 0x20, 0x76, 0x5f, 0x31, 0x38, 0x20, 0x3d, 0x20, 0x28, 0x31, 0x32, //       v_18 = (12
	0x2e, 0x39, 0x32, 0x30, 0x30, 0x30, 0x30, 0x30, 0x37, 0x36, 0x32, 0x39, 0x33, 0x39, 0x34, 0x35, // .920000076293945
	0x33, 0x31, 0x32, 0x35, 0x66, 0x20, 0x2a, 0x20, 0x76, 0x5f, 0x31, 0x37, 0x29, 0x3b, 0x0a, 0x20, // 3125f * v_17);. 
	0x20, 0x20, 0x20, 0x20, 0x20, 0x20, 0x20, 0x20, 0x20, 0x62, 0x72, 0x65, 0x61, 0x6b, 0x3b, 0x0a, //          break;.
	0x20, 0x20, 0x20, 0x20, 0x20, 0x20, 0x20, 0x20, 0x7d, 0x20, 0x65, 0x6c, 0x73, 0x65, 0x20, 0x7b, //         } else {
	0x0a, 0x20, 0x20, 0x20, 0x20, 0x20, 0x20, 0x20, 0x20, 0x20, 0x20, 0x76, 0x5f, 0x31, 0x38, 0x20, // .          v_18 
	0x3d, 0x20, 0x28, 0x28, 0x31, 0x2e, 0x30, 0x35, 0x34, 0x39, 0x39, 0x39, 0x39, 0x34, 0x37, 0x35, // = ((1.0549999475
	0x34, 0x37, 0x39, 0x31, 0x32, 0x35, 0x39, 0x37, 0x36, 0x36, 0x66, 0x20, 0x2a, 0x20, 0x70, 0x6f, // 4791259766f * po
	0x77, 0x28, 0x76, 0x5f, 0x31, 0x37, 0x2c, 0x20, 0x30, 0x2e, 0x34, 0x31, 0x36, 0x36, 0x36, 0x36, // w(v_17, 0.416666
	0x36, 0x35, 0x36, 0x37, 0x33, 0x32, 0x35, 0x35, 0x39, 0x32, 0x30, 0x34, 0x31, 0x66, 0x29, 0x29, // 6567325592041f))
	0x20, 0x2d, 0x20, 0x30, 0x2e, 0x30, 0x35, 0x34, 0x39, 0x39, 0x39, 0x39, 0x39, 0x39, 0x37, 0x30, //  - 0.05499999970
	0x31, 0x39, 0x37, 0x36, 0x37, 0x37, 0x36, 0x31, 0x32, 0x66, 0x29, 0x3b, 0x0a, 0x20, 0x20, 0x20, // 197677612f);.   
	0x20, 0x20, 0x20, 0x20, 0x20, 0x20, 0x20, 0x62, 0x72, 0x65, 0x61, 0x6b, 0x3b, 0x0a, 0x20, 0x20, //        break;.  
	0x20, 0x20, 0x20, 0x20, 0x20, 0x20, 0x7d, 0x0a, 0x20, 0x20, 0x20, 0x20, 0x20, 0x20, 0x7d, 0x0a, //       }.      }.
	0x20, 0x20, 0x20, 0x20, 0x7d, 0x0a, 0x20, 0x20, 0x20, 0x20, 0x6c, 0x65, 0x74, 0x20, 0x76, 0x5f, //     }.    let v_
	0x31, 0x39, 0x20, 0x3d, 0x20, 0x76, 0x5f, 0x31, 0x38, 0x3b, 0x0a, 0x20, 0x20, 0x20, 0x20, 0x6c, // 19 = v_18;.    l
	0x65, 0x74, 0x20, 0x76, 0x5f, 0x32, 0x30, 0x20, 0x3d, 0x20, 0x76, 0x5f, 0x31, 0x33, 0x2e, 0x7a, // et v_20 = v_13.z
	0x3b, 0x0a, 0x20, 0x20, 0x20, 0x20, 0x76, 0x61, 0x72, 0x20, 0x76, 0x5f, 0x32, 0x31, 0x20, 0x3a, // ;.    var v_21 :
	0x20, 0x66, 0x33, 0x32, 0x3b, 0x0a, 0x20, 0x20, 0x20, 0x20, 0x73, 0x77, 0x69, 0x74, 0x63, 0x68, //  f32;.    switch
	0x28, 0x30, 0x75, 0x29, 0x20, 0x7b, 0x0a, 0x20, 0x20, 0x20, 0x20, 0x20, 0x20, 0x64, 0x65, 0x66, // (0u) {.      def
	0x61, 0x75, 0x6c, 0x74, 0x3a, 0x20, 0x7b, 0x0a, 0x20, 0x20, 0x20, 0x20, 0x20, 0x20, 0x20, 0x20, // ault: {.        
	0x69, 0x66, 0x20, 0x28, 0x28, 0x76, 0x5f, 0x32, 0x30, 0x20, 0x3c, 0x3d, 0x20, 0x30, 0x2e, 0x30, // if ((v_20 <= 0.0
	0x30, 0x33, 0x31, 0x33, 0x30, 0x38, 0x30, 0x30, 0x30, 0x39, 0x30, 0x37, 0x33, 0x30, 0x31, 0x39, // 0313080009073019
	0x30, 0x32, 0x38, 0x66, 0x29, 0x29, 0x20, 0x7b, 0x0a, 0x20, 0x20, 0x20, 0x20, 0x20, 0x20, 0x20, // 028f)) {.       
	0x20, 0x20, 0x20, 0x76, 0x5f, 0x32, 0x31, 0x20, 0x3d, 0x20, 0x28, 0x31, 0x32, 0x2e, 0x39, 0x32, //    v_21 = (12.92
	0x30, 0x30, 0x30, 0x30, 0x30, 0x37, 0x36, 0x32, 0x39, 0x33, 0x39, 0x34, 0x35, 0x33, 0x31, 0x32, // 0000076293945312
	0x35, 0x66, 0x20, 0x2a, 0x20, 0x76, 0x5f, 0x32, 0x30, 0x29, 0x3b, 0x0a, 0x20, 0x20, 0x20, 0x20, // 5f * v_20);.    
	0x20, 0x20, 0x20, 0x20, 0x20, 0x20, 0x62, 0x72, 0x65, 0x61, 0x6b, 0x3b, 0x0a, 0x20, 0x20, 0x20, //       break;.   
	0x20, 0x20, 0x20, 0x20, 0x20, 0x7d, 0x20, 0x65, 0x6c, 0x73, 0x65, 0x20, 0x7b, 0x0a, 0x20, 0x20, //      } else {.  
	0x20, 0x20, 0x20, 0x20, 0x20, 0x20, 0x20, 0x20, 0x76, 0x5f, 0x32, 0x31, 0x20, 0x3d, 0x20, 0x28, //         v_21 = (
	0x28, 0x31, 0x2e, 0x30, 0x35, 0x34, 0x39, 0x39, 0x39, 0x39, 0x34, 0x37, 0x35, 0x34, 0x37, 0x39, // (1.0549999475479
	0x31, 0x32, 0x35, 0x39, 0x37, 0x36, 0x36, 0x66, 0x20, 0x2a, 0x20, 0x70, 0x6f, 0x77, 0x28, 0x76, // 1259766f * pow(v
	0x5f, 0x32, 0x30, 0x2c, 0x20, 0x30, 0x2e, 0x34, 0x31, 0x36, 0x36, 0x36, 0x36, 0x36, 0x35, 0x36, // _20, 0.416666656
	0x37, 0x33, 0x32, 0x35, 0x35, 0x39, 0x32, 0x30, 0x34, 0x31, 0x66, 0x29, 0x29, 0x20, 0x2d, 0x20, // 7325592041f)) - 
	0x30, 0x2e, 0x30, 0x35, 0x34, 0x39, 0x39, 0x39, 0x39, 0x39, 0x39, 0x37, 0x30, 0x31, 0x39, 0x37, // 0.05499999970197
	0x36, 0x37, 0x37, 0x36, 0x31, 0x32, 0x66, 0x29, 0x3b, 0x0a, 0x20, 0x20, 0x20, 0x20, 0x20, 0x20, // 677612f);.      
	0x20, 0x20, 0x20, 0x20, 0x62, 0x72, 0x65, 0x61, 0x6b, 0x3b, 0x0a, 0x20, 0x20, 0x20, 0x20, 0x20, //     break;.     
	0x20, 0x20, 0x20, 0x7d, 0x0a, 0x20, 0x20, 0x20, 0x20, 0x20, 0x20, 0x7d, 0x0a, 0x20, 0x20, 0x20, //    }.      }.   
	0x20, 0x7d, 0x0a, 0x20, 0x20, 0x20, 0x20, 0x76, 0x5f, 0x31, 0x32, 0x20, 0x3d, 0x20, 0x76, 0x65, //  }.    v_12 = ve
	0x63, 0x33, 0x3c, 0x66, 0x33, 0x32, 0x3e, 0x28, 0x76, 0x5f, 0x31, 0x36, 0x2c, 0x20, 0x76, 0x5f, // c3<f32>(v_16, v_
	0x31, 0x39, 0x2c, 0x20, 0x76, 0x5f, 0x32, 0x31, 0x29, 0x3b, 0x0a, 0x20, 0x20, 0x7d, 0x20, 0x65, // 19, v_21);.  } e
	0x6c, 0x73, 0x65, 0x20, 0x7b, 0x0a, 0x20, 0x20, 0x20, 0x20, 0x76, 0x61, 0x72, 0x20, 0x76, 0x5f, // lse {.    var v_
	0x32, 0x32, 0x20, 0x3a, 0x20, 0x76, 0x65, 0x63, 0x33, 0x3c, 0x66, 0x33, 0x32, 0x3e, 0x3b, 0x0a, // 22 : vec3<f32>;.
	0x20, 0x20, 0x20, 0x20, 0x69, 0x66, 0x20, 0x28, 0x28, 0x76, 0x5f, 0x31, 0x30, 0x20, 0x3c, 0x20, //     if ((v_10 < 
	0x31, 0x2e, 0x35, 0x66, 0x29, 0x29, 0x20, 0x7b, 0x0a, 0x20, 0x20, 0x20, 0x20, 0x20, 0x20, 0x76, // 1.5f)) {.      v
	0x5f, 0x32, 0x32, 0x20, 0x3d, 0x20, 0x76, 0x5f, 0x39, 0x2e, 0x78, 0x79, 0x7a, 0x3b, 0x0a, 0x20, // _22 = v_9.xyz;. 
	0x20, 0x20, 0x20, 0x7d, 0x20, 0x65, 0x6c, 0x73, 0x65, 0x20, 0x7b, 0x0a, 0x20, 0x20, 0x20, 0x20, //    } else {.    
	0x20, 0x20, 0x76, 0x61, 0x72, 0x20, 0x76, 0x5f, 0x32, 0x33, 0x20, 0x3a, 0x20, 0x76, 0x65, 0x63, //   var v_23 : vec
	0x33, 0x3c, 0x66, 0x33, 0x32, 0x3e, 0x3b, 0x0a, 0x20, 0x20, 0x20, 0x20, 0x20, 0x20, 0x69, 0x66, // 3<f32>;.      if
	0x20, 0x28, 0x28, 0x76, 0x5f, 0x31, 0x30, 0x20, 0x3c, 0x20, 0x32, 0x2e, 0x35, 0x66, 0x29, 0x29, //  ((v_10 < 2.5f))
	0x20, 0x7b, 0x0a, 0x20, 0x20, 0x20, 0x20, 0x20, 0x20, 0x20, 0x20, 0x6c, 0x65, 0x74, 0x20, 0x76, //  {.        let v
	0x5f, 0x32, 0x34, 0x20, 0x3d, 0x20, 0x70, 0x6f, 0x77, 0x28, 0x28, 0x28, 0x28, 0x28, 0x76, 0x5f, // _24 = pow(((((v_
	0x39, 0x2e, 0x78, 0x79, 0x7a, 0x20, 0x2a, 0x20, 0x6d, 0x61, 0x74, 0x33, 0x78, 0x33, 0x3c, 0x66, // 9.xyz * mat3x3<f
	0x33, 0x32, 0x3e, 0x28, 0x76, 0x65, 0x63, 0x33, 0x3c, 0x66, 0x33, 0x32, 0x3e, 0x28, 0x30, 0x2e, // 32>(vec3<f32>(0.
	0x34, 0x31, 0x32, 0x35, 0x35, 0x36, 0x34, 0x30, 0x39, 0x38, 0x33, 0x35, 0x38, 0x31, 0x35, 0x34, // 4125564098358154
	0x32, 0x39, 0x36, 0x39, 0x66, 0x2c, 0x20, 0x30, 0x2e, 0x33, 0x35, 0x37, 0x35, 0x37, 0x36, 0x31, // 2969f, 0.3575761
	0x30, 0x32, 0x30, 0x31, 0x38, 0x33, 0x35, 0x36, 0x33, 0x32, 0x33, 0x32, 0x34, 0x66, 0x2c, 0x20, // 0201835632324f, 
	0x30, 0x2e, 0x31, 0x38, 0x30, 0x34, 0x33, 0x37, 0x35, 0x30, 0x35, 0x32, 0x34, 0x35, 0x32, 0x30, // 0.18043750524520
	0x38, 0x37, 0x34, 0x30, 0x32, 0x33, 0x66, 0x29, 0x2c, 0x20, 0x76, 0x65, 0x63, 0x33, 0x3c, 0x66, // 874023f), vec3<f
	0x33, 0x32, 0x3e, 0x28, 0x30, 0x2e, 0x32, 0x31, 0x32, 0x36, 0x37, 0x32, 0x39, 0x30, 0x34, 0x31, // 32>(0.2126729041
	0x33, 0x33, 0x37, 0x39, 0x36, 0x36, 0x39, 0x31, 0x38, 0x39, 0x66, 0x2c, 0x20, 0x30, 0x2e, 0x37, // 3379669189f, 0.7
	0x31, 0x35, 0x31, 0x35, 0x32, 0x32, 0x30, 0x34, 0x30, 0x33, 0x36, 0x37, 0x31, 0x32, 0x36, 0x34, // 1515220403671264
	0x36, 0x34, 0x38, 0x66, 0x2c, 0x20, 0x30, 0x2e, 0x30, 0x37, 0x32, 0x31, 0x37, 0x35, 0x30, 0x30, // 648f, 0.07217500
	0x33, 0x35, 0x38, 0x38, 0x31, 0x39, 0x39, 0x36, 0x31, 0x35, 0x34, 0x38, 0x66, 0x29, 0x2c, 0x20, // 358819961548f), 
	0x76, 0x65, 0x63, 0x33, 0x3c, 0x66, 0x33, 0x32, 0x3e, 0x28, 0x30, 0x2e, 0x30, 0x31, 0x39, 0x33, // vec3<f32>(0.0193
	0x33, 0x33, 0x39, 0x30, 0x30, 0x38, 0x38, 0x33, 0x37, 0x39, 0x33, 0x38, 0x33, 0x30, 0x38, 0x37, // 3390088379383087
	0x66, 0x2c, 0x20, 0x30, 0x2e, 0x31, 0x31, 0x39, 0x31, 0x39, 0x31, 0x39, 0x39, 0x36, 0x37, 0x35, // f, 0.11919199675
	0x33, 0x32, 0x31, 0x35, 0x37, 0x38, 0x39, 0x37, 0x39, 0x66, 0x2c, 0x20, 0x30, 0x2e, 0x39, 0x35, // 321578979f, 0.95
	0x30, 0x33, 0x30, 0x34, 0x30, 0x39, 0x30, 0x39, 0x37, 0x36, 0x37, 0x31, 0x35, 0x30, 0x38, 0x37, // 0304090976715087
	0x38, 0x39, 0x66, 0x29, 0x29, 0x29, 0x20, 0x2a, 0x20, 0x6d, 0x61, 0x74, 0x33, 0x78, 0x33, 0x3c, // 89f))) * mat3x3<
	0x66, 0x33, 0x32, 0x3e, 0x28, 0x76, 0x65, 0x63, 0x33, 0x3c, 0x66, 0x33, 0x32, 0x3e, 0x28, 0x31, // f32>(vec3<f32>(1
	0x2e, 0x37, 0x31, 0x36, 0x36, 0x35, 0x31, 0x32, 0x30, 0x31, 0x32, 0x34, 0x38, 0x31, 0x36, 0x38, // .716651201248168
	0x39, 0x34, 0x35, 0x33, 0x31, 0x66, 0x2c, 0x20, 0x2d, 0x30, 0x2e, 0x33, 0x35, 0x35, 0x36, 0x37, // 94531f, -0.35567
	0x30, 0x38, 0x30, 0x39, 0x37, 0x34, 0x35, 0x37, 0x38, 0x38, 0x35, 0x37, 0x34, 0x32, 0x32, 0x66, // 080974578857422f
	0x2c, 0x20, 0x2d, 0x30, 0x2e, 0x32, 0x35, 0x33, 0x33, 0x36, 0x36, 0x32, 0x39, 0x31, 0x35, 0x32, // , -0.25336629152
	0x32, 0x39, 0x37, 0x39, 0x37, 0x33, 0x36, 0x33, 0x33, 0x66, 0x29, 0x2c, 0x20, 0x76, 0x65, 0x63, // 297973633f), vec
	0x33, 0x3c, 0x66, 0x33, 0x32, 0x3e, 0x28, 0x2d, 0x30, 0x2e, 0x36, 0x36, 0x36, 0x36, 0x38, 0x34, // 3<f32>(-0.666684
	0x33, 0x38, 0x39, 0x31, 0x31, 0x34, 0x33, 0x37, 0x39, 0x38, 0x38, 0x32, 0x38, 0x31, 0x66, 0x2c, // 38911437988281f,
	0x20, 0x31, 0x2e, 0x36, 0x31, 0x36, 0x34, 0x38, 0x31, 0x31, 0x38, 0x34, 0x39, 0x35, 0x39, 0x34, //  1.6164811849594
	0x31, 0x31, 0x36, 0x32, 0x31, 0x30, 0x39, 0x66, 0x2c, 0x20, 0x30, 0x2e, 0x30, 0x31, 0x35, 0x37, // 1162109f, 0.0157
	0x36, 0x38, 0x35, 0x30, 0x30, 0x30, 0x34, 0x34, 0x39, 0x34, 0x31, 0x39, 0x30, 0x32, 0x31, 0x36, // 6850004494190216
	0x66, 0x29, 0x2c, 0x20, 0x76, 0x65, 0x63, 0x33, 0x3c, 0x66, 0x33, 0x32, 0x3e, 0x28, 0x30, 0x2e, // f), vec3<f32>(0.
	0x30, 0x31, 0x37, 0x36, 0x33, 0x39, 0x38, 0x39, 0x39, 0x36, 0x32, 0x36, 0x33, 0x37, 0x34, 0x32, // 0176398996263742
	0x34, 0x34, 0x36, 0x39, 0x66, 0x2c, 0x20, 0x2d, 0x30, 0x2e, 0x30, 0x34, 0x32, 0x37, 0x37, 0x30, // 4469f, -0.042770
	0x36, 0x30, 0x31, 0x38, 0x30, 0x39, 0x30, 0x32, 0x34, 0x38, 0x31, 0x30, 0x37, 0x39, 0x66, 0x2c, // 60180902481079f,
	0x20, 0x30, 0x2e, 0x39, 0x34, 0x32, 0x31, 0x30, 0x33, 0x30, 0x38, 0x37, 0x39, 0x30, 0x32, 0x30, //  0.9421030879020
	0x36, 0x39, 0x30, 0x39, 0x31, 0x38, 0x66, 0x29, 0x29, 0x29, 0x20, 0x2a, 0x20, 0x76, 0x5f, 0x31, // 690918f))) * v_1
	0x31, 0x29, 0x20, 0x2a, 0x20, 0x30, 0x2e, 0x30, 0x30, 0x30, 0x30, 0x39, 0x39, 0x39, 0x39, 0x39, // 1) * 0.000099999
	0x39, 0x39, 0x37, 0x34, 0x37, 0x33, 0x37, 0x38, 0x37, 0x35, 0x32, 0x66, 0x29, 0x2c, 0x20, 0x76, // 99747378752f), v
	0x65, 0x63, 0x33, 0x3c, 0x66, 0x33, 0x32, 0x3e, 0x28, 0x30, 0x2e, 0x31, 0x35, 0x39, 0x33, 0x30, // ec3<f32>(0.15930
	0x31, 0x37, 0x35, 0x37, 0x38, 0x31, 0x32, 0x35, 0x66, 0x29, 0x29, 0x3b, 0x0a, 0x20, 0x20, 0x20, // 17578125f));.   
	0x20, 0x20, 0x20, 0x20, 0x20, 0x76, 0x5f, 0x32, 0x33, 0x20, 0x3d, 0x20, 0x70, 0x6f, 0x77, 0x28, //      v_23 = pow(
	0x28, 0x28, 0x76, 0x65, 0x63, 0x33, 0x3c, 0x66, 0x33, 0x32, 0x3e, 0x28, 0x30, 0x2e, 0x38, 0x33, // ((vec3<f32>(0.83
	0x35, 0x39, 0x33, 0x37, 0x35, 0x66, 0x29, 0x20, 0x2b, 0x20, 0x28, 0x76, 0x5f, 0x32, 0x34, 0x20, // 59375f) + (v_24 
	0x2a, 0x20, 0x31, 0x38, 0x2e, 0x38, 0x35, 0x31, 0x35, 0x36, 0x32, 0x35, 0x66, 0x29, 0x29, 0x20, // * 18.8515625f)) 
	0x2f, 0x20, 0x28, 0x76, 0x65, 0x63, 0x33, 0x3c, 0x66, 0x33, 0x32, 0x3e, 0x28, 0x31, 0x2e, 0x30, // / (vec3<f32>(1.0
	0x66, 0x29, 0x20, 0x2b, 0x20, 0x28, 0x76, 0x5f, 0x32, 0x34, 0x20, 0x2a, 0x20, 0x31, 0x38, 0x2e, // f) + (v_24 * 18.
	0x36, 0x38, 0x37, 0x35, 0x66, 0x29, 0x29, 0x29, 0x2c, 0x20, 0x76, 0x65, 0x63, 0x33, 0x3c, 0x66, // 6875f))), vec3<f
	0x33, 0x32, 0x3e, 0x28, 0x37, 0x38, 0x2e, 0x38, 0x34, 0x33, 0x37, 0x35, 0x66, 0x29, 0x29, 0x3b, // 32>(78.84375f));
	0x0a, 0x20, 0x20, 0x20, 0x20, 0x20, 0x20, 0x7d, 0x20, 0x65, 0x6c, 0x73, 0x65, 0x20, 0x7b, 0x0a, // .      } else {.
	0x20, 0x20, 0x20, 0x20, 0x20, 0x20, 0x20, 0x20, 0x76, 0x5f, 0x32, 0x33, 0x20, 0x3d, 0x20, 0x76, //         v_23 = v
	0x65, 0x63, 0x33, 0x3c, 0x66, 0x33, 0x32, 0x3e, 0x28, 0x29, 0x3b, 0x0a, 0x20, 0x20, 0x20, 0x20, // ec3<f32>();.    
	0x20, 0x20, 0x7d, 0x0a, 0x20, 0x20, 0x20, 0x20, 0x20, 0x20, 0x76, 0x5f, 0x32, 0x32, 0x20, 0x3d, //   }.      v_22 =
	0x20, 0x76, 0x5f, 0x32, 0x33, 0x3b, 0x0a, 0x20, 0x20, 0x20, 0x20, 0x7d, 0x0a, 0x20, 0x20, 0x20, //  v_23;.    }.   
	0x20, 0x76, 0x5f, 0x31, 0x32, 0x20, 0x3d, 0x20, 0x76, 0x5f, 0x32, 0x32, 0x3b, 0x0a, 0x20, 0x20, //  v_12 = v_22;.  
	0x7d, 0x0a, 0x20, 0x20, 0x6c, 0x65, 0x74, 0x20, 0x76, 0x5f, 0x32, 0x35, 0x20, 0x3d, 0x20, 0x76, // }.  let v_25 = v
	0x5f, 0x31, 0x32, 0x3b, 0x0a, 0x20, 0x20, 0x62, 0x67, 0x66, 0x78, 0x5f, 0x46, 0x72, 0x61, 0x67, // _12;.  bgfx_Frag
	0x44, 0x61, 0x74, 0x61, 0x30, 0x20, 0x3d, 0x20, 0x76, 0x65, 0x63, 0x34, 0x3c, 0x66, 0x33, 0x32, // Data0 = vec4<f32
	0x3e, 0x28, 0x76, 0x5f, 0x32, 0x35, 0x2e, 0x78, 0x2c, 0x20, 0x76, 0x5f, 0x32, 0x35, 0x2e, 0x79, // >(v_25.x, v_25.y
	0x2c, 0x20, 0x76, 0x5f, 0x32, 0x35, 0x2e, 0x7a, 0x2c, 0x20, 0x76, 0x5f, 0x39, 0x2e, 0x77, 0x29, // , v_25.z, v_9.w)
	0x3b, 0x0a, 0x7d, 0x0a, 0x0a, 0x40, 0x66, 0x72, 0x61, 0x67, 0x6d, 0x65, 0x6e, 0x74, 0x0a, 0x66, // ;.}..@fragment.f
	0x6e, 0x20, 0x6d, 0x61, 0x69, 0x6e, 0x28, 0x40, 0x6c, 0x6f, 0x63, 0x61, 0x74, 0x69, 0x6f, 0x6e, // n main(@location
	0x28, 0x30, 0x75, 0x29, 0x20, 0x76, 0x5f, 0x63, 0x6f, 0x6c, 0x6f, 0x72, 0x30, 0x20, 0x3a, 0x20, // (0u) v_color0 : 
	0x76, 0x65, 0x63, 0x34, 0x3c, 0x66, 0x33, 0x32, 0x3e, 0x2c, 0x20, 0x40, 0x6c, 0x6f, 0x63, 0x61, // vec4<f32>, @loca
	0x74, 0x69, 0x6f, 0x6e, 0x28, 0x31, 0x75, 0x29, 0x20, 0x76, 0x5f, 0x74, 0x65, 0x78, 0x63, 0x6f, // tion(1u) v_texco
	0x6f, 0x72, 0x64, 0x30, 0x20, 0x3a, 0x20, 0x76, 0x65, 0x63, 0x33, 0x3c, 0x66, 0x33, 0x32, 0x3e, // ord0 : vec3<f32>
	0x29, 0x20, 0x2d, 0x3e, 0x20, 0x40, 0x6c, 0x6f, 0x63, 0x61, 0x74, 0x69, 0x6f, 0x6e, 0x28, 0x30, // ) -> @location(0
	0x75, 0x29, 0x20, 0x76, 0x65, 0x63, 0x34, 0x3c, 0x66, 0x33, 0x32, 0x3e, 0x20, 0x7b, 0x0a, 0x20, // u) vec4<f32> {. 
	0x20, 0x6d, 0x61, 0x69, 0x6e, 0x5f, 0x69, 0x6e, 0x6e, 0x65, 0x72, 0x28, 0x76, 0x5f, 0x63, 0x6f, //  main_inner(v_co
	0x6c, 0x6f, 0x72, 0x30, 0x2c, 0x20, 0x76, 0x5f, 0x74, 0x65, 0x78, 0x63, 0x6f, 0x6f, 0x72, 0x64, // lor0, v_texcoord
	0x30, 0x29, 0x3b, 0x0a, 0x20, 0x20, 0x72, 0x65, 0x74, 0x75, 0x72, 0x6e, 0x20, 0x62, 0x67, 0x66, // 0);.  return bgf
	0x78, 0x5f, 0x46, 0x72, 0x61, 0x67, 0x44, 0x61, 0x74, 0x61, 0x30, 0x3b, 0x0a, 0x7d, 0x0a, 0x00, // x_FragData0;.}..
	0x00, 0x20, 0x00, 0x20, 0x00,                                                                   // . . .
};
static const uint8_t fs_texture_dxbc[1783] =
{
	0x46, 0x53, 0x48, 0x0c, 0x01, 0x83, 0xf2, 0xe1, 0x00, 0x00, 0x00, 0x00, 0x00, 0x00, 0x00, 0x00, // FSH.............
	0x00, 0x00, 0x00, 0x00, 0x03, 0x00, 0x09, 0x75, 0x5f, 0x70, 0x61, 0x72, 0x61, 0x6d, 0x73, 0x30, // .......u_params0
	0x12, 0x00, 0x00, 0x00, 0x01, 0x00, 0x00, 0x00, 0x00, 0x00, 0x09, 0x75, 0x5f, 0x70, 0x61, 0x72, // ...........u_par
	0x61, 0x6d, 0x73, 0x31, 0x12, 0x00, 0x10, 0x00, 0x01, 0x00, 0x00, 0x00, 0x00, 0x00, 0x0a, 0x73, // ams1...........s
	0x5f, 0x74, 0x65, 0x78, 0x43, 0x6f, 0x6c, 0x6f, 0x72, 0x30, 0x01, 0x00, 0x00, 0x01, 0x00, 0x00, // _texColor0......
	0x02, 0x00, 0x00, 0x9c, 0x06, 0x00, 0x00, 0x44, 0x58, 0x42, 0x43, 0x4f, 0xe2, 0x4c, 0xcb, 0xf2, // .......DXBCO.L..
	0x57, 0x0d, 0x89, 0x4f, 0xdc, 0x8c, 0xbf, 0x27, 0x3d, 0xdf, 0x6d, 0x01, 0x00, 0x00, 0x00, 0x9c, // W..O...'=.m.....
	0x06, 0x00, 0x00, 0x03, 0x00, 0x00, 0x00, 0x2c, 0x00, 0x00, 0x00, 0xa0, 0x00, 0x00, 0x00, 0xd4, // .......,........
	0x00, 0x00, 0x00, 0x49, 0x53, 0x47, 0x4e, 0x6c, 0x00, 0x00, 0x00, 0x03, 0x00, 0x00, 0x00, 0x08, // ...ISGNl........
	0x00, 0x00, 0x00, 0x50, 0x00, 0x00, 0x00, 0x00, 0x00, 0x00, 0x00, 0x01, 0x00, 0x00, 0x00, 0x03, // ...P............
	0x00, 0x00, 0x00, 0x00, 0x00, 0x00, 0x00, 0x0f, 0x00, 0x00, 0x00, 0x5c, 0x00, 0x00, 0x00, 0x00, // ................
	0x00, 0x00, 0x00, 0x00, 0x00, 0x00, 0x00, 0x03, 0x00, 0x00, 0x00, 0x01, 0x00, 0x00, 0x00, 0x0f, // ................
	0x0f, 0x00, 0x00, 0x62, 0x00, 0x00, 0x00, 0x00, 0x00, 0x00, 0x00, 0x00, 0x00, 0x00, 0x00, 0x03, // ...b............
	0x00, 0x00, 0x00, 0x02, 0x00, 0x00, 0x00, 0x07, 0x03, 0x00, 0x00, 0x53, 0x56, 0x5f, 0x50, 0x4f, // ...........SV_PO
	0x53, 0x49, 0x54, 0x49, 0x4f, 0x4e, 0x00, 0x43, 0x4f, 0x4c, 0x4f, 0x52, 0x00, 0x54, 0x45, 0x58, // SITION.COLOR.TEX
	0x43, 0x4f, 0x4f, 0x52, 0x44, 0x00, 0xab, 0x4f, 0x53, 0x47, 0x4e, 0x2c, 0x00, 0x00, 0x00, 0x01, // COORD..OSGN,....
	0x00, 0x00, 0x00, 0x08, 0x00, 0x00, 0x00, 0x20, 0x00, 0x00, 0x00, 0x00, 0x00, 0x00, 0x00, 0x00, // ....... ........
	0x00, 0x00, 0x00, 0x03, 0x00, 0x00, 0x00, 0x00, 0x00, 0x00, 0x00, 0x0f, 0x00, 0x00, 0x00, 0x53, // ...............S
	0x56, 0x5f, 0x54, 0x41, 0x52, 0x47, 0x45, 0x54, 0x00, 0xab, 0xab, 0x53, 0x48, 0x45, 0x58, 0xc0, // V_TARGET...SHEX.
	0x05, 0x00, 0x00, 0x50, 0x00, 0x00, 0x00, 0x70, 0x01, 0x00, 0x00, 0x6a, 0x08, 0x00, 0x01, 0x59, // ...P...p...j...Y
	0x00, 0x00, 0x04, 0x46, 0x8e, 0x20, 0x00, 0x00, 0x00, 0x00, 0x00, 0x02, 0x00, 0x00, 0x00, 0x5a, // ...F. .........Z
	0x00, 0x00, 0x03, 0x00, 0x60, 0x10, 0x00, 0x00, 0x00, 0x00, 0x00, 0x58, 0x18, 0x00, 0x04, 0x00, // ....`......X....
	0x70, 0x10, 0x00, 0x00, 0x00, 0x00, 0x00, 0x55, 0x55, 0x00, 0x00, 0x62, 0x10, 0x00, 0x03, 0xf2, // p......UU..b....
	0x10, 0x10, 0x00, 0x01, 0x00, 0x00, 0x00, 0x62, 0x10, 0x00, 0x03, 0x32, 0x10, 0x10, 0x00, 0x02, // .......b...2....
	0x00, 0x00, 0x00, 0x65, 0x00, 0x00, 0x03, 0xf2, 0x20, 0x10, 0x00, 0x00, 0x00, 0x00, 0x00, 0x68, // ...e.... ......h
	0x00, 0x00, 0x02, 0x04, 0x00, 0x00, 0x00, 0x48, 0x00, 0x00, 0x8e, 0xc2, 0x00, 0x00, 0x80, 0x43, // .......H.......C
	0x55, 0x15, 0x00, 0xf2, 0x00, 0x10, 0x00, 0x00, 0x00, 0x00, 0x00, 0x46, 0x10, 0x10, 0x00, 0x02, // U..........F....
	0x00, 0x00, 0x00, 0x46, 0x7e, 0x10, 0x00, 0x00, 0x00, 0x00, 0x00, 0x00, 0x60, 0x10, 0x00, 0x00, // ...F~.......`...
	0x00, 0x00, 0x00, 0x0a, 0x80, 0x20, 0x00, 0x00, 0x00, 0x00, 0x00, 0x00, 0x00, 0x00, 0x00, 0x2f, // ..... ........./
	0x00, 0x00, 0x06, 0x72, 0x00, 0x10, 0x00, 0x01, 0x00, 0x00, 0x00, 0x46, 0x02, 0x10, 0x80, 0x81, // ...r.......F....
	0x00, 0x00, 0x00, 0x00, 0x00, 0x00, 0x00, 0x38, 0x00, 0x00, 0x0a, 0x72, 0x00, 0x10, 0x00, 0x01, // .......8...r....
	0x00, 0x00, 0x00, 0x46, 0x02, 0x10, 0x00, 0x01, 0x00, 0x00, 0x00, 0x02, 0x40, 0x00, 0x00, 0xcd, // ...F........@...
	0xcc, 0x0c, 0x40, 0xcd, 0xcc, 0x0c, 0x40, 0xcd, 0xcc, 0x0c, 0x40, 0x00, 0x00, 0x00, 0x00, 0x19, // ..@...@...@.....
	0x00, 0x00, 0x05, 0x72, 0x00, 0x10, 0x00, 0x01, 0x00, 0x00, 0x00, 0x46, 0x02, 0x10, 0x00, 0x01, // ...r.......F....
	0x00, 0x00, 0x00, 0x00, 0x00, 0x00, 0x08, 0x72, 0x00, 0x10, 0x00, 0x02, 0x00, 0x00, 0x00, 0x46, // .......r.......F
	0x02, 0x10, 0x00, 0x00, 0x00, 0x00, 0x00, 0x46, 0x02, 0x10, 0x80, 0x41, 0x00, 0x00, 0x00, 0x01, // .......F...A....
	0x00, 0x00, 0x00, 0x32, 0x00, 0x00, 0x0a, 0x72, 0x00, 0x10, 0x00, 0x01, 0x00, 0x00, 0x00, 0xa6, // ...2...r........
	0x8a, 0x20, 0x00, 0x00, 0x00, 0x00, 0x00, 0x00, 0x00, 0x00, 0x00, 0x46, 0x02, 0x10, 0x00, 0x02, // . .........F....
	0x00, 0x00, 0x00, 0x46, 0x02, 0x10, 0x00, 0x01, 0x00, 0x00, 0x00, 0x19, 0x00, 0x00, 0x06, 0x82, // ...F............
	0x00, 0x10, 0x00, 0x01, 0x00, 0x00, 0x00, 0x3a, 0x80, 0x20, 0x00, 0x00, 0x00, 0x00, 0x00, 0x00, // .......:. ......
	0x00, 0x00, 0x00, 0x38, 0x00, 0x00, 0x07, 0x72, 0x00, 0x10, 0x00, 0x00, 0x00, 0x00, 0x00, 0xf6, // ...8...r........
	0x0f, 0x10, 0x00, 0x01, 0x00, 0x00, 0x00, 0x46, 0x02, 0x10, 0x00, 0x01, 0x00, 0x00, 0x00, 0x38, // .......F.......8
	0x00, 0x00, 0x07, 0xf2, 0x00, 0x10, 0x00, 0x00, 0x00, 0x00, 0x00, 0x46, 0x0e, 0x10, 0x00, 0x00, // ...........F....
	0x00, 0x00, 0x00, 0x46, 0x1e, 0x10, 0x00, 0x01, 0x00, 0x00, 0x00, 0x31, 0x00, 0x00, 0x08, 0x12, // ...F.......1....
	0x00, 0x10, 0x00, 0x01, 0x00, 0x00, 0x00, 0x0a, 0x80, 0x20, 0x00, 0x00, 0x00, 0x00, 0x00, 0x01, // ......... ......
	0x00, 0x00, 0x00, 0x01, 0x40, 0x00, 0x00, 0x00, 0x00, 0x00, 0x3f, 0x1f, 0x00, 0x04, 0x03, 0x0a, // ....@.....?.....
	0x00, 0x10, 0x00, 0x01, 0x00, 0x00, 0x00, 0x36, 0x20, 0x00, 0x05, 0x72, 0x00, 0x10, 0x00, 0x00, // .......6 ..r....
	0x00, 0x00, 0x00, 0x46, 0x02, 0x10, 0x00, 0x00, 0x00, 0x00, 0x00, 0x1d, 0x00, 0x00, 0x0a, 0x72, // ...F...........r
	0x00, 0x10, 0x00, 0x01, 0x00, 0x00, 0x00, 0x02, 0x40, 0x00, 0x00, 0x1c, 0x2e, 0x4d, 0x3b, 0x1c, // ........@....M;.
	0x2e, 0x4d, 0x3b, 0x1c, 0x2e, 0x4d, 0x3b, 0x00, 0x00, 0x00, 0x00, 0x46, 0x02, 0x10, 0x00, 0x00, // .M;..M;....F....
	0x00, 0x00, 0x00, 0x38, 0x00, 0x00, 0x0a, 0x72, 0x00, 0x10, 0x00, 0x02, 0x00, 0x00, 0x00, 0x46, // ...8...r.......F
	0x02, 0x10, 0x00, 0x00, 0x00, 0x00, 0x00, 0x02, 0x40, 0x00, 0x00, 0x52, 0xb8, 0x4e, 0x41, 0x52, // ........@..R.NAR
	0xb8, 0x4e, 0x41, 0x52, 0xb8, 0x4e, 0x41, 0x00, 0x00, 0x00, 0x00, 0x2f, 0x00, 0x00, 0x05, 0x72, // .NAR.NA..../...r
	0x00, 0x10, 0x00, 0x03, 0x00, 0x00, 0x00, 0x46, 0x02, 0x10, 0x00, 0x00, 0x00, 0x00, 0x00, 0x38, // .......F.......8
	0x00, 0x00, 0x0a, 0x72, 0x00, 0x10, 0x00, 0x03, 0x00, 0x00, 0x00, 0x46, 0x02, 0x10, 0x00, 0x03, // ...r.......F....
	0x00, 0x00, 0x00, 0x02, 0x40, 0x00, 0x00, 0x55, 0x55, 0xd5, 0x3e, 0x55, 0x55, 0xd5, 0x3e, 0x55, // ....@..UU.>UU.>U
	0x55, 0xd5, 0x3e, 0x00, 0x00, 0x00, 0x00, 0x19, 0x00, 0x00, 0x05, 0x72, 0x00, 0x10, 0x00, 0x03, // U.>........r....
	0x00, 0x00, 0x00, 0x46, 0x02, 0x10, 0x00, 0x03, 0x00, 0x00, 0x00, 0x32, 0x00, 0x00, 0x0f, 0x72, // ...F.......2...r
	0x00, 0x10, 0x00, 0x03, 0x00, 0x00, 0x00, 0x46, 0x02, 0x10, 0x00, 0x03, 0x00, 0x00, 0x00, 0x02, // .......F........
	0x40, 0x00, 0x00, 0x3d, 0x0a, 0x87, 0x3f, 0x3d, 0x0a, 0x87, 0x3f, 0x3d, 0x0a, 0x87, 0x3f, 0x00, // @..=..?=..?=..?.
	0x00, 0x00, 0x00, 0x02, 0x40, 0x00, 0x00, 0xae, 0x47, 0x61, 0xbd, 0xae, 0x47, 0x61, 0xbd, 0xae, // ....@...Ga..Ga..
	0x47, 0x61, 0xbd, 0x00, 0x00, 0x00, 0x00, 0x37, 0x00, 0x00, 0x09, 0x72, 0x00, 0x10, 0x00, 0x00, // Ga.....7...r....
	0x00, 0x00, 0x00, 0x46, 0x02, 0x10, 0x00, 0x01, 0x00, 0x00, 0x00, 0x46, 0x02, 0x10, 0x00, 0x02, // ...F.......F....
	0x00, 0x00, 0x00, 0x46, 0x02, 0x10, 0x00, 0x03, 0x00, 0x00, 0x00, 0x12, 0x00, 0x00, 0x01, 0x31, // ...F...........1
	0x00, 0x00, 0x0b, 0x32, 0x00, 0x10, 0x00, 0x01, 0x00, 0x00, 0x00, 0x06, 0x80, 0x20, 0x00, 0x00, // ...2......... ..
	0x00, 0x00, 0x00, 0x01, 0x00, 0x00, 0x00, 0x02, 0x40, 0x00, 0x00, 0x00, 0x00, 0xc0, 0x3f, 0x00, // ........@.....?.
	0x00, 0x20, 0x40, 0x00, 0x00, 0x00, 0x00, 0x00, 0x00, 0x00, 0x00, 0x10, 0x00, 0x00, 0x0a, 0x12, // . @.............
	0x00, 0x10, 0x00, 0x02, 0x00, 0x00, 0x00, 0x02, 0x40, 0x00, 0x00, 0x98, 0x3a, 0xd3, 0x3e, 0x37, // ........@...:.>7
	0x14, 0xb7, 0x3e, 0x9c, 0xc4, 0x38, 0x3e, 0x00, 0x00, 0x00, 0x00, 0x46, 0x02, 0x10, 0x00, 0x00, // ..>..8>....F....
	0x00, 0x00, 0x00, 0x10, 0x00, 0x00, 0x0a, 0x22, 0x00, 0x10, 0x00, 0x02, 0x00, 0x00, 0x00, 0x02, // ......."........
	0x40, 0x00, 0x00, 0xed, 0xc6, 0x59, 0x3e, 0x37, 0x14, 0x37, 0x3f, 0x7d, 0xd0, 0x93, 0x3d, 0x00, // @....Y>7.7?}..=.
	0x00, 0x00, 0x00, 0x46, 0x02, 0x10, 0x00, 0x00, 0x00, 0x00, 0x00, 0x10, 0x00, 0x00, 0x0a, 0x42, // ...F...........B
	0x00, 0x10, 0x00, 0x02, 0x00, 0x00, 0x00, 0x02, 0x40, 0x00, 0x00, 0x21, 0x62, 0x9e, 0x3c, 0xef, // ........@..!b.<.
	0x1a, 0xf4, 0x3d, 0x21, 0x47, 0x73, 0x3f, 0x00, 0x00, 0x00, 0x00, 0x46, 0x02, 0x10, 0x00, 0x00, // ..=!Gs?....F....
	0x00, 0x00, 0x00, 0x10, 0x00, 0x00, 0x0a, 0x12, 0x00, 0x10, 0x00, 0x03, 0x00, 0x00, 0x00, 0x02, // ................
	0x40, 0x00, 0x00, 0x3a, 0xbb, 0xdb, 0x3f, 0x7c, 0x1a, 0xb6, 0xbe, 0x3a, 0xb9, 0x81, 0xbe, 0x00, // @..:..?|...:....
	0x00, 0x00, 0x00, 0x46, 0x02, 0x10, 0x00, 0x02, 0x00, 0x00, 0x00, 0x10, 0x00, 0x00, 0x0a, 0x22, // ...F..........."
	0x00, 0x10, 0x00, 0x03, 0x00, 0x00, 0x00, 0x02, 0x40, 0x00, 0x00, 0xd4, 0xab, 0x2a, 0xbf, 0xdb, // ........@....*..
	0xe8, 0xce, 0x3f, 0xf1, 0x2c, 0x81, 0x3c, 0x00, 0x00, 0x00, 0x00, 0x46, 0x02, 0x10, 0x00, 0x02, // ..?.,.<....F....
	0x00, 0x00, 0x00, 0x10, 0x00, 0x00, 0x0a, 0x42, 0x00, 0x10, 0x00, 0x03, 0x00, 0x00, 0x00, 0x02, // .......B........
	0x40, 0x00, 0x00, 0x8d, 0x81, 0x90, 0x3c, 0x3a, 0x30, 0x2f, 0xbd, 0xab, 0x2d, 0x71, 0x3f, 0x00, // @.....<:0/..-q?.
	0x00, 0x00, 0x00, 0x46, 0x02, 0x10, 0x00, 0x02, 0x00, 0x00, 0x00, 0x38, 0x00, 0x00, 0x08, 0x72, // ...F.......8...r
	0x00, 0x10, 0x00, 0x02, 0x00, 0x00, 0x00, 0x46, 0x02, 0x10, 0x00, 0x03, 0x00, 0x00, 0x00, 0x56, // .......F.......V
	0x85, 0x20, 0x00, 0x00, 0x00, 0x00, 0x00, 0x01, 0x00, 0x00, 0x00, 0x38, 0x00, 0x00, 0x0a, 0x72, // . .........8...r
	0x00, 0x10, 0x00, 0x02, 0x00, 0x00, 0x00, 0x46, 0x02, 0x10, 0x00, 0x02, 0x00, 0x00, 0x00, 0x02, // .......F........
	0x40, 0x00, 0x00, 0x17, 0xb7, 0xd1, 0x38, 0x17, 0xb7, 0xd1, 0x38, 0x17, 0xb7, 0xd1, 0x38, 0x00, // @.....8...8...8.
	0x00, 0x00, 0x00, 0x2f, 0x00, 0x00, 0x05, 0x72, 0x00, 0x10, 0x00, 0x02, 0x00, 0x00, 0x00, 0x46, // .../...r.......F
	0x02, 0x10, 0x00, 0x02, 0x00, 0x00, 0x00, 0x38, 0x00, 0x00, 0x0a, 0x72, 0x00, 0x10, 0x00, 0x02, // .......8...r....
	0x00, 0x00, 0x00, 0x46, 0x02, 0x10, 0x00, 0x02, 0x00, 0x00, 0x00, 0x02, 0x40, 0x00, 0x00, 0x00, // ...F........@...
	0x20, 0x23, 0x3e, 0x00, 0x20, 0x23, 0x3e, 0x00, 0x20, 0x23, 0x3e, 0x00, 0x00, 0x00, 0x00, 0x19, //  #>. #>. #>.....
	0x00, 0x00, 0x05, 0x72, 0x00, 0x10, 0x00, 0x02, 0x00, 0x00, 0x00, 0x46, 0x02, 0x10, 0x00, 0x02, // ...r.......F....
	0x00, 0x00, 0x00, 0x32, 0x00, 0x00, 0x0f, 0x72, 0x00, 0x10, 0x00, 0x03, 0x00, 0x00, 0x00, 0x46, // ...2...r.......F
	0x02, 0x10, 0x00, 0x02, 0x00, 0x00, 0x00, 0x02, 0x40, 0x00, 0x00, 0x00, 0xd0, 0x96, 0x41, 0x00, // ........@.....A.
	0xd0, 0x96, 0x41, 0x00, 0xd0, 0x96, 0x41, 0x00, 0x00, 0x00, 0x00, 0x02, 0x40, 0x00, 0x00, 0x00, // ..A...A.....@...
	0x00, 0x56, 0x3f, 0x00, 0x00, 0x56, 0x3f, 0x00, 0x00, 0x56, 0x3f, 0x00, 0x00, 0x00, 0x00, 0x32, // .V?..V?..V?....2
	0x00, 0x00, 0x0f, 0x72, 0x00, 0x10, 0x00, 0x02, 0x00, 0x00, 0x00, 0x46, 0x02, 0x10, 0x00, 0x02, // ...r.......F....
	0x00, 0x00, 0x00, 0x02, 0x40, 0x00, 0x00, 0x00, 0x80, 0x95, 0x41, 0x00, 0x80, 0x95, 0x41, 0x00, // ....@.....A...A.
	0x80, 0x95, 0x41, 0x00, 0x00, 0x00, 0x00, 0x02, 0x40, 0x00, 0x00, 0x00, 0x00, 0x80, 0x3f, 0x00, // ..A.....@.....?.
	0x00, 0x80, 0x3f, 0x00, 0x00, 0x80, 0x3f, 0x00, 0x00, 0x00, 0x00, 0x0e, 0x00, 0x00, 0x07, 0x72, // ..?...?........r
	0x00, 0x10, 0x00, 0x02, 0x00, 0x00, 0x00, 0x46, 0x02, 0x10, 0x00, 0x03, 0x00, 0x00, 0x00, 0x46, // .......F.......F
	0x02, 0x10, 0x00, 0x02, 0x00, 0x00, 0x00, 0x2f, 0x00, 0x00, 0x05, 0x72, 0x00, 0x10, 0x00, 0x02, // ......./...r....
	0x00, 0x00, 0x00, 0x46, 0x02, 0x10, 0x00, 0x02, 0x00, 0x00, 0x00, 0x38, 0x00, 0x00, 0x0a, 0x72, // ...F.......8...r
	0x00, 0x10, 0x00, 0x02, 0x00, 0x00, 0x00, 0x46, 0x02, 0x10, 0x00, 0x02, 0x00, 0x00, 0x00, 0x02, // .......F........
	0x40, 0x00, 0x00, 0x00, 0xb0, 0x9d, 0x42, 0x00, 0xb0, 0x9d, 0x42, 0x00, 0xb0, 0x9d, 0x42, 0x00, // @.....B...B...B.
	0x00, 0x00, 0x00, 0x19, 0x00, 0x00, 0x05, 0x72, 0x00, 0x10, 0x00, 0x02, 0x00, 0x00, 0x00, 0x46, // .......r.......F
	0x02, 0x10, 0x00, 0x02, 0x00, 0x00, 0x00, 0x01, 0x00, 0x00, 0x07, 0xe2, 0x00, 0x10, 0x00, 0x01, // ................
	0x00, 0x00, 0x00, 0x56, 0x05, 0x10, 0x00, 0x01, 0x00, 0x00, 0x00, 0x06, 0x09, 0x10, 0x00, 0x02, // ...V............
	0x00, 0x00, 0x00, 0x37, 0x00, 0x00, 0x09, 0x72, 0x00, 0x10, 0x00, 0x00, 0x00, 0x00, 0x00, 0x06, // ...7...r........
	0x00, 0x10, 0x00, 0x01, 0x00, 0x00, 0x00, 0x46, 0x02, 0x10, 0x00, 0x00, 0x00, 0x00, 0x00, 0x96, // .......F........
	0x07, 0x10, 0x00, 0x01, 0x00, 0x00, 0x00, 0x15, 0x00, 0x00, 0x01, 0x36, 0x00, 0x00, 0x05, 0xf2, // ...........6....
	0x20, 0x10, 0x00, 0x00, 0x00, 0x00, 0x00, 0x46, 0x0e, 0x10, 0x00, 0x00, 0x00, 0x00, 0x00, 0x3e, //  ......F.......>
	0x00, 0x00, 0x01, 0x00, 0x00, 0x20, 0x00,                                                       // ..... .
};
static const uint8_t fs_texture_dxil[3947] =
{
	0x46, 0x53, 0x48, 0x0c, 0x01, 0x83, 0xf2, 0xe1, 0x00, 0x00, 0x00, 0x00, 0x00, 0x00, 0x00, 0x00, // FSH.............
	0x00, 0x00, 0x00, 0x00, 0x03, 0x00, 0x09, 0x75, 0x5f, 0x70, 0x61, 0x72, 0x61, 0x6d, 0x73, 0x30, // .......u_params0
	0x12, 0x00, 0x00, 0x00, 0x01, 0x00, 0x00, 0x00, 0x00, 0x00, 0x09, 0x75, 0x5f, 0x70, 0x61, 0x72, // ...........u_par
	0x61, 0x6d, 0x73, 0x31, 0x12, 0x00, 0x10, 0x00, 0x01, 0x00, 0x00, 0x00, 0x00, 0x00, 0x0a, 0x73, // ams1...........s
	0x5f, 0x74, 0x65, 0x78, 0x43, 0x6f, 0x6c, 0x6f, 0x72, 0x30, 0x01, 0x00, 0x00, 0x01, 0x00, 0x00, // _texColor0......
	0x02, 0x00, 0x00, 0x10, 0x0f, 0x00, 0x00, 0x44, 0x58, 0x42, 0x43, 0x42, 0x42, 0x8f, 0x8b, 0x79, // .......DXBCBB..y
	0x1e, 0x84, 0xcf, 0xa4, 0x9c, 0x34, 0xb0, 0xa3, 0x92, 0x74, 0xb0, 0x01, 0x00, 0x00, 0x00, 0x10, // .....4...t......
	0x0f, 0x00, 0x00, 0x07, 0x00, 0x00, 0x00, 0x3c, 0x00, 0x00, 0x00, 0x4c, 0x00, 0x00, 0x00, 0xd8, // .......<...L....
	0x00, 0x00, 0x00, 0x14, 0x01, 0x00, 0x00, 0x40, 0x02, 0x00, 0x00, 0x74, 0x02, 0x00, 0x00, 0x90, // .......@...t....
	0x02, 0x00, 0x00, 0x53, 0x46, 0x49, 0x30, 0x08, 0x00, 0x00, 0x00, 0x00, 0x00, 0x00, 0x00, 0x00, // ...SFI0.........
	0x00, 0x00, 0x00, 0x49, 0x53, 0x47, 0x31, 0x84, 0x00, 0x00, 0x00, 0x03, 0x00, 0x00, 0x00, 0x08, // ...ISG1.........
	0x00, 0x00, 0x00, 0x00, 0x00, 0x00, 0x00, 0x68, 0x00, 0x00, 0x00, 0x00, 0x00, 0x00, 0x00, 0x01, // .......h........
	0x00, 0x00, 0x00, 0x03, 0x00, 0x00, 0x00, 0x00, 0x00, 0x00, 0x00, 0x0f, 0x00, 0x00, 0x00, 0x00, // ................
	0x00, 0x00, 0x00, 0x00, 0x00, 0x00, 0x00, 0x74, 0x00, 0x00, 0x00, 0x00, 0x00, 0x00, 0x00, 0x00, // .......t........
	0x00, 0x00, 0x00, 0x03, 0x00, 0x00, 0x00, 0x01, 0x00, 0x00, 0x00, 0x0f, 0x0f, 0x00, 0x00, 0x00, // ................
	0x00, 0x00, 0x00, 0x00, 0x00, 0x00, 0x00, 0x7a, 0x00, 0x00, 0x00, 0x00, 0x00, 0x00, 0x00, 0x00, // .......z........
	0x00, 0x00, 0x00, 0x03, 0x00, 0x00, 0x00, 0x02, 0x00, 0x00, 0x00, 0x07, 0x03, 0x00, 0x00, 0x00, // ................
	0x00, 0x00, 0x00, 0x53, 0x56, 0x5f, 0x50, 0x6f, 0x73, 0x69, 0x74, 0x69, 0x6f, 0x6e, 0x00, 0x43, // ...SV_Position.C
	0x4f, 0x4c, 0x4f, 0x52, 0x00, 0x54, 0x45, 0x58, 0x43, 0x4f, 0x4f, 0x52, 0x44, 0x00, 0x00, 0x4f, // OLOR.TEXCOORD..O
	0x53, 0x47, 0x31, 0x34, 0x00, 0x00, 0x00, 0x01, 0x00, 0x00, 0x00, 0x08, 0x00, 0x00, 0x00, 0x00, // SG14............
	0x00, 0x00, 0x00, 0x28, 0x00, 0x00, 0x00, 0x00, 0x00, 0x00, 0x00, 0x40, 0x00, 0x00, 0x00, 0x03, // ...(.......@....
	0x00, 0x00, 0x00, 0x00, 0x00, 0x00, 0x00, 0x0f, 0x00, 0x00, 0x00, 0x00, 0x00, 0x00, 0x00, 0x53, // ...............S
	0x56, 0x5f, 0x54, 0x61, 0x72, 0x67, 0x65, 0x74, 0x00, 0x00, 0x00, 0x50, 0x53, 0x56, 0x30, 0x24, // V_Target...PSV0$
	0x01, 0x00, 0x00, 0x38, 0x00, 0x00, 0x00, 0x00, 0x00, 0x00, 0x00, 0x00, 0x00, 0x00, 0x00, 0x00, // ...8............
	0x00, 0x00, 0x00, 0x00, 0x00, 0x00, 0x00, 0x00, 0x00, 0x00, 0x00, 0xff, 0xff, 0xff, 0xff, 0x00, // ................
	0x00, 0x00, 0x00, 0x03, 0x01, 0x00, 0x03, 0x01, 0x00, 0x00, 0x00, 0x00, 0x00, 0x00, 0x00, 0x00, // ................
	0x00, 0x00, 0x00, 0x00, 0x00, 0x00, 0x00, 0x10, 0x00, 0x00, 0x00, 0x00, 0x00, 0x00, 0x00, 0x03, // ................
	0x00, 0x00, 0x00, 0x18, 0x00, 0x00, 0x00, 0x02, 0x00, 0x00, 0x00, 0x00, 0x00, 0x00, 0x00, 0x00, // ................
	0x00, 0x00, 0x00, 0x00, 0x00, 0x00, 0x00, 0x0d, 0x00, 0x00, 0x00, 0x00, 0x00, 0x00, 0x00, 0x01, // ................
	0x00, 0x00, 0x00, 0x00, 0x00, 0x00, 0x00, 0x00, 0x00, 0x00, 0x00, 0x00, 0x00, 0x00, 0x00, 0x0e, // ................
	0x00, 0x00, 0x00, 0x00, 0x00, 0x00, 0x00, 0x03, 0x00, 0x00, 0x00, 0x00, 0x00, 0x00, 0x00, 0x00, // ................
	0x00, 0x00, 0x00, 0x00, 0x00, 0x00, 0x00, 0x02, 0x00, 0x00, 0x00, 0x00, 0x00, 0x00, 0x00, 0x18, // ................
	0x00, 0x00, 0x00, 0x00, 0x43, 0x4f, 0x4c, 0x4f, 0x52, 0x00, 0x54, 0x45, 0x58, 0x43, 0x4f, 0x4f, // ....COLOR.TEXCOO
	0x52, 0x44, 0x00, 0x6d, 0x61, 0x69, 0x6e, 0x00, 0x00, 0x00, 0x00, 0x01, 0x00, 0x00, 0x00, 0x00, // RD.main.........
	0x00, 0x00, 0x00, 0x10, 0x00, 0x00, 0x00, 0x00, 0x00, 0x00, 0x00, 0x00, 0x00, 0x00, 0x00, 0x01, // ................
	0x00, 0x44, 0x03, 0x03, 0x04, 0x00, 0x00, 0x01, 0x00, 0x00, 0x00, 0x00, 0x00, 0x00, 0x00, 0x01, // .D..............
	0x01, 0x44, 0x00, 0x03, 0x02, 0x00, 0x00, 0x07, 0x00, 0x00, 0x00, 0x00, 0x00, 0x00, 0x00, 0x01, // .D..............
	0x02, 0x43, 0x00, 0x03, 0x02, 0x00, 0x00, 0x00, 0x00, 0x00, 0x00, 0x00, 0x00, 0x00, 0x00, 0x01, // .C..............
	0x00, 0x44, 0x10, 0x03, 0x00, 0x00, 0x00, 0x00, 0x00, 0x00, 0x00, 0x00, 0x00, 0x00, 0x00, 0x00, // .D..............
	0x00, 0x00, 0x00, 0x00, 0x00, 0x00, 0x00, 0x07, 0x00, 0x00, 0x00, 0x07, 0x00, 0x00, 0x00, 0x07, // ................
	0x00, 0x00, 0x00, 0x08, 0x00, 0x00, 0x00, 0x0f, 0x00, 0x00, 0x00, 0x0f, 0x00, 0x00, 0x00, 0x00, // ................
	0x00, 0x00, 0x00, 0x00, 0x00, 0x00, 0x00, 0x49, 0x4c, 0x44, 0x4e, 0x2c, 0x00, 0x00, 0x00, 0x00, // .......ILDN,....
	0x00, 0x24, 0x00, 0x32, 0x38, 0x63, 0x64, 0x35, 0x33, 0x35, 0x62, 0x33, 0x32, 0x63, 0x30, 0x62, // .$.28cd535b32c0b
	0x39, 0x31, 0x37, 0x36, 0x32, 0x64, 0x33, 0x38, 0x31, 0x63, 0x37, 0x63, 0x37, 0x35, 0x62, 0x34, // 91762d381c7c75b4
	0x39, 0x66, 0x62, 0x2e, 0x70, 0x64, 0x62, 0x00, 0x00, 0x00, 0x00, 0x48, 0x41, 0x53, 0x48, 0x14, // 9fb.pdb....HASH.
	0x00, 0x00, 0x00, 0x00, 0x00, 0x00, 0x00, 0x28, 0xcd, 0x53, 0x5b, 0x32, 0xc0, 0xb9, 0x17, 0x62, // .......(.S[2...b
	0xd3, 0x81, 0xc7, 0xc7, 0x5b, 0x49, 0xfb, 0x44, 0x58, 0x49, 0x4c, 0x78, 0x0c, 0x00, 0x00, 0x60, // ....[I.DXILx...`
	0x00, 0x00, 0x00, 0x1e, 0x03, 0x00, 0x00, 0x44, 0x58, 0x49, 0x4c, 0x00, 0x01, 0x00, 0x00, 0x10, // .......DXIL.....
	0x00, 0x00, 0x00, 0x60, 0x0c, 0x00, 0x00, 0x42, 0x43, 0xc0, 0xde, 0x21, 0x0c, 0x00, 0x00, 0x15, // ...`...BC..!....
	0x03, 0x00, 0x00, 0x0b, 0x82, 0x20, 0x00, 0x02, 0x00, 0x00, 0x00, 0x13, 0x00, 0x00, 0x00, 0x07, // ..... ..........
	0x81, 0x23, 0x91, 0x41, 0xc8, 0x04, 0x49, 0x06, 0x10, 0x32, 0x39, 0x92, 0x01, 0x84, 0x0c, 0x25, // .#.A..I..29....%
	0x05, 0x08, 0x19, 0x1e, 0x04, 0x8b, 0x62, 0x80, 0x18, 0x45, 0x02, 0x42, 0x92, 0x0b, 0x42, 0xc4, // ......b..E.B..B.
	0x10, 0x32, 0x14, 0x38, 0x08, 0x18, 0x4b, 0x0a, 0x32, 0x62, 0x88, 0x48, 0x90, 0x14, 0x20, 0x43, // .2.8..K.2b.H.. C
	0x46, 0x88, 0xa5, 0x00, 0x19, 0x32, 0x42, 0xe4, 0x48, 0x0e, 0x90, 0x11, 0x23, 0xc4, 0x50, 0x41, // F....2B.H...#.PA
	0x51, 0x81, 0x8c, 0xe1, 0x83, 0xe5, 0x8a, 0x04, 0x31, 0x46, 0x06, 0x51, 0x18, 0x00, 0x00, 0x08, // Q.......1F.Q....
	0x00, 0x00, 0x00, 0x1b, 0x8c, 0xe0, 0xff, 0xff, 0xff, 0xff, 0x07, 0x40, 0x02, 0xa8, 0x0d, 0x84, // ...........@....
	0xf0, 0xff, 0xff, 0xff, 0xff, 0x03, 0x20, 0x6d, 0x30, 0x86, 0xff, 0xff, 0xff, 0xff, 0x1f, 0x00, // ...... m0.......
	0x09, 0xa8, 0x00, 0x49, 0x18, 0x00, 0x00, 0x03, 0x00, 0x00, 0x00, 0x13, 0x82, 0x60, 0x42, 0x20, // ...I.........`B 
	0x4c, 0x08, 0x06, 0x00, 0x00, 0x00, 0x00, 0x89, 0x20, 0x00, 0x00, 0x53, 0x00, 0x00, 0x00, 0x32, // L....... ..S...2
	0x22, 0x88, 0x09, 0x20, 0x64, 0x85, 0x04, 0x13, 0x23, 0xa4, 0x84, 0x04, 0x13, 0x23, 0xe3, 0x84, // ".. d...#....#..
	0xa1, 0x90, 0x14, 0x12, 0x4c, 0x8c, 0x8c, 0x0b, 0x84, 0xc4, 0x4c, 0x10, 0x90, 0xc1, 0x08, 0x40, // ....L.....L....@
	0x09, 0x00, 0x0a, 0x66, 0x00, 0xe6, 0x08, 0xc0, 0x60, 0x8e, 0x00, 0x29, 0xc6, 0x40, 0x10, 0x44, // ...f....`..).@.D
	0x41, 0x90, 0x51, 0x0c, 0x80, 0x20, 0x88, 0x62, 0x20, 0xe4, 0xa6, 0xe1, 0xf2, 0x27, 0xec, 0x21, // A.Q.. .b ....'.!
	0x24, 0x7f, 0x25, 0xa4, 0x95, 0x98, 0xfc, 0xe2, 0xb6, 0x51, 0x31, 0x0c, 0xc3, 0x40, 0x50, 0x71, // $.%......Q1..@Pq
	0xcf, 0x70, 0xf9, 0x13, 0xf6, 0x10, 0x92, 0x1f, 0x02, 0xcd, 0xb0, 0x10, 0x28, 0x58, 0x0a, 0xa3, // .p..........(X..
	0x10, 0x0c, 0x33, 0x0c, 0xc3, 0x40, 0x10, 0xc4, 0x40, 0x4d, 0x19, 0x06, 0x62, 0xa0, 0xe7, 0xa8, // ..3..@..@M..b...
	0xe1, 0xf2, 0x27, 0xec, 0x21, 0x24, 0x9f, 0xdb, 0xa8, 0x62, 0x25, 0x26, 0xbf, 0xb8, 0x6d, 0x44, // ..'.!$...b%&..mD
	0x0c, 0xc3, 0x30, 0x14, 0x22, 0x22, 0x18, 0x82, 0xa4, 0x52, 0x0c, 0xc4, 0x30, 0x0c, 0x44, 0xcd, // ..0.""...R..0.D.
	0x11, 0x04, 0xc5, 0x60, 0x88, 0x82, 0x20, 0x2c, 0xba, 0x06, 0x02, 0x86, 0x11, 0x88, 0x61, 0xa6, // ...`.. ,......a.
	0x36, 0x18, 0x07, 0x76, 0x08, 0x87, 0x79, 0x98, 0x07, 0x37, 0xa0, 0x85, 0x72, 0xc0, 0x07, 0x7a, // 6..v..y..7..r..z
	0xa8, 0x07, 0x79, 0x28, 0x07, 0x39, 0x20, 0x05, 0x3e, 0xb0, 0x87, 0x72, 0x18, 0x07, 0x7a, 0x78, // ..y(.9 .>..r..zx
	0x07, 0x79, 0xe0, 0x03, 0x73, 0x60, 0x87, 0x77, 0x08, 0x07, 0x7a, 0x60, 0x03, 0x30, 0xa0, 0x03, // .y..s`.w..z`.0..
	0x3f, 0x00, 0x03, 0x3f, 0xd0, 0x03, 0x3d, 0x68, 0x87, 0x74, 0x80, 0x87, 0x79, 0xf8, 0x05, 0x7a, // ?..?..=h.t..y..z
	0xc8, 0x07, 0x78, 0x28, 0x07, 0x14, 0x10, 0x33, 0x89, 0xc1, 0x38, 0xb0, 0x43, 0x38, 0xcc, 0xc3, // ..x(...3..8.C8..
	0x3c, 0xb8, 0x01, 0x2d, 0x94, 0x03, 0x3e, 0xd0, 0x43, 0x3d, 0xc8, 0x43, 0x39, 0xc8, 0x01, 0x29, // <..-..>.C=.C9..)
	0xf0, 0x81, 0x3d, 0x94, 0xc3, 0x38, 0xd0, 0xc3, 0x3b, 0xc8, 0x03, 0x1f, 0x98, 0x03, 0x3b, 0xbc, // ..=..8..;.....;.
	0x43, 0x38, 0xd0, 0x03, 0x1b, 0x80, 0x01, 0x1d, 0xf8, 0x01, 0x18, 0xf8, 0x01, 0x12, 0xb4, 0x8d, // C8..............
	0xb8, 0x99, 0x10, 0x32, 0x38, 0x05, 0x76, 0x78, 0x07, 0x71, 0x08, 0x07, 0x76, 0x98, 0x07, 0x24, // ...28.vx.q..v..$
	0x68, 0x1a, 0x79, 0x37, 0x49, 0x53, 0x44, 0x09, 0x93, 0xcf, 0x02, 0xcc, 0xb3, 0x10, 0x11, 0x3b, // h.y7ISD........;
	0x01, 0x13, 0x81, 0x02, 0x82, 0xc0, 0x6c, 0x20, 0xa6, 0x00, 0x00, 0x13, 0x14, 0x72, 0xc0, 0x87, // ......l .....r..
	0x74, 0x60, 0x87, 0x36, 0x68, 0x87, 0x79, 0x68, 0x03, 0x72, 0xc0, 0x87, 0x0d, 0xaf, 0x50, 0x0e, // t`.6h.yh.r....P.
	0x6d, 0xd0, 0x0e, 0x7a, 0x50, 0x0e, 0x6d, 0x00, 0x0f, 0x7a, 0x30, 0x07, 0x72, 0xa0, 0x07, 0x73, // m..zP.m..z0.r..s
	0x20, 0x07, 0x6d, 0x90, 0x0e, 0x71, 0xa0, 0x07, 0x73, 0x20, 0x07, 0x6d, 0x90, 0x0e, 0x78, 0xa0, //  .m..q..s .m..x.
	0x07, 0x73, 0x20, 0x07, 0x6d, 0x90, 0x0e, 0x71, 0x60, 0x07, 0x7a, 0x30, 0x07, 0x72, 0xd0, 0x06, // .s .m..q`.z0.r..
	0xe9, 0x30, 0x07, 0x72, 0xa0, 0x07, 0x73, 0x20, 0x07, 0x6d, 0x90, 0x0e, 0x76, 0x40, 0x07, 0x7a, // .0.r..s .m..v@.z
	0x60, 0x07, 0x74, 0xd0, 0x06, 0xe6, 0x10, 0x07, 0x76, 0xa0, 0x07, 0x73, 0x20, 0x07, 0x6d, 0x60, // `.t.....v..s .m`
	0x0e, 0x73, 0x20, 0x07, 0x7a, 0x30, 0x07, 0x72, 0xd0, 0x06, 0xe6, 0x60, 0x07, 0x74, 0xa0, 0x07, // .s .z0.r...`.t..
	0x76, 0x40, 0x07, 0x6d, 0xe0, 0x0e, 0x78, 0xa0, 0x07, 0x71, 0x60, 0x07, 0x7a, 0x30, 0x07, 0x72, // v@.m..x..q`.z0.r
	0xa0, 0x07, 0x76, 0x40, 0x07, 0x43, 0x9e, 0x00, 0x00, 0x00, 0x00, 0x00, 0x00, 0x00, 0x00, 0x00, // ..v@.C..........
	0x00, 0x00, 0x86, 0x3c, 0x06, 0x10, 0x00, 0x01, 0x00, 0x00, 0x00, 0x00, 0x00, 0x00, 0x00, 0x0c, // ...<............
	0x79, 0x10, 0x20, 0x00, 0x04, 0x00, 0x00, 0x00, 0x00, 0x00, 0x00, 0x00, 0x18, 0xf2, 0x34, 0x40, // y. ...........4@
	0x00, 0x0c, 0x00, 0x00, 0x00, 0x00, 0x00, 0x00, 0x00, 0x30, 0xe4, 0x79, 0x80, 0x00, 0x08, 0x00, // .........0.y....
	0x00, 0x00, 0x00, 0x00, 0x00, 0x00, 0x60, 0xc8, 0x23, 0x01, 0x01, 0x30, 0x00, 0x00, 0x00, 0x00, // ......`.#..0....
	0x00, 0x00, 0x00, 0xc0, 0x90, 0x87, 0x02, 0x02, 0x20, 0x00, 0x00, 0x00, 0x00, 0x00, 0x00, 0x00, // ........ .......
	0x80, 0x21, 0xcf, 0x05, 0x04, 0xc0, 0x00, 0x00, 0x00, 0x00, 0x00, 0x00, 0x00, 0x00, 0x59, 0x20, // .!............Y 
	0x00, 0x00, 0x00, 0x11, 0x00, 0x00, 0x00, 0x32, 0x1e, 0x98, 0x14, 0x19, 0x11, 0x4c, 0x90, 0x8c, // .......2.....L..
	0x09, 0x26, 0x47, 0xc6, 0x04, 0x43, 0x22, 0x4a, 0x60, 0x04, 0xa0, 0x28, 0x8a, 0xa1, 0x08, 0x4a, // .&G..C"J`..(...J
	0xa2, 0x80, 0xca, 0xa0, 0x3c, 0xa8, 0x28, 0x89, 0x32, 0x28, 0x84, 0x11, 0x80, 0x22, 0x28, 0x10, // ....<.(.2(..."(.
	0xea, 0x66, 0x00, 0xe8, 0x9b, 0x01, 0xa0, 0x70, 0x06, 0x80, 0xc4, 0xb1, 0x9a, 0x85, 0x00, 0x00, // .f.....p........
	0x00, 0x38, 0x8e, 0x03, 0x79, 0x1e, 0x00, 0x00, 0x00, 0x00, 0x00, 0x79, 0x18, 0x00, 0x00, 0x69, // .8..y......y...i
	0x00, 0x00, 0x00, 0x1a, 0x03, 0x4c, 0x90, 0x46, 0x02, 0x13, 0xc4, 0x8f, 0x0c, 0x6f, 0xec, 0xed, // .....L.F.....o..
	0x4d, 0x0c, 0x24, 0xc6, 0x25, 0x06, 0xc6, 0x45, 0xc6, 0x06, 0xa6, 0xc6, 0x65, 0xe6, 0x06, 0x04, // M.$.%..E....e...
	0x65, 0x8c, 0x86, 0x0c, 0xc7, 0x8c, 0xc6, 0x2c, 0x27, 0x27, 0x65, 0x43, 0x10, 0x4c, 0x10, 0x08, // e......,''eC.L..
	0x64, 0x82, 0x40, 0x24, 0x1b, 0x84, 0x81, 0x98, 0x20, 0x10, 0xca, 0x06, 0x61, 0x30, 0x28, 0xc0, // d.@$.... ...a0(.
	0xcd, 0x4d, 0x10, 0x88, 0x65, 0xc3, 0x80, 0x24, 0xc4, 0x04, 0xa1, 0xbb, 0x08, 0x4c, 0x10, 0x08, // .M..e..$.....L..
	0x66, 0x82, 0x40, 0x34, 0x1b, 0x04, 0xc2, 0xd9, 0x90, 0x10, 0x0b, 0x43, 0x10, 0x43, 0x43, 0x3c, // f.@4.......C.CC<
	0x1b, 0x02, 0x68, 0x82, 0xf0, 0x61, 0x13, 0x04, 0xc2, 0xd9, 0x80, 0x10, 0x12, 0x43, 0x10, 0xc3, // ..h..a.......C..
	0x04, 0x6c, 0x08, 0xa8, 0x09, 0x42, 0x18, 0x64, 0x1b, 0x10, 0xc2, 0x62, 0x08, 0x62, 0x20, 0x80, // .l...B.d...b.b .
	0x0d, 0xc1, 0xb5, 0x81, 0x88, 0x80, 0x0a, 0x9b, 0x20, 0x88, 0x81, 0xb6, 0x21, 0xd0, 0x26, 0x08, // ........ ...!.&.
	0x02, 0x40, 0xa2, 0x2d, 0x2c, 0xcd, 0x8d, 0xcb, 0x94, 0xd5, 0x17, 0xd4, 0xdb, 0x5c, 0x1a, 0x5d, // .@.-,..........]
	0xda, 0x9b, 0xdb, 0x04, 0xa1, 0x88, 0x26, 0x08, 0x85, 0xb4, 0x21, 0x20, 0x26, 0x08, 0xc5, 0x34, // ......&...! &..4
	0x41, 0x28, 0xa8, 0x0d, 0x0b, 0xe1, 0x7d, 0x60, 0x10, 0x06, 0x62, 0x30, 0x88, 0x01, 0x31, 0x06, // A(....}`..b0..1.
	0x00, 0x8b, 0xa1, 0x27, 0xa6, 0x27, 0xa9, 0x09, 0x42, 0x51, 0x4d, 0x10, 0x88, 0x67, 0x82, 0x40, // ...'.'..BQM..g.@
	0x40, 0x1b, 0x84, 0x33, 0x40, 0x83, 0x0d, 0xcb, 0x50, 0x06, 0xdf, 0x18, 0x84, 0x81, 0x19, 0x0c, // @..3@...P.......
	0x62, 0x30, 0x8c, 0x41, 0x1a, 0x10, 0xa1, 0x2a, 0xc2, 0x1a, 0x7a, 0x7a, 0x92, 0x22, 0xda, 0x20, // b0.A...*..zz.". 
	0x9c, 0xc1, 0x19, 0x6c, 0x58, 0x9a, 0x35, 0xf8, 0xc6, 0x20, 0x0c, 0xcc, 0x60, 0x00, 0x83, 0x66, // ...lX.5.. ..`..f
	0x0c, 0xd8, 0x60, 0xc3, 0x40, 0x06, 0x6a, 0xd0, 0x06, 0x4c, 0xa6, 0xac, 0xbe, 0xa8, 0xc2, 0xe4, // ..`.@.j..L......
	0xce, 0xca, 0xe8, 0x26, 0x08, 0x85, 0xb5, 0x61, 0x21, 0xde, 0xe0, 0x83, 0x83, 0x30, 0x18, 0x83, // ...&...a!....0..
	0x41, 0x0c, 0x88, 0x31, 0x48, 0x83, 0x0d, 0x41, 0x1c, 0x6c, 0x18, 0xdc, 0x40, 0x0e, 0x80, 0x0d, // A..1H..A.l..@...
	0x05, 0xd7, 0xcd, 0x41, 0x06, 0x54, 0x61, 0x63, 0xb3, 0x6b, 0x73, 0x49, 0x23, 0x2b, 0x73, 0xa3, // ...A.Tac.ksI#+s.
	0x9b, 0x12, 0x04, 0x55, 0xc8, 0xf0, 0x5c, 0xec, 0xca, 0xe4, 0xe6, 0xd2, 0xde, 0xdc, 0xa6, 0x04, // ...U............
	0x44, 0x13, 0x32, 0x3c, 0x17, 0xbb, 0x30, 0x36, 0xbb, 0x32, 0xb9, 0x29, 0x81, 0x51, 0x87, 0x0c, // D.2<..06.2.).Q..
	0xcf, 0x65, 0x0e, 0x2d, 0x8c, 0xac, 0x4c, 0xae, 0xe9, 0x8d, 0xac, 0x8c, 0x6d, 0x4a, 0x90, 0x94, // .e.-..L.....mJ..
	0x21, 0xc3, 0x73, 0x91, 0x2b, 0x9b, 0x7b, 0xab, 0x93, 0x1b, 0x2b, 0x9b, 0x9b, 0x12, 0x60, 0x75, // !.s.+.{...+...`u
	0xc8, 0xf0, 0x5c, 0xec, 0xd2, 0xca, 0xee, 0x92, 0xc8, 0xa6, 0xe8, 0xc2, 0xe8, 0xca, 0xa6, 0x04, // ................
	0x5a, 0x1d, 0x32, 0x3c, 0x97, 0x32, 0x37, 0x3a, 0xb9, 0x3c, 0xa8, 0xb7, 0x34, 0x37, 0xba, 0xb9, // Z.2<.27:.<..47..
	0x29, 0xc1, 0x1c, 0x00, 0x00, 0x00, 0x00, 0x79, 0x18, 0x00, 0x00, 0x51, 0x00, 0x00, 0x00, 0x33, // )......y...Q...3
	0x08, 0x80, 0x1c, 0xc4, 0xe1, 0x1c, 0x66, 0x14, 0x01, 0x3d, 0x88, 0x43, 0x38, 0x84, 0xc3, 0x8c, // ......f..=.C8...
	0x42, 0x80, 0x07, 0x79, 0x78, 0x07, 0x73, 0x98, 0x71, 0x0c, 0xe6, 0x00, 0x0f, 0xed, 0x10, 0x0e, // B..yx.s.q.......
	0xf4, 0x80, 0x0e, 0x33, 0x0c, 0x42, 0x1e, 0xc2, 0xc1, 0x1d, 0xce, 0xa1, 0x1c, 0x66, 0x30, 0x05, // ...3.B.......f0.
	0x3d, 0x88, 0x43, 0x38, 0x84, 0x83, 0x1b, 0xcc, 0x03, 0x3d, 0xc8, 0x43, 0x3d, 0x8c, 0x03, 0x3d, // =.C8.....=.C=..=
	0xcc, 0x78, 0x8c, 0x74, 0x70, 0x07, 0x7b, 0x08, 0x07, 0x79, 0x48, 0x87, 0x70, 0x70, 0x07, 0x7a, // .x.tp.{..yH.pp.z
	0x70, 0x03, 0x76, 0x78, 0x87, 0x70, 0x20, 0x87, 0x19, 0xcc, 0x11, 0x0e, 0xec, 0x90, 0x0e, 0xe1, // p.vx.p .........
	0x30, 0x0f, 0x6e, 0x30, 0x0f, 0xe3, 0xf0, 0x0e, 0xf0, 0x50, 0x0e, 0x33, 0x10, 0xc4, 0x1d, 0xde, // 0.n0.....P.3....
	0x21, 0x1c, 0xd8, 0x21, 0x1d, 0xc2, 0x61, 0x1e, 0x66, 0x30, 0x89, 0x3b, 0xbc, 0x83, 0x3b, 0xd0, // !..!..a.f0.;..;.
	0x43, 0x39, 0xb4, 0x03, 0x3c, 0xbc, 0x83, 0x3c, 0x84, 0x03, 0x3b, 0xcc, 0xf0, 0x14, 0x76, 0x60, // C9..<..<..;...v`
	0x07, 0x7b, 0x68, 0x07, 0x37, 0x68, 0x87, 0x72, 0x68, 0x07, 0x37, 0x80, 0x87, 0x70, 0x90, 0x87, // .{h.7h.rh.7..p..
	0x70, 0x60, 0x07, 0x76, 0x28, 0x07, 0x76, 0xf8, 0x05, 0x76, 0x78, 0x87, 0x77, 0x80, 0x87, 0x5f, // p`.v(.v..vx.w.._
	0x08, 0x87, 0x71, 0x18, 0x87, 0x72, 0x98, 0x87, 0x79, 0x98, 0x81, 0x2c, 0xee, 0xf0, 0x0e, 0xee, // ..q..r..y..,....
	0xe0, 0x0e, 0xf5, 0xc0, 0x0e, 0xec, 0x30, 0x03, 0x62, 0xc8, 0xa1, 0x1c, 0xe4, 0xa1, 0x1c, 0xcc, // ......0.b.......
	0xa1, 0x1c, 0xe4, 0xa1, 0x1c, 0xdc, 0x61, 0x1c, 0xca, 0x21, 0x1c, 0xc4, 0x81, 0x1d, 0xca, 0x61, // ......a..!.....a
	0x06, 0xd6, 0x90, 0x43, 0x39, 0xc8, 0x43, 0x39, 0x98, 0x43, 0x39, 0xc8, 0x43, 0x39, 0xb8, 0xc3, // ...C9.C9.C9.C9..
	0x38, 0x94, 0x43, 0x38, 0x88, 0x03, 0x3b, 0x94, 0xc3, 0x2f, 0xbc, 0x83, 0x3c, 0xfc, 0x82, 0x3b, // 8.C8..;../..<..;
	0xd4, 0x03, 0x3b, 0xb0, 0xc3, 0x0c, 0xc4, 0x21, 0x07, 0x7c, 0x70, 0x03, 0x7a, 0x28, 0x87, 0x76, // ..;....!.|p.z(.v
	0x80, 0x87, 0x19, 0xd1, 0x43, 0x0e, 0xf8, 0xe0, 0x06, 0xe4, 0x20, 0x0e, 0xe7, 0xe0, 0x06, 0xf6, // ....C..... .....
	0x10, 0x0e, 0xf2, 0xc0, 0x0e, 0xe1, 0x90, 0x0f, 0xef, 0x50, 0x0f, 0xf4, 0x30, 0x83, 0x81, 0xc8, // .........P..0...
	0x01, 0x1f, 0xdc, 0x40, 0x1c, 0xe4, 0xa1, 0x1c, 0xc2, 0x61, 0x1d, 0xdc, 0x40, 0x1c, 0xe4, 0x01, // ...@.....a..@...
	0x00, 0x00, 0x00, 0x71, 0x20, 0x00, 0x00, 0x20, 0x00, 0x00, 0x00, 0x56, 0xb0, 0x0d, 0x97, 0xef, // ...q .. ...V....
	0x3c, 0xbe, 0x10, 0x50, 0x45, 0x41, 0x44, 0xa5, 0x03, 0x0c, 0x25, 0x61, 0x00, 0x02, 0xe6, 0x17, // <..PEAD...%a....
	0xb7, 0x6d, 0x07, 0xd2, 0x70, 0xf9, 0xce, 0xe3, 0x0b, 0x11, 0x01, 0x4c, 0x44, 0x08, 0x34, 0xc3, // .m..p......LD.4.
	0x42, 0x58, 0xc0, 0x34, 0x5c, 0xbe, 0xf3, 0xf8, 0x8b, 0x03, 0x0c, 0x62, 0xf3, 0x50, 0x93, 0x5f, // BX.4.......b.P._
	0xdc, 0xb6, 0x0d, 0x54, 0xc3, 0xe5, 0x3b, 0x8f, 0x2f, 0x01, 0xcc, 0xb3, 0x10, 0x25, 0x51, 0x11, // ...T..;./....%Q.
	0x8b, 0x5f, 0xdc, 0xb6, 0x09, 0x54, 0xc3, 0xe5, 0x3b, 0x8f, 0x2f, 0x4d, 0x4e, 0x44, 0xa0, 0xd4, // ._...T..;./MND..
	0xf4, 0x50, 0x93, 0x5f, 0xdc, 0xb6, 0x19, 0x48, 0xc3, 0xe5, 0x3b, 0x8f, 0x3f, 0x11, 0xd1, 0x84, // .P._...H..;.?...
	0x00, 0x11, 0xe6, 0x17, 0xb7, 0x6d, 0x04, 0xcf, 0x70, 0xf9, 0xce, 0xe3, 0x53, 0x0d, 0x10, 0x61, // .....m..p...S..a
	0x7e, 0x71, 0xdb, 0x06, 0x40, 0x30, 0x00, 0xd2, 0x00, 0x00, 0x00, 0x61, 0x20, 0x00, 0x00, 0x68, // ~q..@0.....a ..h
	0x01, 0x00, 0x00, 0x13, 0x04, 0x4e, 0x2c, 0x10, 0x00, 0x00, 0x00, 0x41, 0x00, 0x00, 0x00, 0x64, // .....N,....A...d
	0x8d, 0x00, 0x50, 0x51, 0x02, 0x44, 0x14, 0x5f, 0xd9, 0x95, 0x43, 0xc9, 0x95, 0x42, 0x21, 0xcc, // ..PQ.D._..C..B!.
	0x00, 0x14, 0x57, 0xb9, 0x94, 0x0a, 0x0d, 0x23, 0x00, 0x33, 0x00, 0x63, 0x04, 0x20, 0x08, 0x82, // ..W....#.3.c. ..
	0xf0, 0x37, 0x46, 0x00, 0x82, 0x20, 0xc8, 0x7f, 0x63, 0x04, 0x20, 0x08, 0x82, 0x22, 0x18, 0x8c, // .7F.. ..c. .."..
	0x11, 0xe0, 0xb4, 0x6b, 0xb6, 0xdf, 0x18, 0xc1, 0x1d, 0x96, 0xee, 0xfa, 0x8d, 0x11, 0xf0, 0x64, // ...k...........d
	0x1c, 0x8f, 0xdf, 0x18, 0x41, 0x7b, 0xc7, 0x73, 0xf9, 0x8d, 0x11, 0xdc, 0x61, 0xe9, 0xce, 0xdf, // ....A{.s....a...
	0x18, 0x41, 0x3f, 0xd2, 0x67, 0xee, 0x8d, 0x11, 0x84, 0x31, 0xce, 0xa7, 0xde, 0x18, 0xc1, 0x7b, // .A?.g....1.....{
	0x9b, 0xe8, 0xef, 0x8d, 0x11, 0x84, 0x79, 0x6c, 0xde, 0xdf, 0x18, 0x81, 0x9e, 0xbb, 0x77, 0xff, // ......yl......w.
	0x8d, 0x11, 0xf0, 0xb3, 0xc9, 0xae, 0xbf, 0x30, 0x46, 0xa0, 0xa7, 0xee, 0x88, 0xfe, 0xc2, 0x18, // .......0F.......
	0x01, 0xed, 0xab, 0xb5, 0xfc, 0x0b, 0x63, 0x04, 0xbb, 0xa9, 0xf7, 0xfc, 0x37, 0x46, 0x10, 0x9f, // ......c.....7F..
	0xab, 0x88, 0x7a, 0x63, 0x04, 0x2d, 0x0b, 0x86, 0xa9, 0x37, 0x46, 0xa0, 0x87, 0xac, 0x2f, 0xfb, // ..zc.-...7F.../.
	0xc2, 0x18, 0xc1, 0xda, 0xae, 0xe2, 0xfd, 0x8d, 0x11, 0xdc, 0x78, 0x3b, 0xb6, 0xdc, 0x18, 0x01, // ..........x;....
	0x08, 0xb2, 0x7b, 0x1a, 0x06, 0x63, 0x04, 0x20, 0x08, 0x82, 0xf8, 0x37, 0x46, 0x00, 0x82, 0xe0, // ..{..c. ...7F...
	0x9a, 0x83, 0xc1, 0x18, 0x01, 0x08, 0x82, 0x6c, 0xfd, 0x8d, 0x11, 0x80, 0x20, 0xdd, 0xe6, 0x60, // .......l.... ..`
	0x30, 0x46, 0x00, 0x82, 0xa8, 0x29, 0x7e, 0x63, 0x04, 0x6e, 0x1f, 0x8b, 0xb6, 0x2f, 0x8c, 0x11, // 0F...)~c.n.../..
	0xf4, 0xb1, 0xe8, 0xe2, 0xdf, 0x18, 0x41, 0xad, 0xd6, 0x6a, 0xfb, 0x8d, 0x11, 0xc8, 0xa2, 0xdb, // ......A..j......
	0xd3, 0x60, 0x30, 0x46, 0xc0, 0xc3, 0xab, 0x4e, 0x77, 0x63, 0x04, 0xad, 0x39, 0xe7, 0x20, 0x18, // .`0F...Nwc..9. .
	0x00, 0x00, 0x00, 0x23, 0x06, 0x09, 0x00, 0x82, 0x60, 0x70, 0x91, 0xc2, 0x1a, 0xdc, 0x81, 0x28, // ...#....`p.....(
	0x88, 0x02, 0x1c, 0x8c, 0x18, 0x24, 0x00, 0x08, 0x82, 0xc1, 0x55, 0x0a, 0x6c, 0xa0, 0x07, 0xa3, // .....$....U.l...
	0x30, 0x0a, 0x71, 0x30, 0x62, 0x90, 0x00, 0x20, 0x08, 0x06, 0x97, 0x29, 0xb4, 0x01, 0x1e, 0x90, // 0.q0b.. ...)....
	0x02, 0x29, 0xc8, 0xc1, 0x88, 0x41, 0x02, 0x80, 0x20, 0x18, 0x18, 0xad, 0xc0, 0x06, 0xa2, 0x50, // .)...A.. ......P
	0x0a, 0x7a, 0xb0, 0x06, 0x23, 0x06, 0x09, 0x00, 0x82, 0x60, 0x60, 0xb8, 0x42, 0x1b, 0x8c, 0x82, // .z..#....``.B...
	0x29, 0xcc, 0x01, 0x1b, 0x8c, 0x18, 0x24, 0x00, 0x08, 0x82, 0x81, 0xf1, 0x0a, 0x6e, 0x80, 0x0a, // ).....$......n..
	0xa7, 0xc0, 0x07, 0x6d, 0x30, 0x62, 0x90, 0x00, 0x20, 0x08, 0x06, 0x06, 0x2c, 0xbc, 0x41, 0x2a, // ...m0b.. ...,.A*
	0xa0, 0x42, 0x1d, 0xb8, 0xc1, 0x88, 0x41, 0x02, 0x80, 0x20, 0x18, 0x18, 0xb1, 0x00, 0x07, 0xaa, // .B....A.. ......
	0x90, 0x0a, 0x7d, 0xf0, 0x06, 0x23, 0x06, 0x09, 0x00, 0x82, 0x60, 0x60, 0xc8, 0x42, 0x1c, 0xac, // ..}..#....``.B..
	0x82, 0x2a, 0x84, 0x02, 0x1c, 0x8c, 0x18, 0x1c, 0x00, 0x08, 0x82, 0x81, 0xf4, 0x0a, 0x76, 0x70, // .*............vp
	0xac, 0xc2, 0x68, 0x42, 0x00, 0x8c, 0x18, 0x3c, 0x00, 0x08, 0x82, 0x41, 0x33, 0x0b, 0x79, 0xb0, // ..hB...<...A3.y.
	0x28, 0xc8, 0xe1, 0x06, 0x6e, 0xd0, 0x0a, 0xad, 0x30, 0x07, 0xc1, 0x68, 0x42, 0x00, 0x8c, 0x26, // (...n...0..hB..&
	0x08, 0xc1, 0x68, 0xc2, 0x20, 0x8c, 0x26, 0x10, 0xc3, 0x68, 0xc2, 0x21, 0x8c, 0x18, 0x18, 0x00, // ..h. .&..h.!....
	0x08, 0x82, 0xc1, 0x83, 0x0b, 0xb1, 0x50, 0x8c, 0x18, 0x18, 0x00, 0x08, 0x82, 0xc1, 0x93, 0x0b, // ......P.........
	0xb2, 0x50, 0x8c, 0x18, 0x18, 0x00, 0x08, 0x82, 0xc1, 0xa3, 0x0b, 0xb3, 0x50, 0x8c, 0x18, 0x18, // .P..........P...
	0x00, 0x08, 0x82, 0xc1, 0xb3, 0x0b, 0x7a, 0x30, 0x8c, 0x18, 0x18, 0x00, 0x08, 0x82, 0xc1, 0xc3, // ......z0........
	0x0b, 0x7b, 0x30, 0x8c, 0x18, 0x18, 0x00, 0x08, 0x82, 0xc1, 0xd3, 0x0b, 0x7c, 0x30, 0xd8, 0x80, // .{0.........|0..
	0xc9, 0xc7, 0x86, 0x4c, 0x3e, 0x36, 0x68, 0xf2, 0x19, 0x31, 0x30, 0x00, 0x10, 0x04, 0x83, 0x27, // ...L>6h..10....'
	0x1c, 0xfe, 0x60, 0x18, 0x31, 0x30, 0x00, 0x10, 0x04, 0x83, 0x47, 0x1c, 0x40, 0x61, 0x18, 0x31, // ..`.10....G.@a.1
	0x30, 0x00, 0x10, 0x04, 0x83, 0x67, 0x1c, 0x42, 0x61, 0xb0, 0x68, 0x88, 0x8f, 0x45, 0x43, 0x7c, // 0....g.Ba.h..EC|
	0x2c, 0x1a, 0xe2, 0x63, 0x03, 0x24, 0x1f, 0x1b, 0x22, 0xf9, 0xd8, 0x20, 0xc9, 0xc7, 0x86, 0x04, // ,..c.$..".. ....
	0x3e, 0x36, 0x24, 0xf0, 0xb1, 0x21, 0x81, 0xcf, 0x68, 0x42, 0x37, 0x8c, 0x18, 0x18, 0x00, 0x08, // >6$..!..hB7.....
	0x82, 0xc1, 0xe3, 0x0e, 0xac, 0x10, 0x58, 0x31, 0x06, 0xf2, 0xb1, 0x40, 0x90, 0x8f, 0x0d, 0x64, // ......X1...@...d
	0x20, 0x1f, 0x0b, 0x0e, 0xf9, 0x58, 0x51, 0x06, 0xf2, 0xb1, 0x00, 0x91, 0x8f, 0x7d, 0x66, 0x20, //  ....XQ......}f 
	0x9f, 0x11, 0x83, 0x03, 0x00, 0x41, 0x30, 0x90, 0xea, 0x81, 0x17, 0xda, 0x40, 0x1e, 0x46, 0x13, // .....A0.....@.F.
	0x82, 0x60, 0x34, 0x41, 0x00, 0x86, 0x23, 0x02, 0x5a, 0x20, 0xbe, 0x59, 0x86, 0x40, 0x09, 0x46, // .`4A..#.Z .Y.@.F
	0x0c, 0x0c, 0x00, 0x04, 0xc1, 0xe0, 0xd1, 0x87, 0x5f, 0x50, 0x46, 0x0c, 0x0c, 0x00, 0x04, 0xc1, // ........_PF.....
	0xe0, 0xd9, 0x07, 0x70, 0x48, 0x46, 0x0c, 0x0c, 0x00, 0x04, 0xc1, 0xe0, 0xe1, 0x87, 0x70, 0x40, // ...pHF........p@
	0x86, 0x23, 0x06, 0x3c, 0x50, 0xbe, 0x59, 0x86, 0x41, 0x08, 0x8c, 0xd0, 0x03, 0xf9, 0xcc, 0x12, // .#.<P.Y.A.......
	0x10, 0x23, 0x06, 0x06, 0x00, 0x82, 0x60, 0xf0, 0xfc, 0x83, 0x2f, 0x14, 0x16, 0xf4, 0x81, 0x7c, // .#....`.../....|
	0x46, 0x0c, 0x0c, 0x00, 0x04, 0xc1, 0xe0, 0x09, 0x89, 0x5f, 0x08, 0x2c, 0x00, 0x05, 0xf9, 0x58, // F........_.,...X
	0x20, 0x0a, 0xf0, 0x99, 0x25, 0x20, 0x06, 0x2a, 0x06, 0x46, 0x10, 0x86, 0xe1, 0x08, 0x05, 0x14, //  ...% .*.F......
	0x94, 0x6f, 0x96, 0xc1, 0x28, 0x02, 0x5b, 0x44, 0x41, 0x3e, 0xb3, 0x04, 0xc7, 0x88, 0x81, 0x01, // .o..(.[DA>......
	0x80, 0x20, 0x18, 0x3c, 0x27, 0x61, 0x0e, 0x8c, 0x05, 0xa5, 0x20, 0x9f, 0x11, 0x03, 0x03, 0x00, // . .<'a.... .....
	0x41, 0x30, 0x78, 0x52, 0xe2, 0x1c, 0x02, 0x0b, 0x50, 0x41, 0x3e, 0x16, 0xa8, 0x02, 0x7c, 0x66, // A0xR....PA>...|f
	0x09, 0x8e, 0x81, 0x8a, 0x81, 0x29, 0x04, 0x63, 0x38, 0x22, 0x42, 0x05, 0xe5, 0x9b, 0x65, 0x48, // .....).c8"B...eH
	0x90, 0xc0, 0x24, 0x55, 0x90, 0xcf, 0x2c, 0x41, 0x33, 0x62, 0x60, 0x00, 0x20, 0x08, 0x06, 0xcf, // ..$U..,A3b`. ...
	0x4b, 0xb8, 0xc3, 0x64, 0x41, 0x2b, 0xc8, 0x67, 0xc4, 0xc0, 0x00, 0x40, 0x10, 0x0c, 0x9e, 0x98, // K..dA+.g...@....
	0x78, 0x87, 0xc0, 0x02, 0x58, 0x90, 0x8f, 0x05, 0xb2, 0x00, 0x9f, 0x59, 0x82, 0x66, 0x38, 0x82, // x...X......Y.f8.
	0x73, 0x07, 0xe2, 0x9b, 0x65, 0x68, 0x96, 0x60, 0x38, 0xa2, 0x73, 0x07, 0xe2, 0x9b, 0x65, 0x60, // s...eh.`8.s...e`
	0x9a, 0xc0, 0xcc, 0xc0, 0x1d, 0xe4, 0x33, 0x62, 0x80, 0x00, 0x20, 0x08, 0x06, 0x54, 0x4d, 0xdc, // ......3b.. ..TM.
	0x83, 0x3b, 0x94, 0x41, 0x30, 0x62, 0x80, 0x00, 0x20, 0x08, 0x06, 0x94, 0x4d, 0xe0, 0x83, 0x3b, // .;.A0b.. ...M..;
	0x90, 0x41, 0x60, 0x69, 0xe0, 0x0e, 0xf2, 0x19, 0x31, 0x40, 0x00, 0x10, 0x04, 0x03, 0x0a, 0x27, // .A`i....1@.....'
	0xf4, 0xc1, 0x1d, 0xd0, 0x20, 0x18, 0x31, 0x40, 0x00, 0x10, 0x04, 0x03, 0x2a, 0x27, 0xf6, 0xc1, // .... .1@....*'..
	0x1d, 0xce, 0x20, 0x30, 0x36, 0x70, 0x07, 0xf9, 0x8c, 0x18, 0x20, 0x00, 0x08, 0x82, 0x01, 0xb5, // .. 06p.... .....
	0x13, 0xfd, 0xe0, 0x0e, 0x6b, 0x10, 0x8c, 0x18, 0x20, 0x00, 0x08, 0x82, 0x01, 0xc5, 0x13, 0xfe, // ....k... .......
	0xe0, 0x0e, 0x6a, 0x10, 0xd8, 0xe1, 0x0e, 0xf2, 0x19, 0x31, 0x40, 0x00, 0x10, 0x04, 0x03, 0xca, // ..j......1@.....
	0x27, 0x40, 0xc2, 0x1d, 0x8a, 0x60, 0xc4, 0x00, 0x01, 0x40, 0x10, 0x0c, 0xa8, 0x9f, 0x08, 0x09, // '@...`...@......
	0x77, 0x18, 0x02, 0x53, 0xdc, 0x41, 0x3e, 0x23, 0x06, 0x08, 0x00, 0x82, 0x60, 0x40, 0x85, 0xc5, // w..S.A>#....`@..
	0x48, 0xb8, 0x03, 0x12, 0x8c, 0x18, 0x20, 0x00, 0x08, 0x82, 0x01, 0x25, 0x16, 0x24, 0xe1, 0x0e, // H..... ....%.$..
	0x46, 0x60, 0x8d, 0x3b, 0xc8, 0x67, 0xc4, 0x00, 0x01, 0x40, 0x10, 0x0c, 0x28, 0xb2, 0x30, 0x09, // F`.;.g...@..(.0.
	0x77, 0x58, 0x82, 0x11, 0x03, 0x04, 0x00, 0x41, 0x30, 0xa0, 0xca, 0xe2, 0x24, 0xdc, 0x21, 0x09, // wX.....A0...$.!.
	0x2c, 0x0e, 0xdc, 0x41, 0x3e, 0x86, 0x04, 0xf2, 0x31, 0x43, 0x90, 0x8f, 0x11, 0x83, 0x7c, 0x46, // ,..A>...1C....|F
	0x0c, 0x0c, 0x00, 0x04, 0xc1, 0xe0, 0x61, 0x8b, 0x95, 0x18, 0x46, 0x0c, 0x0c, 0x00, 0x04, 0xc1, // ......a...F.....
	0xe0, 0x69, 0x0b, 0x96, 0x18, 0x46, 0x0c, 0x0c, 0x00, 0x04, 0xc1, 0xe0, 0x71, 0x8b, 0x96, 0x18, // .i...F......q...
	0x6c, 0x78, 0x07, 0xf9, 0xd8, 0x00, 0x0f, 0xf2, 0xb1, 0x21, 0x1e, 0xe4, 0x33, 0x62, 0x60, 0x00, // lx.......!..3b`.
	0x20, 0x08, 0x06, 0x8f, 0x5c, 0xc0, 0xc4, 0x30, 0x62, 0x60, 0x00, 0x20, 0x08, 0x06, 0xcf, 0x5c, //  ......0b`. ....
	0xc4, 0xc4, 0x30, 0x62, 0x60, 0x00, 0x20, 0x08, 0x06, 0x0f, 0x5d, 0xc8, 0xc4, 0x60, 0x83, 0x3d, // ..0b`. ...]..`.=
	0xc8, 0xc7, 0x86, 0x7b, 0x90, 0x8f, 0x0d, 0xf8, 0x20, 0x1f, 0x1b, 0xf4, 0x01, 0x3e, 0x36, 0xec, // ...{.... ....>6.
	0x03, 0x7c, 0x6c, 0xe0, 0x07, 0xf8, 0x58, 0xe2, 0x0f, 0xf2, 0xb1, 0xe4, 0x1f, 0xe4, 0x63, 0x09, // .|l...X.......c.
	0x48, 0xc8, 0xc7, 0x06, 0x91, 0x80, 0x8f, 0x0d, 0x23, 0x01, 0x1f, 0x1b, 0x48, 0x02, 0x3e, 0x96, // H.......#...H.>.
	0x0c, 0xf4, 0xb1, 0x64, 0xa0, 0x8f, 0x25, 0x03, 0x7d, 0x46, 0x0c, 0x0c, 0x00, 0x04, 0xc1, 0xe0, // ...d..%.}F......
	0x21, 0x8d, 0xb1, 0x18, 0x46, 0x0c, 0x0c, 0x00, 0x04, 0xc1, 0xe0, 0x29, 0x0d, 0xb2, 0x18, 0x46, // !...F......)...F
	0x0c, 0x0c, 0x00, 0x04, 0xc1, 0xe0, 0x31, 0x8d, 0xb2, 0x18, 0x6c, 0x60, 0x09, 0xf9, 0xd8, 0xd0, // ......1...l`....
	0x12, 0xf2, 0xb1, 0xc1, 0x25, 0xe4, 0x33, 0x62, 0x60, 0x00, 0x20, 0x08, 0x06, 0x8f, 0x6a, 0xa0, // ....%.3b`. ...j.
	0xc5, 0x30, 0x62, 0x60, 0x00, 0x20, 0x08, 0x06, 0xcf, 0x6a, 0xa4, 0xc5, 0x30, 0x62, 0x60, 0x00, // .0b`. ...j..0b`.
	0x20, 0x08, 0x06, 0x0f, 0x6b, 0xa8, 0xc5, 0x30, 0x4b, 0xd0, 0x0c, 0xb4, 0x0c, 0x06, 0x43, 0x2b, //  ...k..0K.....C+
	0x8b, 0x4c, 0x24, 0x32, 0x81, 0xe8, 0x85, 0x32, 0xd0, 0x32, 0x18, 0x8c, 0xad, 0x2c, 0x24, 0x91, // .L$2...2.2...,$.
	0x90, 0x04, 0x82, 0x17, 0xca, 0x40, 0xcb, 0x60, 0x30, 0xb8, 0xb2, 0xe0, 0x43, 0x22, 0x12, 0x88, // .....@.`0...C"..
	0x5d, 0x28, 0x23, 0x06, 0x09, 0x00, 0x82, 0x60, 0x80, 0xc8, 0xc6, 0x5c, 0xac, 0xc6, 0x6a, 0x80, // ](#....`......j.
	0xc6, 0x30, 0x62, 0x90, 0x00, 0x20, 0x08, 0x06, 0x88, 0x6c, 0xcc, 0xc5, 0x6a, 0xac, 0x06, 0x5e, // .0b.. ...l..j..^
	0x08, 0x23, 0x06, 0x09, 0x00, 0x82, 0x60, 0x80, 0xc8, 0xc6, 0x5c, 0xac, 0xc6, 0x6a, 0xfc, 0x45, // .#....`......j.E
	0x30, 0x62, 0x90, 0x00, 0x20, 0x08, 0x06, 0x88, 0x6c, 0xcc, 0xc5, 0x6a, 0xac, 0x86, 0x68, 0xec, // 0b.. ...l..j..h.
	0x02, 0x02, 0x00, 0x00, 0x00, 0x00, 0x00, 0x00, 0x00, 0x20, 0x00,                               // ......... .
};
static const uint8_t fs_texture_mtl[4053] =
{
	0x46, 0x53, 0x48, 0x0c, 0x01, 0x83, 0xf2, 0xe1, 0x00, 0x00, 0x00, 0x00, 0x00, 0x00, 0x00, 0x00, // FSH.............
	0x00, 0x00, 0x00, 0x00, 0x05, 0x00, 0x09, 0x75, 0x5f, 0x70, 0x61, 0x72, 0x61, 0x6d, 0x73, 0x30, // .......u_params0
	0x12, 0x01, 0x00, 0x00, 0x01, 0x00, 0x00, 0x00, 0x00, 0x00, 0x11, 0x73, 0x5f, 0x74, 0x65, 0x78, // ...........s_tex
	0x43, 0x6f, 0x6c, 0x6f, 0x72, 0x53, 0x61, 0x6d, 0x70, 0x6c, 0x65, 0x72, 0x11, 0x01, 0xff, 0xff, // ColorSampler....
	0x01, 0x00, 0x00, 0x00, 0x00, 0x00, 0x11, 0x73, 0x5f, 0x74, 0x65, 0x78, 0x43, 0x6f, 0x6c, 0x6f, // .......s_texColo
	0x72, 0x54, 0x65, 0x78, 0x74, 0x75, 0x72, 0x65, 0x11, 0x01, 0xff, 0xff, 0x01, 0x00, 0x00, 0x00, // rTexture........
	0x00, 0x00, 0x09, 0x75, 0x5f, 0x70, 0x61, 0x72, 0x61, 0x6d, 0x73, 0x31, 0x12, 0x01, 0x10, 0x00, // ...u_params1....
	0x01, 0x00, 0x00, 0x00, 0x00, 0x00, 0x0a, 0x73, 0x5f, 0x74, 0x65, 0x78, 0x43, 0x6f, 0x6c, 0x6f, // .......s_texColo
	0x72, 0x10, 0x00, 0x00, 0x00, 0x00, 0x00, 0x00, 0x02, 0x00, 0x00, 0x42, 0x0f, 0x00, 0x00, 0x23, // r..........B...#
	0x69, 0x6e, 0x63, 0x6c, 0x75, 0x64, 0x65, 0x20, 0x3c, 0x6d, 0x65, 0x74, 0x61, 0x6c, 0x5f, 0x73, // include <metal_s
	0x74, 0x64, 0x6c, 0x69, 0x62, 0x3e, 0x0a, 0x23, 0x69, 0x6e, 0x63, 0x6c, 0x75, 0x64, 0x65, 0x20, // tdlib>.#include 
	0x3c, 0x73, 0x69, 0x6d, 0x64, 0x2f, 0x73, 0x69, 0x6d, 0x64, 0x2e, 0x68, 0x3e, 0x0a, 0x0a, 0x75, // <simd/simd.h>..u
	0x73, 0x69, 0x6e, 0x67, 0x20, 0x6e, 0x61, 0x6d, 0x65, 0x73, 0x70, 0x61, 0x63, 0x65, 0x20, 0x6d, // sing namespace m
	0x65, 0x74, 0x61, 0x6c, 0x3b, 0x0a, 0x0a, 0x73, 0x74, 0x72, 0x75, 0x63, 0x74, 0x20, 0x5f, 0x47, // etal;..struct _G
	0x6c, 0x6f, 0x62, 0x61, 0x6c, 0x0a, 0x7b, 0x0a, 0x20, 0x20, 0x20, 0x20, 0x66, 0x6c, 0x6f, 0x61, // lobal.{.    floa
	0x74, 0x34, 0x20, 0x75, 0x5f, 0x70, 0x61, 0x72, 0x61, 0x6d, 0x73, 0x30, 0x3b, 0x0a, 0x20, 0x20, // t4 u_params0;.  
	0x20, 0x20, 0x66, 0x6c, 0x6f, 0x61, 0x74, 0x34, 0x20, 0x75, 0x5f, 0x70, 0x61, 0x72, 0x61, 0x6d, //   float4 u_param
	0x73, 0x31, 0x3b, 0x0a, 0x7d, 0x3b, 0x0a, 0x0a, 0x73, 0x74, 0x72, 0x75, 0x63, 0x74, 0x20, 0x78, // s1;.};..struct x
	0x6c, 0x61, 0x74, 0x4d, 0x74, 0x6c, 0x4d, 0x61, 0x69, 0x6e, 0x5f, 0x6f, 0x75, 0x74, 0x0a, 0x7b, // latMtlMain_out.{
	0x0a, 0x20, 0x20, 0x20, 0x20, 0x66, 0x6c, 0x6f, 0x61, 0x74, 0x34, 0x20, 0x62, 0x67, 0x66, 0x78, // .    float4 bgfx
	0x5f, 0x46, 0x72, 0x61, 0x67, 0x44, 0x61, 0x74, 0x61, 0x30, 0x20, 0x5b, 0x5b, 0x63, 0x6f, 0x6c, // _FragData0 [[col
	0x6f, 0x72, 0x28, 0x30, 0x29, 0x5d, 0x5d, 0x3b, 0x0a, 0x7d, 0x3b, 0x0a, 0x0a, 0x73, 0x74, 0x72, // or(0)]];.};..str
	0x75, 0x63, 0x74, 0x20, 0x78, 0x6c, 0x61, 0x74, 0x4d, 0x74, 0x6c, 0x4d, 0x61, 0x69, 0x6e, 0x5f, // uct xlatMtlMain_
	0x69, 0x6e, 0x0a, 0x7b, 0x0a, 0x20, 0x20, 0x20, 0x20, 0x66, 0x6c, 0x6f, 0x61, 0x74, 0x34, 0x20, // in.{.    float4 
	0x76, 0x5f, 0x63, 0x6f, 0x6c, 0x6f, 0x72, 0x30, 0x20, 0x5b, 0x5b, 0x75, 0x73, 0x65, 0x72, 0x28, // v_color0 [[user(
	0x6c, 0x6f, 0x63, 0x6e, 0x30, 0x29, 0x5d, 0x5d, 0x3b, 0x0a, 0x20, 0x20, 0x20, 0x20, 0x66, 0x6c, // locn0)]];.    fl
	0x6f, 0x61, 0x74, 0x33, 0x20, 0x76, 0x5f, 0x74, 0x65, 0x78, 0x63, 0x6f, 0x6f, 0x72, 0x64, 0x30, // oat3 v_texcoord0
	0x20, 0x5b, 0x5b, 0x75, 0x73, 0x65, 0x72, 0x28, 0x6c, 0x6f, 0x63, 0x6e, 0x31, 0x29, 0x5d, 0x5d, //  [[user(locn1)]]
	0x3b, 0x0a, 0x7d, 0x3b, 0x0a, 0x0a, 0x66, 0x72, 0x61, 0x67, 0x6d, 0x65, 0x6e, 0x74, 0x20, 0x78, // ;.};..fragment x
	0x6c, 0x61, 0x74, 0x4d, 0x74, 0x6c, 0x4d, 0x61, 0x69, 0x6e, 0x5f, 0x6f, 0x75, 0x74, 0x20, 0x78, // latMtlMain_out x
	0x6c, 0x61, 0x74, 0x4d, 0x74, 0x6c, 0x4d, 0x61, 0x69, 0x6e, 0x28, 0x78, 0x6c, 0x61, 0x74, 0x4d, // latMtlMain(xlatM
	0x74, 0x6c, 0x4d, 0x61, 0x69, 0x6e, 0x5f, 0x69, 0x6e, 0x20, 0x69, 0x6e, 0x20, 0x5b, 0x5b, 0x73, // tlMain_in in [[s
	0x74, 0x61, 0x67, 0x65, 0x5f, 0x69, 0x6e, 0x5d, 0x5d, 0x2c, 0x20, 0x63, 0x6f, 0x6e, 0x73, 0x74, // tage_in]], const
	0x61, 0x6e, 0x74, 0x20, 0x5f, 0x47, 0x6c, 0x6f, 0x62, 0x61, 0x6c, 0x26, 0x20, 0x5f, 0x6d, 0x74, // ant _Global& _mt
	0x6c, 0x5f, 0x75, 0x20, 0x5b, 0x5b, 0x62, 0x75, 0x66, 0x66, 0x65, 0x72, 0x28, 0x30, 0x29, 0x5d, // l_u [[buffer(0)]
	0x5d, 0x2c, 0x20, 0x74, 0x65, 0x78, 0x74, 0x75, 0x72, 0x65, 0x32, 0x64, 0x3c, 0x66, 0x6c, 0x6f, // ], texture2d<flo
	0x61, 0x74, 0x3e, 0x20, 0x73, 0x5f, 0x74, 0x65, 0x78, 0x43, 0x6f, 0x6c, 0x6f, 0x72, 0x20, 0x5b, // at> s_texColor [
	0x5b, 0x74, 0x65, 0x78, 0x74, 0x75, 0x72, 0x65, 0x28, 0x30, 0x29, 0x5d, 0x5d, 0x2c, 0x20, 0x73, // [texture(0)]], s
	0x61, 0x6d, 0x70, 0x6c, 0x65, 0x72, 0x20, 0x73, 0x5f, 0x74, 0x65, 0x78, 0x43, 0x6f, 0x6c, 0x6f, // ampler s_texColo
	0x72, 0x53, 0x61, 0x6d, 0x70, 0x6c, 0x65, 0x72, 0x20, 0x5b, 0x5b, 0x73, 0x61, 0x6d, 0x70, 0x6c, // rSampler [[sampl
	0x65, 0x72, 0x28, 0x30, 0x29, 0x5d, 0x5d, 0x29, 0x0a, 0x7b, 0x0a, 0x20, 0x20, 0x20, 0x20, 0x78, // er(0)]]).{.    x
	0x6c, 0x61, 0x74, 0x4d, 0x74, 0x6c, 0x4d, 0x61, 0x69, 0x6e, 0x5f, 0x6f, 0x75, 0x74, 0x20, 0x6f, // latMtlMain_out o
	0x75, 0x74, 0x20, 0x3d, 0x20, 0x7b, 0x7d, 0x3b, 0x0a, 0x20, 0x20, 0x20, 0x20, 0x66, 0x6c, 0x6f, // ut = {};.    flo
	0x61, 0x74, 0x34, 0x20, 0x5f, 0x34, 0x35, 0x33, 0x20, 0x3d, 0x20, 0x73, 0x5f, 0x74, 0x65, 0x78, // at4 _453 = s_tex
	0x43, 0x6f, 0x6c, 0x6f, 0x72, 0x2e, 0x73, 0x61, 0x6d, 0x70, 0x6c, 0x65, 0x28, 0x73, 0x5f, 0x74, // Color.sample(s_t
	0x65, 0x78, 0x43, 0x6f, 0x6c, 0x6f, 0x72, 0x53, 0x61, 0x6d, 0x70, 0x6c, 0x65, 0x72, 0x2c, 0x20, // exColorSampler, 
	0x69, 0x6e, 0x2e, 0x76, 0x5f, 0x74, 0x65, 0x78, 0x63, 0x6f, 0x6f, 0x72, 0x64, 0x30, 0x2e, 0x78, // in.v_texcoord0.x
	0x79, 0x2c, 0x20, 0x6c, 0x65, 0x76, 0x65, 0x6c, 0x28, 0x5f, 0x6d, 0x74, 0x6c, 0x5f, 0x75, 0x2e, // y, level(_mtl_u.
	0x75, 0x5f, 0x70, 0x61, 0x72, 0x61, 0x6d, 0x73, 0x30, 0x2e, 0x78, 0x29, 0x29, 0x3b, 0x0a, 0x20, // u_params0.x));. 
	0x20, 0x20, 0x20, 0x66, 0x6c, 0x6f, 0x61, 0x74, 0x33, 0x20, 0x5f, 0x34, 0x32, 0x33, 0x20, 0x3d, //    float3 _423 =
	0x20, 0x5f, 0x34, 0x35, 0x33, 0x2e, 0x78, 0x79, 0x7a, 0x3b, 0x0a, 0x20, 0x20, 0x20, 0x20, 0x66, //  _453.xyz;.    f
	0x6c, 0x6f, 0x61, 0x74, 0x33, 0x20, 0x5f, 0x34, 0x37, 0x32, 0x20, 0x3d, 0x20, 0x6d, 0x69, 0x78, // loat3 _472 = mix
	0x28, 0x70, 0x6f, 0x77, 0x72, 0x28, 0x61, 0x62, 0x73, 0x28, 0x5f, 0x34, 0x32, 0x33, 0x29, 0x2c, // (powr(abs(_423),
	0x20, 0x66, 0x6c, 0x6f, 0x61, 0x74, 0x33, 0x28, 0x32, 0x2e, 0x32, 0x30, 0x30, 0x30, 0x30, 0x30, //  float3(2.200000
	0x30, 0x34, 0x37, 0x36, 0x38, 0x33, 0x37, 0x31, 0x35, 0x38, 0x32, 0x30, 0x33, 0x31, 0x32, 0x35, // 0476837158203125
	0x29, 0x29, 0x2c, 0x20, 0x5f, 0x34, 0x32, 0x33, 0x2c, 0x20, 0x66, 0x6c, 0x6f, 0x61, 0x74, 0x33, // )), _423, float3
	0x28, 0x5f, 0x6d, 0x74, 0x6c, 0x5f, 0x75, 0x2e, 0x75, 0x5f, 0x70, 0x61, 0x72, 0x61, 0x6d, 0x73, // (_mtl_u.u_params
	0x30, 0x2e, 0x7a, 0x29, 0x29, 0x20, 0x2a, 0x20, 0x70, 0x6f, 0x77, 0x72, 0x28, 0x32, 0x2e, 0x30, // 0.z)) * powr(2.0
	0x2c, 0x20, 0x5f, 0x6d, 0x74, 0x6c, 0x5f, 0x75, 0x2e, 0x75, 0x5f, 0x70, 0x61, 0x72, 0x61, 0x6d, // , _mtl_u.u_param
	0x73, 0x30, 0x2e, 0x77, 0x29, 0x3b, 0x0a, 0x20, 0x20, 0x20, 0x20, 0x66, 0x6c, 0x6f, 0x61, 0x74, // s0.w);.    float
	0x34, 0x20, 0x5f, 0x36, 0x37, 0x35, 0x20, 0x3d, 0x20, 0x5f, 0x34, 0x35, 0x33, 0x3b, 0x0a, 0x20, // 4 _675 = _453;. 
	0x20, 0x20, 0x20, 0x5f, 0x36, 0x37, 0x35, 0x2e, 0x78, 0x20, 0x3d, 0x20, 0x5f, 0x34, 0x37, 0x32, //    _675.x = _472
	0x2e, 0x78, 0x3b, 0x0a, 0x20, 0x20, 0x20, 0x20, 0x5f, 0x36, 0x37, 0x35, 0x2e, 0x79, 0x20, 0x3d, // .x;.    _675.y =
	0x20, 0x5f, 0x34, 0x37, 0x32, 0x2e, 0x79, 0x3b, 0x0a, 0x20, 0x20, 0x20, 0x20, 0x5f, 0x36, 0x37, //  _472.y;.    _67
	0x35, 0x2e, 0x7a, 0x20, 0x3d, 0x20, 0x5f, 0x34, 0x37, 0x32, 0x2e, 0x7a, 0x3b, 0x0a, 0x20, 0x20, // 5.z = _472.z;.  
	0x20, 0x20, 0x66, 0x6c, 0x6f, 0x61, 0x74, 0x34, 0x20, 0x5f, 0x34, 0x33, 0x33, 0x20, 0x3d, 0x20, //   float4 _433 = 
	0x5f, 0x36, 0x37, 0x35, 0x20, 0x2a, 0x20, 0x69, 0x6e, 0x2e, 0x76, 0x5f, 0x63, 0x6f, 0x6c, 0x6f, // _675 * in.v_colo
	0x72, 0x30, 0x3b, 0x0a, 0x20, 0x20, 0x20, 0x20, 0x66, 0x6c, 0x6f, 0x61, 0x74, 0x33, 0x20, 0x5f, // r0;.    float3 _
	0x37, 0x30, 0x33, 0x3b, 0x0a, 0x20, 0x20, 0x20, 0x20, 0x69, 0x66, 0x20, 0x28, 0x5f, 0x6d, 0x74, // 703;.    if (_mt
	0x6c, 0x5f, 0x75, 0x2e, 0x75, 0x5f, 0x70, 0x61, 0x72, 0x61, 0x6d, 0x73, 0x31, 0x2e, 0x78, 0x20, // l_u.u_params1.x 
	0x3c, 0x20, 0x30, 0x2e, 0x35, 0x29, 0x0a, 0x20, 0x20, 0x20, 0x20, 0x7b, 0x0a, 0x20, 0x20, 0x20, // < 0.5).    {.   
	0x20, 0x20, 0x20, 0x20, 0x20, 0x66, 0x6c, 0x6f, 0x61, 0x74, 0x33, 0x20, 0x5f, 0x35, 0x30, 0x37, //      float3 _507
	0x20, 0x3d, 0x20, 0x66, 0x61, 0x73, 0x74, 0x3a, 0x3a, 0x63, 0x6c, 0x61, 0x6d, 0x70, 0x28, 0x5f, //  = fast::clamp(_
	0x34, 0x33, 0x33, 0x2e, 0x78, 0x79, 0x7a, 0x2c, 0x20, 0x66, 0x6c, 0x6f, 0x61, 0x74, 0x33, 0x28, // 433.xyz, float3(
	0x30, 0x2e, 0x30, 0x29, 0x2c, 0x20, 0x66, 0x6c, 0x6f, 0x61, 0x74, 0x33, 0x28, 0x31, 0x2e, 0x30, // 0.0), float3(1.0
	0x29, 0x29, 0x3b, 0x0a, 0x20, 0x20, 0x20, 0x20, 0x20, 0x20, 0x20, 0x20, 0x66, 0x6c, 0x6f, 0x61, // ));.        floa
	0x74, 0x20, 0x5f, 0x35, 0x34, 0x38, 0x20, 0x3d, 0x20, 0x5f, 0x35, 0x30, 0x37, 0x2e, 0x78, 0x3b, // t _548 = _507.x;
	0x0a, 0x20, 0x20, 0x20, 0x20, 0x20, 0x20, 0x20, 0x20, 0x66, 0x6c, 0x6f, 0x61, 0x74, 0x20, 0x5f, // .        float _
	0x36, 0x39, 0x37, 0x3b, 0x0a, 0x20, 0x20, 0x20, 0x20, 0x20, 0x20, 0x20, 0x20, 0x64, 0x6f, 0x0a, // 697;.        do.
	0x20, 0x20, 0x20, 0x20, 0x20, 0x20, 0x20, 0x20, 0x7b, 0x0a, 0x20, 0x20, 0x20, 0x20, 0x20, 0x20, //         {.      
	0x20, 0x20, 0x20, 0x20, 0x20, 0x20, 0x69, 0x66, 0x20, 0x28, 0x5f, 0x35, 0x34, 0x38, 0x20, 0x3c, //       if (_548 <
	0x3d, 0x20, 0x30, 0x2e, 0x30, 0x30, 0x33, 0x31, 0x33, 0x30, 0x38, 0x30, 0x30, 0x30, 0x39, 0x30, // = 0.003130800090
	0x37, 0x33, 0x30, 0x31, 0x39, 0x30, 0x32, 0x37, 0x37, 0x30, 0x39, 0x39, 0x36, 0x30, 0x39, 0x33, // 7301902770996093
	0x37, 0x35, 0x29, 0x0a, 0x20, 0x20, 0x20, 0x20, 0x20, 0x20, 0x20, 0x20, 0x20, 0x20, 0x20, 0x20, // 75).            
	0x7b, 0x0a, 0x20, 0x20, 0x20, 0x20, 0x20, 0x20, 0x20, 0x20, 0x20, 0x20, 0x20, 0x20, 0x20, 0x20, // {.              
	0x20, 0x20, 0x5f, 0x36, 0x39, 0x37, 0x20, 0x3d, 0x20, 0x31, 0x32, 0x2e, 0x39, 0x32, 0x30, 0x30, //   _697 = 12.9200
	0x30, 0x30, 0x30, 0x37, 0x36, 0x32, 0x39, 0x33, 0x39, 0x34, 0x35, 0x33, 0x31, 0x32, 0x35, 0x20, // 000762939453125 
	0x2a, 0x20, 0x5f, 0x35, 0x34, 0x38, 0x3b, 0x0a, 0x20, 0x20, 0x20, 0x20, 0x20, 0x20, 0x20, 0x20, // * _548;.        
	0x20, 0x20, 0x20, 0x20, 0x20, 0x20, 0x20, 0x20, 0x62, 0x72, 0x65, 0x61, 0x6b, 0x3b, 0x0a, 0x20, //         break;. 
	0x20, 0x20, 0x20, 0x20, 0x20, 0x20, 0x20, 0x20, 0x20, 0x20, 0x20, 0x7d, 0x0a, 0x20, 0x20, 0x20, //            }.   
	0x20, 0x20, 0x20, 0x20, 0x20, 0x20, 0x20, 0x20, 0x20, 0x65, 0x6c, 0x73, 0x65, 0x0a, 0x20, 0x20, //          else.  
	0x20, 0x20, 0x20, 0x20, 0x20, 0x20, 0x20, 0x20, 0x20, 0x20, 0x7b, 0x0a, 0x20, 0x20, 0x20, 0x20, //           {.    
	0x20, 0x20, 0x20, 0x20, 0x20, 0x20, 0x20, 0x20, 0x20, 0x20, 0x20, 0x20, 0x5f, 0x36, 0x39, 0x37, //             _697
	0x20, 0x3d, 0x20, 0x28, 0x31, 0x2e, 0x30, 0x35, 0x34, 0x39, 0x39, 0x39, 0x39, 0x34, 0x37, 0x35, //  = (1.0549999475
	0x34, 0x37, 0x39, 0x31, 0x32, 0x35, 0x39, 0x37, 0x36, 0x35, 0x36, 0x32, 0x35, 0x20, 0x2a, 0x20, // 4791259765625 * 
	0x70, 0x6f, 0x77, 0x72, 0x28, 0x5f, 0x35, 0x34, 0x38, 0x2c, 0x20, 0x30, 0x2e, 0x34, 0x31, 0x36, // powr(_548, 0.416
	0x36, 0x36, 0x36, 0x36, 0x35, 0x36, 0x37, 0x33, 0x32, 0x35, 0x35, 0x39, 0x32, 0x30, 0x34, 0x31, // 6666567325592041
	0x30, 0x31, 0x35, 0x36, 0x32, 0x35, 0x29, 0x29, 0x20, 0x2d, 0x20, 0x30, 0x2e, 0x30, 0x35, 0x34, // 015625)) - 0.054
	0x39, 0x39, 0x39, 0x39, 0x39, 0x39, 0x37, 0x30, 0x31, 0x39, 0x37, 0x36, 0x37, 0x37, 0x36, 0x31, // 9999997019767761
	0x32, 0x33, 0x30, 0x34, 0x36, 0x38, 0x37, 0x35, 0x3b, 0x0a, 0x20, 0x20, 0x20, 0x20, 0x20, 0x20, // 23046875;.      
	0x20, 0x20, 0x20, 0x20, 0x20, 0x20, 0x20, 0x20, 0x20, 0x20, 0x62, 0x72, 0x65, 0x61, 0x6b, 0x3b, //           break;
	0x0a, 0x20, 0x20, 0x20, 0x20, 0x20, 0x20, 0x20, 0x20, 0x20, 0x20, 0x20, 0x20, 0x7d, 0x0a, 0x20, // .            }. 
	0x20, 0x20, 0x20, 0x20, 0x20, 0x20, 0x20, 0x20, 0x20, 0x20, 0x20, 0x62, 0x72, 0x65, 0x61, 0x6b, //            break
	0x3b, 0x20, 0x2f, 0x2f, 0x20, 0x75, 0x6e, 0x72, 0x65, 0x61, 0x63, 0x68, 0x61, 0x62, 0x6c, 0x65, // ; // unreachable
	0x20, 0x77, 0x6f, 0x72, 0x6b, 0x61, 0x72, 0x6f, 0x75, 0x6e, 0x64, 0x0a, 0x20, 0x20, 0x20, 0x20, //  workaround.    
	0x20, 0x20, 0x20, 0x20, 0x7d, 0x20, 0x77, 0x68, 0x69, 0x6c, 0x65, 0x28, 0x66, 0x61, 0x6c, 0x73, //     } while(fals
	0x65, 0x29, 0x3b, 0x0a, 0x20, 0x20, 0x20, 0x20, 0x20, 0x20, 0x20, 0x20, 0x66, 0x6c, 0x6f, 0x61, // e);.        floa
	0x74, 0x20, 0x5f, 0x35, 0x35, 0x32, 0x20, 0x3d, 0x20, 0x5f, 0x35, 0x30, 0x37, 0x2e, 0x79, 0x3b, // t _552 = _507.y;
	0x0a, 0x20, 0x20, 0x20, 0x20, 0x20, 0x20, 0x20, 0x20, 0x66, 0x6c, 0x6f, 0x61, 0x74, 0x20, 0x5f, // .        float _
	0x36, 0x39, 0x39, 0x3b, 0x0a, 0x20, 0x20, 0x20, 0x20, 0x20, 0x20, 0x20, 0x20, 0x64, 0x6f, 0x0a, // 699;.        do.
	0x20, 0x20, 0x20, 0x20, 0x20, 0x20, 0x20, 0x20, 0x7b, 0x0a, 0x20, 0x20, 0x20, 0x20, 0x20, 0x20, //         {.      
	0x20, 0x20, 0x20, 0x20, 0x20, 0x20, 0x69, 0x66, 0x20, 0x28, 0x5f, 0x35, 0x35, 0x32, 0x20, 0x3c, //       if (_552 <
	0x3d, 0x20, 0x30, 0x2e, 0x30, 0x30, 0x33, 0x31, 0x33, 0x30, 0x38, 0x30, 0x30, 0x30, 0x39, 0x30, // = 0.003130800090
	0x37, 0x33, 0x30, 0x31, 0x39, 0x30, 0x32, 0x37, 0x37, 0x30, 0x39, 0x39, 0x36, 0x30, 0x39, 0x33, // 7301902770996093
	0x37, 0x35, 0x29, 0x0a, 0x20, 0x20, 0x20, 0x20, 0x20, 0x20, 0x20, 0x20, 0x20, 0x20, 0x20, 0x20, // 75).            
	0x7b, 0x0a, 0x20, 0x20, 0x20, 0x20, 0x20, 0x20, 0x20, 0x20, 0x20, 0x20, 0x20, 0x20, 0x20, 0x20, // {.              
	0x20, 0x20, 0x5f, 0x36, 0x39, 0x39, 0x20, 0x3d, 0x20, 0x31, 0x32, 0x2e, 0x39, 0x32, 0x30, 0x30, //   _699 = 12.9200
	0x30, 0x30, 0x30, 0x37, 0x36, 0x32, 0x39, 0x33, 0x39, 0x34, 0x35, 0x33, 0x31, 0x32, 0x35, 0x20, // 000762939453125 
	0x2a, 0x20, 0x5f, 0x35, 0x35, 0x32, 0x3b, 0x0a, 0x20, 0x20, 0x20, 0x20, 0x20, 0x20, 0x20, 0x20, // * _552;.        
	0x20, 0x20, 0x20, 0x20, 0x20, 0x20, 0x20, 0x20, 0x62, 0x72, 0x65, 0x61, 0x6b, 0x3b, 0x0a, 0x20, //         break;. 
	0x20, 0x20, 0x20, 0x20, 0x20, 0x20, 0x20, 0x20, 0x20, 0x20, 0x20, 0x7d, 0x0a, 0x20, 0x20, 0x20, //            }.   
	0x20, 0x20, 0x20, 0x20, 0x20, 0x20, 0x20, 0x20, 0x20, 0x65, 0x6c, 0x73, 0x65, 0x0a, 0x20, 0x20, //          else.  
	0x20, 0x20, 0x20, 0x20, 0x20, 0x20, 0x20, 0x20, 0x20, 0x20, 0x7b, 0x0a, 0x20, 0x20, 0x20, 0x20, //           {.    
	0x20, 0x20, 0x20, 0x20, 0x20, 0x20, 0x20, 0x20, 0x20, 0x20, 0x20, 0x20, 0x5f, 0x36, 0x39, 0x39, //             _699
	0x20, 0x3d, 0x20, 0x28, 0x31, 0x2e, 0x30, 0x35, 0x34, 0x39, 0x39, 0x39, 0x39, 0x34, 0x37, 0x35, //  = (1.0549999475
	0x34, 0x37, 0x39, 0x31, 0x32, 0x35, 0x39, 0x37, 0x36, 0x35, 0x36, 0x32, 0x35, 0x20, 0x2a, 0x20, // 4791259765625 * 
	0x70, 0x6f, 0x77, 0x72, 0x28, 0x5f, 0x35, 0x35, 0x32, 0x2c, 0x20, 0x30, 0x2e, 0x34, 0x31, 0x36, // powr(_552, 0.416
	0x36, 0x36, 0x36, 0x36, 0x35, 0x36, 0x37, 0x33, 0x32, 0x35, 0x35, 0x39, 0x32, 0x30, 0x34, 0x31, // 6666567325592041
	0x30, 0x31, 0x35, 0x36, 0x32, 0x35, 0x29, 0x29, 0x20, 0x2d, 0x20, 0x30, 0x2e, 0x30, 0x35, 0x34, // 015625)) - 0.054
	0x39, 0x39, 0x39, 0x39, 0x39, 0x39, 0x37, 0x30, 0x31, 0x39, 0x37, 0x36, 0x37, 0x37, 0x36, 0x31, // 9999997019767761
	0x32, 0x33, 0x30, 0x34, 0x36, 0x38, 0x37, 0x35, 0x3b, 0x0a, 0x20, 0x20, 0x20, 0x20, 0x20, 0x20, // 23046875;.      
	0x20, 0x20, 0x20, 0x20, 0x20, 0x20, 0x20, 0x20, 0x20, 0x20, 0x62, 0x72, 0x65, 0x61, 0x6b, 0x3b, //           break;
	0x0a, 0x20, 0x20, 0x20, 0x20, 0x20, 0x20, 0x20, 0x20, 0x20, 0x20, 0x20, 0x20, 0x7d, 0x0a, 0x20, // .            }. 
	0x20, 0x20, 0x20, 0x20, 0x20, 0x20, 0x20, 0x20, 0x20, 0x20, 0x20, 0x62, 0x72, 0x65, 0x61, 0x6b, //            break
	0x3b, 0x20, 0x2f, 0x2f, 0x20, 0x75, 0x6e, 0x72, 0x65, 0x61, 0x63, 0x68, 0x61, 0x62, 0x6c, 0x65, // ; // unreachable
	0x20, 0x77, 0x6f, 0x72, 0x6b, 0x61, 0x72, 0x6f, 0x75, 0x6e, 0x64, 0x0a, 0x20, 0x20, 0x20, 0x20, //  workaround.    
	0x20, 0x20, 0x20, 0x20, 0x7d, 0x20, 0x77, 0x68, 0x69, 0x6c, 0x65, 0x28, 0x66, 0x61, 0x6c, 0x73, //     } while(fals
	0x65, 0x29, 0x3b, 0x0a, 0x20, 0x20, 0x20, 0x20, 0x20, 0x20, 0x20, 0x20, 0x66, 0x6c, 0x6f, 0x61, // e);.        floa
	0x74, 0x20, 0x5f, 0x35, 0x35, 0x36, 0x20, 0x3d, 0x20, 0x5f, 0x35, 0x30, 0x37, 0x2e, 0x7a, 0x3b, // t _556 = _507.z;
	0x0a, 0x20, 0x20, 0x20, 0x20, 0x20, 0x20, 0x20, 0x20, 0x66, 0x6c, 0x6f, 0x61, 0x74, 0x20, 0x5f, // .        float _
	0x37, 0x30, 0x31, 0x3b, 0x0a, 0x20, 0x20, 0x20, 0x20, 0x20, 0x20, 0x20, 0x20, 0x64, 0x6f, 0x0a, // 701;.        do.
	0x20, 0x20, 0x20, 0x20, 0x20, 0x20, 0x20, 0x20, 0x7b, 0x0a, 0x20, 0x20, 0x20, 0x20, 0x20, 0x20, //         {.      
	0x20, 0x20, 0x20, 0x20, 0x20, 0x20, 0x69, 0x66, 0x20, 0x28, 0x5f, 0x35, 0x35, 0x36, 0x20, 0x3c, //       if (_556 <
	0x3d, 0x20, 0x30, 0x2e, 0x30, 0x30, 0x33, 0x31, 0x33, 0x30, 0x38, 0x30, 0x30, 0x30, 0x39, 0x30, // = 0.003130800090
	0x37, 0x33, 0x30, 0x31, 0x39, 0x30, 0x32, 0x37, 0x37, 0x30, 0x39, 0x39, 0x36, 0x30, 0x39, 0x33, // 7301902770996093
	0x37, 0x35, 0x29, 0x0a, 0x20, 0x20, 0x20, 0x20, 0x20, 0x20, 0x20, 0x20, 0x20, 0x20, 0x20, 0x20, // 75).            
	0x7b, 0x0a, 0x20, 0x20, 0x20, 0x20, 0x20, 0x20, 0x20, 0x20, 0x20, 0x20, 0x20, 0x20, 0x20, 0x20, // {.              
	0x20, 0x20, 0x5f, 0x37, 0x30, 0x31, 0x20, 0x3d, 0x20, 0x31, 0x32, 0x2e, 0x39, 0x32, 0x30, 0x30, //   _701 = 12.9200
	0x30, 0x30, 0x30, 0x37, 0x36, 0x32, 0x39, 0x33, 0x39, 0x34, 0x35, 0x33, 0x31, 0x32, 0x35, 0x20, // 000762939453125 
	0x2a, 0x20, 0x5f, 0x35, 0x35, 0x36, 0x3b, 0x0a, 0x20, 0x20, 0x20, 0x20, 0x20, 0x20, 0x20, 0x20, // * _556;.        
	0x20, 0x20, 0x20, 0x20, 0x20, 0x20, 0x20, 0x20, 0x62, 0x72, 0x65, 0x61, 0x6b, 0x3b, 0x0a, 0x20, //         break;. 
	0x20, 0x20, 0x20, 0x20, 0x20, 0x20, 0x20, 0x20, 0x20, 0x20, 0x20, 0x7d, 0x0a, 0x20, 0x20, 0x20, //            }.   
	0x20, 0x20, 0x20, 0x20, 0x20, 0x20, 0x20, 0x20, 0x20, 0x65, 0x6c, 0x73, 0x65, 0x0a, 0x20, 0x20, //          else.  
	0x20, 0x20, 0x20, 0x20, 0x20, 0x20, 0x20, 0x20, 0x20, 0x20, 0x7b, 0x0a, 0x20, 0x20, 0x20, 0x20, //           {.    
	0x20, 0x20, 0x20, 0x20, 0x20, 0x20, 0x20, 0x20, 0x20, 0x20, 0x20, 0x20, 0x5f, 0x37, 0x30, 0x31, //             _701
	0x20, 0x3d, 0x20, 0x28, 0x31, 0x2e, 0x30, 0x35, 0x34, 0x39, 0x39, 0x39, 0x39, 0x34, 0x37, 0x35, //  = (1.0549999475
	0x34, 0x37, 0x39, 0x31, 0x32, 0x35, 0x39, 0x37, 0x36, 0x35, 0x36, 0x32, 0x35, 0x20, 0x2a, 0x20, // 4791259765625 * 
	0x70, 0x6f, 0x77, 0x72, 0x28, 0x5f, 0x35, 0x35, 0x36, 0x2c, 0x20, 0x30, 0x2e, 0x34, 0x31, 0x36, // powr(_556, 0.416
	0x36, 0x36, 0x36, 0x36, 0x35, 0x36, 0x37, 0x33, 0x32, 0x35, 0x35, 0x39, 0x32, 0x30, 0x34, 0x31, // 6666567325592041
	0x30, 0x31, 0x35, 0x36, 0x32, 0x35, 0x29, 0x29, 0x20, 0x2d, 0x20, 0x30, 0x2e, 0x30, 0x35, 0x34, // 015625)) - 0.054
	0x39, 0x39, 0x39, 0x39, 0x39, 0x39, 0x37, 0x30, 0x31, 0x39, 0x37, 0x36, 0x37, 0x37, 0x36, 0x31, // 9999997019767761
	0x32, 0x33, 0x30, 0x34, 0x36, 0x38, 0x37, 0x35, 0x3b, 0x0a, 0x20, 0x20, 0x20, 0x20, 0x20, 0x20, // 23046875;.      
	0x20, 0x20, 0x20, 0x20, 0x20, 0x20, 0x20, 0x20, 0x20, 0x20, 0x62, 0x72, 0x65, 0x61, 0x6b, 0x3b, //           break;
	0x0a, 0x20, 0x20, 0x20, 0x20, 0x20, 0x20, 0x20, 0x20, 0x20, 0x20, 0x20, 0x20, 0x7d, 0x0a, 0x20, // .            }. 
	0x20, 0x20, 0x20, 0x20, 0x20, 0x20, 0x20, 0x20, 0x20, 0x20, 0x20, 0x62, 0x72, 0x65, 0x61, 0x6b, //            break
	0x3b, 0x20, 0x2f, 0x2f, 0x20, 0x75, 0x6e, 0x72, 0x65, 0x61, 0x63, 0x68, 0x61, 0x62, 0x6c, 0x65, // ; // unreachable
	0x20, 0x77, 0x6f, 0x72, 0x6b, 0x61, 0x72, 0x6f, 0x75, 0x6e, 0x64, 0x0a, 0x20, 0x20, 0x20, 0x20, //  workaround.    
	0x20, 0x20, 0x20, 0x20, 0x7d, 0x20, 0x77, 0x68, 0x69, 0x6c, 0x65, 0x28, 0x66, 0x61, 0x6c, 0x73, //     } while(fals
	0x65, 0x29, 0x3b, 0x0a, 0x20, 0x20, 0x20, 0x20, 0x20, 0x20, 0x20, 0x20, 0x5f, 0x37, 0x30, 0x33, // e);.        _703
	0x20, 0x3d, 0x20, 0x66, 0x6c, 0x6f, 0x61, 0x74, 0x33, 0x28, 0x5f, 0x36, 0x39, 0x37, 0x2c, 0x20, //  = float3(_697, 
	0x5f, 0x36, 0x39, 0x39, 0x2c, 0x20, 0x5f, 0x37, 0x30, 0x31, 0x29, 0x3b, 0x0a, 0x20, 0x20, 0x20, // _699, _701);.   
	0x20, 0x7d, 0x0a, 0x20, 0x20, 0x20, 0x20, 0x65, 0x6c, 0x73, 0x65, 0x0a, 0x20, 0x20, 0x20, 0x20, //  }.    else.    
	0x7b, 0x0a, 0x20, 0x20, 0x20, 0x20, 0x20, 0x20, 0x20, 0x20, 0x66, 0x6c, 0x6f, 0x61, 0x74, 0x33, // {.        float3
	0x20, 0x5f, 0x37, 0x30, 0x34, 0x3b, 0x0a, 0x20, 0x20, 0x20, 0x20, 0x20, 0x20, 0x20, 0x20, 0x69, //  _704;.        i
	0x66, 0x20, 0x28, 0x5f, 0x6d, 0x74, 0x6c, 0x5f, 0x75, 0x2e, 0x75, 0x5f, 0x70, 0x61, 0x72, 0x61, // f (_mtl_u.u_para
	0x6d, 0x73, 0x31, 0x2e, 0x78, 0x20, 0x3c, 0x20, 0x31, 0x2e, 0x35, 0x29, 0x0a, 0x20, 0x20, 0x20, // ms1.x < 1.5).   
	0x20, 0x20, 0x20, 0x20, 0x20, 0x7b, 0x0a, 0x20, 0x20, 0x20, 0x20, 0x20, 0x20, 0x20, 0x20, 0x20, //      {.         
	0x20, 0x20, 0x20, 0x5f, 0x37, 0x30, 0x34, 0x20, 0x3d, 0x20, 0x5f, 0x34, 0x33, 0x33, 0x2e, 0x78, //    _704 = _433.x
	0x79, 0x7a, 0x3b, 0x0a, 0x20, 0x20, 0x20, 0x20, 0x20, 0x20, 0x20, 0x20, 0x7d, 0x0a, 0x20, 0x20, // yz;.        }.  
	0x20, 0x20, 0x20, 0x20, 0x20, 0x20, 0x65, 0x6c, 0x73, 0x65, 0x0a, 0x20, 0x20, 0x20, 0x20, 0x20, //       else.     
	0x20, 0x20, 0x20, 0x7b, 0x0a, 0x20, 0x20, 0x20, 0x20, 0x20, 0x20, 0x20, 0x20, 0x20, 0x20, 0x20, //    {.           
	0x20, 0x66, 0x6c, 0x6f, 0x61, 0x74, 0x33, 0x20, 0x5f, 0x37, 0x30, 0x35, 0x3b, 0x0a, 0x20, 0x20, //  float3 _705;.  
	0x20, 0x20, 0x20, 0x20, 0x20, 0x20, 0x20, 0x20, 0x20, 0x20, 0x69, 0x66, 0x20, 0x28, 0x5f, 0x6d, //           if (_m
	0x74, 0x6c, 0x5f, 0x75, 0x2e, 0x75, 0x5f, 0x70, 0x61, 0x72, 0x61, 0x6d, 0x73, 0x31, 0x2e, 0x78, // tl_u.u_params1.x
	0x20, 0x3c, 0x20, 0x32, 0x2e, 0x35, 0x29, 0x0a, 0x20, 0x20, 0x20, 0x20, 0x20, 0x20, 0x20, 0x20, //  < 2.5).        
	0x20, 0x20, 0x20, 0x20, 0x7b, 0x0a, 0x20, 0x20, 0x20, 0x20, 0x20, 0x20, 0x20, 0x20, 0x20, 0x20, //     {.          
	0x20, 0x20, 0x20, 0x20, 0x20, 0x20, 0x66, 0x6c, 0x6f, 0x61, 0x74, 0x33, 0x20, 0x5f, 0x36, 0x34, //       float3 _64
	0x31, 0x20, 0x3d, 0x20, 0x70, 0x6f, 0x77, 0x72, 0x28, 0x28, 0x28, 0x28, 0x5f, 0x34, 0x33, 0x33, // 1 = powr((((_433
	0x2e, 0x78, 0x79, 0x7a, 0x20, 0x2a, 0x20, 0x66, 0x6c, 0x6f, 0x61, 0x74, 0x33, 0x78, 0x33, 0x28, // .xyz * float3x3(
	0x66, 0x6c, 0x6f, 0x61, 0x74, 0x33, 0x28, 0x30, 0x2e, 0x34, 0x31, 0x32, 0x35, 0x35, 0x36, 0x34, // float3(0.4125564
	0x30, 0x39, 0x38, 0x33, 0x35, 0x38, 0x31, 0x35, 0x34, 0x32, 0x39, 0x36, 0x38, 0x37, 0x35, 0x2c, // 098358154296875,
	0x20, 0x30, 0x2e, 0x33, 0x35, 0x37, 0x35, 0x37, 0x36, 0x31, 0x30, 0x32, 0x30, 0x31, 0x38, 0x33, //  0.3575761020183
	0x35, 0x36, 0x33, 0x32, 0x33, 0x32, 0x34, 0x32, 0x31, 0x38, 0x37, 0x35, 0x2c, 0x20, 0x30, 0x2e, // 563232421875, 0.
	0x31, 0x38, 0x30, 0x34, 0x33, 0x37, 0x35, 0x30, 0x35, 0x32, 0x34, 0x35, 0x32, 0x30, 0x38, 0x37, // 1804375052452087
	0x34, 0x30, 0x32, 0x33, 0x34, 0x33, 0x37, 0x35, 0x29, 0x2c, 0x20, 0x66, 0x6c, 0x6f, 0x61, 0x74, // 40234375), float
	0x33, 0x28, 0x30, 0x2e, 0x32, 0x31, 0x32, 0x36, 0x37, 0x32, 0x39, 0x30, 0x34, 0x31, 0x33, 0x33, // 3(0.212672904133
	0x37, 0x39, 0x36, 0x36, 0x39, 0x31, 0x38, 0x39, 0x34, 0x35, 0x33, 0x31, 0x32, 0x35, 0x2c, 0x20, // 79669189453125, 
	0x30, 0x2e, 0x37, 0x31, 0x35, 0x31, 0x35, 0x32, 0x32, 0x30, 0x34, 0x30, 0x33, 0x36, 0x37, 0x31, // 0.71515220403671
	0x32, 0x36, 0x34, 0x36, 0x34, 0x38, 0x34, 0x33, 0x37, 0x35, 0x2c, 0x20, 0x30, 0x2e, 0x30, 0x37, // 2646484375, 0.07
	0x32, 0x31, 0x37, 0x35, 0x30, 0x30, 0x33, 0x35, 0x38, 0x38, 0x31, 0x39, 0x39, 0x36, 0x31, 0x35, // 2175003588199615
	0x34, 0x37, 0x38, 0x35, 0x31, 0x35, 0x36, 0x32, 0x35, 0x29, 0x2c, 0x20, 0x66, 0x6c, 0x6f, 0x61, // 478515625), floa
	0x74, 0x33, 0x28, 0x30, 0x2e, 0x30, 0x31, 0x39, 0x33, 0x33, 0x33, 0x39, 0x30, 0x30, 0x38, 0x38, // t3(0.01933390088
	0x33, 0x37, 0x39, 0x33, 0x38, 0x33, 0x30, 0x38, 0x37, 0x31, 0x35, 0x38, 0x32, 0x30, 0x33, 0x31, // 3793830871582031
	0x32, 0x35, 0x2c, 0x20, 0x30, 0x2e, 0x31, 0x31, 0x39, 0x31, 0x39, 0x31, 0x39, 0x39, 0x36, 0x37, // 25, 0.1191919967
	0x35, 0x33, 0x32, 0x31, 0x35, 0x37, 0x38, 0x39, 0x37, 0x39, 0x34, 0x39, 0x32, 0x31, 0x38, 0x37, // 5321578979492187
	0x35, 0x2c, 0x20, 0x30, 0x2e, 0x39, 0x35, 0x30, 0x33, 0x30, 0x34, 0x30, 0x39, 0x30, 0x39, 0x37, // 5, 0.95030409097
	0x36, 0x37, 0x31, 0x35, 0x30, 0x38, 0x37, 0x38, 0x39, 0x30, 0x36, 0x32, 0x35, 0x29, 0x29, 0x29, // 6715087890625)))
	0x20, 0x2a, 0x20, 0x66, 0x6c, 0x6f, 0x61, 0x74, 0x33, 0x78, 0x33, 0x28, 0x66, 0x6c, 0x6f, 0x61, //  * float3x3(floa
	0x74, 0x33, 0x28, 0x31, 0x2e, 0x37, 0x31, 0x36, 0x36, 0x35, 0x31, 0x32, 0x30, 0x31, 0x32, 0x34, // t3(1.71665120124
	0x38, 0x31, 0x36, 0x38, 0x39, 0x34, 0x35, 0x33, 0x31, 0x32, 0x35, 0x2c, 0x20, 0x2d, 0x30, 0x2e, // 81689453125, -0.
	0x33, 0x35, 0x35, 0x36, 0x37, 0x30, 0x38, 0x30, 0x39, 0x37, 0x34, 0x35, 0x37, 0x38, 0x38, 0x35, // 3556708097457885
	0x37, 0x34, 0x32, 0x31, 0x38, 0x37, 0x35, 0x2c, 0x20, 0x2d, 0x30, 0x2e, 0x32, 0x35, 0x33, 0x33, // 7421875, -0.2533
	0x36, 0x36, 0x32, 0x39, 0x31, 0x35, 0x32, 0x32, 0x39, 0x37, 0x39, 0x37, 0x33, 0x36, 0x33, 0x32, // 6629152297973632
	0x38, 0x31, 0x32, 0x35, 0x29, 0x2c, 0x20, 0x66, 0x6c, 0x6f, 0x61, 0x74, 0x33, 0x28, 0x2d, 0x30, // 8125), float3(-0
	0x2e, 0x36, 0x36, 0x36, 0x36, 0x38, 0x34, 0x33, 0x38, 0x39, 0x31, 0x31, 0x34, 0x33, 0x37, 0x39, // .666684389114379
	0x38, 0x38, 0x32, 0x38, 0x31, 0x32, 0x35, 0x2c, 0x20, 0x31, 0x2e, 0x36, 0x31, 0x36, 0x34, 0x38, // 8828125, 1.61648
	0x31, 0x31, 0x38, 0x34, 0x39, 0x35, 0x39, 0x34, 0x31, 0x31, 0x36, 0x32, 0x31, 0x30, 0x39, 0x33, // 1184959411621093
	0x37, 0x35, 0x2c, 0x20, 0x30, 0x2e, 0x30, 0x31, 0x35, 0x37, 0x36, 0x38, 0x35, 0x30, 0x30, 0x30, // 75, 0.0157685000
	0x34, 0x34, 0x39, 0x34, 0x31, 0x39, 0x30, 0x32, 0x31, 0x36, 0x30, 0x36, 0x34, 0x34, 0x35, 0x33, // 4494190216064453
	0x31, 0x32, 0x35, 0x29, 0x2c, 0x20, 0x66, 0x6c, 0x6f, 0x61, 0x74, 0x33, 0x28, 0x30, 0x2e, 0x30, // 125), float3(0.0
	0x31, 0x37, 0x36, 0x33, 0x39, 0x38, 0x39, 0x39, 0x36, 0x32, 0x36, 0x33, 0x37, 0x34, 0x32, 0x34, // 1763989962637424
	0x34, 0x36, 0x38, 0x39, 0x39, 0x34, 0x31, 0x34, 0x30, 0x36, 0x32, 0x35, 0x2c, 0x20, 0x2d, 0x30, // 468994140625, -0
	0x2e, 0x30, 0x34, 0x32, 0x37, 0x37, 0x30, 0x36, 0x30, 0x31, 0x38, 0x30, 0x39, 0x30, 0x32, 0x34, // .042770601809024
	0x38, 0x31, 0x30, 0x37, 0x39, 0x31, 0x30, 0x31, 0x35, 0x36, 0x32, 0x35, 0x2c, 0x20, 0x30, 0x2e, // 810791015625, 0.
	0x39, 0x34, 0x32, 0x31, 0x30, 0x33, 0x30, 0x38, 0x37, 0x39, 0x30, 0x32, 0x30, 0x36, 0x39, 0x30, // 9421030879020690
	0x39, 0x31, 0x37, 0x39, 0x36, 0x38, 0x37, 0x35, 0x29, 0x29, 0x29, 0x20, 0x2a, 0x20, 0x5f, 0x6d, // 91796875))) * _m
	0x74, 0x6c, 0x5f, 0x75, 0x2e, 0x75, 0x5f, 0x70, 0x61, 0x72, 0x61, 0x6d, 0x73, 0x31, 0x2e, 0x79, // tl_u.u_params1.y
	0x29, 0x20, 0x2a, 0x20, 0x39, 0x2e, 0x39, 0x39, 0x39, 0x39, 0x39, 0x39, 0x37, 0x34, 0x37, 0x33, // ) * 9.9999997473
	0x37, 0x38, 0x37, 0x35, 0x31, 0x36, 0x33, 0x35, 0x35, 0x35, 0x31, 0x34, 0x35, 0x32, 0x36, 0x33, // 7875163555145263
	0x36, 0x37, 0x31, 0x38, 0x38, 0x65, 0x2d, 0x30, 0x35, 0x2c, 0x20, 0x66, 0x6c, 0x6f, 0x61, 0x74, // 67188e-05, float
	0x33, 0x28, 0x30, 0x2e, 0x31, 0x35, 0x39, 0x33, 0x30, 0x31, 0x37, 0x35, 0x37, 0x38, 0x31, 0x32, // 3(0.159301757812
	0x35, 0x29, 0x29, 0x3b, 0x0a, 0x20, 0x20, 0x20, 0x20, 0x20, 0x20, 0x20, 0x20, 0x20, 0x20, 0x20, // 5));.           
	0x20, 0x20, 0x20, 0x20, 0x20, 0x5f, 0x37, 0x30, 0x35, 0x20, 0x3d, 0x20, 0x70, 0x6f, 0x77, 0x72, //      _705 = powr
	0x28, 0x28, 0x66, 0x6c, 0x6f, 0x61, 0x74, 0x33, 0x28, 0x30, 0x2e, 0x38, 0x33, 0x35, 0x39, 0x33, // ((float3(0.83593
	0x37, 0x35, 0x29, 0x20, 0x2b, 0x20, 0x28, 0x5f, 0x36, 0x34, 0x31, 0x20, 0x2a, 0x20, 0x31, 0x38, // 75) + (_641 * 18
	0x2e, 0x38, 0x35, 0x31, 0x35, 0x36, 0x32, 0x35, 0x29, 0x29, 0x20, 0x2f, 0x20, 0x28, 0x66, 0x6c, // .8515625)) / (fl
	0x6f, 0x61, 0x74, 0x33, 0x28, 0x31, 0x2e, 0x30, 0x29, 0x20, 0x2b, 0x20, 0x28, 0x5f, 0x36, 0x34, // oat3(1.0) + (_64
	0x31, 0x20, 0x2a, 0x20, 0x31, 0x38, 0x2e, 0x36, 0x38, 0x37, 0x35, 0x29, 0x29, 0x2c, 0x20, 0x66, // 1 * 18.6875)), f
	0x6c, 0x6f, 0x61, 0x74, 0x33, 0x28, 0x37, 0x38, 0x2e, 0x38, 0x34, 0x33, 0x37, 0x35, 0x29, 0x29, // loat3(78.84375))
	0x3b, 0x0a, 0x20, 0x20, 0x20, 0x20, 0x20, 0x20, 0x20, 0x20, 0x20, 0x20, 0x20, 0x20, 0x7d, 0x0a, // ;.            }.
	0x20, 0x20, 0x20, 0x20, 0x20, 0x20, 0x20, 0x20, 0x20, 0x20, 0x20, 0x20, 0x65, 0x6c, 0x73, 0x65, //             else
	0x0a, 0x20, 0x20, 0x20, 0x20, 0x20, 0x20, 0x20, 0x20, 0x20, 0x20, 0x20, 0x20, 0x7b, 0x0a, 0x20, // .            {. 
	0x20, 0x20, 0x20, 0x20, 0x20, 0x20, 0x20, 0x20, 0x20, 0x20, 0x20, 0x20, 0x20, 0x20, 0x20, 0x5f, //                _
	0x37, 0x30, 0x35, 0x20, 0x3d, 0x20, 0x66, 0x6c, 0x6f, 0x61, 0x74, 0x33, 0x28, 0x30, 0x2e, 0x30, // 705 = float3(0.0
	0x29, 0x3b, 0x0a, 0x20, 0x20, 0x20, 0x20, 0x20, 0x20, 0x20, 0x20, 0x20, 0x20, 0x20, 0x20, 0x7d, // );.            }
	0x0a, 0x20, 0x20, 0x20, 0x20, 0x20, 0x20, 0x20, 0x20, 0x20, 0x20, 0x20, 0x20, 0x5f, 0x37, 0x30, // .            _70
	0x34, 0x20, 0x3d, 0x20, 0x5f, 0x37, 0x30, 0x35, 0x3b, 0x0a, 0x20, 0x20, 0x20, 0x20, 0x20, 0x20, // 4 = _705;.      
	0x20, 0x20, 0x7d, 0x0a, 0x20, 0x20, 0x20, 0x20, 0x20, 0x20, 0x20, 0x20, 0x5f, 0x37, 0x30, 0x33, //   }.        _703
	0x20, 0x3d, 0x20, 0x5f, 0x37, 0x30, 0x34, 0x3b, 0x0a, 0x20, 0x20, 0x20, 0x20, 0x7d, 0x0a, 0x20, //  = _704;.    }. 
	0x20, 0x20, 0x20, 0x6f, 0x75, 0x74, 0x2e, 0x62, 0x67, 0x66, 0x78, 0x5f, 0x46, 0x72, 0x61, 0x67, //    out.bgfx_Frag
	0x44, 0x61, 0x74, 0x61, 0x30, 0x20, 0x3d, 0x20, 0x66, 0x6c, 0x6f, 0x61, 0x74, 0x34, 0x28, 0x5f, // Data0 = float4(_
	0x37, 0x30, 0x33, 0x2c, 0x20, 0x5f, 0x34, 0x33, 0x33, 0x2e, 0x77, 0x29, 0x3b, 0x0a, 0x20, 0x20, // 703, _433.w);.  
	0x20, 0x20, 0x72, 0x65, 0x74, 0x75, 0x72, 0x6e, 0x20, 0x6f, 0x75, 0x74, 0x3b, 0x0a, 0x7d, 0x0a, //   return out;.}.
	0x0a, 0x00, 0x00, 0x40, 0x00,                                                                   // ...@.
};
extern const uint8_t* fs_texture_pssl;
extern const uint32_t fs_texture_pssl_size;
