static const uint8_t fs_texture_cube2_glsl[3464] =
{
	0x46, 0x53, 0x48, 0x0c, 0x01, 0x83, 0xf2, 0xe1, 0x00, 0x00, 0x00, 0x00, 0x00, 0x00, 0x00, 0x00, // FSH.............
	0x00, 0x00, 0x00, 0x00, 0x03, 0x00, 0x09, 0x75, 0x5f, 0x70, 0x61, 0x72, 0x61, 0x6d, 0x73, 0x30, // .......u_params0
	0x02, 0x01, 0x00, 0x00, 0x01, 0x00, 0x00, 0x00, 0x00, 0x00, 0x09, 0x75, 0x5f, 0x70, 0x61, 0x72, // ...........u_par
	0x61, 0x6d, 0x73, 0x31, 0x02, 0x01, 0x00, 0x00, 0x01, 0x00, 0x00, 0x00, 0x00, 0x00, 0x0a, 0x73, // ams1...........s
	0x5f, 0x74, 0x65, 0x78, 0x43, 0x6f, 0x6c, 0x6f, 0x72, 0x00, 0x01, 0x00, 0x00, 0x01, 0x00, 0x00, // _texColor.......
	0x04, 0x00, 0x00, 0x30, 0x0d, 0x00, 0x00, 0x0a, 0x75, 0x6e, 0x69, 0x66, 0x6f, 0x72, 0x6d, 0x20, // ...0....uniform 
	0x76, 0x65, 0x63, 0x34, 0x20, 0x75, 0x5f, 0x70, 0x61, 0x72, 0x61, 0x6d, 0x73, 0x30, 0x3b, 0x0a, // vec4 u_params0;.
	0x75, 0x6e, 0x69, 0x66, 0x6f, 0x72, 0x6d, 0x20, 0x73, 0x61, 0x6d, 0x70, 0x6c, 0x65, 0x72, 0x43, // uniform samplerC
	0x75, 0x62, 0x65, 0x20, 0x73, 0x5f, 0x74, 0x65, 0x78, 0x43, 0x6f, 0x6c, 0x6f, 0x72, 0x3b, 0x0a, // ube s_texColor;.
	0x75, 0x6e, 0x69, 0x66, 0x6f, 0x72, 0x6d, 0x20, 0x76, 0x65, 0x63, 0x34, 0x20, 0x75, 0x5f, 0x70, // uniform vec4 u_p
	0x61, 0x72, 0x61, 0x6d, 0x73, 0x31, 0x3b, 0x0a, 0x0a, 0x69, 0x6e, 0x20, 0x76, 0x65, 0x63, 0x33, // arams1;..in vec3
	0x20, 0x76, 0x5f, 0x74, 0x65, 0x78, 0x63, 0x6f, 0x6f, 0x72, 0x64, 0x30, 0x3b, 0x0a, 0x69, 0x6e, //  v_texcoord0;.in
	0x20, 0x76, 0x65, 0x63, 0x34, 0x20, 0x76, 0x5f, 0x63, 0x6f, 0x6c, 0x6f, 0x72, 0x30, 0x3b, 0x0a, //  vec4 v_color0;.
	0x6c, 0x61, 0x79, 0x6f, 0x75, 0x74, 0x28, 0x6c, 0x6f, 0x63, 0x61, 0x74, 0x69, 0x6f, 0x6e, 0x20, // layout(location 
	0x3d, 0x20, 0x30, 0x29, 0x20, 0x6f, 0x75, 0x74, 0x20, 0x76, 0x65, 0x63, 0x34, 0x20, 0x62, 0x67, // = 0) out vec4 bg
	0x66, 0x78, 0x5f, 0x46, 0x72, 0x61, 0x67, 0x43, 0x6f, 0x6c, 0x6f, 0x72, 0x3b, 0x0a, 0x0a, 0x76, // fx_FragColor;..v
	0x6f, 0x69, 0x64, 0x20, 0x6d, 0x61, 0x69, 0x6e, 0x28, 0x29, 0x0a, 0x7b, 0x0a, 0x20, 0x20, 0x20, // oid main().{.   
	0x20, 0x76, 0x65, 0x63, 0x34, 0x20, 0x5f, 0x32, 0x36, 0x32, 0x20, 0x3d, 0x20, 0x74, 0x65, 0x78, //  vec4 _262 = tex
	0x74, 0x75, 0x72, 0x65, 0x4c, 0x6f, 0x64, 0x28, 0x73, 0x5f, 0x74, 0x65, 0x78, 0x43, 0x6f, 0x6c, // tureLod(s_texCol
	0x6f, 0x72, 0x2c, 0x20, 0x76, 0x5f, 0x74, 0x65, 0x78, 0x63, 0x6f, 0x6f, 0x72, 0x64, 0x30, 0x2c, // or, v_texcoord0,
	0x20, 0x75, 0x5f, 0x70, 0x61, 0x72, 0x61, 0x6d, 0x73, 0x30, 0x2e, 0x78, 0x29, 0x3b, 0x0a, 0x20, //  u_params0.x);. 
	0x20, 0x20, 0x20, 0x76, 0x65, 0x63, 0x33, 0x20, 0x5f, 0x32, 0x36, 0x35, 0x20, 0x3d, 0x20, 0x5f, //    vec3 _265 = _
	0x32, 0x36, 0x32, 0x2e, 0x78, 0x79, 0x7a, 0x3b, 0x0a, 0x20, 0x20, 0x20, 0x20, 0x76, 0x65, 0x63, // 262.xyz;.    vec
	0x33, 0x20, 0x5f, 0x33, 0x33, 0x31, 0x20, 0x3d, 0x20, 0x6d, 0x69, 0x78, 0x28, 0x70, 0x6f, 0x77, // 3 _331 = mix(pow
	0x28, 0x61, 0x62, 0x73, 0x28, 0x5f, 0x32, 0x36, 0x35, 0x29, 0x2c, 0x20, 0x76, 0x65, 0x63, 0x33, // (abs(_265), vec3
	0x28, 0x32, 0x2e, 0x32, 0x30, 0x30, 0x30, 0x30, 0x30, 0x30, 0x34, 0x37, 0x36, 0x38, 0x33, 0x37, // (2.2000000476837
	0x31, 0x35, 0x38, 0x32, 0x30, 0x33, 0x31, 0x32, 0x35, 0x29, 0x29, 0x2c, 0x20, 0x5f, 0x32, 0x36, // 158203125)), _26
	0x35, 0x2c, 0x20, 0x76, 0x65, 0x63, 0x33, 0x28, 0x75, 0x5f, 0x70, 0x61, 0x72, 0x61, 0x6d, 0x73, // 5, vec3(u_params
	0x30, 0x2e, 0x7a, 0x29, 0x29, 0x20, 0x2a, 0x20, 0x70, 0x6f, 0x77, 0x28, 0x32, 0x2e, 0x30, 0x2c, // 0.z)) * pow(2.0,
	0x20, 0x75, 0x5f, 0x70, 0x61, 0x72, 0x61, 0x6d, 0x73, 0x30, 0x2e, 0x77, 0x29, 0x3b, 0x0a, 0x20, //  u_params0.w);. 
	0x20, 0x20, 0x20, 0x76, 0x65, 0x63, 0x34, 0x20, 0x5f, 0x35, 0x32, 0x34, 0x20, 0x3d, 0x20, 0x5f, //    vec4 _524 = _
	0x32, 0x36, 0x32, 0x3b, 0x0a, 0x20, 0x20, 0x20, 0x20, 0x5f, 0x35, 0x32, 0x34, 0x2e, 0x78, 0x20, // 262;.    _524.x 
	0x3d, 0x20, 0x5f, 0x33, 0x33, 0x31, 0x2e, 0x78, 0x3b, 0x0a, 0x20, 0x20, 0x20, 0x20, 0x5f, 0x35, // = _331.x;.    _5
	0x32, 0x34, 0x2e, 0x79, 0x20, 0x3d, 0x20, 0x5f, 0x33, 0x33, 0x31, 0x2e, 0x79, 0x3b, 0x0a, 0x20, // 24.y = _331.y;. 
	0x20, 0x20, 0x20, 0x5f, 0x35, 0x32, 0x34, 0x2e, 0x7a, 0x20, 0x3d, 0x20, 0x5f, 0x33, 0x33, 0x31, //    _524.z = _331
	0x2e, 0x7a, 0x3b, 0x0a, 0x20, 0x20, 0x20, 0x20, 0x76, 0x65, 0x63, 0x34, 0x20, 0x5f, 0x32, 0x37, // .z;.    vec4 _27
	0x37, 0x20, 0x3d, 0x20, 0x5f, 0x35, 0x32, 0x34, 0x20, 0x2a, 0x20, 0x76, 0x5f, 0x63, 0x6f, 0x6c, // 7 = _524 * v_col
	0x6f, 0x72, 0x30, 0x3b, 0x0a, 0x20, 0x20, 0x20, 0x20, 0x76, 0x65, 0x63, 0x33, 0x20, 0x5f, 0x35, // or0;.    vec3 _5
	0x34, 0x35, 0x3b, 0x0a, 0x20, 0x20, 0x20, 0x20, 0x69, 0x66, 0x20, 0x28, 0x75, 0x5f, 0x70, 0x61, // 45;.    if (u_pa
	0x72, 0x61, 0x6d, 0x73, 0x31, 0x2e, 0x78, 0x20, 0x3c, 0x20, 0x30, 0x2e, 0x35, 0x29, 0x0a, 0x20, // rams1.x < 0.5). 
	0x20, 0x20, 0x20, 0x7b, 0x0a, 0x20, 0x20, 0x20, 0x20, 0x20, 0x20, 0x20, 0x20, 0x76, 0x65, 0x63, //    {.        vec
	0x33, 0x20, 0x5f, 0x33, 0x36, 0x30, 0x20, 0x3d, 0x20, 0x63, 0x6c, 0x61, 0x6d, 0x70, 0x28, 0x5f, // 3 _360 = clamp(_
	0x32, 0x37, 0x37, 0x2e, 0x78, 0x79, 0x7a, 0x2c, 0x20, 0x76, 0x65, 0x63, 0x33, 0x28, 0x30, 0x2e, // 277.xyz, vec3(0.
	0x30, 0x29, 0x2c, 0x20, 0x76, 0x65, 0x63, 0x33, 0x28, 0x31, 0x2e, 0x30, 0x29, 0x29, 0x3b, 0x0a, // 0), vec3(1.0));.
	0x20, 0x20, 0x20, 0x20, 0x20, 0x20, 0x20, 0x20, 0x66, 0x6c, 0x6f, 0x61, 0x74, 0x20, 0x5f, 0x34, //         float _4
	0x30, 0x31, 0x20, 0x3d, 0x20, 0x5f, 0x33, 0x36, 0x30, 0x2e, 0x78, 0x3b, 0x0a, 0x20, 0x20, 0x20, // 01 = _360.x;.   
	0x20, 0x20, 0x20, 0x20, 0x20, 0x66, 0x6c, 0x6f, 0x61, 0x74, 0x20, 0x5f, 0x35, 0x33, 0x39, 0x3b, //      float _539;
	0x0a, 0x20, 0x20, 0x20, 0x20, 0x20, 0x20, 0x20, 0x20, 0x64, 0x6f, 0x0a, 0x20, 0x20, 0x20, 0x20, // .        do.    
	0x20, 0x20, 0x20, 0x20, 0x7b, 0x0a, 0x20, 0x20, 0x20, 0x20, 0x20, 0x20, 0x20, 0x20, 0x20, 0x20, //     {.          
	0x20, 0x20, 0x69, 0x66, 0x20, 0x28, 0x5f, 0x34, 0x30, 0x31, 0x20, 0x3c, 0x3d, 0x20, 0x30, 0x2e, //   if (_401 <= 0.
	0x30, 0x30, 0x33, 0x31, 0x33, 0x30, 0x38, 0x30, 0x30, 0x30, 0x39, 0x30, 0x37, 0x33, 0x30, 0x31, // 0031308000907301
	0x39, 0x30, 0x32, 0x37, 0x37, 0x30, 0x39, 0x39, 0x36, 0x30, 0x39, 0x33, 0x37, 0x35, 0x29, 0x0a, // 90277099609375).
	0x20, 0x20, 0x20, 0x20, 0x20, 0x20, 0x20, 0x20, 0x20, 0x20, 0x20, 0x20, 0x7b, 0x0a, 0x20, 0x20, //             {.  
	0x20, 0x20, 0x20, 0x20, 0x20, 0x20, 0x20, 0x20, 0x20, 0x20, 0x20, 0x20, 0x20, 0x20, 0x5f, 0x35, //               _5
	0x33, 0x39, 0x20, 0x3d, 0x20, 0x31, 0x32, 0x2e, 0x39, 0x32, 0x30, 0x30, 0x30, 0x30, 0x30, 0x37, // 39 = 12.92000007
	0x36, 0x32, 0x39, 0x33, 0x39, 0x34, 0x35, 0x33, 0x31, 0x32, 0x35, 0x20, 0x2a, 0x20, 0x5f, 0x34, // 62939453125 * _4
	0x30, 0x31, 0x3b, 0x0a, 0x20, 0x20, 0x20, 0x20, 0x20, 0x20, 0x20, 0x20, 0x20, 0x20, 0x20, 0x20, // 01;.            
	0x20, 0x20, 0x20, 0x20, 0x62, 0x72, 0x65, 0x61, 0x6b, 0x3b, 0x0a, 0x20, 0x20, 0x20, 0x20, 0x20, //     break;.     
	0x20, 0x20, 0x20, 0x20, 0x20, 0x20, 0x20, 0x7d, 0x0a, 0x20, 0x20, 0x20, 0x20, 0x20, 0x20, 0x20, //        }.       
	0x20, 0x20, 0x20, 0x20, 0x20, 0x65, 0x6c, 0x73, 0x65, 0x0a, 0x20, 0x20, 0x20, 0x20, 0x20, 0x20, //      else.      
	0x20, 0x20, 0x20, 0x20, 0x20, 0x20, 0x7b, 0x0a, 0x20, 0x20, 0x20, 0x20, 0x20, 0x20, 0x20, 0x20, //       {.        
	0x20, 0x20, 0x20, 0x20, 0x20, 0x20, 0x20, 0x20, 0x5f, 0x35, 0x33, 0x39, 0x20, 0x3d, 0x20, 0x28, //         _539 = (
	0x31, 0x2e, 0x30, 0x35, 0x34, 0x39, 0x39, 0x39, 0x39, 0x34, 0x37, 0x35, 0x34, 0x37, 0x39, 0x31, // 1.05499994754791
	0x32, 0x35, 0x39, 0x37, 0x36, 0x35, 0x36, 0x32, 0x35, 0x20, 0x2a, 0x20, 0x70, 0x6f, 0x77, 0x28, // 259765625 * pow(
	0x5f, 0x34, 0x30, 0x31, 0x2c, 0x20, 0x30, 0x2e, 0x34, 0x31, 0x36, 0x36, 0x36, 0x36, 0x36, 0x35, // _401, 0.41666665
	0x36, 0x37, 0x33, 0x32, 0x35, 0x35, 0x39, 0x32, 0x30, 0x34, 0x31, 0x30, 0x31, 0x35, 0x36, 0x32, // 6732559204101562
	0x35, 0x29, 0x29, 0x20, 0x2d, 0x20, 0x30, 0x2e, 0x30, 0x35, 0x34, 0x39, 0x39, 0x39, 0x39, 0x39, // 5)) - 0.05499999
	0x39, 0x37, 0x30, 0x31, 0x39, 0x37, 0x36, 0x37, 0x37, 0x36, 0x31, 0x32, 0x33, 0x30, 0x34, 0x36, // 9701976776123046
	0x38, 0x37, 0x35, 0x3b, 0x0a, 0x20, 0x20, 0x20, 0x20, 0x20, 0x20, 0x20, 0x20, 0x20, 0x20, 0x20, // 875;.           
	0x20, 0x20, 0x20, 0x20, 0x20, 0x62, 0x72, 0x65, 0x61, 0x6b, 0x3b, 0x0a, 0x20, 0x20, 0x20, 0x20, //      break;.    
	0x20, 0x20, 0x20, 0x20, 0x20, 0x20, 0x20, 0x20, 0x7d, 0x0a, 0x20, 0x20, 0x20, 0x20, 0x20, 0x20, //         }.      
	0x20, 0x20, 0x20, 0x20, 0x20, 0x20, 0x62, 0x72, 0x65, 0x61, 0x6b, 0x3b, 0x20, 0x2f, 0x2f, 0x20, //       break; // 
	0x75, 0x6e, 0x72, 0x65, 0x61, 0x63, 0x68, 0x61, 0x62, 0x6c, 0x65, 0x20, 0x77, 0x6f, 0x72, 0x6b, // unreachable work
	0x61, 0x72, 0x6f, 0x75, 0x6e, 0x64, 0x0a, 0x20, 0x20, 0x20, 0x20, 0x20, 0x20, 0x20, 0x20, 0x7d, // around.        }
	0x20, 0x77, 0x68, 0x69, 0x6c, 0x65, 0x28, 0x66, 0x61, 0x6c, 0x73, 0x65, 0x29, 0x3b, 0x0a, 0x20, //  while(false);. 
	0x20, 0x20, 0x20, 0x20, 0x20, 0x20, 0x20, 0x66, 0x6c, 0x6f, 0x61, 0x74, 0x20, 0x5f, 0x34, 0x30, //        float _40
	0x35, 0x20, 0x3d, 0x20, 0x5f, 0x33, 0x36, 0x30, 0x2e, 0x79, 0x3b, 0x0a, 0x20, 0x20, 0x20, 0x20, // 5 = _360.y;.    
	0x20, 0x20, 0x20, 0x20, 0x66, 0x6c, 0x6f, 0x61, 0x74, 0x20, 0x5f, 0x35, 0x34, 0x31, 0x3b, 0x0a, //     float _541;.
	0x20, 0x20, 0x20, 0x20, 0x20, 0x20, 0x20, 0x20, 0x64, 0x6f, 0x0a, 0x20, 0x20, 0x20, 0x20, 0x20, //         do.     
	0x20, 0x20, 0x20, 0x7b, 0x0a, 0x20, 0x20, 0x20, 0x20, 0x20, 0x20, 0x20, 0x20, 0x20, 0x20, 0x20, //    {.           
	0x20, 0x69, 0x66, 0x20, 0x28, 0x5f, 0x34, 0x30, 0x35, 0x20, 0x3c, 0x3d, 0x20, 0x30, 0x2e, 0x30, //  if (_405 <= 0.0
	0x30, 0x33, 0x31, 0x33, 0x30, 0x38, 0x30, 0x30, 0x30, 0x39, 0x30, 0x37, 0x33, 0x30, 0x31, 0x39, // 0313080009073019
	0x30, 0x32, 0x37, 0x37, 0x30, 0x39, 0x39, 0x36, 0x30, 0x39, 0x33, 0x37, 0x35, 0x29, 0x0a, 0x20, // 0277099609375). 
	0x20, 0x20, 0x20, 0x20, 0x20, 0x20, 0x20, 0x20, 0x20, 0x20, 0x20, 0x7b, 0x0a, 0x20, 0x20, 0x20, //            {.   
	0x20, 0x20, 0x20, 0x20, 0x20, 0x20, 0x20, 0x20, 0x20, 0x20, 0x20, 0x20, 0x20, 0x5f, 0x35, 0x34, //              _54
	0x31, 0x20, 0x3d, 0x20, 0x31, 0x32, 0x2e, 0x39, 0x32, 0x30, 0x30, 0x30, 0x30, 0x30, 0x37, 0x36, // 1 = 12.920000076
	0x32, 0x39, 0x33, 0x39, 0x34, 0x35, 0x33, 0x31, 0x32, 0x35, 0x20, 0x2a, 0x20, 0x5f, 0x34, 0x30, // 2939453125 * _40
	0x35, 0x3b, 0x0a, 0x20, 0x20, 0x20, 0x20, 0x20, 0x20, 0x20, 0x20, 0x20, 0x20, 0x20, 0x20, 0x20, // 5;.             
	0x20, 0x20, 0x20, 0x62, 0x72, 0x65, 0x61, 0x6b, 0x3b, 0x0a, 0x20, 0x20, 0x20, 0x20, 0x20, 0x20, //    break;.      
	0x20, 0x20, 0x20, 0x20, 0x20, 0x20, 0x7d, 0x0a, 0x20, 0x20, 0x20, 0x20, 0x20, 0x20, 0x20, 0x20, //       }.        
	0x20, 0x20, 0x20, 0x20, 0x65, 0x6c, 0x73, 0x65, 0x0a, 0x20, 0x20, 0x20, 0x20, 0x20, 0x20, 0x20, //     else.       
	0x20, 0x20, 0x20, 0x20, 0x20, 0x7b, 0x0a, 0x20, 0x20, 0x20, 0x20, 0x20, 0x20, 0x20, 0x20, 0x20, //      {.         
	0x20, 0x20, 0x20, 0x20, 0x20, 0x20, 0x20, 0x5f, 0x35, 0x34, 0x31, 0x20, 0x3d, 0x20, 0x28, 0x31, //        _541 = (1
	0x2e, 0x30, 0x35, 0x34, 0x39, 0x39, 0x39, 0x39, 0x34, 0x37, 0x35, 0x34, 0x37, 0x39, 0x31, 0x32, // .054999947547912
	0x35, 0x39, 0x37, 0x36, 0x35, 0x36, 0x32, 0x35, 0x20, 0x2a, 0x20, 0x70, 0x6f, 0x77, 0x28, 0x5f, // 59765625 * pow(_
	0x34, 0x30, 0x35, 0x2c, 0x20, 0x30, 0x2e, 0x34, 0x31, 0x36, 0x36, 0x36, 0x36, 0x36, 0x35, 0x36, // 405, 0.416666656
	0x37, 0x33, 0x32, 0x35, 0x35, 0x39, 0x32, 0x30, 0x34, 0x31, 0x30, 0x31, 0x35, 0x36, 0x32, 0x35, // 7325592041015625
	0x29, 0x29, 0x20, 0x2d, 0x20, 0x30, 0x2e, 0x30, 0x35, 0x34, 0x39, 0x39, 0x39, 0x39, 0x39, 0x39, // )) - 0.054999999
	0x37, 0x30, 0x31, 0x39, 0x37, 0x36, 0x37, 0x37, 0x36, 0x31, 0x32, 0x33, 0x30, 0x34, 0x36, 0x38, // 7019767761230468
	0x37, 0x35, 0x3b, 0x0a, 0x20, 0x20, 0x20, 0x20, 0x20, 0x20, 0x20, 0x20, 0x20, 0x20, 0x20, 0x20, // 75;.            
	0x20, 0x20, 0x20, 0x20, 0x62, 0x72, 0x65, 0x61, 0x6b, 0x3b, 0x0a, 0x20, 0x20, 0x20, 0x20, 0x20, //     break;.     
	0x20, 0x20, 0x20, 0x20, 0x20, 0x20, 0x20, 0x7d, 0x0a, 0x20, 0x20, 0x20, 0x20, 0x20, 0x20, 0x20, //        }.       
	0x20, 0x20, 0x20, 0x20, 0x20, 0x62, 0x72, 0x65, 0x61, 0x6b, 0x3b, 0x20, 0x2f, 0x2f, 0x20, 0x75, //      break; // u
	0x6e, 0x72, 0x65, 0x61, 0x63, 0x68, 0x61, 0x62, 0x6c, 0x65, 0x20, 0x77, 0x6f, 0x72, 0x6b, 0x61, // nreachable worka
	0x72, 0x6f, 0x75, 0x6e, 0x64, 0x0a, 0x20, 0x20, 0x20, 0x20, 0x20, 0x20, 0x20, 0x20, 0x7d, 0x20, // round.        } 
	0x77, 0x68, 0x69, 0x6c, 0x65, 0x28, 0x66, 0x61, 0x6c, 0x73, 0x65, 0x29, 0x3b, 0x0a, 0x20, 0x20, // while(false);.  
	0x20, 0x20, 0x20, 0x20, 0x20, 0x20, 0x66, 0x6c, 0x6f, 0x61, 0x74, 0x20, 0x5f, 0x34, 0x30, 0x39, //       float _409
	0x20, 0x3d, 0x20, 0x5f, 0x33, 0x36, 0x30, 0x2e, 0x7a, 0x3b, 0x0a, 0x20, 0x20, 0x20, 0x20, 0x20, //  = _360.z;.     
	0x20, 0x20, 0x20, 0x66, 0x6c, 0x6f, 0x61, 0x74, 0x20, 0x5f, 0x35, 0x34, 0x33, 0x3b, 0x0a, 0x20, //    float _543;. 
	0x20, 0x20, 0x20, 0x20, 0x20, 0x20, 0x20, 0x64, 0x6f, 0x0a, 0x20, 0x20, 0x20, 0x20, 0x20, 0x20, //        do.      
	0x20, 0x20, 0x7b, 0x0a, 0x20, 0x20, 0x20, 0x20, 0x20, 0x20, 0x20, 0x20, 0x20, 0x20, 0x20, 0x20, //   {.            
	0x69, 0x66, 0x20, 0x28, 0x5f, 0x34, 0x30, 0x39, 0x20, 0x3c, 0x3d, 0x20, 0x30, 0x2e, 0x30, 0x30, // if (_409 <= 0.00
	0x33, 0x31, 0x33, 0x30, 0x38, 0x30, 0x30, 0x30, 0x39, 0x30, 0x37, 0x33, 0x30, 0x31, 0x39, 0x30, // 3130800090730190
	0x32, 0x37, 0x37, 0x30, 0x39, 0x39, 0x36, 0x30, 0x39, 0x33, 0x37, 0x35, 0x29, 0x0a, 0x20, 0x20, // 277099609375).  
	0x20, 0x20, 0x20, 0x20, 0x20, 0x20, 0x20, 0x20, 0x20, 0x20, 0x7b, 0x0a, 0x20, 0x20, 0x20, 0x20, //           {.    
	0x20, 0x20, 0x20, 0x20, 0x20, 0x20, 0x20, 0x20, 0x20, 0x20, 0x20, 0x20, 0x5f, 0x35, 0x34, 0x33, //             _543
	0x20, 0x3d, 0x20, 0x31, 0x32, 0x2e, 0x39, 0x32, 0x30, 0x30, 0x30, 0x30, 0x30, 0x37, 0x36, 0x32, //  = 12.9200000762
	0x39, 0x33, 0x39, 0x34, 0x35, 0x33, 0x31, 0x32, 0x35, 0x20, 0x2a, 0x20, 0x5f, 0x34, 0x30, 0x39, // 939453125 * _409
	0x3b, 0x0a, 0x20, 0x20, 0x20, 0x20, 0x20, 0x20, 0x20, 0x20, 0x20, 0x20, 0x20, 0x20, 0x20, 0x20, // ;.              
	0x20, 0x20, 0x62, 0x72, 0x65, 0x61, 0x6b, 0x3b, 0x0a, 0x20, 0x20, 0x20, 0x20, 0x20, 0x20, 0x20, //   break;.       
	0x20, 0x20, 0x20, 0x20, 0x20, 0x7d, 0x0a, 0x20, 0x20, 0x20, 0x20, 0x20, 0x20, 0x20, 0x20, 0x20, //      }.         
	0x20, 0x20, 0x20, 0x65, 0x6c, 0x73, 0x65, 0x0a, 0x20, 0x20, 0x20, 0x20, 0x20, 0x20, 0x20, 0x20, //    else.        
	0x20, 0x20, 0x20, 0x20, 0x7b, 0x0a, 0x20, 0x20, 0x20, 0x20, 0x20, 0x20, 0x20, 0x20, 0x20, 0x20, //     {.          
	0x20, 0x20, 0x20, 0x20, 0x20, 0x20, 0x5f, 0x35, 0x34, 0x33, 0x20, 0x3d, 0x20, 0x28, 0x31, 0x2e, //       _543 = (1.
	0x30, 0x35, 0x34, 0x39, 0x39, 0x39, 0x39, 0x34, 0x37, 0x35, 0x34, 0x37, 0x39, 0x31, 0x32, 0x35, // 0549999475479125
	0x39, 0x37, 0x36, 0x35, 0x36, 0x32, 0x35, 0x20, 0x2a, 0x20, 0x70, 0x6f, 0x77, 0x28, 0x5f, 0x34, // 9765625 * pow(_4
	0x30, 0x39, 0x2c, 0x20, 0x30, 0x2e, 0x34, 0x31, 0x36, 0x36, 0x36, 0x36, 0x36, 0x35, 0x36, 0x37, // 09, 0.4166666567
	0x33, 0x32, 0x35, 0x35, 0x39, 0x32, 0x30, 0x34, 0x31, 0x30, 0x31, 0x35, 0x36, 0x32, 0x35, 0x29, // 325592041015625)
	0x29, 0x20, 0x2d, 0x20, 0x30, 0x2e, 0x30, 0x35, 0x34, 0x39, 0x39, 0x39, 0x39, 0x39, 0x39, 0x37, // ) - 0.0549999997
	0x30, 0x31, 0x39, 0x37, 0x36, 0x37, 0x37, 0x36, 0x31, 0x32, 0x33, 0x30, 0x34, 0x36, 0x38, 0x37, // 0197677612304687
	0x35, 0x3b, 0x0a, 0x20, 0x20, 0x20, 0x20, 0x20, 0x20, 0x20, 0x20, 0x20, 0x20, 0x20, 0x20, 0x20, // 5;.             
	0x20, 0x20, 0x20, 0x62, 0x72, 0x65, 0x61, 0x6b, 0x3b, 0x0a, 0x20, 0x20, 0x20, 0x20, 0x20, 0x20, //    break;.      
	0x20, 0x20, 0x20, 0x20, 0x20, 0x20, 0x7d, 0x0a, 0x20, 0x20, 0x20, 0x20, 0x20, 0x20, 0x20, 0x20, //       }.        
	0x20, 0x20, 0x20, 0x20, 0x62, 0x72, 0x65, 0x61, 0x6b, 0x3b, 0x20, 0x2f, 0x2f, 0x20, 0x75, 0x6e, //     break; // un
	0x72, 0x65, 0x61, 0x63, 0x68, 0x61, 0x62, 0x6c, 0x65, 0x20, 0x77, 0x6f, 0x72, 0x6b, 0x61, 0x72, // reachable workar
	0x6f, 0x75, 0x6e, 0x64, 0x0a, 0x20, 0x20, 0x20, 0x20, 0x20, 0x20, 0x20, 0x20, 0x7d, 0x20, 0x77, // ound.        } w
	0x68, 0x69, 0x6c, 0x65, 0x28, 0x66, 0x61, 0x6c, 0x73, 0x65, 0x29, 0x3b, 0x0a, 0x20, 0x20, 0x20, // hile(false);.   
	0x20, 0x20, 0x20, 0x20, 0x20, 0x5f, 0x35, 0x34, 0x35, 0x20, 0x3d, 0x20, 0x76, 0x65, 0x63, 0x33, //      _545 = vec3
	0x28, 0x5f, 0x35, 0x33, 0x39, 0x2c, 0x20, 0x5f, 0x35, 0x34, 0x31, 0x2c, 0x20, 0x5f, 0x35, 0x34, // (_539, _541, _54
	0x33, 0x29, 0x3b, 0x0a, 0x20, 0x20, 0x20, 0x20, 0x7d, 0x0a, 0x20, 0x20, 0x20, 0x20, 0x65, 0x6c, // 3);.    }.    el
	0x73, 0x65, 0x0a, 0x20, 0x20, 0x20, 0x20, 0x7b, 0x0a, 0x20, 0x20, 0x20, 0x20, 0x20, 0x20, 0x20, // se.    {.       
	0x20, 0x76, 0x65, 0x63, 0x33, 0x20, 0x5f, 0x35, 0x34, 0x36, 0x3b, 0x0a, 0x20, 0x20, 0x20, 0x20, //  vec3 _546;.    
	0x20, 0x20, 0x20, 0x20, 0x69, 0x66, 0x20, 0x28, 0x75, 0x5f, 0x70, 0x61, 0x72, 0x61, 0x6d, 0x73, //     if (u_params
	0x31, 0x2e, 0x78, 0x20, 0x3c, 0x20, 0x31, 0x2e, 0x35, 0x29, 0x0a, 0x20, 0x20, 0x20, 0x20, 0x20, // 1.x < 1.5).     
	0x20, 0x20, 0x20, 0x7b, 0x0a, 0x20, 0x20, 0x20, 0x20, 0x20, 0x20, 0x20, 0x20, 0x20, 0x20, 0x20, //    {.           
	0x20, 0x5f, 0x35, 0x34, 0x36, 0x20, 0x3d, 0x20, 0x5f, 0x32, 0x37, 0x37, 0x2e, 0x78, 0x79, 0x7a, //  _546 = _277.xyz
	0x3b, 0x0a, 0x20, 0x20, 0x20, 0x20, 0x20, 0x20, 0x20, 0x20, 0x7d, 0x0a, 0x20, 0x20, 0x20, 0x20, // ;.        }.    
	0x20, 0x20, 0x20, 0x20, 0x65, 0x6c, 0x73, 0x65, 0x0a, 0x20, 0x20, 0x20, 0x20, 0x20, 0x20, 0x20, //     else.       
	0x20, 0x7b, 0x0a, 0x20, 0x20, 0x20, 0x20, 0x20, 0x20, 0x20, 0x20, 0x20, 0x20, 0x20, 0x20, 0x76, //  {.            v
	0x65, 0x63, 0x33, 0x20, 0x5f, 0x35, 0x34, 0x37, 0x3b, 0x0a, 0x20, 0x20, 0x20, 0x20, 0x20, 0x20, // ec3 _547;.      
	0x20, 0x20, 0x20, 0x20, 0x20, 0x20, 0x69, 0x66, 0x20, 0x28, 0x75, 0x5f, 0x70, 0x61, 0x72, 0x61, //       if (u_para
	0x6d, 0x73, 0x31, 0x2e, 0x78, 0x20, 0x3c, 0x20, 0x32, 0x2e, 0x35, 0x29, 0x0a, 0x20, 0x20, 0x20, // ms1.x < 2.5).   
	0x20, 0x20, 0x20, 0x20, 0x20, 0x20, 0x20, 0x20, 0x20, 0x7b, 0x0a, 0x20, 0x20, 0x20, 0x20, 0x20, //          {.     
	0x20, 0x20, 0x20, 0x20, 0x20, 0x20, 0x20, 0x20, 0x20, 0x20, 0x20, 0x76, 0x65, 0x63, 0x33, 0x20, //            vec3 
	0x5f, 0x34, 0x39, 0x34, 0x20, 0x3d, 0x20, 0x70, 0x6f, 0x77, 0x28, 0x28, 0x28, 0x6d, 0x61, 0x74, // _494 = pow(((mat
	0x33, 0x28, 0x76, 0x65, 0x63, 0x33, 0x28, 0x31, 0x2e, 0x37, 0x31, 0x36, 0x36, 0x35, 0x31, 0x32, // 3(vec3(1.7166512
	0x30, 0x31, 0x32, 0x34, 0x38, 0x31, 0x36, 0x38, 0x39, 0x34, 0x35, 0x33, 0x31, 0x32, 0x35, 0x2c, // 012481689453125,
	0x20, 0x2d, 0x30, 0x2e, 0x33, 0x35, 0x35, 0x36, 0x37, 0x30, 0x38, 0x30, 0x39, 0x37, 0x34, 0x35, //  -0.355670809745
	0x37, 0x38, 0x38, 0x35, 0x37, 0x34, 0x32, 0x31, 0x38, 0x37, 0x35, 0x2c, 0x20, 0x2d, 0x30, 0x2e, // 78857421875, -0.
	0x32, 0x35, 0x33, 0x33, 0x36, 0x36, 0x32, 0x39, 0x31, 0x35, 0x32, 0x32, 0x39, 0x37, 0x39, 0x37, // 2533662915229797
	0x33, 0x36, 0x33, 0x32, 0x38, 0x31, 0x32, 0x35, 0x29, 0x2c, 0x20, 0x76, 0x65, 0x63, 0x33, 0x28, // 36328125), vec3(
	0x2d, 0x30, 0x2e, 0x36, 0x36, 0x36, 0x36, 0x38, 0x34, 0x33, 0x38, 0x39, 0x31, 0x31, 0x34, 0x33, // -0.6666843891143
	0x37, 0x39, 0x38, 0x38, 0x32, 0x38, 0x31, 0x32, 0x35, 0x2c, 0x20, 0x31, 0x2e, 0x36, 0x31, 0x36, // 798828125, 1.616
	0x34, 0x38, 0x31, 0x31, 0x38, 0x34, 0x39, 0x35, 0x39, 0x34, 0x31, 0x31, 0x36, 0x32, 0x31, 0x30, // 4811849594116210
	0x39, 0x33, 0x37, 0x35, 0x2c, 0x20, 0x30, 0x2e, 0x30, 0x31, 0x35, 0x37, 0x36, 0x38, 0x35, 0x30, // 9375, 0.01576850
	0x30, 0x30, 0x34, 0x34, 0x39, 0x34, 0x31, 0x39, 0x30, 0x32, 0x31, 0x36, 0x30, 0x36, 0x34, 0x34, // 0044941902160644
	0x35, 0x33, 0x31, 0x32, 0x35, 0x29, 0x2c, 0x20, 0x76, 0x65, 0x63, 0x33, 0x28, 0x30, 0x2e, 0x30, // 53125), vec3(0.0
	0x31, 0x37, 0x36, 0x33, 0x39, 0x38, 0x39, 0x39, 0x36, 0x32, 0x36, 0x33, 0x37, 0x34, 0x32, 0x34, // 1763989962637424
	0x34, 0x36, 0x38, 0x39, 0x39, 0x34, 0x31, 0x34, 0x30, 0x36, 0x32, 0x35, 0x2c, 0x20, 0x2d, 0x30, // 468994140625, -0
	0x2e, 0x30, 0x34, 0x32, 0x37, 0x37, 0x30, 0x36, 0x30, 0x31, 0x38, 0x30, 0x39, 0x30, 0x32, 0x34, // .042770601809024
	0x38, 0x31, 0x30, 0x37, 0x39, 0x31, 0x30, 0x31, 0x35, 0x36, 0x32, 0x35, 0x2c, 0x20, 0x30, 0x2e, // 810791015625, 0.
	0x39, 0x34, 0x32, 0x31, 0x30, 0x33, 0x30, 0x38, 0x37, 0x39, 0x30, 0x32, 0x30, 0x36, 0x39, 0x30, // 9421030879020690
	0x39, 0x31, 0x37, 0x39, 0x36, 0x38, 0x37, 0x35, 0x29, 0x29, 0x20, 0x2a, 0x20, 0x28, 0x6d, 0x61, // 91796875)) * (ma
	0x74, 0x33, 0x28, 0x76, 0x65, 0x63, 0x33, 0x28, 0x30, 0x2e, 0x34, 0x31, 0x32, 0x35, 0x35, 0x36, // t3(vec3(0.412556
	0x34, 0x30, 0x39, 0x38, 0x33, 0x35, 0x38, 0x31, 0x35, 0x34, 0x32, 0x39, 0x36, 0x38, 0x37, 0x35, // 4098358154296875
	0x2c, 0x20, 0x30, 0x2e, 0x33, 0x35, 0x37, 0x35, 0x37, 0x36, 0x31, 0x30, 0x32, 0x30, 0x31, 0x38, // , 0.357576102018
	0x33, 0x35, 0x36, 0x33, 0x32, 0x33, 0x32, 0x34, 0x32, 0x31, 0x38, 0x37, 0x35, 0x2c, 0x20, 0x30, // 3563232421875, 0
	0x2e, 0x31, 0x38, 0x30, 0x34, 0x33, 0x37, 0x35, 0x30, 0x35, 0x32, 0x34, 0x35, 0x32, 0x30, 0x38, // .180437505245208
	0x37, 0x34, 0x30, 0x32, 0x33, 0x34, 0x33, 0x37, 0x35, 0x29, 0x2c, 0x20, 0x76, 0x65, 0x63, 0x33, // 740234375), vec3
	0x28, 0x30, 0x2e, 0x32, 0x31, 0x32, 0x36, 0x37, 0x32, 0x39, 0x30, 0x34, 0x31, 0x33, 0x33, 0x37, // (0.2126729041337
	0x39, 0x36, 0x36, 0x39, 0x31, 0x38, 0x39, 0x34, 0x35, 0x33, 0x31, 0x32, 0x35, 0x2c, 0x20, 0x30, // 9669189453125, 0
	0x2e, 0x37, 0x31, 0x35, 0x31, 0x35, 0x32, 0x32, 0x30, 0x34, 0x30, 0x33, 0x36, 0x37, 0x31, 0x32, // .715152204036712
	0x36, 0x34, 0x36, 0x34, 0x38, 0x34, 0x33, 0x37, 0x35, 0x2c, 0x20, 0x30, 0x2e, 0x30, 0x37, 0x32, // 646484375, 0.072
	0x31, 0x37, 0x35, 0x30, 0x30, 0x33, 0x35, 0x38, 0x38, 0x31, 0x39, 0x39, 0x36, 0x31, 0x35, 0x34, // 1750035881996154
	0x37, 0x38, 0x35, 0x31, 0x35, 0x36, 0x32, 0x35, 0x29, 0x2c, 0x20, 0x76, 0x65, 0x63, 0x33, 0x28, // 78515625), vec3(
	0x30, 0x2e, 0x30, 0x31, 0x39, 0x33, 0x33, 0x33, 0x39, 0x30, 0x30, 0x38, 0x38, 0x33, 0x37, 0x39, // 0.01933390088379
	0x33, 0x38, 0x33, 0x30, 0x38, 0x37, 0x31, 0x35, 0x38, 0x32, 0x30, 0x33, 0x31, 0x32, 0x35, 0x2c, // 383087158203125,
	0x20, 0x30, 0x2e, 0x31, 0x31, 0x39, 0x31, 0x39, 0x31, 0x39, 0x39, 0x36, 0x37, 0x35, 0x33, 0x32, //  0.1191919967532
	0x31, 0x35, 0x37, 0x38, 0x39, 0x37, 0x39, 0x34, 0x39, 0x32, 0x31, 0x38, 0x37, 0x35, 0x2c, 0x20, // 15789794921875, 
	0x30, 0x2e, 0x39, 0x35, 0x30, 0x33, 0x30, 0x34, 0x30, 0x39, 0x30, 0x39, 0x37, 0x36, 0x37, 0x31, // 0.95030409097671
	0x35, 0x30, 0x38, 0x37, 0x38, 0x39, 0x30, 0x36, 0x32, 0x35, 0x29, 0x29, 0x20, 0x2a, 0x20, 0x5f, // 5087890625)) * _
	0x32, 0x37, 0x37, 0x2e, 0x78, 0x79, 0x7a, 0x29, 0x29, 0x20, 0x2a, 0x20, 0x75, 0x5f, 0x70, 0x61, // 277.xyz)) * u_pa
	0x72, 0x61, 0x6d, 0x73, 0x31, 0x2e, 0x79, 0x29, 0x20, 0x2a, 0x20, 0x39, 0x2e, 0x39, 0x39, 0x39, // rams1.y) * 9.999
	0x39, 0x39, 0x39, 0x37, 0x34, 0x37, 0x33, 0x37, 0x38, 0x37, 0x35, 0x31, 0x36, 0x33, 0x35, 0x35, // 9997473787516355
	0x35, 0x31, 0x34, 0x35, 0x32, 0x36, 0x33, 0x36, 0x37, 0x31, 0x38, 0x38, 0x65, 0x2d, 0x30, 0x35, // 514526367188e-05
	0x2c, 0x20, 0x76, 0x65, 0x63, 0x33, 0x28, 0x30, 0x2e, 0x31, 0x35, 0x39, 0x33, 0x30, 0x31, 0x37, // , vec3(0.1593017
	0x35, 0x37, 0x38, 0x31, 0x32, 0x35, 0x29, 0x29, 0x3b, 0x0a, 0x20, 0x20, 0x20, 0x20, 0x20, 0x20, // 578125));.      
	0x20, 0x20, 0x20, 0x20, 0x20, 0x20, 0x20, 0x20, 0x20, 0x20, 0x5f, 0x35, 0x34, 0x37, 0x20, 0x3d, //           _547 =
	0x20, 0x70, 0x6f, 0x77, 0x28, 0x28, 0x76, 0x65, 0x63, 0x33, 0x28, 0x30, 0x2e, 0x38, 0x33, 0x35, //  pow((vec3(0.835
	0x39, 0x33, 0x37, 0x35, 0x29, 0x20, 0x2b, 0x20, 0x28, 0x5f, 0x34, 0x39, 0x34, 0x20, 0x2a, 0x20, // 9375) + (_494 * 
	0x31, 0x38, 0x2e, 0x38, 0x35, 0x31, 0x35, 0x36, 0x32, 0x35, 0x29, 0x29, 0x20, 0x2f, 0x20, 0x28, // 18.8515625)) / (
	0x76, 0x65, 0x63, 0x33, 0x28, 0x31, 0x2e, 0x30, 0x29, 0x20, 0x2b, 0x20, 0x28, 0x5f, 0x34, 0x39, // vec3(1.0) + (_49
	0x34, 0x20, 0x2a, 0x20, 0x31, 0x38, 0x2e, 0x36, 0x38, 0x37, 0x35, 0x29, 0x29, 0x2c, 0x20, 0x76, // 4 * 18.6875)), v
	0x65, 0x63, 0x33, 0x28, 0x37, 0x38, 0x2e, 0x38, 0x34, 0x33, 0x37, 0x35, 0x29, 0x29, 0x3b, 0x0a, // ec3(78.84375));.
	0x20, 0x20, 0x20, 0x20, 0x20, 0x20, 0x20, 0x20, 0x20, 0x20, 0x20, 0x20, 0x7d, 0x0a, 0x20, 0x20, //             }.  
	0x20, 0x20, 0x20, 0x20, 0x20, 0x20, 0x20, 0x20, 0x20, 0x20, 0x65, 0x6c, 0x73, 0x65, 0x0a, 0x20, //           else. 
	0x20, 0x20, 0x20, 0x20, 0x20, 0x20, 0x20, 0x20, 0x20, 0x20, 0x20, 0x7b, 0x0a, 0x20, 0x20, 0x20, //            {.   
	0x20, 0x20, 0x20, 0x20, 0x20, 0x20, 0x20, 0x20, 0x20, 0x20, 0x20, 0x20, 0x20, 0x5f, 0x35, 0x34, //              _54
	0x37, 0x20, 0x3d, 0x20, 0x76, 0x65, 0x63, 0x33, 0x28, 0x30, 0x2e, 0x30, 0x29, 0x3b, 0x0a, 0x20, // 7 = vec3(0.0);. 
	0x20, 0x20, 0x20, 0x20, 0x20, 0x20, 0x20, 0x20, 0x20, 0x20, 0x20, 0x7d, 0x0a, 0x20, 0x20, 0x20, //            }.   
	0x20, 0x20, 0x20, 0x20, 0x20, 0x20, 0x20, 0x20, 0x20, 0x5f, 0x35, 0x34, 0x36, 0x20, 0x3d, 0x20, //          _546 = 
	0x5f, 0x35, 0x34, 0x37, 0x3b, 0x0a, 0x20, 0x20, 0x20, 0x20, 0x20, 0x20, 0x20, 0x20, 0x7d, 0x0a, // _547;.        }.
	0x20, 0x20, 0x20, 0x20, 0x20, 0x20, 0x20, 0x20, 0x5f, 0x35, 0x34, 0x35, 0x20, 0x3d, 0x20, 0x5f, //         _545 = _
	0x35, 0x34, 0x36, 0x3b, 0x0a, 0x20, 0x20, 0x20, 0x20, 0x7d, 0x0a, 0x20, 0x20, 0x20, 0x20, 0x62, // 546;.    }.    b
	0x67, 0x66, 0x78, 0x5f, 0x46, 0x72, 0x61, 0x67, 0x43, 0x6f, 0x6c, 0x6f, 0x72, 0x20, 0x3d, 0x20, // gfx_FragColor = 
	0x76, 0x65, 0x63, 0x34, 0x28, 0x5f, 0x35, 0x34, 0x35, 0x2c, 0x20, 0x5f, 0x32, 0x37, 0x37, 0x2e, // vec4(_545, _277.
	0x77, 0x29, 0x3b, 0x0a, 0x7d, 0x0a, 0x0a, 0x00,                                                 // w);.}...
};
static const uint8_t fs_texture_cube2_essl[3642] =
{
	0x46, 0x53, 0x48, 0x0c, 0x01, 0x83, 0xf2, 0xe1, 0x00, 0x00, 0x00, 0x00, 0x00, 0x00, 0x00, 0x00, // FSH.............
	0x00, 0x00, 0x00, 0x00, 0x03, 0x00, 0x09, 0x75, 0x5f, 0x70, 0x61, 0x72, 0x61, 0x6d, 0x73, 0x30, // .......u_params0
	0x02, 0x01, 0x00, 0x00, 0x01, 0x00, 0x00, 0x00, 0x00, 0x00, 0x09, 0x75, 0x5f, 0x70, 0x61, 0x72, // ...........u_par
	0x61, 0x6d, 0x73, 0x31, 0x02, 0x01, 0x00, 0x00, 0x01, 0x00, 0x00, 0x00, 0x00, 0x00, 0x0a, 0x73, // ams1...........s
	0x5f, 0x74, 0x65, 0x78, 0x43, 0x6f, 0x6c, 0x6f, 0x72, 0x00, 0x01, 0x00, 0x00, 0x01, 0x00, 0x00, // _texColor.......
	0x04, 0x00, 0x00, 0xe2, 0x0d, 0x00, 0x00, 0x70, 0x72, 0x65, 0x63, 0x69, 0x73, 0x69, 0x6f, 0x6e, // .......precision
	0x20, 0x6d, 0x65, 0x64, 0x69, 0x75, 0x6d, 0x70, 0x20, 0x66, 0x6c, 0x6f, 0x61, 0x74, 0x3b, 0x0a, //  mediump float;.
	0x70, 0x72, 0x65, 0x63, 0x69, 0x73, 0x69, 0x6f, 0x6e, 0x20, 0x68, 0x69, 0x67, 0x68, 0x70, 0x20, // precision highp 
	0x69, 0x6e, 0x74, 0x3b, 0x0a, 0x0a, 0x75, 0x6e, 0x69, 0x66, 0x6f, 0x72, 0x6d, 0x20, 0x68, 0x69, // int;..uniform hi
	0x67, 0x68, 0x70, 0x20, 0x76, 0x65, 0x63, 0x34, 0x20, 0x75, 0x5f, 0x70, 0x61, 0x72, 0x61, 0x6d, // ghp vec4 u_param
	0x73, 0x30, 0x3b, 0x0a, 0x75, 0x6e, 0x69, 0x66, 0x6f, 0x72, 0x6d, 0x20, 0x68, 0x69, 0x67, 0x68, // s0;.uniform high
	0x70, 0x20, 0x73, 0x61, 0x6d, 0x70, 0x6c, 0x65, 0x72, 0x43, 0x75, 0x62, 0x65, 0x20, 0x73, 0x5f, // p samplerCube s_
	0x74, 0x65, 0x78, 0x43, 0x6f, 0x6c, 0x6f, 0x72, 0x3b, 0x0a, 0x75, 0x6e, 0x69, 0x66, 0x6f, 0x72, // texColor;.unifor
	0x6d, 0x20, 0x68, 0x69, 0x67, 0x68, 0x70, 0x20, 0x76, 0x65, 0x63, 0x34, 0x20, 0x75, 0x5f, 0x70, // m highp vec4 u_p
	0x61, 0x72, 0x61, 0x6d, 0x73, 0x31, 0x3b, 0x0a, 0x0a, 0x69, 0x6e, 0x20, 0x68, 0x69, 0x67, 0x68, // arams1;..in high
	0x70, 0x20, 0x76, 0x65, 0x63, 0x33, 0x20, 0x76, 0x5f, 0x74, 0x65, 0x78, 0x63, 0x6f, 0x6f, 0x72, // p vec3 v_texcoor
	0x64, 0x30, 0x3b, 0x0a, 0x69, 0x6e, 0x20, 0x68, 0x69, 0x67, 0x68, 0x70, 0x20, 0x76, 0x65, 0x63, // d0;.in highp vec
	0x34, 0x20, 0x76, 0x5f, 0x63, 0x6f, 0x6c, 0x6f, 0x72, 0x30, 0x3b, 0x0a, 0x6c, 0x61, 0x79, 0x6f, // 4 v_color0;.layo
	0x75, 0x74, 0x28, 0x6c, 0x6f, 0x63, 0x61, 0x74, 0x69, 0x6f, 0x6e, 0x20, 0x3d, 0x20, 0x30, 0x29, // ut(location = 0)
	0x20, 0x6f, 0x75, 0x74, 0x20, 0x68, 0x69, 0x67, 0x68, 0x70, 0x20, 0x76, 0x65, 0x63, 0x34, 0x20, //  out highp vec4 
	0x62, 0x67, 0x66, 0x78, 0x5f, 0x46, 0x72, 0x61, 0x67, 0x43, 0x6f, 0x6c, 0x6f, 0x72, 0x3b, 0x0a, // bgfx_FragColor;.
	0x0a, 0x76, 0x6f, 0x69, 0x64, 0x20, 0x6d, 0x61, 0x69, 0x6e, 0x28, 0x29, 0x0a, 0x7b, 0x0a, 0x20, // .void main().{. 
	0x20, 0x20, 0x20, 0x68, 0x69, 0x67, 0x68, 0x70, 0x20, 0x76, 0x65, 0x63, 0x34, 0x20, 0x5f, 0x32, //    highp vec4 _2
	0x36, 0x32, 0x20, 0x3d, 0x20, 0x74, 0x65, 0x78, 0x74, 0x75, 0x72, 0x65, 0x4c, 0x6f, 0x64, 0x28, // 62 = textureLod(
	0x73, 0x5f, 0x74, 0x65, 0x78, 0x43, 0x6f, 0x6c, 0x6f, 0x72, 0x2c, 0x20, 0x76, 0x5f, 0x74, 0x65, // s_texColor, v_te
	0x78, 0x63, 0x6f, 0x6f, 0x72, 0x64, 0x30, 0x2c, 0x20, 0x75, 0x5f, 0x70, 0x61, 0x72, 0x61, 0x6d, // xcoord0, u_param
	0x73, 0x30, 0x2e, 0x78, 0x29, 0x3b, 0x0a, 0x20, 0x20, 0x20, 0x20, 0x68, 0x69, 0x67, 0x68, 0x70, // s0.x);.    highp
	0x20, 0x76, 0x65, 0x63, 0x33, 0x20, 0x5f, 0x32, 0x36, 0x35, 0x20, 0x3d, 0x20, 0x5f, 0x32, 0x36, //  vec3 _265 = _26
	0x32, 0x2e, 0x78, 0x79, 0x7a, 0x3b, 0x0a, 0x20, 0x20, 0x20, 0x20, 0x68, 0x69, 0x67, 0x68, 0x70, // 2.xyz;.    highp
	0x20, 0x76, 0x65, 0x63, 0x33, 0x20, 0x5f, 0x33, 0x33, 0x31, 0x20, 0x3d, 0x20, 0x6d, 0x69, 0x78, //  vec3 _331 = mix
	0x28, 0x70, 0x6f, 0x77, 0x28, 0x61, 0x62, 0x73, 0x28, 0x5f, 0x32, 0x36, 0x35, 0x29, 0x2c, 0x20, // (pow(abs(_265), 
	0x76, 0x65, 0x63, 0x33, 0x28, 0x32, 0x2e, 0x32, 0x30, 0x30, 0x30, 0x30, 0x30, 0x30, 0x34, 0x37, // vec3(2.200000047
	0x36, 0x38, 0x33, 0x37, 0x31, 0x35, 0x38, 0x32, 0x30, 0x33, 0x31, 0x32, 0x35, 0x29, 0x29, 0x2c, // 6837158203125)),
	0x20, 0x5f, 0x32, 0x36, 0x35, 0x2c, 0x20, 0x76, 0x65, 0x63, 0x33, 0x28, 0x75, 0x5f, 0x70, 0x61, //  _265, vec3(u_pa
	0x72, 0x61, 0x6d, 0x73, 0x30, 0x2e, 0x7a, 0x29, 0x29, 0x20, 0x2a, 0x20, 0x70, 0x6f, 0x77, 0x28, // rams0.z)) * pow(
	0x32, 0x2e, 0x30, 0x2c, 0x20, 0x75, 0x5f, 0x70, 0x61, 0x72, 0x61, 0x6d, 0x73, 0x30, 0x2e, 0x77, // 2.0, u_params0.w
	0x29, 0x3b, 0x0a, 0x20, 0x20, 0x20, 0x20, 0x68, 0x69, 0x67, 0x68, 0x70, 0x20, 0x76, 0x65, 0x63, // );.    highp vec
	0x34, 0x20, 0x5f, 0x35, 0x32, 0x34, 0x20, 0x3d, 0x20, 0x5f, 0x32, 0x36, 0x32, 0x3b, 0x0a, 0x20, // 4 _524 = _262;. 
	0x20, 0x20, 0x20, 0x5f, 0x35, 0x32, 0x34, 0x2e, 0x78, 0x20, 0x3d, 0x20, 0x5f, 0x33, 0x33, 0x31, //    _524.x = _331
	0x2e, 0x78, 0x3b, 0x0a, 0x20, 0x20, 0x20, 0x20, 0x5f, 0x35, 0x32, 0x34, 0x2e, 0x79, 0x20, 0x3d, // .x;.    _524.y =
	0x20, 0x5f, 0x33, 0x33, 0x31, 0x2e, 0x79, 0x3b, 0x0a, 0x20, 0x20, 0x20, 0x20, 0x5f, 0x35, 0x32, //  _331.y;.    _52
	0x34, 0x2e, 0x7a, 0x20, 0x3d, 0x20, 0x5f, 0x33, 0x33, 0x31, 0x2e, 0x7a, 0x3b, 0x0a, 0x20, 0x20, // 4.z = _331.z;.  
	0x20, 0x20, 0x68, 0x69, 0x67, 0x68, 0x70, 0x20, 0x76, 0x65, 0x63, 0x34, 0x20, 0x5f, 0x32, 0x37, //   highp vec4 _27
	0x37, 0x20, 0x3d, 0x20, 0x5f, 0x35, 0x32, 0x34, 0x20, 0x2a, 0x20, 0x76, 0x5f, 0x63, 0x6f, 0x6c, // 7 = _524 * v_col
	0x6f, 0x72, 0x30, 0x3b, 0x0a, 0x20, 0x20, 0x20, 0x20, 0x68, 0x69, 0x67, 0x68, 0x70, 0x20, 0x76, // or0;.    highp v
	0x65, 0x63, 0x33, 0x20, 0x5f, 0x35, 0x34, 0x35, 0x3b, 0x0a, 0x20, 0x20, 0x20, 0x20, 0x69, 0x66, // ec3 _545;.    if
	0x20, 0x28, 0x75, 0x5f, 0x70, 0x61, 0x72, 0x61, 0x6d, 0x73, 0x31, 0x2e, 0x78, 0x20, 0x3c, 0x20, //  (u_params1.x < 
	0x30, 0x2e, 0x35, 0x29, 0x0a, 0x20, 0x20, 0x20, 0x20, 0x7b, 0x0a, 0x20, 0x20, 0x20, 0x20, 0x20, // 0.5).    {.     
	0x20, 0x20, 0x20, 0x68, 0x69, 0x67, 0x68, 0x70, 0x20, 0x76, 0x65, 0x63, 0x33, 0x20, 0x5f, 0x33, //    highp vec3 _3
	0x36, 0x30, 0x20, 0x3d, 0x20, 0x63, 0x6c, 0x61, 0x6d, 0x70, 0x28, 0x5f, 0x32, 0x37, 0x37, 0x2e, // 60 = clamp(_277.
	0x78, 0x79, 0x7a, 0x2c, 0x20, 0x76, 0x65, 0x63, 0x33, 0x28, 0x30, 0x2e, 0x30, 0x29, 0x2c, 0x20, // xyz, vec3(0.0), 
	0x76, 0x65, 0x63, 0x33, 0x28, 0x31, 0x2e, 0x30, 0x29, 0x29, 0x3b, 0x0a, 0x20, 0x20, 0x20, 0x20, // vec3(1.0));.    
	0x20, 0x20, 0x20, 0x20, 0x68, 0x69, 0x67, 0x68, 0x70, 0x20, 0x66, 0x6c, 0x6f, 0x61, 0x74, 0x20, //     highp float 
	0x5f, 0x34, 0x30, 0x31, 0x20, 0x3d, 0x20, 0x5f, 0x33, 0x36, 0x30, 0x2e, 0x78, 0x3b, 0x0a, 0x20, // _401 = _360.x;. 
	0x20, 0x20, 0x20, 0x20, 0x20, 0x20, 0x20, 0x68, 0x69, 0x67, 0x68, 0x70, 0x20, 0x66, 0x6c, 0x6f, //        highp flo
	0x61, 0x74, 0x20, 0x5f, 0x35, 0x33, 0x39, 0x3b, 0x0a, 0x20, 0x20, 0x20, 0x20, 0x20, 0x20, 0x20, // at _539;.       
	0x20, 0x64, 0x6f, 0x0a, 0x20, 0x20, 0x20, 0x20, 0x20, 0x20, 0x20, 0x20, 0x7b, 0x0a, 0x20, 0x20, //  do.        {.  
	0x20, 0x20, 0x20, 0x20, 0x20, 0x20, 0x20, 0x20, 0x20, 0x20, 0x69, 0x66, 0x20, 0x28, 0x5f, 0x34, //           if (_4
	0x30, 0x31, 0x20, 0x3c, 0x3d, 0x20, 0x30, 0x2e, 0x30, 0x30, 0x33, 0x31, 0x33, 0x30, 0x38, 0x30, // 01 <= 0.00313080
	0x30, 0x30, 0x39, 0x30, 0x37, 0x33, 0x30, 0x31, 0x39, 0x30, 0x32, 0x37, 0x37, 0x30, 0x39, 0x39, // 0090730190277099
	0x36, 0x30, 0x39, 0x33, 0x37, 0x35, 0x29, 0x0a, 0x20, 0x20, 0x20, 0x20, 0x20, 0x20, 0x20, 0x20, // 609375).        
	0x20, 0x20, 0x20, 0x20, 0x7b, 0x0a, 0x20, 0x20, 0x20, 0x20, 0x20, 0x20, 0x20, 0x20, 0x20, 0x20, //     {.          
	0x20, 0x20, 0x20, 0x20, 0x20, 0x20, 0x5f, 0x35, 0x33, 0x39, 0x20, 0x3d, 0x20, 0x31, 0x32, 0x2e, //       _539 = 12.
	0x39, 0x32, 0x30, 0x30, 0x30, 0x30, 0x30, 0x37, 0x36, 0x32, 0x39, 0x33, 0x39, 0x34, 0x35, 0x33, // 9200000762939453
	0x31, 0x32, 0x35, 0x20, 0x2a, 0x20, 0x5f, 0x34, 0x30, 0x31, 0x3b, 0x0a, 0x20, 0x20, 0x20, 0x20, // 125 * _401;.    
	0x20, 0x20, 0x20, 0x20, 0x20, 0x20, 0x20, 0x20, 0x20, 0x20, 0x20, 0x20, 0x62, 0x72, 0x65, 0x61, //             brea
	0x6b, 0x3b, 0x0a, 0x20, 0x20, 0x20, 0x20, 0x20, 0x20, 0x20, 0x20, 0x20, 0x20, 0x20, 0x20, 0x7d, // k;.            }
	0x0a, 0x20, 0x20, 0x20, 0x20, 0x20, 0x20, 0x20, 0x20, 0x20, 0x20, 0x20, 0x20, 0x65, 0x6c, 0x73, // .            els
	0x65, 0x0a, 0x20, 0x20, 0x20, 0x20, 0x20, 0x20, 0x20, 0x20, 0x20, 0x20, 0x20, 0x20, 0x7b, 0x0a, // e.            {.
	0x20, 0x20, 0x20, 0x20, 0x20, 0x20, 0x20, 0x20, 0x20, 0x20, 0x20, 0x20, 0x20, 0x20, 0x20, 0x20, //                 
	0x5f, 0x35, 0x33, 0x39, 0x20, 0x3d, 0x20, 0x28, 0x31, 0x2e, 0x30, 0x35, 0x34, 0x39, 0x39, 0x39, // _539 = (1.054999
	0x39, 0x34, 0x37, 0x35, 0x34, 0x37, 0x39, 0x31, 0x32, 0x35, 0x39, 0x37, 0x36, 0x35, 0x36, 0x32, // 9475479125976562
	0x35, 0x20, 0x2a, 0x20, 0x70, 0x6f, 0x77, 0x28, 0x5f, 0x34, 0x30, 0x31, 0x2c, 0x20, 0x30, 0x2e, // 5 * pow(_401, 0.
	0x34, 0x31, 0x36, 0x36, 0x36, 0x36, 0x36, 0x35, 0x36, 0x37, 0x33, 0x32, 0x35, 0x35, 0x39, 0x32, // 4166666567325592
	0x30, 0x34, 0x31, 0x30, 0x31, 0x35, 0x36, 0x32, 0x35, 0x29, 0x29, 0x20, 0x2d, 0x20, 0x30, 0x2e, // 041015625)) - 0.
	0x30, 0x35, 0x34, 0x39, 0x39, 0x39, 0x39, 0x39, 0x39, 0x37, 0x30, 0x31, 0x39, 0x37, 0x36, 0x37, // 0549999997019767
	0x37, 0x36, 0x31, 0x32, 0x33, 0x30, 0x34, 0x36, 0x38, 0x37, 0x35, 0x3b, 0x0a, 0x20, 0x20, 0x20, // 76123046875;.   
	0x20, 0x20, 0x20, 0x20, 0x20, 0x20, 0x20, 0x20, 0x20, 0x20, 0x20, 0x20, 0x20, 0x62, 0x72, 0x65, //              bre
	0x61, 0x6b, 0x3b, 0x0a, 0x20, 0x20, 0x20, 0x20, 0x20, 0x20, 0x20, 0x20, 0x20, 0x20, 0x20, 0x20, // ak;.            
	0x7d, 0x0a, 0x20, 0x20, 0x20, 0x20, 0x20, 0x20, 0x20, 0x20, 0x20, 0x20, 0x20, 0x20, 0x62, 0x72, // }.            br
	0x65, 0x61, 0x6b, 0x3b, 0x20, 0x2f, 0x2f, 0x20, 0x75, 0x6e, 0x72, 0x65, 0x61, 0x63, 0x68, 0x61, // eak; // unreacha
	0x62, 0x6c, 0x65, 0x20, 0x77, 0x6f, 0x72, 0x6b, 0x61, 0x72, 0x6f, 0x75, 0x6e, 0x64, 0x0a, 0x20, // ble workaround. 
	0x20, 0x20, 0x20, 0x20, 0x20, 0x20, 0x20, 0x7d, 0x20, 0x77, 0x68, 0x69, 0x6c, 0x65, 0x28, 0x66, //        } while(f
	0x61, 0x6c, 0x73, 0x65, 0x29, 0x3b, 0x0a, 0x20, 0x20, 0x20, 0x20, 0x20, 0x20, 0x20, 0x20, 0x68, // alse);.        h
	0x69, 0x67, 0x68, 0x70, 0x20, 0x66, 0x6c, 0x6f, 0x61, 0x74, 0x20, 0x5f, 0x34, 0x30, 0x35, 0x20, // ighp float _405 
	0x3d, 0x20, 0x5f, 0x33, 0x36, 0x30, 0x2e, 0x79, 0x3b, 0x0a, 0x20, 0x20, 0x20, 0x20, 0x20, 0x20, // = _360.y;.      
	0x20, 0x20, 0x68, 0x69, 0x67, 0x68, 0x70, 0x20, 0x66, 0x6c, 0x6f, 0x61, 0x74, 0x20, 0x5f, 0x35, //   highp float _5
	0x34, 0x31, 0x3b, 0x0a, 0x20, 0x20, 0x20, 0x20, 0x20, 0x20, 0x20, 0x20, 0x64, 0x6f, 0x0a, 0x20, // 41;.        do. 
	0x20, 0x20, 0x20, 0x20, 0x20, 0x20, 0x20, 0x7b, 0x0a, 0x20, 0x20, 0x20, 0x20, 0x20, 0x20, 0x20, //        {.       
	0x20, 0x20, 0x20, 0x20, 0x20, 0x69, 0x66, 0x20, 0x28, 0x5f, 0x34, 0x30, 0x35, 0x20, 0x3c, 0x3d, //      if (_405 <=
	0x20, 0x30, 0x2e, 0x30, 0x30, 0x33, 0x31, 0x33, 0x30, 0x38, 0x30, 0x30, 0x30, 0x39, 0x30, 0x37, //  0.0031308000907
	0x33, 0x30, 0x31, 0x39, 0x30, 0x32, 0x37, 0x37, 0x30, 0x39, 0x39, 0x36, 0x30, 0x39, 0x33, 0x37, // 3019027709960937
	0x35, 0x29, 0x0a, 0x20, 0x20, 0x20, 0x20, 0x20, 0x20, 0x20, 0x20, 0x20, 0x20, 0x20, 0x20, 0x7b, // 5).            {
	0x0a, 0x20, 0x20, 0x20, 0x20, 0x20, 0x20, 0x20, 0x20, 0x20, 0x20, 0x20, 0x20, 0x20, 0x20, 0x20, // .               
	0x20, 0x5f, 0x35, 0x34, 0x31, 0x20, 0x3d, 0x20, 0x31, 0x32, 0x2e, 0x39, 0x32, 0x30, 0x30, 0x30, //  _541 = 12.92000
	0x30, 0x30, 0x37, 0x36, 0x32, 0x39, 0x33, 0x39, 0x34, 0x35, 0x33, 0x31, 0x32, 0x35, 0x20, 0x2a, // 00762939453125 *
	0x20, 0x5f, 0x34, 0x30, 0x35, 0x3b, 0x0a, 0x20, 0x20, 0x20, 0x20, 0x20, 0x20, 0x20, 0x20, 0x20, //  _405;.         
	0x20, 0x20, 0x20, 0x20, 0x20, 0x20, 0x20, 0x62, 0x72, 0x65, 0x61, 0x6b, 0x3b, 0x0a, 0x20, 0x20, //        break;.  
	0x20, 0x20, 0x20, 0x20, 0x20, 0x20, 0x20, 0x20, 0x20, 0x20, 0x7d, 0x0a, 0x20, 0x20, 0x20, 0x20, //           }.    
	0x20, 0x20, 0x20, 0x20, 0x20, 0x20, 0x20, 0x20, 0x65, 0x6c, 0x73, 0x65, 0x0a, 0x20, 0x20, 0x20, //         else.   
	0x20, 0x20, 0x20, 0x20, 0x20, 0x20, 0x20, 0x20, 0x20, 0x7b, 0x0a, 0x20, 0x20, 0x20, 0x20, 0x20, //          {.     
	0x20, 0x20, 0x20, 0x20, 0x20, 0x20, 0x20, 0x20, 0x20, 0x20, 0x20, 0x5f, 0x35, 0x34, 0x31, 0x20, //            _541 
	0x3d, 0x20, 0x28, 0x31, 0x2e, 0x30, 0x35, 0x34, 0x39, 0x39, 0x39, 0x39, 0x34, 0x37, 0x35, 0x34, // = (1.05499994754
	0x37, 0x39, 0x31, 0x32, 0x35, 0x39, 0x37, 0x36, 0x35, 0x36, 0x32, 0x35, 0x20, 0x2a, 0x20, 0x70, // 791259765625 * p
	0x6f, 0x77, 0x28, 0x5f, 0x34, 0x30, 0x35, 0x2c, 0x20, 0x30, 0x2e, 0x34, 0x31, 0x36, 0x36, 0x36, // ow(_405, 0.41666
	0x36, 0x36, 0x35, 0x36, 0x37, 0x33, 0x32, 0x35, 0x35, 0x39, 0x32, 0x30, 0x34, 0x31, 0x30, 0x31, // 6656732559204101
	0x35, 0x36, 0x32, 0x35, 0x29, 0x29, 0x20, 0x2d, 0x20, 0x30, 0x2e, 0x30, 0x35, 0x34, 0x39, 0x39, // 5625)) - 0.05499
	0x39, 0x39, 0x39, 0x39, 0x37, 0x30, 0x31, 0x39, 0x37, 0x36, 0x37, 0x37, 0x36, 0x31, 0x32, 0x33, // 9999701976776123
	0x30, 0x34, 0x36, 0x38, 0x37, 0x35, 0x3b, 0x0a, 0x20, 0x20, 0x20, 0x20, 0x20, 0x20, 0x20, 0x20, // 046875;.        
	0x20, 0x20, 0x20, 0x20, 0x20, 0x20, 0x20, 0x20, 0x62, 0x72, 0x65, 0x61, 0x6b, 0x3b, 0x0a, 0x20, //         break;. 
	0x20, 0x20, 0x20, 0x20, 0x20, 0x20, 0x20, 0x20, 0x20, 0x20, 0x20, 0x7d, 0x0a, 0x20, 0x20, 0x20, //            }.   
	0x20, 0x20, 0x20, 0x20, 0x20, 0x20, 0x20, 0x20, 0x20, 0x62, 0x72, 0x65, 0x61, 0x6b, 0x3b, 0x20, //          break; 
	0x2f, 0x2f, 0x20, 0x75, 0x6e, 0x72, 0x65, 0x61, 0x63, 0x68, 0x61, 0x62, 0x6c, 0x65, 0x20, 0x77, // // unreachable w
	0x6f, 0x72, 0x6b, 0x61, 0x72, 0x6f, 0x75, 0x6e, 0x64, 0x0a, 0x20, 0x20, 0x20, 0x20, 0x20, 0x20, // orkaround.      
	0x20, 0x20, 0x7d, 0x20, 0x77, 0x68, 0x69, 0x6c, 0x65, 0x28, 0x66, 0x61, 0x6c, 0x73, 0x65, 0x29, //   } while(false)
	0x3b, 0x0a, 0x20, 0x20, 0x20, 0x20, 0x20, 0x20, 0x20, 0x20, 0x68, 0x69, 0x67, 0x68, 0x70, 0x20, // ;.        highp 
	0x66, 0x6c, 0x6f, 0x61, 0x74, 0x20, 0x5f, 0x34, 0x30, 0x39, 0x20, 0x3d, 0x20, 0x5f, 0x33, 0x36, // float _409 = _36
	0x30, 0x2e, 0x7a, 0x3b, 0x0a, 0x20, 0x20, 0x20, 0x20, 0x20, 0x20, 0x20, 0x20, 0x68, 0x69, 0x67, // 0.z;.        hig
	0x68, 0x70, 0x20, 0x66, 0x6c, 0x6f, 0x61, 0x74, 0x20, 0x5f, 0x35, 0x34, 0x33, 0x3b, 0x0a, 0x20, // hp float _543;. 
	0x20, 0x20, 0x20, 0x20, 0x20, 0x20, 0x20, 0x64, 0x6f, 0x0a, 0x20, 0x20, 0x20, 0x20, 0x20, 0x20, //        do.      
	0x20, 0x20, 0x7b, 0x0a, 0x20, 0x20, 0x20, 0x20, 0x20, 0x20, 0x20, 0x20, 0x20, 0x20, 0x20, 0x20, //   {.            
	0x69, 0x66, 0x20, 0x28, 0x5f, 0x34, 0x30, 0x39, 0x20, 0x3c, 0x3d, 0x20, 0x30, 0x2e, 0x30, 0x30, // if (_409 <= 0.00
	0x33, 0x31, 0x33, 0x30, 0x38, 0x30, 0x30, 0x30, 0x39, 0x30, 0x37, 0x33, 0x30, 0x31, 0x39, 0x30, // 3130800090730190
	0x32, 0x37, 0x37, 0x30, 0x39, 0x39, 0x36, 0x30, 0x39, 0x33, 0x37, 0x35, 0x29, 0x0a, 0x20, 0x20, // 277099609375).  
	0x20, 0x20, 0x20, 0x20, 0x20, 0x20, 0x20, 0x20, 0x20, 0x20, 0x7b, 0x0a, 0x20, 0x20, 0x20, 0x20, //           {.    
	0x20, 0x20, 0x20, 0x20, 0x20, 0x20, 0x20, 0x20, 0x20, 0x20, 0x20, 0x20, 0x5f, 0x35, 0x34, 0x33, //             _543
	0x20, 0x3d, 0x20, 0x31, 0x32, 0x2e, 0x39, 0x32, 0x30, 0x30, 0x30, 0x30, 0x30, 0x37, 0x36, 0x32, //  = 12.9200000762
	0x39, 0x33, 0x39, 0x34, 0x35, 0x33, 0x31, 0x32, 0x35, 0x20, 0x2a, 0x20, 0x5f, 0x34, 0x30, 0x39, // 939453125 * _409
	0x3b, 0x0a, 0x20, 0x20, 0x20, 0x20, 0x20, 0x20, 0x20, 0x20, 0x20, 0x20, 0x20, 0x20, 0x20, 0x20, // ;.              
	0x20, 0x20, 0x62, 0x72, 0x65, 0x61, 0x6b, 0x3b, 0x0a, 0x20, 0x20, 0x20, 0x20, 0x20, 0x20, 0x20, //   break;.       
	0x20, 0x20, 0x20, 0x20, 0x20, 0x7d, 0x0a, 0x20, 0x20, 0x20, 0x20, 0x20, 0x20, 0x20, 0x20, 0x20, //      }.         
	0x20, 0x20, 0x20, 0x65, 0x6c, 0x73, 0x65, 0x0a, 0x20, 0x20, 0x20, 0x20, 0x20, 0x20, 0x20, 0x20, //    else.        
	0x20, 0x20, 0x20, 0x20, 0x7b, 0x0a, 0x20, 0x20, 0x20, 0x20, 0x20, 0x20, 0x20, 0x20, 0x20, 0x20, //     {.          
	0x20, 0x20, 0x20, 0x20, 0x20, 0x20, 0x5f, 0x35, 0x34, 0x33, 0x20, 0x3d, 0x20, 0x28, 0x31, 0x2e, //       _543 = (1.
	0x30, 0x35, 0x34, 0x39, 0x39, 0x39, 0x39, 0x34, 0x37, 0x35, 0x34, 0x37, 0x39, 0x31, 0x32, 0x35, // 0549999475479125
	0x39, 0x37, 0x36, 0x35, 0x36, 0x32, 0x35, 0x20, 0x2a, 0x20, 0x70, 0x6f, 0x77, 0x28, 0x5f, 0x34, // 9765625 * pow(_4
	0x30, 0x39, 0x2c, 0x20, 0x30, 0x2e, 0x34, 0x31, 0x36, 0x36, 0x36, 0x36, 0x36, 0x35, 0x36, 0x37, // 09, 0.4166666567
	0x33, 0x32, 0x35, 0x35, 0x39, 0x32, 0x30, 0x34, 0x31, 0x30, 0x31, 0x35, 0x36, 0x32, 0x35, 0x29, // 325592041015625)
	0x29, 0x20, 0x2d, 0x20, 0x30, 0x2e, 0x30, 0x35, 0x34, 0x39, 0x39, 0x39, 0x39, 0x39, 0x39, 0x37, // ) - 0.0549999997
	0x30, 0x31, 0x39, 0x37, 0x36, 0x37, 0x37, 0x36, 0x31, 0x32, 0x33, 0x30, 0x34, 0x36, 0x38, 0x37, // 0197677612304687
	0x35, 0x3b, 0x0a, 0x20, 0x20, 0x20, 0x20, 0x20, 0x20, 0x20, 0x20, 0x20, 0x20, 0x20, 0x20, 0x20, // 5;.             
	0x20, 0x20, 0x20, 0x62, 0x72, 0x65, 0x61, 0x6b, 0x3b, 0x0a, 0x20, 0x20, 0x20, 0x20, 0x20, 0x20, //    break;.      
	0x20, 0x20, 0x20, 0x20, 0x20, 0x20, 0x7d, 0x0a, 0x20, 0x20, 0x20, 0x20, 0x20, 0x20, 0x20, 0x20, //       }.        
	0x20, 0x20, 0x20, 0x20, 0x62, 0x72, 0x65, 0x61, 0x6b, 0x3b, 0x20, 0x2f, 0x2f, 0x20, 0x75, 0x6e, //     break; // un
	0x72, 0x65, 0x61, 0x63, 0x68, 0x61, 0x62, 0x6c, 0x65, 0x20, 0x77, 0x6f, 0x72, 0x6b, 0x61, 0x72, // reachable workar
	0x6f, 0x75, 0x6e, 0x64, 0x0a, 0x20, 0x20, 0x20, 0x20, 0x20, 0x20, 0x20, 0x20, 0x7d, 0x20, 0x77, // ound.        } w
	0x68, 0x69, 0x6c, 0x65, 0x28, 0x66, 0x61, 0x6c, 0x73, 0x65, 0x29, 0x3b, 0x0a, 0x20, 0x20, 0x20, // hile(false);.   
	0x20, 0x20, 0x20, 0x20, 0x20, 0x5f, 0x35, 0x34, 0x35, 0x20, 0x3d, 0x20, 0x76, 0x65, 0x63, 0x33, //      _545 = vec3
	0x28, 0x5f, 0x35, 0x33, 0x39, 0x2c, 0x20, 0x5f, 0x35, 0x34, 0x31, 0x2c, 0x20, 0x5f, 0x35, 0x34, // (_539, _541, _54
	0x33, 0x29, 0x3b, 0x0a, 0x20, 0x20, 0x20, 0x20, 0x7d, 0x0a, 0x20, 0x20, 0x20, 0x20, 0x65, 0x6c, // 3);.    }.    el
	0x73, 0x65, 0x0a, 0x20, 0x20, 0x20, 0x20, 0x7b, 0x0a, 0x20, 0x20, 0x20, 0x20, 0x20, 0x20, 0x20, // se.    {.       
	0x20, 0x68, 0x69, 0x67, 0x68, 0x70, 0x20, 0x76, 0x65, 0x63, 0x33, 0x20, 0x5f, 0x35, 0x34, 0x36, //  highp vec3 _546
	0x3b, 0x0a, 0x20, 0x20, 0x20, 0x20, 0x20, 0x20, 0x20, 0x20, 0x69, 0x66, 0x20, 0x28, 0x75, 0x5f, // ;.        if (u_
	0x70, 0x61, 0x72, 0x61, 0x6d, 0x73, 0x31, 0x2e, 0x78, 0x20, 0x3c, 0x20, 0x31, 0x2e, 0x35, 0x29, // params1.x < 1.5)
	0x0a, 0x20, 0x20, 0x20, 0x20, 0x20, 0x20, 0x20, 0x20, 0x7b, 0x0a, 0x20, 0x20, 0x20, 0x20, 0x20, // .        {.     
	0x20, 0x20, 0x20, 0x20, 0x20, 0x20, 0x20, 0x5f, 0x35, 0x34, 0x36, 0x20, 0x3d, 0x20, 0x5f, 0x32, //        _546 = _2
	0x37, 0x37, 0x2e, 0x78, 0x79, 0x7a, 0x3b, 0x0a, 0x20, 0x20, 0x20, 0x20, 0x20, 0x20, 0x20, 0x20, // 77.xyz;.        
	0x7d, 0x0a, 0x20, 0x20, 0x20, 0x20, 0x20, 0x20, 0x20, 0x20, 0x65, 0x6c, 0x73, 0x65, 0x0a, 0x20, // }.        else. 
	0x20, 0x20, 0x20, 0x20, 0x20, 0x20, 0x20, 0x7b, 0x0a, 0x20, 0x20, 0x20, 0x20, 0x20, 0x20, 0x20, //        {.       
	0x20, 0x20, 0x20, 0x20, 0x20, 0x68, 0x69, 0x67, 0x68, 0x70, 0x20, 0x76, 0x65, 0x63, 0x33, 0x20, //      highp vec3 
	0x5f, 0x35, 0x34, 0x37, 0x3b, 0x0a, 0x20, 0x20, 0x20, 0x20, 0x20, 0x20, 0x20, 0x20, 0x20, 0x20, // _547;.          
	0x20, 0x20, 0x69, 0x66, 0x20, 0x28, 0x75, 0x5f, 0x70, 0x61, 0x72, 0x61, 0x6d, 0x73, 0x31, 0x2e, //   if (u_params1.
	0x78, 0x20, 0x3c, 0x20, 0x32, 0x2e, 0x35, 0x29, 0x0a, 0x20, 0x20, 0x20, 0x20, 0x20, 0x20, 0x20, // x < 2.5).       
	0x20, 0x20, 0x20, 0x20, 0x20, 0x7b, 0x0a, 0x20, 0x20, 0x20, 0x20, 0x20, 0x20, 0x20, 0x20, 0x20, //      {.         
	0x20, 0x20, 0x20, 0x20, 0x20, 0x20, 0x20, 0x68, 0x69, 0x67, 0x68, 0x70, 0x20, 0x76, 0x65, 0x63, //        highp vec
	0x33, 0x20, 0x5f, 0x34, 0x39, 0x34, 0x20, 0x3d, 0x20, 0x70, 0x6f, 0x77, 0x28, 0x28, 0x28, 0x6d, // 3 _494 = pow(((m
	0x61, 0x74, 0x33, 0x28, 0x76, 0x65, 0x63, 0x33, 0x28, 0x31, 0x2e, 0x37, 0x31, 0x36, 0x36, 0x35, // at3(vec3(1.71665
	0x31, 0x32, 0x30, 0x31, 0x32, 0x34, 0x38, 0x31, 0x36, 0x38, 0x39, 0x34, 0x35, 0x33, 0x31, 0x32, // 1201248168945312
	0x35, 0x2c, 0x20, 0x2d, 0x30, 0x2e, 0x33, 0x35, 0x35, 0x36, 0x37, 0x30, 0x38, 0x30, 0x39, 0x37, // 5, -0.3556708097
	0x34, 0x35, 0x37, 0x38, 0x38, 0x35, 0x37, 0x34, 0x32, 0x31, 0x38, 0x37, 0x35, 0x2c, 0x20, 0x2d, // 4578857421875, -
	0x30, 0x2e, 0x32, 0x35, 0x33, 0x33, 0x36, 0x36, 0x32, 0x39, 0x31, 0x35, 0x32, 0x32, 0x39, 0x37, // 0.25336629152297
	0x39, 0x37, 0x33, 0x36, 0x33, 0x32, 0x38, 0x31, 0x32, 0x35, 0x29, 0x2c, 0x20, 0x76, 0x65, 0x63, // 9736328125), vec
	0x33, 0x28, 0x2d, 0x30, 0x2e, 0x36, 0x36, 0x36, 0x36, 0x38, 0x34, 0x33, 0x38, 0x39, 0x31, 0x31, // 3(-0.66668438911
	0x34, 0x33, 0x37, 0x39, 0x38, 0x38, 0x32, 0x38, 0x31, 0x32, 0x35, 0x2c, 0x20, 0x31, 0x2e, 0x36, // 43798828125, 1.6
	0x31, 0x36, 0x34, 0x38, 0x31, 0x31, 0x38, 0x34, 0x39, 0x35, 0x39, 0x34, 0x31, 0x31, 0x36, 0x32, // 1648118495941162
	0x31, 0x30, 0x39, 0x33, 0x37, 0x35, 0x2c, 0x20, 0x30, 0x2e, 0x30, 0x31, 0x35, 0x37, 0x36, 0x38, // 109375, 0.015768
	0x35, 0x30, 0x30, 0x30, 0x34, 0x34, 0x39, 0x34, 0x31, 0x39, 0x30, 0x32, 0x31, 0x36, 0x30, 0x36, // 5000449419021606
	0x34, 0x34, 0x35, 0x33, 0x31, 0x32, 0x35, 0x29, 0x2c, 0x20, 0x76, 0x65, 0x63, 0x33, 0x28, 0x30, // 4453125), vec3(0
	0x2e, 0x30, 0x31, 0x37, 0x36, 0x33, 0x39, 0x38, 0x39, 0x39, 0x36, 0x32, 0x36, 0x33, 0x37, 0x34, // .017639899626374
	0x32, 0x34, 0x34, 0x36, 0x38, 0x39, 0x39, 0x34, 0x31, 0x34, 0x30, 0x36, 0x32, 0x35, 0x2c, 0x20, // 24468994140625, 
	0x2d, 0x30, 0x2e, 0x30, 0x34, 0x32, 0x37, 0x37, 0x30, 0x36, 0x30, 0x31, 0x38, 0x30, 0x39, 0x30, // -0.0427706018090
	0x32, 0x34, 0x38, 0x31, 0x30, 0x37, 0x39, 0x31, 0x30, 0x31, 0x35, 0x36, 0x32, 0x35, 0x2c, 0x20, // 24810791015625, 
	0x30, 0x2e, 0x39, 0x34, 0x32, 0x31, 0x30, 0x33, 0x30, 0x38, 0x37, 0x39, 0x30, 0x32, 0x30, 0x36, // 0.94210308790206
	0x39, 0x30, 0x39, 0x31, 0x37, 0x39, 0x36, 0x38, 0x37, 0x35, 0x29, 0x29, 0x20, 0x2a, 0x20, 0x28, // 9091796875)) * (
	0x6d, 0x61, 0x74, 0x33, 0x28, 0x76, 0x65, 0x63, 0x33, 0x28, 0x30, 0x2e, 0x34, 0x31, 0x32, 0x35, // mat3(vec3(0.4125
	0x35, 0x36, 0x34, 0x30, 0x39, 0x38, 0x33, 0x35, 0x38, 0x31, 0x35, 0x34, 0x32, 0x39, 0x36, 0x38, // 5640983581542968
	0x37, 0x35, 0x2c, 0x20, 0x30, 0x2e, 0x33, 0x35, 0x37, 0x35, 0x37, 0x36, 0x31, 0x30, 0x32, 0x30, // 75, 0.3575761020
	0x31, 0x38, 0x33, 0x35, 0x36, 0x33, 0x32, 0x33, 0x32, 0x34, 0x32, 0x31, 0x38, 0x37, 0x35, 0x2c, // 183563232421875,
	0x20, 0x30, 0x2e, 0x31, 0x38, 0x30, 0x34, 0x33, 0x37, 0x35, 0x30, 0x35, 0x32, 0x34, 0x35, 0x32, //  0.1804375052452
	0x30, 0x38, 0x37, 0x34, 0x30, 0x32, 0x33, 0x34, 0x33, 0x37, 0x35, 0x29, 0x2c, 0x20, 0x76, 0x65, // 08740234375), ve
	0x63, 0x33, 0x28, 0x30, 0x2e, 0x32, 0x31, 0x32, 0x36, 0x37, 0x32, 0x39, 0x30, 0x34, 0x31, 0x33, // c3(0.21267290413
	0x33, 0x37, 0x39, 0x36, 0x36, 0x39, 0x31, 0x38, 0x39, 0x34, 0x35, 0x33, 0x31, 0x32, 0x35, 0x2c, // 379669189453125,
	0x20, 0x30, 0x2e, 0x37, 0x31, 0x35, 0x31, 0x35, 0x32, 0x32, 0x30, 0x34, 0x30, 0x33, 0x36, 0x37, //  0.7151522040367
	0x31, 0x32, 0x36, 0x34, 0x36, 0x34, 0x38, 0x34, 0x33, 0x37, 0x35, 0x2c, 0x20, 0x30, 0x2e, 0x30, // 12646484375, 0.0
	0x37, 0x32, 0x31, 0x37, 0x35, 0x30, 0x30, 0x33, 0x35, 0x38, 0x38, 0x31, 0x39, 0x39, 0x36, 0x31, // 7217500358819961
	0x35, 0x34, 0x37, 0x38, 0x35, 0x31, 0x35, 0x36, 0x32, 0x35, 0x29, 0x2c, 0x20, 0x76, 0x65, 0x63, // 5478515625), vec
	0x33, 0x28, 0x30, 0x2e, 0x30, 0x31, 0x39, 0x33, 0x33, 0x33, 0x39, 0x30, 0x30, 0x38, 0x38, 0x33, // 3(0.019333900883
	0x37, 0x39, 0x33, 0x38, 0x33, 0x30, 0x38, 0x37, 0x31, 0x35, 0x38, 0x32, 0x30, 0x33, 0x31, 0x32, // 7938308715820312
	0x35, 0x2c, 0x20, 0x30, 0x2e, 0x31, 0x31, 0x39, 0x31, 0x39, 0x31, 0x39, 0x39, 0x36, 0x37, 0x35, // 5, 0.11919199675
	0x33, 0x32, 0x31, 0x35, 0x37, 0x38, 0x39, 0x37, 0x39, 0x34, 0x39, 0x32, 0x31, 0x38, 0x37, 0x35, // 3215789794921875
	0x2c, 0x20, 0x30, 0x2e, 0x39, 0x35, 0x30, 0x33, 0x30, 0x34, 0x30, 0x39, 0x30, 0x39, 0x37, 0x36, // , 0.950304090976
	0x37, 0x31, 0x35, 0x30, 0x38, 0x37, 0x38, 0x39, 0x30, 0x36, 0x32, 0x35, 0x29, 0x29, 0x20, 0x2a, // 715087890625)) *
	0x20, 0x5f, 0x32, 0x37, 0x37, 0x2e, 0x78, 0x79, 0x7a, 0x29, 0x29, 0x20, 0x2a, 0x20, 0x75, 0x5f, //  _277.xyz)) * u_
	0x70, 0x61, 0x72, 0x61, 0x6d, 0x73, 0x31, 0x2e, 0x79, 0x29, 0x20, 0x2a, 0x20, 0x39, 0x2e, 0x39, // params1.y) * 9.9
	0x39, 0x39, 0x39, 0x39, 0x39, 0x37, 0x34, 0x37, 0x33, 0x37, 0x38, 0x37, 0x35, 0x31, 0x36, 0x33, // 9999974737875163
	0x35, 0x35, 0x35, 0x31, 0x34, 0x35, 0x32, 0x36, 0x33, 0x36, 0x37, 0x31, 0x38, 0x38, 0x65, 0x2d, // 55514526367188e-
	0x30, 0x35, 0x2c, 0x20, 0x76, 0x65, 0x63, 0x33, 0x28, 0x30, 0x2e, 0x31, 0x35, 0x39, 0x33, 0x30, // 05, vec3(0.15930
	0x31, 0x37, 0x35, 0x37, 0x38, 0x31, 0x32, 0x35, 0x29, 0x29, 0x3b, 0x0a, 0x20, 0x20, 0x20, 0x20, // 17578125));.    
	0x20, 0x20, 0x20, 0x20, 0x20, 0x20, 0x20, 0x20, 0x20, 0x20, 0x20, 0x20, 0x5f, 0x35, 0x34, 0x37, //             _547
	0x20, 0x3d, 0x20, 0x70, 0x6f, 0x77, 0x28, 0x28, 0x76, 0x65, 0x63, 0x33, 0x28, 0x30, 0x2e, 0x38, //  = pow((vec3(0.8
	0x33, 0x35, 0x39, 0x33, 0x37, 0x35, 0x29, 0x20, 0x2b, 0x20, 0x28, 0x5f, 0x34, 0x39, 0x34, 0x20, // 359375) + (_494 
	0x2a, 0x20, 0x31, 0x38, 0x2e, 0x38, 0x35, 0x31, 0x35, 0x36, 0x32, 0x35, 0x29, 0x29, 0x20, 0x2f, // * 18.8515625)) /
	0x20, 0x28, 0x76, 0x65, 0x63, 0x33, 0x28, 0x31, 0x2e, 0x30, 0x29, 0x20, 0x2b, 0x20, 0x28, 0x5f, //  (vec3(1.0) + (_
	0x34, 0x39, 0x34, 0x20, 0x2a, 0x20, 0x31, 0x38, 0x2e, 0x36, 0x38, 0x37, 0x35, 0x29, 0x29, 0x2c, // 494 * 18.6875)),
	0x20, 0x76, 0x65, 0x63, 0x33, 0x28, 0x37, 0x38, 0x2e, 0x38, 0x34, 0x33, 0x37, 0x35, 0x29, 0x29, //  vec3(78.84375))
	0x3b, 0x0a, 0x20, 0x20, 0x20, 0x20, 0x20, 0x20, 0x20, 0x20, 0x20, 0x20, 0x20, 0x20, 0x7d, 0x0a, // ;.            }.
	0x20, 0x20, 0x20, 0x20, 0x20, 0x20, 0x20, 0x20, 0x20, 0x20, 0x20, 0x20, 0x65, 0x6c, 0x73, 0x65, //             else
	0x0a, 0x20, 0x20, 0x20, 0x20, 0x20, 0x20, 0x20, 0x20, 0x20, 0x20, 0x20, 0x20, 0x7b, 0x0a, 0x20, // .            {. 
	0x20, 0x20, 0x20, 0x20, 0x20, 0x20, 0x20, 0x20, 0x20, 0x20, 0x20, 0x20, 0x20, 0x20, 0x20, 0x5f, //                _
	0x35, 0x34, 0x37, 0x20, 0x3d, 0x20, 0x76, 0x65, 0x63, 0x33, 0x28, 0x30, 0x2e, 0x30, 0x29, 0x3b, // 547 = vec3(0.0);
	0x0a, 0x20, 0x20, 0x20, 0x20, 0x20, 0x20, 0x20, 0x20, 0x20, 0x20, 0x20, 0x20, 0x7d, 0x0a, 0x20, // .            }. 
	0x20, 0x20, 0x20, 0x20, 0x20, 0x20, 0x20, 0x20, 0x20, 0x20, 0x20, 0x5f, 0x35, 0x34, 0x36, 0x20, //            _546 
	0x3d, 0x20, 0x5f, 0x35, 0x34, 0x37, 0x3b, 0x0a, 0x20, 0x20, 0x20, 0x20, 0x20, 0x20, 0x20, 0x20, // = _547;.        
	0x7d, 0x0a, 0x20, 0x20, 0x20, 0x20, 0x20, 0x20, 0x20, 0x20, 0x5f, 0x35, 0x34, 0x35, 0x20, 0x3d, // }.        _545 =
	0x20, 0x5f, 0x35, 0x34, 0x36, 0x3b, 0x0a, 0x20, 0x20, 0x20, 0x20, 0x7d, 0x0a, 0x20, 0x20, 0x20, //  _546;.    }.   
	0x20, 0x62, 0x67, 0x66, 0x78, 0x5f, 0x46, 0x72, 0x61, 0x67, 0x43, 0x6f, 0x6c, 0x6f, 0x72, 0x20, //  bgfx_FragColor 
	0x3d, 0x20, 0x76, 0x65, 0x63, 0x34, 0x28, 0x5f, 0x35, 0x34, 0x35, 0x2c, 0x20, 0x5f, 0x32, 0x37, // = vec4(_545, _27
	0x37, 0x2e, 0x77, 0x29, 0x3b, 0x0a, 0x7d, 0x0a, 0x0a, 0x00,                                     // 7.w);.}...
};
static const uint8_t fs_texture_cube2_spv[4367] =
{
	0x46, 0x53, 0x48, 0x0c, 0x01, 0x83, 0xf2, 0xe1, 0x00, 0x00, 0x00, 0x00, 0x00, 0x00, 0x00, 0x00, // FSH.............
	0x00, 0x00, 0x00, 0x00, 0x03, 0x00, 0x09, 0x75, 0x5f, 0x70, 0x61, 0x72, 0x61, 0x6d, 0x73, 0x30, // .......u_params0
	0x12, 0x01, 0x00, 0x00, 0x01, 0x00, 0x00, 0x00, 0x00, 0x00, 0x09, 0x75, 0x5f, 0x70, 0x61, 0x72, // ...........u_par
	0x61, 0x6d, 0x73, 0x31, 0x12, 0x01, 0x10, 0x00, 0x01, 0x00, 0x00, 0x00, 0x00, 0x00, 0x0a, 0x73, // ams1...........s
	0x5f, 0x74, 0x65, 0x78, 0x43, 0x6f, 0x6c, 0x6f, 0x72, 0x30, 0x00, 0x02, 0x00, 0x00, 0x00, 0x00, // _texColor0......
	0x04, 0x29, 0x00, 0xb4, 0x10, 0x00, 0x00, 0x03, 0x02, 0x23, 0x07, 0x00, 0x00, 0x01, 0x00, 0x0b, // .).......#......
	0x00, 0x08, 0x00, 0xbf, 0x02, 0x00, 0x00, 0x00, 0x00, 0x00, 0x00, 0x11, 0x00, 0x02, 0x00, 0x01, // ................
	0x00, 0x00, 0x00, 0x0b, 0x00, 0x06, 0x00, 0x01, 0x00, 0x00, 0x00, 0x47, 0x4c, 0x53, 0x4c, 0x2e, // ...........GLSL.
	0x73, 0x74, 0x64, 0x2e, 0x34, 0x35, 0x30, 0x00, 0x00, 0x00, 0x00, 0x0e, 0x00, 0x03, 0x00, 0x00, // std.450.........
	0x00, 0x00, 0x00, 0x01, 0x00, 0x00, 0x00, 0x0f, 0x00, 0x08, 0x00, 0x04, 0x00, 0x00, 0x00, 0x04, // ................
	0x00, 0x00, 0x00, 0x6d, 0x61, 0x69, 0x6e, 0x00, 0x00, 0x00, 0x00, 0x64, 0x01, 0x00, 0x00, 0x68, // ...main....d...h
	0x01, 0x00, 0x00, 0x75, 0x01, 0x00, 0x00, 0x10, 0x00, 0x03, 0x00, 0x04, 0x00, 0x00, 0x00, 0x07, // ...u............
	0x00, 0x00, 0x00, 0x03, 0x00, 0x03, 0x00, 0x05, 0x00, 0x00, 0x00, 0xf4, 0x01, 0x00, 0x00, 0x05, // ................
	0x00, 0x04, 0x00, 0x04, 0x00, 0x00, 0x00, 0x6d, 0x61, 0x69, 0x6e, 0x00, 0x00, 0x00, 0x00, 0x05, // .......main.....
	0x00, 0x07, 0x00, 0x4b, 0x00, 0x00, 0x00, 0x73, 0x5f, 0x74, 0x65, 0x78, 0x43, 0x6f, 0x6c, 0x6f, // ...K...s_texColo
	0x72, 0x53, 0x61, 0x6d, 0x70, 0x6c, 0x65, 0x72, 0x00, 0x00, 0x00, 0x05, 0x00, 0x07, 0x00, 0x4e, // rSampler.......N
	0x00, 0x00, 0x00, 0x73, 0x5f, 0x74, 0x65, 0x78, 0x43, 0x6f, 0x6c, 0x6f, 0x72, 0x54, 0x65, 0x78, // ...s_texColorTex
	0x74, 0x75, 0x72, 0x65, 0x00, 0x00, 0x00, 0x05, 0x00, 0x06, 0x00, 0x7b, 0x00, 0x00, 0x00, 0x55, // ture.......{...U
	0x6e, 0x69, 0x66, 0x6f, 0x72, 0x6d, 0x42, 0x6c, 0x6f, 0x63, 0x6b, 0x00, 0x00, 0x00, 0x00, 0x06, // niformBlock.....
	0x00, 0x06, 0x00, 0x7b, 0x00, 0x00, 0x00, 0x00, 0x00, 0x00, 0x00, 0x75, 0x5f, 0x70, 0x61, 0x72, // ...{.......u_par
	0x61, 0x6d, 0x73, 0x30, 0x00, 0x00, 0x00, 0x06, 0x00, 0x06, 0x00, 0x7b, 0x00, 0x00, 0x00, 0x01, // ams0.......{....
	0x00, 0x00, 0x00, 0x75, 0x5f, 0x70, 0x61, 0x72, 0x61, 0x6d, 0x73, 0x31, 0x00, 0x00, 0x00, 0x05, // ...u_params1....
	0x00, 0x03, 0x00, 0x7d, 0x00, 0x00, 0x00, 0x00, 0x00, 0x00, 0x00, 0x05, 0x00, 0x05, 0x00, 0x64, // ...}...........d
	0x01, 0x00, 0x00, 0x76, 0x5f, 0x63, 0x6f, 0x6c, 0x6f, 0x72, 0x30, 0x00, 0x00, 0x00, 0x00, 0x05, // ...v_color0.....
	0x00, 0x05, 0x00, 0x68, 0x01, 0x00, 0x00, 0x76, 0x5f, 0x74, 0x65, 0x78, 0x63, 0x6f, 0x6f, 0x72, // ...h...v_texcoor
	0x64, 0x30, 0x00, 0x05, 0x00, 0x06, 0x00, 0x75, 0x01, 0x00, 0x00, 0x62, 0x67, 0x66, 0x78, 0x5f, // d0.....u...bgfx_
	0x46, 0x72, 0x61, 0x67, 0x44, 0x61, 0x74, 0x61, 0x30, 0x00, 0x00, 0x47, 0x00, 0x04, 0x00, 0x4b, // FragData0..G...K
	0x00, 0x00, 0x00, 0x21, 0x00, 0x00, 0x00, 0x12, 0x00, 0x00, 0x00, 0x47, 0x00, 0x04, 0x00, 0x4b, // ...!.......G...K
	0x00, 0x00, 0x00, 0x22, 0x00, 0x00, 0x00, 0x00, 0x00, 0x00, 0x00, 0x47, 0x00, 0x04, 0x00, 0x4e, // ...".......G...N
	0x00, 0x00, 0x00, 0x21, 0x00, 0x00, 0x00, 0x02, 0x00, 0x00, 0x00, 0x47, 0x00, 0x04, 0x00, 0x4e, // ...!.......G...N
	0x00, 0x00, 0x00, 0x22, 0x00, 0x00, 0x00, 0x00, 0x00, 0x00, 0x00, 0x47, 0x00, 0x03, 0x00, 0x7b, // ...".......G...{
	0x00, 0x00, 0x00, 0x02, 0x00, 0x00, 0x00, 0x48, 0x00, 0x05, 0x00, 0x7b, 0x00, 0x00, 0x00, 0x00, // .......H...{....
	0x00, 0x00, 0x00, 0x23, 0x00, 0x00, 0x00, 0x00, 0x00, 0x00, 0x00, 0x48, 0x00, 0x05, 0x00, 0x7b, // ...#.......H...{
	0x00, 0x00, 0x00, 0x01, 0x00, 0x00, 0x00, 0x23, 0x00, 0x00, 0x00, 0x10, 0x00, 0x00, 0x00, 0x47, // .......#.......G
	0x00, 0x04, 0x00, 0x7d, 0x00, 0x00, 0x00, 0x21, 0x00, 0x00, 0x00, 0x01, 0x00, 0x00, 0x00, 0x47, // ...}...!.......G
	0x00, 0x04, 0x00, 0x7d, 0x00, 0x00, 0x00, 0x22, 0x00, 0x00, 0x00, 0x00, 0x00, 0x00, 0x00, 0x47, // ...}...".......G
	0x00, 0x04, 0x00, 0x64, 0x01, 0x00, 0x00, 0x1e, 0x00, 0x00, 0x00, 0x00, 0x00, 0x00, 0x00, 0x47, // ...d...........G
	0x00, 0x04, 0x00, 0x68, 0x01, 0x00, 0x00, 0x1e, 0x00, 0x00, 0x00, 0x01, 0x00, 0x00, 0x00, 0x47, // ...h...........G
	0x00, 0x04, 0x00, 0x75, 0x01, 0x00, 0x00, 0x1e, 0x00, 0x00, 0x00, 0x00, 0x00, 0x00, 0x00, 0x13, // ...u............
	0x00, 0x02, 0x00, 0x02, 0x00, 0x00, 0x00, 0x21, 0x00, 0x03, 0x00, 0x03, 0x00, 0x00, 0x00, 0x02, // .......!........
	0x00, 0x00, 0x00, 0x1a, 0x00, 0x02, 0x00, 0x06, 0x00, 0x00, 0x00, 0x16, 0x00, 0x03, 0x00, 0x07, // ................
	0x00, 0x00, 0x00, 0x20, 0x00, 0x00, 0x00, 0x19, 0x00, 0x09, 0x00, 0x08, 0x00, 0x00, 0x00, 0x07, // ... ............
	0x00, 0x00, 0x00, 0x03, 0x00, 0x00, 0x00, 0x00, 0x00, 0x00, 0x00, 0x00, 0x00, 0x00, 0x00, 0x00, // ................
	0x00, 0x00, 0x00, 0x01, 0x00, 0x00, 0x00, 0x00, 0x00, 0x00, 0x00, 0x17, 0x00, 0x04, 0x00, 0x0b, // ................
	0x00, 0x00, 0x00, 0x07, 0x00, 0x00, 0x00, 0x03, 0x00, 0x00, 0x00, 0x17, 0x00, 0x04, 0x00, 0x0e, // ................
	0x00, 0x00, 0x00, 0x07, 0x00, 0x00, 0x00, 0x04, 0x00, 0x00, 0x00, 0x20, 0x00, 0x04, 0x00, 0x4a, // ........... ...J
	0x00, 0x00, 0x00, 0x00, 0x00, 0x00, 0x00, 0x06, 0x00, 0x00, 0x00, 0x3b, 0x00, 0x04, 0x00, 0x4a, // ...........;...J
	0x00, 0x00, 0x00, 0x4b, 0x00, 0x00, 0x00, 0x00, 0x00, 0x00, 0x00, 0x20, 0x00, 0x04, 0x00, 0x4d, // ...K....... ...M
	0x00, 0x00, 0x00, 0x00, 0x00, 0x00, 0x00, 0x08, 0x00, 0x00, 0x00, 0x3b, 0x00, 0x04, 0x00, 0x4d, // ...........;...M
	0x00, 0x00, 0x00, 0x4e, 0x00, 0x00, 0x00, 0x00, 0x00, 0x00, 0x00, 0x15, 0x00, 0x04, 0x00, 0x51, // ...N...........Q
	0x00, 0x00, 0x00, 0x20, 0x00, 0x00, 0x00, 0x01, 0x00, 0x00, 0x00, 0x2b, 0x00, 0x04, 0x00, 0x51, // ... .......+...Q
	0x00, 0x00, 0x00, 0x52, 0x00, 0x00, 0x00, 0x01, 0x00, 0x00, 0x00, 0x2b, 0x00, 0x04, 0x00, 0x51, // ...R.......+...Q
	0x00, 0x00, 0x00, 0x56, 0x00, 0x00, 0x00, 0x00, 0x00, 0x00, 0x00, 0x1b, 0x00, 0x03, 0x00, 0x5a, // ...V...........Z
	0x00, 0x00, 0x00, 0x08, 0x00, 0x00, 0x00, 0x2b, 0x00, 0x04, 0x00, 0x07, 0x00, 0x00, 0x00, 0x71, // .......+.......q
	0x00, 0x00, 0x00, 0xcd, 0xcc, 0x0c, 0x40, 0x1e, 0x00, 0x04, 0x00, 0x7b, 0x00, 0x00, 0x00, 0x0e, // ......@....{....
	0x00, 0x00, 0x00, 0x0e, 0x00, 0x00, 0x00, 0x20, 0x00, 0x04, 0x00, 0x7c, 0x00, 0x00, 0x00, 0x02, // ....... ...|....
	0x00, 0x00, 0x00, 0x7b, 0x00, 0x00, 0x00, 0x3b, 0x00, 0x04, 0x00, 0x7c, 0x00, 0x00, 0x00, 0x7d, // ...{...;...|...}
	0x00, 0x00, 0x00, 0x02, 0x00, 0x00, 0x00, 0x15, 0x00, 0x04, 0x00, 0x7e, 0x00, 0x00, 0x00, 0x20, // ...........~... 
	0x00, 0x00, 0x00, 0x00, 0x00, 0x00, 0x00, 0x2b, 0x00, 0x04, 0x00, 0x7e, 0x00, 0x00, 0x00, 0x7f, // .......+...~....
	0x00, 0x00, 0x00, 0x02, 0x00, 0x00, 0x00, 0x20, 0x00, 0x04, 0x00, 0x80, 0x00, 0x00, 0x00, 0x02, // ....... ........
	0x00, 0x00, 0x00, 0x07, 0x00, 0x00, 0x00, 0x2b, 0x00, 0x04, 0x00, 0x07, 0x00, 0x00, 0x00, 0x8a, // .......+........
	0x00, 0x00, 0x00, 0x00, 0x00, 0x00, 0x40, 0x2b, 0x00, 0x04, 0x00, 0x7e, 0x00, 0x00, 0x00, 0x8b, // ......@+...~....
	0x00, 0x00, 0x00, 0x03, 0x00, 0x00, 0x00, 0x2b, 0x00, 0x04, 0x00, 0x07, 0x00, 0x00, 0x00, 0x93, // .......+........
	0x00, 0x00, 0x00, 0x1c, 0x2e, 0x4d, 0x3b, 0x14, 0x00, 0x02, 0x00, 0x94, 0x00, 0x00, 0x00, 0x2b, // .....M;........+
	0x00, 0x04, 0x00, 0x07, 0x00, 0x00, 0x00, 0x98, 0x00, 0x00, 0x00, 0x52, 0xb8, 0x4e, 0x41, 0x2b, // ...........R.NA+
	0x00, 0x04, 0x00, 0x07, 0x00, 0x00, 0x00, 0x9d, 0x00, 0x00, 0x00, 0x3d, 0x0a, 0x87, 0x3f, 0x2b, // ...........=..?+
	0x00, 0x04, 0x00, 0x07, 0x00, 0x00, 0x00, 0x9f, 0x00, 0x00, 0x00, 0x55, 0x55, 0xd5, 0x3e, 0x2b, // ...........UU.>+
	0x00, 0x04, 0x00, 0x07, 0x00, 0x00, 0x00, 0xa2, 0x00, 0x00, 0x00, 0xae, 0x47, 0x61, 0x3d, 0x2b, // ............Ga=+
	0x00, 0x04, 0x00, 0x7e, 0x00, 0x00, 0x00, 0xa7, 0x00, 0x00, 0x00, 0x00, 0x00, 0x00, 0x00, 0x2b, // ...~...........+
	0x00, 0x04, 0x00, 0x7e, 0x00, 0x00, 0x00, 0xad, 0x00, 0x00, 0x00, 0x01, 0x00, 0x00, 0x00, 0x18, // ...~............
	0x00, 0x04, 0x00, 0xba, 0x00, 0x00, 0x00, 0x0b, 0x00, 0x00, 0x00, 0x03, 0x00, 0x00, 0x00, 0x2b, // ...............+
	0x00, 0x04, 0x00, 0x07, 0x00, 0x00, 0x00, 0xbd, 0x00, 0x00, 0x00, 0x98, 0x3a, 0xd3, 0x3e, 0x2b, // ............:.>+
	0x00, 0x04, 0x00, 0x07, 0x00, 0x00, 0x00, 0xbe, 0x00, 0x00, 0x00, 0x37, 0x14, 0xb7, 0x3e, 0x2b, // ...........7..>+
	0x00, 0x04, 0x00, 0x07, 0x00, 0x00, 0x00, 0xbf, 0x00, 0x00, 0x00, 0x9c, 0xc4, 0x38, 0x3e, 0x2c, // .............8>,
	0x00, 0x06, 0x00, 0x0b, 0x00, 0x00, 0x00, 0xc0, 0x00, 0x00, 0x00, 0xbd, 0x00, 0x00, 0x00, 0xbe, // ................
	0x00, 0x00, 0x00, 0xbf, 0x00, 0x00, 0x00, 0x2b, 0x00, 0x04, 0x00, 0x07, 0x00, 0x00, 0x00, 0xc1, // .......+........
	0x00, 0x00, 0x00, 0xed, 0xc6, 0x59, 0x3e, 0x2b, 0x00, 0x04, 0x00, 0x07, 0x00, 0x00, 0x00, 0xc2, // .....Y>+........
	0x00, 0x00, 0x00, 0x37, 0x14, 0x37, 0x3f, 0x2b, 0x00, 0x04, 0x00, 0x07, 0x00, 0x00, 0x00, 0xc3, // ...7.7?+........
	0x00, 0x00, 0x00, 0x7d, 0xd0, 0x93, 0x3d, 0x2c, 0x00, 0x06, 0x00, 0x0b, 0x00, 0x00, 0x00, 0xc4, // ...}..=,........
	0x00, 0x00, 0x00, 0xc1, 0x00, 0x00, 0x00, 0xc2, 0x00, 0x00, 0x00, 0xc3, 0x00, 0x00, 0x00, 0x2b, // ...............+
	0x00, 0x04, 0x00, 0x07, 0x00, 0x00, 0x00, 0xc5, 0x00, 0x00, 0x00, 0x21, 0x62, 0x9e, 0x3c, 0x2b, // ...........!b.<+
	0x00, 0x04, 0x00, 0x07, 0x00, 0x00, 0x00, 0xc6, 0x00, 0x00, 0x00, 0xef, 0x1a, 0xf4, 0x3d, 0x2b, // ..............=+
	0x00, 0x04, 0x00, 0x07, 0x00, 0x00, 0x00, 0xc7, 0x00, 0x00, 0x00, 0x21, 0x47, 0x73, 0x3f, 0x2c, // ...........!Gs?,
	0x00, 0x06, 0x00, 0x0b, 0x00, 0x00, 0x00, 0xc8, 0x00, 0x00, 0x00, 0xc5, 0x00, 0x00, 0x00, 0xc6, // ................
	0x00, 0x00, 0x00, 0xc7, 0x00, 0x00, 0x00, 0x2c, 0x00, 0x06, 0x00, 0xba, 0x00, 0x00, 0x00, 0xc9, // .......,........
	0x00, 0x00, 0x00, 0xc0, 0x00, 0x00, 0x00, 0xc4, 0x00, 0x00, 0x00, 0xc8, 0x00, 0x00, 0x00, 0x2b, // ...............+
	0x00, 0x04, 0x00, 0x07, 0x00, 0x00, 0x00, 0xd0, 0x00, 0x00, 0x00, 0x3a, 0xbb, 0xdb, 0x3f, 0x2b, // ...........:..?+
	0x00, 0x04, 0x00, 0x07, 0x00, 0x00, 0x00, 0xd1, 0x00, 0x00, 0x00, 0x7c, 0x1a, 0xb6, 0xbe, 0x2b, // ...........|...+
	0x00, 0x04, 0x00, 0x07, 0x00, 0x00, 0x00, 0xd2, 0x00, 0x00, 0x00, 0x3a, 0xb9, 0x81, 0xbe, 0x2c, // ...........:...,
	0x00, 0x06, 0x00, 0x0b, 0x00, 0x00, 0x00, 0xd3, 0x00, 0x00, 0x00, 0xd0, 0x00, 0x00, 0x00, 0xd1, // ................
	0x00, 0x00, 0x00, 0xd2, 0x00, 0x00, 0x00, 0x2b, 0x00, 0x04, 0x00, 0x07, 0x00, 0x00, 0x00, 0xd4, // .......+........
	0x00, 0x00, 0x00, 0xd4, 0xab, 0x2a, 0xbf, 0x2b, 0x00, 0x04, 0x00, 0x07, 0x00, 0x00, 0x00, 0xd5, // .....*.+........
	0x00, 0x00, 0x00, 0xdb, 0xe8, 0xce, 0x3f, 0x2b, 0x00, 0x04, 0x00, 0x07, 0x00, 0x00, 0x00, 0xd6, // ......?+........
	0x00, 0x00, 0x00, 0xf1, 0x2c, 0x81, 0x3c, 0x2c, 0x00, 0x06, 0x00, 0x0b, 0x00, 0x00, 0x00, 0xd7, // ....,.<,........
	0x00, 0x00, 0x00, 0xd4, 0x00, 0x00, 0x00, 0xd5, 0x00, 0x00, 0x00, 0xd6, 0x00, 0x00, 0x00, 0x2b, // ...............+
	0x00, 0x04, 0x00, 0x07, 0x00, 0x00, 0x00, 0xd8, 0x00, 0x00, 0x00, 0x8d, 0x81, 0x90, 0x3c, 0x2b, // ..............<+
	0x00, 0x04, 0x00, 0x07, 0x00, 0x00, 0x00, 0xd9, 0x00, 0x00, 0x00, 0x3a, 0x30, 0x2f, 0xbd, 0x2b, // ...........:0/.+
	0x00, 0x04, 0x00, 0x07, 0x00, 0x00, 0x00, 0xda, 0x00, 0x00, 0x00, 0xab, 0x2d, 0x71, 0x3f, 0x2c, // ............-q?,
	0x00, 0x06, 0x00, 0x0b, 0x00, 0x00, 0x00, 0xdb, 0x00, 0x00, 0x00, 0xd8, 0x00, 0x00, 0x00, 0xd9, // ................
	0x00, 0x00, 0x00, 0xda, 0x00, 0x00, 0x00, 0x2c, 0x00, 0x06, 0x00, 0xba, 0x00, 0x00, 0x00, 0xdc, // .......,........
	0x00, 0x00, 0x00, 0xd3, 0x00, 0x00, 0x00, 0xd7, 0x00, 0x00, 0x00, 0xdb, 0x00, 0x00, 0x00, 0x2b, // ...............+
	0x00, 0x04, 0x00, 0x07, 0x00, 0x00, 0x00, 0xe3, 0x00, 0x00, 0x00, 0x00, 0x20, 0x23, 0x3e, 0x2b, // ............ #>+
	0x00, 0x04, 0x00, 0x07, 0x00, 0x00, 0x00, 0xe5, 0x00, 0x00, 0x00, 0x00, 0xb0, 0x9d, 0x42, 0x2b, // ..............B+
	0x00, 0x04, 0x00, 0x07, 0x00, 0x00, 0x00, 0xe7, 0x00, 0x00, 0x00, 0x00, 0x00, 0x56, 0x3f, 0x2b, // .............V?+
	0x00, 0x04, 0x00, 0x07, 0x00, 0x00, 0x00, 0xe9, 0x00, 0x00, 0x00, 0x00, 0xd0, 0x96, 0x41, 0x2b, // ..............A+
	0x00, 0x04, 0x00, 0x07, 0x00, 0x00, 0x00, 0xeb, 0x00, 0x00, 0x00, 0x00, 0x80, 0x95, 0x41, 0x2b, // ..............A+
	0x00, 0x04, 0x00, 0x07, 0x00, 0x00, 0x00, 0xee, 0x00, 0x00, 0x00, 0x17, 0xb7, 0xd1, 0x38, 0x2b, // ..............8+
	0x00, 0x04, 0x00, 0x07, 0x00, 0x00, 0x00, 0xfa, 0x00, 0x00, 0x00, 0x00, 0x00, 0x80, 0x3f, 0x2b, // ..............?+
	0x00, 0x04, 0x00, 0x07, 0x00, 0x00, 0x00, 0x0a, 0x01, 0x00, 0x00, 0x00, 0x00, 0x00, 0x00, 0x2b, // ...............+
	0x00, 0x04, 0x00, 0x07, 0x00, 0x00, 0x00, 0x0e, 0x01, 0x00, 0x00, 0x00, 0x00, 0x00, 0x3f, 0x2b, // ..............?+
	0x00, 0x04, 0x00, 0x07, 0x00, 0x00, 0x00, 0x1b, 0x01, 0x00, 0x00, 0x00, 0x00, 0xc0, 0x3f, 0x2b, // ..............?+
	0x00, 0x04, 0x00, 0x07, 0x00, 0x00, 0x00, 0x23, 0x01, 0x00, 0x00, 0x00, 0x00, 0x20, 0x40, 0x20, // .......#..... @ 
	0x00, 0x04, 0x00, 0x60, 0x01, 0x00, 0x00, 0x01, 0x00, 0x00, 0x00, 0x0e, 0x00, 0x00, 0x00, 0x3b, // ...`...........;
	0x00, 0x04, 0x00, 0x60, 0x01, 0x00, 0x00, 0x64, 0x01, 0x00, 0x00, 0x01, 0x00, 0x00, 0x00, 0x20, // ...`...d....... 
	0x00, 0x04, 0x00, 0x67, 0x01, 0x00, 0x00, 0x01, 0x00, 0x00, 0x00, 0x0b, 0x00, 0x00, 0x00, 0x3b, // ...g...........;
	0x00, 0x04, 0x00, 0x67, 0x01, 0x00, 0x00, 0x68, 0x01, 0x00, 0x00, 0x01, 0x00, 0x00, 0x00, 0x20, // ...g...h....... 
	0x00, 0x04, 0x00, 0x74, 0x01, 0x00, 0x00, 0x03, 0x00, 0x00, 0x00, 0x0e, 0x00, 0x00, 0x00, 0x3b, // ...t...........;
	0x00, 0x04, 0x00, 0x74, 0x01, 0x00, 0x00, 0x75, 0x01, 0x00, 0x00, 0x03, 0x00, 0x00, 0x00, 0x2c, // ...t...u.......,
	0x00, 0x06, 0x00, 0x0b, 0x00, 0x00, 0x00, 0xaf, 0x02, 0x00, 0x00, 0x71, 0x00, 0x00, 0x00, 0x71, // ...........q...q
	0x00, 0x00, 0x00, 0x71, 0x00, 0x00, 0x00, 0x2c, 0x00, 0x06, 0x00, 0x0b, 0x00, 0x00, 0x00, 0xb0, // ...q...,........
	0x02, 0x00, 0x00, 0x0a, 0x01, 0x00, 0x00, 0x0a, 0x01, 0x00, 0x00, 0x0a, 0x01, 0x00, 0x00, 0x2c, // ...............,
	0x00, 0x06, 0x00, 0x0b, 0x00, 0x00, 0x00, 0xb1, 0x02, 0x00, 0x00, 0xe3, 0x00, 0x00, 0x00, 0xe3, // ................
	0x00, 0x00, 0x00, 0xe3, 0x00, 0x00, 0x00, 0x2c, 0x00, 0x06, 0x00, 0x0b, 0x00, 0x00, 0x00, 0xb2, // .......,........
	0x02, 0x00, 0x00, 0xe7, 0x00, 0x00, 0x00, 0xe7, 0x00, 0x00, 0x00, 0xe7, 0x00, 0x00, 0x00, 0x2c, // ...............,
	0x00, 0x06, 0x00, 0x0b, 0x00, 0x00, 0x00, 0xb3, 0x02, 0x00, 0x00, 0xfa, 0x00, 0x00, 0x00, 0xfa, // ................
	0x00, 0x00, 0x00, 0xfa, 0x00, 0x00, 0x00, 0x2c, 0x00, 0x06, 0x00, 0x0b, 0x00, 0x00, 0x00, 0xb4, // .......,........
	0x02, 0x00, 0x00, 0xe5, 0x00, 0x00, 0x00, 0xe5, 0x00, 0x00, 0x00, 0xe5, 0x00, 0x00, 0x00, 0x36, // ...............6
	0x00, 0x05, 0x00, 0x02, 0x00, 0x00, 0x00, 0x04, 0x00, 0x00, 0x00, 0x00, 0x00, 0x00, 0x00, 0x03, // ................
	0x00, 0x00, 0x00, 0xf8, 0x00, 0x02, 0x00, 0x05, 0x00, 0x00, 0x00, 0x3d, 0x00, 0x04, 0x00, 0x06, // ...........=....
	0x00, 0x00, 0x00, 0x4c, 0x00, 0x00, 0x00, 0x4b, 0x00, 0x00, 0x00, 0x3d, 0x00, 0x04, 0x00, 0x08, // ...L...K...=....
	0x00, 0x00, 0x00, 0x4f, 0x00, 0x00, 0x00, 0x4e, 0x00, 0x00, 0x00, 0x3d, 0x00, 0x04, 0x00, 0x0e, // ...O...N...=....
	0x00, 0x00, 0x00, 0x65, 0x01, 0x00, 0x00, 0x64, 0x01, 0x00, 0x00, 0x3d, 0x00, 0x04, 0x00, 0x0b, // ...e...d...=....
	0x00, 0x00, 0x00, 0x69, 0x01, 0x00, 0x00, 0x68, 0x01, 0x00, 0x00, 0x41, 0x00, 0x06, 0x00, 0x80, // ...i...h...A....
	0x00, 0x00, 0x00, 0x9f, 0x01, 0x00, 0x00, 0x7d, 0x00, 0x00, 0x00, 0x56, 0x00, 0x00, 0x00, 0xa7, // .......}...V....
	0x00, 0x00, 0x00, 0x3d, 0x00, 0x04, 0x00, 0x07, 0x00, 0x00, 0x00, 0xa0, 0x01, 0x00, 0x00, 0x9f, // ...=............
	0x01, 0x00, 0x00, 0x56, 0x00, 0x05, 0x00, 0x5a, 0x00, 0x00, 0x00, 0xbe, 0x01, 0x00, 0x00, 0x4f, // ...V...Z.......O
	0x00, 0x00, 0x00, 0x4c, 0x00, 0x00, 0x00, 0x58, 0x00, 0x07, 0x00, 0x0e, 0x00, 0x00, 0x00, 0xc1, // ...L...X........
	0x01, 0x00, 0x00, 0xbe, 0x01, 0x00, 0x00, 0x69, 0x01, 0x00, 0x00, 0x02, 0x00, 0x00, 0x00, 0xa0, // .......i........
	0x01, 0x00, 0x00, 0x4f, 0x00, 0x08, 0x00, 0x0b, 0x00, 0x00, 0x00, 0xa3, 0x01, 0x00, 0x00, 0xc1, // ...O............
	0x01, 0x00, 0x00, 0xc1, 0x01, 0x00, 0x00, 0x00, 0x00, 0x00, 0x00, 0x01, 0x00, 0x00, 0x00, 0x02, // ................
	0x00, 0x00, 0x00, 0x0c, 0x00, 0x06, 0x00, 0x0b, 0x00, 0x00, 0x00, 0xd9, 0x01, 0x00, 0x00, 0x01, // ................
	0x00, 0x00, 0x00, 0x04, 0x00, 0x00, 0x00, 0xa3, 0x01, 0x00, 0x00, 0x0c, 0x00, 0x07, 0x00, 0x0b, // ................
	0x00, 0x00, 0x00, 0xdb, 0x01, 0x00, 0x00, 0x01, 0x00, 0x00, 0x00, 0x1a, 0x00, 0x00, 0x00, 0xd9, // ................
	0x01, 0x00, 0x00, 0xaf, 0x02, 0x00, 0x00, 0x41, 0x00, 0x06, 0x00, 0x80, 0x00, 0x00, 0x00, 0xcb, // .......A........
	0x01, 0x00, 0x00, 0x7d, 0x00, 0x00, 0x00, 0x56, 0x00, 0x00, 0x00, 0x7f, 0x00, 0x00, 0x00, 0x3d, // ...}...V.......=
	0x00, 0x04, 0x00, 0x07, 0x00, 0x00, 0x00, 0xcc, 0x01, 0x00, 0x00, 0xcb, 0x01, 0x00, 0x00, 0x50, // ...............P
	0x00, 0x06, 0x00, 0x0b, 0x00, 0x00, 0x00, 0xcd, 0x01, 0x00, 0x00, 0xcc, 0x01, 0x00, 0x00, 0xcc, // ................
	0x01, 0x00, 0x00, 0xcc, 0x01, 0x00, 0x00, 0x0c, 0x00, 0x08, 0x00, 0x0b, 0x00, 0x00, 0x00, 0xe5, // ................
	0x01, 0x00, 0x00, 0x01, 0x00, 0x00, 0x00, 0x2e, 0x00, 0x00, 0x00, 0xdb, 0x01, 0x00, 0x00, 0xa3, // ................
	0x01, 0x00, 0x00, 0xcd, 0x01, 0x00, 0x00, 0x41, 0x00, 0x06, 0x00, 0x80, 0x00, 0x00, 0x00, 0xd1, // .......A........
	0x01, 0x00, 0x00, 0x7d, 0x00, 0x00, 0x00, 0x56, 0x00, 0x00, 0x00, 0x8b, 0x00, 0x00, 0x00, 0x3d, // ...}...V.......=
	0x00, 0x04, 0x00, 0x07, 0x00, 0x00, 0x00, 0xd2, 0x01, 0x00, 0x00, 0xd1, 0x01, 0x00, 0x00, 0x0c, // ................
	0x00, 0x07, 0x00, 0x07, 0x00, 0x00, 0x00, 0xd3, 0x01, 0x00, 0x00, 0x01, 0x00, 0x00, 0x00, 0x1a, // ................
	0x00, 0x00, 0x00, 0x8a, 0x00, 0x00, 0x00, 0xd2, 0x01, 0x00, 0x00, 0x8e, 0x00, 0x05, 0x00, 0x0b, // ................
	0x00, 0x00, 0x00, 0xd4, 0x01, 0x00, 0x00, 0xe5, 0x01, 0x00, 0x00, 0xd3, 0x01, 0x00, 0x00, 0x51, // ...............Q
	0x00, 0x05, 0x00, 0x07, 0x00, 0x00, 0x00, 0xa6, 0x01, 0x00, 0x00, 0xd4, 0x01, 0x00, 0x00, 0x00, // ................
	0x00, 0x00, 0x00, 0x52, 0x00, 0x06, 0x00, 0x0e, 0x00, 0x00, 0x00, 0x9f, 0x02, 0x00, 0x00, 0xa6, // ...R............
	0x01, 0x00, 0x00, 0xc1, 0x01, 0x00, 0x00, 0x00, 0x00, 0x00, 0x00, 0x51, 0x00, 0x05, 0x00, 0x07, // ...........Q....
	0x00, 0x00, 0x00, 0xa8, 0x01, 0x00, 0x00, 0xd4, 0x01, 0x00, 0x00, 0x01, 0x00, 0x00, 0x00, 0x52, // ...............R
	0x00, 0x06, 0x00, 0x0e, 0x00, 0x00, 0x00, 0xa1, 0x02, 0x00, 0x00, 0xa8, 0x01, 0x00, 0x00, 0x9f, // ................
	0x02, 0x00, 0x00, 0x01, 0x00, 0x00, 0x00, 0x51, 0x00, 0x05, 0x00, 0x07, 0x00, 0x00, 0x00, 0xaa, // .......Q........
	0x01, 0x00, 0x00, 0xd4, 0x01, 0x00, 0x00, 0x02, 0x00, 0x00, 0x00, 0x52, 0x00, 0x06, 0x00, 0x0e, // ...........R....
	0x00, 0x00, 0x00, 0xa3, 0x02, 0x00, 0x00, 0xaa, 0x01, 0x00, 0x00, 0xa1, 0x02, 0x00, 0x00, 0x02, // ................
	0x00, 0x00, 0x00, 0x85, 0x00, 0x05, 0x00, 0x0e, 0x00, 0x00, 0x00, 0xad, 0x01, 0x00, 0x00, 0xa3, // ................
	0x02, 0x00, 0x00, 0x65, 0x01, 0x00, 0x00, 0x41, 0x00, 0x06, 0x00, 0x80, 0x00, 0x00, 0x00, 0xaf, // ...e...A........
	0x01, 0x00, 0x00, 0x7d, 0x00, 0x00, 0x00, 0x52, 0x00, 0x00, 0x00, 0xa7, 0x00, 0x00, 0x00, 0x3d, // ...}...R.......=
	0x00, 0x04, 0x00, 0x07, 0x00, 0x00, 0x00, 0xb0, 0x01, 0x00, 0x00, 0xaf, 0x01, 0x00, 0x00, 0x41, // ...............A
	0x00, 0x06, 0x00, 0x80, 0x00, 0x00, 0x00, 0xb1, 0x01, 0x00, 0x00, 0x7d, 0x00, 0x00, 0x00, 0x52, // ...........}...R
	0x00, 0x00, 0x00, 0xad, 0x00, 0x00, 0x00, 0x3d, 0x00, 0x04, 0x00, 0x07, 0x00, 0x00, 0x00, 0xb2, // .......=........
	0x01, 0x00, 0x00, 0xb1, 0x01, 0x00, 0x00, 0xb8, 0x00, 0x05, 0x00, 0x94, 0x00, 0x00, 0x00, 0xf1, // ................
	0x01, 0x00, 0x00, 0xb0, 0x01, 0x00, 0x00, 0x0e, 0x01, 0x00, 0x00, 0xf7, 0x00, 0x03, 0x00, 0x0e, // ................
	0x02, 0x00, 0x00, 0x00, 0x00, 0x00, 0x00, 0xfa, 0x00, 0x04, 0x00, 0xf1, 0x01, 0x00, 0x00, 0xf2, // ................
	0x01, 0x00, 0x00, 0xf9, 0x01, 0x00, 0x00, 0xf8, 0x00, 0x02, 0x00, 0xf9, 0x01, 0x00, 0x00, 0xb8, // ................
	0x00, 0x05, 0x00, 0x94, 0x00, 0x00, 0x00, 0xfb, 0x01, 0x00, 0x00, 0xb0, 0x01, 0x00, 0x00, 0x1b, // ................
	0x01, 0x00, 0x00, 0xf7, 0x00, 0x03, 0x00, 0x0d, 0x02, 0x00, 0x00, 0x00, 0x00, 0x00, 0x00, 0xfa, // ................
	0x00, 0x04, 0x00, 0xfb, 0x01, 0x00, 0x00, 0xfc, 0x01, 0x00, 0x00, 0xff, 0x01, 0x00, 0x00, 0xf8, // ................
	0x00, 0x02, 0x00, 0xff, 0x01, 0x00, 0x00, 0xb8, 0x00, 0x05, 0x00, 0x94, 0x00, 0x00, 0x00, 0x01, // ................
	0x02, 0x00, 0x00, 0xb0, 0x01, 0x00, 0x00, 0x23, 0x01, 0x00, 0x00, 0xf7, 0x00, 0x03, 0x00, 0x0c, // .......#........
	0x02, 0x00, 0x00, 0x00, 0x00, 0x00, 0x00, 0xfa, 0x00, 0x04, 0x00, 0x01, 0x02, 0x00, 0x00, 0x02, // ................
	0x02, 0x00, 0x00, 0x0c, 0x02, 0x00, 0x00, 0xf8, 0x00, 0x02, 0x00, 0x02, 0x02, 0x00, 0x00, 0x4f, // ...............O
	0x00, 0x08, 0x00, 0x0b, 0x00, 0x00, 0x00, 0x04, 0x02, 0x00, 0x00, 0xad, 0x01, 0x00, 0x00, 0xad, // ................
	0x01, 0x00, 0x00, 0x00, 0x00, 0x00, 0x00, 0x01, 0x00, 0x00, 0x00, 0x02, 0x00, 0x00, 0x00, 0x90, // ................
	0x00, 0x05, 0x00, 0x0b, 0x00, 0x00, 0x00, 0x67, 0x02, 0x00, 0x00, 0x04, 0x02, 0x00, 0x00, 0xc9, // .......g........
	0x00, 0x00, 0x00, 0x90, 0x00, 0x05, 0x00, 0x0b, 0x00, 0x00, 0x00, 0x6d, 0x02, 0x00, 0x00, 0x67, // ...........m...g
	0x02, 0x00, 0x00, 0xdc, 0x00, 0x00, 0x00, 0x8e, 0x00, 0x05, 0x00, 0x0b, 0x00, 0x00, 0x00, 0x0a, // ................
	0x02, 0x00, 0x00, 0x6d, 0x02, 0x00, 0x00, 0xb2, 0x01, 0x00, 0x00, 0x8e, 0x00, 0x05, 0x00, 0x0b, // ...m............
	0x00, 0x00, 0x00, 0x7a, 0x02, 0x00, 0x00, 0x0a, 0x02, 0x00, 0x00, 0xee, 0x00, 0x00, 0x00, 0x0c, // ...z............
	0x00, 0x07, 0x00, 0x0b, 0x00, 0x00, 0x00, 0x7d, 0x02, 0x00, 0x00, 0x01, 0x00, 0x00, 0x00, 0x1a, // .......}........
	0x00, 0x00, 0x00, 0x7a, 0x02, 0x00, 0x00, 0xb1, 0x02, 0x00, 0x00, 0x8e, 0x00, 0x05, 0x00, 0x0b, // ...z............
	0x00, 0x00, 0x00, 0x81, 0x02, 0x00, 0x00, 0x7d, 0x02, 0x00, 0x00, 0xe9, 0x00, 0x00, 0x00, 0x81, // .......}........
	0x00, 0x05, 0x00, 0x0b, 0x00, 0x00, 0x00, 0x83, 0x02, 0x00, 0x00, 0xb2, 0x02, 0x00, 0x00, 0x81, // ................
	0x02, 0x00, 0x00, 0x8e, 0x00, 0x05, 0x00, 0x0b, 0x00, 0x00, 0x00, 0x87, 0x02, 0x00, 0x00, 0x7d, // ...............}
	0x02, 0x00, 0x00, 0xeb, 0x00, 0x00, 0x00, 0x81, 0x00, 0x05, 0x00, 0x0b, 0x00, 0x00, 0x00, 0x88, // ................
	0x02, 0x00, 0x00, 0xb3, 0x02, 0x00, 0x00, 0x87, 0x02, 0x00, 0x00, 0x88, 0x00, 0x05, 0x00, 0x0b, // ................
	0x00, 0x00, 0x00, 0x89, 0x02, 0x00, 0x00, 0x83, 0x02, 0x00, 0x00, 0x88, 0x02, 0x00, 0x00, 0x0c, // ................
	0x00, 0x07, 0x00, 0x0b, 0x00, 0x00, 0x00, 0x8c, 0x02, 0x00, 0x00, 0x01, 0x00, 0x00, 0x00, 0x1a, // ................
	0x00, 0x00, 0x00, 0x89, 0x02, 0x00, 0x00, 0xb4, 0x02, 0x00, 0x00, 0xf9, 0x00, 0x02, 0x00, 0x0c, // ................
	0x02, 0x00, 0x00, 0xf8, 0x00, 0x02, 0x00, 0x0c, 0x02, 0x00, 0x00, 0xf5, 0x00, 0x07, 0x00, 0x0b, // ................
	0x00, 0x00, 0x00, 0xbd, 0x02, 0x00, 0x00, 0xb0, 0x02, 0x00, 0x00, 0xff, 0x01, 0x00, 0x00, 0x8c, // ................
	0x02, 0x00, 0x00, 0x02, 0x02, 0x00, 0x00, 0xf9, 0x00, 0x02, 0x00, 0x0d, 0x02, 0x00, 0x00, 0xf8, // ................
	0x00, 0x02, 0x00, 0xfc, 0x01, 0x00, 0x00, 0x4f, 0x00, 0x08, 0x00, 0x0b, 0x00, 0x00, 0x00, 0xfe, // .......O........
	0x01, 0x00, 0x00, 0xad, 0x01, 0x00, 0x00, 0xad, 0x01, 0x00, 0x00, 0x00, 0x00, 0x00, 0x00, 0x01, // ................
	0x00, 0x00, 0x00, 0x02, 0x00, 0x00, 0x00, 0xf9, 0x00, 0x02, 0x00, 0x0d, 0x02, 0x00, 0x00, 0xf8, // ................
	0x00, 0x02, 0x00, 0x0d, 0x02, 0x00, 0x00, 0xf5, 0x00, 0x07, 0x00, 0x0b, 0x00, 0x00, 0x00, 0xbc, // ................
	0x02, 0x00, 0x00, 0xbd, 0x02, 0x00, 0x00, 0x0c, 0x02, 0x00, 0x00, 0xfe, 0x01, 0x00, 0x00, 0xfc, // ................
	0x01, 0x00, 0x00, 0xf9, 0x00, 0x02, 0x00, 0x0e, 0x02, 0x00, 0x00, 0xf8, 0x00, 0x02, 0x00, 0xf2, // ................
	0x01, 0x00, 0x00, 0x4f, 0x00, 0x08, 0x00, 0x0b, 0x00, 0x00, 0x00, 0xf4, 0x01, 0x00, 0x00, 0xad, // ...O............
	0x01, 0x00, 0x00, 0xad, 0x01, 0x00, 0x00, 0x00, 0x00, 0x00, 0x00, 0x01, 0x00, 0x00, 0x00, 0x02, // ................
	0x00, 0x00, 0x00, 0x0c, 0x00, 0x08, 0x00, 0x0b, 0x00, 0x00, 0x00, 0xf7, 0x01, 0x00, 0x00, 0x01, // ................
	0x00, 0x00, 0x00, 0x2b, 0x00, 0x00, 0x00, 0xf4, 0x01, 0x00, 0x00, 0xb0, 0x02, 0x00, 0x00, 0xb3, // ...+............
	0x02, 0x00, 0x00, 0x51, 0x00, 0x05, 0x00, 0x07, 0x00, 0x00, 0x00, 0x20, 0x02, 0x00, 0x00, 0xf7, // ...Q....... ....
	0x01, 0x00, 0x00, 0x00, 0x00, 0x00, 0x00, 0xf7, 0x00, 0x03, 0x00, 0x3c, 0x02, 0x00, 0x00, 0x00, // ...........<....
	0x00, 0x00, 0x00, 0xfb, 0x00, 0x03, 0x00, 0xa7, 0x00, 0x00, 0x00, 0x30, 0x02, 0x00, 0x00, 0xf8, // ...........0....
	0x00, 0x02, 0x00, 0x30, 0x02, 0x00, 0x00, 0xbc, 0x00, 0x05, 0x00, 0x94, 0x00, 0x00, 0x00, 0x32, // ...0...........2
	0x02, 0x00, 0x00, 0x20, 0x02, 0x00, 0x00, 0x93, 0x00, 0x00, 0x00, 0xf7, 0x00, 0x03, 0x00, 0x3b, // ... ...........;
	0x02, 0x00, 0x00, 0x00, 0x00, 0x00, 0x00, 0xfa, 0x00, 0x04, 0x00, 0x32, 0x02, 0x00, 0x00, 0x33, // ...........2...3
	0x02, 0x00, 0x00, 0x36, 0x02, 0x00, 0x00, 0xf8, 0x00, 0x02, 0x00, 0x36, 0x02, 0x00, 0x00, 0x0c, // ...6.......6....
	0x00, 0x07, 0x00, 0x07, 0x00, 0x00, 0x00, 0x38, 0x02, 0x00, 0x00, 0x01, 0x00, 0x00, 0x00, 0x1a, // .......8........
	0x00, 0x00, 0x00, 0x20, 0x02, 0x00, 0x00, 0x9f, 0x00, 0x00, 0x00, 0x85, 0x00, 0x05, 0x00, 0x07, // ... ............
	0x00, 0x00, 0x00, 0x39, 0x02, 0x00, 0x00, 0x9d, 0x00, 0x00, 0x00, 0x38, 0x02, 0x00, 0x00, 0x83, // ...9.......8....
	0x00, 0x05, 0x00, 0x07, 0x00, 0x00, 0x00, 0x3a, 0x02, 0x00, 0x00, 0x39, 0x02, 0x00, 0x00, 0xa2, // .......:...9....
	0x00, 0x00, 0x00, 0xf9, 0x00, 0x02, 0x00, 0x3c, 0x02, 0x00, 0x00, 0xf8, 0x00, 0x02, 0x00, 0x33, // .......<.......3
	0x02, 0x00, 0x00, 0x85, 0x00, 0x05, 0x00, 0x07, 0x00, 0x00, 0x00, 0x35, 0x02, 0x00, 0x00, 0x98, // ...........5....
	0x00, 0x00, 0x00, 0x20, 0x02, 0x00, 0x00, 0xf9, 0x00, 0x02, 0x00, 0x3c, 0x02, 0x00, 0x00, 0xf8, // ... .......<....
	0x00, 0x02, 0x00, 0x3b, 0x02, 0x00, 0x00, 0xff, 0x00, 0x01, 0x00, 0xf8, 0x00, 0x02, 0x00, 0x3c, // ...;...........<
	0x02, 0x00, 0x00, 0xf5, 0x00, 0x07, 0x00, 0x07, 0x00, 0x00, 0x00, 0xb5, 0x02, 0x00, 0x00, 0x3a, // ...............:
	0x02, 0x00, 0x00, 0x36, 0x02, 0x00, 0x00, 0x35, 0x02, 0x00, 0x00, 0x33, 0x02, 0x00, 0x00, 0x51, // ...6...5...3...Q
	0x00, 0x05, 0x00, 0x07, 0x00, 0x00, 0x00, 0x24, 0x02, 0x00, 0x00, 0xf7, 0x01, 0x00, 0x00, 0x01, // .......$........
	0x00, 0x00, 0x00, 0xf7, 0x00, 0x03, 0x00, 0x4e, 0x02, 0x00, 0x00, 0x00, 0x00, 0x00, 0x00, 0xfb, // .......N........
	0x00, 0x03, 0x00, 0xa7, 0x00, 0x00, 0x00, 0x42, 0x02, 0x00, 0x00, 0xf8, 0x00, 0x02, 0x00, 0x42, // .......B.......B
	0x02, 0x00, 0x00, 0xbc, 0x00, 0x05, 0x00, 0x94, 0x00, 0x00, 0x00, 0x44, 0x02, 0x00, 0x00, 0x24, // ...........D...$
	0x02, 0x00, 0x00, 0x93, 0x00, 0x00, 0x00, 0xf7, 0x00, 0x03, 0x00, 0x4d, 0x02, 0x00, 0x00, 0x00, // ...........M....
	0x00, 0x00, 0x00, 0xfa, 0x00, 0x04, 0x00, 0x44, 0x02, 0x00, 0x00, 0x45, 0x02, 0x00, 0x00, 0x48, // .......D...E...H
	0x02, 0x00, 0x00, 0xf8, 0x00, 0x02, 0x00, 0x48, 0x02, 0x00, 0x00, 0x0c, 0x00, 0x07, 0x00, 0x07, // .......H........
	0x00, 0x00, 0x00, 0x4a, 0x02, 0x00, 0x00, 0x01, 0x00, 0x00, 0x00, 0x1a, 0x00, 0x00, 0x00, 0x24, // ...J...........$
	0x02, 0x00, 0x00, 0x9f, 0x00, 0x00, 0x00, 0x85, 0x00, 0x05, 0x00, 0x07, 0x00, 0x00, 0x00, 0x4b, // ...............K
	0x02, 0x00, 0x00, 0x9d, 0x00, 0x00, 0x00, 0x4a, 0x02, 0x00, 0x00, 0x83, 0x00, 0x05, 0x00, 0x07, // .......J........
	0x00, 0x00, 0x00, 0x4c, 0x02, 0x00, 0x00, 0x4b, 0x02, 0x00, 0x00, 0xa2, 0x00, 0x00, 0x00, 0xf9, // ...L...K........
	0x00, 0x02, 0x00, 0x4e, 0x02, 0x00, 0x00, 0xf8, 0x00, 0x02, 0x00, 0x45, 0x02, 0x00, 0x00, 0x85, // ...N.......E....
	0x00, 0x05, 0x00, 0x07, 0x00, 0x00, 0x00, 0x47, 0x02, 0x00, 0x00, 0x98, 0x00, 0x00, 0x00, 0x24, // .......G.......$
	0x02, 0x00, 0x00, 0xf9, 0x00, 0x02, 0x00, 0x4e, 0x02, 0x00, 0x00, 0xf8, 0x00, 0x02, 0x00, 0x4d, // .......N.......M
	0x02, 0x00, 0x00, 0xff, 0x00, 0x01, 0x00, 0xf8, 0x00, 0x02, 0x00, 0x4e, 0x02, 0x00, 0x00, 0xf5, // ...........N....
	0x00, 0x07, 0x00, 0x07, 0x00, 0x00, 0x00, 0xb7, 0x02, 0x00, 0x00, 0x4c, 0x02, 0x00, 0x00, 0x48, // ...........L...H
	0x02, 0x00, 0x00, 0x47, 0x02, 0x00, 0x00, 0x45, 0x02, 0x00, 0x00, 0x51, 0x00, 0x05, 0x00, 0x07, // ...G...E...Q....
	0x00, 0x00, 0x00, 0x28, 0x02, 0x00, 0x00, 0xf7, 0x01, 0x00, 0x00, 0x02, 0x00, 0x00, 0x00, 0xf7, // ...(............
	0x00, 0x03, 0x00, 0x60, 0x02, 0x00, 0x00, 0x00, 0x00, 0x00, 0x00, 0xfb, 0x00, 0x03, 0x00, 0xa7, // ...`............
	0x00, 0x00, 0x00, 0x54, 0x02, 0x00, 0x00, 0xf8, 0x00, 0x02, 0x00, 0x54, 0x02, 0x00, 0x00, 0xbc, // ...T.......T....
	0x00, 0x05, 0x00, 0x94, 0x00, 0x00, 0x00, 0x56, 0x02, 0x00, 0x00, 0x28, 0x02, 0x00, 0x00, 0x93, // .......V...(....
	0x00, 0x00, 0x00, 0xf7, 0x00, 0x03, 0x00, 0x5f, 0x02, 0x00, 0x00, 0x00, 0x00, 0x00, 0x00, 0xfa, // ......._........
	0x00, 0x04, 0x00, 0x56, 0x02, 0x00, 0x00, 0x57, 0x02, 0x00, 0x00, 0x5a, 0x02, 0x00, 0x00, 0xf8, // ...V...W...Z....
	0x00, 0x02, 0x00, 0x5a, 0x02, 0x00, 0x00, 0x0c, 0x00, 0x07, 0x00, 0x07, 0x00, 0x00, 0x00, 0x5c, // ...Z............
	0x02, 0x00, 0x00, 0x01, 0x00, 0x00, 0x00, 0x1a, 0x00, 0x00, 0x00, 0x28, 0x02, 0x00, 0x00, 0x9f, // ...........(....
	0x00, 0x00, 0x00, 0x85, 0x00, 0x05, 0x00, 0x07, 0x00, 0x00, 0x00, 0x5d, 0x02, 0x00, 0x00, 0x9d, // ...........]....
	0x00, 0x00, 0x00, 0x5c, 0x02, 0x00, 0x00, 0x83, 0x00, 0x05, 0x00, 0x07, 0x00, 0x00, 0x00, 0x5e, // ...............^
	0x02, 0x00, 0x00, 0x5d, 0x02, 0x00, 0x00, 0xa2, 0x00, 0x00, 0x00, 0xf9, 0x00, 0x02, 0x00, 0x60, // ...]...........`
	0x02, 0x00, 0x00, 0xf8, 0x00, 0x02, 0x00, 0x57, 0x02, 0x00, 0x00, 0x85, 0x00, 0x05, 0x00, 0x07, // .......W........
	0x00, 0x00, 0x00, 0x59, 0x02, 0x00, 0x00, 0x98, 0x00, 0x00, 0x00, 0x28, 0x02, 0x00, 0x00, 0xf9, // ...Y.......(....
	0x00, 0x02, 0x00, 0x60, 0x02, 0x00, 0x00, 0xf8, 0x00, 0x02, 0x00, 0x5f, 0x02, 0x00, 0x00, 0xff, // ...`......._....
	0x00, 0x01, 0x00, 0xf8, 0x00, 0x02, 0x00, 0x60, 0x02, 0x00, 0x00, 0xf5, 0x00, 0x07, 0x00, 0x07, // .......`........
	0x00, 0x00, 0x00, 0xb9, 0x02, 0x00, 0x00, 0x5e, 0x02, 0x00, 0x00, 0x5a, 0x02, 0x00, 0x00, 0x59, // .......^...Z...Y
	0x02, 0x00, 0x00, 0x57, 0x02, 0x00, 0x00, 0x50, 0x00, 0x06, 0x00, 0x0b, 0x00, 0x00, 0x00, 0xbe, // ...W...P........
	0x02, 0x00, 0x00, 0xb5, 0x02, 0x00, 0x00, 0xb7, 0x02, 0x00, 0x00, 0xb9, 0x02, 0x00, 0x00, 0xf9, // ................
	0x00, 0x02, 0x00, 0x0e, 0x02, 0x00, 0x00, 0xf8, 0x00, 0x02, 0x00, 0x0e, 0x02, 0x00, 0x00, 0xf5, // ................
	0x00, 0x07, 0x00, 0x0b, 0x00, 0x00, 0x00, 0xbb, 0x02, 0x00, 0x00, 0xbc, 0x02, 0x00, 0x00, 0x0d, // ................
	0x02, 0x00, 0x00, 0xbe, 0x02, 0x00, 0x00, 0x60, 0x02, 0x00, 0x00, 0x51, 0x00, 0x05, 0x00, 0x07, // .......`...Q....
	0x00, 0x00, 0x00, 0x11, 0x02, 0x00, 0x00, 0xad, 0x01, 0x00, 0x00, 0x03, 0x00, 0x00, 0x00, 0x51, // ...............Q
	0x00, 0x05, 0x00, 0x07, 0x00, 0x00, 0x00, 0x12, 0x02, 0x00, 0x00, 0xbb, 0x02, 0x00, 0x00, 0x00, // ................
	0x00, 0x00, 0x00, 0x51, 0x00, 0x05, 0x00, 0x07, 0x00, 0x00, 0x00, 0x13, 0x02, 0x00, 0x00, 0xbb, // ...Q............
	0x02, 0x00, 0x00, 0x01, 0x00, 0x00, 0x00, 0x51, 0x00, 0x05, 0x00, 0x07, 0x00, 0x00, 0x00, 0x14, // .......Q........
	0x02, 0x00, 0x00, 0xbb, 0x02, 0x00, 0x00, 0x02, 0x00, 0x00, 0x00, 0x50, 0x00, 0x07, 0x00, 0x0e, // ...........P....
	0x00, 0x00, 0x00, 0x15, 0x02, 0x00, 0x00, 0x12, 0x02, 0x00, 0x00, 0x13, 0x02, 0x00, 0x00, 0x14, // ................
	0x02, 0x00, 0x00, 0x11, 0x02, 0x00, 0x00, 0x3e, 0x00, 0x03, 0x00, 0x75, 0x01, 0x00, 0x00, 0x15, // .......>...u....
	0x02, 0x00, 0x00, 0xfd, 0x00, 0x01, 0x00, 0x38, 0x00, 0x01, 0x00, 0x00, 0x00, 0x20, 0x00,       // .......8..... .
};
static const uint8_t fs_texture_cube2_wgsl[3620] =
{
	0x46, 0x53, 0x48, 0x0c, 0x01, 0x83, 0xf2, 0xe1, 0x00, 0x00, 0x00, 0x00, 0x00, 0x00, 0x00, 0x00, // FSH.............
	0x00, 0x00, 0x00, 0x00, 0x03, 0x00, 0x09, 0x75, 0x5f, 0x70, 0x61, 0x72, 0x61, 0x6d, 0x73, 0x30, // .......u_params0
	0x12, 0x01, 0x00, 0x00, 0x01, 0x00, 0x00, 0x00, 0x00, 0x00, 0x09, 0x75, 0x5f, 0x70, 0x61, 0x72, // ...........u_par
	0x61, 0x6d, 0x73, 0x31, 0x12, 0x01, 0x10, 0x00, 0x01, 0x00, 0x00, 0x00, 0x00, 0x00, 0x0a, 0x73, // ams1...........s
	0x5f, 0x74, 0x65, 0x78, 0x43, 0x6f, 0x6c, 0x6f, 0x72, 0x30, 0x00, 0x02, 0x00, 0x00, 0x00, 0x00, // _texColor0......
	0x04, 0x29, 0x00, 0xc7, 0x0d, 0x00, 0x00, 0x64, 0x69, 0x61, 0x67, 0x6e, 0x6f, 0x73, 0x74, 0x69, // .).....diagnosti
	0x63, 0x28, 0x6f, 0x66, 0x66, 0x2c, 0x20, 0x64, 0x65, 0x72, 0x69, 0x76, 0x61, 0x74, 0x69, 0x76, // c(off, derivativ
	0x65, 0x5f, 0x75, 0x6e, 0x69, 0x66, 0x6f, 0x72, 0x6d, 0x69, 0x74, 0x79, 0x29, 0x3b, 0x0a, 0x64, // e_uniformity);.d
	0x69, 0x61, 0x67, 0x6e, 0x6f, 0x73, 0x74, 0x69, 0x63, 0x28, 0x6f, 0x66, 0x66, 0x2c, 0x20, 0x73, // iagnostic(off, s
	0x75, 0x62, 0x67, 0x72, 0x6f, 0x75, 0x70, 0x5f, 0x75, 0x6e, 0x69, 0x66, 0x6f, 0x72, 0x6d, 0x69, // ubgroup_uniformi
	0x74, 0x79, 0x29, 0x3b, 0x0a, 0x0a, 0x40, 0x67, 0x72, 0x6f, 0x75, 0x70, 0x28, 0x30, 0x75, 0x29, // ty);..@group(0u)
	0x20, 0x40, 0x62, 0x69, 0x6e, 0x64, 0x69, 0x6e, 0x67, 0x28, 0x31, 0x38, 0x75, 0x29, 0x20, 0x76, //  @binding(18u) v
	0x61, 0x72, 0x20, 0x73, 0x5f, 0x74, 0x65, 0x78, 0x43, 0x6f, 0x6c, 0x6f, 0x72, 0x53, 0x61, 0x6d, // ar s_texColorSam
	0x70, 0x6c, 0x65, 0x72, 0x20, 0x3a, 0x20, 0x73, 0x61, 0x6d, 0x70, 0x6c, 0x65, 0x72, 0x3b, 0x0a, // pler : sampler;.
	0x0a, 0x40, 0x67, 0x72, 0x6f, 0x75, 0x70, 0x28, 0x30, 0x75, 0x29, 0x20, 0x40, 0x62, 0x69, 0x6e, // .@group(0u) @bin
	0x64, 0x69, 0x6e, 0x67, 0x28, 0x32, 0x75, 0x29, 0x20, 0x76, 0x61, 0x72, 0x20, 0x73, 0x5f, 0x74, // ding(2u) var s_t
	0x65, 0x78, 0x43, 0x6f, 0x6c, 0x6f, 0x72, 0x54, 0x65, 0x78, 0x74, 0x75, 0x72, 0x65, 0x20, 0x3a, // exColorTexture :
	0x20, 0x74, 0x65, 0x78, 0x74, 0x75, 0x72, 0x65, 0x5f, 0x63, 0x75, 0x62, 0x65, 0x3c, 0x66, 0x33, //  texture_cube<f3
	0x32, 0x3e, 0x3b, 0x0a, 0x0a, 0x73, 0x74, 0x72, 0x75, 0x63, 0x74, 0x20, 0x55, 0x6e, 0x69, 0x66, // 2>;..struct Unif
	0x6f, 0x72, 0x6d, 0x42, 0x6c, 0x6f, 0x63, 0x6b, 0x20, 0x7b, 0x0a, 0x20, 0x20, 0x75, 0x5f, 0x70, // ormBlock {.  u_p
	0x61, 0x72, 0x61, 0x6d, 0x73, 0x30, 0x20, 0x3a, 0x20, 0x76, 0x65, 0x63, 0x34, 0x3c, 0x66, 0x33, // arams0 : vec4<f3
	0x32, 0x3e, 0x2c, 0x0a, 0x20, 0x20, 0x75, 0x5f, 0x70, 0x61, 0x72, 0x61, 0x6d, 0x73, 0x31, 0x20, // 2>,.  u_params1 
	0x3a, 0x20, 0x76, 0x65, 0x63, 0x34, 0x3c, 0x66, 0x33, 0x32, 0x3e, 0x2c, 0x0a, 0x7d, 0x0a, 0x0a, // : vec4<f32>,.}..
	0x40, 0x67, 0x72, 0x6f, 0x75, 0x70, 0x28, 0x30, 0x75, 0x29, 0x20, 0x40, 0x62, 0x69, 0x6e, 0x64, // @group(0u) @bind
	0x69, 0x6e, 0x67, 0x28, 0x31, 0x75, 0x29, 0x20, 0x76, 0x61, 0x72, 0x3c, 0x75, 0x6e, 0x69, 0x66, // ing(1u) var<unif
	0x6f, 0x72, 0x6d, 0x3e, 0x20, 0x76, 0x20, 0x3a, 0x20, 0x55, 0x6e, 0x69, 0x66, 0x6f, 0x72, 0x6d, // orm> v : Uniform
	0x42, 0x6c, 0x6f, 0x63, 0x6b, 0x3b, 0x0a, 0x0a, 0x76, 0x61, 0x72, 0x3c, 0x70, 0x72, 0x69, 0x76, // Block;..var<priv
	0x61, 0x74, 0x65, 0x3e, 0x20, 0x62, 0x67, 0x66, 0x78, 0x5f, 0x46, 0x72, 0x61, 0x67, 0x44, 0x61, // ate> bgfx_FragDa
	0x74, 0x61, 0x30, 0x20, 0x3a, 0x20, 0x76, 0x65, 0x63, 0x34, 0x3c, 0x66, 0x33, 0x32, 0x3e, 0x3b, // ta0 : vec4<f32>;
	0x0a, 0x0a, 0x66, 0x6e, 0x20, 0x6d, 0x61, 0x69, 0x6e, 0x5f, 0x69, 0x6e, 0x6e, 0x65, 0x72, 0x28, // ..fn main_inner(
	0x76, 0x5f, 0x63, 0x6f, 0x6c, 0x6f, 0x72, 0x30, 0x20, 0x3a, 0x20, 0x76, 0x65, 0x63, 0x34, 0x3c, // v_color0 : vec4<
	0x66, 0x33, 0x32, 0x3e, 0x2c, 0x20, 0x76, 0x5f, 0x74, 0x65, 0x78, 0x63, 0x6f, 0x6f, 0x72, 0x64, // f32>, v_texcoord
	0x30, 0x20, 0x3a, 0x20, 0x76, 0x65, 0x63, 0x33, 0x3c, 0x66, 0x33, 0x32, 0x3e, 0x29, 0x20, 0x7b, // 0 : vec3<f32>) {
	0x0a, 0x20, 0x20, 0x6c, 0x65, 0x74, 0x20, 0x76, 0x5f, 0x31, 0x20, 0x3d, 0x20, 0x74, 0x65, 0x78, // .  let v_1 = tex
	0x74, 0x75, 0x72, 0x65, 0x53, 0x61, 0x6d, 0x70, 0x6c, 0x65, 0x4c, 0x65, 0x76, 0x65, 0x6c, 0x28, // tureSampleLevel(
	0x73, 0x5f, 0x74, 0x65, 0x78, 0x43, 0x6f, 0x6c, 0x6f, 0x72, 0x54, 0x65, 0x78, 0x74, 0x75, 0x72, // s_texColorTextur
	0x65, 0x2c, 0x20, 0x73, 0x5f, 0x74, 0x65, 0x78, 0x43, 0x6f, 0x6c, 0x6f, 0x72, 0x53, 0x61, 0x6d, // e, s_texColorSam
	0x70, 0x6c, 0x65, 0x72, 0x2c, 0x20, 0x76, 0x5f, 0x74, 0x65, 0x78, 0x63, 0x6f, 0x6f, 0x72, 0x64, // pler, v_texcoord
	0x30, 0x2c, 0x20, 0x76, 0x2e, 0x75, 0x5f, 0x70, 0x61, 0x72, 0x61, 0x6d, 0x73, 0x30, 0x2e, 0x78, // 0, v.u_params0.x
	0x29, 0x3b, 0x0a, 0x20, 0x20, 0x6c, 0x65, 0x74, 0x20, 0x76, 0x5f, 0x32, 0x20, 0x3d, 0x20, 0x76, // );.  let v_2 = v
	0x5f, 0x31, 0x2e, 0x78, 0x79, 0x7a, 0x3b, 0x0a, 0x20, 0x20, 0x6c, 0x65, 0x74, 0x20, 0x76, 0x5f, // _1.xyz;.  let v_
	0x33, 0x20, 0x3d, 0x20, 0x70, 0x6f, 0x77, 0x28, 0x61, 0x62, 0x73, 0x28, 0x76, 0x5f, 0x32, 0x29, // 3 = pow(abs(v_2)
	0x2c, 0x20, 0x76, 0x65, 0x63, 0x33, 0x3c, 0x66, 0x33, 0x32, 0x3e, 0x28, 0x32, 0x2e, 0x32, 0x30, // , vec3<f32>(2.20
	0x30, 0x30, 0x30, 0x30, 0x30, 0x34, 0x37, 0x36, 0x38, 0x33, 0x37, 0x31, 0x35, 0x38, 0x32, 0x30, // 0000047683715820
	0x33, 0x31, 0x66, 0x29, 0x29, 0x3b, 0x0a, 0x20, 0x20, 0x6c, 0x65, 0x74, 0x20, 0x76, 0x5f, 0x34, // 31f));.  let v_4
	0x20, 0x3d, 0x20, 0x76, 0x2e, 0x75, 0x5f, 0x70, 0x61, 0x72, 0x61, 0x6d, 0x73, 0x30, 0x2e, 0x7a, //  = v.u_params0.z
	0x3b, 0x0a, 0x20, 0x20, 0x6c, 0x65, 0x74, 0x20, 0x76, 0x5f, 0x35, 0x20, 0x3d, 0x20, 0x28, 0x6d, // ;.  let v_5 = (m
	0x69, 0x78, 0x28, 0x76, 0x5f, 0x33, 0x2c, 0x20, 0x76, 0x5f, 0x32, 0x2c, 0x20, 0x76, 0x65, 0x63, // ix(v_3, v_2, vec
	0x33, 0x3c, 0x66, 0x33, 0x32, 0x3e, 0x28, 0x76, 0x5f, 0x34, 0x2c, 0x20, 0x76, 0x5f, 0x34, 0x2c, // 3<f32>(v_4, v_4,
	0x20, 0x76, 0x5f, 0x34, 0x29, 0x29, 0x20, 0x2a, 0x20, 0x70, 0x6f, 0x77, 0x28, 0x32, 0x2e, 0x30, //  v_4)) * pow(2.0
	0x66, 0x2c, 0x20, 0x76, 0x2e, 0x75, 0x5f, 0x70, 0x61, 0x72, 0x61, 0x6d, 0x73, 0x30, 0x2e, 0x77, // f, v.u_params0.w
	0x29, 0x29, 0x3b, 0x0a, 0x20, 0x20, 0x76, 0x61, 0x72, 0x20, 0x76, 0x5f, 0x36, 0x20, 0x3a, 0x20, // ));.  var v_6 : 
	0x76, 0x65, 0x63, 0x34, 0x3c, 0x66, 0x33, 0x32, 0x3e, 0x20, 0x3d, 0x20, 0x76, 0x5f, 0x31, 0x3b, // vec4<f32> = v_1;
	0x0a, 0x20, 0x20, 0x76, 0x5f, 0x36, 0x2e, 0x78, 0x20, 0x3d, 0x20, 0x76, 0x5f, 0x35, 0x2e, 0x78, // .  v_6.x = v_5.x
	0x3b, 0x0a, 0x20, 0x20, 0x76, 0x61, 0x72, 0x20, 0x76, 0x5f, 0x37, 0x20, 0x3a, 0x20, 0x76, 0x65, // ;.  var v_7 : ve
	0x63, 0x34, 0x3c, 0x66, 0x33, 0x32, 0x3e, 0x20, 0x3d, 0x20, 0x76, 0x5f, 0x36, 0x3b, 0x0a, 0x20, // c4<f32> = v_6;. 
	0x20, 0x76, 0x5f, 0x37, 0x2e, 0x79, 0x20, 0x3d, 0x20, 0x76, 0x5f, 0x35, 0x2e, 0x79, 0x3b, 0x0a, //  v_7.y = v_5.y;.
	0x20, 0x20, 0x76, 0x61, 0x72, 0x20, 0x76, 0x5f, 0x38, 0x20, 0x3a, 0x20, 0x76, 0x65, 0x63, 0x34, //   var v_8 : vec4
	0x3c, 0x66, 0x33, 0x32, 0x3e, 0x20, 0x3d, 0x20, 0x76, 0x5f, 0x37, 0x3b, 0x0a, 0x20, 0x20, 0x76, // <f32> = v_7;.  v
	0x5f, 0x38, 0x2e, 0x7a, 0x20, 0x3d, 0x20, 0x76, 0x5f, 0x35, 0x2e, 0x7a, 0x3b, 0x0a, 0x20, 0x20, // _8.z = v_5.z;.  
	0x6c, 0x65, 0x74, 0x20, 0x76, 0x5f, 0x39, 0x20, 0x3d, 0x20, 0x28, 0x76, 0x5f, 0x38, 0x20, 0x2a, // let v_9 = (v_8 *
	0x20, 0x76, 0x5f, 0x63, 0x6f, 0x6c, 0x6f, 0x72, 0x30, 0x29, 0x3b, 0x0a, 0x20, 0x20, 0x6c, 0x65, //  v_color0);.  le
	0x74, 0x20, 0x76, 0x5f, 0x31, 0x30, 0x20, 0x3d, 0x20, 0x76, 0x2e, 0x75, 0x5f, 0x70, 0x61, 0x72, // t v_10 = v.u_par
	0x61, 0x6d, 0x73, 0x31, 0x2e, 0x78, 0x3b, 0x0a, 0x20, 0x20, 0x6c, 0x65, 0x74, 0x20, 0x76, 0x5f, // ams1.x;.  let v_
	0x31, 0x31, 0x20, 0x3d, 0x20, 0x76, 0x2e, 0x75, 0x5f, 0x70, 0x61, 0x72, 0x61, 0x6d, 0x73, 0x31, // 11 = v.u_params1
	0x2e, 0x79, 0x3b, 0x0a, 0x20, 0x20, 0x76, 0x61, 0x72, 0x20, 0x76, 0x5f, 0x31, 0x32, 0x20, 0x3a, // .y;.  var v_12 :
	0x20, 0x76, 0x65, 0x63, 0x33, 0x3c, 0x66, 0x33, 0x32, 0x3e, 0x3b, 0x0a, 0x20, 0x20, 0x69, 0x66, //  vec3<f32>;.  if
	0x20, 0x28, 0x28, 0x76, 0x5f, 0x31, 0x30, 0x20, 0x3c, 0x20, 0x30, 0x2e, 0x35, 0x66, 0x29, 0x29, //  ((v_10 < 0.5f))
	0x20, 0x7b, 0x0a, 0x20, 0x20, 0x20, 0x20, 0x6c, 0x65, 0x74, 0x20, 0x76, 0x5f, 0x31, 0x33, 0x20, //  {.    let v_13 
	0x3d, 0x20, 0x63, 0x6c, 0x61, 0x6d, 0x70, 0x28, 0x76, 0x5f, 0x39, 0x2e, 0x78, 0x79, 0x7a, 0x2c, // = clamp(v_9.xyz,
	0x20, 0x76, 0x65, 0x63, 0x33, 0x3c, 0x66, 0x33, 0x32, 0x3e, 0x28, 0x29, 0x2c, 0x20, 0x76, 0x65, //  vec3<f32>(), ve
	0x63, 0x33, 0x3c, 0x66, 0x33, 0x32, 0x3e, 0x28, 0x31, 0x2e, 0x30, 0x66, 0x29, 0x29, 0x3b, 0x0a, // c3<f32>(1.0f));.
	0x20, 0x20, 0x20, 0x20, 0x6c, 0x65, 0x74, 0x20, 0x76, 0x5f, 0x31, 0x34, 0x20, 0x3d, 0x20, 0x76, //     let v_14 = v
	0x5f, 0x31, 0x33, 0x2e, 0x78, 0x3b, 0x0a, 0x20, 0x20, 0x20, 0x20, 0x76, 0x61, 0x72, 0x20, 0x76, // _13.x;.    var v
	0x5f, 0x31, 0x35, 0x20, 0x3a, 0x20, 0x66, 0x33, 0x32, 0x3b, 0x0a, 0x20, 0x20, 0x20, 0x20, 0x73, // _15 : f32;.    s
	0x77, 0x69, 0x74, 0x63, 0x68, 0x28, 0x30, 0x75, 0x29, 0x20, 0x7b, 0x0a, 0x20, 0x20, 0x20, 0x20, // witch(0u) {.    
	0x20, 0x20, 0x64, 0x65, 0x66, 0x61, 0x75, 0x6c, 0x74, 0x3a, 0x20, 0x7b, 0x0a, 0x20, 0x20, 0x20, //   default: {.   
	0x20, 0x20, 0x20, 0x20, 0x20, 0x69, 0x66, 0x20, 0x28, 0x28, 0x76, 0x5f, 0x31, 0x34, 0x20, 0x3c, //      if ((v_14 <
	0x3d, 0x20, 0x30, 0x2e, 0x30, 0x30, 0x33, 0x31, 0x33, 0x30, 0x38, 0x30, 0x30, 0x30, 0x39, 0x30, // = 0.003130800090
	0x37, 0x33, 0x30, 0x31, 0x39, 0x30, 0x32, 0x38, 0x66, 0x29, 0x29, 0x20, 0x7b, 0x0a, 0x20, 0x20, // 73019028f)) {.  
	0x20, 0x20, 0x20, 0x20, 0x20, 0x20, 0x20, 0x20, 0x76, 0x5f, 0x31, 0x35, 0x20, 0x3d, 0x20, 0x28, //         v_15 = (
	0x31, 0x32, 0x2e, 0x39, 0x32, 0x30, 0x30, 0x30, 0x30, 0x30, 0x37, 0x36, 0x32, 0x39, 0x33, 0x39, // 12.9200000762939
	0x34, 0x35, 0x33, 0x31, 0x32, 0x35, 0x66, 0x20, 0x2a, 0x20, 0x76, 0x5f, 0x31, 0x34, 0x29, 0x3b, // 453125f * v_14);
	0x0a, 0x20, 0x20, 0x20, 0x20, 0x20, 0x20, 0x20, 0x20, 0x20, 0x20, 0x62, 0x72, 0x65, 0x61, 0x6b, // .          break
	0x3b, 0x0a, 0x20, 0x20, 0x20, 0x20, 0x20, 0x20, 0x20, 0x20, 0x7d, 0x20, 0x65, 0x6c, 0x73, 0x65, // ;.        } else
	0x20, 0x7b, 0x0a, 0x20, 0x20, 0x20, 0x20, 0x20, 0x20, 0x20, 0x20, 0x20, 0x20, 0x76, 0x5f, 0x31, //  {.          v_1
	0x35, 0x20, 0x3d, 0x20, 0x28, 0x28, 0x31, 0x2e, 0x30, 0x35, 0x34, 0x39, 0x39, 0x39, 0x39, 0x34, // 5 = ((1.05499994
	0x37, 0x35, 0x34, 0x37, 0x39, 0x31, 0x32, 0x35, 0x39, 0x37, 0x36, 0x36, 0x66, 0x20, 0x2a, 0x20, // 754791259766f * 
	0x70, 0x6f, 0x77, 0x28, 0x76, 0x5f, 0x31, 0x34, 0x2c, 0x20, 0x30, 0x2e, 0x34, 0x31, 0x36, 0x36, // pow(v_14, 0.4166
	0x36, 0x36, 0x36, 0x35, 0x36, 0x37, 0x33, 0x32, 0x35, 0x35, 0x39, 0x32, 0x30, 0x34, 0x31, 0x66, // 666567325592041f
	0x29, 0x29, 0x20, 0x2d, 0x20, 0x30, 0x2e, 0x30, 0x35, 0x34, 0x39, 0x39, 0x39, 0x39, 0x39, 0x39, // )) - 0.054999999
	0x37, 0x30, 0x31, 0x39, 0x37, 0x36, 0x37, 0x37, 0x36, 0x31, 0x32, 0x66, 0x29, 0x3b, 0x0a, 0x20, // 70197677612f);. 
	0x20, 0x20, 0x20, 0x20, 0x20, 0x20, 0x20, 0x20, 0x20, 0x62, 0x72, 0x65, 0x61, 0x6b, 0x3b, 0x0a, //          break;.
	0x20, 0x20, 0x20, 0x20, 0x20, 0x20, 0x20, 0x20, 0x7d, 0x0a, 0x20, 0x20, 0x20, 0x20, 0x20, 0x20, //         }.      
	0x7d, 0x0a, 0x20, 0x20, 0x20, 0x20, 0x7d, 0x0a, 0x20, 0x20, 0x20, 0x20, 0x6c, 0x65, 0x74, 0x20, // }.    }.    let 
	0x76, 0x5f, 0x31, 0x36, 0x20, 0x3d, 0x20, 0x76, 0x5f, 0x31, 0x35, 0x3b, 0x0a, 0x20, 0x20, 0x20, // v_16 = v_15;.   
	0x20, 0x6c, 0x65, 0x74, 0x20, 0x76, 0x5f, 0x31, 0x37, 0x20, 0x3d, 0x20, 0x76, 0x5f, 0x31, 0x33, //  let v_17 = v_13
	0x2e, 0x79, 0x3b, 0x0a, 0x20, 0x20, 0x20, 0x20, 0x76, 0x61, 0x72, 0x20, 0x76, 0x5f, 0x31, 0x38, // .y;.    var v_18
	0x20, 0x3a, 0x20, 0x66, 0x33, 0x32, 0x3b, 0x0a, 0x20, 0x20, 0x20, 0x20, 0x73, 0x77, 0x69, 0x74, //  : f32;.    swit
	0x63, 0x68, 0x28, 0x30, 0x75, 0x29, 0x20, 0x7b, 0x0a, 0x20, 0x20, 0x20, 0x20, 0x20, 0x20, 0x64, // ch(0u) {.      d
	0x65, 0x66, 0x61, 0x75, 0x6c, 0x74, 0x3a, 0x20, 0x7b, 0x0a, 0x20, 0x20, 0x20, 0x20, 0x20, 0x20, // efault: {.      
	0x20, 0x20, 0x69, 0x66, 0x20, 0x28, 0x28, 0x76, 0x5f, 0x31, 0x37, 0x20, 0x3c, 0x3d, 0x20, 0x30, //   if ((v_17 <= 0
	0x2e, 0x30, 0x30, 0x33, 0x31, 0x33, 0x30, 0x38, 0x30, 0x30, 0x30, 0x39, 0x30, 0x37, 0x33, 0x30, // .003130800090730
	0x31, 0x39, 0x30, 0x32, 0x38, 0x66, 0x29, 0x29, 0x20, 0x7b, 0x0a, 0x20, 0x20, 0x20, 0x20, 0x20, // 19028f)) {.     
	0x20, 0x20, 0x20, 0x20, 0x20, 0x76, 0x5f, 0x31, 0x38, 0x20, 0x3d, 0x20, 0x28, 0x31, 0x32, 0x2e, //      v_18 = (12.
	0x39, 0x32, 0x30, 0x30, 0x30, 0x30, 0x30, 0x37, 0x36, 0x32, 0x39, 0x33, 0x39, 0x34, 0x35, 0x33, // 9200000762939453
	0x31, 0x32, 0x35, 0x66, 0x20, 0x2a, 0x20, 0x76, 0x5f, 0x31, 0x37, 0x29, 0x3b, 0x0a, 0x20, 0x20, // 125f * v_17);.  
	0x20, 0x20, 0x20, 0x20, 0x20, 0x20, 0x20, 0x20, 0x62, 0x72, 0x65, 0x61, 0x6b, 0x3b, 0x0a, 0x20, //         break;. 
	0x20, 0x20, 0x20, 0x20, 0x20, 0x20, 0x20, 0x7d, 0x20, 0x65, 0x6c, 0x73, 0x65, 0x20, 0x7b, 0x0a, //        } else {.
	0x20, 0x20, 0x20, 0x20, 0x20, 0x20, 0x20, 0x20, 0x20, 0x20, 0x76, 0x5f, 0x31, 0x38, 0x20, 0x3d, //           v_18 =
	0x20, 0x28, 0x28, 0x31, 0x2e, 0x30, 0x35, 0x34, 0x39, 0x39, 0x39, 0x39, 0x34, 0x37, 0x35, 0x34, //  ((1.05499994754
	0x37, 0x39, 0x31, 0x32, 0x35, 0x39, 0x37, 0x36, 0x36, 0x66, 0x20, 0x2a, 0x20, 0x70, 0x6f, 0x77, // 791259766f * pow
	0x28, 0x76, 0x5f, 0x31, 0x37, 0x2c, 0x20, 0x30, 0x2e, 0x34, 0x31, 0x36, 0x36, 0x36, 0x36, 0x36, // (v_17, 0.4166666
	0x35, 0x36, 0x37, 0x33, 0x32, 0x35, 0x35, 0x39, 0x32, 0x30, 0x34, 0x31, 0x66, 0x29, 0x29, 0x20, // 567325592041f)) 
	0x2d, 0x20, 0x30, 0x2e, 0x30, 0x35, 0x34, 0x39, 0x39, 0x39, 0x39, 0x39, 0x39, 0x37, 0x30, 0x31, // - 0.054999999701
	0x39, 0x37, 0x36, 0x37, 0x37, 0x36, 0x31, 0x32, 0x66, 0x29, 0x3b, 0x0a, 0x20, 0x20, 0x20, 0x20, // 97677612f);.    
	0x20, 0x20, 0x20, 0x20, 0x20, 0x20, 0x62, 0x72, 0x65, 0x61, 0x6b, 0x3b, 0x0a, 0x20, 0x20, 0x20, //       break;.   
	0x20, 0x20, 0x20, 0x20, 0x20, 0x7d, 0x0a, 0x20, 0x20, 0x20, 0x20, 0x20, 0x20, 0x7d, 0x0a, 0x20, //      }.      }. 
	0x20, 0x20, 0x20, 0x7d, 0x0a, 0x20, 0x20, 0x20, 0x20, 0x6c, 0x65, 0x74, 0x20, 0x76, 0x5f, 0x31, //    }.    let v_1
	0x39, 0x20, 0x3d, 0x20, 0x76, 0x5f, 0x31, 0x38, 0x3b, 0x0a, 0x20, 0x20, 0x20, 0x20, 0x6c, 0x65, // 9 = v_18;.    le
	0x74, 0x20, 0x76, 0x5f, 0x32, 0x30, 0x20, 0x3d, 0x20, 0x76, 0x5f, 0x31, 0x33, 0x2e, 0x7a, 0x3b, // t v_20 = v_13.z;
	0x0a, 0x20, 0x20, 0x20, 0x20, 0x76, 0x61, 0x72, 0x20, 0x76, 0x5f, 0x32, 0x31, 0x20, 0x3a, 0x20, // .    var v_21 : 
	0x66, 0x33, 0x32, 0x3b, 0x0a, 0x20, 0x20, 0x20, 0x20, 0x73, 0x77, 0x69, 0x74, 0x63, 0x68, 0x28, // f32;.    switch(
	0x30, 0x75, 0x29, 0x20, 0x7b, 0x0a, 0x20, 0x20, 0x20, 0x20, 0x20, 0x20, 0x64, 0x65, 0x66, 0x61, // 0u) {.      defa
	0x75, 0x6c, 0x74, 0x3a, 0x20, 0x7b, 0x0a, 0x20, 0x20, 0x20, 0x20, 0x20, 0x20, 0x20, 0x20, 0x69, // ult: {.        i
	0x66, 0x20, 0x28, 0x28, 0x76, 0x5f, 0x32, 0x30, 0x20, 0x3c, 0x3d, 0x20, 0x30, 0x2e, 0x30, 0x30, // f ((v_20 <= 0.00
	0x33, 0x31, 0x33, 0x30, 0x38, 0x30, 0x30, 0x30, 0x39, 0x30, 0x37, 0x33, 0x30, 0x31, 0x39, 0x30, // 3130800090730190
	0x32, 0x38, 0x66, 0x29, 0x29, 0x20, 0x7b, 0x0a, 0x20, 0x20, 0x20, 0x20, 0x20, 0x20, 0x20, 0x20, // 28f)) {.        
	0x20, 0x20, 0x76, 0x5f, 0x32, 0x31, 0x20, 0x3d, 0x20, 0x28, 0x31, 0x32, 0x2e, 0x39, 0x32, 0x30, //   v_21 = (12.920
	0x30, 0x30, 0x30, 0x30, 0x37, 0x36, 0x32, 0x39, 0x33, 0x39, 0x34, 0x35, 0x33, 0x31, 0x32, 0x35, // 0000762939453125
	0x66, 0x20, 0x2a, 0x20, 0x76, 0x5f, 0x32, 0x30, 0x29, 0x3b, 0x0a, 0x20, 0x20, 0x20, 0x20, 0x20, // f * v_20);.     
	0x20, 0x20, 0x20, 0x20, 0x20, 0x62, 0x72, 0x65, 0x61, 0x6b, 0x3b, 0x0a, 0x20, 0x20, 0x20, 0x20, //      break;.    
	0x20, 0x20, 0x20, 0x20, 0x7d, 0x20, 0x65, 0x6c, 0x73, 0x65, 0x20, 0x7b, 0x0a, 0x20, 0x20, 0x20, //     } else {.   
	0x20, 0x20, 0x20, 0x20, 0x20, 0x20, 0x20, 0x76, 0x5f, 0x32, 0x31, 0x20, 0x3d, 0x20, 0x28, 0x28, //        v_21 = ((
	0x31, 0x2e, 0x30, 0x35, 0x34, 0x39, 0x39, 0x39, 0x39, 0x34, 0x37, 0x35, 0x34, 0x37, 0x39, 0x31, // 1.05499994754791
	0x32, 0x35, 0x39, 0x37, 0x36, 0x36, 0x66, 0x20, 0x2a, 0x20, 0x70, 0x6f, 0x77, 0x28, 0x76, 0x5f, // 259766f * pow(v_
	0x32, 0x30, 0x2c, 0x20, 0x30, 0x2e, 0x34, 0x31, 0x36, 0x36, 0x36, 0x36, 0x36, 0x35, 0x36, 0x37, // 20, 0.4166666567
	0x33, 0x32, 0x35, 0x35, 0x39, 0x32, 0x30, 0x34, 0x31, 0x66, 0x29, 0x29, 0x20, 0x2d, 0x20, 0x30, // 325592041f)) - 0
	0x2e, 0x30, 0x35, 0x34, 0x39, 0x39, 0x39, 0x39, 0x39, 0x39, 0x37, 0x30, 0x31, 0x39, 0x37, 0x36, // .054999999701976
	0x37, 0x37, 0x36, 0x31, 0x32, 0x66, 0x29, 0x3b, 0x0a, 0x20, 0x20, 0x20, 0x20, 0x20, 0x20, 0x20, // 77612f);.       
	0x20, 0x20, 0x20, 0x62, 0x72, 0x65, 0x61, 0x6b, 0x3b, 0x0a, 0x20, 0x20, 0x20, 0x20, 0x20, 0x20, //    break;.      
	0x20, 0x20, 0x7d, 0x0a, 0x20, 0x20, 0x20, 0x20, 0x20, 0x20, 0x7d, 0x0a, 0x20, 0x20, 0x20, 0x20, //   }.      }.    
	0x7d, 0x0a, 0x20, 0x20, 0x20, 0x20, 0x76, 0x5f, 0x31, 0x32, 0x20, 0x3d, 0x20, 0x76, 0x65, 0x63, // }.    v_12 = vec
	0x33, 0x3c, 0x66, 0x33, 0x32, 0x3e, 0x28, 0x76, 0x5f, 0x31, 0x36, 0x2c, 0x20, 0x76, 0x5f, 0x31, // 3<f32>(v_16, v_1
	0x39, 0x2c, 0x20, 0x76, 0x5f, 0x32, 0x31, 0x29, 0x3b, 0x0a, 0x20, 0x20, 0x7d, 0x20, 0x65, 0x6c, // 9, v_21);.  } el
	0x73, 0x65, 0x20, 0x7b, 0x0a, 0x20, 0x20, 0x20, 0x20, 0x76, 0x61, 0x72, 0x20, 0x76, 0x5f, 0x32, // se {.    var v_2
	0x32, 0x20, 0x3a, 0x20, 0x76, 0x65, 0x63, 0x33, 0x3c, 0x66, 0x33, 0x32, 0x3e, 0x3b, 0x0a, 0x20, // 2 : vec3<f32>;. 
	0x20, 0x20, 0x20, 0x69, 0x66, 0x20, 0x28, 0x28, 0x76, 0x5f, 0x31, 0x30, 0x20, 0x3c, 0x20, 0x31, //    if ((v_10 < 1
	0x2e, 0x35, 0x66, 0x29, 0x29, 0x20, 0x7b, 0x0a, 0x20, 0x20, 0x20, 0x20, 0x20, 0x20, 0x76, 0x5f, // .5f)) {.      v_
	0x32, 0x32, 0x20, 0x3d, 0x20, 0x76, 0x5f, 0x39, 0x2e, 0x78, 0x79, 0x7a, 0x3b, 0x0a, 0x20, 0x20, // 22 = v_9.xyz;.  
	0x20, 0x20, 0x7d, 0x20, 0x65, 0x6c, 0x73, 0x65, 0x20, 0x7b, 0x0a, 0x20, 0x20, 0x20, 0x20, 0x20, //   } else {.     
	0x20, 0x76, 0x61, 0x72, 0x20, 0x76, 0x5f, 0x32, 0x33, 0x20, 0x3a, 0x20, 0x76, 0x65, 0x63, 0x33, //  var v_23 : vec3
	0x3c, 0x66, 0x33, 0x32, 0x3e, 0x3b, 0x0a, 0x20, 0x20, 0x20, 0x20, 0x20, 0x20, 0x69, 0x66, 0x20, // <f32>;.      if 
	0x28, 0x28, 0x76, 0x5f, 0x31, 0x30, 0x20, 0x3c, 0x20, 0x32, 0x2e, 0x35, 0x66, 0x29, 0x29, 0x20, // ((v_10 < 2.5f)) 
	0x7b, 0x0a, 0x20, 0x20, 0x20, 0x20, 0x20, 0x20, 0x20, 0x20, 0x6c, 0x65, 0x74, 0x20, 0x76, 0x5f, // {.        let v_
	0x32, 0x34, 0x20, 0x3d, 0x20, 0x70, 0x6f, 0x77, 0x28, 0x28, 0x28, 0x28, 0x28, 0x76, 0x5f, 0x39, // 24 = pow(((((v_9
	0x2e, 0x78, 0x79, 0x7a, 0x20, 0x2a, 0x20, 0x6d, 0x61, 0x74, 0x33, 0x78, 0x33, 0x3c, 0x66, 0x33, // .xyz * mat3x3<f3
	0x32, 0x3e, 0x28, 0x76, 0x65, 0x63, 0x33, 0x3c, 0x66, 0x33, 0x32, 0x3e, 0x28, 0x30, 0x2e, 0x34, // 2>(vec3<f32>(0.4
	0x31, 0x32, 0x35, 0x35, 0x36, 0x34, 0x30, 0x39, 0x38, 0x33, 0x35, 0x38, 0x31, 0x35, 0x34, 0x32, // 1255640983581542
	0x39, 0x36, 0x39, 0x66, 0x2c, 0x20, 0x30, 0x2e, 0x33, 0x35, 0x37, 0x35, 0x37, 0x36, 0x31, 0x30, // 969f, 0.35757610
	0x32, 0x30, 0x31, 0x38, 0x33, 0x35, 0x36, 0x33, 0x32, 0x33, 0x32, 0x34, 0x66, 0x2c, 0x20, 0x30, // 201835632324f, 0
	0x2e, 0x31, 0x38, 0x30, 0x34, 0x33, 0x37, 0x35, 0x30, 0x35, 0x32, 0x34, 0x35, 0x32, 0x30, 0x38, // .180437505245208
	0x37, 0x34, 0x30, 0x32, 0x33, 0x66, 0x29, 0x2c, 0x20, 0x76, 0x65, 0x63, 0x33, 0x3c, 0x66, 0x33, // 74023f), vec3<f3
	0x32, 0x3e, 0x28, 0x30, 0x2e, 0x32, 0x31, 0x32, 0x36, 0x37, 0x32, 0x39, 0x30, 0x34, 0x31, 0x33, // 2>(0.21267290413
	0x33, 0x37, 0x39, 0x36, 0x36, 0x39, 0x31, 0x38, 0x39, 0x66, 0x2c, 0x20, 0x30, 0x2e, 0x37, 0x31, // 379669189f, 0.71
	0x35, 0x31, 0x35, 0x32, 0x32, 0x30, 0x34, 0x30, 0x33, 0x36, 0x37, 0x31, 0x32, 0x36, 0x34, 0x36, // 5152204036712646
	0x34, 0x38, 0x66, 0x2c, 0x20, 0x30, 0x2e, 0x30, 0x37, 0x32, 0x31, 0x37, 0x35, 0x30, 0x30, 0x33, // 48f, 0.072175003
	0x35, 0x38, 0x38, 0x31, 0x39, 0x39, 0x36, 0x31, 0x35, 0x34, 0x38, 0x66, 0x29, 0x2c, 0x20, 0x76, // 58819961548f), v
	0x65, 0x63, 0x33, 0x3c, 0x66, 0x33, 0x32, 0x3e, 0x28, 0x30, 0x2e, 0x30, 0x31, 0x39, 0x33, 0x33, // ec3<f32>(0.01933
	0x33, 0x39, 0x30, 0x30, 0x38, 0x38, 0x33, 0x37, 0x39, 0x33, 0x38, 0x33, 0x30, 0x38, 0x37, 0x66, // 390088379383087f
	0x2c, 0x20, 0x30, 0x2e, 0x31, 0x31, 0x39, 0x31, 0x39, 0x31, 0x39, 0x39, 0x36, 0x37, 0x35, 0x33, // , 0.119191996753
	0x32, 0x31, 0x35, 0x37, 0x38, 0x39, 0x37, 0x39, 0x66, 0x2c, 0x20, 0x30, 0x2e, 0x39, 0x35, 0x30, // 21578979f, 0.950
	0x33, 0x30, 0x34, 0x30, 0x39, 0x30, 0x39, 0x37, 0x36, 0x37, 0x31, 0x35, 0x30, 0x38, 0x37, 0x38, // 3040909767150878
	0x39, 0x66, 0x29, 0x29, 0x29, 0x20, 0x2a, 0x20, 0x6d, 0x61, 0x74, 0x33, 0x78, 0x33, 0x3c, 0x66, // 9f))) * mat3x3<f
	0x33, 0x32, 0x3e, 0x28, 0x76, 0x65, 0x63, 0x33, 0x3c, 0x66, 0x33, 0x32, 0x3e, 0x28, 0x31, 0x2e, // 32>(vec3<f32>(1.
	0x37, 0x31, 0x36, 0x36, 0x35, 0x31, 0x32, 0x30, 0x31, 0x32, 0x34, 0x38, 0x31, 0x36, 0x38, 0x39, // 7166512012481689
	0x34, 0x35, 0x33, 0x31, 0x66, 0x2c, 0x20, 0x2d, 0x30, 0x2e, 0x33, 0x35, 0x35, 0x36, 0x37, 0x30, // 4531f, -0.355670
	0x38, 0x30, 0x39, 0x37, 0x34, 0x35, 0x37, 0x38, 0x38, 0x35, 0x37, 0x34, 0x32, 0x32, 0x66, 0x2c, // 80974578857422f,
	0x20, 0x2d, 0x30, 0x2e, 0x32, 0x35, 0x33, 0x33, 0x36, 0x36, 0x32, 0x39, 0x31, 0x35, 0x32, 0x32, //  -0.253366291522
	0x39, 0x37, 0x39, 0x37, 0x33, 0x36, 0x33, 0x33, 0x66, 0x29, 0x2c, 0x20, 0x76, 0x65, 0x63, 0x33, // 97973633f), vec3
	0x3c, 0x66, 0x33, 0x32, 0x3e, 0x28, 0x2d, 0x30, 0x2e, 0x36, 0x36, 0x36, 0x36, 0x38, 0x34, 0x33, // <f32>(-0.6666843
	0x38, 0x39, 0x31, 0x31, 0x34, 0x33, 0x37, 0x39, 0x38, 0x38, 0x32, 0x38, 0x31, 0x66, 0x2c, 0x20, // 8911437988281f, 
	0x31, 0x2e, 0x36, 0x31, 0x36, 0x34, 0x38, 0x31, 0x31, 0x38, 0x34, 0x39, 0x35, 0x39, 0x34, 0x31, // 1.61648118495941
	0x31, 0x36, 0x32, 0x31, 0x30, 0x39, 0x66, 0x2c, 0x20, 0x30, 0x2e, 0x30, 0x31, 0x35, 0x37, 0x36, // 162109f, 0.01576
	0x38, 0x35, 0x30, 0x30, 0x30, 0x34, 0x34, 0x39, 0x34, 0x31, 0x39, 0x30, 0x32, 0x31, 0x36, 0x66, // 850004494190216f
	0x29, 0x2c, 0x20, 0x76, 0x65, 0x63, 0x33, 0x3c, 0x66, 0x33, 0x32, 0x3e, 0x28, 0x30, 0x2e, 0x30, // ), vec3<f32>(0.0
	0x31, 0x37, 0x36, 0x33, 0x39, 0x38, 0x39, 0x39, 0x36, 0x32, 0x36, 0x33, 0x37, 0x34, 0x32, 0x34, // 1763989962637424
	0x34, 0x36, 0x39, 0x66, 0x2c, 0x20, 0x2d, 0x30, 0x2e, 0x30, 0x34, 0x32, 0x37, 0x37, 0x30, 0x36, // 469f, -0.0427706
	0x30, 0x31, 0x38, 0x30, 0x39, 0x30, 0x32, 0x34, 0x38, 0x31, 0x30, 0x37, 0x39, 0x66, 0x2c, 0x20, // 0180902481079f, 
	0x30, 0x2e, 0x39, 0x34, 0x32, 0x31, 0x30, 0x33, 0x30, 0x38, 0x37, 0x39, 0x30, 0x32, 0x30, 0x36, // 0.94210308790206
	0x39, 0x30, 0x39, 0x31, 0x38, 0x66, 0x29, 0x29, 0x29, 0x20, 0x2a, 0x20, 0x76, 0x5f, 0x31, 0x31, // 90918f))) * v_11
	0x29, 0x20, 0x2a, 0x20, 0x30, 0x2e, 0x30, 0x30, 0x30, 0x30, 0x39, 0x39, 0x39, 0x39, 0x39, 0x39, // ) * 0.0000999999
	0x39, 0x37, 0x34, 0x37, 0x33, 0x37, 0x38, 0x37, 0x35, 0x32, 0x66, 0x29, 0x2c, 0x20, 0x76, 0x65, // 9747378752f), ve
	0x63, 0x33, 0x3c, 0x66, 0x33, 0x32, 0x3e, 0x28, 0x30, 0x2e, 0x31, 0x35, 0x39, 0x33, 0x30, 0x31, // c3<f32>(0.159301
	0x37, 0x35, 0x37, 0x38, 0x31, 0x32, 0x35, 0x66, 0x29, 0x29, 0x3b, 0x0a, 0x20, 0x20, 0x20, 0x20, // 7578125f));.    
	0x20, 0x20, 0x20, 0x20, 0x76, 0x5f, 0x32, 0x33, 0x20, 0x3d, 0x20, 0x70, 0x6f, 0x77, 0x28, 0x28, //     v_23 = pow((
	0x28, 0x76, 0x65, 0x63, 0x33, 0x3c, 0x66, 0x33, 0x32, 0x3e, 0x28, 0x30, 0x2e, 0x38, 0x33, 0x35, // (vec3<f32>(0.835
	0x39, 0x33, 0x37, 0x35, 0x66, 0x29, 0x20, 0x2b, 0x20, 0x28, 0x76, 0x5f, 0x32, 0x34, 0x20, 0x2a, // 9375f) + (v_24 *
	0x20, 0x31, 0x38, 0x2e, 0x38, 0x35, 0x31, 0x35, 0x36, 0x32, 0x35, 0x66, 0x29, 0x29, 0x20, 0x2f, //  18.8515625f)) /
	0x20, 0x28, 0x76, 0x65, 0x63, 0x33, 0x3c, 0x66, 0x33, 0x32, 0x3e, 0x28, 0x31, 0x2e, 0x30, 0x66, //  (vec3<f32>(1.0f
	0x29, 0x20, 0x2b, 0x20, 0x28, 0x76, 0x5f, 0x32, 0x34, 0x20, 0x2a, 0x20, 0x31, 0x38, 0x2e, 0x36, // ) + (v_24 * 18.6
	0x38, 0x37, 0x35, 0x66, 0x29, 0x29, 0x29, 0x2c, 0x20, 0x76, 0x65, 0x63, 0x33, 0x3c, 0x66, 0x33, // 875f))), vec3<f3
	0x32, 0x3e, 0x28, 0x37, 0x38, 0x2e, 0x38, 0x34, 0x33, 0x37, 0x35, 0x66, 0x29, 0x29, 0x3b, 0x0a, // 2>(78.84375f));.
	0x20, 0x20, 0x20, 0x20, 0x20, 0x20, 0x7d, 0x20, 0x65, 0x6c, 0x73, 0x65, 0x20, 0x7b, 0x0a, 0x20, //       } else {. 
	0x20, 0x20, 0x20, 0x20, 0x20, 0x20, 0x20, 0x76, 0x5f, 0x32, 0x33, 0x20, 0x3d, 0x20, 0x76, 0x65, //        v_23 = ve
	0x63, 0x33, 0x3c, 0x66, 0x33, 0x32, 0x3e, 0x28, 0x29, 0x3b, 0x0a, 0x20, 0x20, 0x20, 0x20, 0x20, // c3<f32>();.     
	0x20, 0x7d, 0x0a, 0x20, 0x20, 0x20, 0x20, 0x20, 0x20, 0x76, 0x5f, 0x32, 0x32, 0x20, 0x3d, 0x20, //  }.      v_22 = 
	0x76, 0x5f, 0x32, 0x33, 0x3b, 0x0a, 0x20, 0x20, 0x20, 0x20, 0x7d, 0x0a, 0x20, 0x20, 0x20, 0x20, // v_23;.    }.    
	0x76, 0x5f, 0x31, 0x32, 0x20, 0x3d, 0x20, 0x76, 0x5f, 0x32, 0x32, 0x3b, 0x0a, 0x20, 0x20, 0x7d, // v_12 = v_22;.  }
	0x0a, 0x20, 0x20, 0x6c, 0x65, 0x74, 0x20, 0x76, 0x5f, 0x32, 0x35, 0x20, 0x3d, 0x20, 0x76, 0x5f, // .  let v_25 = v_
	0x31, 0x32, 0x3b, 0x0a, 0x20, 0x20, 0x62, 0x67, 0x66, 0x78, 0x5f, 0x46, 0x72, 0x61, 0x67, 0x44, // 12;.  bgfx_FragD
	0x61, 0x74, 0x61, 0x30, 0x20, 0x3d, 0x20, 0x76, 0x65, 0x63, 0x34, 0x3c, 0x66, 0x33, 0x32, 0x3e, // ata0 = vec4<f32>
	0x28, 0x76, 0x5f, 0x32, 0x35, 0x2e, 0x78, 0x2c, 0x20, 0x76, 0x5f, 0x32, 0x35, 0x2e, 0x79, 0x2c, // (v_25.x, v_25.y,
	0x20, 0x76, 0x5f, 0x32, 0x35, 0x2e, 0x7a, 0x2c, 0x20, 0x76, 0x5f, 0x39, 0x2e, 0x77, 0x29, 0x3b, //  v_25.z, v_9.w);
	0x0a, 0x7d, 0x0a, 0x0a, 0x40, 0x66, 0x72, 0x61, 0x67, 0x6d, 0x65, 0x6e, 0x74, 0x0a, 0x66, 0x6e, // .}..@fragment.fn
	0x20, 0x6d, 0x61, 0x69, 0x6e, 0x28, 0x40, 0x6c, 0x6f, 0x63, 0x61, 0x74, 0x69, 0x6f, 0x6e, 0x28, //  main(@location(
	0x30, 0x75, 0x29, 0x20, 0x76, 0x5f, 0x63, 0x6f, 0x6c, 0x6f, 0x72, 0x30, 0x20, 0x3a, 0x20, 0x76, // 0u) v_color0 : v
	0x65, 0x63, 0x34, 0x3c, 0x66, 0x33, 0x32, 0x3e, 0x2c, 0x20, 0x40, 0x6c, 0x6f, 0x63, 0x61, 0x74, // ec4<f32>, @locat
	0x69, 0x6f, 0x6e, 0x28, 0x31, 0x75, 0x29, 0x20, 0x76, 0x5f, 0x74, 0x65, 0x78, 0x63, 0x6f, 0x6f, // ion(1u) v_texcoo
	0x72, 0x64, 0x30, 0x20, 0x3a, 0x20, 0x76, 0x65, 0x63, 0x33, 0x3c, 0x66, 0x33, 0x32, 0x3e, 0x29, // rd0 : vec3<f32>)
	0x20, 0x2d, 0x3e, 0x20, 0x40, 0x6c, 0x6f, 0x63, 0x61, 0x74, 0x69, 0x6f, 0x6e, 0x28, 0x30, 0x75, //  -> @location(0u
	0x29, 0x20, 0x76, 0x65, 0x63, 0x34, 0x3c, 0x66, 0x33, 0x32, 0x3e, 0x20, 0x7b, 0x0a, 0x20, 0x20, // ) vec4<f32> {.  
	0x6d, 0x61, 0x69, 0x6e, 0x5f, 0x69, 0x6e, 0x6e, 0x65, 0x72, 0x28, 0x76, 0x5f, 0x63, 0x6f, 0x6c, // main_inner(v_col
	0x6f, 0x72, 0x30, 0x2c, 0x20, 0x76, 0x5f, 0x74, 0x65, 0x78, 0x63, 0x6f, 0x6f, 0x72, 0x64, 0x30, // or0, v_texcoord0
	0x29, 0x3b, 0x0a, 0x20, 0x20, 0x72, 0x65, 0x74, 0x75, 0x72, 0x6e, 0x20, 0x62, 0x67, 0x66, 0x78, // );.  return bgfx
	0x5f, 0x46, 0x72, 0x61, 0x67, 0x44, 0x61, 0x74, 0x61, 0x30, 0x3b, 0x0a, 0x7d, 0x0a, 0x00, 0x00, // _FragData0;.}...
	0x20, 0x00, 0x20, 0x00,                                                                         //  . .
};
static const uint8_t fs_texture_cube2_dxbc[1783] =
{
	0x46, 0x53, 0x48, 0x0c, 0x01, 0x83, 0xf2, 0xe1, 0x00, 0x00, 0x00, 0x00, 0x00, 0x00, 0x00, 0x00, // FSH.............
	0x00, 0x00, 0x00, 0x00, 0x03, 0x00, 0x09, 0x75, 0x5f, 0x70, 0x61, 0x72, 0x61, 0x6d, 0x73, 0x30, // .......u_params0
	0x12, 0x00, 0x00, 0x00, 0x01, 0x00, 0x00, 0x00, 0x00, 0x00, 0x09, 0x75, 0x5f, 0x70, 0x61, 0x72, // ...........u_par
	0x61, 0x6d, 0x73, 0x31, 0x12, 0x00, 0x10, 0x00, 0x01, 0x00, 0x00, 0x00, 0x00, 0x00, 0x0a, 0x73, // ams1...........s
	0x5f, 0x74, 0x65, 0x78, 0x43, 0x6f, 0x6c, 0x6f, 0x72, 0x30, 0x01, 0x00, 0x00, 0x01, 0x00, 0x00, // _texColor0......
	0x04, 0x00, 0x00, 0x9c, 0x06, 0x00, 0x00, 0x44, 0x58, 0x42, 0x43, 0xb7, 0xe9, 0xc1, 0x9d, 0xe5, // .......DXBC.....
	0xd1, 0xe8, 0x19, 0x23, 0xd6, 0x65, 0x54, 0xf9, 0xc2, 0xbd, 0x7f, 0x01, 0x00, 0x00, 0x00, 0x9c, // ...#.eT.........
	0x06, 0x00, 0x00, 0x03, 0x00, 0x00, 0x00, 0x2c, 0x00, 0x00, 0x00, 0xa0, 0x00, 0x00, 0x00, 0xd4, // .......,........
	0x00, 0x00, 0x00, 0x49, 0x53, 0x47, 0x4e, 0x6c, 0x00, 0x00, 0x00, 0x03, 0x00, 0x00, 0x00, 0x08, // ...ISGNl........
	0x00, 0x00, 0x00, 0x50, 0x00, 0x00, 0x00, 0x00, 0x00, 0x00, 0x00, 0x01, 0x00, 0x00, 0x00, 0x03, // ...P............
	0x00, 0x00, 0x00, 0x00, 0x00, 0x00, 0x00, 0x0f, 0x00, 0x00, 0x00, 0x5c, 0x00, 0x00, 0x00, 0x00, // ................
	0x00, 0x00, 0x00, 0x00, 0x00, 0x00, 0x00, 0x03, 0x00, 0x00, 0x00, 0x01, 0x00, 0x00, 0x00, 0x0f, // ................
	0x0f, 0x00, 0x00, 0x62, 0x00, 0x00, 0x00, 0x00, 0x00, 0x00, 0x00, 0x00, 0x00, 0x00, 0x00, 0x03, // ...b............
	0x00, 0x00, 0x00, 0x02, 0x00, 0x00, 0x00, 0x07, 0x07, 0x00, 0x00, 0x53, 0x56, 0x5f, 0x50, 0x4f, // ...........SV_PO
	0x53, 0x49, 0x54, 0x49, 0x4f, 0x4e, 0x00, 0x43, 0x4f, 0x4c, 0x4f, 0x52, 0x00, 0x54, 0x45, 0x58, // SITION.COLOR.TEX
	0x43, 0x4f, 0x4f, 0x52, 0x44, 0x00, 0xab, 0x4f, 0x53, 0x47, 0x4e, 0x2c, 0x00, 0x00, 0x00, 0x01, // COORD..OSGN,....
	0x00, 0x00, 0x00, 0x08, 0x00, 0x00, 0x00, 0x20, 0x00, 0x00, 0x00, 0x00, 0x00, 0x00, 0x00, 0x00, // ....... ........
	0x00, 0x00, 0x00, 0x03, 0x00, 0x00, 0x00, 0x00, 0x00, 0x00, 0x00, 0x0f, 0x00, 0x00, 0x00, 0x53, // ...............S
	0x56, 0x5f, 0x54, 0x41, 0x52, 0x47, 0x45, 0x54, 0x00, 0xab, 0xab, 0x53, 0x48, 0x45, 0x58, 0xc0, // V_TARGET...SHEX.
	0x05, 0x00, 0x00, 0x50, 0x00, 0x00, 0x00, 0x70, 0x01, 0x00, 0x00, 0x6a, 0x08, 0x00, 0x01, 0x59, // ...P...p...j...Y
	0x00, 0x00, 0x04, 0x46, 0x8e, 0x20, 0x00, 0x00, 0x00, 0x00, 0x00, 0x02, 0x00, 0x00, 0x00, 0x5a, // ...F. .........Z
	0x00, 0x00, 0x03, 0x00, 0x60, 0x10, 0x00, 0x00, 0x00, 0x00, 0x00, 0x58, 0x30, 0x00, 0x04, 0x00, // ....`......X0...
	0x70, 0x10, 0x00, 0x00, 0x00, 0x00, 0x00, 0x55, 0x55, 0x00, 0x00, 0x62, 0x10, 0x00, 0x03, 0xf2, // p......UU..b....
	0x10, 0x10, 0x00, 0x01, 0x00, 0x00, 0x00, 0x62, 0x10, 0x00, 0x03, 0x72, 0x10, 0x10, 0x00, 0x02, // .......b...r....
	0x00, 0x00, 0x00, 0x65, 0x00, 0x00, 0x03, 0xf2, 0x20, 0x10, 0x00, 0x00, 0x00, 0x00, 0x00, 0x68, // ...e.... ......h
	0x00, 0x00, 0x02, 0x04, 0x00, 0x00, 0x00, 0x48, 0x00, 0x00, 0x8e, 0x82, 0x01, 0x00, 0x80, 0x43, // .......H.......C
	0x55, 0x15, 0x00, 0xf2, 0x00, 0x10, 0x00, 0x00, 0x00, 0x00, 0x00, 0x46, 0x12, 0x10, 0x00, 0x02, // U..........F....
	0x00, 0x00, 0x00, 0x46, 0x7e, 0x10, 0x00, 0x00, 0x00, 0x00, 0x00, 0x00, 0x60, 0x10, 0x00, 0x00, // ...F~.......`...
	0x00, 0x00, 0x00, 0x0a, 0x80, 0x20, 0x00, 0x00, 0x00, 0x00, 0x00, 0x00, 0x00, 0x00, 0x00, 0x2f, // ..... ........./
	0x00, 0x00, 0x06, 0x72, 0x00, 0x10, 0x00, 0x01, 0x00, 0x00, 0x00, 0x46, 0x02, 0x10, 0x80, 0x81, // ...r.......F....
	0x00, 0x00, 0x00, 0x00, 0x00, 0x00, 0x00, 0x38, 0x00, 0x00, 0x0a, 0x72, 0x00, 0x10, 0x00, 0x01, // .......8...r....
	0x00, 0x00, 0x00, 0x46, 0x02, 0x10, 0x00, 0x01, 0x00, 0x00, 0x00, 0x02, 0x40, 0x00, 0x00, 0xcd, // ...F........@...
	0xcc, 0x0c, 0x40, 0xcd, 0xcc, 0x0c, 0x40, 0xcd, 0xcc, 0x0c, 0x40, 0x00, 0x00, 0x00, 0x00, 0x19, // ..@...@...@.....
	0x00, 0x00, 0x05, 0x72, 0x00, 0x10, 0x00, 0x01, 0x00, 0x00, 0x00, 0x46, 0x02, 0x10, 0x00, 0x01, // ...r.......F....
	0x00, 0x00, 0x00, 0x00, 0x00, 0x00, 0x08, 0x72, 0x00, 0x10, 0x00, 0x02, 0x00, 0x00, 0x00, 0x46, // .......r.......F
	0x02, 0x10, 0x00, 0x00, 0x00, 0x00, 0x00, 0x46, 0x02, 0x10, 0x80, 0x41, 0x00, 0x00, 0x00, 0x01, // .......F...A....
	0x00, 0x00, 0x00, 0x32, 0x00, 0x00, 0x0a, 0x72, 0x00, 0x10, 0x00, 0x01, 0x00, 0x00, 0x00, 0xa6, // ...2...r........
	0x8a, 0x20, 0x00, 0x00, 0x00, 0x00, 0x00, 0x00, 0x00, 0x00, 0x00, 0x46, 0x02, 0x10, 0x00, 0x02, // . .........F....
	0x00, 0x00, 0x00, 0x46, 0x02, 0x10, 0x00, 0x01, 0x00, 0x00, 0x00, 0x19, 0x00, 0x00, 0x06, 0x82, // ...F............
	0x00, 0x10, 0x00, 0x01, 0x00, 0x00, 0x00, 0x3a, 0x80, 0x20, 0x00, 0x00, 0x00, 0x00, 0x00, 0x00, // .......:. ......
	0x00, 0x00, 0x00, 0x38, 0x00, 0x00, 0x07, 0x72, 0x00, 0x10, 0x00, 0x00, 0x00, 0x00, 0x00, 0xf6, // ...8...r........
	0x0f, 0x10, 0x00, 0x01, 0x00, 0x00, 0x00, 0x46, 0x02, 0x10, 0x00, 0x01, 0x00, 0x00, 0x00, 0x38, // .......F.......8
	0x00, 0x00, 0x07, 0xf2, 0x00, 0x10, 0x00, 0x00, 0x00, 0x00, 0x00, 0x46, 0x0e, 0x10, 0x00, 0x00, // ...........F....
	0x00, 0x00, 0x00, 0x46, 0x1e, 0x10, 0x00, 0x01, 0x00, 0x00, 0x00, 0x31, 0x00, 0x00, 0x08, 0x12, // ...F.......1....
	0x00, 0x10, 0x00, 0x01, 0x00, 0x00, 0x00, 0x0a, 0x80, 0x20, 0x00, 0x00, 0x00, 0x00, 0x00, 0x01, // ......... ......
	0x00, 0x00, 0x00, 0x01, 0x40, 0x00, 0x00, 0x00, 0x00, 0x00, 0x3f, 0x1f, 0x00, 0x04, 0x03, 0x0a, // ....@.....?.....
	0x00, 0x10, 0x00, 0x01, 0x00, 0x00, 0x00, 0x36, 0x20, 0x00, 0x05, 0x72, 0x00, 0x10, 0x00, 0x00, // .......6 ..r....
	0x00, 0x00, 0x00, 0x46, 0x02, 0x10, 0x00, 0x00, 0x00, 0x00, 0x00, 0x1d, 0x00, 0x00, 0x0a, 0x72, // ...F...........r
	0x00, 0x10, 0x00, 0x01, 0x00, 0x00, 0x00, 0x02, 0x40, 0x00, 0x00, 0x1c, 0x2e, 0x4d, 0x3b, 0x1c, // ........@....M;.
	0x2e, 0x4d, 0x3b, 0x1c, 0x2e, 0x4d, 0x3b, 0x00, 0x00, 0x00, 0x00, 0x46, 0x02, 0x10, 0x00, 0x00, // .M;..M;....F....
	0x00, 0x00, 0x00, 0x38, 0x00, 0x00, 0x0a, 0x72, 0x00, 0x10, 0x00, 0x02, 0x00, 0x00, 0x00, 0x46, // ...8...r.......F
	0x02, 0x10, 0x00, 0x00, 0x00, 0x00, 0x00, 0x02, 0x40, 0x00, 0x00, 0x52, 0xb8, 0x4e, 0x41, 0x52, // ........@..R.NAR
	0xb8, 0x4e, 0x41, 0x52, 0xb8, 0x4e, 0x41, 0x00, 0x00, 0x00, 0x00, 0x2f, 0x00, 0x00, 0x05, 0x72, // .NAR.NA..../...r
	0x00, 0x10, 0x00, 0x03, 0x00, 0x00, 0x00, 0x46, 0x02, 0x10, 0x00, 0x00, 0x00, 0x00, 0x00, 0x38, // .......F.......8
	0x00, 0x00, 0x0a, 0x72, 0x00, 0x10, 0x00, 0x03, 0x00, 0x00, 0x00, 0x46, 0x02, 0x10, 0x00, 0x03, // ...r.......F....
	0x00, 0x00, 0x00, 0x02, 0x40, 0x00, 0x00, 0x55, 0x55, 0xd5, 0x3e, 0x55, 0x55, 0xd5, 0x3e, 0x55, // ....@..UU.>UU.>U
	0x55, 0xd5, 0x3e, 0x00, 0x00, 0x00, 0x00, 0x19, 0x00, 0x00, 0x05, 0x72, 0x00, 0x10, 0x00, 0x03, // U.>........r....
	0x00, 0x00, 0x00, 0x46, 0x02, 0x10, 0x00, 0x03, 0x00, 0x00, 0x00, 0x32, 0x00, 0x00, 0x0f, 0x72, // ...F.......2...r
	0x00, 0x10, 0x00, 0x03, 0x00, 0x00, 0x00, 0x46, 0x02, 0x10, 0x00, 0x03, 0x00, 0x00, 0x00, 0x02, // .......F........
	0x40, 0x00, 0x00, 0x3d, 0x0a, 0x87, 0x3f, 0x3d, 0x0a, 0x87, 0x3f, 0x3d, 0x0a, 0x87, 0x3f, 0x00, // @..=..?=..?=..?.
	0x00, 0x00, 0x00, 0x02, 0x40, 0x00, 0x00, 0xae, 0x47, 0x61, 0xbd, 0xae, 0x47, 0x61, 0xbd, 0xae, // ....@...Ga..Ga..
	0x47, 0x61, 0xbd, 0x00, 0x00, 0x00, 0x00, 0x37, 0x00, 0x00, 0x09, 0x72, 0x00, 0x10, 0x00, 0x00, // Ga.....7...r....
	0x00, 0x00, 0x00, 0x46, 0x02, 0x10, 0x00, 0x01, 0x00, 0x00, 0x00, 0x46, 0x02, 0x10, 0x00, 0x02, // ...F.......F....
	0x00, 0x00, 0x00, 0x46, 0x02, 0x10, 0x00, 0x03, 0x00, 0x00, 0x00, 0x12, 0x00, 0x00, 0x01, 0x31, // ...F...........1
	0x00, 0x00, 0x0b, 0x32, 0x00, 0x10, 0x00, 0x01, 0x00, 0x00, 0x00, 0x06, 0x80, 0x20, 0x00, 0x00, // ...2......... ..
	0x00, 0x00, 0x00, 0x01, 0x00, 0x00, 0x00, 0x02, 0x40, 0x00, 0x00, 0x00, 0x00, 0xc0, 0x3f, 0x00, // ........@.....?.
	0x00, 0x20, 0x40, 0x00, 0x00, 0x00, 0x00, 0x00, 0x00, 0x00, 0x00, 0x10, 0x00, 0x00, 0x0a, 0x12, // . @.............
	0x00, 0x10, 0x00, 0x02, 0x00, 0x00, 0x00, 0x02, 0x40, 0x00, 0x00, 0x98, 0x3a, 0xd3, 0x3e, 0x37, // ........@...:.>7
	0x14, 0xb7, 0x3e, 0x9c, 0xc4, 0x38, 0x3e, 0x00, 0x00, 0x00, 0x00, 0x46, 0x02, 0x10, 0x00, 0x00, // ..>..8>....F....
	0x00, 0x00, 0x00, 0x10, 0x00, 0x00, 0x0a, 0x22, 0x00, 0x10, 0x00, 0x02, 0x00, 0x00, 0x00, 0x02, // ......."........
	0x40, 0x00, 0x00, 0xed, 0xc6, 0x59, 0x3e, 0x37, 0x14, 0x37, 0x3f, 0x7d, 0xd0, 0x93, 0x3d, 0x00, // @....Y>7.7?}..=.
	0x00, 0x00, 0x00, 0x46, 0x02, 0x10, 0x00, 0x00, 0x00, 0x00, 0x00, 0x10, 0x00, 0x00, 0x0a, 0x42, // ...F...........B
	0x00, 0x10, 0x00, 0x02, 0x00, 0x00, 0x00, 0x02, 0x40, 0x00, 0x00, 0x21, 0x62, 0x9e, 0x3c, 0xef, // ........@..!b.<.
	0x1a, 0xf4, 0x3d, 0x21, 0x47, 0x73, 0x3f, 0x00, 0x00, 0x00, 0x00, 0x46, 0x02, 0x10, 0x00, 0x00, // ..=!Gs?....F....
	0x00, 0x00, 0x00, 0x10, 0x00, 0x00, 0x0a, 0x12, 0x00, 0x10, 0x00, 0x03, 0x00, 0x00, 0x00, 0x02, // ................
	0x40, 0x00, 0x00, 0x3a, 0xbb, 0xdb, 0x3f, 0x7c, 0x1a, 0xb6, 0xbe, 0x3a, 0xb9, 0x81, 0xbe, 0x00, // @..:..?|...:....
	0x00, 0x00, 0x00, 0x46, 0x02, 0x10, 0x00, 0x02, 0x00, 0x00, 0x00, 0x10, 0x00, 0x00, 0x0a, 0x22, // ...F..........."
	0x00, 0x10, 0x00, 0x03, 0x00, 0x00, 0x00, 0x02, 0x40, 0x00, 0x00, 0xd4, 0xab, 0x2a, 0xbf, 0xdb, // ........@....*..
	0xe8, 0xce, 0x3f, 0xf1, 0x2c, 0x81, 0x3c, 0x00, 0x00, 0x00, 0x00, 0x46, 0x02, 0x10, 0x00, 0x02, // ..?.,.<....F....
	0x00, 0x00, 0x00, 0x10, 0x00, 0x00, 0x0a, 0x42, 0x00, 0x10, 0x00, 0x03, 0x00, 0x00, 0x00, 0x02, // .......B........
	0x40, 0x00, 0x00, 0x8d, 0x81, 0x90, 0x3c, 0x3a, 0x30, 0x2f, 0xbd, 0xab, 0x2d, 0x71, 0x3f, 0x00, // @.....<:0/..-q?.
	0x00, 0x00, 0x00, 0x46, 0x02, 0x10, 0x00, 0x02, 0x00, 0x00, 0x00, 0x38, 0x00, 0x00, 0x08, 0x72, // ...F.......8...r
	0x00, 0x10, 0x00, 0x02, 0x00, 0x00, 0x00, 0x46, 0x02, 0x10, 0x00, 0x03, 0x00, 0x00, 0x00, 0x56, // .......F.......V
	0x85, 0x20, 0x00, 0x00, 0x00, 0x00, 0x00, 0x01, 0x00, 0x00, 0x00, 0x38, 0x00, 0x00, 0x0a, 0x72, // . .........8...r
	0x00, 0x10, 0x00, 0x02, 0x00, 0x00, 0x00, 0x46, 0x02, 0x10, 0x00, 0x02, 0x00, 0x00, 0x00, 0x02, // .......F........
	0x40, 0x00, 0x00, 0x17, 0xb7, 0xd1, 0x38, 0x17, 0xb7, 0xd1, 0x38, 0x17, 0xb7, 0xd1, 0x38, 0x00, // @.....8...8...8.
	0x00, 0x00, 0x00, 0x2f, 0x00, 0x00, 0x05, 0x72, 0x00, 0x10, 0x00, 0x02, 0x00, 0x00, 0x00, 0x46, // .../...r.......F
	0x02, 0x10, 0x00, 0x02, 0x00, 0x00, 0x00, 0x38, 0x00, 0x00, 0x0a, 0x72, 0x00, 0x10, 0x00, 0x02, // .......8...r....
	0x00, 0x00, 0x00, 0x46, 0x02, 0x10, 0x00, 0x02, 0x00, 0x00, 0x00, 0x02, 0x40, 0x00, 0x00, 0x00, // ...F........@...
	0x20, 0x23, 0x3e, 0x00, 0x20, 0x23, 0x3e, 0x00, 0x20, 0x23, 0x3e, 0x00, 0x00, 0x00, 0x00, 0x19, //  #>. #>. #>.....
	0x00, 0x00, 0x05, 0x72, 0x00, 0x10, 0x00, 0x02, 0x00, 0x00, 0x00, 0x46, 0x02, 0x10, 0x00, 0x02, // ...r.......F....
	0x00, 0x00, 0x00, 0x32, 0x00, 0x00, 0x0f, 0x72, 0x00, 0x10, 0x00, 0x03, 0x00, 0x00, 0x00, 0x46, // ...2...r.......F
	0x02, 0x10, 0x00, 0x02, 0x00, 0x00, 0x00, 0x02, 0x40, 0x00, 0x00, 0x00, 0xd0, 0x96, 0x41, 0x00, // ........@.....A.
	0xd0, 0x96, 0x41, 0x00, 0xd0, 0x96, 0x41, 0x00, 0x00, 0x00, 0x00, 0x02, 0x40, 0x00, 0x00, 0x00, // ..A...A.....@...
	0x00, 0x56, 0x3f, 0x00, 0x00, 0x56, 0x3f, 0x00, 0x00, 0x56, 0x3f, 0x00, 0x00, 0x00, 0x00, 0x32, // .V?..V?..V?....2
	0x00, 0x00, 0x0f, 0x72, 0x00, 0x10, 0x00, 0x02, 0x00, 0x00, 0x00, 0x46, 0x02, 0x10, 0x00, 0x02, // ...r.......F....
	0x00, 0x00, 0x00, 0x02, 0x40, 0x00, 0x00, 0x00, 0x80, 0x95, 0x41, 0x00, 0x80, 0x95, 0x41, 0x00, // ....@.....A...A.
	0x80, 0x95, 0x41, 0x00, 0x00, 0x00, 0x00, 0x02, 0x40, 0x00, 0x00, 0x00, 0x00, 0x80, 0x3f, 0x00, // ..A.....@.....?.
	0x00, 0x80, 0x3f, 0x00, 0x00, 0x80, 0x3f, 0x00, 0x00, 0x00, 0x00, 0x0e, 0x00, 0x00, 0x07, 0x72, // ..?...?........r
	0x00, 0x10, 0x00, 0x02, 0x00, 0x00, 0x00, 0x46, 0x02, 0x10, 0x00, 0x03, 0x00, 0x00, 0x00, 0x46, // .......F.......F
	0x02, 0x10, 0x00, 0x02, 0x00, 0x00, 0x00, 0x2f, 0x00, 0x00, 0x05, 0x72, 0x00, 0x10, 0x00, 0x02, // ......./...r....
	0x00, 0x00, 0x00, 0x46, 0x02, 0x10, 0x00, 0x02, 0x00, 0x00, 0x00, 0x38, 0x00, 0x00, 0x0a, 0x72, // ...F.......8...r
	0x00, 0x10, 0x00, 0x02, 0x00, 0x00, 0x00, 0x46, 0x02, 0x10, 0x00, 0x02, 0x00, 0x00, 0x00, 0x02, // .......F........
	0x40, 0x00, 0x00, 0x00, 0xb0, 0x9d, 0x42, 0x00, 0xb0, 0x9d, 0x42, 0x00, 0xb0, 0x9d, 0x42, 0x00, // @.....B...B...B.
	0x00, 0x00, 0x00, 0x19, 0x00, 0x00, 0x05, 0x72, 0x00, 0x10, 0x00, 0x02, 0x00, 0x00, 0x00, 0x46, // .......r.......F
	0x02, 0x10, 0x00, 0x02, 0x00, 0x00, 0x00, 0x01, 0x00, 0x00, 0x07, 0xe2, 0x00, 0x10, 0x00, 0x01, // ................
	0x00, 0x00, 0x00, 0x56, 0x05, 0x10, 0x00, 0x01, 0x00, 0x00, 0x00, 0x06, 0x09, 0x10, 0x00, 0x02, // ...V............
	0x00, 0x00, 0x00, 0x37, 0x00, 0x00, 0x09, 0x72, 0x00, 0x10, 0x00, 0x00, 0x00, 0x00, 0x00, 0x06, // ...7...r........
	0x00, 0x10, 0x00, 0x01, 0x00, 0x00, 0x00, 0x46, 0x02, 0x10, 0x00, 0x00, 0x00, 0x00, 0x00, 0x96, // .......F........
	0x07, 0x10, 0x00, 0x01, 0x00, 0x00, 0x00, 0x15, 0x00, 0x00, 0x01, 0x36, 0x00, 0x00, 0x05, 0xf2, // ...........6....
	0x20, 0x10, 0x00, 0x00, 0x00, 0x00, 0x00, 0x46, 0x0e, 0x10, 0x00, 0x00, 0x00, 0x00, 0x00, 0x3e, //  ......F.......>
	0x00, 0x00, 0x01, 0x00, 0x00, 0x20, 0x00,                                                       // ..... .
};
static const uint8_t fs_texture_cube2_dxil[3899] =
{
	0x46, 0x53, 0x48, 0x0c, 0x01, 0x83, 0xf2, 0xe1, 0x00, 0x00, 0x00, 0x00, 0x00, 0x00, 0x00, 0x00, // FSH.............
	0x00, 0x00, 0x00, 0x00, 0x03, 0x00, 0x09, 0x75, 0x5f, 0x70, 0x61, 0x72, 0x61, 0x6d, 0x73, 0x30, // .......u_params0
	0x12, 0x00, 0x00, 0x00, 0x01, 0x00, 0x00, 0x00, 0x00, 0x00, 0x09, 0x75, 0x5f, 0x70, 0x61, 0x72, // ...........u_par
	0x61, 0x6d, 0x73, 0x31, 0x12, 0x00, 0x10, 0x00, 0x01, 0x00, 0x00, 0x00, 0x00, 0x00, 0x0a, 0x73, // ams1...........s
	0x5f, 0x74, 0x65, 0x78, 0x43, 0x6f, 0x6c, 0x6f, 0x72, 0x30, 0x01, 0x00, 0x00, 0x01, 0x00, 0x00, // _texColor0......
	0x04, 0x00, 0x00, 0xe0, 0x0e, 0x00, 0x00, 0x44, 0x58, 0x42, 0x43, 0xa4, 0x09, 0x60, 0x42, 0xab, // .......DXBC..`B.
	0x46, 0x70, 0xd0, 0x04, 0x76, 0x02, 0xf0, 0x4e, 0x06, 0x44, 0xd8, 0x01, 0x00, 0x00, 0x00, 0xe0, // Fp..v..N.D......
	0x0e, 0x00, 0x00, 0x07, 0x00, 0x00, 0x00, 0x3c, 0x00, 0x00, 0x00, 0x4c, 0x00, 0x00, 0x00, 0xd8, // .......<...L....
	0x00, 0x00, 0x00, 0x14, 0x01, 0x00, 0x00, 0x40, 0x02, 0x00, 0x00, 0x74, 0x02, 0x00, 0x00, 0x90, // .......@...t....
	0x02, 0x00, 0x00, 0x53, 0x46, 0x49, 0x30, 0x08, 0x00, 0x00, 0x00, 0x00, 0x00, 0x00, 0x00, 0x00, // ...SFI0.........
	0x00, 0x00, 0x00, 0x49, 0x53, 0x47, 0x31, 0x84, 0x00, 0x00, 0x00, 0x03, 0x00, 0x00, 0x00, 0x08, // ...ISG1.........
	0x00, 0x00, 0x00, 0x00, 0x00, 0x00, 0x00, 0x68, 0x00, 0x00, 0x00, 0x00, 0x00, 0x00, 0x00, 0x01, // .......h........
	0x00, 0x00, 0x00, 0x03, 0x00, 0x00, 0x00, 0x00, 0x00, 0x00, 0x00, 0x0f, 0x00, 0x00, 0x00, 0x00, // ................
	0x00, 0x00, 0x00, 0x00, 0x00, 0x00, 0x00, 0x74, 0x00, 0x00, 0x00, 0x00, 0x00, 0x00, 0x00, 0x00, // .......t........
	0x00, 0x00, 0x00, 0x03, 0x00, 0x00, 0x00, 0x01, 0x00, 0x00, 0x00, 0x0f, 0x0f, 0x00, 0x00, 0x00, // ................
	0x00, 0x00, 0x00, 0x00, 0x00, 0x00, 0x00, 0x7a, 0x00, 0x00, 0x00, 0x00, 0x00, 0x00, 0x00, 0x00, // .......z........
	0x00, 0x00, 0x00, 0x03, 0x00, 0x00, 0x00, 0x02, 0x00, 0x00, 0x00, 0x07, 0x07, 0x00, 0x00, 0x00, // ................
	0x00, 0x00, 0x00, 0x53, 0x56, 0x5f, 0x50, 0x6f, 0x73, 0x69, 0x74, 0x69, 0x6f, 0x6e, 0x00, 0x43, // ...SV_Position.C
	0x4f, 0x4c, 0x4f, 0x52, 0x00, 0x54, 0x45, 0x58, 0x43, 0x4f, 0x4f, 0x52, 0x44, 0x00, 0x00, 0x4f, // OLOR.TEXCOORD..O
	0x53, 0x47, 0x31, 0x34, 0x00, 0x00, 0x00, 0x01, 0x00, 0x00, 0x00, 0x08, 0x00, 0x00, 0x00, 0x00, // SG14............
	0x00, 0x00, 0x00, 0x28, 0x00, 0x00, 0x00, 0x00, 0x00, 0x00, 0x00, 0x40, 0x00, 0x00, 0x00, 0x03, // ...(.......@....
	0x00, 0x00, 0x00, 0x00, 0x00, 0x00, 0x00, 0x0f, 0x00, 0x00, 0x00, 0x00, 0x00, 0x00, 0x00, 0x53, // ...............S
	0x56, 0x5f, 0x54, 0x61, 0x72, 0x67, 0x65, 0x74, 0x00, 0x00, 0x00, 0x50, 0x53, 0x56, 0x30, 0x24, // V_Target...PSV0$
	0x01, 0x00, 0x00, 0x38, 0x00, 0x00, 0x00, 0x00, 0x00, 0x00, 0x00, 0x00, 0x00, 0x00, 0x00, 0x00, // ...8............
	0x00, 0x00, 0x00, 0x00, 0x00, 0x00, 0x00, 0x00, 0x00, 0x00, 0x00, 0xff, 0xff, 0xff, 0xff, 0x00, // ................
	0x00, 0x00, 0x00, 0x03, 0x01, 0x00, 0x03, 0x01, 0x00, 0x00, 0x00, 0x00, 0x00, 0x00, 0x00, 0x00, // ................
	0x00, 0x00, 0x00, 0x00, 0x00, 0x00, 0x00, 0x10, 0x00, 0x00, 0x00, 0x00, 0x00, 0x00, 0x00, 0x03, // ................
	0x00, 0x00, 0x00, 0x18, 0x00, 0x00, 0x00, 0x02, 0x00, 0x00, 0x00, 0x00, 0x00, 0x00, 0x00, 0x00, // ................
	0x00, 0x00, 0x00, 0x00, 0x00, 0x00, 0x00, 0x0d, 0x00, 0x00, 0x00, 0x00, 0x00, 0x00, 0x00, 0x01, // ................
	0x00, 0x00, 0x00, 0x00, 0x00, 0x00, 0x00, 0x00, 0x00, 0x00, 0x00, 0x00, 0x00, 0x00, 0x00, 0x0e, // ................
	0x00, 0x00, 0x00, 0x00, 0x00, 0x00, 0x00, 0x03, 0x00, 0x00, 0x00, 0x00, 0x00, 0x00, 0x00, 0x00, // ................
	0x00, 0x00, 0x00, 0x00, 0x00, 0x00, 0x00, 0x05, 0x00, 0x00, 0x00, 0x00, 0x00, 0x00, 0x00, 0x18, // ................
	0x00, 0x00, 0x00, 0x00, 0x43, 0x4f, 0x4c, 0x4f, 0x52, 0x00, 0x54, 0x45, 0x58, 0x43, 0x4f, 0x4f, // ....COLOR.TEXCOO
	0x52, 0x44, 0x00, 0x6d, 0x61, 0x69, 0x6e, 0x00, 0x00, 0x00, 0x00, 0x01, 0x00, 0x00, 0x00, 0x00, // RD.main.........
	0x00, 0x00, 0x00, 0x10, 0x00, 0x00, 0x00, 0x00, 0x00, 0x00, 0x00, 0x00, 0x00, 0x00, 0x00, 0x01, // ................
	0x00, 0x44, 0x03, 0x03, 0x04, 0x00, 0x00, 0x01, 0x00, 0x00, 0x00, 0x00, 0x00, 0x00, 0x00, 0x01, // .D..............
	0x01, 0x44, 0x00, 0x03, 0x02, 0x00, 0x00, 0x07, 0x00, 0x00, 0x00, 0x00, 0x00, 0x00, 0x00, 0x01, // .D..............
	0x02, 0x43, 0x00, 0x03, 0x02, 0x00, 0x00, 0x00, 0x00, 0x00, 0x00, 0x00, 0x00, 0x00, 0x00, 0x01, // .C..............
	0x00, 0x44, 0x10, 0x03, 0x00, 0x00, 0x00, 0x00, 0x00, 0x00, 0x00, 0x00, 0x00, 0x00, 0x00, 0x00, // .D..............
	0x00, 0x00, 0x00, 0x00, 0x00, 0x00, 0x00, 0x07, 0x00, 0x00, 0x00, 0x07, 0x00, 0x00, 0x00, 0x07, // ................
	0x00, 0x00, 0x00, 0x08, 0x00, 0x00, 0x00, 0x0f, 0x00, 0x00, 0x00, 0x0f, 0x00, 0x00, 0x00, 0x0f, // ................
	0x00, 0x00, 0x00, 0x00, 0x00, 0x00, 0x00, 0x49, 0x4c, 0x44, 0x4e, 0x2c, 0x00, 0x00, 0x00, 0x00, // .......ILDN,....
	0x00, 0x24, 0x00, 0x31, 0x65, 0x65, 0x32, 0x31, 0x36, 0x65, 0x64, 0x33, 0x36, 0x33, 0x36, 0x62, // .$.1ee216ed3636b
	0x34, 0x62, 0x31, 0x37, 0x33, 0x32, 0x62, 0x34, 0x61, 0x39, 0x63, 0x62, 0x39, 0x39, 0x31, 0x63, // 4b1732b4a9cb991c
	0x32, 0x64, 0x61, 0x2e, 0x70, 0x64, 0x62, 0x00, 0x00, 0x00, 0x00, 0x48, 0x41, 0x53, 0x48, 0x14, // 2da.pdb....HASH.
	0x00, 0x00, 0x00, 0x00, 0x00, 0x00, 0x00, 0x1e, 0xe2, 0x16, 0xed, 0x36, 0x36, 0xb4, 0xb1, 0x73, // ...........66..s
	0x2b, 0x4a, 0x9c, 0xb9, 0x91, 0xc2, 0xda, 0x44, 0x58, 0x49, 0x4c, 0x48, 0x0c, 0x00, 0x00, 0x60, // +J.....DXILH...`
	0x00, 0x00, 0x00, 0x12, 0x03, 0x00, 0x00, 0x44, 0x58, 0x49, 0x4c, 0x00, 0x01, 0x00, 0x00, 0x10, // .......DXIL.....
	0x00, 0x00, 0x00, 0x30, 0x0c, 0x00, 0x00, 0x42, 0x43, 0xc0, 0xde, 0x21, 0x0c, 0x00, 0x00, 0x09, // ...0...BC..!....
	0x03, 0x00, 0x00, 0x0b, 0x82, 0x20, 0x00, 0x02, 0x00, 0x00, 0x00, 0x13, 0x00, 0x00, 0x00, 0x07, // ..... ..........
	0x81, 0x23, 0x91, 0x41, 0xc8, 0x04, 0x49, 0x06, 0x10, 0x32, 0x39, 0x92, 0x01, 0x84, 0x0c, 0x25, // .#.A..I..29....%
	0x05, 0x08, 0x19, 0x1e, 0x04, 0x8b, 0x62, 0x80, 0x18, 0x45, 0x02, 0x42, 0x92, 0x0b, 0x42, 0xc4, // ......b..E.B..B.
	0x10, 0x32, 0x14, 0x38, 0x08, 0x18, 0x4b, 0x0a, 0x32, 0x62, 0x88, 0x48, 0x90, 0x14, 0x20, 0x43, // .2.8..K.2b.H.. C
	0x46, 0x88, 0xa5, 0x00, 0x19, 0x32, 0x42, 0xe4, 0x48, 0x0e, 0x90, 0x11, 0x23, 0xc4, 0x50, 0x41, // F....2B.H...#.PA
	0x51, 0x81, 0x8c, 0xe1, 0x83, 0xe5, 0x8a, 0x04, 0x31, 0x46, 0x06, 0x51, 0x18, 0x00, 0x00, 0x08, // Q.......1F.Q....
	0x00, 0x00, 0x00, 0x1b, 0x8c, 0xe0, 0xff, 0xff, 0xff, 0xff, 0x07, 0x40, 0x02, 0xa8, 0x0d, 0x84, // ...........@....
	0xf0, 0xff, 0xff, 0xff, 0xff, 0x03, 0x20, 0x6d, 0x30, 0x86, 0xff, 0xff, 0xff, 0xff, 0x1f, 0x00, // ...... m0.......
	0x09, 0xa8, 0x00, 0x49, 0x18, 0x00, 0x00, 0x03, 0x00, 0x00, 0x00, 0x13, 0x82, 0x60, 0x42, 0x20, // ...I.........`B 
	0x4c, 0x08, 0x06, 0x00, 0x00, 0x00, 0x00, 0x89, 0x20, 0x00, 0x00, 0x42, 0x00, 0x00, 0x00, 0x32, // L....... ..B...2
	0x22, 0x88, 0x09, 0x20, 0x64, 0x85, 0x04, 0x13, 0x23, 0xa4, 0x84, 0x04, 0x13, 0x23, 0xe3, 0x84, // ".. d...#....#..
	0xa1, 0x90, 0x14, 0x12, 0x4c, 0x8c, 0x8c, 0x0b, 0x84, 0xc4, 0x4c, 0x10, 0x8c, 0xc1, 0x08, 0x40, // ....L.....L....@
	0x09, 0x00, 0x0a, 0x66, 0x00, 0xe6, 0x08, 0xc0, 0x60, 0x8e, 0x00, 0x29, 0xc6, 0x40, 0x10, 0x44, // ...f....`..).@.D
	0x41, 0x90, 0x51, 0x0c, 0x80, 0x20, 0x88, 0x62, 0x20, 0xe4, 0xa6, 0xe1, 0xf2, 0x27, 0xec, 0x21, // A.Q.. .b ....'.!
	0x24, 0x7f, 0x25, 0xa4, 0x95, 0x98, 0xfc, 0xe2, 0xb6, 0x51, 0x31, 0x0c, 0xc3, 0x40, 0x50, 0x71, // $.%......Q1..@Pq
	0xcf, 0x70, 0xf9, 0x13, 0xf6, 0x10, 0x92, 0x1f, 0x02, 0xcd, 0xb0, 0x10, 0x28, 0x58, 0x0a, 0xa3, // .p..........(X..
	0x10, 0x0c, 0x33, 0x0c, 0xc3, 0x40, 0x10, 0xc4, 0x40, 0x4d, 0x19, 0x06, 0x62, 0xa0, 0xe7, 0xa8, // ..3..@..@M..b...
	0xe1, 0xf2, 0x27, 0xec, 0x21, 0x24, 0x9f, 0xdb, 0xa8, 0x62, 0x25, 0x26, 0xbf, 0xb8, 0x6d, 0x44, // ..'.!$...b%&..mD
	0x0c, 0xc3, 0x30, 0x14, 0x22, 0x22, 0x18, 0x82, 0xa4, 0x52, 0x0c, 0xc4, 0x30, 0x0c, 0x44, 0xcd, // ..0.""...R..0.D.
	0x11, 0x04, 0xc5, 0x60, 0x88, 0x82, 0x20, 0x2c, 0xba, 0x06, 0x02, 0x86, 0x11, 0x88, 0x61, 0x26, // ...`.. ,......a&
	0x32, 0x18, 0x07, 0x76, 0x08, 0x87, 0x79, 0x98, 0x07, 0x37, 0xa0, 0x85, 0x72, 0xc0, 0x07, 0x7a, // 2..v..y..7..r..z
	0xa8, 0x07, 0x79, 0x28, 0x87, 0x51, 0xa8, 0x07, 0x71, 0x28, 0x07, 0x3e, 0xb0, 0x87, 0x72, 0x18, // ..y(.Q..q(.>..r.
	0x07, 0x7a, 0x78, 0x07, 0x79, 0xe0, 0x03, 0x73, 0x60, 0x87, 0x77, 0x08, 0x07, 0x7a, 0x60, 0x03, // .zx.y..s`.w..z`.
	0x30, 0xa0, 0x03, 0x3f, 0x00, 0x03, 0x3f, 0x40, 0x81, 0x46, 0xdb, 0x4c, 0x08, 0x19, 0x9c, 0x02, // 0..?..?@.F.L....
	0x3b, 0xbc, 0x83, 0x38, 0x84, 0x03, 0x3b, 0xcc, 0x03, 0x12, 0x34, 0x8d, 0xba, 0x9b, 0xa4, 0x29, // ;..8..;...4....)
	0xa2, 0x84, 0xc9, 0x67, 0x01, 0xe6, 0x59, 0x88, 0x88, 0x9d, 0x80, 0x89, 0x40, 0x01, 0x41, 0x5f, // ...g..Y.....@.A_
	0x36, 0x10, 0x53, 0x00, 0x00, 0x00, 0x00, 0x13, 0x14, 0x72, 0xc0, 0x87, 0x74, 0x60, 0x87, 0x36, // 6.S......r..t`.6
	0x68, 0x87, 0x79, 0x68, 0x03, 0x72, 0xc0, 0x87, 0x0d, 0xaf, 0x50, 0x0e, 0x6d, 0xd0, 0x0e, 0x7a, // h.yh.r....P.m..z
	0x50, 0x0e, 0x6d, 0x00, 0x0f, 0x7a, 0x30, 0x07, 0x72, 0xa0, 0x07, 0x73, 0x20, 0x07, 0x6d, 0x90, // P.m..z0.r..s .m.
	0x0e, 0x71, 0xa0, 0x07, 0x73, 0x20, 0x07, 0x6d, 0x90, 0x0e, 0x78, 0xa0, 0x07, 0x73, 0x20, 0x07, // .q..s .m..x..s .
	0x6d, 0x90, 0x0e, 0x71, 0x60, 0x07, 0x7a, 0x30, 0x07, 0x72, 0xd0, 0x06, 0xe9, 0x30, 0x07, 0x72, // m..q`.z0.r...0.r
	0xa0, 0x07, 0x73, 0x20, 0x07, 0x6d, 0x90, 0x0e, 0x76, 0x40, 0x07, 0x7a, 0x60, 0x07, 0x74, 0xd0, // ..s .m..v@.z`.t.
	0x06, 0xe6, 0x10, 0x07, 0x76, 0xa0, 0x07, 0x73, 0x20, 0x07, 0x6d, 0x60, 0x0e, 0x73, 0x20, 0x07, // ....v..s .m`.s .
	0x7a, 0x30, 0x07, 0x72, 0xd0, 0x06, 0xe6, 0x60, 0x07, 0x74, 0xa0, 0x07, 0x76, 0x40, 0x07, 0x6d, // z0.r...`.t..v@.m
	0xe0, 0x0e, 0x78, 0xa0, 0x07, 0x71, 0x60, 0x07, 0x7a, 0x30, 0x07, 0x72, 0xa0, 0x07, 0x76, 0x40, // ..x..q`.z0.r..v@
	0x07, 0x43, 0x9e, 0x00, 0x00, 0x00, 0x00, 0x00, 0x00, 0x00, 0x00, 0x00, 0x00, 0x00, 0x86, 0x3c, // .C.............<
	0x06, 0x10, 0x00, 0x01, 0x00, 0x00, 0x00, 0x00, 0x00, 0x00, 0x00, 0x0c, 0x79, 0x10, 0x20, 0x00, // ............y. .
	0x04, 0x00, 0x00, 0x00, 0x00, 0x00, 0x00, 0x00, 0x18, 0xf2, 0x34, 0x40, 0x00, 0x0c, 0x00, 0x00, // ..........4@....
	0x00, 0x00, 0x00, 0x00, 0x00, 0x30, 0xe4, 0x79, 0x80, 0x00, 0x08, 0x00, 0x00, 0x00, 0x00, 0x00, // .....0.y........
	0x00, 0x00, 0x60, 0xc8, 0x23, 0x01, 0x01, 0x30, 0x00, 0x00, 0x00, 0x00, 0x00, 0x00, 0x00, 0xc0, // ..`.#..0........
	0x90, 0x87, 0x02, 0x02, 0x20, 0x00, 0x00, 0x00, 0x00, 0x00, 0x00, 0x00, 0x80, 0x21, 0xcf, 0x05, // .... ........!..
	0x04, 0xc0, 0x00, 0x00, 0x00, 0x00, 0x00, 0x00, 0x00, 0x00, 0x59, 0x20, 0x00, 0x00, 0x00, 0x11, // ..........Y ....
	0x00, 0x00, 0x00, 0x32, 0x1e, 0x98, 0x14, 0x19, 0x11, 0x4c, 0x90, 0x8c, 0x09, 0x26, 0x47, 0xc6, // ...2.....L...&G.
	0x04, 0x43, 0x22, 0x4a, 0x60, 0x04, 0xa0, 0x28, 0x8a, 0xa1, 0x14, 0x4a, 0xa2, 0x80, 0xca, 0xa0, // .C"J`..(...J....
	0x3c, 0x8a, 0xa0, 0x1c, 0xa8, 0x28, 0x89, 0x32, 0x28, 0x84, 0x11, 0x80, 0x22, 0x28, 0x10, 0xe2, // <....(.2(..."(..
	0x66, 0x00, 0xc8, 0x9b, 0x01, 0x20, 0x70, 0x06, 0x80, 0xc2, 0xb1, 0x9a, 0x85, 0x00, 0x00, 0x00, // f.... p.........
	0x38, 0x8e, 0x03, 0x79, 0x9e, 0x07, 0x00, 0x79, 0x18, 0x00, 0x00, 0x6b, 0x00, 0x00, 0x00, 0x1a, // 8..y...y...k....
	0x03, 0x4c, 0x90, 0x46, 0x02, 0x13, 0xc4, 0x8f, 0x0c, 0x6f, 0xec, 0xed, 0x4d, 0x0c, 0x24, 0xc6, // .L.F.....o..M.$.
	0x25, 0x06, 0xc6, 0x45, 0xc6, 0x06, 0xa6, 0xc6, 0x65, 0xe6, 0x06, 0x04, 0x65, 0x8c, 0x86, 0x0c, // %..E....e...e...
	0xc7, 0x8c, 0xc6, 0x2c, 0x27, 0x27, 0x65, 0x43, 0x10, 0x4c, 0x10, 0x08, 0x64, 0x82, 0x40, 0x24, // ...,''eC.L..d.@$
	0x1b, 0x84, 0x81, 0x98, 0x20, 0x10, 0xca, 0x06, 0x61, 0x30, 0x28, 0xc0, 0xcd, 0x4d, 0x10, 0x88, // .... ...a0(..M..
	0x65, 0xc3, 0x80, 0x24, 0xc4, 0x04, 0x81, 0xcb, 0x08, 0x4c, 0x10, 0x08, 0x66, 0x82, 0x40, 0x34, // e..$.....L..f.@4
	0x1b, 0x04, 0xc2, 0xd9, 0x90, 0x10, 0x0b, 0x43, 0x10, 0x43, 0x43, 0x3c, 0x1b, 0x02, 0x68, 0x82, // .......C.CC<..h.
	0xe0, 0x69, 0x13, 0x04, 0xc2, 0xd9, 0x80, 0x10, 0x12, 0x43, 0x10, 0xc3, 0x04, 0x6c, 0x08, 0xa8, // .i.......C...l..
	0x09, 0x02, 0x18, 0x6c, 0x1b, 0x10, 0xc2, 0x62, 0x08, 0x62, 0x20, 0x80, 0x0d, 0xc1, 0xb5, 0x81, // ...l...b.b .....
	0x88, 0x80, 0x0a, 0x9b, 0x20, 0x84, 0x01, 0xb7, 0x21, 0xd0, 0x26, 0x08, 0x02, 0x40, 0xa2, 0x2d, // .... ...!.&..@.-
	0x2c, 0xcd, 0x8d, 0xcb, 0x94, 0xd5, 0x17, 0xd4, 0xdb, 0x5c, 0x1a, 0x5d, 0xda, 0x9b, 0xdb, 0x04, // ,..........]....
	0xa1, 0x98, 0x26, 0x08, 0x05, 0xb5, 0x21, 0x20, 0x26, 0x08, 0x45, 0x35, 0x41, 0x28, 0xac, 0x0d, // ..&...! &.E5A(..
	0x0b, 0xe1, 0x7d, 0x60, 0x10, 0x06, 0x62, 0x30, 0x88, 0x01, 0x31, 0x06, 0x00, 0x8b, 0xa1, 0x27, // ..}`..b0..1....'
	0xa6, 0x27, 0xa9, 0x09, 0x42, 0x71, 0x4d, 0x10, 0x88, 0x67, 0x82, 0x40, 0x40, 0x1b, 0x84, 0x33, // .'..BqM..g.@@..3
	0x40, 0x83, 0x0d, 0xcb, 0x50, 0x06, 0xdf, 0x18, 0x84, 0x81, 0x19, 0x0c, 0x62, 0x30, 0x8c, 0x41, // @...P.......b0.A
	0x1a, 0x4c, 0x10, 0x88, 0x88, 0x08, 0x55, 0x11, 0xd6, 0xd0, 0xd3, 0x93, 0x14, 0xd1, 0x04, 0x81, // .L....U.........
	0x90, 0x36, 0x08, 0x67, 0xd0, 0x06, 0x1b, 0x96, 0x35, 0x60, 0x83, 0x6f, 0x0c, 0xc2, 0xc0, 0x0c, // .6.g....5`.o....
	0x06, 0x30, 0x58, 0x83, 0x31, 0x70, 0x83, 0x0d, 0x03, 0x19, 0xa8, 0xc1, 0x1b, 0x30, 0x99, 0xb2, // .0X.1p.......0..
	0xfa, 0xa2, 0x0a, 0x93, 0x3b, 0x2b, 0xa3, 0x9b, 0x20, 0x14, 0xd8, 0x86, 0x85, 0x88, 0x83, 0x4f, // ....;+.. ......O
	0x0e, 0xc2, 0x60, 0x0c, 0x06, 0x31, 0x20, 0xc6, 0x20, 0x0d, 0x36, 0x04, 0x73, 0xb0, 0x61, 0x80, // ..`..1 . .6.s.a.
	0x03, 0x3a, 0x00, 0x36, 0x14, 0x5c, 0x57, 0x07, 0x19, 0x50, 0x85, 0x8d, 0xcd, 0xae, 0xcd, 0x25, // .:.6..W..P.....%
	0x8d, 0xac, 0xcc, 0x8d, 0x6e, 0x4a, 0x10, 0x54, 0x21, 0xc3, 0x73, 0xb1, 0x2b, 0x93, 0x9b, 0x4b, // ....nJ.T!.s.+..K
	0x7b, 0x73, 0x9b, 0x12, 0x10, 0x4d, 0xc8, 0xf0, 0x5c, 0xec, 0xc2, 0xd8, 0xec, 0xca, 0xe4, 0xa6, // {s...M..........
	0x04, 0x46, 0x1d, 0x32, 0x3c, 0x97, 0x39, 0xb4, 0x30, 0xb2, 0x32, 0xb9, 0xa6, 0x37, 0xb2, 0x32, // .F.2<.9.0.2..7.2
	0xb6, 0x29, 0x41, 0x52, 0x86, 0x0c, 0xcf, 0x45, 0xae, 0x6c, 0xee, 0xad, 0x4e, 0x6e, 0xac, 0x6c, // .)AR...E.l..Nn.l
	0x6e, 0x4a, 0x80, 0xd5, 0x21, 0xc3, 0x73, 0xb1, 0x4b, 0x2b, 0xbb, 0x4b, 0x22, 0x9b, 0xa2, 0x0b, // nJ..!.s.K+.K"...
	0xa3, 0x2b, 0x9b, 0x12, 0x68, 0x75, 0xc8, 0xf0, 0x5c, 0xca, 0xdc, 0xe8, 0xe4, 0xf2, 0xa0, 0xde, // .+..hu..........
	0xd2, 0xdc, 0xe8, 0xe6, 0xa6, 0x04, 0x75, 0x00, 0x00, 0x00, 0x00, 0x79, 0x18, 0x00, 0x00, 0x51, // ......u....y...Q
	0x00, 0x00, 0x00, 0x33, 0x08, 0x80, 0x1c, 0xc4, 0xe1, 0x1c, 0x66, 0x14, 0x01, 0x3d, 0x88, 0x43, // ...3......f..=.C
	0x38, 0x84, 0xc3, 0x8c, 0x42, 0x80, 0x07, 0x79, 0x78, 0x07, 0x73, 0x98, 0x71, 0x0c, 0xe6, 0x00, // 8...B..yx.s.q...
	0x0f, 0xed, 0x10, 0x0e, 0xf4, 0x80, 0x0e, 0x33, 0x0c, 0x42, 0x1e, 0xc2, 0xc1, 0x1d, 0xce, 0xa1, // .......3.B......
	0x1c, 0x66, 0x30, 0x05, 0x3d, 0x88, 0x43, 0x38, 0x84, 0x83, 0x1b, 0xcc, 0x03, 0x3d, 0xc8, 0x43, // .f0.=.C8.....=.C
	0x3d, 0x8c, 0x03, 0x3d, 0xcc, 0x78, 0x8c, 0x74, 0x70, 0x07, 0x7b, 0x08, 0x07, 0x79, 0x48, 0x87, // =..=.x.tp.{..yH.
	0x70, 0x70, 0x07, 0x7a, 0x70, 0x03, 0x76, 0x78, 0x87, 0x70, 0x20, 0x87, 0x19, 0xcc, 0x11, 0x0e, // pp.zp.vx.p .....
	0xec, 0x90, 0x0e, 0xe1, 0x30, 0x0f, 0x6e, 0x30, 0x0f, 0xe3, 0xf0, 0x0e, 0xf0, 0x50, 0x0e, 0x33, // ....0.n0.....P.3
	0x10, 0xc4, 0x1d, 0xde, 0x21, 0x1c, 0xd8, 0x21, 0x1d, 0xc2, 0x61, 0x1e, 0x66, 0x30, 0x89, 0x3b, // ....!..!..a.f0.;
	0xbc, 0x83, 0x3b, 0xd0, 0x43, 0x39, 0xb4, 0x03, 0x3c, 0xbc, 0x83, 0x3c, 0x84, 0x03, 0x3b, 0xcc, // ..;.C9..<..<..;.
	0xf0, 0x14, 0x76, 0x60, 0x07, 0x7b, 0x68, 0x07, 0x37, 0x68, 0x87, 0x72, 0x68, 0x07, 0x37, 0x80, // ..v`.{h.7h.rh.7.
	0x87, 0x70, 0x90, 0x87, 0x70, 0x60, 0x07, 0x76, 0x28, 0x07, 0x76, 0xf8, 0x05, 0x76, 0x78, 0x87, // .p..p`.v(.v..vx.
	0x77, 0x80, 0x87, 0x5f, 0x08, 0x87, 0x71, 0x18, 0x87, 0x72, 0x98, 0x87, 0x79, 0x98, 0x81, 0x2c, // w.._..q..r..y..,
	0xee, 0xf0, 0x0e, 0xee, 0xe0, 0x0e, 0xf5, 0xc0, 0x0e, 0xec, 0x30, 0x03, 0x62, 0xc8, 0xa1, 0x1c, // ..........0.b...
	0xe4, 0xa1, 0x1c, 0xcc, 0xa1, 0x1c, 0xe4, 0xa1, 0x1c, 0xdc, 0x61, 0x1c, 0xca, 0x21, 0x1c, 0xc4, // ..........a..!..
	0x81, 0x1d, 0xca, 0x61, 0x06, 0xd6, 0x90, 0x43, 0x39, 0xc8, 0x43, 0x39, 0x98, 0x43, 0x39, 0xc8, // ...a...C9.C9.C9.
	0x43, 0x39, 0xb8, 0xc3, 0x38, 0x94, 0x43, 0x38, 0x88, 0x03, 0x3b, 0x94, 0xc3, 0x2f, 0xbc, 0x83, // C9..8.C8..;../..
	0x3c, 0xfc, 0x82, 0x3b, 0xd4, 0x03, 0x3b, 0xb0, 0xc3, 0x0c, 0xc4, 0x21, 0x07, 0x7c, 0x70, 0x03, // <..;..;....!.|p.
	0x7a, 0x28, 0x87, 0x76, 0x80, 0x87, 0x19, 0xd1, 0x43, 0x0e, 0xf8, 0xe0, 0x06, 0xe4, 0x20, 0x0e, // z(.v....C..... .
	0xe7, 0xe0, 0x06, 0xf6, 0x10, 0x0e, 0xf2, 0xc0, 0x0e, 0xe1, 0x90, 0x0f, 0xef, 0x50, 0x0f, 0xf4, // .............P..
	0x30, 0x83, 0x81, 0xc8, 0x01, 0x1f, 0xdc, 0x40, 0x1c, 0xe4, 0xa1, 0x1c, 0xc2, 0x61, 0x1d, 0xdc, // 0......@.....a..
	0x40, 0x1c, 0xe4, 0x01, 0x00, 0x00, 0x00, 0x71, 0x20, 0x00, 0x00, 0x20, 0x00, 0x00, 0x00, 0x56, // @......q .. ...V
	0xb0, 0x0d, 0x97, 0xef, 0x3c, 0xbe, 0x10, 0x50, 0x45, 0x41, 0x44, 0xa5, 0x03, 0x0c, 0x25, 0x61, // ....<..PEAD...%a
	0x00, 0x02, 0xe6, 0x17, 0xb7, 0x6d, 0x07, 0xd2, 0x70, 0xf9, 0xce, 0xe3, 0x0b, 0x11, 0x01, 0x4c, // .....m..p......L
	0x44, 0x08, 0x34, 0xc3, 0x42, 0x58, 0xc0, 0x34, 0x5c, 0xbe, 0xf3, 0xf8, 0x8b, 0x03, 0x0c, 0x62, // D.4.BX.4.......b
	0xf3, 0x50, 0x93, 0x5f, 0xdc, 0xb6, 0x0d, 0x54, 0xc3, 0xe5, 0x3b, 0x8f, 0x2f, 0x01, 0xcc, 0xb3, // .P._...T..;./...
	0x10, 0x25, 0x51, 0x11, 0x8b, 0x5f, 0xdc, 0xb6, 0x09, 0x54, 0xc3, 0xe5, 0x3b, 0x8f, 0x2f, 0x4d, // .%Q.._...T..;./M
	0x4e, 0x44, 0xa0, 0xd4, 0xf4, 0x50, 0x93, 0x5f, 0xdc, 0xb6, 0x19, 0x48, 0xc3, 0xe5, 0x3b, 0x8f, // ND...P._...H..;.
	0x3f, 0x11, 0xd1, 0x84, 0x00, 0x11, 0xe6, 0x17, 0xb7, 0x6d, 0x04, 0xcf, 0x70, 0xf9, 0xce, 0xe3, // ?........m..p...
	0x53, 0x0d, 0x10, 0x61, 0x7e, 0x71, 0xdb, 0x06, 0x40, 0x30, 0x00, 0xd2, 0x00, 0x00, 0x00, 0x61, // S..a~q..@0.....a
	0x20, 0x00, 0x00, 0x6b, 0x01, 0x00, 0x00, 0x13, 0x04, 0x4e, 0x2c, 0x10, 0x00, 0x00, 0x00, 0x40, //  ..k.....N,....@
	0x00, 0x00, 0x00, 0x64, 0x8d, 0x00, 0x50, 0x51, 0x02, 0x44, 0x14, 0x5f, 0xd9, 0x95, 0x5c, 0x21, // ...d..PQ.D._...!
	0xcc, 0x00, 0x14, 0x57, 0xb9, 0x94, 0x0a, 0x0d, 0x63, 0x04, 0x20, 0x08, 0x82, 0xf8, 0x37, 0x46, // ...W....c. ...7F
	0x00, 0x82, 0xec, 0x9e, 0x86, 0xc1, 0x08, 0xc0, 0x0c, 0xc0, 0x18, 0x01, 0x08, 0x82, 0x20, 0xfc, // .............. .
	0x8d, 0x11, 0x80, 0x20, 0x08, 0xf2, 0xdf, 0x18, 0x01, 0x08, 0x82, 0xa0, 0x08, 0x06, 0x63, 0x04, // ... ..........c.
	0x38, 0xed, 0x9a, 0xed, 0x37, 0x46, 0x70, 0x87, 0xa5, 0xbb, 0x7e, 0x63, 0x04, 0x3c, 0x19, 0xc7, // 8...7Fp...~c.<..
	0xe3, 0x37, 0x46, 0xd0, 0xde, 0xf1, 0x5c, 0x7e, 0x63, 0x04, 0x77, 0x58, 0xba, 0xf3, 0x37, 0x46, // .7F....~c.wX..7F
	0xd0, 0x8f, 0xf4, 0x99, 0x7b, 0x63, 0x04, 0x61, 0x8c, 0xf3, 0xa9, 0x37, 0x46, 0xf0, 0xde, 0x26, // ....{c.a...7F..&
	0xfa, 0x7b, 0x63, 0x04, 0x61, 0x1e, 0x9b, 0xf7, 0x37, 0x46, 0xa0, 0xe7, 0xee, 0xdd, 0x7f, 0x63, // .{c.a...7F.....c
	0x04, 0xfc, 0x6c, 0xb2, 0xeb, 0x2f, 0x8c, 0x11, 0xe8, 0xa9, 0x3b, 0xa2, 0xbf, 0x30, 0x46, 0x40, // ..l../....;..0F@
	0xfb, 0x6a, 0x2d, 0xff, 0xc2, 0x18, 0xc1, 0x6e, 0xea, 0x3d, 0xff, 0x8d, 0x11, 0xc4, 0xe7, 0x2a, // .j-....n.=.....*
	0xa2, 0xde, 0x18, 0x41, 0xcb, 0x82, 0x61, 0xea, 0x8d, 0x11, 0xe8, 0x21, 0xeb, 0xcb, 0xbe, 0x30, // ...A..a....!...0
	0x46, 0xb0, 0xb6, 0xab, 0x78, 0x7f, 0x63, 0x04, 0x37, 0xde, 0x8e, 0x2d, 0x37, 0x46, 0x00, 0x82, // F...x.c.7..-7F..
	0xe0, 0x9a, 0x83, 0xc1, 0x18, 0x01, 0x08, 0x82, 0x6c, 0xfd, 0x8d, 0x11, 0x80, 0x20, 0xdd, 0xe6, // ........l.... ..
	0x60, 0x30, 0x46, 0x00, 0x82, 0xa8, 0x29, 0x7e, 0x63, 0x04, 0x6e, 0x1f, 0x8b, 0xb6, 0x2f, 0x8c, // `0F...)~c.n.../.
	0x11, 0xf4, 0xb1, 0xe8, 0xe2, 0xdf, 0x18, 0x41, 0xad, 0xd6, 0x6a, 0xfb, 0x8d, 0x11, 0xc8, 0xa2, // .......A..j.....
	0xdb, 0xd3, 0x60, 0x30, 0x46, 0xc0, 0xc3, 0xab, 0x4e, 0x77, 0x63, 0x04, 0xad, 0x39, 0xe7, 0x20, // ..`0F...Nwc..9. 
	0x18, 0x00, 0x00, 0x23, 0x06, 0x09, 0x00, 0x82, 0x60, 0x70, 0x91, 0x82, 0x1a, 0xd4, 0x81, 0x28, // ...#....`p.....(
	0x88, 0x82, 0x1b, 0x8c, 0x18, 0x24, 0x00, 0x08, 0x82, 0xc1, 0x55, 0x0a, 0x6b, 0x80, 0x07, 0xa3, // .....$....U.k...
	0x30, 0x0a, 0x6f, 0x30, 0x62, 0x90, 0x00, 0x20, 0x08, 0x06, 0x97, 0x29, 0xb0, 0x81, 0x1d, 0x90, // 0.o0b.. ...)....
	0x02, 0x29, 0xc0, 0xc1, 0x88, 0x41, 0x02, 0x80, 0x20, 0x18, 0x18, 0xad, 0xc0, 0x06, 0x7d, 0x50, // .)...A.. .....}P
	0x0a, 0x78, 0xb0, 0x06, 0x23, 0x06, 0x09, 0x00, 0x82, 0x60, 0x60, 0xb8, 0x42, 0x1b, 0xf8, 0x81, // .x..#....``.B...
	0x29, 0xc4, 0x01, 0x1b, 0x8c, 0x18, 0x24, 0x00, 0x08, 0x82, 0x81, 0xf1, 0x0a, 0x6e, 0xf0, 0x07, // ).....$......n..
	0xa7, 0x90, 0x07, 0x6d, 0x30, 0x62, 0x90, 0x00, 0x20, 0x08, 0x06, 0x06, 0x2c, 0xbc, 0x41, 0x2a, // ...m0b.. ...,.A*
	0xa0, 0xc2, 0x1e, 0xb8, 0xc1, 0x88, 0x41, 0x02, 0x80, 0x20, 0x18, 0x18, 0xb1, 0x00, 0x07, 0xaa, // ......A.. ......
	0x90, 0x0a, 0x74, 0xf0, 0x06, 0x23, 0x06, 0x09, 0x00, 0x82, 0x60, 0x60, 0xc8, 0x42, 0x1c, 0xac, // ..t..#....``.B..
	0x82, 0x2a, 0xf0, 0x01, 0x1c, 0x8c, 0x18, 0x24, 0x00, 0x08, 0x82, 0x81, 0x31, 0x0b, 0x72, 0xc0, // .*.....$....1.r.
	0x0a, 0xab, 0x00, 0x0a, 0x71, 0x30, 0x62, 0x70, 0x00, 0x20, 0x08, 0x06, 0x12, 0x2c, 0xd4, 0x01, // ....q0bp. ...,..
	0xc2, 0x0a, 0xa3, 0x09, 0x01, 0x30, 0x62, 0xf0, 0x00, 0x20, 0x08, 0x06, 0x0d, 0x2d, 0xe0, 0x01, // .....0b.. ...-..
	0xb3, 0x24, 0xc8, 0xd1, 0x06, 0x74, 0x40, 0x07, 0x74, 0x10, 0x8c, 0x26, 0x04, 0xc0, 0x68, 0x82, // .$...t@.t..&..h.
	0x10, 0x8c, 0x26, 0x0c, 0xc2, 0x68, 0x02, 0x31, 0x8c, 0x26, 0x1c, 0xc2, 0x88, 0x81, 0x01, 0x80, // ..&..h.1.&......
	0x20, 0x18, 0x3c, 0xb9, 0x20, 0x0b, 0xc5, 0x88, 0x81, 0x01, 0x80, 0x20, 0x18, 0x3c, 0xba, 0x30, //  .<. ...... .<.0
	0x0b, 0xc5, 0x88, 0x81, 0x01, 0x80, 0x20, 0x18, 0x3c, 0xbb, 0x40, 0x0b, 0xc5, 0x88, 0x81, 0x01, // ...... .<.@.....
	0x80, 0x20, 0x18, 0x3c, 0xbc, 0xb0, 0x07, 0xc3, 0x88, 0x81, 0x01, 0x80, 0x20, 0x18, 0x3c, 0xbd, // . .<........ .<.
	0xc0, 0x07, 0xc3, 0x88, 0x81, 0x01, 0x80, 0x20, 0x18, 0x3c, 0xbe, 0xd0, 0x07, 0x83, 0x0d, 0x99, // ....... .<......
	0x7c, 0x6c, 0xd0, 0xe4, 0x63, 0xc3, 0x26, 0x9f, 0x11, 0x03, 0x03, 0x00, 0x41, 0x30, 0x78, 0xc4, // |l..c.&.....A0x.
	0x01, 0x14, 0x86, 0x11, 0x03, 0x03, 0x00, 0x41, 0x30, 0x78, 0xc6, 0x21, 0x14, 0x86, 0x11, 0x03, // .......A0x.!....
	0x03, 0x00, 0x41, 0x30, 0x78, 0xc8, 0x41, 0x14, 0x06, 0x8b, 0x86, 0xf8, 0x58, 0x34, 0xc4, 0xc7, // ..A0x.A.....X4..
	0xa2, 0x21, 0x3e, 0x36, 0x40, 0xf2, 0xb1, 0x21, 0x92, 0x8f, 0x0d, 0x92, 0x7c, 0x6c, 0x48, 0xe0, // .!>6@..!....|lH.
	0x63, 0x43, 0x02, 0x1f, 0x1b, 0x12, 0xf8, 0x8c, 0x26, 0x74, 0xc3, 0x88, 0x81, 0x01, 0x80, 0x20, // cC......&t..... 
	0x18, 0x3c, 0xef, 0xd0, 0x0a, 0x81, 0x15, 0x63, 0x20, 0x1f, 0x0b, 0x04, 0xf9, 0xd8, 0x40, 0x06, // .<.....c .....@.
	0xf2, 0xb1, 0xe0, 0x90, 0x8f, 0x15, 0x65, 0x20, 0x1f, 0x0b, 0x10, 0xf9, 0xd8, 0x67, 0x06, 0xf2, // ......e .....g..
	0x19, 0x31, 0x38, 0x00, 0x10, 0x04, 0x03, 0xc9, 0x1e, 0x76, 0xc1, 0x0d, 0xe6, 0x61, 0x34, 0x21, // .18......v...a4!
	0x08, 0x46, 0x13, 0x04, 0x60, 0x38, 0x22, 0x98, 0x05, 0xe2, 0x9b, 0x65, 0x08, 0x94, 0x60, 0xc4, // .F..`8"....e..`.
	0xc0, 0x00, 0x40, 0x10, 0x0c, 0x9e, 0x7d, 0x68, 0x07, 0x65, 0xc4, 0xc0, 0x00, 0x40, 0x10, 0x0c, // ..@...}h.e...@..
	0x1e, 0x7e, 0x70, 0x87, 0x64, 0xc4, 0xc0, 0x00, 0x40, 0x10, 0x0c, 0x9e, 0x7e, 0x78, 0x07, 0x64, // .~p.d...@...~x.d
	0x38, 0x62, 0xc8, 0x03, 0xe5, 0x9b, 0x65, 0x18, 0x84, 0xc0, 0x88, 0x3d, 0x90, 0xcf, 0x2c, 0x01, // 8b....e....=..,.
	0x31, 0x62, 0x60, 0x00, 0x20, 0x08, 0x06, 0x0f, 0x48, 0xfc, 0x42, 0x61, 0x81, 0x1f, 0xc8, 0x67, // 1b`. ...H.Ba...g
	0xc4, 0xc0, 0x00, 0x40, 0x10, 0x0c, 0x1e, 0x91, 0x00, 0x87, 0xc0, 0x82, 0x50, 0x90, 0x8f, 0x05, // ...@........P...
	0xa3, 0x00, 0x9f, 0x59, 0x02, 0x62, 0xa0, 0x62, 0x60, 0x04, 0x61, 0x18, 0x8e, 0x50, 0x42, 0x41, // ...Y.b.b`.a..PBA
	0xf9, 0x66, 0x19, 0x8c, 0x22, 0xb0, 0x65, 0x14, 0xe4, 0x33, 0x4b, 0x70, 0x8c, 0x18, 0x18, 0x00, // .f..".e..3Kp....
	0x08, 0x82, 0xc1, 0x83, 0x12, 0xe7, 0xc0, 0x58, 0x60, 0x0a, 0xf2, 0x19, 0x31, 0x30, 0x00, 0x10, // .......X`...10..
	0x04, 0x83, 0x47, 0x25, 0xd0, 0x21, 0xb0, 0x20, 0x15, 0xe4, 0x63, 0xc1, 0x2a, 0xc0, 0x67, 0x96, // ..G%.!. ..c.*.g.
	0xe0, 0x18, 0xa8, 0x18, 0x98, 0x42, 0x30, 0x86, 0x23, 0xa2, 0x54, 0x50, 0xbe, 0x59, 0x86, 0x04, // .....B0.#.TP.Y..
	0x09, 0x4c, 0x5a, 0x05, 0xf9, 0xcc, 0x12, 0x34, 0x23, 0x06, 0x06, 0x00, 0x82, 0x60, 0xf0, 0xc0, // .LZ....4#....`..
	0xc4, 0x3b, 0x4c, 0x16, 0xb8, 0x82, 0x7c, 0x46, 0x0c, 0x0c, 0x00, 0x04, 0xc1, 0xe0, 0x91, 0x09, // .;L...|F........
	0x78, 0x08, 0x2c, 0x88, 0x05, 0xf9, 0x58, 0x30, 0x0b, 0xf0, 0x99, 0x25, 0x68, 0x86, 0x23, 0xb8, // x.,...X0...%h.#.
	0x76, 0x20, 0xbe, 0x59, 0x86, 0x66, 0x09, 0x86, 0x23, 0xba, 0x76, 0x20, 0xbe, 0x59, 0x06, 0xa6, // v .Y.f..#.v .Y..
	0x09, 0xcc, 0x0c, 0xda, 0x41, 0x3e, 0x23, 0x06, 0x08, 0x00, 0x82, 0x60, 0x40, 0xd9, 0x04, 0x3e, // ....A>#....`@..>
	0xb4, 0x43, 0x19, 0x04, 0x23, 0x06, 0x08, 0x00, 0x82, 0x60, 0x40, 0xdd, 0x44, 0x3e, 0xb4, 0x03, // .C..#....`@.D>..
	0x19, 0x04, 0x96, 0x06, 0xed, 0x20, 0x9f, 0x11, 0x03, 0x04, 0x00, 0x41, 0x30, 0xa0, 0x72, 0x62, // ..... .....A0.rb
	0x1f, 0xda, 0x01, 0x0d, 0x82, 0x11, 0x03, 0x04, 0x00, 0x41, 0x30, 0xa0, 0x74, 0x82, 0x1f, 0xda, // .........A0.t...
	0xe1, 0x0c, 0x02, 0x63, 0x83, 0x76, 0x90, 0xcf, 0x88, 0x01, 0x02, 0x80, 0x20, 0x18, 0x50, 0x3c, // ...c.v...... .P<
	0xe1, 0x0f, 0xed, 0xb0, 0x06, 0xc1, 0x88, 0x01, 0x02, 0x80, 0x20, 0x18, 0x50, 0x3d, 0xf1, 0x0f, // .......... .P=..
	0xed, 0xa0, 0x06, 0x81, 0x1d, 0xed, 0x20, 0x9f, 0x11, 0x03, 0x04, 0x00, 0x41, 0x30, 0xa0, 0x7e, // ...... .....A0.~
	0x22, 0x24, 0xda, 0xa1, 0x08, 0x46, 0x0c, 0x10, 0x00, 0x04, 0xc1, 0x80, 0x02, 0x0b, 0x91, 0x68, // "$...F.........h
	0x87, 0x21, 0x30, 0xa5, 0x1d, 0xe4, 0x33, 0x62, 0x80, 0x00, 0x20, 0x08, 0x06, 0x94, 0x58, 0x90, // .!0...3b.. ...X.
	0x44, 0x3b, 0x20, 0xc1, 0x88, 0x01, 0x02, 0x80, 0x20, 0x18, 0x50, 0x63, 0x51, 0x12, 0xed, 0x60, // D; ..... .PcQ..`
	0x04, 0xd6, 0xb4, 0x83, 0x7c, 0x46, 0x0c, 0x10, 0x00, 0x04, 0xc1, 0x80, 0x2a, 0x8b, 0x93, 0x68, // ....|F......*..h
	0x87, 0x25, 0x18, 0x31, 0x40, 0x00, 0x10, 0x04, 0x03, 0xca, 0x2c, 0x50, 0xa2, 0x1d, 0x92, 0xc0, // .%.1@.....,P....
	0xe2, 0xa0, 0x1d, 0xe4, 0x63, 0x48, 0x20, 0x1f, 0x33, 0x04, 0xf9, 0x18, 0x31, 0xc8, 0x67, 0xc4, // ....cH .3...1.g.
	0xc0, 0x00, 0x40, 0x10, 0x0c, 0x9e, 0xb6, 0x60, 0x89, 0x61, 0xc4, 0xc0, 0x00, 0x40, 0x10, 0x0c, // ..@....`.a...@..
	0x1e, 0xb7, 0x68, 0x89, 0x61, 0xc4, 0xc0, 0x00, 0x40, 0x10, 0x0c, 0x9e, 0xb7, 0x70, 0x89, 0xc1, // ..h.a...@....p..
	0x06, 0x78, 0x90, 0x8f, 0x0d, 0xf1, 0x20, 0x1f, 0x1b, 0xe4, 0x41, 0x3e, 0x23, 0x06, 0x06, 0x00, // .x.... ...A>#...
	0x82, 0x60, 0xf0, 0xcc, 0x45, 0x4c, 0x0c, 0x23, 0x06, 0x06, 0x00, 0x82, 0x60, 0xf0, 0xd0, 0x85, // .`..EL.#....`...
	0x4c, 0x0c, 0x23, 0x06, 0x06, 0x00, 0x82, 0x60, 0xf0, 0xd4, 0xc5, 0x4c, 0x0c, 0x36, 0xdc, 0x83, // L.#....`...L.6..
	0x7c, 0x6c, 0xc0, 0x07, 0xf9, 0xd8, 0x90, 0x0f, 0xf2, 0xb1, 0x61, 0x1f, 0xe0, 0x63, 0x03, 0x3f, // |l........a..c.?
	0xc0, 0xc7, 0x86, 0x7e, 0x80, 0x8f, 0x25, 0xff, 0x20, 0x1f, 0x4b, 0x40, 0x42, 0x3e, 0x96, 0x84, // ...~..%. .K@B>..
	0x84, 0x7c, 0x6c, 0xe0, 0x09, 0xf8, 0xd8, 0xd0, 0x13, 0xf0, 0xb1, 0xc1, 0x27, 0xe0, 0x63, 0xc9, // .|l.........'.c.
	0x40, 0x1f, 0x4b, 0x06, 0xfa, 0x58, 0x32, 0xd0, 0x67, 0xc4, 0xc0, 0x00, 0x40, 0x10, 0x0c, 0x9e, // @.K..X2.g...@...
	0xd2, 0x20, 0x8b, 0x61, 0xc4, 0xc0, 0x00, 0x40, 0x10, 0x0c, 0x1e, 0xd3, 0x28, 0x8b, 0x61, 0xc4, // . .a...@....(.a.
	0xc0, 0x00, 0x40, 0x10, 0x0c, 0x9e, 0xd3, 0x30, 0x8b, 0xc1, 0x06, 0xb2, 0x90, 0x8f, 0x0d, 0x65, // ..@....0.......e
	0x21, 0x1f, 0x1b, 0xcc, 0x42, 0x3e, 0x23, 0x06, 0x06, 0x00, 0x82, 0x60, 0xf0, 0xac, 0x46, 0x5a, // !...B>#....`..FZ
	0x0c, 0x23, 0x06, 0x06, 0x00, 0x82, 0x60, 0xf0, 0xb0, 0x86, 0x5a, 0x0c, 0x23, 0x06, 0x06, 0x00, // .#....`...Z.#...
	0x82, 0x60, 0xf0, 0xb4, 0xc6, 0x5a, 0x0c, 0xb3, 0x04, 0xcd, 0x40, 0xcb, 0x60, 0x30, 0xb2, 0xb2, // .`...Z....@.`0..
	0xc8, 0x44, 0x22, 0x13, 0x88, 0x5e, 0x28, 0x03, 0x2d, 0x83, 0xc1, 0xd0, 0xca, 0x42, 0x12, 0x09, // .D"..^(.-....B..
	0x49, 0x20, 0x78, 0xa1, 0x0c, 0xb4, 0x0c, 0x06, 0x63, 0x2b, 0x0b, 0x3e, 0x24, 0x22, 0x81, 0xd8, // I x.....c+.>$"..
	0x85, 0x32, 0x62, 0x90, 0x00, 0x20, 0x08, 0x06, 0xc8, 0x6c, 0xa4, 0x06, 0x6b, 0xb0, 0xc6, 0x5f, // .2b.. ...l..k.._
	0x0c, 0x23, 0x06, 0x09, 0x00, 0x82, 0x60, 0x80, 0xcc, 0x46, 0x6a, 0xb0, 0x06, 0x6b, 0xdc, 0x85, // .#....`..Fj..k..
	0x30, 0x62, 0x90, 0x00, 0x20, 0x08, 0x06, 0xc8, 0x6c, 0xa4, 0x06, 0x6b, 0xb0, 0x86, 0x5f, 0x04, // 0b.. ...l..k.._.
	0x23, 0x06, 0x09, 0x00, 0x82, 0x60, 0x80, 0xcc, 0x46, 0x6a, 0xb0, 0x06, 0x6b, 0x84, 0xc6, 0x2e, // #....`..Fj..k...
	0x20, 0x00, 0x00, 0x00, 0x00, 0x00, 0x00, 0x00, 0x00, 0x20, 0x00,                               //  ........ .
};
static const uint8_t fs_texture_cube2_mtl[4052] =
{
	0x46, 0x53, 0x48, 0x0c, 0x01, 0x83, 0xf2, 0xe1, 0x00, 0x00, 0x00, 0x00, 0x00, 0x00, 0x00, 0x00, // FSH.............
	0x00, 0x00, 0x00, 0x00, 0x05, 0x00, 0x09, 0x75, 0x5f, 0x70, 0x61, 0x72, 0x61, 0x6d, 0x73, 0x30, // .......u_params0
	0x12, 0x01, 0x00, 0x00, 0x01, 0x00, 0x00, 0x00, 0x00, 0x00, 0x11, 0x73, 0x5f, 0x74, 0x65, 0x78, // ...........s_tex
	0x43, 0x6f, 0x6c, 0x6f, 0x72, 0x53, 0x61, 0x6d, 0x70, 0x6c, 0x65, 0x72, 0x11, 0x01, 0xff, 0xff, // ColorSampler....
	0x01, 0x00, 0x00, 0x00, 0x00, 0x00, 0x11, 0x73, 0x5f, 0x74, 0x65, 0x78, 0x43, 0x6f, 0x6c, 0x6f, // .......s_texColo
	0x72, 0x54, 0x65, 0x78, 0x74, 0x75, 0x72, 0x65, 0x11, 0x01, 0xff, 0xff, 0x01, 0x00, 0x00, 0x00, // rTexture........
	0x00, 0x00, 0x09, 0x75, 0x5f, 0x70, 0x61, 0x72, 0x61, 0x6d, 0x73, 0x31, 0x12, 0x01, 0x10, 0x00, // ...u_params1....
	0x01, 0x00, 0x00, 0x00, 0x00, 0x00, 0x0a, 0x73, 0x5f, 0x74, 0x65, 0x78, 0x43, 0x6f, 0x6c, 0x6f, // .......s_texColo
	0x72, 0x10, 0x00, 0x00, 0x00, 0x00, 0x00, 0x00, 0x04, 0x00, 0x00, 0x41, 0x0f, 0x00, 0x00, 0x23, // r..........A...#
	0x69, 0x6e, 0x63, 0x6c, 0x75, 0x64, 0x65, 0x20, 0x3c, 0x6d, 0x65, 0x74, 0x61, 0x6c, 0x5f, 0x73, // include <metal_s
	0x74, 0x64, 0x6c, 0x69, 0x62, 0x3e, 0x0a, 0x23, 0x69, 0x6e, 0x63, 0x6c, 0x75, 0x64, 0x65, 0x20, // tdlib>.#include 
	0x3c, 0x73, 0x69, 0x6d, 0x64, 0x2f, 0x73, 0x69, 0x6d, 0x64, 0x2e, 0x68, 0x3e, 0x0a, 0x0a, 0x75, // <simd/simd.h>..u
	0x73, 0x69, 0x6e, 0x67, 0x20, 0x6e, 0x61, 0x6d, 0x65, 0x73, 0x70, 0x61, 0x63, 0x65, 0x20, 0x6d, // sing namespace m
	0x65, 0x74, 0x61, 0x6c, 0x3b, 0x0a, 0x0a, 0x73, 0x74, 0x72, 0x75, 0x63, 0x74, 0x20, 0x5f, 0x47, // etal;..struct _G
	0x6c, 0x6f, 0x62, 0x61, 0x6c, 0x0a, 0x7b, 0x0a, 0x20, 0x20, 0x20, 0x20, 0x66, 0x6c, 0x6f, 0x61, // lobal.{.    floa
	0x74, 0x34, 0x20, 0x75, 0x5f, 0x70, 0x61, 0x72, 0x61, 0x6d, 0x73, 0x30, 0x3b, 0x0a, 0x20, 0x20, // t4 u_params0;.  
	0x20, 0x20, 0x66, 0x6c, 0x6f, 0x61, 0x74, 0x34, 0x20, 0x75, 0x5f, 0x70, 0x61, 0x72, 0x61, 0x6d, //   float4 u_param
	0x73, 0x31, 0x3b, 0x0a, 0x7d, 0x3b, 0x0a, 0x0a, 0x73, 0x74, 0x72, 0x75, 0x63, 0x74, 0x20, 0x78, // s1;.};..struct x
	0x6c, 0x61, 0x74, 0x4d, 0x74, 0x6c, 0x4d, 0x61, 0x69, 0x6e, 0x5f, 0x6f, 0x75, 0x74, 0x0a, 0x7b, // latMtlMain_out.{
	0x0a, 0x20, 0x20, 0x20, 0x20, 0x66, 0x6c, 0x6f, 0x61, 0x74, 0x34, 0x20, 0x62, 0x67, 0x66, 0x78, // .    float4 bgfx
	0x5f, 0x46, 0x72, 0x61, 0x67, 0x44, 0x61, 0x74, 0x61, 0x30, 0x20, 0x5b, 0x5b, 0x63, 0x6f, 0x6c, // _FragData0 [[col
	0x6f, 0x72, 0x28, 0x30, 0x29, 0x5d, 0x5d, 0x3b, 0x0a, 0x7d, 0x3b, 0x0a, 0x0a, 0x73, 0x74, 0x72, // or(0)]];.};..str
	0x75, 0x63, 0x74, 0x20, 0x78, 0x6c, 0x61, 0x74, 0x4d, 0x74, 0x6c, 0x4d, 0x61, 0x69, 0x6e, 0x5f, // uct xlatMtlMain_
	0x69, 0x6e, 0x0a, 0x7b, 0x0a, 0x20, 0x20, 0x20, 0x20, 0x66, 0x6c, 0x6f, 0x61, 0x74, 0x34, 0x20, // in.{.    float4 
	0x76, 0x5f, 0x63, 0x6f, 0x6c, 0x6f, 0x72, 0x30, 0x20, 0x5b, 0x5b, 0x75, 0x73, 0x65, 0x72, 0x28, // v_color0 [[user(
	0x6c, 0x6f, 0x63, 0x6e, 0x30, 0x29, 0x5d, 0x5d, 0x3b, 0x0a, 0x20, 0x20, 0x20, 0x20, 0x66, 0x6c, // locn0)]];.    fl
	0x6f, 0x61, 0x74, 0x33, 0x20, 0x76, 0x5f, 0x74, 0x65, 0x78, 0x63, 0x6f, 0x6f, 0x72, 0x64, 0x30, // oat3 v_texcoord0
	0x20, 0x5b, 0x5b, 0x75, 0x73, 0x65, 0x72, 0x28, 0x6c, 0x6f, 0x63, 0x6e, 0x31, 0x29, 0x5d, 0x5d, //  [[user(locn1)]]
	0x3b, 0x0a, 0x7d, 0x3b, 0x0a, 0x0a, 0x66, 0x72, 0x61, 0x67, 0x6d, 0x65, 0x6e, 0x74, 0x20, 0x78, // ;.};..fragment x
	0x6c, 0x61, 0x74, 0x4d, 0x74, 0x6c, 0x4d, 0x61, 0x69, 0x6e, 0x5f, 0x6f, 0x75, 0x74, 0x20, 0x78, // latMtlMain_out x
	0x6c, 0x61, 0x74, 0x4d, 0x74, 0x6c, 0x4d, 0x61, 0x69, 0x6e, 0x28, 0x78, 0x6c, 0x61, 0x74, 0x4d, // latMtlMain(xlatM
	0x74, 0x6c, 0x4d, 0x61, 0x69, 0x6e, 0x5f, 0x69, 0x6e, 0x20, 0x69, 0x6e, 0x20, 0x5b, 0x5b, 0x73, // tlMain_in in [[s
	0x74, 0x61, 0x67, 0x65, 0x5f, 0x69, 0x6e, 0x5d, 0x5d, 0x2c, 0x20, 0x63, 0x6f, 0x6e, 0x73, 0x74, // tage_in]], const
	0x61, 0x6e, 0x74, 0x20, 0x5f, 0x47, 0x6c, 0x6f, 0x62, 0x61, 0x6c, 0x26, 0x20, 0x5f, 0x6d, 0x74, // ant _Global& _mt
	0x6c, 0x5f, 0x75, 0x20, 0x5b, 0x5b, 0x62, 0x75, 0x66, 0x66, 0x65, 0x72, 0x28, 0x30, 0x29, 0x5d, // l_u [[buffer(0)]
	0x5d, 0x2c, 0x20, 0x74, 0x65, 0x78, 0x74, 0x75, 0x72, 0x65, 0x63, 0x75, 0x62, 0x65, 0x3c, 0x66, // ], texturecube<f
	0x6c, 0x6f, 0x61, 0x74, 0x3e, 0x20, 0x73, 0x5f, 0x74, 0x65, 0x78, 0x43, 0x6f, 0x6c, 0x6f, 0x72, // loat> s_texColor
	0x20, 0x5b, 0x5b, 0x74, 0x65, 0x78, 0x74, 0x75, 0x72, 0x65, 0x28, 0x30, 0x29, 0x5d, 0x5d, 0x2c, //  [[texture(0)]],
	0x20, 0x73, 0x61, 0x6d, 0x70, 0x6c, 0x65, 0x72, 0x20, 0x73, 0x5f, 0x74, 0x65, 0x78, 0x43, 0x6f, //  sampler s_texCo
	0x6c, 0x6f, 0x72, 0x53, 0x61, 0x6d, 0x70, 0x6c, 0x65, 0x72, 0x20, 0x5b, 0x5b, 0x73, 0x61, 0x6d, // lorSampler [[sam
	0x70, 0x6c, 0x65, 0x72, 0x28, 0x30, 0x29, 0x5d, 0x5d, 0x29, 0x0a, 0x7b, 0x0a, 0x20, 0x20, 0x20, // pler(0)]]).{.   
	0x20, 0x78, 0x6c, 0x61, 0x74, 0x4d, 0x74, 0x6c, 0x4d, 0x61, 0x69, 0x6e, 0x5f, 0x6f, 0x75, 0x74, //  xlatMtlMain_out
	0x20, 0x6f, 0x75, 0x74, 0x20, 0x3d, 0x20, 0x7b, 0x7d, 0x3b, 0x0a, 0x20, 0x20, 0x20, 0x20, 0x66, //  out = {};.    f
	0x6c, 0x6f, 0x61, 0x74, 0x34, 0x20, 0x5f, 0x34, 0x34, 0x39, 0x20, 0x3d, 0x20, 0x73, 0x5f, 0x74, // loat4 _449 = s_t
	0x65, 0x78, 0x43, 0x6f, 0x6c, 0x6f, 0x72, 0x2e, 0x73, 0x61, 0x6d, 0x70, 0x6c, 0x65, 0x28, 0x73, // exColor.sample(s
	0x5f, 0x74, 0x65, 0x78, 0x43, 0x6f, 0x6c, 0x6f, 0x72, 0x53, 0x61, 0x6d, 0x70, 0x6c, 0x65, 0x72, // _texColorSampler
	0x2c, 0x20, 0x69, 0x6e, 0x2e, 0x76, 0x5f, 0x74, 0x65, 0x78, 0x63, 0x6f, 0x6f, 0x72, 0x64, 0x30, // , in.v_texcoord0
	0x2c, 0x20, 0x6c, 0x65, 0x76, 0x65, 0x6c, 0x28, 0x5f, 0x6d, 0x74, 0x6c, 0x5f, 0x75, 0x2e, 0x75, // , level(_mtl_u.u
	0x5f, 0x70, 0x61, 0x72, 0x61, 0x6d, 0x73, 0x30, 0x2e, 0x78, 0x29, 0x29, 0x3b, 0x0a, 0x20, 0x20, // _params0.x));.  
	0x20, 0x20, 0x66, 0x6c, 0x6f, 0x61, 0x74, 0x33, 0x20, 0x5f, 0x34, 0x31, 0x39, 0x20, 0x3d, 0x20, //   float3 _419 = 
	0x5f, 0x34, 0x34, 0x39, 0x2e, 0x78, 0x79, 0x7a, 0x3b, 0x0a, 0x20, 0x20, 0x20, 0x20, 0x66, 0x6c, // _449.xyz;.    fl
	0x6f, 0x61, 0x74, 0x33, 0x20, 0x5f, 0x34, 0x36, 0x38, 0x20, 0x3d, 0x20, 0x6d, 0x69, 0x78, 0x28, // oat3 _468 = mix(
	0x70, 0x6f, 0x77, 0x72, 0x28, 0x61, 0x62, 0x73, 0x28, 0x5f, 0x34, 0x31, 0x39, 0x29, 0x2c, 0x20, // powr(abs(_419), 
	0x66, 0x6c, 0x6f, 0x61, 0x74, 0x33, 0x28, 0x32, 0x2e, 0x32, 0x30, 0x30, 0x30, 0x30, 0x30, 0x30, // float3(2.2000000
	0x34, 0x37, 0x36, 0x38, 0x33, 0x37, 0x31, 0x35, 0x38, 0x32, 0x30, 0x33, 0x31, 0x32, 0x35, 0x29, // 476837158203125)
	0x29, 0x2c, 0x20, 0x5f, 0x34, 0x31, 0x39, 0x2c, 0x20, 0x66, 0x6c, 0x6f, 0x61, 0x74, 0x33, 0x28, // ), _419, float3(
	0x5f, 0x6d, 0x74, 0x6c, 0x5f, 0x75, 0x2e, 0x75, 0x5f, 0x70, 0x61, 0x72, 0x61, 0x6d, 0x73, 0x30, // _mtl_u.u_params0
	0x2e, 0x7a, 0x29, 0x29, 0x20, 0x2a, 0x20, 0x70, 0x6f, 0x77, 0x72, 0x28, 0x32, 0x2e, 0x30, 0x2c, // .z)) * powr(2.0,
	0x20, 0x5f, 0x6d, 0x74, 0x6c, 0x5f, 0x75, 0x2e, 0x75, 0x5f, 0x70, 0x61, 0x72, 0x61, 0x6d, 0x73, //  _mtl_u.u_params
	0x30, 0x2e, 0x77, 0x29, 0x3b, 0x0a, 0x20, 0x20, 0x20, 0x20, 0x66, 0x6c, 0x6f, 0x61, 0x74, 0x34, // 0.w);.    float4
	0x20, 0x5f, 0x36, 0x37, 0x31, 0x20, 0x3d, 0x20, 0x5f, 0x34, 0x34, 0x39, 0x3b, 0x0a, 0x20, 0x20, //  _671 = _449;.  
	0x20, 0x20, 0x5f, 0x36, 0x37, 0x31, 0x2e, 0x78, 0x20, 0x3d, 0x20, 0x5f, 0x34, 0x36, 0x38, 0x2e, //   _671.x = _468.
	0x78, 0x3b, 0x0a, 0x20, 0x20, 0x20, 0x20, 0x5f, 0x36, 0x37, 0x31, 0x2e, 0x79, 0x20, 0x3d, 0x20, // x;.    _671.y = 
	0x5f, 0x34, 0x36, 0x38, 0x2e, 0x79, 0x3b, 0x0a, 0x20, 0x20, 0x20, 0x20, 0x5f, 0x36, 0x37, 0x31, // _468.y;.    _671
	0x2e, 0x7a, 0x20, 0x3d, 0x20, 0x5f, 0x34, 0x36, 0x38, 0x2e, 0x7a, 0x3b, 0x0a, 0x20, 0x20, 0x20, // .z = _468.z;.   
	0x20, 0x66, 0x6c, 0x6f, 0x61, 0x74, 0x34, 0x20, 0x5f, 0x34, 0x32, 0x39, 0x20, 0x3d, 0x20, 0x5f, //  float4 _429 = _
	0x36, 0x37, 0x31, 0x20, 0x2a, 0x20, 0x69, 0x6e, 0x2e, 0x76, 0x5f, 0x63, 0x6f, 0x6c, 0x6f, 0x72, // 671 * in.v_color
	0x30, 0x3b, 0x0a, 0x20, 0x20, 0x20, 0x20, 0x66, 0x6c, 0x6f, 0x61, 0x74, 0x33, 0x20, 0x5f, 0x36, // 0;.    float3 _6
	0x39, 0x39, 0x3b, 0x0a, 0x20, 0x20, 0x20, 0x20, 0x69, 0x66, 0x20, 0x28, 0x5f, 0x6d, 0x74, 0x6c, // 99;.    if (_mtl
	0x5f, 0x75, 0x2e, 0x75, 0x5f, 0x70, 0x61, 0x72, 0x61, 0x6d, 0x73, 0x31, 0x2e, 0x78, 0x20, 0x3c, // _u.u_params1.x <
	0x20, 0x30, 0x2e, 0x35, 0x29, 0x0a, 0x20, 0x20, 0x20, 0x20, 0x7b, 0x0a, 0x20, 0x20, 0x20, 0x20, //  0.5).    {.    
	0x20, 0x20, 0x20, 0x20, 0x66, 0x6c, 0x6f, 0x61, 0x74, 0x33, 0x20, 0x5f, 0x35, 0x30, 0x33, 0x20, //     float3 _503 
	0x3d, 0x20, 0x66, 0x61, 0x73, 0x74, 0x3a, 0x3a, 0x63, 0x6c, 0x61, 0x6d, 0x70, 0x28, 0x5f, 0x34, // = fast::clamp(_4
	0x32, 0x39, 0x2e, 0x78, 0x79, 0x7a, 0x2c, 0x20, 0x66, 0x6c, 0x6f, 0x61, 0x74, 0x33, 0x28, 0x30, // 29.xyz, float3(0
	0x2e, 0x30, 0x29, 0x2c, 0x20, 0x66, 0x6c, 0x6f, 0x61, 0x74, 0x33, 0x28, 0x31, 0x2e, 0x30, 0x29, // .0), float3(1.0)
	0x29, 0x3b, 0x0a, 0x20, 0x20, 0x20, 0x20, 0x20, 0x20, 0x20, 0x20, 0x66, 0x6c, 0x6f, 0x61, 0x74, // );.        float
	0x20, 0x5f, 0x35, 0x34, 0x34, 0x20, 0x3d, 0x20, 0x5f, 0x35, 0x30, 0x33, 0x2e, 0x78, 0x3b, 0x0a, //  _544 = _503.x;.
	0x20, 0x20, 0x20, 0x20, 0x20, 0x20, 0x20, 0x20, 0x66, 0x6c, 0x6f, 0x61, 0x74, 0x20, 0x5f, 0x36, //         float _6
	0x39, 0x33, 0x3b, 0x0a, 0x20, 0x20, 0x20, 0x20, 0x20, 0x20, 0x20, 0x20, 0x64, 0x6f, 0x0a, 0x20, // 93;.        do. 
	0x20, 0x20, 0x20, 0x20, 0x20, 0x20, 0x20, 0x7b, 0x0a, 0x20, 0x20, 0x20, 0x20, 0x20, 0x20, 0x20, //        {.       
	0x20, 0x20, 0x20, 0x20, 0x20, 0x69, 0x66, 0x20, 0x28, 0x5f, 0x35, 0x34, 0x34, 0x20, 0x3c, 0x3d, //      if (_544 <=
	0x20, 0x30, 0x2e, 0x30, 0x30, 0x33, 0x31, 0x33, 0x30, 0x38, 0x30, 0x30, 0x30, 0x39, 0x30, 0x37, //  0.0031308000907
	0x33, 0x30, 0x31, 0x39, 0x30, 0x32, 0x37, 0x37, 0x30, 0x39, 0x39, 0x36, 0x30, 0x39, 0x33, 0x37, // 3019027709960937
	0x35, 0x29, 0x0a, 0x20, 0x20, 0x20, 0x20, 0x20, 0x20, 0x20, 0x20, 0x20, 0x20, 0x20, 0x20, 0x7b, // 5).            {
	0x0a, 0x20, 0x20, 0x20, 0x20, 0x20, 0x20, 0x20, 0x20, 0x20, 0x20, 0x20, 0x20, 0x20, 0x20, 0x20, // .               
	0x20, 0x5f, 0x36, 0x39, 0x33, 0x20, 0x3d, 0x20, 0x31, 0x32, 0x2e, 0x39, 0x32, 0x30, 0x30, 0x30, //  _693 = 12.92000
	0x30, 0x30, 0x37, 0x36, 0x32, 0x39, 0x33, 0x39, 0x34, 0x35, 0x33, 0x31, 0x32, 0x35, 0x20, 0x2a, // 00762939453125 *
	0x20, 0x5f, 0x35, 0x34, 0x34, 0x3b, 0x0a, 0x20, 0x20, 0x20, 0x20, 0x20, 0x20, 0x20, 0x20, 0x20, //  _544;.         
	0x20, 0x20, 0x20, 0x20, 0x20, 0x20, 0x20, 0x62, 0x72, 0x65, 0x61, 0x6b, 0x3b, 0x0a, 0x20, 0x20, //        break;.  
	0x20, 0x20, 0x20, 0x20, 0x20, 0x20, 0x20, 0x20, 0x20, 0x20, 0x7d, 0x0a, 0x20, 0x20, 0x20, 0x20, //           }.    
	0x20, 0x20, 0x20, 0x20, 0x20, 0x20, 0x20, 0x20, 0x65, 0x6c, 0x73, 0x65, 0x0a, 0x20, 0x20, 0x20, //         else.   
	0x20, 0x20, 0x20, 0x20, 0x20, 0x20, 0x20, 0x20, 0x20, 0x7b, 0x0a, 0x20, 0x20, 0x20, 0x20, 0x20, //          {.     
	0x20, 0x20, 0x20, 0x20, 0x20, 0x20, 0x20, 0x20, 0x20, 0x20, 0x20, 0x5f, 0x36, 0x39, 0x33, 0x20, //            _693 
	0x3d, 0x20, 0x28, 0x31, 0x2e, 0x30, 0x35, 0x34, 0x39, 0x39, 0x39, 0x39, 0x34, 0x37, 0x35, 0x34, // = (1.05499994754
	0x37, 0x39, 0x31, 0x32, 0x35, 0x39, 0x37, 0x36, 0x35, 0x36, 0x32, 0x35, 0x20, 0x2a, 0x20, 0x70, // 791259765625 * p
	0x6f, 0x77, 0x72, 0x28, 0x5f, 0x35, 0x34, 0x34, 0x2c, 0x20, 0x30, 0x2e, 0x34, 0x31, 0x36, 0x36, // owr(_544, 0.4166
	0x36, 0x36, 0x36, 0x35, 0x36, 0x37, 0x33, 0x32, 0x35, 0x35, 0x39, 0x32, 0x30, 0x34, 0x31, 0x30, // 6665673255920410
	0x31, 0x35, 0x36, 0x32, 0x35, 0x29, 0x29, 0x20, 0x2d, 0x20, 0x30, 0x2e, 0x30, 0x35, 0x34, 0x39, // 15625)) - 0.0549
	0x39, 0x39, 0x39, 0x39, 0x39, 0x37, 0x30, 0x31, 0x39, 0x37, 0x36, 0x37, 0x37, 0x36, 0x31, 0x32, // 9999970197677612
	0x33, 0x30, 0x34, 0x36, 0x38, 0x37, 0x35, 0x3b, 0x0a, 0x20, 0x20, 0x20, 0x20, 0x20, 0x20, 0x20, // 3046875;.       
	0x20, 0x20, 0x20, 0x20, 0x20, 0x20, 0x20, 0x20, 0x20, 0x62, 0x72, 0x65, 0x61, 0x6b, 0x3b, 0x0a, //          break;.
	0x20, 0x20, 0x20, 0x20, 0x20, 0x20, 0x20, 0x20, 0x20, 0x20, 0x20, 0x20, 0x7d, 0x0a, 0x20, 0x20, //             }.  
	0x20, 0x20, 0x20, 0x20, 0x20, 0x20, 0x20, 0x20, 0x20, 0x20, 0x62, 0x72, 0x65, 0x61, 0x6b, 0x3b, //           break;
	0x20, 0x2f, 0x2f, 0x20, 0x75, 0x6e, 0x72, 0x65, 0x61, 0x63, 0x68, 0x61, 0x62, 0x6c, 0x65, 0x20, //  // unreachable 
	0x77, 0x6f, 0x72, 0x6b, 0x61, 0x72, 0x6f, 0x75, 0x6e, 0x64, 0x0a, 0x20, 0x20, 0x20, 0x20, 0x20, // workaround.     
	0x20, 0x20, 0x20, 0x7d, 0x20, 0x77, 0x68, 0x69, 0x6c, 0x65, 0x28, 0x66, 0x61, 0x6c, 0x73, 0x65, //    } while(false
	0x29, 0x3b, 0x0a, 0x20, 0x20, 0x20, 0x20, 0x20, 0x20, 0x20, 0x20, 0x66, 0x6c, 0x6f, 0x61, 0x74, // );.        float
	0x20, 0x5f, 0x35, 0x34, 0x38, 0x20, 0x3d, 0x20, 0x5f, 0x35, 0x30, 0x33, 0x2e, 0x79, 0x3b, 0x0a, //  _548 = _503.y;.
	0x20, 0x20, 0x20, 0x20, 0x20, 0x20, 0x20, 0x20, 0x66, 0x6c, 0x6f, 0x61, 0x74, 0x20, 0x5f, 0x36, //         float _6
	0x39, 0x35, 0x3b, 0x0a, 0x20, 0x20, 0x20, 0x20, 0x20, 0x20, 0x20, 0x20, 0x64, 0x6f, 0x0a, 0x20, // 95;.        do. 
	0x20, 0x20, 0x20, 0x20, 0x20, 0x20, 0x20, 0x7b, 0x0a, 0x20, 0x20, 0x20, 0x20, 0x20, 0x20, 0x20, //        {.       
	0x20, 0x20, 0x20, 0x20, 0x20, 0x69, 0x66, 0x20, 0x28, 0x5f, 0x35, 0x34, 0x38, 0x20, 0x3c, 0x3d, //      if (_548 <=
	0x20, 0x30, 0x2e, 0x30, 0x30, 0x33, 0x31, 0x33, 0x30, 0x38, 0x30, 0x30, 0x30, 0x39, 0x30, 0x37, //  0.0031308000907
	0x33, 0x30, 0x31, 0x39, 0x30, 0x32, 0x37, 0x37, 0x30, 0x39, 0x39, 0x36, 0x30, 0x39, 0x33, 0x37, // 3019027709960937
	0x35, 0x29, 0x0a, 0x20, 0x20, 0x20, 0x20, 0x20, 0x20, 0x20, 0x20, 0x20, 0x20, 0x20, 0x20, 0x7b, // 5).            {
	0x0a, 0x20, 0x20, 0x20, 0x20, 0x20, 0x20, 0x20, 0x20, 0x20, 0x20, 0x20, 0x20, 0x20, 0x20, 0x20, // .               
	0x20, 0x5f, 0x36, 0x39, 0x35, 0x20, 0x3d, 0x20, 0x31, 0x32, 0x2e, 0x39, 0x32, 0x30, 0x30, 0x30, //  _695 = 12.92000
	0x30, 0x30, 0x37, 0x36, 0x32, 0x39, 0x33, 0x39, 0x34, 0x35, 0x33, 0x31, 0x32, 0x35, 0x20, 0x2a, // 00762939453125 *
	0x20, 0x5f, 0x35, 0x34, 0x38, 0x3b, 0x0a, 0x20, 0x20, 0x20, 0x20, 0x20, 0x20, 0x20, 0x20, 0x20, //  _548;.         
	0x20, 0x20, 0x20, 0x20, 0x20, 0x20, 0x20, 0x62, 0x72, 0x65, 0x61, 0x6b, 0x3b, 0x0a, 0x20, 0x20, //        break;.  
	0x20, 0x20, 0x20, 0x20, 0x20, 0x20, 0x20, 0x20, 0x20, 0x20, 0x7d, 0x0a, 0x20, 0x20, 0x20, 0x20, //           }.    
	0x20, 0x20, 0x20, 0x20, 0x20, 0x20, 0x20, 0x20, 0x65, 0x6c, 0x73, 0x65, 0x0a, 0x20, 0x20, 0x20, //         else.   
	0x20, 0x20, 0x20, 0x20, 0x20, 0x20, 0x20, 0x20, 0x20, 0x7b, 0x0a, 0x20, 0x20, 0x20, 0x20, 0x20, //          {.     
	0x20, 0x20, 0x20, 0x20, 0x20, 0x20, 0x20, 0x20, 0x20, 0x20, 0x20, 0x5f, 0x36, 0x39, 0x35, 0x20, //            _695 
	0x3d, 0x20, 0x28, 0x31, 0x2e, 0x30, 0x35, 0x34, 0x39, 0x39, 0x39, 0x39, 0x34, 0x37, 0x35, 0x34, // = (1.05499994754
	0x37, 0x39, 0x31, 0x32, 0x35, 0x39, 0x37, 0x36, 0x35, 0x36, 0x32, 0x35, 0x20, 0x2a, 0x20, 0x70, // 791259765625 * p
	0x6f, 0x77, 0x72, 0x28, 0x5f, 0x35, 0x34, 0x38, 0x2c, 0x20, 0x30, 0x2e, 0x34, 0x31, 0x36, 0x36, // owr(_548, 0.4166
	0x36, 0x36, 0x36, 0x35, 0x36, 0x37, 0x33, 0x32, 0x35, 0x35, 0x39, 0x32, 0x30, 0x34, 0x31, 0x30, // 6665673255920410
	0x31, 0x35, 0x36, 0x32, 0x35, 0x29, 0x29, 0x20, 0x2d, 0x20, 0x30, 0x2e, 0x30, 0x35, 0x34, 0x39, // 15625)) - 0.0549
	0x39, 0x39, 0x39, 0x39, 0x39, 0x37, 0x30, 0x31, 0x39, 0x37, 0x36, 0x37, 0x37, 0x36, 0x31, 0x32, // 9999970197677612
	0x33, 0x30, 0x34, 0x36, 0x38, 0x37, 0x35, 0x3b, 0x0a, 0x20, 0x20, 0x20, 0x20, 0x20, 0x20, 0x20, // 3046875;.       
	0x20, 0x20, 0x20, 0x20, 0x20, 0x20, 0x20, 0x20, 0x20, 0x62, 0x72, 0x65, 0x61, 0x6b, 0x3b, 0x0a, //          break;.
	0x20, 0x20, 0x20, 0x20, 0x20, 0x20, 0x20, 0x20, 0x20, 0x20, 0x20, 0x20, 0x7d, 0x0a, 0x20, 0x20, //             }.  
	0x20, 0x20, 0x20, 0x20, 0x20, 0x20, 0x20, 0x20, 0x20, 0x20, 0x62, 0x72, 0x65, 0x61, 0x6b, 0x3b, //           break;
	0x20, 0x2f, 0x2f, 0x20, 0x75, 0x6e, 0x72, 0x65, 0x61, 0x63, 0x68, 0x61, 0x62, 0x6c, 0x65, 0x20, //  // unreachable 
	0x77, 0x6f, 0x72, 0x6b, 0x61, 0x72, 0x6f, 0x75, 0x6e, 0x64, 0x0a, 0x20, 0x20, 0x20, 0x20, 0x20, // workaround.     
	0x20, 0x20, 0x20, 0x7d, 0x20, 0x77, 0x68, 0x69, 0x6c, 0x65, 0x28, 0x66, 0x61, 0x6c, 0x73, 0x65, //    } while(false
	0x29, 0x3b, 0x0a, 0x20, 0x20, 0x20, 0x20, 0x20, 0x20, 0x20, 0x20, 0x66, 0x6c, 0x6f, 0x61, 0x74, // );.        float
	0x20, 0x5f, 0x35, 0x35, 0x32, 0x20, 0x3d, 0x20, 0x5f, 0x35, 0x30, 0x33, 0x2e, 0x7a, 0x3b, 0x0a, //  _552 = _503.z;.
	0x20, 0x20, 0x20, 0x20, 0x20, 0x20, 0x20, 0x20, 0x66, 0x6c, 0x6f, 0x61, 0x74, 0x20, 0x5f, 0x36, //         float _6
	0x39, 0x37, 0x3b, 0x0a, 0x20, 0x20, 0x20, 0x20, 0x20, 0x20, 0x20, 0x20, 0x64, 0x6f, 0x0a, 0x20, // 97;.        do. 
	0x20, 0x20, 0x20, 0x20, 0x20, 0x20, 0x20, 0x7b, 0x0a, 0x20, 0x20, 0x20, 0x20, 0x20, 0x20, 0x20, //        {.       
	0x20, 0x20, 0x20, 0x20, 0x20, 0x69, 0x66, 0x20, 0x28, 0x5f, 0x35, 0x35, 0x32, 0x20, 0x3c, 0x3d, //      if (_552 <=
	0x20, 0x30, 0x2e, 0x30, 0x30, 0x33, 0x31, 0x33, 0x30, 0x38, 0x30, 0x30, 0x30, 0x39, 0x30, 0x37, //  0.0031308000907
	0x33, 0x30, 0x31, 0x39, 0x30, 0x32, 0x37, 0x37, 0x30, 0x39, 0x39, 0x36, 0x30, 0x39, 0x33, 0x37, // 3019027709960937
	0x35, 0x29, 0x0a, 0x20, 0x20, 0x20, 0x20, 0x20, 0x20, 0x20, 0x20, 0x20, 0x20, 0x20, 0x20, 0x7b, // 5).            {
	0x0a, 0x20, 0x20, 0x20, 0x20, 0x20, 0x20, 0x20, 0x20, 0x20, 0x20, 0x20, 0x20, 0x20, 0x20, 0x20, // .               
	0x20, 0x5f, 0x36, 0x39, 0x37, 0x20, 0x3d, 0x20, 0x31, 0x32, 0x2e, 0x39, 0x32, 0x30, 0x30, 0x30, //  _697 = 12.92000
	0x30, 0x30, 0x37, 0x36, 0x32, 0x39, 0x33, 0x39, 0x34, 0x35, 0x33, 0x31, 0x32, 0x35, 0x20, 0x2a, // 00762939453125 *
	0x20, 0x5f, 0x35, 0x35, 0x32, 0x3b, 0x0a, 0x20, 0x20, 0x20, 0x20, 0x20, 0x20, 0x20, 0x20, 0x20, //  _552;.         
	0x20, 0x20, 0x20, 0x20, 0x20, 0x20, 0x20, 0x62, 0x72, 0x65, 0x61, 0x6b, 0x3b, 0x0a, 0x20, 0x20, //        break;.  
	0x20, 0x20, 0x20, 0x20, 0x20, 0x20, 0x20, 0x20, 0x20, 0x20, 0x7d, 0x0a, 0x20, 0x20, 0x20, 0x20, //           }.    
	0x20, 0x20, 0x20, 0x20, 0x20, 0x20, 0x20, 0x20, 0x65, 0x6c, 0x73, 0x65, 0x0a, 0x20, 0x20, 0x20, //         else.   
	0x20, 0x20, 0x20, 0x20, 0x20, 0x20, 0x20, 0x20, 0x20, 0x7b, 0x0a, 0x20, 0x20, 0x20, 0x20, 0x20, //          {.     
	0x20, 0x20, 0x20, 0x20, 0x20, 0x20, 0x20, 0x20, 0x20, 0x20, 0x20, 0x5f, 0x36, 0x39, 0x37, 0x20, //            _697 
	0x3d, 0x20, 0x28, 0x31, 0x2e, 0x30, 0x35, 0x34, 0x39, 0x39, 0x39, 0x39, 0x34, 0x37, 0x35, 0x34, // = (1.05499994754
	0x37, 0x39, 0x31, 0x32, 0x35, 0x39, 0x37, 0x36, 0x35, 0x36, 0x32, 0x35, 0x20, 0x2a, 0x20, 0x70, // 791259765625 * p
	0x6f, 0x77, 0x72, 0x28, 0x5f, 0x35, 0x35, 0x32, 0x2c, 0x20, 0x30, 0x2e, 0x34, 0x31, 0x36, 0x36, // owr(_552, 0.4166
	0x36, 0x36, 0x36, 0x35, 0x36, 0x37, 0x33, 0x32, 0x35, 0x35, 0x39, 0x32, 0x30, 0x34, 0x31, 0x30, // 6665673255920410
	0x31, 0x35, 0x36, 0x32, 0x35, 0x29, 0x29, 0x20, 0x2d, 0x20, 0x30, 0x2e, 0x30, 0x35, 0x34, 0x39, // 15625)) - 0.0549
	0x39, 0x39, 0x39, 0x39, 0x39, 0x37, 0x30, 0x31, 0x39, 0x37, 0x36, 0x37, 0x37, 0x36, 0x31, 0x32, // 9999970197677612
	0x33, 0x30, 0x34, 0x36, 0x38, 0x37, 0x35, 0x3b, 0x0a, 0x20, 0x20, 0x20, 0x20, 0x20, 0x20, 0x20, // 3046875;.       
	0x20, 0x20, 0x20, 0x20, 0x20, 0x20, 0x20, 0x20, 0x20, 0x62, 0x72, 0x65, 0x61, 0x6b, 0x3b, 0x0a, //          break;.
	0x20, 0x20, 0x20, 0x20, 0x20, 0x20, 0x20, 0x20, 0x20, 0x20, 0x20, 0x20, 0x7d, 0x0a, 0x20, 0x20, //             }.  
	0x20, 0x20, 0x20, 0x20, 0x20, 0x20, 0x20, 0x20, 0x20, 0x20, 0x62, 0x72, 0x65, 0x61, 0x6b, 0x3b, //           break;
	0x20, 0x2f, 0x2f, 0x20, 0x75, 0x6e, 0x72, 0x65, 0x61, 0x63, 0x68, 0x61, 0x62, 0x6c, 0x65, 0x20, //  // unreachable 
	0x77, 0x6f, 0x72, 0x6b, 0x61, 0x72, 0x6f, 0x75, 0x6e, 0x64, 0x0a, 0x20, 0x20, 0x20, 0x20, 0x20, // workaround.     
	0x20, 0x20, 0x20, 0x7d, 0x20, 0x77, 0x68, 0x69, 0x6c, 0x65, 0x28, 0x66, 0x61, 0x6c, 0x73, 0x65, //    } while(false
	0x29, 0x3b, 0x0a, 0x20, 0x20, 0x20, 0x20, 0x20, 0x20, 0x20, 0x20, 0x5f, 0x36, 0x39, 0x39, 0x20, // );.        _699 
	0x3d, 0x20, 0x66, 0x6c, 0x6f, 0x61, 0x74, 0x33, 0x28, 0x5f, 0x36, 0x39, 0x33, 0x2c, 0x20, 0x5f, // = float3(_693, _
	0x36, 0x39, 0x35, 0x2c, 0x20, 0x5f, 0x36, 0x39, 0x37, 0x29, 0x3b, 0x0a, 0x20, 0x20, 0x20, 0x20, // 695, _697);.    
	0x7d, 0x0a, 0x20, 0x20, 0x20, 0x20, 0x65, 0x6c, 0x73, 0x65, 0x0a, 0x20, 0x20, 0x20, 0x20, 0x7b, // }.    else.    {
	0x0a, 0x20, 0x20, 0x20, 0x20, 0x20, 0x20, 0x20, 0x20, 0x66, 0x6c, 0x6f, 0x61, 0x74, 0x33, 0x20, // .        float3 
	0x5f, 0x37, 0x30, 0x30, 0x3b, 0x0a, 0x20, 0x20, 0x20, 0x20, 0x20, 0x20, 0x20, 0x20, 0x69, 0x66, // _700;.        if
	0x20, 0x28, 0x5f, 0x6d, 0x74, 0x6c, 0x5f, 0x75, 0x2e, 0x75, 0x5f, 0x70, 0x61, 0x72, 0x61, 0x6d, //  (_mtl_u.u_param
	0x73, 0x31, 0x2e, 0x78, 0x20, 0x3c, 0x20, 0x31, 0x2e, 0x35, 0x29, 0x0a, 0x20, 0x20, 0x20, 0x20, // s1.x < 1.5).    
	0x20, 0x20, 0x20, 0x20, 0x7b, 0x0a, 0x20, 0x20, 0x20, 0x20, 0x20, 0x20, 0x20, 0x20, 0x20, 0x20, //     {.          
	0x20, 0x20, 0x5f, 0x37, 0x30, 0x30, 0x20, 0x3d, 0x20, 0x5f, 0x34, 0x32, 0x39, 0x2e, 0x78, 0x79, //   _700 = _429.xy
	0x7a, 0x3b, 0x0a, 0x20, 0x20, 0x20, 0x20, 0x20, 0x20, 0x20, 0x20, 0x7d, 0x0a, 0x20, 0x20, 0x20, // z;.        }.   
	0x20, 0x20, 0x20, 0x20, 0x20, 0x65, 0x6c, 0x73, 0x65, 0x0a, 0x20, 0x20, 0x20, 0x20, 0x20, 0x20, //      else.      
	0x20, 0x20, 0x7b, 0x0a, 0x20, 0x20, 0x20, 0x20, 0x20, 0x20, 0x20, 0x20, 0x20, 0x20, 0x20, 0x20, //   {.            
	0x66, 0x6c, 0x6f, 0x61, 0x74, 0x33, 0x20, 0x5f, 0x37, 0x30, 0x31, 0x3b, 0x0a, 0x20, 0x20, 0x20, // float3 _701;.   
	0x20, 0x20, 0x20, 0x20, 0x20, 0x20, 0x20, 0x20, 0x20, 0x69, 0x66, 0x20, 0x28, 0x5f, 0x6d, 0x74, //          if (_mt
	0x6c, 0x5f, 0x75, 0x2e, 0x75, 0x5f, 0x70, 0x61, 0x72, 0x61, 0x6d, 0x73, 0x31, 0x2e, 0x78, 0x20, // l_u.u_params1.x 
	0x3c, 0x20, 0x32, 0x2e, 0x35, 0x29, 0x0a, 0x20, 0x20, 0x20, 0x20, 0x20, 0x20, 0x20, 0x20, 0x20, // < 2.5).         
	0x20, 0x20, 0x20, 0x7b, 0x0a, 0x20, 0x20, 0x20, 0x20, 0x20, 0x20, 0x20, 0x20, 0x20, 0x20, 0x20, //    {.           
	0x20, 0x20, 0x20, 0x20, 0x20, 0x66, 0x6c, 0x6f, 0x61, 0x74, 0x33, 0x20, 0x5f, 0x36, 0x33, 0x37, //      float3 _637
	0x20, 0x3d, 0x20, 0x70, 0x6f, 0x77, 0x72, 0x28, 0x28, 0x28, 0x28, 0x5f, 0x34, 0x32, 0x39, 0x2e, //  = powr((((_429.
	0x78, 0x79, 0x7a, 0x20, 0x2a, 0x20, 0x66, 0x6c, 0x6f, 0x61, 0x74, 0x33, 0x78, 0x33, 0x28, 0x66, // xyz * float3x3(f
	0x6c, 0x6f, 0x61, 0x74, 0x33, 0x28, 0x30, 0x2e, 0x34, 0x31, 0x32, 0x35, 0x35, 0x36, 0x34, 0x30, // loat3(0.41255640
	0x39, 0x38, 0x33, 0x35, 0x38, 0x31, 0x35, 0x34, 0x32, 0x39, 0x36, 0x38, 0x37, 0x35, 0x2c, 0x20, // 98358154296875, 
	0x30, 0x2e, 0x33, 0x35, 0x37, 0x35, 0x37, 0x36, 0x31, 0x30, 0x32, 0x30, 0x31, 0x38, 0x33, 0x35, // 0.35757610201835
	0x36, 0x33, 0x32, 0x33, 0x32, 0x34, 0x32, 0x31, 0x38, 0x37, 0x35, 0x2c, 0x20, 0x30, 0x2e, 0x31, // 63232421875, 0.1
	0x38, 0x30, 0x34, 0x33, 0x37, 0x35, 0x30, 0x35, 0x32, 0x34, 0x35, 0x32, 0x30, 0x38, 0x37, 0x34, // 8043750524520874
	0x30, 0x32, 0x33, 0x34, 0x33, 0x37, 0x35, 0x29, 0x2c, 0x20, 0x66, 0x6c, 0x6f, 0x61, 0x74, 0x33, // 0234375), float3
	0x28, 0x30, 0x2e, 0x32, 0x31, 0x32, 0x36, 0x37, 0x32, 0x39, 0x30, 0x34, 0x31, 0x33, 0x33, 0x37, // (0.2126729041337
	0x39, 0x36, 0x36, 0x39, 0x31, 0x38, 0x39, 0x34, 0x35, 0x33, 0x31, 0x32, 0x35, 0x2c, 0x20, 0x30, // 9669189453125, 0
	0x2e, 0x37, 0x31, 0x35, 0x31, 0x35, 0x32, 0x32, 0x30, 0x34, 0x30, 0x33, 0x36, 0x37, 0x31, 0x32, // .715152204036712
	0x36, 0x34, 0x36, 0x34, 0x38, 0x34, 0x33, 0x37, 0x35, 0x2c, 0x20, 0x30, 0x2e, 0x30, 0x37, 0x32, // 646484375, 0.072
	0x31, 0x37, 0x35, 0x30, 0x30, 0x33, 0x35, 0x38, 0x38, 0x31, 0x39, 0x39, 0x36, 0x31, 0x35, 0x34, // 1750035881996154
	0x37, 0x38, 0x35, 0x31, 0x35, 0x36, 0x32, 0x35, 0x29, 0x2c, 0x20, 0x66, 0x6c, 0x6f, 0x61, 0x74, // 78515625), float
	0x33, 0x28, 0x30, 0x2e, 0x30, 0x31, 0x39, 0x33, 0x33, 0x33, 0x39, 0x30, 0x30, 0x38, 0x38, 0x33, // 3(0.019333900883
	0x37, 0x39, 0x33, 0x38, 0x33, 0x30, 0x38, 0x37, 0x31, 0x35, 0x38, 0x32, 0x30, 0x33, 0x31, 0x32, // 7938308715820312
	0x35, 0x2c, 0x20, 0x30, 0x2e, 0x31, 0x31, 0x39, 0x31, 0x39, 0x31, 0x39, 0x39, 0x36, 0x37, 0x35, // 5, 0.11919199675
	0x33, 0x32, 0x31, 0x35, 0x37, 0x38, 0x39, 0x37, 0x39, 0x34, 0x39, 0x32, 0x31, 0x38, 0x37, 0x35, // 3215789794921875
	0x2c, 0x20, 0x30, 0x2e, 0x39, 0x35, 0x30, 0x33, 0x30, 0x34, 0x30, 0x39, 0x30, 0x39, 0x37, 0x36, // , 0.950304090976
	0x37, 0x31, 0x35, 0x30, 0x38, 0x37, 0x38, 0x39, 0x30, 0x36, 0x32, 0x35, 0x29, 0x29, 0x29, 0x20, // 715087890625))) 
	0x2a, 0x20, 0x66, 0x6c, 0x6f, 0x61, 0x74, 0x33, 0x78, 0x33, 0x28, 0x66, 0x6c, 0x6f, 0x61, 0x74, // * float3x3(float
	0x33, 0x28, 0x31, 0x2e, 0x37, 0x31, 0x36, 0x36, 0x35, 0x31, 0x32, 0x30, 0x31, 0x32, 0x34, 0x38, // 3(1.716651201248
	0x31, 0x36, 0x38, 0x39, 0x34, 0x35, 0x33, 0x31, 0x32, 0x35, 0x2c, 0x20, 0x2d, 0x30, 0x2e, 0x33, // 1689453125, -0.3
	0x35, 0x35, 0x36, 0x37, 0x30, 0x38, 0x30, 0x39, 0x37, 0x34, 0x35, 0x37, 0x38, 0x38, 0x35, 0x37, // 5567080974578857
	0x34, 0x32, 0x31, 0x38, 0x37, 0x35, 0x2c, 0x20, 0x2d, 0x30, 0x2e, 0x32, 0x35, 0x33, 0x33, 0x36, // 421875, -0.25336
	0x36, 0x32, 0x39, 0x31, 0x35, 0x32, 0x32, 0x39, 0x37, 0x39, 0x37, 0x33, 0x36, 0x33, 0x32, 0x38, // 6291522979736328
	0x31, 0x32, 0x35, 0x29, 0x2c, 0x20, 0x66, 0x6c, 0x6f, 0x61, 0x74, 0x33, 0x28, 0x2d, 0x30, 0x2e, // 125), float3(-0.
	0x36, 0x36, 0x36, 0x36, 0x38, 0x34, 0x33, 0x38, 0x39, 0x31, 0x31, 0x34, 0x33, 0x37, 0x39, 0x38, // 6666843891143798
	0x38, 0x32, 0x38, 0x31, 0x32, 0x35, 0x2c, 0x20, 0x31, 0x2e, 0x36, 0x31, 0x36, 0x34, 0x38, 0x31, // 828125, 1.616481
	0x31, 0x38, 0x34, 0x39, 0x35, 0x39, 0x34, 0x31, 0x31, 0x36, 0x32, 0x31, 0x30, 0x39, 0x33, 0x37, // 1849594116210937
	0x35, 0x2c, 0x20, 0x30, 0x2e, 0x30, 0x31, 0x35, 0x37, 0x36, 0x38, 0x35, 0x30, 0x30, 0x30, 0x34, // 5, 0.01576850004
	0x34, 0x39, 0x34, 0x31, 0x39, 0x30, 0x32, 0x31, 0x36, 0x30, 0x36, 0x34, 0x34, 0x35, 0x33, 0x31, // 4941902160644531
	0x32, 0x35, 0x29, 0x2c, 0x20, 0x66, 0x6c, 0x6f, 0x61, 0x74, 0x33, 0x28, 0x30, 0x2e, 0x30, 0x31, // 25), float3(0.01
	0x37, 0x36, 0x33, 0x39, 0x38, 0x39, 0x39, 0x36, 0x32, 0x36, 0x33, 0x37, 0x34, 0x32, 0x34, 0x34, // 7639899626374244
	0x36, 0x38, 0x39, 0x39, 0x34, 0x31, 0x34, 0x30, 0x36, 0x32, 0x35, 0x2c, 0x20, 0x2d, 0x30, 0x2e, // 68994140625, -0.
	0x30, 0x34, 0x32, 0x37, 0x37, 0x30, 0x36, 0x30, 0x31, 0x38, 0x30, 0x39, 0x30, 0x32, 0x34, 0x38, // 0427706018090248
	0x31, 0x30, 0x37, 0x39, 0x31, 0x30, 0x31, 0x35, 0x36, 0x32, 0x35, 0x2c, 0x20, 0x30, 0x2e, 0x39, // 10791015625, 0.9
	0x34, 0x32, 0x31, 0x30, 0x33, 0x30, 0x38, 0x37, 0x39, 0x30, 0x32, 0x30, 0x36, 0x39, 0x30, 0x39, // 4210308790206909
	0x31, 0x37, 0x39, 0x36, 0x38, 0x37, 0x35, 0x29, 0x29, 0x29, 0x20, 0x2a, 0x20, 0x5f, 0x6d, 0x74, // 1796875))) * _mt
	0x6c, 0x5f, 0x75, 0x2e, 0x75, 0x5f, 0x70, 0x61, 0x72, 0x61, 0x6d, 0x73, 0x31, 0x2e, 0x79, 0x29, // l_u.u_params1.y)
	0x20, 0x2a, 0x20, 0x39, 0x2e, 0x39, 0x39, 0x39, 0x39, 0x39, 0x39, 0x37, 0x34, 0x37, 0x33, 0x37, //  * 9.99999974737
	0x38, 0x37, 0x35, 0x31, 0x36, 0x33, 0x35, 0x35, 0x35, 0x31, 0x34, 0x35, 0x32, 0x36, 0x33, 0x36, // 8751635551452636
	0x37, 0x31, 0x38, 0x38, 0x65, 0x2d, 0x30, 0x35, 0x2c, 0x20, 0x66, 0x6c, 0x6f, 0x61, 0x74, 0x33, // 7188e-05, float3
	0x28, 0x30, 0x2e, 0x31, 0x35, 0x39, 0x33, 0x30, 0x31, 0x37, 0x35, 0x37, 0x38, 0x31, 0x32, 0x35, // (0.1593017578125
	0x29, 0x29, 0x3b, 0x0a, 0x20, 0x20, 0x20, 0x20, 0x20, 0x20, 0x20, 0x20, 0x20, 0x20, 0x20, 0x20, // ));.            
	0x20, 0x20, 0x20, 0x20, 0x5f, 0x37, 0x30, 0x31, 0x20, 0x3d, 0x20, 0x70, 0x6f, 0x77, 0x72, 0x28, //     _701 = powr(
	0x28, 0x66, 0x6c, 0x6f, 0x61, 0x74, 0x33, 0x28, 0x30, 0x2e, 0x38, 0x33, 0x35, 0x39, 0x33, 0x37, // (float3(0.835937
	0x35, 0x29, 0x20, 0x2b, 0x20, 0x28, 0x5f, 0x36, 0x33, 0x37, 0x20, 0x2a, 0x20, 0x31, 0x38, 0x2e, // 5) + (_637 * 18.
	0x38, 0x35, 0x31, 0x35, 0x36, 0x32, 0x35, 0x29, 0x29, 0x20, 0x2f, 0x20, 0x28, 0x66, 0x6c, 0x6f, // 8515625)) / (flo
	0x61, 0x74, 0x33, 0x28, 0x31, 0x2e, 0x30, 0x29, 0x20, 0x2b, 0x20, 0x28, 0x5f, 0x36, 0x33, 0x37, // at3(1.0) + (_637
	0x20, 0x2a, 0x20, 0x31, 0x38, 0x2e, 0x36, 0x38, 0x37, 0x35, 0x29, 0x29, 0x2c, 0x20, 0x66, 0x6c, //  * 18.6875)), fl
	0x6f, 0x61, 0x74, 0x33, 0x28, 0x37, 0x38, 0x2e, 0x38, 0x34, 0x33, 0x37, 0x35, 0x29, 0x29, 0x3b, // oat3(78.84375));
	0x0a, 0x20, 0x20, 0x20, 0x20, 0x20, 0x20, 0x20, 0x20, 0x20, 0x20, 0x20, 0x20, 0x7d, 0x0a, 0x20, // .            }. 
	0x20, 0x20, 0x20, 0x20, 0x20, 0x20, 0x20, 0x20, 0x20, 0x20, 0x20, 0x65, 0x6c, 0x73, 0x65, 0x0a, //            else.
	0x20, 0x20, 0x20, 0x20, 0x20, 0x20, 0x20, 0x20, 0x20, 0x20, 0x20, 0x20, 0x7b, 0x0a, 0x20, 0x20, //             {.  
	0x20, 0x20, 0x20, 0x20, 0x20, 0x20, 0x20, 0x20, 0x20, 0x20, 0x20, 0x20, 0x20, 0x20, 0x5f, 0x37, //               _7
	0x30, 0x31, 0x20, 0x3d, 0x20, 0x66, 0x6c, 0x6f, 0x61, 0x74, 0x33, 0x28, 0x30, 0x2e, 0x30, 0x29, // 01 = float3(0.0)
	0x3b, 0x0a, 0x20, 0x20, 0x20, 0x20, 0x20, 0x20, 0x20, 0x20, 0x20, 0x20, 0x20, 0x20, 0x7d, 0x0a, // ;.            }.
	0x20, 0x20, 0x20, 0x20, 0x20, 0x20, 0x20, 0x20, 0x20, 0x20, 0x20, 0x20, 0x5f, 0x37, 0x30, 0x30, //             _700
	0x20, 0x3d, 0x20, 0x5f, 0x37, 0x30, 0x31, 0x3b, 0x0a, 0x20, 0x20, 0x20, 0x20, 0x20, 0x20, 0x20, //  = _701;.       
	0x20, 0x7d, 0x0a, 0x20, 0x20, 0x20, 0x20, 0x20, 0x20, 0x20, 0x20, 0x5f, 0x36, 0x39, 0x39, 0x20, //  }.        _699 
	0x3d, 0x20, 0x5f, 0x37, 0x30, 0x30, 0x3b, 0x0a, 0x20, 0x20, 0x20, 0x20, 0x7d, 0x0a, 0x20, 0x20, // = _700;.    }.  
	0x20, 0x20, 0x6f, 0x75, 0x74, 0x2e, 0x62, 0x67, 0x66, 0x78, 0x5f, 0x46, 0x72, 0x61, 0x67, 0x44, //   out.bgfx_FragD
	0x61, 0x74, 0x61, 0x30, 0x20, 0x3d, 0x20, 0x66, 0x6c, 0x6f, 0x61, 0x74, 0x34, 0x28, 0x5f, 0x36, // ata0 = float4(_6
	0x39, 0x39, 0x2c, 0x20, 0x5f, 0x34, 0x32, 0x39, 0x2e, 0x77, 0x29, 0x3b, 0x0a, 0x20, 0x20, 0x20, // 99, _429.w);.   
	0x20, 0x72, 0x65, 0x74, 0x75, 0x72, 0x6e, 0x20, 0x6f, 0x75, 0x74, 0x3b, 0x0a, 0x7d, 0x0a, 0x0a, //  return out;.}..
	0x00, 0x00, 0x40, 0x00,                                                                         // ..@.
};
extern const uint8_t* fs_texture_cube2_pssl;
extern const uint32_t fs_texture_cube2_pssl_size;
