static const uint8_t fs_texture_cube_glsl[3584] =
{
	0x46, 0x53, 0x48, 0x0c, 0x01, 0x83, 0xf2, 0xe1, 0x00, 0x00, 0x00, 0x00, 0x00, 0x00, 0x00, 0x00, // FSH.............
	0x00, 0x00, 0x00, 0x00, 0x04, 0x00, 0x09, 0x75, 0x5f, 0x70, 0x61, 0x72, 0x61, 0x6d, 0x73, 0x30, // .......u_params0
	0x02, 0x01, 0x00, 0x00, 0x01, 0x00, 0x00, 0x00, 0x00, 0x00, 0x05, 0x75, 0x5f, 0x6d, 0x74, 0x78, // ...........u_mtx
	0x04, 0x01, 0x00, 0x00, 0x04, 0x00, 0x00, 0x00, 0x00, 0x00, 0x09, 0x75, 0x5f, 0x70, 0x61, 0x72, // ...........u_par
	0x61, 0x6d, 0x73, 0x31, 0x02, 0x01, 0x00, 0x00, 0x01, 0x00, 0x00, 0x00, 0x00, 0x00, 0x0a, 0x73, // ams1...........s
	0x5f, 0x74, 0x65, 0x78, 0x43, 0x6f, 0x6c, 0x6f, 0x72, 0x00, 0x01, 0x00, 0x00, 0x01, 0x00, 0x00, // _texColor.......
	0x04, 0x00, 0x00, 0x98, 0x0d, 0x00, 0x00, 0x0a, 0x75, 0x6e, 0x69, 0x66, 0x6f, 0x72, 0x6d, 0x20, // ........uniform 
	0x76, 0x65, 0x63, 0x34, 0x20, 0x75, 0x5f, 0x70, 0x61, 0x72, 0x61, 0x6d, 0x73, 0x30, 0x3b, 0x0a, // vec4 u_params0;.
	0x75, 0x6e, 0x69, 0x66, 0x6f, 0x72, 0x6d, 0x20, 0x6d, 0x61, 0x74, 0x34, 0x20, 0x75, 0x5f, 0x6d, // uniform mat4 u_m
	0x74, 0x78, 0x3b, 0x0a, 0x75, 0x6e, 0x69, 0x66, 0x6f, 0x72, 0x6d, 0x20, 0x73, 0x61, 0x6d, 0x70, // tx;.uniform samp
	0x6c, 0x65, 0x72, 0x43, 0x75, 0x62, 0x65, 0x20, 0x73, 0x5f, 0x74, 0x65, 0x78, 0x43, 0x6f, 0x6c, // lerCube s_texCol
	0x6f, 0x72, 0x3b, 0x0a, 0x75, 0x6e, 0x69, 0x66, 0x6f, 0x72, 0x6d, 0x20, 0x76, 0x65, 0x63, 0x34, // or;.uniform vec4
	0x20, 0x75, 0x5f, 0x70, 0x61, 0x72, 0x61, 0x6d, 0x73, 0x31, 0x3b, 0x0a, 0x0a, 0x69, 0x6e, 0x20, //  u_params1;..in 
	0x76, 0x65, 0x63, 0x33, 0x20, 0x76, 0x5f, 0x74, 0x65, 0x78, 0x63, 0x6f, 0x6f, 0x72, 0x64, 0x30, // vec3 v_texcoord0
	0x3b, 0x0a, 0x69, 0x6e, 0x20, 0x76, 0x65, 0x63, 0x34, 0x20, 0x76, 0x5f, 0x63, 0x6f, 0x6c, 0x6f, // ;.in vec4 v_colo
	0x72, 0x30, 0x3b, 0x0a, 0x6c, 0x61, 0x79, 0x6f, 0x75, 0x74, 0x28, 0x6c, 0x6f, 0x63, 0x61, 0x74, // r0;.layout(locat
	0x69, 0x6f, 0x6e, 0x20, 0x3d, 0x20, 0x30, 0x29, 0x20, 0x6f, 0x75, 0x74, 0x20, 0x76, 0x65, 0x63, // ion = 0) out vec
	0x34, 0x20, 0x62, 0x67, 0x66, 0x78, 0x5f, 0x46, 0x72, 0x61, 0x67, 0x43, 0x6f, 0x6c, 0x6f, 0x72, // 4 bgfx_FragColor
	0x3b, 0x0a, 0x0a, 0x76, 0x6f, 0x69, 0x64, 0x20, 0x6d, 0x61, 0x69, 0x6e, 0x28, 0x29, 0x0a, 0x7b, // ;..void main().{
	0x0a, 0x20, 0x20, 0x20, 0x20, 0x76, 0x65, 0x63, 0x34, 0x20, 0x5f, 0x32, 0x38, 0x37, 0x20, 0x3d, // .    vec4 _287 =
	0x20, 0x74, 0x65, 0x78, 0x74, 0x75, 0x72, 0x65, 0x4c, 0x6f, 0x64, 0x28, 0x73, 0x5f, 0x74, 0x65, //  textureLod(s_te
	0x78, 0x43, 0x6f, 0x6c, 0x6f, 0x72, 0x2c, 0x20, 0x6e, 0x6f, 0x72, 0x6d, 0x61, 0x6c, 0x69, 0x7a, // xColor, normaliz
	0x65, 0x28, 0x28, 0x75, 0x5f, 0x6d, 0x74, 0x78, 0x20, 0x2a, 0x20, 0x76, 0x65, 0x63, 0x34, 0x28, // e((u_mtx * vec4(
	0x28, 0x28, 0x76, 0x5f, 0x74, 0x65, 0x78, 0x63, 0x6f, 0x6f, 0x72, 0x64, 0x30, 0x2e, 0x78, 0x79, // ((v_texcoord0.xy
	0x20, 0x2a, 0x20, 0x32, 0x2e, 0x30, 0x29, 0x20, 0x2d, 0x20, 0x76, 0x65, 0x63, 0x32, 0x28, 0x31, //  * 2.0) - vec2(1
	0x2e, 0x30, 0x29, 0x29, 0x20, 0x2a, 0x20, 0x76, 0x65, 0x63, 0x32, 0x28, 0x31, 0x2e, 0x30, 0x2c, // .0)) * vec2(1.0,
	0x20, 0x2d, 0x31, 0x2e, 0x30, 0x29, 0x2c, 0x20, 0x31, 0x2e, 0x30, 0x2c, 0x20, 0x30, 0x2e, 0x30, //  -1.0), 1.0, 0.0
	0x29, 0x29, 0x2e, 0x78, 0x79, 0x7a, 0x29, 0x2c, 0x20, 0x75, 0x5f, 0x70, 0x61, 0x72, 0x61, 0x6d, // )).xyz), u_param
	0x73, 0x30, 0x2e, 0x78, 0x29, 0x3b, 0x0a, 0x20, 0x20, 0x20, 0x20, 0x76, 0x65, 0x63, 0x33, 0x20, // s0.x);.    vec3 
	0x5f, 0x32, 0x39, 0x30, 0x20, 0x3d, 0x20, 0x5f, 0x32, 0x38, 0x37, 0x2e, 0x78, 0x79, 0x7a, 0x3b, // _290 = _287.xyz;
	0x0a, 0x20, 0x20, 0x20, 0x20, 0x76, 0x65, 0x63, 0x33, 0x20, 0x5f, 0x33, 0x35, 0x34, 0x20, 0x3d, // .    vec3 _354 =
	0x20, 0x6d, 0x69, 0x78, 0x28, 0x70, 0x6f, 0x77, 0x28, 0x61, 0x62, 0x73, 0x28, 0x5f, 0x32, 0x39, //  mix(pow(abs(_29
	0x30, 0x29, 0x2c, 0x20, 0x76, 0x65, 0x63, 0x33, 0x28, 0x32, 0x2e, 0x32, 0x30, 0x30, 0x30, 0x30, // 0), vec3(2.20000
	0x30, 0x30, 0x34, 0x37, 0x36, 0x38, 0x33, 0x37, 0x31, 0x35, 0x38, 0x32, 0x30, 0x33, 0x31, 0x32, // 0047683715820312
	0x35, 0x29, 0x29, 0x2c, 0x20, 0x5f, 0x32, 0x39, 0x30, 0x2c, 0x20, 0x76, 0x65, 0x63, 0x33, 0x28, // 5)), _290, vec3(
	0x75, 0x5f, 0x70, 0x61, 0x72, 0x61, 0x6d, 0x73, 0x30, 0x2e, 0x7a, 0x29, 0x29, 0x20, 0x2a, 0x20, // u_params0.z)) * 
	0x70, 0x6f, 0x77, 0x28, 0x32, 0x2e, 0x30, 0x2c, 0x20, 0x75, 0x5f, 0x70, 0x61, 0x72, 0x61, 0x6d, // pow(2.0, u_param
	0x73, 0x30, 0x2e, 0x77, 0x29, 0x3b, 0x0a, 0x20, 0x20, 0x20, 0x20, 0x76, 0x65, 0x63, 0x34, 0x20, // s0.w);.    vec4 
	0x5f, 0x35, 0x34, 0x37, 0x20, 0x3d, 0x20, 0x5f, 0x32, 0x38, 0x37, 0x3b, 0x0a, 0x20, 0x20, 0x20, // _547 = _287;.   
	0x20, 0x5f, 0x35, 0x34, 0x37, 0x2e, 0x78, 0x20, 0x3d, 0x20, 0x5f, 0x33, 0x35, 0x34, 0x2e, 0x78, //  _547.x = _354.x
	0x3b, 0x0a, 0x20, 0x20, 0x20, 0x20, 0x5f, 0x35, 0x34, 0x37, 0x2e, 0x79, 0x20, 0x3d, 0x20, 0x5f, // ;.    _547.y = _
	0x33, 0x35, 0x34, 0x2e, 0x79, 0x3b, 0x0a, 0x20, 0x20, 0x20, 0x20, 0x5f, 0x35, 0x34, 0x37, 0x2e, // 354.y;.    _547.
	0x7a, 0x20, 0x3d, 0x20, 0x5f, 0x33, 0x35, 0x34, 0x2e, 0x7a, 0x3b, 0x0a, 0x20, 0x20, 0x20, 0x20, // z = _354.z;.    
	0x76, 0x65, 0x63, 0x34, 0x20, 0x5f, 0x33, 0x30, 0x32, 0x20, 0x3d, 0x20, 0x5f, 0x35, 0x34, 0x37, // vec4 _302 = _547
	0x20, 0x2a, 0x20, 0x76, 0x5f, 0x63, 0x6f, 0x6c, 0x6f, 0x72, 0x30, 0x3b, 0x0a, 0x20, 0x20, 0x20, //  * v_color0;.   
	0x20, 0x76, 0x65, 0x63, 0x33, 0x20, 0x5f, 0x35, 0x36, 0x38, 0x3b, 0x0a, 0x20, 0x20, 0x20, 0x20, //  vec3 _568;.    
	0x69, 0x66, 0x20, 0x28, 0x75, 0x5f, 0x70, 0x61, 0x72, 0x61, 0x6d, 0x73, 0x31, 0x2e, 0x78, 0x20, // if (u_params1.x 
	0x3c, 0x20, 0x30, 0x2e, 0x35, 0x29, 0x0a, 0x20, 0x20, 0x20, 0x20, 0x7b, 0x0a, 0x20, 0x20, 0x20, // < 0.5).    {.   
	0x20, 0x20, 0x20, 0x20, 0x20, 0x76, 0x65, 0x63, 0x33, 0x20, 0x5f, 0x33, 0x38, 0x33, 0x20, 0x3d, //      vec3 _383 =
	0x20, 0x63, 0x6c, 0x61, 0x6d, 0x70, 0x28, 0x5f, 0x33, 0x30, 0x32, 0x2e, 0x78, 0x79, 0x7a, 0x2c, //  clamp(_302.xyz,
	0x20, 0x76, 0x65, 0x63, 0x33, 0x28, 0x30, 0x2e, 0x30, 0x29, 0x2c, 0x20, 0x76, 0x65, 0x63, 0x33, //  vec3(0.0), vec3
	0x28, 0x31, 0x2e, 0x30, 0x29, 0x29, 0x3b, 0x0a, 0x20, 0x20, 0x20, 0x20, 0x20, 0x20, 0x20, 0x20, // (1.0));.        
	0x66, 0x6c, 0x6f, 0x61, 0x74, 0x20, 0x5f, 0x34, 0x32, 0x34, 0x20, 0x3d, 0x20, 0x5f, 0x33, 0x38, // float _424 = _38
	0x33, 0x2e, 0x78, 0x3b, 0x0a, 0x20, 0x20, 0x20, 0x20, 0x20, 0x20, 0x20, 0x20, 0x66, 0x6c, 0x6f, // 3.x;.        flo
	0x61, 0x74, 0x20, 0x5f, 0x35, 0x36, 0x32, 0x3b, 0x0a, 0x20, 0x20, 0x20, 0x20, 0x20, 0x20, 0x20, // at _562;.       
	0x20, 0x64, 0x6f, 0x0a, 0x20, 0x20, 0x20, 0x20, 0x20, 0x20, 0x20, 0x20, 0x7b, 0x0a, 0x20, 0x20, //  do.        {.  
	0x20, 0x20, 0x20, 0x20, 0x20, 0x20, 0x20, 0x20, 0x20, 0x20, 0x69, 0x66, 0x20, 0x28, 0x5f, 0x34, //           if (_4
	0x32, 0x34, 0x20, 0x3c, 0x3d, 0x20, 0x30, 0x2e, 0x30, 0x30, 0x33, 0x31, 0x33, 0x30, 0x38, 0x30, // 24 <= 0.00313080
	0x30, 0x30, 0x39, 0x30, 0x37, 0x33, 0x30, 0x31, 0x39, 0x30, 0x32, 0x37, 0x37, 0x30, 0x39, 0x39, // 0090730190277099
	0x36, 0x30, 0x39, 0x33, 0x37, 0x35, 0x29, 0x0a, 0x20, 0x20, 0x20, 0x20, 0x20, 0x20, 0x20, 0x20, // 609375).        
	0x20, 0x20, 0x20, 0x20, 0x7b, 0x0a, 0x20, 0x20, 0x20, 0x20, 0x20, 0x20, 0x20, 0x20, 0x20, 0x20, //     {.          
	0x20, 0x20, 0x20, 0x20, 0x20, 0x20, 0x5f, 0x35, 0x36, 0x32, 0x20, 0x3d, 0x20, 0x31, 0x32, 0x2e, //       _562 = 12.
	0x39, 0x32, 0x30, 0x30, 0x30, 0x30, 0x30, 0x37, 0x36, 0x32, 0x39, 0x33, 0x39, 0x34, 0x35, 0x33, // 9200000762939453
	0x31, 0x32, 0x35, 0x20, 0x2a, 0x20, 0x5f, 0x34, 0x32, 0x34, 0x3b, 0x0a, 0x20, 0x20, 0x20, 0x20, // 125 * _424;.    
	0x20, 0x20, 0x20, 0x20, 0x20, 0x20, 0x20, 0x20, 0x20, 0x20, 0x20, 0x20, 0x62, 0x72, 0x65, 0x61, //             brea
	0x6b, 0x3b, 0x0a, 0x20, 0x20, 0x20, 0x20, 0x20, 0x20, 0x20, 0x20, 0x20, 0x20, 0x20, 0x20, 0x7d, // k;.            }
	0x0a, 0x20, 0x20, 0x20, 0x20, 0x20, 0x20, 0x20, 0x20, 0x20, 0x20, 0x20, 0x20, 0x65, 0x6c, 0x73, // .            els
	0x65, 0x0a, 0x20, 0x20, 0x20, 0x20, 0x20, 0x20, 0x20, 0x20, 0x20, 0x20, 0x20, 0x20, 0x7b, 0x0a, // e.            {.
	0x20, 0x20, 0x20, 0x20, 0x20, 0x20, 0x20, 0x20, 0x20, 0x20, 0x20, 0x20, 0x20, 0x20, 0x20, 0x20, //                 
	0x5f, 0x35, 0x36, 0x32, 0x20, 0x3d, 0x20, 0x28, 0x31, 0x2e, 0x30, 0x35, 0x34, 0x39, 0x39, 0x39, // _562 = (1.054999
	0x39, 0x34, 0x37, 0x35, 0x34, 0x37, 0x39, 0x31, 0x32, 0x35, 0x39, 0x37, 0x36, 0x35, 0x36, 0x32, // 9475479125976562
	0x35, 0x20, 0x2a, 0x20, 0x70, 0x6f, 0x77, 0x28, 0x5f, 0x34, 0x32, 0x34, 0x2c, 0x20, 0x30, 0x2e, // 5 * pow(_424, 0.
	0x34, 0x31, 0x36, 0x36, 0x36, 0x36, 0x36, 0x35, 0x36, 0x37, 0x33, 0x32, 0x35, 0x35, 0x39, 0x32, // 4166666567325592
	0x30, 0x34, 0x31, 0x30, 0x31, 0x35, 0x36, 0x32, 0x35, 0x29, 0x29, 0x20, 0x2d, 0x20, 0x30, 0x2e, // 041015625)) - 0.
	0x30, 0x35, 0x34, 0x39, 0x39, 0x39, 0x39, 0x39, 0x39, 0x37, 0x30, 0x31, 0x39, 0x37, 0x36, 0x37, // 0549999997019767
	0x37, 0x36, 0x31, 0x32, 0x33, 0x30, 0x34, 0x36, 0x38, 0x37, 0x35, 0x3b, 0x0a, 0x20, 0x20, 0x20, // 76123046875;.   
	0x20, 0x20, 0x20, 0x20, 0x20, 0x20, 0x20, 0x20, 0x20, 0x20, 0x20, 0x20, 0x20, 0x62, 0x72, 0x65, //              bre
	0x61, 0x6b, 0x3b, 0x0a, 0x20, 0x20, 0x20, 0x20, 0x20, 0x20, 0x20, 0x20, 0x20, 0x20, 0x20, 0x20, // ak;.            
	0x7d, 0x0a, 0x20, 0x20, 0x20, 0x20, 0x20, 0x20, 0x20, 0x20, 0x20, 0x20, 0x20, 0x20, 0x62, 0x72, // }.            br
	0x65, 0x61, 0x6b, 0x3b, 0x20, 0x2f, 0x2f, 0x20, 0x75, 0x6e, 0x72, 0x65, 0x61, 0x63, 0x68, 0x61, // eak; // unreacha
	0x62, 0x6c, 0x65, 0x20, 0x77, 0x6f, 0x72, 0x6b, 0x61, 0x72, 0x6f, 0x75, 0x6e, 0x64, 0x0a, 0x20, // ble workaround. 
	0x20, 0x20, 0x20, 0x20, 0x20, 0x20, 0x20, 0x7d, 0x20, 0x77, 0x68, 0x69, 0x6c, 0x65, 0x28, 0x66, //        } while(f
	0x61, 0x6c, 0x73, 0x65, 0x29, 0x3b, 0x0a, 0x20, 0x20, 0x20, 0x20, 0x20, 0x20, 0x20, 0x20, 0x66, // alse);.        f
	0x6c, 0x6f, 0x61, 0x74, 0x20, 0x5f, 0x34, 0x32, 0x38, 0x20, 0x3d, 0x20, 0x5f, 0x33, 0x38, 0x33, // loat _428 = _383
	0x2e, 0x79, 0x3b, 0x0a, 0x20, 0x20, 0x20, 0x20, 0x20, 0x20, 0x20, 0x20, 0x66, 0x6c, 0x6f, 0x61, // .y;.        floa
	0x74, 0x20, 0x5f, 0x35, 0x36, 0x34, 0x3b, 0x0a, 0x20, 0x20, 0x20, 0x20, 0x20, 0x20, 0x20, 0x20, // t _564;.        
	0x64, 0x6f, 0x0a, 0x20, 0x20, 0x20, 0x20, 0x20, 0x20, 0x20, 0x20, 0x7b, 0x0a, 0x20, 0x20, 0x20, // do.        {.   
	0x20, 0x20, 0x20, 0x20, 0x20, 0x20, 0x20, 0x20, 0x20, 0x69, 0x66, 0x20, 0x28, 0x5f, 0x34, 0x32, //          if (_42
	0x38, 0x20, 0x3c, 0x3d, 0x20, 0x30, 0x2e, 0x30, 0x30, 0x33, 0x31, 0x33, 0x30, 0x38, 0x30, 0x30, // 8 <= 0.003130800
	0x30, 0x39, 0x30, 0x37, 0x33, 0x30, 0x31, 0x39, 0x30, 0x32, 0x37, 0x37, 0x30, 0x39, 0x39, 0x36, // 0907301902770996
	0x30, 0x39, 0x33, 0x37, 0x35, 0x29, 0x0a, 0x20, 0x20, 0x20, 0x20, 0x20, 0x20, 0x20, 0x20, 0x20, // 09375).         
	0x20, 0x20, 0x20, 0x7b, 0x0a, 0x20, 0x20, 0x20, 0x20, 0x20, 0x20, 0x20, 0x20, 0x20, 0x20, 0x20, //    {.           
	0x20, 0x20, 0x20, 0x20, 0x20, 0x5f, 0x35, 0x36, 0x34, 0x20, 0x3d, 0x20, 0x31, 0x32, 0x2e, 0x39, //      _564 = 12.9
	0x32, 0x30, 0x30, 0x30, 0x30, 0x30, 0x37, 0x36, 0x32, 0x39, 0x33, 0x39, 0x34, 0x35, 0x33, 0x31, // 2000007629394531
	0x32, 0x35, 0x20, 0x2a, 0x20, 0x5f, 0x34, 0x32, 0x38, 0x3b, 0x0a, 0x20, 0x20, 0x20, 0x20, 0x20, // 25 * _428;.     
	0x20, 0x20, 0x20, 0x20, 0x20, 0x20, 0x20, 0x20, 0x20, 0x20, 0x20, 0x62, 0x72, 0x65, 0x61, 0x6b, //            break
	0x3b, 0x0a, 0x20, 0x20, 0x20, 0x20, 0x20, 0x20, 0x20, 0x20, 0x20, 0x20, 0x20, 0x20, 0x7d, 0x0a, // ;.            }.
	0x20, 0x20, 0x20, 0x20, 0x20, 0x20, 0x20, 0x20, 0x20, 0x20, 0x20, 0x20, 0x65, 0x6c, 0x73, 0x65, //             else
	0x0a, 0x20, 0x20, 0x20, 0x20, 0x20, 0x20, 0x20, 0x20, 0x20, 0x20, 0x20, 0x20, 0x7b, 0x0a, 0x20, // .            {. 
	0x20, 0x20, 0x20, 0x20, 0x20, 0x20, 0x20, 0x20, 0x20, 0x20, 0x20, 0x20, 0x20, 0x20, 0x20, 0x5f, //                _
	0x35, 0x36, 0x34, 0x20, 0x3d, 0x20, 0x28, 0x31, 0x2e, 0x30, 0x35, 0x34, 0x39, 0x39, 0x39, 0x39, // 564 = (1.0549999
	0x34, 0x37, 0x35, 0x34, 0x37, 0x39, 0x31, 0x32, 0x35, 0x39, 0x37, 0x36, 0x35, 0x36, 0x32, 0x35, // 4754791259765625
	0x20, 0x2a, 0x20, 0x70, 0x6f, 0x77, 0x28, 0x5f, 0x34, 0x32, 0x38, 0x2c, 0x20, 0x30, 0x2e, 0x34, //  * pow(_428, 0.4
	0x31, 0x36, 0x36, 0x36, 0x36, 0x36, 0x35, 0x36, 0x37, 0x33, 0x32, 0x35, 0x35, 0x39, 0x32, 0x30, // 1666665673255920
	0x34, 0x31, 0x30, 0x31, 0x35, 0x36, 0x32, 0x35, 0x29, 0x29, 0x20, 0x2d, 0x20, 0x30, 0x2e, 0x30, // 41015625)) - 0.0
	0x35, 0x34, 0x39, 0x39, 0x39, 0x39, 0x39, 0x39, 0x37, 0x30, 0x31, 0x39, 0x37, 0x36, 0x37, 0x37, // 5499999970197677
	0x36, 0x31, 0x32, 0x33, 0x30, 0x34, 0x36, 0x38, 0x37, 0x35, 0x3b, 0x0a, 0x20, 0x20, 0x20, 0x20, // 6123046875;.    
	0x20, 0x20, 0x20, 0x20, 0x20, 0x20, 0x20, 0x20, 0x20, 0x20, 0x20, 0x20, 0x62, 0x72, 0x65, 0x61, //             brea
	0x6b, 0x3b, 0x0a, 0x20, 0x20, 0x20, 0x20, 0x20, 0x20, 0x20, 0x20, 0x20, 0x20, 0x20, 0x20, 0x7d, // k;.            }
	0x0a, 0x20, 0x20, 0x20, 0x20, 0x20, 0x20, 0x20, 0x20, 0x20, 0x20, 0x20, 0x20, 0x62, 0x72, 0x65, // .            bre
	0x61, 0x6b, 0x3b, 0x20, 0x2f, 0x2f, 0x20, 0x75, 0x6e, 0x72, 0x65, 0x61, 0x63, 0x68, 0x61, 0x62, // ak; // unreachab
	0x6c, 0x65, 0x20, 0x77, 0x6f, 0x72, 0x6b, 0x61, 0x72, 0x6f, 0x75, 0x6e, 0x64, 0x0a, 0x20, 0x20, // le workaround.  
	0x20, 0x20, 0x20, 0x20, 0x20, 0x20, 0x7d, 0x20, 0x77, 0x68, 0x69, 0x6c, 0x65, 0x28, 0x66, 0x61, //       } while(fa
	0x6c, 0x73, 0x65, 0x29, 0x3b, 0x0a, 0x20, 0x20, 0x20, 0x20, 0x20, 0x20, 0x20, 0x20, 0x66, 0x6c, // lse);.        fl
	0x6f, 0x61, 0x74, 0x20, 0x5f, 0x34, 0x33, 0x32, 0x20, 0x3d, 0x20, 0x5f, 0x33, 0x38, 0x33, 0x2e, // oat _432 = _383.
	0x7a, 0x3b, 0x0a, 0x20, 0x20, 0x20, 0x20, 0x20, 0x20, 0x20, 0x20, 0x66, 0x6c, 0x6f, 0x61, 0x74, // z;.        float
	0x20, 0x5f, 0x35, 0x36, 0x36, 0x3b, 0x0a, 0x20, 0x20, 0x20, 0x20, 0x20, 0x20, 0x20, 0x20, 0x64, //  _566;.        d
	0x6f, 0x0a, 0x20, 0x20, 0x20, 0x20, 0x20, 0x20, 0x20, 0x20, 0x7b, 0x0a, 0x20, 0x20, 0x20, 0x20, // o.        {.    
	0x20, 0x20, 0x20, 0x20, 0x20, 0x20, 0x20, 0x20, 0x69, 0x66, 0x20, 0x28, 0x5f, 0x34, 0x33, 0x32, //         if (_432
	0x20, 0x3c, 0x3d, 0x20, 0x30, 0x2e, 0x30, 0x30, 0x33, 0x31, 0x33, 0x30, 0x38, 0x30, 0x30, 0x30, //  <= 0.0031308000
	0x39, 0x30, 0x37, 0x33, 0x30, 0x31, 0x39, 0x30, 0x32, 0x37, 0x37, 0x30, 0x39, 0x39, 0x36, 0x30, // 9073019027709960
	0x39, 0x33, 0x37, 0x35, 0x29, 0x0a, 0x20, 0x20, 0x20, 0x20, 0x20, 0x20, 0x20, 0x20, 0x20, 0x20, // 9375).          
	0x20, 0x20, 0x7b, 0x0a, 0x20, 0x20, 0x20, 0x20, 0x20, 0x20, 0x20, 0x20, 0x20, 0x20, 0x20, 0x20, //   {.            
	0x20, 0x20, 0x20, 0x20, 0x5f, 0x35, 0x36, 0x36, 0x20, 0x3d, 0x20, 0x31, 0x32, 0x2e, 0x39, 0x32, //     _566 = 12.92
	0x30, 0x30, 0x30, 0x30, 0x30, 0x37, 0x36, 0x32, 0x39, 0x33, 0x39, 0x34, 0x35, 0x33, 0x31, 0x32, // 0000076293945312
	0x35, 0x20, 0x2a, 0x20, 0x5f, 0x34, 0x33, 0x32, 0x3b, 0x0a, 0x20, 0x20, 0x20, 0x20, 0x20, 0x20, // 5 * _432;.      
	0x20, 0x20, 0x20, 0x20, 0x20, 0x20, 0x20, 0x20, 0x20, 0x20, 0x62, 0x72, 0x65, 0x61, 0x6b, 0x3b, //           break;
	0x0a, 0x20, 0x20, 0x20, 0x20, 0x20, 0x20, 0x20, 0x20, 0x20, 0x20, 0x20, 0x20, 0x7d, 0x0a, 0x20, // .            }. 
	0x20, 0x20, 0x20, 0x20, 0x20, 0x20, 0x20, 0x20, 0x20, 0x20, 0x20, 0x65, 0x6c, 0x73, 0x65, 0x0a, //            else.
	0x20, 0x20, 0x20, 0x20, 0x20, 0x20, 0x20, 0x20, 0x20, 0x20, 0x20, 0x20, 0x7b, 0x0a, 0x20, 0x20, //             {.  
	0x20, 0x20, 0x20, 0x20, 0x20, 0x20, 0x20, 0x20, 0x20, 0x20, 0x20, 0x20, 0x20, 0x20, 0x5f, 0x35, //               _5
	0x36, 0x36, 0x20, 0x3d, 0x20, 0x28, 0x31, 0x2e, 0x30, 0x35, 0x34, 0x39, 0x39, 0x39, 0x39, 0x34, // 66 = (1.05499994
	0x37, 0x35, 0x34, 0x37, 0x39, 0x31, 0x32, 0x35, 0x39, 0x37, 0x36, 0x35, 0x36, 0x32, 0x35, 0x20, // 754791259765625 
	0x2a, 0x20, 0x70, 0x6f, 0x77, 0x28, 0x5f, 0x34, 0x33, 0x32, 0x2c, 0x20, 0x30, 0x2e, 0x34, 0x31, // * pow(_432, 0.41
	0x36, 0x36, 0x36, 0x36, 0x36, 0x35, 0x36, 0x37, 0x33, 0x32, 0x35, 0x35, 0x39, 0x32, 0x30, 0x34, // 6666656732559204
	0x31, 0x30, 0x31, 0x35, 0x36, 0x32, 0x35, 0x29, 0x29, 0x20, 0x2d, 0x20, 0x30, 0x2e, 0x30, 0x35, // 1015625)) - 0.05
	0x34, 0x39, 0x39, 0x39, 0x39, 0x39, 0x39, 0x37, 0x30, 0x31, 0x39, 0x37, 0x36, 0x37, 0x37, 0x36, // 4999999701976776
	0x31, 0x32, 0x33, 0x30, 0x34, 0x36, 0x38, 0x37, 0x35, 0x3b, 0x0a, 0x20, 0x20, 0x20, 0x20, 0x20, // 123046875;.     
	0x20, 0x20, 0x20, 0x20, 0x20, 0x20, 0x20, 0x20, 0x20, 0x20, 0x20, 0x62, 0x72, 0x65, 0x61, 0x6b, //            break
	0x3b, 0x0a, 0x20, 0x20, 0x20, 0x20, 0x20, 0x20, 0x20, 0x20, 0x20, 0x20, 0x20, 0x20, 0x7d, 0x0a, // ;.            }.
	0x20, 0x20, 0x20, 0x20, 0x20, 0x20, 0x20, 0x20, 0x20, 0x20, 0x20, 0x20, 0x62, 0x72, 0x65, 0x61, //             brea
	0x6b, 0x3b, 0x20, 0x2f, 0x2f, 0x20, 0x75, 0x6e, 0x72, 0x65, 0x61, 0x63, 0x68, 0x61, 0x62, 0x6c, // k; // unreachabl
	0x65, 0x20, 0x77, 0x6f, 0x72, 0x6b, 0x61, 0x72, 0x6f, 0x75, 0x6e, 0x64, 0x0a, 0x20, 0x20, 0x20, // e workaround.   
	0x20, 0x20, 0x20, 0x20, 0x20, 0x7d, 0x20, 0x77, 0x68, 0x69, 0x6c, 0x65, 0x28, 0x66, 0x61, 0x6c, //      } while(fal
	0x73, 0x65, 0x29, 0x3b, 0x0a, 0x20, 0x20, 0x20, 0x20, 0x20, 0x20, 0x20, 0x20, 0x5f, 0x35, 0x36, // se);.        _56
	0x38, 0x20, 0x3d, 0x20, 0x76, 0x65, 0x63, 0x33, 0x28, 0x5f, 0x35, 0x36, 0x32, 0x2c, 0x20, 0x5f, // 8 = vec3(_562, _
	0x35, 0x36, 0x34, 0x2c, 0x20, 0x5f, 0x35, 0x36, 0x36, 0x29, 0x3b, 0x0a, 0x20, 0x20, 0x20, 0x20, // 564, _566);.    
	0x7d, 0x0a, 0x20, 0x20, 0x20, 0x20, 0x65, 0x6c, 0x73, 0x65, 0x0a, 0x20, 0x20, 0x20, 0x20, 0x7b, // }.    else.    {
	0x0a, 0x20, 0x20, 0x20, 0x20, 0x20, 0x20, 0x20, 0x20, 0x76, 0x65, 0x63, 0x33, 0x20, 0x5f, 0x35, // .        vec3 _5
	0x36, 0x39, 0x3b, 0x0a, 0x20, 0x20, 0x20, 0x20, 0x20, 0x20, 0x20, 0x20, 0x69, 0x66, 0x20, 0x28, // 69;.        if (
	0x75, 0x5f, 0x70, 0x61, 0x72, 0x61, 0x6d, 0x73, 0x31, 0x2e, 0x78, 0x20, 0x3c, 0x20, 0x31, 0x2e, // u_params1.x < 1.
	0x35, 0x29, 0x0a, 0x20, 0x20, 0x20, 0x20, 0x20, 0x20, 0x20, 0x20, 0x7b, 0x0a, 0x20, 0x20, 0x20, // 5).        {.   
	0x20, 0x20, 0x20, 0x20, 0x20, 0x20, 0x20, 0x20, 0x20, 0x5f, 0x35, 0x36, 0x39, 0x20, 0x3d, 0x20, //          _569 = 
	0x5f, 0x33, 0x30, 0x32, 0x2e, 0x78, 0x79, 0x7a, 0x3b, 0x0a, 0x20, 0x20, 0x20, 0x20, 0x20, 0x20, // _302.xyz;.      
	0x20, 0x20, 0x7d, 0x0a, 0x20, 0x20, 0x20, 0x20, 0x20, 0x20, 0x20, 0x20, 0x65, 0x6c, 0x73, 0x65, //   }.        else
	0x0a, 0x20, 0x20, 0x20, 0x20, 0x20, 0x20, 0x20, 0x20, 0x7b, 0x0a, 0x20, 0x20, 0x20, 0x20, 0x20, // .        {.     
	0x20, 0x20, 0x20, 0x20, 0x20, 0x20, 0x20, 0x76, 0x65, 0x63, 0x33, 0x20, 0x5f, 0x35, 0x37, 0x30, //        vec3 _570
	0x3b, 0x0a, 0x20, 0x20, 0x20, 0x20, 0x20, 0x20, 0x20, 0x20, 0x20, 0x20, 0x20, 0x20, 0x69, 0x66, // ;.            if
	0x20, 0x28, 0x75, 0x5f, 0x70, 0x61, 0x72, 0x61, 0x6d, 0x73, 0x31, 0x2e, 0x78, 0x20, 0x3c, 0x20, //  (u_params1.x < 
	0x32, 0x2e, 0x35, 0x29, 0x0a, 0x20, 0x20, 0x20, 0x20, 0x20, 0x20, 0x20, 0x20, 0x20, 0x20, 0x20, // 2.5).           
	0x20, 0x7b, 0x0a, 0x20, 0x20, 0x20, 0x20, 0x20, 0x20, 0x20, 0x20, 0x20, 0x20, 0x20, 0x20, 0x20, //  {.             
	0x20, 0x20, 0x20, 0x76, 0x65, 0x63, 0x33, 0x20, 0x5f, 0x35, 0x31, 0x37, 0x20, 0x3d, 0x20, 0x70, //    vec3 _517 = p
	0x6f, 0x77, 0x28, 0x28, 0x28, 0x6d, 0x61, 0x74, 0x33, 0x28, 0x76, 0x65, 0x63, 0x33, 0x28, 0x31, // ow(((mat3(vec3(1
	0x2e, 0x37, 0x31, 0x36, 0x36, 0x35, 0x31, 0x32, 0x30, 0x31, 0x32, 0x34, 0x38, 0x31, 0x36, 0x38, // .716651201248168
	0x39, 0x34, 0x35, 0x33, 0x31, 0x32, 0x35, 0x2c, 0x20, 0x2d, 0x30, 0x2e, 0x33, 0x35, 0x35, 0x36, // 9453125, -0.3556
	0x37, 0x30, 0x38, 0x30, 0x39, 0x37, 0x34, 0x35, 0x37, 0x38, 0x38, 0x35, 0x37, 0x34, 0x32, 0x31, // 7080974578857421
	0x38, 0x37, 0x35, 0x2c, 0x20, 0x2d, 0x30, 0x2e, 0x32, 0x35, 0x33, 0x33, 0x36, 0x36, 0x32, 0x39, // 875, -0.25336629
	0x31, 0x35, 0x32, 0x32, 0x39, 0x37, 0x39, 0x37, 0x33, 0x36, 0x33, 0x32, 0x38, 0x31, 0x32, 0x35, // 1522979736328125
	0x29, 0x2c, 0x20, 0x76, 0x65, 0x63, 0x33, 0x28, 0x2d, 0x30, 0x2e, 0x36, 0x36, 0x36, 0x36, 0x38, // ), vec3(-0.66668
	0x34, 0x33, 0x38, 0x39, 0x31, 0x31, 0x34, 0x33, 0x37, 0x39, 0x38, 0x38, 0x32, 0x38, 0x31, 0x32, // 4389114379882812
	0x35, 0x2c, 0x20, 0x31, 0x2e, 0x36, 0x31, 0x36, 0x34, 0x38, 0x31, 0x31, 0x38, 0x34, 0x39, 0x35, // 5, 1.61648118495
	0x39, 0x34, 0x31, 0x31, 0x36, 0x32, 0x31, 0x30, 0x39, 0x33, 0x37, 0x35, 0x2c, 0x20, 0x30, 0x2e, // 941162109375, 0.
	0x30, 0x31, 0x35, 0x37, 0x36, 0x38, 0x35, 0x30, 0x30, 0x30, 0x34, 0x34, 0x39, 0x34, 0x31, 0x39, // 0157685000449419
	0x30, 0x32, 0x31, 0x36, 0x30, 0x36, 0x34, 0x34, 0x35, 0x33, 0x31, 0x32, 0x35, 0x29, 0x2c, 0x20, // 0216064453125), 
	0x76, 0x65, 0x63, 0x33, 0x28, 0x30, 0x2e, 0x30, 0x31, 0x37, 0x36, 0x33, 0x39, 0x38, 0x39, 0x39, // vec3(0.017639899
	0x36, 0x32, 0x36, 0x33, 0x37, 0x34, 0x32, 0x34, 0x34, 0x36, 0x38, 0x39, 0x39, 0x34, 0x31, 0x34, // 6263742446899414
	0x30, 0x36, 0x32, 0x35, 0x2c, 0x20, 0x2d, 0x30, 0x2e, 0x30, 0x34, 0x32, 0x37, 0x37, 0x30, 0x36, // 0625, -0.0427706
	0x30, 0x31, 0x38, 0x30, 0x39, 0x30, 0x32, 0x34, 0x38, 0x31, 0x30, 0x37, 0x39, 0x31, 0x30, 0x31, // 0180902481079101
	0x35, 0x36, 0x32, 0x35, 0x2c, 0x20, 0x30, 0x2e, 0x39, 0x34, 0x32, 0x31, 0x30, 0x33, 0x30, 0x38, // 5625, 0.94210308
	0x37, 0x39, 0x30, 0x32, 0x30, 0x36, 0x39, 0x30, 0x39, 0x31, 0x37, 0x39, 0x36, 0x38, 0x37, 0x35, // 7902069091796875
	0x29, 0x29, 0x20, 0x2a, 0x20, 0x28, 0x6d, 0x61, 0x74, 0x33, 0x28, 0x76, 0x65, 0x63, 0x33, 0x28, // )) * (mat3(vec3(
	0x30, 0x2e, 0x34, 0x31, 0x32, 0x35, 0x35, 0x36, 0x34, 0x30, 0x39, 0x38, 0x33, 0x35, 0x38, 0x31, // 0.41255640983581
	0x35, 0x34, 0x32, 0x39, 0x36, 0x38, 0x37, 0x35, 0x2c, 0x20, 0x30, 0x2e, 0x33, 0x35, 0x37, 0x35, // 54296875, 0.3575
	0x37, 0x36, 0x31, 0x30, 0x32, 0x30, 0x31, 0x38, 0x33, 0x35, 0x36, 0x33, 0x32, 0x33, 0x32, 0x34, // 7610201835632324
	0x32, 0x31, 0x38, 0x37, 0x35, 0x2c, 0x20, 0x30, 0x2e, 0x31, 0x38, 0x30, 0x34, 0x33, 0x37, 0x35, // 21875, 0.1804375
	0x30, 0x35, 0x32, 0x34, 0x35, 0x32, 0x30, 0x38, 0x37, 0x34, 0x30, 0x32, 0x33, 0x34, 0x33, 0x37, // 0524520874023437
	0x35, 0x29, 0x2c, 0x20, 0x76, 0x65, 0x63, 0x33, 0x28, 0x30, 0x2e, 0x32, 0x31, 0x32, 0x36, 0x37, // 5), vec3(0.21267
	0x32, 0x39, 0x30, 0x34, 0x31, 0x33, 0x33, 0x37, 0x39, 0x36, 0x36, 0x39, 0x31, 0x38, 0x39, 0x34, // 2904133796691894
	0x35, 0x33, 0x31, 0x32, 0x35, 0x2c, 0x20, 0x30, 0x2e, 0x37, 0x31, 0x35, 0x31, 0x35, 0x32, 0x32, // 53125, 0.7151522
	0x30, 0x34, 0x30, 0x33, 0x36, 0x37, 0x31, 0x32, 0x36, 0x34, 0x36, 0x34, 0x38, 0x34, 0x33, 0x37, // 0403671264648437
	0x35, 0x2c, 0x20, 0x30, 0x2e, 0x30, 0x37, 0x32, 0x31, 0x37, 0x35, 0x30, 0x30, 0x33, 0x35, 0x38, // 5, 0.07217500358
	0x38, 0x31, 0x39, 0x39, 0x36, 0x31, 0x35, 0x34, 0x37, 0x38, 0x35, 0x31, 0x35, 0x36, 0x32, 0x35, // 8199615478515625
	0x29, 0x2c, 0x20, 0x76, 0x65, 0x63, 0x33, 0x28, 0x30, 0x2e, 0x30, 0x31, 0x39, 0x33, 0x33, 0x33, // ), vec3(0.019333
	0x39, 0x30, 0x30, 0x38, 0x38, 0x33, 0x37, 0x39, 0x33, 0x38, 0x33, 0x30, 0x38, 0x37, 0x31, 0x35, // 9008837938308715
	0x38, 0x32, 0x30, 0x33, 0x31, 0x32, 0x35, 0x2c, 0x20, 0x30, 0x2e, 0x31, 0x31, 0x39, 0x31, 0x39, // 8203125, 0.11919
	0x31, 0x39, 0x39, 0x36, 0x37, 0x35, 0x33, 0x32, 0x31, 0x35, 0x37, 0x38, 0x39, 0x37, 0x39, 0x34, // 1996753215789794
	0x39, 0x32, 0x31, 0x38, 0x37, 0x35, 0x2c, 0x20, 0x30, 0x2e, 0x39, 0x35, 0x30, 0x33, 0x30, 0x34, // 921875, 0.950304
	0x30, 0x39, 0x30, 0x39, 0x37, 0x36, 0x37, 0x31, 0x35, 0x30, 0x38, 0x37, 0x38, 0x39, 0x30, 0x36, // 0909767150878906
	0x32, 0x35, 0x29, 0x29, 0x20, 0x2a, 0x20, 0x5f, 0x33, 0x30, 0x32, 0x2e, 0x78, 0x79, 0x7a, 0x29, // 25)) * _302.xyz)
	0x29, 0x20, 0x2a, 0x20, 0x75, 0x5f, 0x70, 0x61, 0x72, 0x61, 0x6d, 0x73, 0x31, 0x2e, 0x79, 0x29, // ) * u_params1.y)
	0x20, 0x2a, 0x20, 0x39, 0x2e, 0x39, 0x39, 0x39, 0x39, 0x39, 0x39, 0x37, 0x34, 0x37, 0x33, 0x37, //  * 9.99999974737
	0x38, 0x37, 0x35, 0x31, 0x36, 0x33, 0x35, 0x35, 0x35, 0x31, 0x34, 0x35, 0x32, 0x36, 0x33, 0x36, // 8751635551452636
	0x37, 0x31, 0x38, 0x38, 0x65, 0x2d, 0x30, 0x35, 0x2c, 0x20, 0x76, 0x65, 0x63, 0x33, 0x28, 0x30, // 7188e-05, vec3(0
	0x2e, 0x31, 0x35, 0x39, 0x33, 0x30, 0x31, 0x37, 0x35, 0x37, 0x38, 0x31, 0x32, 0x35, 0x29, 0x29, // .1593017578125))
	0x3b, 0x0a, 0x20, 0x20, 0x20, 0x20, 0x20, 0x20, 0x20, 0x20, 0x20, 0x20, 0x20, 0x20, 0x20, 0x20, // ;.              
	0x20, 0x20, 0x5f, 0x35, 0x37, 0x30, 0x20, 0x3d, 0x20, 0x70, 0x6f, 0x77, 0x28, 0x28, 0x76, 0x65, //   _570 = pow((ve
	0x63, 0x33, 0x28, 0x30, 0x2e, 0x38, 0x33, 0x35, 0x39, 0x33, 0x37, 0x35, 0x29, 0x20, 0x2b, 0x20, // c3(0.8359375) + 
	0x28, 0x5f, 0x35, 0x31, 0x37, 0x20, 0x2a, 0x20, 0x31, 0x38, 0x2e, 0x38, 0x35, 0x31, 0x35, 0x36, // (_517 * 18.85156
	0x32, 0x35, 0x29, 0x29, 0x20, 0x2f, 0x20, 0x28, 0x76, 0x65, 0x63, 0x33, 0x28, 0x31, 0x2e, 0x30, // 25)) / (vec3(1.0
	0x29, 0x20, 0x2b, 0x20, 0x28, 0x5f, 0x35, 0x31, 0x37, 0x20, 0x2a, 0x20, 0x31, 0x38, 0x2e, 0x36, // ) + (_517 * 18.6
	0x38, 0x37, 0x35, 0x29, 0x29, 0x2c, 0x20, 0x76, 0x65, 0x63, 0x33, 0x28, 0x37, 0x38, 0x2e, 0x38, // 875)), vec3(78.8
	0x34, 0x33, 0x37, 0x35, 0x29, 0x29, 0x3b, 0x0a, 0x20, 0x20, 0x20, 0x20, 0x20, 0x20, 0x20, 0x20, // 4375));.        
	0x20, 0x20, 0x20, 0x20, 0x7d, 0x0a, 0x20, 0x20, 0x20, 0x20, 0x20, 0x20, 0x20, 0x20, 0x20, 0x20, //     }.          
	0x20, 0x20, 0x65, 0x6c, 0x73, 0x65, 0x0a, 0x20, 0x20, 0x20, 0x20, 0x20, 0x20, 0x20, 0x20, 0x20, //   else.         
	0x20, 0x20, 0x20, 0x7b, 0x0a, 0x20, 0x20, 0x20, 0x20, 0x20, 0x20, 0x20, 0x20, 0x20, 0x20, 0x20, //    {.           
	0x20, 0x20, 0x20, 0x20, 0x20, 0x5f, 0x35, 0x37, 0x30, 0x20, 0x3d, 0x20, 0x76, 0x65, 0x63, 0x33, //      _570 = vec3
	0x28, 0x30, 0x2e, 0x30, 0x29, 0x3b, 0x0a, 0x20, 0x20, 0x20, 0x20, 0x20, 0x20, 0x20, 0x20, 0x20, // (0.0);.         
	0x20, 0x20, 0x20, 0x7d, 0x0a, 0x20, 0x20, 0x20, 0x20, 0x20, 0x20, 0x20, 0x20, 0x20, 0x20, 0x20, //    }.           
	0x20, 0x5f, 0x35, 0x36, 0x39, 0x20, 0x3d, 0x20, 0x5f, 0x35, 0x37, 0x30, 0x3b, 0x0a, 0x20, 0x20, //  _569 = _570;.  
	0x20, 0x20, 0x20, 0x20, 0x20, 0x20, 0x7d, 0x0a, 0x20, 0x20, 0x20, 0x20, 0x20, 0x20, 0x20, 0x20, //       }.        
	0x5f, 0x35, 0x36, 0x38, 0x20, 0x3d, 0x20, 0x5f, 0x35, 0x36, 0x39, 0x3b, 0x0a, 0x20, 0x20, 0x20, // _568 = _569;.   
	0x20, 0x7d, 0x0a, 0x20, 0x20, 0x20, 0x20, 0x62, 0x67, 0x66, 0x78, 0x5f, 0x46, 0x72, 0x61, 0x67, //  }.    bgfx_Frag
	0x43, 0x6f, 0x6c, 0x6f, 0x72, 0x20, 0x3d, 0x20, 0x76, 0x65, 0x63, 0x34, 0x28, 0x5f, 0x35, 0x36, // Color = vec4(_56
	0x38, 0x2c, 0x20, 0x5f, 0x33, 0x30, 0x32, 0x2e, 0x77, 0x29, 0x3b, 0x0a, 0x7d, 0x0a, 0x0a, 0x00, // 8, _302.w);.}...
};
static const uint8_t fs_texture_cube_essl[3768] =
{
	0x46, 0x53, 0x48, 0x0c, 0x01, 0x83, 0xf2, 0xe1, 0x00, 0x00, 0x00, 0x00, 0x00, 0x00, 0x00, 0x00, // FSH.............
	0x00, 0x00, 0x00, 0x00, 0x04, 0x00, 0x09, 0x75, 0x5f, 0x70, 0x61, 0x72, 0x61, 0x6d, 0x73, 0x30, // .......u_params0
	0x02, 0x01, 0x00, 0x00, 0x01, 0x00, 0x00, 0x00, 0x00, 0x00, 0x05, 0x75, 0x5f, 0x6d, 0x74, 0x78, // ...........u_mtx
	0x04, 0x01, 0x00, 0x00, 0x04, 0x00, 0x00, 0x00, 0x00, 0x00, 0x09, 0x75, 0x5f, 0x70, 0x61, 0x72, // ...........u_par
	0x61, 0x6d, 0x73, 0x31, 0x02, 0x01, 0x00, 0x00, 0x01, 0x00, 0x00, 0x00, 0x00, 0x00, 0x0a, 0x73, // ams1...........s
	0x5f, 0x74, 0x65, 0x78, 0x43, 0x6f, 0x6c, 0x6f, 0x72, 0x00, 0x01, 0x00, 0x00, 0x01, 0x00, 0x00, // _texColor.......
	0x04, 0x00, 0x00, 0x50, 0x0e, 0x00, 0x00, 0x70, 0x72, 0x65, 0x63, 0x69, 0x73, 0x69, 0x6f, 0x6e, // ...P...precision
	0x20, 0x6d, 0x65, 0x64, 0x69, 0x75, 0x6d, 0x70, 0x20, 0x66, 0x6c, 0x6f, 0x61, 0x74, 0x3b, 0x0a, //  mediump float;.
	0x70, 0x72, 0x65, 0x63, 0x69, 0x73, 0x69, 0x6f, 0x6e, 0x20, 0x68, 0x69, 0x67, 0x68, 0x70, 0x20, // precision highp 
	0x69, 0x6e, 0x74, 0x3b, 0x0a, 0x0a, 0x75, 0x6e, 0x69, 0x66, 0x6f, 0x72, 0x6d, 0x20, 0x68, 0x69, // int;..uniform hi
	0x67, 0x68, 0x70, 0x20, 0x76, 0x65, 0x63, 0x34, 0x20, 0x75, 0x5f, 0x70, 0x61, 0x72, 0x61, 0x6d, // ghp vec4 u_param
	0x73, 0x30, 0x3b, 0x0a, 0x75, 0x6e, 0x69, 0x66, 0x6f, 0x72, 0x6d, 0x20, 0x68, 0x69, 0x67, 0x68, // s0;.uniform high
	0x70, 0x20, 0x6d, 0x61, 0x74, 0x34, 0x20, 0x75, 0x5f, 0x6d, 0x74, 0x78, 0x3b, 0x0a, 0x75, 0x6e, // p mat4 u_mtx;.un
	0x69, 0x66, 0x6f, 0x72, 0x6d, 0x20, 0x68, 0x69, 0x67, 0x68, 0x70, 0x20, 0x73, 0x61, 0x6d, 0x70, // iform highp samp
	0x6c, 0x65, 0x72, 0x43, 0x75, 0x62, 0x65, 0x20, 0x73, 0x5f, 0x74, 0x65, 0x78, 0x43, 0x6f, 0x6c, // lerCube s_texCol
	0x6f, 0x72, 0x3b, 0x0a, 0x75, 0x6e, 0x69, 0x66, 0x6f, 0x72, 0x6d, 0x20, 0x68, 0x69, 0x67, 0x68, // or;.uniform high
	0x70, 0x20, 0x76, 0x65, 0x63, 0x34, 0x20, 0x75, 0x5f, 0x70, 0x61, 0x72, 0x61, 0x6d, 0x73, 0x31, // p vec4 u_params1
	0x3b, 0x0a, 0x0a, 0x69, 0x6e, 0x20, 0x68, 0x69, 0x67, 0x68, 0x70, 0x20, 0x76, 0x65, 0x63, 0x33, // ;..in highp vec3
	0x20, 0x76, 0x5f, 0x74, 0x65, 0x78, 0x63, 0x6f, 0x6f, 0x72, 0x64, 0x30, 0x3b, 0x0a, 0x69, 0x6e, //  v_texcoord0;.in
	0x20, 0x68, 0x69, 0x67, 0x68, 0x70, 0x20, 0x76, 0x65, 0x63, 0x34, 0x20, 0x76, 0x5f, 0x63, 0x6f, //  highp vec4 v_co
	0x6c, 0x6f, 0x72, 0x30, 0x3b, 0x0a, 0x6c, 0x61, 0x79, 0x6f, 0x75, 0x74, 0x28, 0x6c, 0x6f, 0x63, // lor0;.layout(loc
	0x61, 0x74, 0x69, 0x6f, 0x6e, 0x20, 0x3d, 0x20, 0x30, 0x29, 0x20, 0x6f, 0x75, 0x74, 0x20, 0x68, // ation = 0) out h
	0x69, 0x67, 0x68, 0x70, 0x20, 0x76, 0x65, 0x63, 0x34, 0x20, 0x62, 0x67, 0x66, 0x78, 0x5f, 0x46, // ighp vec4 bgfx_F
	0x72, 0x61, 0x67, 0x43, 0x6f, 0x6c, 0x6f, 0x72, 0x3b, 0x0a, 0x0a, 0x76, 0x6f, 0x69, 0x64, 0x20, // ragColor;..void 
	0x6d, 0x61, 0x69, 0x6e, 0x28, 0x29, 0x0a, 0x7b, 0x0a, 0x20, 0x20, 0x20, 0x20, 0x68, 0x69, 0x67, // main().{.    hig
	0x68, 0x70, 0x20, 0x76, 0x65, 0x63, 0x34, 0x20, 0x5f, 0x32, 0x38, 0x37, 0x20, 0x3d, 0x20, 0x74, // hp vec4 _287 = t
	0x65, 0x78, 0x74, 0x75, 0x72, 0x65, 0x4c, 0x6f, 0x64, 0x28, 0x73, 0x5f, 0x74, 0x65, 0x78, 0x43, // extureLod(s_texC
	0x6f, 0x6c, 0x6f, 0x72, 0x2c, 0x20, 0x6e, 0x6f, 0x72, 0x6d, 0x61, 0x6c, 0x69, 0x7a, 0x65, 0x28, // olor, normalize(
	0x28, 0x75, 0x5f, 0x6d, 0x74, 0x78, 0x20, 0x2a, 0x20, 0x76, 0x65, 0x63, 0x34, 0x28, 0x28, 0x28, // (u_mtx * vec4(((
	0x76, 0x5f, 0x74, 0x65, 0x78, 0x63, 0x6f, 0x6f, 0x72, 0x64, 0x30, 0x2e, 0x78, 0x79, 0x20, 0x2a, // v_texcoord0.xy *
	0x20, 0x32, 0x2e, 0x30, 0x29, 0x20, 0x2d, 0x20, 0x76, 0x65, 0x63, 0x32, 0x28, 0x31, 0x2e, 0x30, //  2.0) - vec2(1.0
	0x29, 0x29, 0x20, 0x2a, 0x20, 0x76, 0x65, 0x63, 0x32, 0x28, 0x31, 0x2e, 0x30, 0x2c, 0x20, 0x2d, // )) * vec2(1.0, -
	0x31, 0x2e, 0x30, 0x29, 0x2c, 0x20, 0x31, 0x2e, 0x30, 0x2c, 0x20, 0x30, 0x2e, 0x30, 0x29, 0x29, // 1.0), 1.0, 0.0))
	0x2e, 0x78, 0x79, 0x7a, 0x29, 0x2c, 0x20, 0x75, 0x5f, 0x70, 0x61, 0x72, 0x61, 0x6d, 0x73, 0x30, // .xyz), u_params0
	0x2e, 0x78, 0x29, 0x3b, 0x0a, 0x20, 0x20, 0x20, 0x20, 0x68, 0x69, 0x67, 0x68, 0x70, 0x20, 0x76, // .x);.    highp v
	0x65, 0x63, 0x33, 0x20, 0x5f, 0x32, 0x39, 0x30, 0x20, 0x3d, 0x20, 0x5f, 0x32, 0x38, 0x37, 0x2e, // ec3 _290 = _287.
	0x78, 0x79, 0x7a, 0x3b, 0x0a, 0x20, 0x20, 0x20, 0x20, 0x68, 0x69, 0x67, 0x68, 0x70, 0x20, 0x76, // xyz;.    highp v
	0x65, 0x63, 0x33, 0x20, 0x5f, 0x33, 0x35, 0x34, 0x20, 0x3d, 0x20, 0x6d, 0x69, 0x78, 0x28, 0x70, // ec3 _354 = mix(p
	0x6f, 0x77, 0x28, 0x61, 0x62, 0x73, 0x28, 0x5f, 0x32, 0x39, 0x30, 0x29, 0x2c, 0x20, 0x76, 0x65, // ow(abs(_290), ve
	0x63, 0x33, 0x28, 0x32, 0x2e, 0x32, 0x30, 0x30, 0x30, 0x30, 0x30, 0x30, 0x34, 0x37, 0x36, 0x38, // c3(2.20000004768
	0x33, 0x37, 0x31, 0x35, 0x38, 0x32, 0x30, 0x33, 0x31, 0x32, 0x35, 0x29, 0x29, 0x2c, 0x20, 0x5f, // 37158203125)), _
	0x32, 0x39, 0x30, 0x2c, 0x20, 0x76, 0x65, 0x63, 0x33, 0x28, 0x75, 0x5f, 0x70, 0x61, 0x72, 0x61, // 290, vec3(u_para
	0x6d, 0x73, 0x30, 0x2e, 0x7a, 0x29, 0x29, 0x20, 0x2a, 0x20, 0x70, 0x6f, 0x77, 0x28, 0x32, 0x2e, // ms0.z)) * pow(2.
	0x30, 0x2c, 0x20, 0x75, 0x5f, 0x70, 0x61, 0x72, 0x61, 0x6d, 0x73, 0x30, 0x2e, 0x77, 0x29, 0x3b, // 0, u_params0.w);
	0x0a, 0x20, 0x20, 0x20, 0x20, 0x68, 0x69, 0x67, 0x68, 0x70, 0x20, 0x76, 0x65, 0x63, 0x34, 0x20, // .    highp vec4 
	0x5f, 0x35, 0x34, 0x37, 0x20, 0x3d, 0x20, 0x5f, 0x32, 0x38, 0x37, 0x3b, 0x0a, 0x20, 0x20, 0x20, // _547 = _287;.   
	0x20, 0x5f, 0x35, 0x34, 0x37, 0x2e, 0x78, 0x20, 0x3d, 0x20, 0x5f, 0x33, 0x35, 0x34, 0x2e, 0x78, //  _547.x = _354.x
	0x3b, 0x0a, 0x20, 0x20, 0x20, 0x20, 0x5f, 0x35, 0x34, 0x37, 0x2e, 0x79, 0x20, 0x3d, 0x20, 0x5f, // ;.    _547.y = _
	0x33, 0x35, 0x34, 0x2e, 0x79, 0x3b, 0x0a, 0x20, 0x20, 0x20, 0x20, 0x5f, 0x35, 0x34, 0x37, 0x2e, // 354.y;.    _547.
	0x7a, 0x20, 0x3d, 0x20, 0x5f, 0x33, 0x35, 0x34, 0x2e, 0x7a, 0x3b, 0x0a, 0x20, 0x20, 0x20, 0x20, // z = _354.z;.    
	0x68, 0x69, 0x67, 0x68, 0x70, 0x20, 0x76, 0x65, 0x63, 0x34, 0x20, 0x5f, 0x33, 0x30, 0x32, 0x20, // highp vec4 _302 
	0x3d, 0x20, 0x5f, 0x35, 0x34, 0x37, 0x20, 0x2a, 0x20, 0x76, 0x5f, 0x63, 0x6f, 0x6c, 0x6f, 0x72, // = _547 * v_color
	0x30, 0x3b, 0x0a, 0x20, 0x20, 0x20, 0x20, 0x68, 0x69, 0x67, 0x68, 0x70, 0x20, 0x76, 0x65, 0x63, // 0;.    highp vec
	0x33, 0x20, 0x5f, 0x35, 0x36, 0x38, 0x3b, 0x0a, 0x20, 0x20, 0x20, 0x20, 0x69, 0x66, 0x20, 0x28, // 3 _568;.    if (
	0x75, 0x5f, 0x70, 0x61, 0x72, 0x61, 0x6d, 0x73, 0x31, 0x2e, 0x78, 0x20, 0x3c, 0x20, 0x30, 0x2e, // u_params1.x < 0.
	0x35, 0x29, 0x0a, 0x20, 0x20, 0x20, 0x20, 0x7b, 0x0a, 0x20, 0x20, 0x20, 0x20, 0x20, 0x20, 0x20, // 5).    {.       
	0x20, 0x68, 0x69, 0x67, 0x68, 0x70, 0x20, 0x76, 0x65, 0x63, 0x33, 0x20, 0x5f, 0x33, 0x38, 0x33, //  highp vec3 _383
	0x20, 0x3d, 0x20, 0x63, 0x6c, 0x61, 0x6d, 0x70, 0x28, 0x5f, 0x33, 0x30, 0x32, 0x2e, 0x78, 0x79, //  = clamp(_302.xy
	0x7a, 0x2c, 0x20, 0x76, 0x65, 0x63, 0x33, 0x28, 0x30, 0x2e, 0x30, 0x29, 0x2c, 0x20, 0x76, 0x65, // z, vec3(0.0), ve
	0x63, 0x33, 0x28, 0x31, 0x2e, 0x30, 0x29, 0x29, 0x3b, 0x0a, 0x20, 0x20, 0x20, 0x20, 0x20, 0x20, // c3(1.0));.      
	0x20, 0x20, 0x68, 0x69, 0x67, 0x68, 0x70, 0x20, 0x66, 0x6c, 0x6f, 0x61, 0x74, 0x20, 0x5f, 0x34, //   highp float _4
	0x32, 0x34, 0x20, 0x3d, 0x20, 0x5f, 0x33, 0x38, 0x33, 0x2e, 0x78, 0x3b, 0x0a, 0x20, 0x20, 0x20, // 24 = _383.x;.   
	0x20, 0x20, 0x20, 0x20, 0x20, 0x68, 0x69, 0x67, 0x68, 0x70, 0x20, 0x66, 0x6c, 0x6f, 0x61, 0x74, //      highp float
	0x20, 0x5f, 0x35, 0x36, 0x32, 0x3b, 0x0a, 0x20, 0x20, 0x20, 0x20, 0x20, 0x20, 0x20, 0x20, 0x64, //  _562;.        d
	0x6f, 0x0a, 0x20, 0x20, 0x20, 0x20, 0x20, 0x20, 0x20, 0x20, 0x7b, 0x0a, 0x20, 0x20, 0x20, 0x20, // o.        {.    
	0x20, 0x20, 0x20, 0x20, 0x20, 0x20, 0x20, 0x20, 0x69, 0x66, 0x20, 0x28, 0x5f, 0x34, 0x32, 0x34, //         if (_424
	0x20, 0x3c, 0x3d, 0x20, 0x30, 0x2e, 0x30, 0x30, 0x33, 0x31, 0x33, 0x30, 0x38, 0x30, 0x30, 0x30, //  <= 0.0031308000
	0x39, 0x30, 0x37, 0x33, 0x30, 0x31, 0x39, 0x30, 0x32, 0x37, 0x37, 0x30, 0x39, 0x39, 0x36, 0x30, // 9073019027709960
	0x39, 0x33, 0x37, 0x35, 0x29, 0x0a, 0x20, 0x20, 0x20, 0x20, 0x20, 0x20, 0x20, 0x20, 0x20, 0x20, // 9375).          
	0x20, 0x20, 0x7b, 0x0a, 0x20, 0x20, 0x20, 0x20, 0x20, 0x20, 0x20, 0x20, 0x20, 0x20, 0x20, 0x20, //   {.            
	0x20, 0x20, 0x20, 0x20, 0x5f, 0x35, 0x36, 0x32, 0x20, 0x3d, 0x20, 0x31, 0x32, 0x2e, 0x39, 0x32, //     _562 = 12.92
	0x30, 0x30, 0x30, 0x30, 0x30, 0x37, 0x36, 0x32, 0x39, 0x33, 0x39, 0x34, 0x35, 0x33, 0x31, 0x32, // 0000076293945312
	0x35, 0x20, 0x2a, 0x20, 0x5f, 0x34, 0x32, 0x34, 0x3b, 0x0a, 0x20, 0x20, 0x20, 0x20, 0x20, 0x20, // 5 * _424;.      
	0x20, 0x20, 0x20, 0x20, 0x20, 0x20, 0x20, 0x20, 0x20, 0x20, 0x62, 0x72, 0x65, 0x61, 0x6b, 0x3b, //           break;
	0x0a, 0x20, 0x20, 0x20, 0x20, 0x20, 0x20, 0x20, 0x20, 0x20, 0x20, 0x20, 0x20, 0x7d, 0x0a, 0x20, // .            }. 
	0x20, 0x20, 0x20, 0x20, 0x20, 0x20, 0x20, 0x20, 0x20, 0x20, 0x20, 0x65, 0x6c, 0x73, 0x65, 0x0a, //            else.
	0x20, 0x20, 0x20, 0x20, 0x20, 0x20, 0x20, 0x20, 0x20, 0x20, 0x20, 0x20, 0x7b, 0x0a, 0x20, 0x20, //             {.  
	0x20, 0x20, 0x20, 0x20, 0x20, 0x20, 0x20, 0x20, 0x20, 0x20, 0x20, 0x20, 0x20, 0x20, 0x5f, 0x35, //               _5
	0x36, 0x32, 0x20, 0x3d, 0x20, 0x28, 0x31, 0x2e, 0x30, 0x35, 0x34, 0x39, 0x39, 0x39, 0x39, 0x34, // 62 = (1.05499994
	0x37, 0x35, 0x34, 0x37, 0x39, 0x31, 0x32, 0x35, 0x39, 0x37, 0x36, 0x35, 0x36, 0x32, 0x35, 0x20, // 754791259765625 
	0x2a, 0x20, 0x70, 0x6f, 0x77, 0x28, 0x5f, 0x34, 0x32, 0x34, 0x2c, 0x20, 0x30, 0x2e, 0x34, 0x31, // * pow(_424, 0.41
	0x36, 0x36, 0x36, 0x36, 0x36, 0x35, 0x36, 0x37, 0x33, 0x32, 0x35, 0x35, 0x39, 0x32, 0x30, 0x34, // 6666656732559204
	0x31, 0x30, 0x31, 0x35, 0x36, 0x32, 0x35, 0x29, 0x29, 0x20, 0x2d, 0x20, 0x30, 0x2e, 0x30, 0x35, // 1015625)) - 0.05
	0x34, 0x39, 0x39, 0x39, 0x39, 0x39, 0x39, 0x37, 0x30, 0x31, 0x39, 0x37, 0x36, 0x37, 0x37, 0x36, // 4999999701976776
	0x31, 0x32, 0x33, 0x30, 0x34, 0x36, 0x38, 0x37, 0x35, 0x3b, 0x0a, 0x20, 0x20, 0x20, 0x20, 0x20, // 123046875;.     
	0x20, 0x20, 0x20, 0x20, 0x20, 0x20, 0x20, 0x20, 0x20, 0x20, 0x20, 0x62, 0x72, 0x65, 0x61, 0x6b, //            break
	0x3b, 0x0a, 0x20, 0x20, 0x20, 0x20, 0x20, 0x20, 0x20, 0x20, 0x20, 0x20, 0x20, 0x20, 0x7d, 0x0a, // ;.            }.
	0x20, 0x20, 0x20, 0x20, 0x20, 0x20, 0x20, 0x20, 0x20, 0x20, 0x20, 0x20, 0x62, 0x72, 0x65, 0x61, //             brea
	0x6b, 0x3b, 0x20, 0x2f, 0x2f, 0x20, 0x75, 0x6e, 0x72, 0x65, 0x61, 0x63, 0x68, 0x61, 0x62, 0x6c, // k; // unreachabl
	0x65, 0x20, 0x77, 0x6f, 0x72, 0x6b, 0x61, 0x72, 0x6f, 0x75, 0x6e, 0x64, 0x0a, 0x20, 0x20, 0x20, // e workaround.   
	0x20, 0x20, 0x20, 0x20, 0x20, 0x7d, 0x20, 0x77, 0x68, 0x69, 0x6c, 0x65, 0x28, 0x66, 0x61, 0x6c, //      } while(fal
	0x73, 0x65, 0x29, 0x3b, 0x0a, 0x20, 0x20, 0x20, 0x20, 0x20, 0x20, 0x20, 0x20, 0x68, 0x69, 0x67, // se);.        hig
	0x68, 0x70, 0x20, 0x66, 0x6c, 0x6f, 0x61, 0x74, 0x20, 0x5f, 0x34, 0x32, 0x38, 0x20, 0x3d, 0x20, // hp float _428 = 
	0x5f, 0x33, 0x38, 0x33, 0x2e, 0x79, 0x3b, 0x0a, 0x20, 0x20, 0x20, 0x20, 0x20, 0x20, 0x20, 0x20, // _383.y;.        
	0x68, 0x69, 0x67, 0x68, 0x70, 0x20, 0x66, 0x6c, 0x6f, 0x61, 0x74, 0x20, 0x5f, 0x35, 0x36, 0x34, // highp float _564
	0x3b, 0x0a, 0x20, 0x20, 0x20, 0x20, 0x20, 0x20, 0x20, 0x20, 0x64, 0x6f, 0x0a, 0x20, 0x20, 0x20, // ;.        do.   
	0x20, 0x20, 0x20, 0x20, 0x20, 0x7b, 0x0a, 0x20, 0x20, 0x20, 0x20, 0x20, 0x20, 0x20, 0x20, 0x20, //      {.         
	0x20, 0x20, 0x20, 0x69, 0x66, 0x20, 0x28, 0x5f, 0x34, 0x32, 0x38, 0x20, 0x3c, 0x3d, 0x20, 0x30, //    if (_428 <= 0
	0x2e, 0x30, 0x30, 0x33, 0x31, 0x33, 0x30, 0x38, 0x30, 0x30, 0x30, 0x39, 0x30, 0x37, 0x33, 0x30, // .003130800090730
	0x31, 0x39, 0x30, 0x32, 0x37, 0x37, 0x30, 0x39, 0x39, 0x36, 0x30, 0x39, 0x33, 0x37, 0x35, 0x29, // 190277099609375)
	0x0a, 0x20, 0x20, 0x20, 0x20, 0x20, 0x20, 0x20, 0x20, 0x20, 0x20, 0x20, 0x20, 0x7b, 0x0a, 0x20, // .            {. 
	0x20, 0x20, 0x20, 0x20, 0x20, 0x20, 0x20, 0x20, 0x20, 0x20, 0x20, 0x20, 0x20, 0x20, 0x20, 0x5f, //                _
	0x35, 0x36, 0x34, 0x20, 0x3d, 0x20, 0x31, 0x32, 0x2e, 0x39, 0x32, 0x30, 0x30, 0x30, 0x30, 0x30, // 564 = 12.9200000
	0x37, 0x36, 0x32, 0x39, 0x33, 0x39, 0x34, 0x35, 0x33, 0x31, 0x32, 0x35, 0x20, 0x2a, 0x20, 0x5f, // 762939453125 * _
	0x34, 0x32, 0x38, 0x3b, 0x0a, 0x20, 0x20, 0x20, 0x20, 0x20, 0x20, 0x20, 0x20, 0x20, 0x20, 0x20, // 428;.           
	0x20, 0x20, 0x20, 0x20, 0x20, 0x62, 0x72, 0x65, 0x61, 0x6b, 0x3b, 0x0a, 0x20, 0x20, 0x20, 0x20, //      break;.    
	0x20, 0x20, 0x20, 0x20, 0x20, 0x20, 0x20, 0x20, 0x7d, 0x0a, 0x20, 0x20, 0x20, 0x20, 0x20, 0x20, //         }.      
	0x20, 0x20, 0x20, 0x20, 0x20, 0x20, 0x65, 0x6c, 0x73, 0x65, 0x0a, 0x20, 0x20, 0x20, 0x20, 0x20, //       else.     
	0x20, 0x20, 0x20, 0x20, 0x20, 0x20, 0x20, 0x7b, 0x0a, 0x20, 0x20, 0x20, 0x20, 0x20, 0x20, 0x20, //        {.       
	0x20, 0x20, 0x20, 0x20, 0x20, 0x20, 0x20, 0x20, 0x20, 0x5f, 0x35, 0x36, 0x34, 0x20, 0x3d, 0x20, //          _564 = 
	0x28, 0x31, 0x2e, 0x30, 0x35, 0x34, 0x39, 0x39, 0x39, 0x39, 0x34, 0x37, 0x35, 0x34, 0x37, 0x39, // (1.0549999475479
	0x31, 0x32, 0x35, 0x39, 0x37, 0x36, 0x35, 0x36, 0x32, 0x35, 0x20, 0x2a, 0x20, 0x70, 0x6f, 0x77, // 1259765625 * pow
	0x28, 0x5f, 0x34, 0x32, 0x38, 0x2c, 0x20, 0x30, 0x2e, 0x34, 0x31, 0x36, 0x36, 0x36, 0x36, 0x36, // (_428, 0.4166666
	0x35, 0x36, 0x37, 0x33, 0x32, 0x35, 0x35, 0x39, 0x32, 0x30, 0x34, 0x31, 0x30, 0x31, 0x35, 0x36, // 5673255920410156
	0x32, 0x35, 0x29, 0x29, 0x20, 0x2d, 0x20, 0x30, 0x2e, 0x30, 0x35, 0x34, 0x39, 0x39, 0x39, 0x39, // 25)) - 0.0549999
	0x39, 0x39, 0x37, 0x30, 0x31, 0x39, 0x37, 0x36, 0x37, 0x37, 0x36, 0x31, 0x32, 0x33, 0x30, 0x34, // 9970197677612304
	0x36, 0x38, 0x37, 0x35, 0x3b, 0x0a, 0x20, 0x20, 0x20, 0x20, 0x20, 0x20, 0x20, 0x20, 0x20, 0x20, // 6875;.          
	0x20, 0x20, 0x20, 0x20, 0x20, 0x20, 0x62, 0x72, 0x65, 0x61, 0x6b, 0x3b, 0x0a, 0x20, 0x20, 0x20, //       break;.   
	0x20, 0x20, 0x20, 0x20, 0x20, 0x20, 0x20, 0x20, 0x20, 0x7d, 0x0a, 0x20, 0x20, 0x20, 0x20, 0x20, //          }.     
	0x20, 0x20, 0x20, 0x20, 0x20, 0x20, 0x20, 0x62, 0x72, 0x65, 0x61, 0x6b, 0x3b, 0x20, 0x2f, 0x2f, //        break; //
	0x20, 0x75, 0x6e, 0x72, 0x65, 0x61, 0x63, 0x68, 0x61, 0x62, 0x6c, 0x65, 0x20, 0x77, 0x6f, 0x72, //  unreachable wor
	0x6b, 0x61, 0x72, 0x6f, 0x75, 0x6e, 0x64, 0x0a, 0x20, 0x20, 0x20, 0x20, 0x20, 0x20, 0x20, 0x20, // karound.        
	0x7d, 0x20, 0x77, 0x68, 0x69, 0x6c, 0x65, 0x28, 0x66, 0x61, 0x6c, 0x73, 0x65, 0x29, 0x3b, 0x0a, // } while(false);.
	0x20, 0x20, 0x20, 0x20, 0x20, 0x20, 0x20, 0x20, 0x68, 0x69, 0x67, 0x68, 0x70, 0x20, 0x66, 0x6c, //         highp fl
	0x6f, 0x61, 0x74, 0x20, 0x5f, 0x34, 0x33, 0x32, 0x20, 0x3d, 0x20, 0x5f, 0x33, 0x38, 0x33, 0x2e, // oat _432 = _383.
	0x7a, 0x3b, 0x0a, 0x20, 0x20, 0x20, 0x20, 0x20, 0x20, 0x20, 0x20, 0x68, 0x69, 0x67, 0x68, 0x70, // z;.        highp
	0x20, 0x66, 0x6c, 0x6f, 0x61, 0x74, 0x20, 0x5f, 0x35, 0x36, 0x36, 0x3b, 0x0a, 0x20, 0x20, 0x20, //  float _566;.   
	0x20, 0x20, 0x20, 0x20, 0x20, 0x64, 0x6f, 0x0a, 0x20, 0x20, 0x20, 0x20, 0x20, 0x20, 0x20, 0x20, //      do.        
	0x7b, 0x0a, 0x20, 0x20, 0x20, 0x20, 0x20, 0x20, 0x20, 0x20, 0x20, 0x20, 0x20, 0x20, 0x69, 0x66, // {.            if
	0x20, 0x28, 0x5f, 0x34, 0x33, 0x32, 0x20, 0x3c, 0x3d, 0x20, 0x30, 0x2e, 0x30, 0x30, 0x33, 0x31, //  (_432 <= 0.0031
	0x33, 0x30, 0x38, 0x30, 0x30, 0x30, 0x39, 0x30, 0x37, 0x33, 0x30, 0x31, 0x39, 0x30, 0x32, 0x37, // 3080009073019027
	0x37, 0x30, 0x39, 0x39, 0x36, 0x30, 0x39, 0x33, 0x37, 0x35, 0x29, 0x0a, 0x20, 0x20, 0x20, 0x20, // 7099609375).    
	0x20, 0x20, 0x20, 0x20, 0x20, 0x20, 0x20, 0x20, 0x7b, 0x0a, 0x20, 0x20, 0x20, 0x20, 0x20, 0x20, //         {.      
	0x20, 0x20, 0x20, 0x20, 0x20, 0x20, 0x20, 0x20, 0x20, 0x20, 0x5f, 0x35, 0x36, 0x36, 0x20, 0x3d, //           _566 =
	0x20, 0x31, 0x32, 0x2e, 0x39, 0x32, 0x30, 0x30, 0x30, 0x30, 0x30, 0x37, 0x36, 0x32, 0x39, 0x33, //  12.920000076293
	0x39, 0x34, 0x35, 0x33, 0x31, 0x32, 0x35, 0x20, 0x2a, 0x20, 0x5f, 0x34, 0x33, 0x32, 0x3b, 0x0a, // 9453125 * _432;.
	0x20, 0x20, 0x20, 0x20, 0x20, 0x20, 0x20, 0x20, 0x20, 0x20, 0x20, 0x20, 0x20, 0x20, 0x20, 0x20, //                 
	0x62, 0x72, 0x65, 0x61, 0x6b, 0x3b, 0x0a, 0x20, 0x20, 0x20, 0x20, 0x20, 0x20, 0x20, 0x20, 0x20, // break;.         
	0x20, 0x20, 0x20, 0x7d, 0x0a, 0x20, 0x20, 0x20, 0x20, 0x20, 0x20, 0x20, 0x20, 0x20, 0x20, 0x20, //    }.           
	0x20, 0x65, 0x6c, 0x73, 0x65, 0x0a, 0x20, 0x20, 0x20, 0x20, 0x20, 0x20, 0x20, 0x20, 0x20, 0x20, //  else.          
	0x20, 0x20, 0x7b, 0x0a, 0x20, 0x20, 0x20, 0x20, 0x20, 0x20, 0x20, 0x20, 0x20, 0x20, 0x20, 0x20, //   {.            
	0x20, 0x20, 0x20, 0x20, 0x5f, 0x35, 0x36, 0x36, 0x20, 0x3d, 0x20, 0x28, 0x31, 0x2e, 0x30, 0x35, //     _566 = (1.05
	0x34, 0x39, 0x39, 0x39, 0x39, 0x34, 0x37, 0x35, 0x34, 0x37, 0x39, 0x31, 0x32, 0x35, 0x39, 0x37, // 4999947547912597
	0x36, 0x35, 0x36, 0x32, 0x35, 0x20, 0x2a, 0x20, 0x70, 0x6f, 0x77, 0x28, 0x5f, 0x34, 0x33, 0x32, // 65625 * pow(_432
	0x2c, 0x20, 0x30, 0x2e, 0x34, 0x31, 0x36, 0x36, 0x36, 0x36, 0x36, 0x35, 0x36, 0x37, 0x33, 0x32, // , 0.416666656732
	0x35, 0x35, 0x39, 0x32, 0x30, 0x34, 0x31, 0x30, 0x31, 0x35, 0x36, 0x32, 0x35, 0x29, 0x29, 0x20, // 5592041015625)) 
	0x2d, 0x20, 0x30, 0x2e, 0x30, 0x35, 0x34, 0x39, 0x39, 0x39, 0x39, 0x39, 0x39, 0x37, 0x30, 0x31, // - 0.054999999701
	0x39, 0x37, 0x36, 0x37, 0x37, 0x36, 0x31, 0x32, 0x33, 0x30, 0x34, 0x36, 0x38, 0x37, 0x35, 0x3b, // 976776123046875;
	0x0a, 0x20, 0x20, 0x20, 0x20, 0x20, 0x20, 0x20, 0x20, 0x20, 0x20, 0x20, 0x20, 0x20, 0x20, 0x20, // .               
	0x20, 0x62, 0x72, 0x65, 0x61, 0x6b, 0x3b, 0x0a, 0x20, 0x20, 0x20, 0x20, 0x20, 0x20, 0x20, 0x20, //  break;.        
	0x20, 0x20, 0x20, 0x20, 0x7d, 0x0a, 0x20, 0x20, 0x20, 0x20, 0x20, 0x20, 0x20, 0x20, 0x20, 0x20, //     }.          
	0x20, 0x20, 0x62, 0x72, 0x65, 0x61, 0x6b, 0x3b, 0x20, 0x2f, 0x2f, 0x20, 0x75, 0x6e, 0x72, 0x65, //   break; // unre
	0x61, 0x63, 0x68, 0x61, 0x62, 0x6c, 0x65, 0x20, 0x77, 0x6f, 0x72, 0x6b, 0x61, 0x72, 0x6f, 0x75, // achable workarou
	0x6e, 0x64, 0x0a, 0x20, 0x20, 0x20, 0x20, 0x20, 0x20, 0x20, 0x20, 0x7d, 0x20, 0x77, 0x68, 0x69, // nd.        } whi
	0x6c, 0x65, 0x28, 0x66, 0x61, 0x6c, 0x73, 0x65, 0x29, 0x3b, 0x0a, 0x20, 0x20, 0x20, 0x20, 0x20, // le(false);.     
	0x20, 0x20, 0x20, 0x5f, 0x35, 0x36, 0x38, 0x20, 0x3d, 0x20, 0x76, 0x65, 0x63, 0x33, 0x28, 0x5f, //    _568 = vec3(_
	0x35, 0x36, 0x32, 0x2c, 0x20, 0x5f, 0x35, 0x36, 0x34, 0x2c, 0x20, 0x5f, 0x35, 0x36, 0x36, 0x29, // 562, _564, _566)
	0x3b, 0x0a, 0x20, 0x20, 0x20, 0x20, 0x7d, 0x0a, 0x20, 0x20, 0x20, 0x20, 0x65, 0x6c, 0x73, 0x65, // ;.    }.    else
	0x0a, 0x20, 0x20, 0x20, 0x20, 0x7b, 0x0a, 0x20, 0x20, 0x20, 0x20, 0x20, 0x20, 0x20, 0x20, 0x68, // .    {.        h
	0x69, 0x67, 0x68, 0x70, 0x20, 0x76, 0x65, 0x63, 0x33, 0x20, 0x5f, 0x35, 0x36, 0x39, 0x3b, 0x0a, // ighp vec3 _569;.
	0x20, 0x20, 0x20, 0x20, 0x20, 0x20, 0x20, 0x20, 0x69, 0x66, 0x20, 0x28, 0x75, 0x5f, 0x70, 0x61, //         if (u_pa
	0x72, 0x61, 0x6d, 0x73, 0x31, 0x2e, 0x78, 0x20, 0x3c, 0x20, 0x31, 0x2e, 0x35, 0x29, 0x0a, 0x20, // rams1.x < 1.5). 
	0x20, 0x20, 0x20, 0x20, 0x20, 0x20, 0x20, 0x7b, 0x0a, 0x20, 0x20, 0x20, 0x20, 0x20, 0x20, 0x20, //        {.       
	0x20, 0x20, 0x20, 0x20, 0x20, 0x5f, 0x35, 0x36, 0x39, 0x20, 0x3d, 0x20, 0x5f, 0x33, 0x30, 0x32, //      _569 = _302
	0x2e, 0x78, 0x79, 0x7a, 0x3b, 0x0a, 0x20, 0x20, 0x20, 0x20, 0x20, 0x20, 0x20, 0x20, 0x7d, 0x0a, // .xyz;.        }.
	0x20, 0x20, 0x20, 0x20, 0x20, 0x20, 0x20, 0x20, 0x65, 0x6c, 0x73, 0x65, 0x0a, 0x20, 0x20, 0x20, //         else.   
	0x20, 0x20, 0x20, 0x20, 0x20, 0x7b, 0x0a, 0x20, 0x20, 0x20, 0x20, 0x20, 0x20, 0x20, 0x20, 0x20, //      {.         
	0x20, 0x20, 0x20, 0x68, 0x69, 0x67, 0x68, 0x70, 0x20, 0x76, 0x65, 0x63, 0x33, 0x20, 0x5f, 0x35, //    highp vec3 _5
	0x37, 0x30, 0x3b, 0x0a, 0x20, 0x20, 0x20, 0x20, 0x20, 0x20, 0x20, 0x20, 0x20, 0x20, 0x20, 0x20, // 70;.            
	0x69, 0x66, 0x20, 0x28, 0x75, 0x5f, 0x70, 0x61, 0x72, 0x61, 0x6d, 0x73, 0x31, 0x2e, 0x78, 0x20, // if (u_params1.x 
	0x3c, 0x20, 0x32, 0x2e, 0x35, 0x29, 0x0a, 0x20, 0x20, 0x20, 0x20, 0x20, 0x20, 0x20, 0x20, 0x20, // < 2.5).         
	0x20, 0x20, 0x20, 0x7b, 0x0a, 0x20, 0x20, 0x20, 0x20, 0x20, 0x20, 0x20, 0x20, 0x20, 0x20, 0x20, //    {.           
	0x20, 0x20, 0x20, 0x20, 0x20, 0x68, 0x69, 0x67, 0x68, 0x70, 0x20, 0x76, 0x65, 0x63, 0x33, 0x20, //      highp vec3 
	0x5f, 0x35, 0x31, 0x37, 0x20, 0x3d, 0x20, 0x70, 0x6f, 0x77, 0x28, 0x28, 0x28, 0x6d, 0x61, 0x74, // _517 = pow(((mat
	0x33, 0x28, 0x76, 0x65, 0x63, 0x33, 0x28, 0x31, 0x2e, 0x37, 0x31, 0x36, 0x36, 0x35, 0x31, 0x32, // 3(vec3(1.7166512
	0x30, 0x31, 0x32, 0x34, 0x38, 0x31, 0x36, 0x38, 0x39, 0x34, 0x35, 0x33, 0x31, 0x32, 0x35, 0x2c, // 012481689453125,
	0x20, 0x2d, 0x30, 0x2e, 0x33, 0x35, 0x35, 0x36, 0x37, 0x30, 0x38, 0x30, 0x39, 0x37, 0x34, 0x35, //  -0.355670809745
	0x37, 0x38, 0x38, 0x35, 0x37, 0x34, 0x32, 0x31, 0x38, 0x37, 0x35, 0x2c, 0x20, 0x2d, 0x30, 0x2e, // 78857421875, -0.
	0x32, 0x35, 0x33, 0x33, 0x36, 0x36, 0x32, 0x39, 0x31, 0x35, 0x32, 0x32, 0x39, 0x37, 0x39, 0x37, // 2533662915229797
	0x33, 0x36, 0x33, 0x32, 0x38, 0x31, 0x32, 0x35, 0x29, 0x2c, 0x20, 0x76, 0x65, 0x63, 0x33, 0x28, // 36328125), vec3(
	0x2d, 0x30, 0x2e, 0x36, 0x36, 0x36, 0x36, 0x38, 0x34, 0x33, 0x38, 0x39, 0x31, 0x31, 0x34, 0x33, // -0.6666843891143
	0x37, 0x39, 0x38, 0x38, 0x32, 0x38, 0x31, 0x32, 0x35, 0x2c, 0x20, 0x31, 0x2e, 0x36, 0x31, 0x36, // 798828125, 1.616
	0x34, 0x38, 0x31, 0x31, 0x38, 0x34, 0x39, 0x35, 0x39, 0x34, 0x31, 0x31, 0x36, 0x32, 0x31, 0x30, // 4811849594116210
	0x39, 0x33, 0x37, 0x35, 0x2c, 0x20, 0x30, 0x2e, 0x30, 0x31, 0x35, 0x37, 0x36, 0x38, 0x35, 0x30, // 9375, 0.01576850
	0x30, 0x30, 0x34, 0x34, 0x39, 0x34, 0x31, 0x39, 0x30, 0x32, 0x31, 0x36, 0x30, 0x36, 0x34, 0x34, // 0044941902160644
	0x35, 0x33, 0x31, 0x32, 0x35, 0x29, 0x2c, 0x20, 0x76, 0x65, 0x63, 0x33, 0x28, 0x30, 0x2e, 0x30, // 53125), vec3(0.0
	0x31, 0x37, 0x36, 0x33, 0x39, 0x38, 0x39, 0x39, 0x36, 0x32, 0x36, 0x33, 0x37, 0x34, 0x32, 0x34, // 1763989962637424
	0x34, 0x36, 0x38, 0x39, 0x39, 0x34, 0x31, 0x34, 0x30, 0x36, 0x32, 0x35, 0x2c, 0x20, 0x2d, 0x30, // 468994140625, -0
	0x2e, 0x30, 0x34, 0x32, 0x37, 0x37, 0x30, 0x36, 0x30, 0x31, 0x38, 0x30, 0x39, 0x30, 0x32, 0x34, // .042770601809024
	0x38, 0x31, 0x30, 0x37, 0x39, 0x31, 0x30, 0x31, 0x35, 0x36, 0x32, 0x35, 0x2c, 0x20, 0x30, 0x2e, // 810791015625, 0.
	0x39, 0x34, 0x32, 0x31, 0x30, 0x33, 0x30, 0x38, 0x37, 0x39, 0x30, 0x32, 0x30, 0x36, 0x39, 0x30, // 9421030879020690
	0x39, 0x31, 0x37, 0x39, 0x36, 0x38, 0x37, 0x35, 0x29, 0x29, 0x20, 0x2a, 0x20, 0x28, 0x6d, 0x61, // 91796875)) * (ma
	0x74, 0x33, 0x28, 0x76, 0x65, 0x63, 0x33, 0x28, 0x30, 0x2e, 0x34, 0x31, 0x32, 0x35, 0x35, 0x36, // t3(vec3(0.412556
	0x34, 0x30, 0x39, 0x38, 0x33, 0x35, 0x38, 0x31, 0x35, 0x34, 0x32, 0x39, 0x36, 0x38, 0x37, 0x35, // 4098358154296875
	0x2c, 0x20, 0x30, 0x2e, 0x33, 0x35, 0x37, 0x35, 0x37, 0x36, 0x31, 0x30, 0x32, 0x30, 0x31, 0x38, // , 0.357576102018
	0x33, 0x35, 0x36, 0x33, 0x32, 0x33, 0x32, 0x34, 0x32, 0x31, 0x38, 0x37, 0x35, 0x2c, 0x20, 0x30, // 3563232421875, 0
	0x2e, 0x31, 0x38, 0x30, 0x34, 0x33, 0x37, 0x35, 0x30, 0x35, 0x32, 0x34, 0x35, 0x32, 0x30, 0x38, // .180437505245208
	0x37, 0x34, 0x30, 0x32, 0x33, 0x34, 0x33, 0x37, 0x35, 0x29, 0x2c, 0x20, 0x76, 0x65, 0x63, 0x33, // 740234375), vec3
	0x28, 0x30, 0x2e, 0x32, 0x31, 0x32, 0x36, 0x37, 0x32, 0x39, 0x30, 0x34, 0x31, 0x33, 0x33, 0x37, // (0.2126729041337
	0x39, 0x36, 0x36, 0x39, 0x31, 0x38, 0x39, 0x34, 0x35, 0x33, 0x31, 0x32, 0x35, 0x2c, 0x20, 0x30, // 9669189453125, 0
	0x2e, 0x37, 0x31, 0x35, 0x31, 0x35, 0x32, 0x32, 0x30, 0x34, 0x30, 0x33, 0x36, 0x37, 0x31, 0x32, // .715152204036712
	0x36, 0x34, 0x36, 0x34, 0x38, 0x34, 0x33, 0x37, 0x35, 0x2c, 0x20, 0x30, 0x2e, 0x30, 0x37, 0x32, // 646484375, 0.072
	0x31, 0x37, 0x35, 0x30, 0x30, 0x33, 0x35, 0x38, 0x38, 0x31, 0x39, 0x39, 0x36, 0x31, 0x35, 0x34, // 1750035881996154
	0x37, 0x38, 0x35, 0x31, 0x35, 0x36, 0x32, 0x35, 0x29, 0x2c, 0x20, 0x76, 0x65, 0x63, 0x33, 0x28, // 78515625), vec3(
	0x30, 0x2e, 0x30, 0x31, 0x39, 0x33, 0x33, 0x33, 0x39, 0x30, 0x30, 0x38, 0x38, 0x33, 0x37, 0x39, // 0.01933390088379
	0x33, 0x38, 0x33, 0x30, 0x38, 0x37, 0x31, 0x35, 0x38, 0x32, 0x30, 0x33, 0x31, 0x32, 0x35, 0x2c, // 383087158203125,
	0x20, 0x30, 0x2e, 0x31, 0x31, 0x39, 0x31, 0x39, 0x31, 0x39, 0x39, 0x36, 0x37, 0x35, 0x33, 0x32, //  0.1191919967532
	0x31, 0x35, 0x37, 0x38, 0x39, 0x37, 0x39, 0x34, 0x39, 0x32, 0x31, 0x38, 0x37, 0x35, 0x2c, 0x20, // 15789794921875, 
	0x30, 0x2e, 0x39, 0x35, 0x30, 0x33, 0x30, 0x34, 0x30, 0x39, 0x30, 0x39, 0x37, 0x36, 0x37, 0x31, // 0.95030409097671
	0x35, 0x30, 0x38, 0x37, 0x38, 0x39, 0x30, 0x36, 0x32, 0x35, 0x29, 0x29, 0x20, 0x2a, 0x20, 0x5f, // 5087890625)) * _
	0x33, 0x30, 0x32, 0x2e, 0x78, 0x79, 0x7a, 0x29, 0x29, 0x20, 0x2a, 0x20, 0x75, 0x5f, 0x70, 0x61, // 302.xyz)) * u_pa
	0x72, 0x61, 0x6d, 0x73, 0x31, 0x2e, 0x79, 0x29, 0x20, 0x2a, 0x20, 0x39, 0x2e, 0x39, 0x39, 0x39, // rams1.y) * 9.999
	0x39, 0x39, 0x39, 0x37, 0x34, 0x37, 0x33, 0x37, 0x38, 0x37, 0x35, 0x31, 0x36, 0x33, 0x35, 0x35, // 9997473787516355
	0x35, 0x31, 0x34, 0x35, 0x32, 0x36, 0x33, 0x36, 0x37, 0x31, 0x38, 0x38, 0x65, 0x2d, 0x30, 0x35, // 514526367188e-05
	0x2c, 0x20, 0x76, 0x65, 0x63, 0x33, 0x28, 0x30, 0x2e, 0x31, 0x35, 0x39, 0x33, 0x30, 0x31, 0x37, // , vec3(0.1593017
	0x35, 0x37, 0x38, 0x31, 0x32, 0x35, 0x29, 0x29, 0x3b, 0x0a, 0x20, 0x20, 0x20, 0x20, 0x20, 0x20, // 578125));.      
	0x20, 0x20, 0x20, 0x20, 0x20, 0x20, 0x20, 0x20, 0x20, 0x20, 0x5f, 0x35, 0x37, 0x30, 0x20, 0x3d, //           _570 =
	0x20, 0x70, 0x6f, 0x77, 0x28, 0x28, 0x76, 0x65, 0x63, 0x33, 0x28, 0x30, 0x2e, 0x38, 0x33, 0x35, //  pow((vec3(0.835
	0x39, 0x33, 0x37, 0x35, 0x29, 0x20, 0x2b, 0x20, 0x28, 0x5f, 0x35, 0x31, 0x37, 0x20, 0x2a, 0x20, // 9375) + (_517 * 
	0x31, 0x38, 0x2e, 0x38, 0x35, 0x31, 0x35, 0x36, 0x32, 0x35, 0x29, 0x29, 0x20, 0x2f, 0x20, 0x28, // 18.8515625)) / (
	0x76, 0x65, 0x63, 0x33, 0x28, 0x31, 0x2e, 0x30, 0x29, 0x20, 0x2b, 0x20, 0x28, 0x5f, 0x35, 0x31, // vec3(1.0) + (_51
	0x37, 0x20, 0x2a, 0x20, 0x31, 0x38, 0x2e, 0x36, 0x38, 0x37, 0x35, 0x29, 0x29, 0x2c, 0x20, 0x76, // 7 * 18.6875)), v
	0x65, 0x63, 0x33, 0x28, 0x37, 0x38, 0x2e, 0x38, 0x34, 0x33, 0x37, 0x35, 0x29, 0x29, 0x3b, 0x0a, // ec3(78.84375));.
	0x20, 0x20, 0x20, 0x20, 0x20, 0x20, 0x20, 0x20, 0x20, 0x20, 0x20, 0x20, 0x7d, 0x0a, 0x20, 0x20, //             }.  
	0x20, 0x20, 0x20, 0x20, 0x20, 0x20, 0x20, 0x20, 0x20, 0x20, 0x65, 0x6c, 0x73, 0x65, 0x0a, 0x20, //           else. 
	0x20, 0x20, 0x20, 0x20, 0x20, 0x20, 0x20, 0x20, 0x20, 0x20, 0x20, 0x7b, 0x0a, 0x20, 0x20, 0x20, //            {.   
	0x20, 0x20, 0x20, 0x20, 0x20, 0x20, 0x20, 0x20, 0x20, 0x20, 0x20, 0x20, 0x20, 0x5f, 0x35, 0x37, //              _57
	0x30, 0x20, 0x3d, 0x20, 0x76, 0x65, 0x63, 0x33, 0x28, 0x30, 0x2e, 0x30, 0x29, 0x3b, 0x0a, 0x20, // 0 = vec3(0.0);. 
	0x20, 0x20, 0x20, 0x20, 0x20, 0x20, 0x20, 0x20, 0x20, 0x20, 0x20, 0x7d, 0x0a, 0x20, 0x20, 0x20, //            }.   
	0x20, 0x20, 0x20, 0x20, 0x20, 0x20, 0x20, 0x20, 0x20, 0x5f, 0x35, 0x36, 0x39, 0x20, 0x3d, 0x20, //          _569 = 
	0x5f, 0x35, 0x37, 0x30, 0x3b, 0x0a, 0x20, 0x20, 0x20, 0x20, 0x20, 0x20, 0x20, 0x20, 0x7d, 0x0a, // _570;.        }.
	0x20, 0x20, 0x20, 0x20, 0x20, 0x20, 0x20, 0x20, 0x5f, 0x35, 0x36, 0x38, 0x20, 0x3d, 0x20, 0x5f, //         _568 = _
	0x35, 0x36, 0x39, 0x3b, 0x0a, 0x20, 0x20, 0x20, 0x20, 0x7d, 0x0a, 0x20, 0x20, 0x20, 0x20, 0x62, // 569;.    }.    b
	0x67, 0x66, 0x78, 0x5f, 0x46, 0x72, 0x61, 0x67, 0x43, 0x6f, 0x6c, 0x6f, 0x72, 0x20, 0x3d, 0x20, // gfx_FragColor = 
	0x76, 0x65, 0x63, 0x34, 0x28, 0x5f, 0x35, 0x36, 0x38, 0x2c, 0x20, 0x5f, 0x33, 0x30, 0x32, 0x2e, // vec4(_568, _302.
	0x77, 0x29, 0x3b, 0x0a, 0x7d, 0x0a, 0x0a, 0x00,                                                 // w);.}...
};
static const uint8_t fs_texture_cube_spv[4851] =
{
	0x46, 0x53, 0x48, 0x0c, 0x01, 0x83, 0xf2, 0xe1, 0x00, 0x00, 0x00, 0x00, 0x00, 0x00, 0x00, 0x00, // FSH.............
	0x00, 0x00, 0x00, 0x00, 0x04, 0x00, 0x09, 0x75, 0x5f, 0x70, 0x61, 0x72, 0x61, 0x6d, 0x73, 0x30, // .......u_params0
	0x12, 0x01, 0x00, 0x00, 0x01, 0x00, 0x00, 0x00, 0x00, 0x00, 0x05, 0x75, 0x5f, 0x6d, 0x74, 0x78, // ...........u_mtx
	0x14, 0x01, 0x20, 0x00, 0x04, 0x00, 0x00, 0x00, 0x00, 0x00, 0x09, 0x75, 0x5f, 0x70, 0x61, 0x72, // .. ........u_par
	0x61, 0x6d, 0x73, 0x31, 0x12, 0x01, 0x10, 0x00, 0x01, 0x00, 0x00, 0x00, 0x00, 0x00, 0x0a, 0x73, // ams1...........s
	0x5f, 0x74, 0x65, 0x78, 0x43, 0x6f, 0x6c, 0x6f, 0x72, 0x30, 0x00, 0x02, 0x00, 0x00, 0x00, 0x00, // _texColor0......
	0x04, 0x29, 0x00, 0x88, 0x12, 0x00, 0x00, 0x03, 0x02, 0x23, 0x07, 0x00, 0x00, 0x01, 0x00, 0x0b, // .).......#......
	0x00, 0x08, 0x00, 0xed, 0x02, 0x00, 0x00, 0x00, 0x00, 0x00, 0x00, 0x11, 0x00, 0x02, 0x00, 0x01, // ................
	0x00, 0x00, 0x00, 0x0b, 0x00, 0x06, 0x00, 0x01, 0x00, 0x00, 0x00, 0x47, 0x4c, 0x53, 0x4c, 0x2e, // ...........GLSL.
	0x73, 0x74, 0x64, 0x2e, 0x34, 0x35, 0x30, 0x00, 0x00, 0x00, 0x00, 0x0e, 0x00, 0x03, 0x00, 0x00, // std.450.........
	0x00, 0x00, 0x00, 0x01, 0x00, 0x00, 0x00, 0x0f, 0x00, 0x08, 0x00, 0x04, 0x00, 0x00, 0x00, 0x04, // ................
	0x00, 0x00, 0x00, 0x6d, 0x61, 0x69, 0x6e, 0x00, 0x00, 0x00, 0x00, 0x7e, 0x01, 0x00, 0x00, 0x82, // ...main....~....
	0x01, 0x00, 0x00, 0x8f, 0x01, 0x00, 0x00, 0x10, 0x00, 0x03, 0x00, 0x04, 0x00, 0x00, 0x00, 0x07, // ................
	0x00, 0x00, 0x00, 0x03, 0x00, 0x03, 0x00, 0x05, 0x00, 0x00, 0x00, 0xf4, 0x01, 0x00, 0x00, 0x05, // ................
	0x00, 0x04, 0x00, 0x04, 0x00, 0x00, 0x00, 0x6d, 0x61, 0x69, 0x6e, 0x00, 0x00, 0x00, 0x00, 0x05, // .......main.....
	0x00, 0x07, 0x00, 0x4b, 0x00, 0x00, 0x00, 0x73, 0x5f, 0x74, 0x65, 0x78, 0x43, 0x6f, 0x6c, 0x6f, // ...K...s_texColo
	0x72, 0x53, 0x61, 0x6d, 0x70, 0x6c, 0x65, 0x72, 0x00, 0x00, 0x00, 0x05, 0x00, 0x07, 0x00, 0x4e, // rSampler.......N
	0x00, 0x00, 0x00, 0x73, 0x5f, 0x74, 0x65, 0x78, 0x43, 0x6f, 0x6c, 0x6f, 0x72, 0x54, 0x65, 0x78, // ...s_texColorTex
	0x74, 0x75, 0x72, 0x65, 0x00, 0x00, 0x00, 0x05, 0x00, 0x06, 0x00, 0x7c, 0x00, 0x00, 0x00, 0x55, // ture.......|...U
	0x6e, 0x69, 0x66, 0x6f, 0x72, 0x6d, 0x42, 0x6c, 0x6f, 0x63, 0x6b, 0x00, 0x00, 0x00, 0x00, 0x06, // niformBlock.....
	0x00, 0x06, 0x00, 0x7c, 0x00, 0x00, 0x00, 0x00, 0x00, 0x00, 0x00, 0x75, 0x5f, 0x70, 0x61, 0x72, // ...|.......u_par
	0x61, 0x6d, 0x73, 0x30, 0x00, 0x00, 0x00, 0x06, 0x00, 0x06, 0x00, 0x7c, 0x00, 0x00, 0x00, 0x01, // ams0.......|....
	0x00, 0x00, 0x00, 0x75, 0x5f, 0x70, 0x61, 0x72, 0x61, 0x6d, 0x73, 0x31, 0x00, 0x00, 0x00, 0x06, // ...u_params1....
	0x00, 0x05, 0x00, 0x7c, 0x00, 0x00, 0x00, 0x02, 0x00, 0x00, 0x00, 0x75, 0x5f, 0x6d, 0x74, 0x78, // ...|.......u_mtx
	0x00, 0x00, 0x00, 0x05, 0x00, 0x03, 0x00, 0x7e, 0x00, 0x00, 0x00, 0x00, 0x00, 0x00, 0x00, 0x05, // .......~........
	0x00, 0x05, 0x00, 0x7e, 0x01, 0x00, 0x00, 0x76, 0x5f, 0x63, 0x6f, 0x6c, 0x6f, 0x72, 0x30, 0x00, // ...~...v_color0.
	0x00, 0x00, 0x00, 0x05, 0x00, 0x05, 0x00, 0x82, 0x01, 0x00, 0x00, 0x76, 0x5f, 0x74, 0x65, 0x78, // ...........v_tex
	0x63, 0x6f, 0x6f, 0x72, 0x64, 0x30, 0x00, 0x05, 0x00, 0x06, 0x00, 0x8f, 0x01, 0x00, 0x00, 0x62, // coord0.........b
	0x67, 0x66, 0x78, 0x5f, 0x46, 0x72, 0x61, 0x67, 0x44, 0x61, 0x74, 0x61, 0x30, 0x00, 0x00, 0x47, // gfx_FragData0..G
	0x00, 0x04, 0x00, 0x4b, 0x00, 0x00, 0x00, 0x21, 0x00, 0x00, 0x00, 0x12, 0x00, 0x00, 0x00, 0x47, // ...K...!.......G
	0x00, 0x04, 0x00, 0x4b, 0x00, 0x00, 0x00, 0x22, 0x00, 0x00, 0x00, 0x00, 0x00, 0x00, 0x00, 0x47, // ...K...".......G
	0x00, 0x04, 0x00, 0x4e, 0x00, 0x00, 0x00, 0x21, 0x00, 0x00, 0x00, 0x02, 0x00, 0x00, 0x00, 0x47, // ...N...!.......G
	0x00, 0x04, 0x00, 0x4e, 0x00, 0x00, 0x00, 0x22, 0x00, 0x00, 0x00, 0x00, 0x00, 0x00, 0x00, 0x47, // ...N...".......G
	0x00, 0x03, 0x00, 0x7c, 0x00, 0x00, 0x00, 0x02, 0x00, 0x00, 0x00, 0x48, 0x00, 0x05, 0x00, 0x7c, // ...|.......H...|
	0x00, 0x00, 0x00, 0x00, 0x00, 0x00, 0x00, 0x23, 0x00, 0x00, 0x00, 0x00, 0x00, 0x00, 0x00, 0x48, // .......#.......H
	0x00, 0x05, 0x00, 0x7c, 0x00, 0x00, 0x00, 0x01, 0x00, 0x00, 0x00, 0x23, 0x00, 0x00, 0x00, 0x10, // ...|.......#....
	0x00, 0x00, 0x00, 0x48, 0x00, 0x04, 0x00, 0x7c, 0x00, 0x00, 0x00, 0x02, 0x00, 0x00, 0x00, 0x04, // ...H...|........
	0x00, 0x00, 0x00, 0x48, 0x00, 0x05, 0x00, 0x7c, 0x00, 0x00, 0x00, 0x02, 0x00, 0x00, 0x00, 0x07, // ...H...|........
	0x00, 0x00, 0x00, 0x10, 0x00, 0x00, 0x00, 0x48, 0x00, 0x05, 0x00, 0x7c, 0x00, 0x00, 0x00, 0x02, // .......H...|....
	0x00, 0x00, 0x00, 0x23, 0x00, 0x00, 0x00, 0x20, 0x00, 0x00, 0x00, 0x47, 0x00, 0x04, 0x00, 0x7e, // ...#... ...G...~
	0x00, 0x00, 0x00, 0x21, 0x00, 0x00, 0x00, 0x01, 0x00, 0x00, 0x00, 0x47, 0x00, 0x04, 0x00, 0x7e, // ...!.......G...~
	0x00, 0x00, 0x00, 0x22, 0x00, 0x00, 0x00, 0x00, 0x00, 0x00, 0x00, 0x47, 0x00, 0x04, 0x00, 0x7e, // ...".......G...~
	0x01, 0x00, 0x00, 0x1e, 0x00, 0x00, 0x00, 0x00, 0x00, 0x00, 0x00, 0x47, 0x00, 0x04, 0x00, 0x82, // ...........G....
	0x01, 0x00, 0x00, 0x1e, 0x00, 0x00, 0x00, 0x01, 0x00, 0x00, 0x00, 0x47, 0x00, 0x04, 0x00, 0x8f, // ...........G....
	0x01, 0x00, 0x00, 0x1e, 0x00, 0x00, 0x00, 0x00, 0x00, 0x00, 0x00, 0x13, 0x00, 0x02, 0x00, 0x02, // ................
	0x00, 0x00, 0x00, 0x21, 0x00, 0x03, 0x00, 0x03, 0x00, 0x00, 0x00, 0x02, 0x00, 0x00, 0x00, 0x1a, // ...!............
	0x00, 0x02, 0x00, 0x06, 0x00, 0x00, 0x00, 0x16, 0x00, 0x03, 0x00, 0x07, 0x00, 0x00, 0x00, 0x20, // ............... 
	0x00, 0x00, 0x00, 0x19, 0x00, 0x09, 0x00, 0x08, 0x00, 0x00, 0x00, 0x07, 0x00, 0x00, 0x00, 0x03, // ................
	0x00, 0x00, 0x00, 0x00, 0x00, 0x00, 0x00, 0x00, 0x00, 0x00, 0x00, 0x00, 0x00, 0x00, 0x00, 0x01, // ................
	0x00, 0x00, 0x00, 0x00, 0x00, 0x00, 0x00, 0x17, 0x00, 0x04, 0x00, 0x0b, 0x00, 0x00, 0x00, 0x07, // ................
	0x00, 0x00, 0x00, 0x03, 0x00, 0x00, 0x00, 0x17, 0x00, 0x04, 0x00, 0x0e, 0x00, 0x00, 0x00, 0x07, // ................
	0x00, 0x00, 0x00, 0x04, 0x00, 0x00, 0x00, 0x20, 0x00, 0x04, 0x00, 0x4a, 0x00, 0x00, 0x00, 0x00, // ....... ...J....
	0x00, 0x00, 0x00, 0x06, 0x00, 0x00, 0x00, 0x3b, 0x00, 0x04, 0x00, 0x4a, 0x00, 0x00, 0x00, 0x4b, // .......;...J...K
	0x00, 0x00, 0x00, 0x00, 0x00, 0x00, 0x00, 0x20, 0x00, 0x04, 0x00, 0x4d, 0x00, 0x00, 0x00, 0x00, // ....... ...M....
	0x00, 0x00, 0x00, 0x08, 0x00, 0x00, 0x00, 0x3b, 0x00, 0x04, 0x00, 0x4d, 0x00, 0x00, 0x00, 0x4e, // .......;...M...N
	0x00, 0x00, 0x00, 0x00, 0x00, 0x00, 0x00, 0x15, 0x00, 0x04, 0x00, 0x51, 0x00, 0x00, 0x00, 0x20, // ...........Q... 
	0x00, 0x00, 0x00, 0x01, 0x00, 0x00, 0x00, 0x2b, 0x00, 0x04, 0x00, 0x51, 0x00, 0x00, 0x00, 0x52, // .......+...Q...R
	0x00, 0x00, 0x00, 0x01, 0x00, 0x00, 0x00, 0x2b, 0x00, 0x04, 0x00, 0x51, 0x00, 0x00, 0x00, 0x56, // .......+...Q...V
	0x00, 0x00, 0x00, 0x00, 0x00, 0x00, 0x00, 0x1b, 0x00, 0x03, 0x00, 0x5a, 0x00, 0x00, 0x00, 0x08, // ...........Z....
	0x00, 0x00, 0x00, 0x2b, 0x00, 0x04, 0x00, 0x07, 0x00, 0x00, 0x00, 0x71, 0x00, 0x00, 0x00, 0xcd, // ...+.......q....
	0xcc, 0x0c, 0x40, 0x18, 0x00, 0x04, 0x00, 0x7b, 0x00, 0x00, 0x00, 0x0e, 0x00, 0x00, 0x00, 0x04, // ..@....{........
	0x00, 0x00, 0x00, 0x1e, 0x00, 0x05, 0x00, 0x7c, 0x00, 0x00, 0x00, 0x0e, 0x00, 0x00, 0x00, 0x0e, // .......|........
	0x00, 0x00, 0x00, 0x7b, 0x00, 0x00, 0x00, 0x20, 0x00, 0x04, 0x00, 0x7d, 0x00, 0x00, 0x00, 0x02, // ...{... ...}....
	0x00, 0x00, 0x00, 0x7c, 0x00, 0x00, 0x00, 0x3b, 0x00, 0x04, 0x00, 0x7d, 0x00, 0x00, 0x00, 0x7e, // ...|...;...}...~
	0x00, 0x00, 0x00, 0x02, 0x00, 0x00, 0x00, 0x15, 0x00, 0x04, 0x00, 0x7f, 0x00, 0x00, 0x00, 0x20, // ............... 
	0x00, 0x00, 0x00, 0x00, 0x00, 0x00, 0x00, 0x2b, 0x00, 0x04, 0x00, 0x7f, 0x00, 0x00, 0x00, 0x80, // .......+........
	0x00, 0x00, 0x00, 0x02, 0x00, 0x00, 0x00, 0x20, 0x00, 0x04, 0x00, 0x81, 0x00, 0x00, 0x00, 0x02, // ....... ........
	0x00, 0x00, 0x00, 0x07, 0x00, 0x00, 0x00, 0x2b, 0x00, 0x04, 0x00, 0x07, 0x00, 0x00, 0x00, 0x8b, // .......+........
	0x00, 0x00, 0x00, 0x00, 0x00, 0x00, 0x40, 0x2b, 0x00, 0x04, 0x00, 0x7f, 0x00, 0x00, 0x00, 0x8c, // ......@+........
	0x00, 0x00, 0x00, 0x03, 0x00, 0x00, 0x00, 0x2b, 0x00, 0x04, 0x00, 0x07, 0x00, 0x00, 0x00, 0x94, // .......+........
	0x00, 0x00, 0x00, 0x1c, 0x2e, 0x4d, 0x3b, 0x14, 0x00, 0x02, 0x00, 0x95, 0x00, 0x00, 0x00, 0x2b, // .....M;........+
	0x00, 0x04, 0x00, 0x07, 0x00, 0x00, 0x00, 0x99, 0x00, 0x00, 0x00, 0x52, 0xb8, 0x4e, 0x41, 0x2b, // ...........R.NA+
	0x00, 0x04, 0x00, 0x07, 0x00, 0x00, 0x00, 0x9e, 0x00, 0x00, 0x00, 0x3d, 0x0a, 0x87, 0x3f, 0x2b, // ...........=..?+
	0x00, 0x04, 0x00, 0x07, 0x00, 0x00, 0x00, 0xa0, 0x00, 0x00, 0x00, 0x55, 0x55, 0xd5, 0x3e, 0x2b, // ...........UU.>+
	0x00, 0x04, 0x00, 0x07, 0x00, 0x00, 0x00, 0xa3, 0x00, 0x00, 0x00, 0xae, 0x47, 0x61, 0x3d, 0x2b, // ............Ga=+
	0x00, 0x04, 0x00, 0x7f, 0x00, 0x00, 0x00, 0xa8, 0x00, 0x00, 0x00, 0x00, 0x00, 0x00, 0x00, 0x2b, // ...............+
	0x00, 0x04, 0x00, 0x7f, 0x00, 0x00, 0x00, 0xae, 0x00, 0x00, 0x00, 0x01, 0x00, 0x00, 0x00, 0x18, // ................
	0x00, 0x04, 0x00, 0xbb, 0x00, 0x00, 0x00, 0x0b, 0x00, 0x00, 0x00, 0x03, 0x00, 0x00, 0x00, 0x2b, // ...............+
	0x00, 0x04, 0x00, 0x07, 0x00, 0x00, 0x00, 0xbe, 0x00, 0x00, 0x00, 0x98, 0x3a, 0xd3, 0x3e, 0x2b, // ............:.>+
	0x00, 0x04, 0x00, 0x07, 0x00, 0x00, 0x00, 0xbf, 0x00, 0x00, 0x00, 0x37, 0x14, 0xb7, 0x3e, 0x2b, // ...........7..>+
	0x00, 0x04, 0x00, 0x07, 0x00, 0x00, 0x00, 0xc0, 0x00, 0x00, 0x00, 0x9c, 0xc4, 0x38, 0x3e, 0x2c, // .............8>,
	0x00, 0x06, 0x00, 0x0b, 0x00, 0x00, 0x00, 0xc1, 0x00, 0x00, 0x00, 0xbe, 0x00, 0x00, 0x00, 0xbf, // ................
	0x00, 0x00, 0x00, 0xc0, 0x00, 0x00, 0x00, 0x2b, 0x00, 0x04, 0x00, 0x07, 0x00, 0x00, 0x00, 0xc2, // .......+........
	0x00, 0x00, 0x00, 0xed, 0xc6, 0x59, 0x3e, 0x2b, 0x00, 0x04, 0x00, 0x07, 0x00, 0x00, 0x00, 0xc3, // .....Y>+........
	0x00, 0x00, 0x00, 0x37, 0x14, 0x37, 0x3f, 0x2b, 0x00, 0x04, 0x00, 0x07, 0x00, 0x00, 0x00, 0xc4, // ...7.7?+........
	0x00, 0x00, 0x00, 0x7d, 0xd0, 0x93, 0x3d, 0x2c, 0x00, 0x06, 0x00, 0x0b, 0x00, 0x00, 0x00, 0xc5, // ...}..=,........
	0x00, 0x00, 0x00, 0xc2, 0x00, 0x00, 0x00, 0xc3, 0x00, 0x00, 0x00, 0xc4, 0x00, 0x00, 0x00, 0x2b, // ...............+
	0x00, 0x04, 0x00, 0x07, 0x00, 0x00, 0x00, 0xc6, 0x00, 0x00, 0x00, 0x21, 0x62, 0x9e, 0x3c, 0x2b, // ...........!b.<+
	0x00, 0x04, 0x00, 0x07, 0x00, 0x00, 0x00, 0xc7, 0x00, 0x00, 0x00, 0xef, 0x1a, 0xf4, 0x3d, 0x2b, // ..............=+
	0x00, 0x04, 0x00, 0x07, 0x00, 0x00, 0x00, 0xc8, 0x00, 0x00, 0x00, 0x21, 0x47, 0x73, 0x3f, 0x2c, // ...........!Gs?,
	0x00, 0x06, 0x00, 0x0b, 0x00, 0x00, 0x00, 0xc9, 0x00, 0x00, 0x00, 0xc6, 0x00, 0x00, 0x00, 0xc7, // ................
	0x00, 0x00, 0x00, 0xc8, 0x00, 0x00, 0x00, 0x2c, 0x00, 0x06, 0x00, 0xbb, 0x00, 0x00, 0x00, 0xca, // .......,........
	0x00, 0x00, 0x00, 0xc1, 0x00, 0x00, 0x00, 0xc5, 0x00, 0x00, 0x00, 0xc9, 0x00, 0x00, 0x00, 0x2b, // ...............+
	0x00, 0x04, 0x00, 0x07, 0x00, 0x00, 0x00, 0xd1, 0x00, 0x00, 0x00, 0x3a, 0xbb, 0xdb, 0x3f, 0x2b, // ...........:..?+
	0x00, 0x04, 0x00, 0x07, 0x00, 0x00, 0x00, 0xd2, 0x00, 0x00, 0x00, 0x7c, 0x1a, 0xb6, 0xbe, 0x2b, // ...........|...+
	0x00, 0x04, 0x00, 0x07, 0x00, 0x00, 0x00, 0xd3, 0x00, 0x00, 0x00, 0x3a, 0xb9, 0x81, 0xbe, 0x2c, // ...........:...,
	0x00, 0x06, 0x00, 0x0b, 0x00, 0x00, 0x00, 0xd4, 0x00, 0x00, 0x00, 0xd1, 0x00, 0x00, 0x00, 0xd2, // ................
	0x00, 0x00, 0x00, 0xd3, 0x00, 0x00, 0x00, 0x2b, 0x00, 0x04, 0x00, 0x07, 0x00, 0x00, 0x00, 0xd5, // .......+........
	0x00, 0x00, 0x00, 0xd4, 0xab, 0x2a, 0xbf, 0x2b, 0x00, 0x04, 0x00, 0x07, 0x00, 0x00, 0x00, 0xd6, // .....*.+........
	0x00, 0x00, 0x00, 0xdb, 0xe8, 0xce, 0x3f, 0x2b, 0x00, 0x04, 0x00, 0x07, 0x00, 0x00, 0x00, 0xd7, // ......?+........
	0x00, 0x00, 0x00, 0xf1, 0x2c, 0x81, 0x3c, 0x2c, 0x00, 0x06, 0x00, 0x0b, 0x00, 0x00, 0x00, 0xd8, // ....,.<,........
	0x00, 0x00, 0x00, 0xd5, 0x00, 0x00, 0x00, 0xd6, 0x00, 0x00, 0x00, 0xd7, 0x00, 0x00, 0x00, 0x2b, // ...............+
	0x00, 0x04, 0x00, 0x07, 0x00, 0x00, 0x00, 0xd9, 0x00, 0x00, 0x00, 0x8d, 0x81, 0x90, 0x3c, 0x2b, // ..............<+
	0x00, 0x04, 0x00, 0x07, 0x00, 0x00, 0x00, 0xda, 0x00, 0x00, 0x00, 0x3a, 0x30, 0x2f, 0xbd, 0x2b, // ...........:0/.+
	0x00, 0x04, 0x00, 0x07, 0x00, 0x00, 0x00, 0xdb, 0x00, 0x00, 0x00, 0xab, 0x2d, 0x71, 0x3f, 0x2c, // ............-q?,
	0x00, 0x06, 0x00, 0x0b, 0x00, 0x00, 0x00, 0xdc, 0x00, 0x00, 0x00, 0xd9, 0x00, 0x00, 0x00, 0xda, // ................
	0x00, 0x00, 0x00, 0xdb, 0x00, 0x00, 0x00, 0x2c, 0x00, 0x06, 0x00, 0xbb, 0x00, 0x00, 0x00, 0xdd, // .......,........
	0x00, 0x00, 0x00, 0xd4, 0x00, 0x00, 0x00, 0xd8, 0x00, 0x00, 0x00, 0xdc, 0x00, 0x00, 0x00, 0x2b, // ...............+
	0x00, 0x04, 0x00, 0x07, 0x00, 0x00, 0x00, 0xe4, 0x00, 0x00, 0x00, 0x00, 0x20, 0x23, 0x3e, 0x2b, // ............ #>+
	0x00, 0x04, 0x00, 0x07, 0x00, 0x00, 0x00, 0xe6, 0x00, 0x00, 0x00, 0x00, 0xb0, 0x9d, 0x42, 0x2b, // ..............B+
	0x00, 0x04, 0x00, 0x07, 0x00, 0x00, 0x00, 0xe8, 0x00, 0x00, 0x00, 0x00, 0x00, 0x56, 0x3f, 0x2b, // .............V?+
	0x00, 0x04, 0x00, 0x07, 0x00, 0x00, 0x00, 0xea, 0x00, 0x00, 0x00, 0x00, 0xd0, 0x96, 0x41, 0x2b, // ..............A+
	0x00, 0x04, 0x00, 0x07, 0x00, 0x00, 0x00, 0xec, 0x00, 0x00, 0x00, 0x00, 0x80, 0x95, 0x41, 0x2b, // ..............A+
	0x00, 0x04, 0x00, 0x07, 0x00, 0x00, 0x00, 0xef, 0x00, 0x00, 0x00, 0x17, 0xb7, 0xd1, 0x38, 0x2b, // ..............8+
	0x00, 0x04, 0x00, 0x07, 0x00, 0x00, 0x00, 0xfb, 0x00, 0x00, 0x00, 0x00, 0x00, 0x80, 0x3f, 0x2b, // ..............?+
	0x00, 0x04, 0x00, 0x07, 0x00, 0x00, 0x00, 0x0b, 0x01, 0x00, 0x00, 0x00, 0x00, 0x00, 0x00, 0x2b, // ...............+
	0x00, 0x04, 0x00, 0x07, 0x00, 0x00, 0x00, 0x0f, 0x01, 0x00, 0x00, 0x00, 0x00, 0x00, 0x3f, 0x2b, // ..............?+
	0x00, 0x04, 0x00, 0x07, 0x00, 0x00, 0x00, 0x1c, 0x01, 0x00, 0x00, 0x00, 0x00, 0xc0, 0x3f, 0x2b, // ..............?+
	0x00, 0x04, 0x00, 0x07, 0x00, 0x00, 0x00, 0x24, 0x01, 0x00, 0x00, 0x00, 0x00, 0x20, 0x40, 0x17, // .......$..... @.
	0x00, 0x04, 0x00, 0x42, 0x01, 0x00, 0x00, 0x07, 0x00, 0x00, 0x00, 0x02, 0x00, 0x00, 0x00, 0x2b, // ...B...........+
	0x00, 0x04, 0x00, 0x07, 0x00, 0x00, 0x00, 0x48, 0x01, 0x00, 0x00, 0x00, 0x00, 0x80, 0xbf, 0x2c, // .......H.......,
	0x00, 0x05, 0x00, 0x42, 0x01, 0x00, 0x00, 0x49, 0x01, 0x00, 0x00, 0xfb, 0x00, 0x00, 0x00, 0x48, // ...B...I.......H
	0x01, 0x00, 0x00, 0x2b, 0x00, 0x04, 0x00, 0x51, 0x00, 0x00, 0x00, 0x53, 0x01, 0x00, 0x00, 0x02, // ...+...Q...S....
	0x00, 0x00, 0x00, 0x20, 0x00, 0x04, 0x00, 0x54, 0x01, 0x00, 0x00, 0x02, 0x00, 0x00, 0x00, 0x7b, // ... ...T.......{
	0x00, 0x00, 0x00, 0x20, 0x00, 0x04, 0x00, 0x7a, 0x01, 0x00, 0x00, 0x01, 0x00, 0x00, 0x00, 0x0e, // ... ...z........
	0x00, 0x00, 0x00, 0x3b, 0x00, 0x04, 0x00, 0x7a, 0x01, 0x00, 0x00, 0x7e, 0x01, 0x00, 0x00, 0x01, // ...;...z...~....
	0x00, 0x00, 0x00, 0x20, 0x00, 0x04, 0x00, 0x81, 0x01, 0x00, 0x00, 0x01, 0x00, 0x00, 0x00, 0x0b, // ... ............
	0x00, 0x00, 0x00, 0x3b, 0x00, 0x04, 0x00, 0x81, 0x01, 0x00, 0x00, 0x82, 0x01, 0x00, 0x00, 0x01, // ...;............
	0x00, 0x00, 0x00, 0x20, 0x00, 0x04, 0x00, 0x8e, 0x01, 0x00, 0x00, 0x03, 0x00, 0x00, 0x00, 0x0e, // ... ............
	0x00, 0x00, 0x00, 0x3b, 0x00, 0x04, 0x00, 0x8e, 0x01, 0x00, 0x00, 0x8f, 0x01, 0x00, 0x00, 0x03, // ...;............
	0x00, 0x00, 0x00, 0x2c, 0x00, 0x05, 0x00, 0x42, 0x01, 0x00, 0x00, 0xdc, 0x02, 0x00, 0x00, 0xfb, // ...,...B........
	0x00, 0x00, 0x00, 0xfb, 0x00, 0x00, 0x00, 0x2c, 0x00, 0x06, 0x00, 0x0b, 0x00, 0x00, 0x00, 0xdd, // .......,........
	0x02, 0x00, 0x00, 0x71, 0x00, 0x00, 0x00, 0x71, 0x00, 0x00, 0x00, 0x71, 0x00, 0x00, 0x00, 0x2c, // ...q...q...q...,
	0x00, 0x06, 0x00, 0x0b, 0x00, 0x00, 0x00, 0xde, 0x02, 0x00, 0x00, 0x0b, 0x01, 0x00, 0x00, 0x0b, // ................
	0x01, 0x00, 0x00, 0x0b, 0x01, 0x00, 0x00, 0x2c, 0x00, 0x06, 0x00, 0x0b, 0x00, 0x00, 0x00, 0xdf, // .......,........
	0x02, 0x00, 0x00, 0xe4, 0x00, 0x00, 0x00, 0xe4, 0x00, 0x00, 0x00, 0xe4, 0x00, 0x00, 0x00, 0x2c, // ...............,
	0x00, 0x06, 0x00, 0x0b, 0x00, 0x00, 0x00, 0xe0, 0x02, 0x00, 0x00, 0xe8, 0x00, 0x00, 0x00, 0xe8, // ................
	0x00, 0x00, 0x00, 0xe8, 0x00, 0x00, 0x00, 0x2c, 0x00, 0x06, 0x00, 0x0b, 0x00, 0x00, 0x00, 0xe1, // .......,........
	0x02, 0x00, 0x00, 0xfb, 0x00, 0x00, 0x00, 0xfb, 0x00, 0x00, 0x00, 0xfb, 0x00, 0x00, 0x00, 0x2c, // ...............,
	0x00, 0x06, 0x00, 0x0b, 0x00, 0x00, 0x00, 0xe2, 0x02, 0x00, 0x00, 0xe6, 0x00, 0x00, 0x00, 0xe6, // ................
	0x00, 0x00, 0x00, 0xe6, 0x00, 0x00, 0x00, 0x36, 0x00, 0x05, 0x00, 0x02, 0x00, 0x00, 0x00, 0x04, // .......6........
	0x00, 0x00, 0x00, 0x00, 0x00, 0x00, 0x00, 0x03, 0x00, 0x00, 0x00, 0xf8, 0x00, 0x02, 0x00, 0x05, // ................
	0x00, 0x00, 0x00, 0x3d, 0x00, 0x04, 0x00, 0x06, 0x00, 0x00, 0x00, 0x4c, 0x00, 0x00, 0x00, 0x4b, // ...=.......L...K
	0x00, 0x00, 0x00, 0x3d, 0x00, 0x04, 0x00, 0x08, 0x00, 0x00, 0x00, 0x4f, 0x00, 0x00, 0x00, 0x4e, // ...=.......O...N
	0x00, 0x00, 0x00, 0x3d, 0x00, 0x04, 0x00, 0x0e, 0x00, 0x00, 0x00, 0x7f, 0x01, 0x00, 0x00, 0x7e, // ...=...........~
	0x01, 0x00, 0x00, 0x3d, 0x00, 0x04, 0x00, 0x0b, 0x00, 0x00, 0x00, 0x83, 0x01, 0x00, 0x00, 0x82, // ...=............
	0x01, 0x00, 0x00, 0x4f, 0x00, 0x07, 0x00, 0x42, 0x01, 0x00, 0x00, 0xb8, 0x01, 0x00, 0x00, 0x83, // ...O...B........
	0x01, 0x00, 0x00, 0x83, 0x01, 0x00, 0x00, 0x00, 0x00, 0x00, 0x00, 0x01, 0x00, 0x00, 0x00, 0x8e, // ................
	0x00, 0x05, 0x00, 0x42, 0x01, 0x00, 0x00, 0xb9, 0x01, 0x00, 0x00, 0xb8, 0x01, 0x00, 0x00, 0x8b, // ...B............
	0x00, 0x00, 0x00, 0x83, 0x00, 0x05, 0x00, 0x42, 0x01, 0x00, 0x00, 0xbb, 0x01, 0x00, 0x00, 0xb9, // .......B........
	0x01, 0x00, 0x00, 0xdc, 0x02, 0x00, 0x00, 0x85, 0x00, 0x05, 0x00, 0x42, 0x01, 0x00, 0x00, 0xbc, // ...........B....
	0x01, 0x00, 0x00, 0xbb, 0x01, 0x00, 0x00, 0x49, 0x01, 0x00, 0x00, 0x51, 0x00, 0x05, 0x00, 0x07, // .......I...Q....
	0x00, 0x00, 0x00, 0xbd, 0x01, 0x00, 0x00, 0xbc, 0x01, 0x00, 0x00, 0x00, 0x00, 0x00, 0x00, 0x51, // ...............Q
	0x00, 0x05, 0x00, 0x07, 0x00, 0x00, 0x00, 0xbe, 0x01, 0x00, 0x00, 0xbc, 0x01, 0x00, 0x00, 0x01, // ................
	0x00, 0x00, 0x00, 0x50, 0x00, 0x07, 0x00, 0x0e, 0x00, 0x00, 0x00, 0xc4, 0x01, 0x00, 0x00, 0xbd, // ...P............
	0x01, 0x00, 0x00, 0xbe, 0x01, 0x00, 0x00, 0xfb, 0x00, 0x00, 0x00, 0x0b, 0x01, 0x00, 0x00, 0x41, // ...............A
	0x00, 0x05, 0x00, 0x54, 0x01, 0x00, 0x00, 0xc5, 0x01, 0x00, 0x00, 0x7e, 0x00, 0x00, 0x00, 0x53, // ...T.......~...S
	0x01, 0x00, 0x00, 0x3d, 0x00, 0x04, 0x00, 0x7b, 0x00, 0x00, 0x00, 0xc6, 0x01, 0x00, 0x00, 0xc5, // ...=...{........
	0x01, 0x00, 0x00, 0x90, 0x00, 0x05, 0x00, 0x0e, 0x00, 0x00, 0x00, 0xc7, 0x01, 0x00, 0x00, 0xc4, // ................
	0x01, 0x00, 0x00, 0xc6, 0x01, 0x00, 0x00, 0x4f, 0x00, 0x08, 0x00, 0x0b, 0x00, 0x00, 0x00, 0xc8, // .......O........
	0x01, 0x00, 0x00, 0xc7, 0x01, 0x00, 0x00, 0xc7, 0x01, 0x00, 0x00, 0x00, 0x00, 0x00, 0x00, 0x01, // ................
	0x00, 0x00, 0x00, 0x02, 0x00, 0x00, 0x00, 0x0c, 0x00, 0x06, 0x00, 0x0b, 0x00, 0x00, 0x00, 0xc9, // ................
	0x01, 0x00, 0x00, 0x01, 0x00, 0x00, 0x00, 0x45, 0x00, 0x00, 0x00, 0xc8, 0x01, 0x00, 0x00, 0x41, // .......E.......A
	0x00, 0x06, 0x00, 0x81, 0x00, 0x00, 0x00, 0xcc, 0x01, 0x00, 0x00, 0x7e, 0x00, 0x00, 0x00, 0x56, // ...........~...V
	0x00, 0x00, 0x00, 0xa8, 0x00, 0x00, 0x00, 0x3d, 0x00, 0x04, 0x00, 0x07, 0x00, 0x00, 0x00, 0xcd, // .......=........
	0x01, 0x00, 0x00, 0xcc, 0x01, 0x00, 0x00, 0x56, 0x00, 0x05, 0x00, 0x5a, 0x00, 0x00, 0x00, 0xeb, // .......V...Z....
	0x01, 0x00, 0x00, 0x4f, 0x00, 0x00, 0x00, 0x4c, 0x00, 0x00, 0x00, 0x58, 0x00, 0x07, 0x00, 0x0e, // ...O...L...X....
	0x00, 0x00, 0x00, 0xee, 0x01, 0x00, 0x00, 0xeb, 0x01, 0x00, 0x00, 0xc9, 0x01, 0x00, 0x00, 0x02, // ................
	0x00, 0x00, 0x00, 0xcd, 0x01, 0x00, 0x00, 0x4f, 0x00, 0x08, 0x00, 0x0b, 0x00, 0x00, 0x00, 0xd0, // .......O........
	0x01, 0x00, 0x00, 0xee, 0x01, 0x00, 0x00, 0xee, 0x01, 0x00, 0x00, 0x00, 0x00, 0x00, 0x00, 0x01, // ................
	0x00, 0x00, 0x00, 0x02, 0x00, 0x00, 0x00, 0x0c, 0x00, 0x06, 0x00, 0x0b, 0x00, 0x00, 0x00, 0x06, // ................
	0x02, 0x00, 0x00, 0x01, 0x00, 0x00, 0x00, 0x04, 0x00, 0x00, 0x00, 0xd0, 0x01, 0x00, 0x00, 0x0c, // ................
	0x00, 0x07, 0x00, 0x0b, 0x00, 0x00, 0x00, 0x08, 0x02, 0x00, 0x00, 0x01, 0x00, 0x00, 0x00, 0x1a, // ................
	0x00, 0x00, 0x00, 0x06, 0x02, 0x00, 0x00, 0xdd, 0x02, 0x00, 0x00, 0x41, 0x00, 0x06, 0x00, 0x81, // ...........A....
	0x00, 0x00, 0x00, 0xf8, 0x01, 0x00, 0x00, 0x7e, 0x00, 0x00, 0x00, 0x56, 0x00, 0x00, 0x00, 0x80, // .......~...V....
	0x00, 0x00, 0x00, 0x3d, 0x00, 0x04, 0x00, 0x07, 0x00, 0x00, 0x00, 0xf9, 0x01, 0x00, 0x00, 0xf8, // ...=............
	0x01, 0x00, 0x00, 0x50, 0x00, 0x06, 0x00, 0x0b, 0x00, 0x00, 0x00, 0xfa, 0x01, 0x00, 0x00, 0xf9, // ...P............
	0x01, 0x00, 0x00, 0xf9, 0x01, 0x00, 0x00, 0xf9, 0x01, 0x00, 0x00, 0x0c, 0x00, 0x08, 0x00, 0x0b, // ................
	0x00, 0x00, 0x00, 0x12, 0x02, 0x00, 0x00, 0x01, 0x00, 0x00, 0x00, 0x2e, 0x00, 0x00, 0x00, 0x08, // ................
	0x02, 0x00, 0x00, 0xd0, 0x01, 0x00, 0x00, 0xfa, 0x01, 0x00, 0x00, 0x41, 0x00, 0x06, 0x00, 0x81, // ...........A....
	0x00, 0x00, 0x00, 0xfe, 0x01, 0x00, 0x00, 0x7e, 0x00, 0x00, 0x00, 0x56, 0x00, 0x00, 0x00, 0x8c, // .......~...V....
	0x00, 0x00, 0x00, 0x3d, 0x00, 0x04, 0x00, 0x07, 0x00, 0x00, 0x00, 0xff, 0x01, 0x00, 0x00, 0xfe, // ...=............
	0x01, 0x00, 0x00, 0x0c, 0x00, 0x07, 0x00, 0x07, 0x00, 0x00, 0x00, 0x00, 0x02, 0x00, 0x00, 0x01, // ................
	0x00, 0x00, 0x00, 0x1a, 0x00, 0x00, 0x00, 0x8b, 0x00, 0x00, 0x00, 0xff, 0x01, 0x00, 0x00, 0x8e, // ................
	0x00, 0x05, 0x00, 0x0b, 0x00, 0x00, 0x00, 0x01, 0x02, 0x00, 0x00, 0x12, 0x02, 0x00, 0x00, 0x00, // ................
	0x02, 0x00, 0x00, 0x51, 0x00, 0x05, 0x00, 0x07, 0x00, 0x00, 0x00, 0xd3, 0x01, 0x00, 0x00, 0x01, // ...Q............
	0x02, 0x00, 0x00, 0x00, 0x00, 0x00, 0x00, 0x52, 0x00, 0x06, 0x00, 0x0e, 0x00, 0x00, 0x00, 0xcc, // .......R........
	0x02, 0x00, 0x00, 0xd3, 0x01, 0x00, 0x00, 0xee, 0x01, 0x00, 0x00, 0x00, 0x00, 0x00, 0x00, 0x51, // ...............Q
	0x00, 0x05, 0x00, 0x07, 0x00, 0x00, 0x00, 0xd5, 0x01, 0x00, 0x00, 0x01, 0x02, 0x00, 0x00, 0x01, // ................
	0x00, 0x00, 0x00, 0x52, 0x00, 0x06, 0x00, 0x0e, 0x00, 0x00, 0x00, 0xce, 0x02, 0x00, 0x00, 0xd5, // ...R............
	0x01, 0x00, 0x00, 0xcc, 0x02, 0x00, 0x00, 0x01, 0x00, 0x00, 0x00, 0x51, 0x00, 0x05, 0x00, 0x07, // ...........Q....
	0x00, 0x00, 0x00, 0xd7, 0x01, 0x00, 0x00, 0x01, 0x02, 0x00, 0x00, 0x02, 0x00, 0x00, 0x00, 0x52, // ...............R
	0x00, 0x06, 0x00, 0x0e, 0x00, 0x00, 0x00, 0xd0, 0x02, 0x00, 0x00, 0xd7, 0x01, 0x00, 0x00, 0xce, // ................
	0x02, 0x00, 0x00, 0x02, 0x00, 0x00, 0x00, 0x85, 0x00, 0x05, 0x00, 0x0e, 0x00, 0x00, 0x00, 0xda, // ................
	0x01, 0x00, 0x00, 0xd0, 0x02, 0x00, 0x00, 0x7f, 0x01, 0x00, 0x00, 0x41, 0x00, 0x06, 0x00, 0x81, // ...........A....
	0x00, 0x00, 0x00, 0xdc, 0x01, 0x00, 0x00, 0x7e, 0x00, 0x00, 0x00, 0x52, 0x00, 0x00, 0x00, 0xa8, // .......~...R....
	0x00, 0x00, 0x00, 0x3d, 0x00, 0x04, 0x00, 0x07, 0x00, 0x00, 0x00, 0xdd, 0x01, 0x00, 0x00, 0xdc, // ...=............
	0x01, 0x00, 0x00, 0x41, 0x00, 0x06, 0x00, 0x81, 0x00, 0x00, 0x00, 0xde, 0x01, 0x00, 0x00, 0x7e, // ...A...........~
	0x00, 0x00, 0x00, 0x52, 0x00, 0x00, 0x00, 0xae, 0x00, 0x00, 0x00, 0x3d, 0x00, 0x04, 0x00, 0x07, // ...R.......=....
	0x00, 0x00, 0x00, 0xdf, 0x01, 0x00, 0x00, 0xde, 0x01, 0x00, 0x00, 0xb8, 0x00, 0x05, 0x00, 0x95, // ................
	0x00, 0x00, 0x00, 0x1e, 0x02, 0x00, 0x00, 0xdd, 0x01, 0x00, 0x00, 0x0f, 0x01, 0x00, 0x00, 0xf7, // ................
	0x00, 0x03, 0x00, 0x3b, 0x02, 0x00, 0x00, 0x00, 0x00, 0x00, 0x00, 0xfa, 0x00, 0x04, 0x00, 0x1e, // ...;............
	0x02, 0x00, 0x00, 0x1f, 0x02, 0x00, 0x00, 0x26, 0x02, 0x00, 0x00, 0xf8, 0x00, 0x02, 0x00, 0x26, // .......&.......&
	0x02, 0x00, 0x00, 0xb8, 0x00, 0x05, 0x00, 0x95, 0x00, 0x00, 0x00, 0x28, 0x02, 0x00, 0x00, 0xdd, // ...........(....
	0x01, 0x00, 0x00, 0x1c, 0x01, 0x00, 0x00, 0xf7, 0x00, 0x03, 0x00, 0x3a, 0x02, 0x00, 0x00, 0x00, // ...........:....
	0x00, 0x00, 0x00, 0xfa, 0x00, 0x04, 0x00, 0x28, 0x02, 0x00, 0x00, 0x29, 0x02, 0x00, 0x00, 0x2c, // .......(...)...,
	0x02, 0x00, 0x00, 0xf8, 0x00, 0x02, 0x00, 0x2c, 0x02, 0x00, 0x00, 0xb8, 0x00, 0x05, 0x00, 0x95, // .......,........
	0x00, 0x00, 0x00, 0x2e, 0x02, 0x00, 0x00, 0xdd, 0x01, 0x00, 0x00, 0x24, 0x01, 0x00, 0x00, 0xf7, // ...........$....
	0x00, 0x03, 0x00, 0x39, 0x02, 0x00, 0x00, 0x00, 0x00, 0x00, 0x00, 0xfa, 0x00, 0x04, 0x00, 0x2e, // ...9............
	0x02, 0x00, 0x00, 0x2f, 0x02, 0x00, 0x00, 0x39, 0x02, 0x00, 0x00, 0xf8, 0x00, 0x02, 0x00, 0x2f, // .../...9......./
	0x02, 0x00, 0x00, 0x4f, 0x00, 0x08, 0x00, 0x0b, 0x00, 0x00, 0x00, 0x31, 0x02, 0x00, 0x00, 0xda, // ...O.......1....
	0x01, 0x00, 0x00, 0xda, 0x01, 0x00, 0x00, 0x00, 0x00, 0x00, 0x00, 0x01, 0x00, 0x00, 0x00, 0x02, // ................
	0x00, 0x00, 0x00, 0x90, 0x00, 0x05, 0x00, 0x0b, 0x00, 0x00, 0x00, 0x94, 0x02, 0x00, 0x00, 0x31, // ...............1
	0x02, 0x00, 0x00, 0xca, 0x00, 0x00, 0x00, 0x90, 0x00, 0x05, 0x00, 0x0b, 0x00, 0x00, 0x00, 0x9a, // ................
	0x02, 0x00, 0x00, 0x94, 0x02, 0x00, 0x00, 0xdd, 0x00, 0x00, 0x00, 0x8e, 0x00, 0x05, 0x00, 0x0b, // ................
	0x00, 0x00, 0x00, 0x37, 0x02, 0x00, 0x00, 0x9a, 0x02, 0x00, 0x00, 0xdf, 0x01, 0x00, 0x00, 0x8e, // ...7............
	0x00, 0x05, 0x00, 0x0b, 0x00, 0x00, 0x00, 0xa7, 0x02, 0x00, 0x00, 0x37, 0x02, 0x00, 0x00, 0xef, // ...........7....
	0x00, 0x00, 0x00, 0x0c, 0x00, 0x07, 0x00, 0x0b, 0x00, 0x00, 0x00, 0xaa, 0x02, 0x00, 0x00, 0x01, // ................
	0x00, 0x00, 0x00, 0x1a, 0x00, 0x00, 0x00, 0xa7, 0x02, 0x00, 0x00, 0xdf, 0x02, 0x00, 0x00, 0x8e, // ................
	0x00, 0x05, 0x00, 0x0b, 0x00, 0x00, 0x00, 0xae, 0x02, 0x00, 0x00, 0xaa, 0x02, 0x00, 0x00, 0xea, // ................
	0x00, 0x00, 0x00, 0x81, 0x00, 0x05, 0x00, 0x0b, 0x00, 0x00, 0x00, 0xb0, 0x02, 0x00, 0x00, 0xe0, // ................
	0x02, 0x00, 0x00, 0xae, 0x02, 0x00, 0x00, 0x8e, 0x00, 0x05, 0x00, 0x0b, 0x00, 0x00, 0x00, 0xb4, // ................
	0x02, 0x00, 0x00, 0xaa, 0x02, 0x00, 0x00, 0xec, 0x00, 0x00, 0x00, 0x81, 0x00, 0x05, 0x00, 0x0b, // ................
	0x00, 0x00, 0x00, 0xb5, 0x02, 0x00, 0x00, 0xe1, 0x02, 0x00, 0x00, 0xb4, 0x02, 0x00, 0x00, 0x88, // ................
	0x00, 0x05, 0x00, 0x0b, 0x00, 0x00, 0x00, 0xb6, 0x02, 0x00, 0x00, 0xb0, 0x02, 0x00, 0x00, 0xb5, // ................
	0x02, 0x00, 0x00, 0x0c, 0x00, 0x07, 0x00, 0x0b, 0x00, 0x00, 0x00, 0xb9, 0x02, 0x00, 0x00, 0x01, // ................
	0x00, 0x00, 0x00, 0x1a, 0x00, 0x00, 0x00, 0xb6, 0x02, 0x00, 0x00, 0xe2, 0x02, 0x00, 0x00, 0xf9, // ................
	0x00, 0x02, 0x00, 0x39, 0x02, 0x00, 0x00, 0xf8, 0x00, 0x02, 0x00, 0x39, 0x02, 0x00, 0x00, 0xf5, // ...9.......9....
	0x00, 0x07, 0x00, 0x0b, 0x00, 0x00, 0x00, 0xeb, 0x02, 0x00, 0x00, 0xde, 0x02, 0x00, 0x00, 0x2c, // ...............,
	0x02, 0x00, 0x00, 0xb9, 0x02, 0x00, 0x00, 0x2f, 0x02, 0x00, 0x00, 0xf9, 0x00, 0x02, 0x00, 0x3a, // ......./.......:
	0x02, 0x00, 0x00, 0xf8, 0x00, 0x02, 0x00, 0x29, 0x02, 0x00, 0x00, 0x4f, 0x00, 0x08, 0x00, 0x0b, // .......)...O....
	0x00, 0x00, 0x00, 0x2b, 0x02, 0x00, 0x00, 0xda, 0x01, 0x00, 0x00, 0xda, 0x01, 0x00, 0x00, 0x00, // ...+............
	0x00, 0x00, 0x00, 0x01, 0x00, 0x00, 0x00, 0x02, 0x00, 0x00, 0x00, 0xf9, 0x00, 0x02, 0x00, 0x3a, // ...............:
	0x02, 0x00, 0x00, 0xf8, 0x00, 0x02, 0x00, 0x3a, 0x02, 0x00, 0x00, 0xf5, 0x00, 0x07, 0x00, 0x0b, // .......:........
	0x00, 0x00, 0x00, 0xea, 0x02, 0x00, 0x00, 0xeb, 0x02, 0x00, 0x00, 0x39, 0x02, 0x00, 0x00, 0x2b, // ...........9...+
	0x02, 0x00, 0x00, 0x29, 0x02, 0x00, 0x00, 0xf9, 0x00, 0x02, 0x00, 0x3b, 0x02, 0x00, 0x00, 0xf8, // ...).......;....
	0x00, 0x02, 0x00, 0x1f, 0x02, 0x00, 0x00, 0x4f, 0x00, 0x08, 0x00, 0x0b, 0x00, 0x00, 0x00, 0x21, // .......O.......!
	0x02, 0x00, 0x00, 0xda, 0x01, 0x00, 0x00, 0xda, 0x01, 0x00, 0x00, 0x00, 0x00, 0x00, 0x00, 0x01, // ................
	0x00, 0x00, 0x00, 0x02, 0x00, 0x00, 0x00, 0x0c, 0x00, 0x08, 0x00, 0x0b, 0x00, 0x00, 0x00, 0x24, // ...............$
	0x02, 0x00, 0x00, 0x01, 0x00, 0x00, 0x00, 0x2b, 0x00, 0x00, 0x00, 0x21, 0x02, 0x00, 0x00, 0xde, // .......+...!....
	0x02, 0x00, 0x00, 0xe1, 0x02, 0x00, 0x00, 0x51, 0x00, 0x05, 0x00, 0x07, 0x00, 0x00, 0x00, 0x4d, // .......Q.......M
	0x02, 0x00, 0x00, 0x24, 0x02, 0x00, 0x00, 0x00, 0x00, 0x00, 0x00, 0xf7, 0x00, 0x03, 0x00, 0x69, // ...$...........i
	0x02, 0x00, 0x00, 0x00, 0x00, 0x00, 0x00, 0xfb, 0x00, 0x03, 0x00, 0xa8, 0x00, 0x00, 0x00, 0x5d, // ...............]
	0x02, 0x00, 0x00, 0xf8, 0x00, 0x02, 0x00, 0x5d, 0x02, 0x00, 0x00, 0xbc, 0x00, 0x05, 0x00, 0x95, // .......]........
	0x00, 0x00, 0x00, 0x5f, 0x02, 0x00, 0x00, 0x4d, 0x02, 0x00, 0x00, 0x94, 0x00, 0x00, 0x00, 0xf7, // ..._...M........
	0x00, 0x03, 0x00, 0x68, 0x02, 0x00, 0x00, 0x00, 0x00, 0x00, 0x00, 0xfa, 0x00, 0x04, 0x00, 0x5f, // ...h..........._
	0x02, 0x00, 0x00, 0x60, 0x02, 0x00, 0x00, 0x63, 0x02, 0x00, 0x00, 0xf8, 0x00, 0x02, 0x00, 0x63, // ...`...c.......c
	0x02, 0x00, 0x00, 0x0c, 0x00, 0x07, 0x00, 0x07, 0x00, 0x00, 0x00, 0x65, 0x02, 0x00, 0x00, 0x01, // ...........e....
	0x00, 0x00, 0x00, 0x1a, 0x00, 0x00, 0x00, 0x4d, 0x02, 0x00, 0x00, 0xa0, 0x00, 0x00, 0x00, 0x85, // .......M........
	0x00, 0x05, 0x00, 0x07, 0x00, 0x00, 0x00, 0x66, 0x02, 0x00, 0x00, 0x9e, 0x00, 0x00, 0x00, 0x65, // .......f.......e
	0x02, 0x00, 0x00, 0x83, 0x00, 0x05, 0x00, 0x07, 0x00, 0x00, 0x00, 0x67, 0x02, 0x00, 0x00, 0x66, // ...........g...f
	0x02, 0x00, 0x00, 0xa3, 0x00, 0x00, 0x00, 0xf9, 0x00, 0x02, 0x00, 0x69, 0x02, 0x00, 0x00, 0xf8, // ...........i....
	0x00, 0x02, 0x00, 0x60, 0x02, 0x00, 0x00, 0x85, 0x00, 0x05, 0x00, 0x07, 0x00, 0x00, 0x00, 0x62, // ...`...........b
	0x02, 0x00, 0x00, 0x99, 0x00, 0x00, 0x00, 0x4d, 0x02, 0x00, 0x00, 0xf9, 0x00, 0x02, 0x00, 0x69, // .......M.......i
	0x02, 0x00, 0x00, 0xf8, 0x00, 0x02, 0x00, 0x68, 0x02, 0x00, 0x00, 0xff, 0x00, 0x01, 0x00, 0xf8, // .......h........
	0x00, 0x02, 0x00, 0x69, 0x02, 0x00, 0x00, 0xf5, 0x00, 0x07, 0x00, 0x07, 0x00, 0x00, 0x00, 0xe3, // ...i............
	0x02, 0x00, 0x00, 0x67, 0x02, 0x00, 0x00, 0x63, 0x02, 0x00, 0x00, 0x62, 0x02, 0x00, 0x00, 0x60, // ...g...c...b...`
	0x02, 0x00, 0x00, 0x51, 0x00, 0x05, 0x00, 0x07, 0x00, 0x00, 0x00, 0x51, 0x02, 0x00, 0x00, 0x24, // ...Q.......Q...$
	0x02, 0x00, 0x00, 0x01, 0x00, 0x00, 0x00, 0xf7, 0x00, 0x03, 0x00, 0x7b, 0x02, 0x00, 0x00, 0x00, // ...........{....
	0x00, 0x00, 0x00, 0xfb, 0x00, 0x03, 0x00, 0xa8, 0x00, 0x00, 0x00, 0x6f, 0x02, 0x00, 0x00, 0xf8, // ...........o....
	0x00, 0x02, 0x00, 0x6f, 0x02, 0x00, 0x00, 0xbc, 0x00, 0x05, 0x00, 0x95, 0x00, 0x00, 0x00, 0x71, // ...o...........q
	0x02, 0x00, 0x00, 0x51, 0x02, 0x00, 0x00, 0x94, 0x00, 0x00, 0x00, 0xf7, 0x00, 0x03, 0x00, 0x7a, // ...Q...........z
	0x02, 0x00, 0x00, 0x00, 0x00, 0x00, 0x00, 0xfa, 0x00, 0x04, 0x00, 0x71, 0x02, 0x00, 0x00, 0x72, // ...........q...r
	0x02, 0x00, 0x00, 0x75, 0x02, 0x00, 0x00, 0xf8, 0x00, 0x02, 0x00, 0x75, 0x02, 0x00, 0x00, 0x0c, // ...u.......u....
	0x00, 0x07, 0x00, 0x07, 0x00, 0x00, 0x00, 0x77, 0x02, 0x00, 0x00, 0x01, 0x00, 0x00, 0x00, 0x1a, // .......w........
	0x00, 0x00, 0x00, 0x51, 0x02, 0x00, 0x00, 0xa0, 0x00, 0x00, 0x00, 0x85, 0x00, 0x05, 0x00, 0x07, // ...Q............
	0x00, 0x00, 0x00, 0x78, 0x02, 0x00, 0x00, 0x9e, 0x00, 0x00, 0x00, 0x77, 0x02, 0x00, 0x00, 0x83, // ...x.......w....
	0x00, 0x05, 0x00, 0x07, 0x00, 0x00, 0x00, 0x79, 0x02, 0x00, 0x00, 0x78, 0x02, 0x00, 0x00, 0xa3, // .......y...x....
	0x00, 0x00, 0x00, 0xf9, 0x00, 0x02, 0x00, 0x7b, 0x02, 0x00, 0x00, 0xf8, 0x00, 0x02, 0x00, 0x72, // .......{.......r
	0x02, 0x00, 0x00, 0x85, 0x00, 0x05, 0x00, 0x07, 0x00, 0x00, 0x00, 0x74, 0x02, 0x00, 0x00, 0x99, // ...........t....
	0x00, 0x00, 0x00, 0x51, 0x02, 0x00, 0x00, 0xf9, 0x00, 0x02, 0x00, 0x7b, 0x02, 0x00, 0x00, 0xf8, // ...Q.......{....
	0x00, 0x02, 0x00, 0x7a, 0x02, 0x00, 0x00, 0xff, 0x00, 0x01, 0x00, 0xf8, 0x00, 0x02, 0x00, 0x7b, // ...z...........{
	0x02, 0x00, 0x00, 0xf5, 0x00, 0x07, 0x00, 0x07, 0x00, 0x00, 0x00, 0xe5, 0x02, 0x00, 0x00, 0x79, // ...............y
	0x02, 0x00, 0x00, 0x75, 0x02, 0x00, 0x00, 0x74, 0x02, 0x00, 0x00, 0x72, 0x02, 0x00, 0x00, 0x51, // ...u...t...r...Q
	0x00, 0x05, 0x00, 0x07, 0x00, 0x00, 0x00, 0x55, 0x02, 0x00, 0x00, 0x24, 0x02, 0x00, 0x00, 0x02, // .......U...$....
	0x00, 0x00, 0x00, 0xf7, 0x00, 0x03, 0x00, 0x8d, 0x02, 0x00, 0x00, 0x00, 0x00, 0x00, 0x00, 0xfb, // ................
	0x00, 0x03, 0x00, 0xa8, 0x00, 0x00, 0x00, 0x81, 0x02, 0x00, 0x00, 0xf8, 0x00, 0x02, 0x00, 0x81, // ................
	0x02, 0x00, 0x00, 0xbc, 0x00, 0x05, 0x00, 0x95, 0x00, 0x00, 0x00, 0x83, 0x02, 0x00, 0x00, 0x55, // ...............U
	0x02, 0x00, 0x00, 0x94, 0x00, 0x00, 0x00, 0xf7, 0x00, 0x03, 0x00, 0x8c, 0x02, 0x00, 0x00, 0x00, // ................
	0x00, 0x00, 0x00, 0xfa, 0x00, 0x04, 0x00, 0x83, 0x02, 0x00, 0x00, 0x84, 0x02, 0x00, 0x00, 0x87, // ................
	0x02, 0x00, 0x00, 0xf8, 0x00, 0x02, 0x00, 0x87, 0x02, 0x00, 0x00, 0x0c, 0x00, 0x07, 0x00, 0x07, // ................
	0x00, 0x00, 0x00, 0x89, 0x02, 0x00, 0x00, 0x01, 0x00, 0x00, 0x00, 0x1a, 0x00, 0x00, 0x00, 0x55, // ...............U
	0x02, 0x00, 0x00, 0xa0, 0x00, 0x00, 0x00, 0x85, 0x00, 0x05, 0x00, 0x07, 0x00, 0x00, 0x00, 0x8a, // ................
	0x02, 0x00, 0x00, 0x9e, 0x00, 0x00, 0x00, 0x89, 0x02, 0x00, 0x00, 0x83, 0x00, 0x05, 0x00, 0x07, // ................
	0x00, 0x00, 0x00, 0x8b, 0x02, 0x00, 0x00, 0x8a, 0x02, 0x00, 0x00, 0xa3, 0x00, 0x00, 0x00, 0xf9, // ................
	0x00, 0x02, 0x00, 0x8d, 0x02, 0x00, 0x00, 0xf8, 0x00, 0x02, 0x00, 0x84, 0x02, 0x00, 0x00, 0x85, // ................
	0x00, 0x05, 0x00, 0x07, 0x00, 0x00, 0x00, 0x86, 0x02, 0x00, 0x00, 0x99, 0x00, 0x00, 0x00, 0x55, // ...............U
	0x02, 0x00, 0x00, 0xf9, 0x00, 0x02, 0x00, 0x8d, 0x02, 0x00, 0x00, 0xf8, 0x00, 0x02, 0x00, 0x8c, // ................
	0x02, 0x00, 0x00, 0xff, 0x00, 0x01, 0x00, 0xf8, 0x00, 0x02, 0x00, 0x8d, 0x02, 0x00, 0x00, 0xf5, // ................
	0x00, 0x07, 0x00, 0x07, 0x00, 0x00, 0x00, 0xe7, 0x02, 0x00, 0x00, 0x8b, 0x02, 0x00, 0x00, 0x87, // ................
	0x02, 0x00, 0x00, 0x86, 0x02, 0x00, 0x00, 0x84, 0x02, 0x00, 0x00, 0x50, 0x00, 0x06, 0x00, 0x0b, // ...........P....
	0x00, 0x00, 0x00, 0xec, 0x02, 0x00, 0x00, 0xe3, 0x02, 0x00, 0x00, 0xe5, 0x02, 0x00, 0x00, 0xe7, // ................
	0x02, 0x00, 0x00, 0xf9, 0x00, 0x02, 0x00, 0x3b, 0x02, 0x00, 0x00, 0xf8, 0x00, 0x02, 0x00, 0x3b, // .......;.......;
	0x02, 0x00, 0x00, 0xf5, 0x00, 0x07, 0x00, 0x0b, 0x00, 0x00, 0x00, 0xe9, 0x02, 0x00, 0x00, 0xea, // ................
	0x02, 0x00, 0x00, 0x3a, 0x02, 0x00, 0x00, 0xec, 0x02, 0x00, 0x00, 0x8d, 0x02, 0x00, 0x00, 0x51, // ...:...........Q
	0x00, 0x05, 0x00, 0x07, 0x00, 0x00, 0x00, 0x3e, 0x02, 0x00, 0x00, 0xda, 0x01, 0x00, 0x00, 0x03, // .......>........
	0x00, 0x00, 0x00, 0x51, 0x00, 0x05, 0x00, 0x07, 0x00, 0x00, 0x00, 0x3f, 0x02, 0x00, 0x00, 0xe9, // ...Q.......?....
	0x02, 0x00, 0x00, 0x00, 0x00, 0x00, 0x00, 0x51, 0x00, 0x05, 0x00, 0x07, 0x00, 0x00, 0x00, 0x40, // .......Q.......@
	0x02, 0x00, 0x00, 0xe9, 0x02, 0x00, 0x00, 0x01, 0x00, 0x00, 0x00, 0x51, 0x00, 0x05, 0x00, 0x07, // ...........Q....
	0x00, 0x00, 0x00, 0x41, 0x02, 0x00, 0x00, 0xe9, 0x02, 0x00, 0x00, 0x02, 0x00, 0x00, 0x00, 0x50, // ...A...........P
	0x00, 0x07, 0x00, 0x0e, 0x00, 0x00, 0x00, 0x42, 0x02, 0x00, 0x00, 0x3f, 0x02, 0x00, 0x00, 0x40, // .......B...?...@
	0x02, 0x00, 0x00, 0x41, 0x02, 0x00, 0x00, 0x3e, 0x02, 0x00, 0x00, 0x3e, 0x00, 0x03, 0x00, 0x8f, // ...A...>...>....
	0x01, 0x00, 0x00, 0x42, 0x02, 0x00, 0x00, 0xfd, 0x00, 0x01, 0x00, 0x38, 0x00, 0x01, 0x00, 0x00, // ...B.......8....
	0x00, 0x60, 0x00,                                                                               // .`.
};
static const uint8_t fs_texture_cube_wgsl[3820] =
{
	0x46, 0x53, 0x48, 0x0c, 0x01, 0x83, 0xf2, 0xe1, 0x00, 0x00, 0x00, 0x00, 0x00, 0x00, 0x00, 0x00, // FSH.............
	0x00, 0x00, 0x00, 0x00, 0x04, 0x00, 0x09, 0x75, 0x5f, 0x70, 0x61, 0x72, 0x61, 0x6d, 0x73, 0x30, // .......u_params0
	0x12, 0x01, 0x00, 0x00, 0x01, 0x00, 0x00, 0x00, 0x00, 0x00, 0x05, 0x75, 0x5f, 0x6d, 0x74, 0x78, // ...........u_mtx
	0x14, 0x01, 0x20, 0x00, 0x04, 0x00, 0x00, 0x00, 0x00, 0x00, 0x09, 0x75, 0x5f, 0x70, 0x61, 0x72, // .. ........u_par
	0x61, 0x6d, 0x73, 0x31, 0x12, 0x01, 0x10, 0x00, 0x01, 0x00, 0x00, 0x00, 0x00, 0x00, 0x0a, 0x73, // ams1...........s
	0x5f, 0x74, 0x65, 0x78, 0x43, 0x6f, 0x6c, 0x6f, 0x72, 0x30, 0x00, 0x02, 0x00, 0x00, 0x00, 0x00, // _texColor0......
	0x04, 0x29, 0x00, 0x7f, 0x0e, 0x00, 0x00, 0x64, 0x69, 0x61, 0x67, 0x6e, 0x6f, 0x73, 0x74, 0x69, // .).....diagnosti
	0x63, 0x28, 0x6f, 0x66, 0x66, 0x2c, 0x20, 0x64, 0x65, 0x72, 0x69, 0x76, 0x61, 0x74, 0x69, 0x76, // c(off, derivativ
	0x65, 0x5f, 0x75, 0x6e, 0x69, 0x66, 0x6f, 0x72, 0x6d, 0x69, 0x74, 0x79, 0x29, 0x3b, 0x0a, 0x64, // e_uniformity);.d
	0x69, 0x61, 0x67, 0x6e, 0x6f, 0x73, 0x74, 0x69, 0x63, 0x28, 0x6f, 0x66, 0x66, 0x2c, 0x20, 0x73, // iagnostic(off, s
	0x75, 0x62, 0x67, 0x72, 0x6f, 0x75, 0x70, 0x5f, 0x75, 0x6e, 0x69, 0x66, 0x6f, 0x72, 0x6d, 0x69, // ubgroup_uniformi
	0x74, 0x79, 0x29, 0x3b, 0x0a, 0x0a, 0x40, 0x67, 0x72, 0x6f, 0x75, 0x70, 0x28, 0x30, 0x75, 0x29, // ty);..@group(0u)
	0x20, 0x40, 0x62, 0x69, 0x6e, 0x64, 0x69, 0x6e, 0x67, 0x28, 0x31, 0x38, 0x75, 0x29, 0x20, 0x76, //  @binding(18u) v
	0x61, 0x72, 0x20, 0x73, 0x5f, 0x74, 0x65, 0x78, 0x43, 0x6f, 0x6c, 0x6f, 0x72, 0x53, 0x61, 0x6d, // ar s_texColorSam
	0x70, 0x6c, 0x65, 0x72, 0x20, 0x3a, 0x20, 0x73, 0x61, 0x6d, 0x70, 0x6c, 0x65, 0x72, 0x3b, 0x0a, // pler : sampler;.
	0x0a, 0x40, 0x67, 0x72, 0x6f, 0x75, 0x70, 0x28, 0x30, 0x75, 0x29, 0x20, 0x40, 0x62, 0x69, 0x6e, // .@group(0u) @bin
	0x64, 0x69, 0x6e, 0x67, 0x28, 0x32, 0x75, 0x29, 0x20, 0x76, 0x61, 0x72, 0x20, 0x73, 0x5f, 0x74, // ding(2u) var s_t
	0x65, 0x78, 0x43, 0x6f, 0x6c, 0x6f, 0x72, 0x54, 0x65, 0x78, 0x74, 0x75, 0x72, 0x65, 0x20, 0x3a, // exColorTexture :
	0x20, 0x74, 0x65, 0x78, 0x74, 0x75, 0x72, 0x65, 0x5f, 0x63, 0x75, 0x62, 0x65, 0x3c, 0x66, 0x33, //  texture_cube<f3
	0x32, 0x3e, 0x3b, 0x0a, 0x0a, 0x73, 0x74, 0x72, 0x75, 0x63, 0x74, 0x20, 0x55, 0x6e, 0x69, 0x66, // 2>;..struct Unif
	0x6f, 0x72, 0x6d, 0x42, 0x6c, 0x6f, 0x63, 0x6b, 0x5f, 0x31, 0x5f, 0x31, 0x20, 0x7b, 0x0a, 0x20, // ormBlock_1_1 {. 
	0x20, 0x75, 0x5f, 0x70, 0x61, 0x72, 0x61, 0x6d, 0x73, 0x30, 0x20, 0x3a, 0x20, 0x76, 0x65, 0x63, //  u_params0 : vec
	0x34, 0x3c, 0x66, 0x33, 0x32, 0x3e, 0x2c, 0x0a, 0x20, 0x20, 0x75, 0x5f, 0x70, 0x61, 0x72, 0x61, // 4<f32>,.  u_para
	0x6d, 0x73, 0x31, 0x20, 0x3a, 0x20, 0x76, 0x65, 0x63, 0x34, 0x3c, 0x66, 0x33, 0x32, 0x3e, 0x2c, // ms1 : vec4<f32>,
	0x0a, 0x20, 0x20, 0x75, 0x5f, 0x6d, 0x74, 0x78, 0x20, 0x3a, 0x20, 0x6d, 0x61, 0x74, 0x34, 0x78, // .  u_mtx : mat4x
	0x34, 0x3c, 0x66, 0x33, 0x32, 0x3e, 0x2c, 0x0a, 0x7d, 0x0a, 0x0a, 0x40, 0x67, 0x72, 0x6f, 0x75, // 4<f32>,.}..@grou
	0x70, 0x28, 0x30, 0x75, 0x29, 0x20, 0x40, 0x62, 0x69, 0x6e, 0x64, 0x69, 0x6e, 0x67, 0x28, 0x31, // p(0u) @binding(1
	0x75, 0x29, 0x20, 0x76, 0x61, 0x72, 0x3c, 0x75, 0x6e, 0x69, 0x66, 0x6f, 0x72, 0x6d, 0x3e, 0x20, // u) var<uniform> 
	0x76, 0x20, 0x3a, 0x20, 0x55, 0x6e, 0x69, 0x66, 0x6f, 0x72, 0x6d, 0x42, 0x6c, 0x6f, 0x63, 0x6b, // v : UniformBlock
	0x5f, 0x31, 0x5f, 0x31, 0x3b, 0x0a, 0x0a, 0x76, 0x61, 0x72, 0x3c, 0x70, 0x72, 0x69, 0x76, 0x61, // _1_1;..var<priva
	0x74, 0x65, 0x3e, 0x20, 0x62, 0x67, 0x66, 0x78, 0x5f, 0x46, 0x72, 0x61, 0x67, 0x44, 0x61, 0x74, // te> bgfx_FragDat
	0x61, 0x30, 0x20, 0x3a, 0x20, 0x76, 0x65, 0x63, 0x34, 0x3c, 0x66, 0x33, 0x32, 0x3e, 0x3b, 0x0a, // a0 : vec4<f32>;.
	0x0a, 0x66, 0x6e, 0x20, 0x6d, 0x61, 0x69, 0x6e, 0x5f, 0x69, 0x6e, 0x6e, 0x65, 0x72, 0x28, 0x76, // .fn main_inner(v
	0x5f, 0x63, 0x6f, 0x6c, 0x6f, 0x72, 0x30, 0x20, 0x3a, 0x20, 0x76, 0x65, 0x63, 0x34, 0x3c, 0x66, // _color0 : vec4<f
	0x33, 0x32, 0x3e, 0x2c, 0x20, 0x76, 0x5f, 0x74, 0x65, 0x78, 0x63, 0x6f, 0x6f, 0x72, 0x64, 0x30, // 32>, v_texcoord0
	0x20, 0x3a, 0x20, 0x76, 0x65, 0x63, 0x33, 0x3c, 0x66, 0x33, 0x32, 0x3e, 0x29, 0x20, 0x7b, 0x0a, //  : vec3<f32>) {.
	0x20, 0x20, 0x6c, 0x65, 0x74, 0x20, 0x76, 0x5f, 0x31, 0x20, 0x3d, 0x20, 0x28, 0x28, 0x28, 0x76, //   let v_1 = (((v
	0x5f, 0x74, 0x65, 0x78, 0x63, 0x6f, 0x6f, 0x72, 0x64, 0x30, 0x2e, 0x78, 0x79, 0x20, 0x2a, 0x20, // _texcoord0.xy * 
	0x32, 0x2e, 0x30, 0x66, 0x29, 0x20, 0x2d, 0x20, 0x76, 0x65, 0x63, 0x32, 0x3c, 0x66, 0x33, 0x32, // 2.0f) - vec2<f32
	0x3e, 0x28, 0x31, 0x2e, 0x30, 0x66, 0x29, 0x29, 0x20, 0x2a, 0x20, 0x76, 0x65, 0x63, 0x32, 0x3c, // >(1.0f)) * vec2<
	0x66, 0x33, 0x32, 0x3e, 0x28, 0x31, 0x2e, 0x30, 0x66, 0x2c, 0x20, 0x2d, 0x31, 0x2e, 0x30, 0x66, // f32>(1.0f, -1.0f
	0x29, 0x29, 0x3b, 0x0a, 0x20, 0x20, 0x6c, 0x65, 0x74, 0x20, 0x76, 0x5f, 0x32, 0x20, 0x3d, 0x20, // ));.  let v_2 = 
	0x74, 0x65, 0x78, 0x74, 0x75, 0x72, 0x65, 0x53, 0x61, 0x6d, 0x70, 0x6c, 0x65, 0x4c, 0x65, 0x76, // textureSampleLev
	0x65, 0x6c, 0x28, 0x73, 0x5f, 0x74, 0x65, 0x78, 0x43, 0x6f, 0x6c, 0x6f, 0x72, 0x54, 0x65, 0x78, // el(s_texColorTex
	0x74, 0x75, 0x72, 0x65, 0x2c, 0x20, 0x73, 0x5f, 0x74, 0x65, 0x78, 0x43, 0x6f, 0x6c, 0x6f, 0x72, // ture, s_texColor
	0x53, 0x61, 0x6d, 0x70, 0x6c, 0x65, 0x72, 0x2c, 0x20, 0x6e, 0x6f, 0x72, 0x6d, 0x61, 0x6c, 0x69, // Sampler, normali
	0x7a, 0x65, 0x28, 0x28, 0x28, 0x76, 0x65, 0x63, 0x34, 0x3c, 0x66, 0x33, 0x32, 0x3e, 0x28, 0x76, // ze(((vec4<f32>(v
	0x5f, 0x31, 0x2e, 0x78, 0x2c, 0x20, 0x76, 0x5f, 0x31, 0x2e, 0x79, 0x2c, 0x20, 0x31, 0x2e, 0x30, // _1.x, v_1.y, 1.0
	0x66, 0x2c, 0x20, 0x30, 0x2e, 0x30, 0x66, 0x29, 0x20, 0x2a, 0x20, 0x74, 0x72, 0x61, 0x6e, 0x73, // f, 0.0f) * trans
	0x70, 0x6f, 0x73, 0x65, 0x28, 0x76, 0x2e, 0x75, 0x5f, 0x6d, 0x74, 0x78, 0x29, 0x29, 0x29, 0x2e, // pose(v.u_mtx))).
	0x78, 0x79, 0x7a, 0x29, 0x2c, 0x20, 0x76, 0x2e, 0x75, 0x5f, 0x70, 0x61, 0x72, 0x61, 0x6d, 0x73, // xyz), v.u_params
	0x30, 0x2e, 0x78, 0x29, 0x3b, 0x0a, 0x20, 0x20, 0x6c, 0x65, 0x74, 0x20, 0x76, 0x5f, 0x33, 0x20, // 0.x);.  let v_3 
	0x3d, 0x20, 0x76, 0x5f, 0x32, 0x2e, 0x78, 0x79, 0x7a, 0x3b, 0x0a, 0x20, 0x20, 0x6c, 0x65, 0x74, // = v_2.xyz;.  let
	0x20, 0x76, 0x5f, 0x34, 0x20, 0x3d, 0x20, 0x70, 0x6f, 0x77, 0x28, 0x61, 0x62, 0x73, 0x28, 0x76, //  v_4 = pow(abs(v
	0x5f, 0x33, 0x29, 0x2c, 0x20, 0x76, 0x65, 0x63, 0x33, 0x3c, 0x66, 0x33, 0x32, 0x3e, 0x28, 0x32, // _3), vec3<f32>(2
	0x2e, 0x32, 0x30, 0x30, 0x30, 0x30, 0x30, 0x30, 0x34, 0x37, 0x36, 0x38, 0x33, 0x37, 0x31, 0x35, // .200000047683715
	0x38, 0x32, 0x30, 0x33, 0x31, 0x66, 0x29, 0x29, 0x3b, 0x0a, 0x20, 0x20, 0x6c, 0x65, 0x74, 0x20, // 82031f));.  let 
	0x76, 0x5f, 0x35, 0x20, 0x3d, 0x20, 0x76, 0x2e, 0x75, 0x5f, 0x70, 0x61, 0x72, 0x61, 0x6d, 0x73, // v_5 = v.u_params
	0x30, 0x2e, 0x7a, 0x3b, 0x0a, 0x20, 0x20, 0x6c, 0x65, 0x74, 0x20, 0x76, 0x5f, 0x36, 0x20, 0x3d, // 0.z;.  let v_6 =
	0x20, 0x28, 0x6d, 0x69, 0x78, 0x28, 0x76, 0x5f, 0x34, 0x2c, 0x20, 0x76, 0x5f, 0x33, 0x2c, 0x20, //  (mix(v_4, v_3, 
	0x76, 0x65, 0x63, 0x33, 0x3c, 0x66, 0x33, 0x32, 0x3e, 0x28, 0x76, 0x5f, 0x35, 0x2c, 0x20, 0x76, // vec3<f32>(v_5, v
	0x5f, 0x35, 0x2c, 0x20, 0x76, 0x5f, 0x35, 0x29, 0x29, 0x20, 0x2a, 0x20, 0x70, 0x6f, 0x77, 0x28, // _5, v_5)) * pow(
	0x32, 0x2e, 0x30, 0x66, 0x2c, 0x20, 0x76, 0x2e, 0x75, 0x5f, 0x70, 0x61, 0x72, 0x61, 0x6d, 0x73, // 2.0f, v.u_params
	0x30, 0x2e, 0x77, 0x29, 0x29, 0x3b, 0x0a, 0x20, 0x20, 0x76, 0x61, 0x72, 0x20, 0x76, 0x5f, 0x37, // 0.w));.  var v_7
	0x20, 0x3a, 0x20, 0x76, 0x65, 0x63, 0x34, 0x3c, 0x66, 0x33, 0x32, 0x3e, 0x20, 0x3d, 0x20, 0x76, //  : vec4<f32> = v
	0x5f, 0x32, 0x3b, 0x0a, 0x20, 0x20, 0x76, 0x5f, 0x37, 0x2e, 0x78, 0x20, 0x3d, 0x20, 0x76, 0x5f, // _2;.  v_7.x = v_
	0x36, 0x2e, 0x78, 0x3b, 0x0a, 0x20, 0x20, 0x76, 0x61, 0x72, 0x20, 0x76, 0x5f, 0x38, 0x20, 0x3a, // 6.x;.  var v_8 :
	0x20, 0x76, 0x65, 0x63, 0x34, 0x3c, 0x66, 0x33, 0x32, 0x3e, 0x20, 0x3d, 0x20, 0x76, 0x5f, 0x37, //  vec4<f32> = v_7
	0x3b, 0x0a, 0x20, 0x20, 0x76, 0x5f, 0x38, 0x2e, 0x79, 0x20, 0x3d, 0x20, 0x76, 0x5f, 0x36, 0x2e, // ;.  v_8.y = v_6.
	0x79, 0x3b, 0x0a, 0x20, 0x20, 0x76, 0x61, 0x72, 0x20, 0x76, 0x5f, 0x39, 0x20, 0x3a, 0x20, 0x76, // y;.  var v_9 : v
	0x65, 0x63, 0x34, 0x3c, 0x66, 0x33, 0x32, 0x3e, 0x20, 0x3d, 0x20, 0x76, 0x5f, 0x38, 0x3b, 0x0a, // ec4<f32> = v_8;.
	0x20, 0x20, 0x76, 0x5f, 0x39, 0x2e, 0x7a, 0x20, 0x3d, 0x20, 0x76, 0x5f, 0x36, 0x2e, 0x7a, 0x3b, //   v_9.z = v_6.z;
	0x0a, 0x20, 0x20, 0x6c, 0x65, 0x74, 0x20, 0x76, 0x5f, 0x31, 0x30, 0x20, 0x3d, 0x20, 0x28, 0x76, // .  let v_10 = (v
	0x5f, 0x39, 0x20, 0x2a, 0x20, 0x76, 0x5f, 0x63, 0x6f, 0x6c, 0x6f, 0x72, 0x30, 0x29, 0x3b, 0x0a, // _9 * v_color0);.
	0x20, 0x20, 0x6c, 0x65, 0x74, 0x20, 0x76, 0x5f, 0x31, 0x31, 0x20, 0x3d, 0x20, 0x76, 0x2e, 0x75, //   let v_11 = v.u
	0x5f, 0x70, 0x61, 0x72, 0x61, 0x6d, 0x73, 0x31, 0x2e, 0x78, 0x3b, 0x0a, 0x20, 0x20, 0x6c, 0x65, // _params1.x;.  le
	0x74, 0x20, 0x76, 0x5f, 0x31, 0x32, 0x20, 0x3d, 0x20, 0x76, 0x2e, 0x75, 0x5f, 0x70, 0x61, 0x72, // t v_12 = v.u_par
	0x61, 0x6d, 0x73, 0x31, 0x2e, 0x79, 0x3b, 0x0a, 0x20, 0x20, 0x76, 0x61, 0x72, 0x20, 0x76, 0x5f, // ams1.y;.  var v_
	0x31, 0x33, 0x20, 0x3a, 0x20, 0x76, 0x65, 0x63, 0x33, 0x3c, 0x66, 0x33, 0x32, 0x3e, 0x3b, 0x0a, // 13 : vec3<f32>;.
	0x20, 0x20, 0x69, 0x66, 0x20, 0x28, 0x28, 0x76, 0x5f, 0x31, 0x31, 0x20, 0x3c, 0x20, 0x30, 0x2e, //   if ((v_11 < 0.
	0x35, 0x66, 0x29, 0x29, 0x20, 0x7b, 0x0a, 0x20, 0x20, 0x20, 0x20, 0x6c, 0x65, 0x74, 0x20, 0x76, // 5f)) {.    let v
	0x5f, 0x31, 0x34, 0x20, 0x3d, 0x20, 0x63, 0x6c, 0x61, 0x6d, 0x70, 0x28, 0x76, 0x5f, 0x31, 0x30, // _14 = clamp(v_10
	0x2e, 0x78, 0x79, 0x7a, 0x2c, 0x20, 0x76, 0x65, 0x63, 0x33, 0x3c, 0x66, 0x33, 0x32, 0x3e, 0x28, // .xyz, vec3<f32>(
	0x29, 0x2c, 0x20, 0x76, 0x65, 0x63, 0x33, 0x3c, 0x66, 0x33, 0x32, 0x3e, 0x28, 0x31, 0x2e, 0x30, // ), vec3<f32>(1.0
	0x66, 0x29, 0x29, 0x3b, 0x0a, 0x20, 0x20, 0x20, 0x20, 0x6c, 0x65, 0x74, 0x20, 0x76, 0x5f, 0x31, // f));.    let v_1
	0x35, 0x20, 0x3d, 0x20, 0x76, 0x5f, 0x31, 0x34, 0x2e, 0x78, 0x3b, 0x0a, 0x20, 0x20, 0x20, 0x20, // 5 = v_14.x;.    
	0x76, 0x61, 0x72, 0x20, 0x76, 0x5f, 0x31, 0x36, 0x20, 0x3a, 0x20, 0x66, 0x33, 0x32, 0x3b, 0x0a, // var v_16 : f32;.
	0x20, 0x20, 0x20, 0x20, 0x73, 0x77, 0x69, 0x74, 0x63, 0x68, 0x28, 0x30, 0x75, 0x29, 0x20, 0x7b, //     switch(0u) {
	0x0a, 0x20, 0x20, 0x20, 0x20, 0x20, 0x20, 0x64, 0x65, 0x66, 0x61, 0x75, 0x6c, 0x74, 0x3a, 0x20, // .      default: 
	0x7b, 0x0a, 0x20, 0x20, 0x20, 0x20, 0x20, 0x20, 0x20, 0x20, 0x69, 0x66, 0x20, 0x28, 0x28, 0x76, // {.        if ((v
	0x5f, 0x31, 0x35, 0x20, 0x3c, 0x3d, 0x20, 0x30, 0x2e, 0x30, 0x30, 0x33, 0x31, 0x33, 0x30, 0x38, // _15 <= 0.0031308
	0x30, 0x30, 0x30, 0x39, 0x30, 0x37, 0x33, 0x30, 0x31, 0x39, 0x30, 0x32, 0x38, 0x66, 0x29, 0x29, // 0009073019028f))
	0x20, 0x7b, 0x0a, 0x20, 0x20, 0x20, 0x20, 0x20, 0x20, 0x20, 0x20, 0x20, 0x20, 0x76, 0x5f, 0x31, //  {.          v_1
	0x36, 0x20, 0x3d, 0x20, 0x28, 0x31, 0x32, 0x2e, 0x39, 0x32, 0x30, 0x30, 0x30, 0x30, 0x30, 0x37, // 6 = (12.92000007
	0x36, 0x32, 0x39, 0x33, 0x39, 0x34, 0x35, 0x33, 0x31, 0x32, 0x35, 0x66, 0x20, 0x2a, 0x20, 0x76, // 62939453125f * v
	0x5f, 0x31, 0x35, 0x29, 0x3b, 0x0a, 0x20, 0x20, 0x20, 0x20, 0x20, 0x20, 0x20, 0x20, 0x20, 0x20, // _15);.          
	0x62, 0x72, 0x65, 0x61, 0x6b, 0x3b, 0x0a, 0x20, 0x20, 0x20, 0x20, 0x20, 0x20, 0x20, 0x20, 0x7d, // break;.        }
	0x20, 0x65, 0x6c, 0x73, 0x65, 0x20, 0x7b, 0x0a, 0x20, 0x20, 0x20, 0x20, 0x20, 0x20, 0x20, 0x20, //  else {.        
	0x20, 0x20, 0x76, 0x5f, 0x31, 0x36, 0x20, 0x3d, 0x20, 0x28, 0x28, 0x31, 0x2e, 0x30, 0x35, 0x34, //   v_16 = ((1.054
	0x39, 0x39, 0x39, 0x39, 0x34, 0x37, 0x35, 0x34, 0x37, 0x39, 0x31, 0x32, 0x35, 0x39, 0x37, 0x36, // 9999475479125976
	0x36, 0x66, 0x20, 0x2a, 0x20, 0x70, 0x6f, 0x77, 0x28, 0x76, 0x5f, 0x31, 0x35, 0x2c, 0x20, 0x30, // 6f * pow(v_15, 0
	0x2e, 0x34, 0x31, 0x36, 0x36, 0x36, 0x36, 0x36, 0x35, 0x36, 0x37, 0x33, 0x32, 0x35, 0x35, 0x39, // .416666656732559
	0x32, 0x30, 0x34, 0x31, 0x66, 0x29, 0x29, 0x20, 0x2d, 0x20, 0x30, 0x2e, 0x30, 0x35, 0x34, 0x39, // 2041f)) - 0.0549
	0x39, 0x39, 0x39, 0x39, 0x39, 0x37, 0x30, 0x31, 0x39, 0x37, 0x36, 0x37, 0x37, 0x36, 0x31, 0x32, // 9999970197677612
	0x66, 0x29, 0x3b, 0x0a, 0x20, 0x20, 0x20, 0x20, 0x20, 0x20, 0x20, 0x20, 0x20, 0x20, 0x62, 0x72, // f);.          br
	0x65, 0x61, 0x6b, 0x3b, 0x0a, 0x20, 0x20, 0x20, 0x20, 0x20, 0x20, 0x20, 0x20, 0x7d, 0x0a, 0x20, // eak;.        }. 
	0x20, 0x20, 0x20, 0x20, 0x20, 0x7d, 0x0a, 0x20, 0x20, 0x20, 0x20, 0x7d, 0x0a, 0x20, 0x20, 0x20, //      }.    }.   
	0x20, 0x6c, 0x65, 0x74, 0x20, 0x76, 0x5f, 0x31, 0x37, 0x20, 0x3d, 0x20, 0x76, 0x5f, 0x31, 0x36, //  let v_17 = v_16
	0x3b, 0x0a, 0x20, 0x20, 0x20, 0x20, 0x6c, 0x65, 0x74, 0x20, 0x76, 0x5f, 0x31, 0x38, 0x20, 0x3d, // ;.    let v_18 =
	0x20, 0x76, 0x5f, 0x31, 0x34, 0x2e, 0x79, 0x3b, 0x0a, 0x20, 0x20, 0x20, 0x20, 0x76, 0x61, 0x72, //  v_14.y;.    var
	0x20, 0x76, 0x5f, 0x31, 0x39, 0x20, 0x3a, 0x20, 0x66, 0x33, 0x32, 0x3b, 0x0a, 0x20, 0x20, 0x20, //  v_19 : f32;.   
	0x20, 0x73, 0x77, 0x69, 0x74, 0x63, 0x68, 0x28, 0x30, 0x75, 0x29, 0x20, 0x7b, 0x0a, 0x20, 0x20, //  switch(0u) {.  
	0x20, 0x20, 0x20, 0x20, 0x64, 0x65, 0x66, 0x61, 0x75, 0x6c, 0x74, 0x3a, 0x20, 0x7b, 0x0a, 0x20, //     default: {. 
	0x20, 0x20, 0x20, 0x20, 0x20, 0x20, 0x20, 0x69, 0x66, 0x20, 0x28, 0x28, 0x76, 0x5f, 0x31, 0x38, //        if ((v_18
	0x20, 0x3c, 0x3d, 0x20, 0x30, 0x2e, 0x30, 0x30, 0x33, 0x31, 0x33, 0x30, 0x38, 0x30, 0x30, 0x30, //  <= 0.0031308000
	0x39, 0x30, 0x37, 0x33, 0x30, 0x31, 0x39, 0x30, 0x32, 0x38, 0x66, 0x29, 0x29, 0x20, 0x7b, 0x0a, // 9073019028f)) {.
	0x20, 0x20, 0x20, 0x20, 0x20, 0x20, 0x20, 0x20, 0x20, 0x20, 0x76, 0x5f, 0x31, 0x39, 0x20, 0x3d, //           v_19 =
	0x20, 0x28, 0x31, 0x32, 0x2e, 0x39, 0x32, 0x30, 0x30, 0x30, 0x30, 0x30, 0x37, 0x36, 0x32, 0x39, //  (12.92000007629
	0x33, 0x39, 0x34, 0x35, 0x33, 0x31, 0x32, 0x35, 0x66, 0x20, 0x2a, 0x20, 0x76, 0x5f, 0x31, 0x38, // 39453125f * v_18
	0x29, 0x3b, 0x0a, 0x20, 0x20, 0x20, 0x20, 0x20, 0x20, 0x20, 0x20, 0x20, 0x20, 0x62, 0x72, 0x65, // );.          bre
	0x61, 0x6b, 0x3b, 0x0a, 0x20, 0x20, 0x20, 0x20, 0x20, 0x20, 0x20, 0x20, 0x7d, 0x20, 0x65, 0x6c, // ak;.        } el
	0x73, 0x65, 0x20, 0x7b, 0x0a, 0x20, 0x20, 0x20, 0x20, 0x20, 0x20, 0x20, 0x20, 0x20, 0x20, 0x76, // se {.          v
	0x5f, 0x31, 0x39, 0x20, 0x3d, 0x20, 0x28, 0x28, 0x31, 0x2e, 0x30, 0x35, 0x34, 0x39, 0x39, 0x39, // _19 = ((1.054999
	0x39, 0x34, 0x37, 0x35, 0x34, 0x37, 0x39, 0x31, 0x32, 0x35, 0x39, 0x37, 0x36, 0x36, 0x66, 0x20, // 94754791259766f 
	0x2a, 0x20, 0x70, 0x6f, 0x77, 0x28, 0x76, 0x5f, 0x31, 0x38, 0x2c, 0x20, 0x30, 0x2e, 0x34, 0x31, // * pow(v_18, 0.41
	0x36, 0x36, 0x36, 0x36, 0x36, 0x35, 0x36, 0x37, 0x33, 0x32, 0x35, 0x35, 0x39, 0x32, 0x30, 0x34, // 6666656732559204
	0x31, 0x66, 0x29, 0x29, 0x20, 0x2d, 0x20, 0x30, 0x2e, 0x30, 0x35, 0x34, 0x39, 0x39, 0x39, 0x39, // 1f)) - 0.0549999
	0x39, 0x39, 0x37, 0x30, 0x31, 0x39, 0x37, 0x36, 0x37, 0x37, 0x36, 0x31, 0x32, 0x66, 0x29, 0x3b, // 9970197677612f);
	0x0a, 0x20, 0x20, 0x20, 0x20, 0x20, 0x20, 0x20, 0x20, 0x20, 0x20, 0x62, 0x72, 0x65, 0x61, 0x6b, // .          break
	0x3b, 0x0a, 0x20, 0x20, 0x20, 0x20, 0x20, 0x20, 0x20, 0x20, 0x7d, 0x0a, 0x20, 0x20, 0x20, 0x20, // ;.        }.    
	0x20, 0x20, 0x7d, 0x0a, 0x20, 0x20, 0x20, 0x20, 0x7d, 0x0a, 0x20, 0x20, 0x20, 0x20, 0x6c, 0x65, //   }.    }.    le
	0x74, 0x20, 0x76, 0x5f, 0x32, 0x30, 0x20, 0x3d, 0x20, 0x76, 0x5f, 0x31, 0x39, 0x3b, 0x0a, 0x20, // t v_20 = v_19;. 
	0x20, 0x20, 0x20, 0x6c, 0x65, 0x74, 0x20, 0x76, 0x5f, 0x32, 0x31, 0x20, 0x3d, 0x20, 0x76, 0x5f, //    let v_21 = v_
	0x31, 0x34, 0x2e, 0x7a, 0x3b, 0x0a, 0x20, 0x20, 0x20, 0x20, 0x76, 0x61, 0x72, 0x20, 0x76, 0x5f, // 14.z;.    var v_
	0x32, 0x32, 0x20, 0x3a, 0x20, 0x66, 0x33, 0x32, 0x3b, 0x0a, 0x20, 0x20, 0x20, 0x20, 0x73, 0x77, // 22 : f32;.    sw
	0x69, 0x74, 0x63, 0x68, 0x28, 0x30, 0x75, 0x29, 0x20, 0x7b, 0x0a, 0x20, 0x20, 0x20, 0x20, 0x20, // itch(0u) {.     
	0x20, 0x64, 0x65, 0x66, 0x61, 0x75, 0x6c, 0x74, 0x3a, 0x20, 0x7b, 0x0a, 0x20, 0x20, 0x20, 0x20, //  default: {.    
	0x20, 0x20, 0x20, 0x20, 0x69, 0x66, 0x20, 0x28, 0x28, 0x76, 0x5f, 0x32, 0x31, 0x20, 0x3c, 0x3d, //     if ((v_21 <=
	0x20, 0x30, 0x2e, 0x30, 0x30, 0x33, 0x31, 0x33, 0x30, 0x38, 0x30, 0x30, 0x30, 0x39, 0x30, 0x37, //  0.0031308000907
	0x33, 0x30, 0x31, 0x39, 0x30, 0x32, 0x38, 0x66, 0x29, 0x29, 0x20, 0x7b, 0x0a, 0x20, 0x20, 0x20, // 3019028f)) {.   
	0x20, 0x20, 0x20, 0x20, 0x20, 0x20, 0x20, 0x76, 0x5f, 0x32, 0x32, 0x20, 0x3d, 0x20, 0x28, 0x31, //        v_22 = (1
	0x32, 0x2e, 0x39, 0x32, 0x30, 0x30, 0x30, 0x30, 0x30, 0x37, 0x36, 0x32, 0x39, 0x33, 0x39, 0x34, // 2.92000007629394
	0x35, 0x33, 0x31, 0x32, 0x35, 0x66, 0x20, 0x2a, 0x20, 0x76, 0x5f, 0x32, 0x31, 0x29, 0x3b, 0x0a, // 53125f * v_21);.
	0x20, 0x20, 0x20, 0x20, 0x20, 0x20, 0x20, 0x20, 0x20, 0x20, 0x62, 0x72, 0x65, 0x61, 0x6b, 0x3b, //           break;
	0x0a, 0x20, 0x20, 0x20, 0x20, 0x20, 0x20, 0x20, 0x20, 0x7d, 0x20, 0x65, 0x6c, 0x73, 0x65, 0x20, // .        } else 
	0x7b, 0x0a, 0x20, 0x20, 0x20, 0x20, 0x20, 0x20, 0x20, 0x20, 0x20, 0x20, 0x76, 0x5f, 0x32, 0x32, // {.          v_22
	0x20, 0x3d, 0x20, 0x28, 0x28, 0x31, 0x2e, 0x30, 0x35, 0x34, 0x39, 0x39, 0x39, 0x39, 0x34, 0x37, //  = ((1.054999947
	0x35, 0x34, 0x37, 0x39, 0x31, 0x32, 0x35, 0x39, 0x37, 0x36, 0x36, 0x66, 0x20, 0x2a, 0x20, 0x70, // 54791259766f * p
	0x6f, 0x77, 0x28, 0x76, 0x5f, 0x32, 0x31, 0x2c, 0x20, 0x30, 0x2e, 0x34, 0x31, 0x36, 0x36, 0x36, // ow(v_21, 0.41666
	0x36, 0x36, 0x35, 0x36, 0x37, 0x33, 0x32, 0x35, 0x35, 0x39, 0x32, 0x30, 0x34, 0x31, 0x66, 0x29, // 66567325592041f)
	0x29, 0x20, 0x2d, 0x20, 0x30, 0x2e, 0x30, 0x35, 0x34, 0x39, 0x39, 0x39, 0x39, 0x39, 0x39, 0x37, // ) - 0.0549999997
	0x30, 0x31, 0x39, 0x37, 0x36, 0x37, 0x37, 0x36, 0x31, 0x32, 0x66, 0x29, 0x3b, 0x0a, 0x20, 0x20, // 0197677612f);.  
	0x20, 0x20, 0x20, 0x20, 0x20, 0x20, 0x20, 0x20, 0x62, 0x72, 0x65, 0x61, 0x6b, 0x3b, 0x0a, 0x20, //         break;. 
	0x20, 0x20, 0x20, 0x20, 0x20, 0x20, 0x20, 0x7d, 0x0a, 0x20, 0x20, 0x20, 0x20, 0x20, 0x20, 0x7d, //        }.      }
	0x0a, 0x20, 0x20, 0x20, 0x20, 0x7d, 0x0a, 0x20, 0x20, 0x20, 0x20, 0x76, 0x5f, 0x31, 0x33, 0x20, // .    }.    v_13 
	0x3d, 0x20, 0x76, 0x65, 0x63, 0x33, 0x3c, 0x66, 0x33, 0x32, 0x3e, 0x28, 0x76, 0x5f, 0x31, 0x37, // = vec3<f32>(v_17
	0x2c, 0x20, 0x76, 0x5f, 0x32, 0x30, 0x2c, 0x20, 0x76, 0x5f, 0x32, 0x32, 0x29, 0x3b, 0x0a, 0x20, // , v_20, v_22);. 
	0x20, 0x7d, 0x20, 0x65, 0x6c, 0x73, 0x65, 0x20, 0x7b, 0x0a, 0x20, 0x20, 0x20, 0x20, 0x76, 0x61, //  } else {.    va
	0x72, 0x20, 0x76, 0x5f, 0x32, 0x33, 0x20, 0x3a, 0x20, 0x76, 0x65, 0x63, 0x33, 0x3c, 0x66, 0x33, // r v_23 : vec3<f3
	0x32, 0x3e, 0x3b, 0x0a, 0x20, 0x20, 0x20, 0x20, 0x69, 0x66, 0x20, 0x28, 0x28, 0x76, 0x5f, 0x31, // 2>;.    if ((v_1
	0x31, 0x20, 0x3c, 0x20, 0x31, 0x2e, 0x35, 0x66, 0x29, 0x29, 0x20, 0x7b, 0x0a, 0x20, 0x20, 0x20, // 1 < 1.5f)) {.   
	0x20, 0x20, 0x20, 0x76, 0x5f, 0x32, 0x33, 0x20, 0x3d, 0x20, 0x76, 0x5f, 0x31, 0x30, 0x2e, 0x78, //    v_23 = v_10.x
	0x79, 0x7a, 0x3b, 0x0a, 0x20, 0x20, 0x20, 0x20, 0x7d, 0x20, 0x65, 0x6c, 0x73, 0x65, 0x20, 0x7b, // yz;.    } else {
	0x0a, 0x20, 0x20, 0x20, 0x20, 0x20, 0x20, 0x76, 0x61, 0x72, 0x20, 0x76, 0x5f, 0x32, 0x34, 0x20, // .      var v_24 
	0x3a, 0x20, 0x76, 0x65, 0x63, 0x33, 0x3c, 0x66, 0x33, 0x32, 0x3e, 0x3b, 0x0a, 0x20, 0x20, 0x20, // : vec3<f32>;.   
	0x20, 0x20, 0x20, 0x69, 0x66, 0x20, 0x28, 0x28, 0x76, 0x5f, 0x31, 0x31, 0x20, 0x3c, 0x20, 0x32, //    if ((v_11 < 2
	0x2e, 0x35, 0x66, 0x29, 0x29, 0x20, 0x7b, 0x0a, 0x20, 0x20, 0x20, 0x20, 0x20, 0x20, 0x20, 0x20, // .5f)) {.        
	0x6c, 0x65, 0x74, 0x20, 0x76, 0x5f, 0x32, 0x35, 0x20, 0x3d, 0x20, 0x70, 0x6f, 0x77, 0x28, 0x28, // let v_25 = pow((
	0x28, 0x28, 0x28, 0x76, 0x5f, 0x31, 0x30, 0x2e, 0x78, 0x79, 0x7a, 0x20, 0x2a, 0x20, 0x6d, 0x61, // (((v_10.xyz * ma
	0x74, 0x33, 0x78, 0x33, 0x3c, 0x66, 0x33, 0x32, 0x3e, 0x28, 0x76, 0x65, 0x63, 0x33, 0x3c, 0x66, // t3x3<f32>(vec3<f
	0x33, 0x32, 0x3e, 0x28, 0x30, 0x2e, 0x34, 0x31, 0x32, 0x35, 0x35, 0x36, 0x34, 0x30, 0x39, 0x38, // 32>(0.4125564098
	0x33, 0x35, 0x38, 0x31, 0x35, 0x34, 0x32, 0x39, 0x36, 0x39, 0x66, 0x2c, 0x20, 0x30, 0x2e, 0x33, // 3581542969f, 0.3
	0x35, 0x37, 0x35, 0x37, 0x36, 0x31, 0x30, 0x32, 0x30, 0x31, 0x38, 0x33, 0x35, 0x36, 0x33, 0x32, // 5757610201835632
	0x33, 0x32, 0x34, 0x66, 0x2c, 0x20, 0x30, 0x2e, 0x31, 0x38, 0x30, 0x34, 0x33, 0x37, 0x35, 0x30, // 324f, 0.18043750
	0x35, 0x32, 0x34, 0x35, 0x32, 0x30, 0x38, 0x37, 0x34, 0x30, 0x32, 0x33, 0x66, 0x29, 0x2c, 0x20, // 524520874023f), 
	0x76, 0x65, 0x63, 0x33, 0x3c, 0x66, 0x33, 0x32, 0x3e, 0x28, 0x30, 0x2e, 0x32, 0x31, 0x32, 0x36, // vec3<f32>(0.2126
	0x37, 0x32, 0x39, 0x30, 0x34, 0x31, 0x33, 0x33, 0x37, 0x39, 0x36, 0x36, 0x39, 0x31, 0x38, 0x39, // 7290413379669189
	0x66, 0x2c, 0x20, 0x30, 0x2e, 0x37, 0x31, 0x35, 0x31, 0x35, 0x32, 0x32, 0x30, 0x34, 0x30, 0x33, // f, 0.71515220403
	0x36, 0x37, 0x31, 0x32, 0x36, 0x34, 0x36, 0x34, 0x38, 0x66, 0x2c, 0x20, 0x30, 0x2e, 0x30, 0x37, // 671264648f, 0.07
	0x32, 0x31, 0x37, 0x35, 0x30, 0x30, 0x33, 0x35, 0x38, 0x38, 0x31, 0x39, 0x39, 0x36, 0x31, 0x35, // 2175003588199615
	0x34, 0x38, 0x66, 0x29, 0x2c, 0x20, 0x76, 0x65, 0x63, 0x33, 0x3c, 0x66, 0x33, 0x32, 0x3e, 0x28, // 48f), vec3<f32>(
	0x30, 0x2e, 0x30, 0x31, 0x39, 0x33, 0x33, 0x33, 0x39, 0x30, 0x30, 0x38, 0x38, 0x33, 0x37, 0x39, // 0.01933390088379
	0x33, 0x38, 0x33, 0x30, 0x38, 0x37, 0x66, 0x2c, 0x20, 0x30, 0x2e, 0x31, 0x31, 0x39, 0x31, 0x39, // 383087f, 0.11919
	0x31, 0x39, 0x39, 0x36, 0x37, 0x35, 0x33, 0x32, 0x31, 0x35, 0x37, 0x38, 0x39, 0x37, 0x39, 0x66, // 199675321578979f
	0x2c, 0x20, 0x30, 0x2e, 0x39, 0x35, 0x30, 0x33, 0x30, 0x34, 0x30, 0x39, 0x30, 0x39, 0x37, 0x36, // , 0.950304090976
	0x37, 0x31, 0x35, 0x30, 0x38, 0x37, 0x38, 0x39, 0x66, 0x29, 0x29, 0x29, 0x20, 0x2a, 0x20, 0x6d, // 71508789f))) * m
	0x61, 0x74, 0x33, 0x78, 0x33, 0x3c, 0x66, 0x33, 0x32, 0x3e, 0x28, 0x76, 0x65, 0x63, 0x33, 0x3c, // at3x3<f32>(vec3<
	0x66, 0x33, 0x32, 0x3e, 0x28, 0x31, 0x2e, 0x37, 0x31, 0x36, 0x36, 0x35, 0x31, 0x32, 0x30, 0x31, // f32>(1.716651201
	0x32, 0x34, 0x38, 0x31, 0x36, 0x38, 0x39, 0x34, 0x35, 0x33, 0x31, 0x66, 0x2c, 0x20, 0x2d, 0x30, // 24816894531f, -0
	0x2e, 0x33, 0x35, 0x35, 0x36, 0x37, 0x30, 0x38, 0x30, 0x39, 0x37, 0x34, 0x35, 0x37, 0x38, 0x38, // .355670809745788
	0x35, 0x37, 0x34, 0x32, 0x32, 0x66, 0x2c, 0x20, 0x2d, 0x30, 0x2e, 0x32, 0x35, 0x33, 0x33, 0x36, // 57422f, -0.25336
	0x36, 0x32, 0x39, 0x31, 0x35, 0x32, 0x32, 0x39, 0x37, 0x39, 0x37, 0x33, 0x36, 0x33, 0x33, 0x66, // 629152297973633f
	0x29, 0x2c, 0x20, 0x76, 0x65, 0x63, 0x33, 0x3c, 0x66, 0x33, 0x32, 0x3e, 0x28, 0x2d, 0x30, 0x2e, // ), vec3<f32>(-0.
	0x36, 0x36, 0x36, 0x36, 0x38, 0x34, 0x33, 0x38, 0x39, 0x31, 0x31, 0x34, 0x33, 0x37, 0x39, 0x38, // 6666843891143798
	0x38, 0x32, 0x38, 0x31, 0x66, 0x2c, 0x20, 0x31, 0x2e, 0x36, 0x31, 0x36, 0x34, 0x38, 0x31, 0x31, // 8281f, 1.6164811
	0x38, 0x34, 0x39, 0x35, 0x39, 0x34, 0x31, 0x31, 0x36, 0x32, 0x31, 0x30, 0x39, 0x66, 0x2c, 0x20, // 8495941162109f, 
	0x30, 0x2e, 0x30, 0x31, 0x35, 0x37, 0x36, 0x38, 0x35, 0x30, 0x30, 0x30, 0x34, 0x34, 0x39, 0x34, // 0.01576850004494
	0x31, 0x39, 0x30, 0x32, 0x31, 0x36, 0x66, 0x29, 0x2c, 0x20, 0x76, 0x65, 0x63, 0x33, 0x3c, 0x66, // 190216f), vec3<f
	0x33, 0x32, 0x3e, 0x28, 0x30, 0x2e, 0x30, 0x31, 0x37, 0x36, 0x33, 0x39, 0x38, 0x39, 0x39, 0x36, // 32>(0.0176398996
	0x32, 0x36, 0x33, 0x37, 0x34, 0x32, 0x34, 0x34, 0x36, 0x39, 0x66, 0x2c, 0x20, 0x2d, 0x30, 0x2e, // 2637424469f, -0.
	0x30, 0x34, 0x32, 0x37, 0x37, 0x30, 0x36, 0x30, 0x31, 0x38, 0x30, 0x39, 0x30, 0x32, 0x34, 0x38, // 0427706018090248
	0x31, 0x30, 0x37, 0x39, 0x66, 0x2c, 0x20, 0x30, 0x2e, 0x39, 0x34, 0x32, 0x31, 0x30, 0x33, 0x30, // 1079f, 0.9421030
	0x38, 0x37, 0x39, 0x30, 0x32, 0x30, 0x36, 0x39, 0x30, 0x39, 0x31, 0x38, 0x66, 0x29, 0x29, 0x29, // 879020690918f)))
	0x20, 0x2a, 0x20, 0x76, 0x5f, 0x31, 0x32, 0x29, 0x20, 0x2a, 0x20, 0x30, 0x2e, 0x30, 0x30, 0x30, //  * v_12) * 0.000
	0x30, 0x39, 0x39, 0x39, 0x39, 0x39, 0x39, 0x39, 0x37, 0x34, 0x37, 0x33, 0x37, 0x38, 0x37, 0x35, // 0999999974737875
	0x32, 0x66, 0x29, 0x2c, 0x20, 0x76, 0x65, 0x63, 0x33, 0x3c, 0x66, 0x33, 0x32, 0x3e, 0x28, 0x30, // 2f), vec3<f32>(0
	0x2e, 0x31, 0x35, 0x39, 0x33, 0x30, 0x31, 0x37, 0x35, 0x37, 0x38, 0x31, 0x32, 0x35, 0x66, 0x29, // .1593017578125f)
	0x29, 0x3b, 0x0a, 0x20, 0x20, 0x20, 0x20, 0x20, 0x20, 0x20, 0x20, 0x76, 0x5f, 0x32, 0x34, 0x20, // );.        v_24 
	0x3d, 0x20, 0x70, 0x6f, 0x77, 0x28, 0x28, 0x28, 0x76, 0x65, 0x63, 0x33, 0x3c, 0x66, 0x33, 0x32, // = pow(((vec3<f32
	0x3e, 0x28, 0x30, 0x2e, 0x38, 0x33, 0x35, 0x39, 0x33, 0x37, 0x35, 0x66, 0x29, 0x20, 0x2b, 0x20, // >(0.8359375f) + 
	0x28, 0x76, 0x5f, 0x32, 0x35, 0x20, 0x2a, 0x20, 0x31, 0x38, 0x2e, 0x38, 0x35, 0x31, 0x35, 0x36, // (v_25 * 18.85156
	0x32, 0x35, 0x66, 0x29, 0x29, 0x20, 0x2f, 0x20, 0x28, 0x76, 0x65, 0x63, 0x33, 0x3c, 0x66, 0x33, // 25f)) / (vec3<f3
	0x32, 0x3e, 0x28, 0x31, 0x2e, 0x30, 0x66, 0x29, 0x20, 0x2b, 0x20, 0x28, 0x76, 0x5f, 0x32, 0x35, // 2>(1.0f) + (v_25
	0x20, 0x2a, 0x20, 0x31, 0x38, 0x2e, 0x36, 0x38, 0x37, 0x35, 0x66, 0x29, 0x29, 0x29, 0x2c, 0x20, //  * 18.6875f))), 
	0x76, 0x65, 0x63, 0x33, 0x3c, 0x66, 0x33, 0x32, 0x3e, 0x28, 0x37, 0x38, 0x2e, 0x38, 0x34, 0x33, // vec3<f32>(78.843
	0x37, 0x35, 0x66, 0x29, 0x29, 0x3b, 0x0a, 0x20, 0x20, 0x20, 0x20, 0x20, 0x20, 0x7d, 0x20, 0x65, // 75f));.      } e
	0x6c, 0x73, 0x65, 0x20, 0x7b, 0x0a, 0x20, 0x20, 0x20, 0x20, 0x20, 0x20, 0x20, 0x20, 0x76, 0x5f, // lse {.        v_
	0x32, 0x34, 0x20, 0x3d, 0x20, 0x76, 0x65, 0x63, 0x33, 0x3c, 0x66, 0x33, 0x32, 0x3e, 0x28, 0x29, // 24 = vec3<f32>()
	0x3b, 0x0a, 0x20, 0x20, 0x20, 0x20, 0x20, 0x20, 0x7d, 0x0a, 0x20, 0x20, 0x20, 0x20, 0x20, 0x20, // ;.      }.      
	0x76, 0x5f, 0x32, 0x33, 0x20, 0x3d, 0x20, 0x76, 0x5f, 0x32, 0x34, 0x3b, 0x0a, 0x20, 0x20, 0x20, // v_23 = v_24;.   
	0x20, 0x7d, 0x0a, 0x20, 0x20, 0x20, 0x20, 0x76, 0x5f, 0x31, 0x33, 0x20, 0x3d, 0x20, 0x76, 0x5f, //  }.    v_13 = v_
	0x32, 0x33, 0x3b, 0x0a, 0x20, 0x20, 0x7d, 0x0a, 0x20, 0x20, 0x6c, 0x65, 0x74, 0x20, 0x76, 0x5f, // 23;.  }.  let v_
	0x32, 0x36, 0x20, 0x3d, 0x20, 0x76, 0x5f, 0x31, 0x33, 0x3b, 0x0a, 0x20, 0x20, 0x62, 0x67, 0x66, // 26 = v_13;.  bgf
	0x78, 0x5f, 0x46, 0x72, 0x61, 0x67, 0x44, 0x61, 0x74, 0x61, 0x30, 0x20, 0x3d, 0x20, 0x76, 0x65, // x_FragData0 = ve
	0x63, 0x34, 0x3c, 0x66, 0x33, 0x32, 0x3e, 0x28, 0x76, 0x5f, 0x32, 0x36, 0x2e, 0x78, 0x2c, 0x20, // c4<f32>(v_26.x, 
	0x76, 0x5f, 0x32, 0x36, 0x2e, 0x79, 0x2c, 0x20, 0x76, 0x5f, 0x32, 0x36, 0x2e, 0x7a, 0x2c, 0x20, // v_26.y, v_26.z, 
	0x76, 0x5f, 0x31, 0x30, 0x2e, 0x77, 0x29, 0x3b, 0x0a, 0x7d, 0x0a, 0x0a, 0x40, 0x66, 0x72, 0x61, // v_10.w);.}..@fra
	0x67, 0x6d, 0x65, 0x6e, 0x74, 0x0a, 0x66, 0x6e, 0x20, 0x6d, 0x61, 0x69, 0x6e, 0x28, 0x40, 0x6c, // gment.fn main(@l
	0x6f, 0x63, 0x61, 0x74, 0x69, 0x6f, 0x6e, 0x28, 0x30, 0x75, 0x29, 0x20, 0x76, 0x5f, 0x63, 0x6f, // ocation(0u) v_co
	0x6c, 0x6f, 0x72, 0x30, 0x20, 0x3a, 0x20, 0x76, 0x65, 0x63, 0x34, 0x3c, 0x66, 0x33, 0x32, 0x3e, // lor0 : vec4<f32>
	0x2c, 0x20, 0x40, 0x6c, 0x6f, 0x63, 0x61, 0x74, 0x69, 0x6f, 0x6e, 0x28, 0x31, 0x75, 0x29, 0x20, // , @location(1u) 
	0x76, 0x5f, 0x74, 0x65, 0x78, 0x63, 0x6f, 0x6f, 0x72, 0x64, 0x30, 0x20, 0x3a, 0x20, 0x76, 0x65, // v_texcoord0 : ve
	0x63, 0x33, 0x3c, 0x66, 0x33, 0x32, 0x3e, 0x29, 0x20, 0x2d, 0x3e, 0x20, 0x40, 0x6c, 0x6f, 0x63, // c3<f32>) -> @loc
	0x61, 0x74, 0x69, 0x6f, 0x6e, 0x28, 0x30, 0x75, 0x29, 0x20, 0x76, 0x65, 0x63, 0x34, 0x3c, 0x66, // ation(0u) vec4<f
	0x33, 0x32, 0x3e, 0x20, 0x7b, 0x0a, 0x20, 0x20, 0x6d, 0x61, 0x69, 0x6e, 0x5f, 0x69, 0x6e, 0x6e, // 32> {.  main_inn
	0x65, 0x72, 0x28, 0x76, 0x5f, 0x63, 0x6f, 0x6c, 0x6f, 0x72, 0x30, 0x2c, 0x20, 0x76, 0x5f, 0x74, // er(v_color0, v_t
	0x65, 0x78, 0x63, 0x6f, 0x6f, 0x72, 0x64, 0x30, 0x29, 0x3b, 0x0a, 0x20, 0x20, 0x72, 0x65, 0x74, // excoord0);.  ret
	0x75, 0x72, 0x6e, 0x20, 0x62, 0x67, 0x66, 0x78, 0x5f, 0x46, 0x72, 0x61, 0x67, 0x44, 0x61, 0x74, // urn bgfx_FragDat
	0x61, 0x30, 0x3b, 0x0a, 0x7d, 0x0a, 0x00, 0x00, 0x60, 0x00, 0x60, 0x00,                         // a0;.}...`.`.
};
static const uint8_t fs_texture_cube_dxbc[2079] =
{
	0x46, 0x53, 0x48, 0x0c, 0x01, 0x83, 0xf2, 0xe1, 0x00, 0x00, 0x00, 0x00, 0x00, 0x00, 0x00, 0x00, // FSH.............
	0x00, 0x00, 0x00, 0x00, 0x04, 0x00, 0x09, 0x75, 0x5f, 0x70, 0x61, 0x72, 0x61, 0x6d, 0x73, 0x30, // .......u_params0
	0x12, 0x00, 0x00, 0x00, 0x01, 0x00, 0x00, 0x00, 0x00, 0x00, 0x09, 0x75, 0x5f, 0x70, 0x61, 0x72, // ...........u_par
	0x61, 0x6d, 0x73, 0x31, 0x12, 0x00, 0x10, 0x00, 0x01, 0x00, 0x00, 0x00, 0x00, 0x00, 0x05, 0x75, // ams1...........u
	0x5f, 0x6d, 0x74, 0x78, 0x14, 0x00, 0x20, 0x00, 0x04, 0x00, 0x00, 0x00, 0x00, 0x00, 0x0a, 0x73, // _mtx.. ........s
	0x5f, 0x74, 0x65, 0x78, 0x43, 0x6f, 0x6c, 0x6f, 0x72, 0x30, 0x01, 0x00, 0x00, 0x01, 0x00, 0x00, // _texColor0......
	0x04, 0x00, 0x00, 0xb4, 0x07, 0x00, 0x00, 0x44, 0x58, 0x42, 0x43, 0xd5, 0xf2, 0xa7, 0x2b, 0xa7, // .......DXBC...+.
	0xfb, 0xcf, 0xb4, 0x73, 0x8c, 0x5f, 0x37, 0xc4, 0x6e, 0x4e, 0xb1, 0x01, 0x00, 0x00, 0x00, 0xb4, // ...s._7.nN......
	0x07, 0x00, 0x00, 0x03, 0x00, 0x00, 0x00, 0x2c, 0x00, 0x00, 0x00, 0xa0, 0x00, 0x00, 0x00, 0xd4, // .......,........
	0x00, 0x00, 0x00, 0x49, 0x53, 0x47, 0x4e, 0x6c, 0x00, 0x00, 0x00, 0x03, 0x00, 0x00, 0x00, 0x08, // ...ISGNl........
	0x00, 0x00, 0x00, 0x50, 0x00, 0x00, 0x00, 0x00, 0x00, 0x00, 0x00, 0x01, 0x00, 0x00, 0x00, 0x03, // ...P............
	0x00, 0x00, 0x00, 0x00, 0x00, 0x00, 0x00, 0x0f, 0x00, 0x00, 0x00, 0x5c, 0x00, 0x00, 0x00, 0x00, // ................
	0x00, 0x00, 0x00, 0x00, 0x00, 0x00, 0x00, 0x03, 0x00, 0x00, 0x00, 0x01, 0x00, 0x00, 0x00, 0x0f, // ................
	0x0f, 0x00, 0x00, 0x62, 0x00, 0x00, 0x00, 0x00, 0x00, 0x00, 0x00, 0x00, 0x00, 0x00, 0x00, 0x03, // ...b............
	0x00, 0x00, 0x00, 0x02, 0x00, 0x00, 0x00, 0x07, 0x03, 0x00, 0x00, 0x53, 0x56, 0x5f, 0x50, 0x4f, // ...........SV_PO
	0x53, 0x49, 0x54, 0x49, 0x4f, 0x4e, 0x00, 0x43, 0x4f, 0x4c, 0x4f, 0x52, 0x00, 0x54, 0x45, 0x58, // SITION.COLOR.TEX
	0x43, 0x4f, 0x4f, 0x52, 0x44, 0x00, 0xab, 0x4f, 0x53, 0x47, 0x4e, 0x2c, 0x00, 0x00, 0x00, 0x01, // COORD..OSGN,....
	0x00, 0x00, 0x00, 0x08, 0x00, 0x00, 0x00, 0x20, 0x00, 0x00, 0x00, 0x00, 0x00, 0x00, 0x00, 0x00, // ....... ........
	0x00, 0x00, 0x00, 0x03, 0x00, 0x00, 0x00, 0x00, 0x00, 0x00, 0x00, 0x0f, 0x00, 0x00, 0x00, 0x53, // ...............S
	0x56, 0x5f, 0x54, 0x41, 0x52, 0x47, 0x45, 0x54, 0x00, 0xab, 0xab, 0x53, 0x48, 0x45, 0x58, 0xd8, // V_TARGET...SHEX.
	0x06, 0x00, 0x00, 0x50, 0x00, 0x00, 0x00, 0xb6, 0x01, 0x00, 0x00, 0x6a, 0x08, 0x00, 0x01, 0x59, // ...P.......j...Y
	0x00, 0x00, 0x04, 0x46, 0x8e, 0x20, 0x00, 0x00, 0x00, 0x00, 0x00, 0x05, 0x00, 0x00, 0x00, 0x5a, // ...F. .........Z
	0x00, 0x00, 0x03, 0x00, 0x60, 0x10, 0x00, 0x00, 0x00, 0x00, 0x00, 0x58, 0x30, 0x00, 0x04, 0x00, // ....`......X0...
	0x70, 0x10, 0x00, 0x00, 0x00, 0x00, 0x00, 0x55, 0x55, 0x00, 0x00, 0x62, 0x10, 0x00, 0x03, 0xf2, // p......UU..b....
	0x10, 0x10, 0x00, 0x01, 0x00, 0x00, 0x00, 0x62, 0x10, 0x00, 0x03, 0x32, 0x10, 0x10, 0x00, 0x02, // .......b...2....
	0x00, 0x00, 0x00, 0x65, 0x00, 0x00, 0x03, 0xf2, 0x20, 0x10, 0x00, 0x00, 0x00, 0x00, 0x00, 0x68, // ...e.... ......h
	0x00, 0x00, 0x02, 0x04, 0x00, 0x00, 0x00, 0x32, 0x00, 0x00, 0x0f, 0x32, 0x00, 0x10, 0x00, 0x00, // .......2...2....
	0x00, 0x00, 0x00, 0x46, 0x10, 0x10, 0x00, 0x02, 0x00, 0x00, 0x00, 0x02, 0x40, 0x00, 0x00, 0x00, // ...F........@...
	0x00, 0x00, 0x40, 0x00, 0x00, 0x00, 0x40, 0x00, 0x00, 0x00, 0x00, 0x00, 0x00, 0x00, 0x00, 0x02, // ..@...@.........
	0x40, 0x00, 0x00, 0x00, 0x00, 0x80, 0xbf, 0x00, 0x00, 0x80, 0xbf, 0x00, 0x00, 0x00, 0x00, 0x00, // @...............
	0x00, 0x00, 0x00, 0x38, 0x00, 0x00, 0x0a, 0x32, 0x00, 0x10, 0x00, 0x00, 0x00, 0x00, 0x00, 0x46, // ...8...2.......F
	0x00, 0x10, 0x00, 0x00, 0x00, 0x00, 0x00, 0x02, 0x40, 0x00, 0x00, 0x00, 0x00, 0x80, 0x3f, 0x00, // ........@.....?.
	0x00, 0x80, 0xbf, 0x00, 0x00, 0x00, 0x00, 0x00, 0x00, 0x00, 0x00, 0x38, 0x00, 0x00, 0x08, 0xe2, // ...........8....
	0x00, 0x10, 0x00, 0x00, 0x00, 0x00, 0x00, 0x56, 0x05, 0x10, 0x00, 0x00, 0x00, 0x00, 0x00, 0x06, // .......V........
	0x89, 0x20, 0x00, 0x00, 0x00, 0x00, 0x00, 0x03, 0x00, 0x00, 0x00, 0x32, 0x00, 0x00, 0x0a, 0x72, // . .........2...r
	0x00, 0x10, 0x00, 0x00, 0x00, 0x00, 0x00, 0x46, 0x82, 0x20, 0x00, 0x00, 0x00, 0x00, 0x00, 0x02, // .......F. ......
	0x00, 0x00, 0x00, 0x06, 0x00, 0x10, 0x00, 0x00, 0x00, 0x00, 0x00, 0x96, 0x07, 0x10, 0x00, 0x00, // ................
	0x00, 0x00, 0x00, 0x00, 0x00, 0x00, 0x08, 0x72, 0x00, 0x10, 0x00, 0x00, 0x00, 0x00, 0x00, 0x46, // .......r.......F
	0x02, 0x10, 0x00, 0x00, 0x00, 0x00, 0x00, 0x46, 0x82, 0x20, 0x00, 0x00, 0x00, 0x00, 0x00, 0x04, // .......F. ......
	0x00, 0x00, 0x00, 0x10, 0x00, 0x00, 0x07, 0x82, 0x00, 0x10, 0x00, 0x00, 0x00, 0x00, 0x00, 0x46, // ...............F
	0x02, 0x10, 0x00, 0x00, 0x00, 0x00, 0x00, 0x46, 0x02, 0x10, 0x00, 0x00, 0x00, 0x00, 0x00, 0x44, // .......F.......D
	0x00, 0x00, 0x05, 0x82, 0x00, 0x10, 0x00, 0x00, 0x00, 0x00, 0x00, 0x3a, 0x00, 0x10, 0x00, 0x00, // ...........:....
	0x00, 0x00, 0x00, 0x38, 0x00, 0x00, 0x07, 0x72, 0x00, 0x10, 0x00, 0x00, 0x00, 0x00, 0x00, 0xf6, // ...8...r........
	0x0f, 0x10, 0x00, 0x00, 0x00, 0x00, 0x00, 0x46, 0x02, 0x10, 0x00, 0x00, 0x00, 0x00, 0x00, 0x48, // .......F.......H
	0x00, 0x00, 0x8e, 0x82, 0x01, 0x00, 0x80, 0x43, 0x55, 0x15, 0x00, 0xf2, 0x00, 0x10, 0x00, 0x00, // .......CU.......
	0x00, 0x00, 0x00, 0x46, 0x02, 0x10, 0x00, 0x00, 0x00, 0x00, 0x00, 0x46, 0x7e, 0x10, 0x00, 0x00, // ...F.......F~...
	0x00, 0x00, 0x00, 0x00, 0x60, 0x10, 0x00, 0x00, 0x00, 0x00, 0x00, 0x0a, 0x80, 0x20, 0x00, 0x00, // ....`........ ..
	0x00, 0x00, 0x00, 0x00, 0x00, 0x00, 0x00, 0x2f, 0x00, 0x00, 0x06, 0x72, 0x00, 0x10, 0x00, 0x01, // ......./...r....
	0x00, 0x00, 0x00, 0x46, 0x02, 0x10, 0x80, 0x81, 0x00, 0x00, 0x00, 0x00, 0x00, 0x00, 0x00, 0x38, // ...F...........8
	0x00, 0x00, 0x0a, 0x72, 0x00, 0x10, 0x00, 0x01, 0x00, 0x00, 0x00, 0x46, 0x02, 0x10, 0x00, 0x01, // ...r.......F....
	0x00, 0x00, 0x00, 0x02, 0x40, 0x00, 0x00, 0xcd, 0xcc, 0x0c, 0x40, 0xcd, 0xcc, 0x0c, 0x40, 0xcd, // ....@.....@...@.
	0xcc, 0x0c, 0x40, 0x00, 0x00, 0x00, 0x00, 0x19, 0x00, 0x00, 0x05, 0x72, 0x00, 0x10, 0x00, 0x01, // ..@........r....
	0x00, 0x00, 0x00, 0x46, 0x02, 0x10, 0x00, 0x01, 0x00, 0x00, 0x00, 0x00, 0x00, 0x00, 0x08, 0x72, // ...F...........r
	0x00, 0x10, 0x00, 0x02, 0x00, 0x00, 0x00, 0x46, 0x02, 0x10, 0x00, 0x00, 0x00, 0x00, 0x00, 0x46, // .......F.......F
	0x02, 0x10, 0x80, 0x41, 0x00, 0x00, 0x00, 0x01, 0x00, 0x00, 0x00, 0x32, 0x00, 0x00, 0x0a, 0x72, // ...A.......2...r
	0x00, 0x10, 0x00, 0x01, 0x00, 0x00, 0x00, 0xa6, 0x8a, 0x20, 0x00, 0x00, 0x00, 0x00, 0x00, 0x00, // ......... ......
	0x00, 0x00, 0x00, 0x46, 0x02, 0x10, 0x00, 0x02, 0x00, 0x00, 0x00, 0x46, 0x02, 0x10, 0x00, 0x01, // ...F.......F....
	0x00, 0x00, 0x00, 0x19, 0x00, 0x00, 0x06, 0x82, 0x00, 0x10, 0x00, 0x01, 0x00, 0x00, 0x00, 0x3a, // ...............:
	0x80, 0x20, 0x00, 0x00, 0x00, 0x00, 0x00, 0x00, 0x00, 0x00, 0x00, 0x38, 0x00, 0x00, 0x07, 0x72, // . .........8...r
	0x00, 0x10, 0x00, 0x00, 0x00, 0x00, 0x00, 0xf6, 0x0f, 0x10, 0x00, 0x01, 0x00, 0x00, 0x00, 0x46, // ...............F
	0x02, 0x10, 0x00, 0x01, 0x00, 0x00, 0x00, 0x38, 0x00, 0x00, 0x07, 0xf2, 0x00, 0x10, 0x00, 0x00, // .......8........
	0x00, 0x00, 0x00, 0x46, 0x0e, 0x10, 0x00, 0x00, 0x00, 0x00, 0x00, 0x46, 0x1e, 0x10, 0x00, 0x01, // ...F.......F....
	0x00, 0x00, 0x00, 0x31, 0x00, 0x00, 0x08, 0x12, 0x00, 0x10, 0x00, 0x01, 0x00, 0x00, 0x00, 0x0a, // ...1............
	0x80, 0x20, 0x00, 0x00, 0x00, 0x00, 0x00, 0x01, 0x00, 0x00, 0x00, 0x01, 0x40, 0x00, 0x00, 0x00, // . ..........@...
	0x00, 0x00, 0x3f, 0x1f, 0x00, 0x04, 0x03, 0x0a, 0x00, 0x10, 0x00, 0x01, 0x00, 0x00, 0x00, 0x36, // ..?............6
	0x20, 0x00, 0x05, 0x72, 0x00, 0x10, 0x00, 0x00, 0x00, 0x00, 0x00, 0x46, 0x02, 0x10, 0x00, 0x00, //  ..r.......F....
	0x00, 0x00, 0x00, 0x1d, 0x00, 0x00, 0x0a, 0x72, 0x00, 0x10, 0x00, 0x01, 0x00, 0x00, 0x00, 0x02, // .......r........
	0x40, 0x00, 0x00, 0x1c, 0x2e, 0x4d, 0x3b, 0x1c, 0x2e, 0x4d, 0x3b, 0x1c, 0x2e, 0x4d, 0x3b, 0x00, // @....M;..M;..M;.
	0x00, 0x00, 0x00, 0x46, 0x02, 0x10, 0x00, 0x00, 0x00, 0x00, 0x00, 0x38, 0x00, 0x00, 0x0a, 0x72, // ...F.......8...r
	0x00, 0x10, 0x00, 0x02, 0x00, 0x00, 0x00, 0x46, 0x02, 0x10, 0x00, 0x00, 0x00, 0x00, 0x00, 0x02, // .......F........
	0x40, 0x00, 0x00, 0x52, 0xb8, 0x4e, 0x41, 0x52, 0xb8, 0x4e, 0x41, 0x52, 0xb8, 0x4e, 0x41, 0x00, // @..R.NAR.NAR.NA.
	0x00, 0x00, 0x00, 0x2f, 0x00, 0x00, 0x05, 0x72, 0x00, 0x10, 0x00, 0x03, 0x00, 0x00, 0x00, 0x46, // .../...r.......F
	0x02, 0x10, 0x00, 0x00, 0x00, 0x00, 0x00, 0x38, 0x00, 0x00, 0x0a, 0x72, 0x00, 0x10, 0x00, 0x03, // .......8...r....
	0x00, 0x00, 0x00, 0x46, 0x02, 0x10, 0x00, 0x03, 0x00, 0x00, 0x00, 0x02, 0x40, 0x00, 0x00, 0x55, // ...F........@..U
	0x55, 0xd5, 0x3e, 0x55, 0x55, 0xd5, 0x3e, 0x55, 0x55, 0xd5, 0x3e, 0x00, 0x00, 0x00, 0x00, 0x19, // U.>UU.>UU.>.....
	0x00, 0x00, 0x05, 0x72, 0x00, 0x10, 0x00, 0x03, 0x00, 0x00, 0x00, 0x46, 0x02, 0x10, 0x00, 0x03, // ...r.......F....
	0x00, 0x00, 0x00, 0x32, 0x00, 0x00, 0x0f, 0x72, 0x00, 0x10, 0x00, 0x03, 0x00, 0x00, 0x00, 0x46, // ...2...r.......F
	0x02, 0x10, 0x00, 0x03, 0x00, 0x00, 0x00, 0x02, 0x40, 0x00, 0x00, 0x3d, 0x0a, 0x87, 0x3f, 0x3d, // ........@..=..?=
	0x0a, 0x87, 0x3f, 0x3d, 0x0a, 0x87, 0x3f, 0x00, 0x00, 0x00, 0x00, 0x02, 0x40, 0x00, 0x00, 0xae, // ..?=..?.....@...
	0x47, 0x61, 0xbd, 0xae, 0x47, 0x61, 0xbd, 0xae, 0x47, 0x61, 0xbd, 0x00, 0x00, 0x00, 0x00, 0x37, // Ga..Ga..Ga.....7
	0x00, 0x00, 0x09, 0x72, 0x00, 0x10, 0x00, 0x00, 0x00, 0x00, 0x00, 0x46, 0x02, 0x10, 0x00, 0x01, // ...r.......F....
	0x00, 0x00, 0x00, 0x46, 0x02, 0x10, 0x00, 0x02, 0x00, 0x00, 0x00, 0x46, 0x02, 0x10, 0x00, 0x03, // ...F.......F....
	0x00, 0x00, 0x00, 0x12, 0x00, 0x00, 0x01, 0x31, 0x00, 0x00, 0x0b, 0x32, 0x00, 0x10, 0x00, 0x01, // .......1...2....
	0x00, 0x00, 0x00, 0x06, 0x80, 0x20, 0x00, 0x00, 0x00, 0x00, 0x00, 0x01, 0x00, 0x00, 0x00, 0x02, // ..... ..........
	0x40, 0x00, 0x00, 0x00, 0x00, 0xc0, 0x3f, 0x00, 0x00, 0x20, 0x40, 0x00, 0x00, 0x00, 0x00, 0x00, // @.....?.. @.....
	0x00, 0x00, 0x00, 0x10, 0x00, 0x00, 0x0a, 0x12, 0x00, 0x10, 0x00, 0x02, 0x00, 0x00, 0x00, 0x02, // ................
	0x40, 0x00, 0x00, 0x98, 0x3a, 0xd3, 0x3e, 0x37, 0x14, 0xb7, 0x3e, 0x9c, 0xc4, 0x38, 0x3e, 0x00, // @...:.>7..>..8>.
	0x00, 0x00, 0x00, 0x46, 0x02, 0x10, 0x00, 0x00, 0x00, 0x00, 0x00, 0x10, 0x00, 0x00, 0x0a, 0x22, // ...F..........."
	0x00, 0x10, 0x00, 0x02, 0x00, 0x00, 0x00, 0x02, 0x40, 0x00, 0x00, 0xed, 0xc6, 0x59, 0x3e, 0x37, // ........@....Y>7
	0x14, 0x37, 0x3f, 0x7d, 0xd0, 0x93, 0x3d, 0x00, 0x00, 0x00, 0x00, 0x46, 0x02, 0x10, 0x00, 0x00, // .7?}..=....F....
	0x00, 0x00, 0x00, 0x10, 0x00, 0x00, 0x0a, 0x42, 0x00, 0x10, 0x00, 0x02, 0x00, 0x00, 0x00, 0x02, // .......B........
	0x40, 0x00, 0x00, 0x21, 0x62, 0x9e, 0x3c, 0xef, 0x1a, 0xf4, 0x3d, 0x21, 0x47, 0x73, 0x3f, 0x00, // @..!b.<...=!Gs?.
	0x00, 0x00, 0x00, 0x46, 0x02, 0x10, 0x00, 0x00, 0x00, 0x00, 0x00, 0x10, 0x00, 0x00, 0x0a, 0x12, // ...F............
	0x00, 0x10, 0x00, 0x03, 0x00, 0x00, 0x00, 0x02, 0x40, 0x00, 0x00, 0x3a, 0xbb, 0xdb, 0x3f, 0x7c, // ........@..:..?|
	0x1a, 0xb6, 0xbe, 0x3a, 0xb9, 0x81, 0xbe, 0x00, 0x00, 0x00, 0x00, 0x46, 0x02, 0x10, 0x00, 0x02, // ...:.......F....
	0x00, 0x00, 0x00, 0x10, 0x00, 0x00, 0x0a, 0x22, 0x00, 0x10, 0x00, 0x03, 0x00, 0x00, 0x00, 0x02, // ......."........
	0x40, 0x00, 0x00, 0xd4, 0xab, 0x2a, 0xbf, 0xdb, 0xe8, 0xce, 0x3f, 0xf1, 0x2c, 0x81, 0x3c, 0x00, // @....*....?.,.<.
	0x00, 0x00, 0x00, 0x46, 0x02, 0x10, 0x00, 0x02, 0x00, 0x00, 0x00, 0x10, 0x00, 0x00, 0x0a, 0x42, // ...F...........B
	0x00, 0x10, 0x00, 0x03, 0x00, 0x00, 0x00, 0x02, 0x40, 0x00, 0x00, 0x8d, 0x81, 0x90, 0x3c, 0x3a, // ........@.....<:
	0x30, 0x2f, 0xbd, 0xab, 0x2d, 0x71, 0x3f, 0x00, 0x00, 0x00, 0x00, 0x46, 0x02, 0x10, 0x00, 0x02, // 0/..-q?....F....
	0x00, 0x00, 0x00, 0x38, 0x00, 0x00, 0x08, 0x72, 0x00, 0x10, 0x00, 0x02, 0x00, 0x00, 0x00, 0x46, // ...8...r.......F
	0x02, 0x10, 0x00, 0x03, 0x00, 0x00, 0x00, 0x56, 0x85, 0x20, 0x00, 0x00, 0x00, 0x00, 0x00, 0x01, // .......V. ......
	0x00, 0x00, 0x00, 0x38, 0x00, 0x00, 0x0a, 0x72, 0x00, 0x10, 0x00, 0x02, 0x00, 0x00, 0x00, 0x46, // ...8...r.......F
	0x02, 0x10, 0x00, 0x02, 0x00, 0x00, 0x00, 0x02, 0x40, 0x00, 0x00, 0x17, 0xb7, 0xd1, 0x38, 0x17, // ........@.....8.
	0xb7, 0xd1, 0x38, 0x17, 0xb7, 0xd1, 0x38, 0x00, 0x00, 0x00, 0x00, 0x2f, 0x00, 0x00, 0x05, 0x72, // ..8...8..../...r
	0x00, 0x10, 0x00, 0x02, 0x00, 0x00, 0x00, 0x46, 0x02, 0x10, 0x00, 0x02, 0x00, 0x00, 0x00, 0x38, // .......F.......8
	0x00, 0x00, 0x0a, 0x72, 0x00, 0x10, 0x00, 0x02, 0x00, 0x00, 0x00, 0x46, 0x02, 0x10, 0x00, 0x02, // ...r.......F....
	0x00, 0x00, 0x00, 0x02, 0x40, 0x00, 0x00, 0x00, 0x20, 0x23, 0x3e, 0x00, 0x20, 0x23, 0x3e, 0x00, // ....@... #>. #>.
	0x20, 0x23, 0x3e, 0x00, 0x00, 0x00, 0x00, 0x19, 0x00, 0x00, 0x05, 0x72, 0x00, 0x10, 0x00, 0x02, //  #>........r....
	0x00, 0x00, 0x00, 0x46, 0x02, 0x10, 0x00, 0x02, 0x00, 0x00, 0x00, 0x32, 0x00, 0x00, 0x0f, 0x72, // ...F.......2...r
	0x00, 0x10, 0x00, 0x03, 0x00, 0x00, 0x00, 0x46, 0x02, 0x10, 0x00, 0x02, 0x00, 0x00, 0x00, 0x02, // .......F........
	0x40, 0x00, 0x00, 0x00, 0xd0, 0x96, 0x41, 0x00, 0xd0, 0x96, 0x41, 0x00, 0xd0, 0x96, 0x41, 0x00, // @.....A...A...A.
	0x00, 0x00, 0x00, 0x02, 0x40, 0x00, 0x00, 0x00, 0x00, 0x56, 0x3f, 0x00, 0x00, 0x56, 0x3f, 0x00, // ....@....V?..V?.
	0x00, 0x56, 0x3f, 0x00, 0x00, 0x00, 0x00, 0x32, 0x00, 0x00, 0x0f, 0x72, 0x00, 0x10, 0x00, 0x02, // .V?....2...r....
	0x00, 0x00, 0x00, 0x46, 0x02, 0x10, 0x00, 0x02, 0x00, 0x00, 0x00, 0x02, 0x40, 0x00, 0x00, 0x00, // ...F........@...
	0x80, 0x95, 0x41, 0x00, 0x80, 0x95, 0x41, 0x00, 0x80, 0x95, 0x41, 0x00, 0x00, 0x00, 0x00, 0x02, // ..A...A...A.....
	0x40, 0x00, 0x00, 0x00, 0x00, 0x80, 0x3f, 0x00, 0x00, 0x80, 0x3f, 0x00, 0x00, 0x80, 0x3f, 0x00, // @.....?...?...?.
	0x00, 0x00, 0x00, 0x0e, 0x00, 0x00, 0x07, 0x72, 0x00, 0x10, 0x00, 0x02, 0x00, 0x00, 0x00, 0x46, // .......r.......F
	0x02, 0x10, 0x00, 0x03, 0x00, 0x00, 0x00, 0x46, 0x02, 0x10, 0x00, 0x02, 0x00, 0x00, 0x00, 0x2f, // .......F......./
	0x00, 0x00, 0x05, 0x72, 0x00, 0x10, 0x00, 0x02, 0x00, 0x00, 0x00, 0x46, 0x02, 0x10, 0x00, 0x02, // ...r.......F....
	0x00, 0x00, 0x00, 0x38, 0x00, 0x00, 0x0a, 0x72, 0x00, 0x10, 0x00, 0x02, 0x00, 0x00, 0x00, 0x46, // ...8...r.......F
	0x02, 0x10, 0x00, 0x02, 0x00, 0x00, 0x00, 0x02, 0x40, 0x00, 0x00, 0x00, 0xb0, 0x9d, 0x42, 0x00, // ........@.....B.
	0xb0, 0x9d, 0x42, 0x00, 0xb0, 0x9d, 0x42, 0x00, 0x00, 0x00, 0x00, 0x19, 0x00, 0x00, 0x05, 0x72, // ..B...B........r
	0x00, 0x10, 0x00, 0x02, 0x00, 0x00, 0x00, 0x46, 0x02, 0x10, 0x00, 0x02, 0x00, 0x00, 0x00, 0x01, // .......F........
	0x00, 0x00, 0x07, 0xe2, 0x00, 0x10, 0x00, 0x01, 0x00, 0x00, 0x00, 0x56, 0x05, 0x10, 0x00, 0x01, // ...........V....
	0x00, 0x00, 0x00, 0x06, 0x09, 0x10, 0x00, 0x02, 0x00, 0x00, 0x00, 0x37, 0x00, 0x00, 0x09, 0x72, // ...........7...r
	0x00, 0x10, 0x00, 0x00, 0x00, 0x00, 0x00, 0x06, 0x00, 0x10, 0x00, 0x01, 0x00, 0x00, 0x00, 0x46, // ...............F
	0x02, 0x10, 0x00, 0x00, 0x00, 0x00, 0x00, 0x96, 0x07, 0x10, 0x00, 0x01, 0x00, 0x00, 0x00, 0x15, // ................
	0x00, 0x00, 0x01, 0x36, 0x00, 0x00, 0x05, 0xf2, 0x20, 0x10, 0x00, 0x00, 0x00, 0x00, 0x00, 0x46, // ...6.... ......F
	0x0e, 0x10, 0x00, 0x00, 0x00, 0x00, 0x00, 0x3e, 0x00, 0x00, 0x01, 0x00, 0x00, 0x60, 0x00,       // .......>.....`.
};
static const uint8_t fs_texture_cube_dxil[4163] =
{
	0x46, 0x53, 0x48, 0x0c, 0x01, 0x83, 0xf2, 0xe1, 0x00, 0x00, 0x00, 0x00, 0x00, 0x00, 0x00, 0x00, // FSH.............
	0x00, 0x00, 0x00, 0x00, 0x04, 0x00, 0x09, 0x75, 0x5f, 0x70, 0x61, 0x72, 0x61, 0x6d, 0x73, 0x30, // .......u_params0
	0x12, 0x00, 0x00, 0x00, 0x01, 0x00, 0x00, 0x00, 0x00, 0x00, 0x09, 0x75, 0x5f, 0x70, 0x61, 0x72, // ...........u_par
	0x61, 0x6d, 0x73, 0x31, 0x12, 0x00, 0x10, 0x00, 0x01, 0x00, 0x00, 0x00, 0x00, 0x00, 0x05, 0x75, // ams1...........u
	0x5f, 0x6d, 0x74, 0x78, 0x14, 0x00, 0x20, 0x00, 0x04, 0x00, 0x00, 0x00, 0x00, 0x00, 0x0a, 0x73, // _mtx.. ........s
	0x5f, 0x74, 0x65, 0x78, 0x43, 0x6f, 0x6c, 0x6f, 0x72, 0x30, 0x01, 0x00, 0x00, 0x01, 0x00, 0x00, // _texColor0......
	0x04, 0x00, 0x00, 0xd8, 0x0f, 0x00, 0x00, 0x44, 0x58, 0x42, 0x43, 0x98, 0x32, 0xb2, 0xe6, 0x74, // .......DXBC.2..t
	0x37, 0x9d, 0x9d, 0xf6, 0xf6, 0x7f, 0x36, 0x89, 0x90, 0xcf, 0x87, 0x01, 0x00, 0x00, 0x00, 0xd8, // 7.....6.........
	0x0f, 0x00, 0x00, 0x07, 0x00, 0x00, 0x00, 0x3c, 0x00, 0x00, 0x00, 0x4c, 0x00, 0x00, 0x00, 0xd8, // .......<...L....
	0x00, 0x00, 0x00, 0x14, 0x01, 0x00, 0x00, 0x40, 0x02, 0x00, 0x00, 0x74, 0x02, 0x00, 0x00, 0x90, // .......@...t....
	0x02, 0x00, 0x00, 0x53, 0x46, 0x49, 0x30, 0x08, 0x00, 0x00, 0x00, 0x00, 0x00, 0x00, 0x00, 0x00, // ...SFI0.........
	0x00, 0x00, 0x00, 0x49, 0x53, 0x47, 0x31, 0x84, 0x00, 0x00, 0x00, 0x03, 0x00, 0x00, 0x00, 0x08, // ...ISG1.........
	0x00, 0x00, 0x00, 0x00, 0x00, 0x00, 0x00, 0x68, 0x00, 0x00, 0x00, 0x00, 0x00, 0x00, 0x00, 0x01, // .......h........
	0x00, 0x00, 0x00, 0x03, 0x00, 0x00, 0x00, 0x00, 0x00, 0x00, 0x00, 0x0f, 0x00, 0x00, 0x00, 0x00, // ................
	0x00, 0x00, 0x00, 0x00, 0x00, 0x00, 0x00, 0x74, 0x00, 0x00, 0x00, 0x00, 0x00, 0x00, 0x00, 0x00, // .......t........
	0x00, 0x00, 0x00, 0x03, 0x00, 0x00, 0x00, 0x01, 0x00, 0x00, 0x00, 0x0f, 0x0f, 0x00, 0x00, 0x00, // ................
	0x00, 0x00, 0x00, 0x00, 0x00, 0x00, 0x00, 0x7a, 0x00, 0x00, 0x00, 0x00, 0x00, 0x00, 0x00, 0x00, // .......z........
	0x00, 0x00, 0x00, 0x03, 0x00, 0x00, 0x00, 0x02, 0x00, 0x00, 0x00, 0x07, 0x03, 0x00, 0x00, 0x00, // ................
	0x00, 0x00, 0x00, 0x53, 0x56, 0x5f, 0x50, 0x6f, 0x73, 0x69, 0x74, 0x69, 0x6f, 0x6e, 0x00, 0x43, // ...SV_Position.C
	0x4f, 0x4c, 0x4f, 0x52, 0x00, 0x54, 0x45, 0x58, 0x43, 0x4f, 0x4f, 0x52, 0x44, 0x00, 0x00, 0x4f, // OLOR.TEXCOORD..O
	0x53, 0x47, 0x31, 0x34, 0x00, 0x00, 0x00, 0x01, 0x00, 0x00, 0x00, 0x08, 0x00, 0x00, 0x00, 0x00, // SG14............
	0x00, 0x00, 0x00, 0x28, 0x00, 0x00, 0x00, 0x00, 0x00, 0x00, 0x00, 0x40, 0x00, 0x00, 0x00, 0x03, // ...(.......@....
	0x00, 0x00, 0x00, 0x00, 0x00, 0x00, 0x00, 0x0f, 0x00, 0x00, 0x00, 0x00, 0x00, 0x00, 0x00, 0x53, // ...............S
	0x56, 0x5f, 0x54, 0x61, 0x72, 0x67, 0x65, 0x74, 0x00, 0x00, 0x00, 0x50, 0x53, 0x56, 0x30, 0x24, // V_Target...PSV0$
	0x01, 0x00, 0x00, 0x38, 0x00, 0x00, 0x00, 0x00, 0x00, 0x00, 0x00, 0x00, 0x00, 0x00, 0x00, 0x00, // ...8............
	0x00, 0x00, 0x00, 0x00, 0x00, 0x00, 0x00, 0x00, 0x00, 0x00, 0x00, 0xff, 0xff, 0xff, 0xff, 0x00, // ................
	0x00, 0x00, 0x00, 0x03, 0x01, 0x00, 0x03, 0x01, 0x00, 0x00, 0x00, 0x00, 0x00, 0x00, 0x00, 0x00, // ................
	0x00, 0x00, 0x00, 0x00, 0x00, 0x00, 0x00, 0x10, 0x00, 0x00, 0x00, 0x00, 0x00, 0x00, 0x00, 0x03, // ................
	0x00, 0x00, 0x00, 0x18, 0x00, 0x00, 0x00, 0x02, 0x00, 0x00, 0x00, 0x00, 0x00, 0x00, 0x00, 0x00, // ................
	0x00, 0x00, 0x00, 0x00, 0x00, 0x00, 0x00, 0x0d, 0x00, 0x00, 0x00, 0x00, 0x00, 0x00, 0x00, 0x01, // ................
	0x00, 0x00, 0x00, 0x00, 0x00, 0x00, 0x00, 0x00, 0x00, 0x00, 0x00, 0x00, 0x00, 0x00, 0x00, 0x0e, // ................
	0x00, 0x00, 0x00, 0x00, 0x00, 0x00, 0x00, 0x03, 0x00, 0x00, 0x00, 0x00, 0x00, 0x00, 0x00, 0x00, // ................
	0x00, 0x00, 0x00, 0x00, 0x00, 0x00, 0x00, 0x05, 0x00, 0x00, 0x00, 0x00, 0x00, 0x00, 0x00, 0x18, // ................
	0x00, 0x00, 0x00, 0x00, 0x43, 0x4f, 0x4c, 0x4f, 0x52, 0x00, 0x54, 0x45, 0x58, 0x43, 0x4f, 0x4f, // ....COLOR.TEXCOO
	0x52, 0x44, 0x00, 0x6d, 0x61, 0x69, 0x6e, 0x00, 0x00, 0x00, 0x00, 0x01, 0x00, 0x00, 0x00, 0x00, // RD.main.........
	0x00, 0x00, 0x00, 0x10, 0x00, 0x00, 0x00, 0x00, 0x00, 0x00, 0x00, 0x00, 0x00, 0x00, 0x00, 0x01, // ................
	0x00, 0x44, 0x03, 0x03, 0x04, 0x00, 0x00, 0x01, 0x00, 0x00, 0x00, 0x00, 0x00, 0x00, 0x00, 0x01, // .D..............
	0x01, 0x44, 0x00, 0x03, 0x02, 0x00, 0x00, 0x07, 0x00, 0x00, 0x00, 0x00, 0x00, 0x00, 0x00, 0x01, // .D..............
	0x02, 0x43, 0x00, 0x03, 0x02, 0x00, 0x00, 0x00, 0x00, 0x00, 0x00, 0x00, 0x00, 0x00, 0x00, 0x01, // .C..............
	0x00, 0x44, 0x10, 0x03, 0x00, 0x00, 0x00, 0x00, 0x00, 0x00, 0x00, 0x00, 0x00, 0x00, 0x00, 0x00, // .D..............
	0x00, 0x00, 0x00, 0x00, 0x00, 0x00, 0x00, 0x07, 0x00, 0x00, 0x00, 0x07, 0x00, 0x00, 0x00, 0x07, // ................
	0x00, 0x00, 0x00, 0x08, 0x00, 0x00, 0x00, 0x0f, 0x00, 0x00, 0x00, 0x0f, 0x00, 0x00, 0x00, 0x00, // ................
	0x00, 0x00, 0x00, 0x00, 0x00, 0x00, 0x00, 0x49, 0x4c, 0x44, 0x4e, 0x2c, 0x00, 0x00, 0x00, 0x00, // .......ILDN,....
	0x00, 0x24, 0x00, 0x38, 0x30, 0x31, 0x66, 0x64, 0x61, 0x39, 0x34, 0x39, 0x32, 0x36, 0x65, 0x62, // .$.801fda94926eb
	0x63, 0x37, 0x34, 0x37, 0x31, 0x36, 0x34, 0x39, 0x34, 0x37, 0x38, 0x39, 0x61, 0x31, 0x33, 0x33, // c74716494789a133
	0x36, 0x32, 0x32, 0x2e, 0x70, 0x64, 0x62, 0x00, 0x00, 0x00, 0x00, 0x48, 0x41, 0x53, 0x48, 0x14, // 622.pdb....HASH.
	0x00, 0x00, 0x00, 0x00, 0x00, 0x00, 0x00, 0x80, 0x1f, 0xda, 0x94, 0x92, 0x6e, 0xbc, 0x74, 0x71, // ............n.tq
	0x64, 0x94, 0x78, 0x9a, 0x13, 0x36, 0x22, 0x44, 0x58, 0x49, 0x4c, 0x40, 0x0d, 0x00, 0x00, 0x60, // d.x..6"DXIL@...`
	0x00, 0x00, 0x00, 0x50, 0x03, 0x00, 0x00, 0x44, 0x58, 0x49, 0x4c, 0x00, 0x01, 0x00, 0x00, 0x10, // ...P...DXIL.....
	0x00, 0x00, 0x00, 0x28, 0x0d, 0x00, 0x00, 0x42, 0x43, 0xc0, 0xde, 0x21, 0x0c, 0x00, 0x00, 0x47, // ...(...BC..!...G
	0x03, 0x00, 0x00, 0x0b, 0x82, 0x20, 0x00, 0x02, 0x00, 0x00, 0x00, 0x13, 0x00, 0x00, 0x00, 0x07, // ..... ..........
	0x81, 0x23, 0x91, 0x41, 0xc8, 0x04, 0x49, 0x06, 0x10, 0x32, 0x39, 0x92, 0x01, 0x84, 0x0c, 0x25, // .#.A..I..29....%
	0x05, 0x08, 0x19, 0x1e, 0x04, 0x8b, 0x62, 0x80, 0x18, 0x45, 0x02, 0x42, 0x92, 0x0b, 0x42, 0xc4, // ......b..E.B..B.
	0x10, 0x32, 0x14, 0x38, 0x08, 0x18, 0x4b, 0x0a, 0x32, 0x62, 0x88, 0x48, 0x90, 0x14, 0x20, 0x43, // .2.8..K.2b.H.. C
	0x46, 0x88, 0xa5, 0x00, 0x19, 0x32, 0x42, 0xe4, 0x48, 0x0e, 0x90, 0x11, 0x23, 0xc4, 0x50, 0x41, // F....2B.H...#.PA
	0x51, 0x81, 0x8c, 0xe1, 0x83, 0xe5, 0x8a, 0x04, 0x31, 0x46, 0x06, 0x51, 0x18, 0x00, 0x00, 0x08, // Q.......1F.Q....
	0x00, 0x00, 0x00, 0x1b, 0x8c, 0xe0, 0xff, 0xff, 0xff, 0xff, 0x07, 0x40, 0x02, 0xa8, 0x0d, 0x84, // ...........@....
	0xf0, 0xff, 0xff, 0xff, 0xff, 0x03, 0x20, 0x6d, 0x30, 0x86, 0xff, 0xff, 0xff, 0xff, 0x1f, 0x00, // ...... m0.......
	0x09, 0xa8, 0x00, 0x49, 0x18, 0x00, 0x00, 0x03, 0x00, 0x00, 0x00, 0x13, 0x82, 0x60, 0x42, 0x20, // ...I.........`B 
	0x4c, 0x08, 0x06, 0x00, 0x00, 0x00, 0x00, 0x89, 0x20, 0x00, 0x00, 0x49, 0x00, 0x00, 0x00, 0x32, // L....... ..I...2
	0x22, 0x88, 0x09, 0x20, 0x64, 0x85, 0x04, 0x13, 0x23, 0xa4, 0x84, 0x04, 0x13, 0x23, 0xe3, 0x84, // ".. d...#....#..
	0xa1, 0x90, 0x14, 0x12, 0x4c, 0x8c, 0x8c, 0x0b, 0x84, 0xc4, 0x4c, 0x10, 0x98, 0xc1, 0x08, 0x40, // ....L.....L....@
	0x09, 0x00, 0x0a, 0x66, 0x00, 0xe6, 0x08, 0xc0, 0x60, 0x8e, 0x00, 0x29, 0xc6, 0x40, 0x10, 0x44, // ...f....`..).@.D
	0x41, 0x90, 0x51, 0x0c, 0x80, 0x20, 0x88, 0x62, 0x20, 0xa4, 0x0c, 0x03, 0x31, 0x90, 0x52, 0x90, // A.Q.. .b ...1.R.
	0x81, 0x18, 0x86, 0x61, 0x18, 0x06, 0x62, 0x6e, 0x1a, 0x2e, 0x7f, 0xc2, 0x1e, 0x42, 0xf2, 0x57, // ...a..bn.....B.W
	0x42, 0x5a, 0x89, 0xc9, 0x2f, 0x6e, 0x1b, 0x15, 0xc3, 0x30, 0x0c, 0x04, 0x15, 0xf7, 0x0c, 0x97, // BZ../n...0......
	0x3f, 0x61, 0x0f, 0x21, 0xf9, 0x21, 0xd0, 0x0c, 0x0b, 0x81, 0x82, 0xa7, 0x30, 0x0e, 0x01, 0x41, // ?a.!.!......0..A
	0xc3, 0x30, 0x0c, 0x04, 0x41, 0x0c, 0x14, 0x1d, 0x35, 0x5c, 0xfe, 0x84, 0x3d, 0x84, 0xe4, 0x73, // .0..A...5...=..s
	0x1b, 0x55, 0xac, 0xc4, 0xe4, 0x17, 0xb7, 0x8d, 0x88, 0x61, 0x18, 0x86, 0x42, 0x4c, 0x04, 0x44, // .U.......a..BL.D
	0x10, 0x55, 0x8a, 0x81, 0x18, 0x86, 0x81, 0xac, 0x39, 0x82, 0xa0, 0x18, 0x10, 0x51, 0x10, 0x04, // .U......9....Q..
	0x46, 0xd9, 0x40, 0xc0, 0x30, 0x02, 0x31, 0xcc, 0x44, 0x06, 0xe3, 0xc0, 0x0e, 0xe1, 0x30, 0x0f, // F.@.0.1.D.....0.
	0xf3, 0xe0, 0x06, 0xb4, 0x50, 0x0e, 0xf8, 0x40, 0x0f, 0xf5, 0x20, 0x0f, 0xe5, 0x30, 0x0a, 0xf5, // ....P..@.. ..0..
	0x20, 0x0e, 0xe5, 0xc0, 0x07, 0xf6, 0x50, 0x0e, 0xe3, 0x40, 0x0f, 0xef, 0x20, 0x0f, 0x7c, 0x60, //  .....P..@.. .|`
	0x0e, 0xec, 0xf0, 0x0e, 0xe1, 0x40, 0x0f, 0x6c, 0x00, 0x06, 0x74, 0xe0, 0x07, 0x60, 0xe0, 0x07, // .....@.l..t..`..
	0x28, 0xe0, 0xa8, 0x4b, 0x02, 0x6e, 0xa6, 0x09, 0x1d, 0xde, 0x61, 0x1e, 0xe8, 0x81, 0x1d, 0xc2, // (..K.n....a.....
	0x21, 0x1f, 0xde, 0xa1, 0x1e, 0xe8, 0xc1, 0x0d, 0xc8, 0xe0, 0x14, 0xd8, 0xe1, 0x1d, 0xc4, 0x21, // !..............!
	0x1c, 0xd8, 0x61, 0x1e, 0xd0, 0xc0, 0x71, 0x1f, 0x81, 0x37, 0x49, 0x53, 0x44, 0x09, 0x93, 0xcf, // ..a...q..7ISD...
	0x02, 0xcc, 0xb3, 0x10, 0x11, 0x3b, 0x01, 0x13, 0x81, 0x02, 0x82, 0xc4, 0x6c, 0x20, 0xa6, 0x00, // .....;......l ..
	0x00, 0x00, 0x00, 0x13, 0x14, 0x72, 0xc0, 0x87, 0x74, 0x60, 0x87, 0x36, 0x68, 0x87, 0x79, 0x68, // .....r..t`.6h.yh
	0x03, 0x72, 0xc0, 0x87, 0x0d, 0xaf, 0x50, 0x0e, 0x6d, 0xd0, 0x0e, 0x7a, 0x50, 0x0e, 0x6d, 0x00, // .r....P.m..zP.m.
	0x0f, 0x7a, 0x30, 0x07, 0x72, 0xa0, 0x07, 0x73, 0x20, 0x07, 0x6d, 0x90, 0x0e, 0x71, 0xa0, 0x07, // .z0.r..s .m..q..
	0x73, 0x20, 0x07, 0x6d, 0x90, 0x0e, 0x78, 0xa0, 0x07, 0x73, 0x20, 0x07, 0x6d, 0x90, 0x0e, 0x71, // s .m..x..s .m..q
	0x60, 0x07, 0x7a, 0x30, 0x07, 0x72, 0xd0, 0x06, 0xe9, 0x30, 0x07, 0x72, 0xa0, 0x07, 0x73, 0x20, // `.z0.r...0.r..s 
	0x07, 0x6d, 0x90, 0x0e, 0x76, 0x40, 0x07, 0x7a, 0x60, 0x07, 0x74, 0xd0, 0x06, 0xe6, 0x10, 0x07, // .m..v@.z`.t.....
	0x76, 0xa0, 0x07, 0x73, 0x20, 0x07, 0x6d, 0x60, 0x0e, 0x73, 0x20, 0x07, 0x7a, 0x30, 0x07, 0x72, // v..s .m`.s .z0.r
	0xd0, 0x06, 0xe6, 0x60, 0x07, 0x74, 0xa0, 0x07, 0x76, 0x40, 0x07, 0x6d, 0xe0, 0x0e, 0x78, 0xa0, // ...`.t..v@.m..x.
	0x07, 0x71, 0x60, 0x07, 0x7a, 0x30, 0x07, 0x72, 0xa0, 0x07, 0x76, 0x40, 0x07, 0x43, 0x9e, 0x00, // .q`.z0.r..v@.C..
	0x00, 0x00, 0x00, 0x00, 0x00, 0x00, 0x00, 0x00, 0x00, 0x00, 0x86, 0x3c, 0x06, 0x10, 0x00, 0x01, // ...........<....
	0x00, 0x00, 0x00, 0x00, 0x00, 0x00, 0x00, 0x0c, 0x79, 0x10, 0x20, 0x00, 0x04, 0x00, 0x00, 0x00, // ........y. .....
	0x00, 0x00, 0x00, 0x00, 0x18, 0xf2, 0x28, 0x40, 0x00, 0x04, 0x00, 0x00, 0x00, 0x00, 0x00, 0x00, // ......(@........
	0x00, 0x30, 0xe4, 0x61, 0x80, 0x00, 0x08, 0x00, 0x00, 0x00, 0x00, 0x00, 0x00, 0x00, 0x60, 0xc8, // .0.a..........`.
	0x13, 0x01, 0x01, 0x30, 0x00, 0x00, 0x00, 0x00, 0x00, 0x00, 0x00, 0xc0, 0x90, 0x87, 0x02, 0x02, // ...0............
	0x60, 0x00, 0x00, 0x00, 0x00, 0x00, 0x00, 0x00, 0x80, 0x21, 0x8f, 0x05, 0x04, 0x40, 0x00, 0x00, // `........!...@..
	0x00, 0x00, 0x00, 0x00, 0x00, 0x00, 0x43, 0x9e, 0x0c, 0x08, 0x80, 0x01, 0x00, 0x00, 0x00, 0x00, // ......C.........
	0x00, 0x00, 0x00, 0xb2, 0x40, 0x00, 0x00, 0x11, 0x00, 0x00, 0x00, 0x32, 0x1e, 0x98, 0x14, 0x19, // ....@......2....
	0x11, 0x4c, 0x90, 0x8c, 0x09, 0x26, 0x47, 0xc6, 0x04, 0x43, 0x22, 0x4a, 0x60, 0x04, 0xa0, 0x28, // .L...&G..C"J`..(
	0x8a, 0xa1, 0x14, 0x4a, 0xa2, 0x80, 0x03, 0xca, 0xa0, 0x3c, 0x8a, 0x80, 0x8a, 0x92, 0x28, 0x83, // ...J.....<....(.
	0x42, 0x18, 0x01, 0x28, 0x82, 0x02, 0x21, 0x6f, 0x06, 0x80, 0xc2, 0x19, 0x00, 0x1a, 0x67, 0x00, // B..(..!o......g.
	0x88, 0x1c, 0xab, 0x59, 0x08, 0x00, 0x00, 0x80, 0xe3, 0x38, 0x90, 0xe7, 0x01, 0x00, 0x00, 0x79, // ...Y.....8.....y
	0x18, 0x00, 0x00, 0x6a, 0x00, 0x00, 0x00, 0x1a, 0x03, 0x4c, 0x90, 0x46, 0x02, 0x13, 0xc4, 0x8f, // ...j.....L.F....
	0x0c, 0x6f, 0xec, 0xed, 0x4d, 0x0c, 0x24, 0xc6, 0x25, 0x06, 0xc6, 0x45, 0xc6, 0x06, 0xa6, 0xc6, // .o..M.$.%..E....
	0x65, 0xe6, 0x06, 0x04, 0x65, 0x8c, 0x86, 0x0c, 0xc7, 0x8c, 0xc6, 0x2c, 0x27, 0x27, 0x65, 0x43, // e...e......,''eC
	0x10, 0x4c, 0x10, 0x88, 0x64, 0x82, 0x40, 0x28, 0x1b, 0x84, 0x81, 0x98, 0x20, 0x10, 0xcb, 0x06, // .L..d.@(.... ...
	0x61, 0x30, 0x28, 0xc0, 0xcd, 0x4d, 0x10, 0x08, 0x66, 0xc3, 0x80, 0x24, 0xc4, 0x04, 0xc1, 0xcb, // a0(..M..f..$....
	0x08, 0x4c, 0x10, 0x88, 0x66, 0x82, 0x40, 0x38, 0x1b, 0x04, 0xc2, 0xd9, 0x90, 0x10, 0x0b, 0x43, // .L..f.@8.......C
	0x10, 0x43, 0x43, 0x3c, 0x1b, 0x02, 0x68, 0x82, 0x10, 0x06, 0xda, 0x04, 0x81, 0x78, 0x36, 0x20, // .CC<..h......x6 
	0x84, 0xc4, 0x10, 0xc4, 0x30, 0x01, 0x1b, 0x02, 0x6a, 0x82, 0x30, 0x06, 0xdb, 0x06, 0x84, 0xb0, // ....0...j.0.....
	0x18, 0x82, 0x18, 0x08, 0x60, 0x43, 0x70, 0x6d, 0x20, 0x22, 0xa0, 0xc2, 0x26, 0x08, 0x64, 0xc0, // ....`Cpm "..&.d.
	0x6d, 0x08, 0xb4, 0x09, 0x82, 0x00, 0x90, 0x68, 0x0b, 0x4b, 0x73, 0xe3, 0x32, 0x65, 0xf5, 0x05, // m......h.Ks.2e..
	0xf5, 0x36, 0x97, 0x46, 0x97, 0xf6, 0xe6, 0x36, 0x41, 0x28, 0xa6, 0x09, 0x42, 0x41, 0x6d, 0x08, // .6.F...6A(..BAm.
	0x88, 0x09, 0x42, 0x51, 0x4d, 0x10, 0x0a, 0x6b, 0xc3, 0x42, 0x78, 0x1f, 0x18, 0x84, 0x81, 0x18, // ..BQM..k.Bx.....
	0x0c, 0x62, 0x40, 0x8c, 0x01, 0xc0, 0x62, 0xe8, 0x89, 0xe9, 0x49, 0x6a, 0x82, 0x50, 0x5c, 0x13, // .b@...b...Ij.P..
	0x04, 0x02, 0x9a, 0x20, 0x10, 0xd1, 0x06, 0xe1, 0x0c, 0xd0, 0x60, 0xc3, 0x32, 0x94, 0xc1, 0x37, // ... ......`.2..7
	0x06, 0x61, 0x60, 0x06, 0x83, 0x18, 0x0c, 0x63, 0x90, 0x06, 0x13, 0x04, 0x42, 0x22, 0x42, 0x55, // .a`....c....B"BU
	0x84, 0x35, 0xf4, 0xf4, 0x24, 0x45, 0xb4, 0x41, 0x38, 0x83, 0x33, 0xd8, 0xb0, 0xac, 0x01, 0x1b, // .5..$E.A8.3.....
	0x7c, 0x63, 0x10, 0x06, 0x66, 0x30, 0x80, 0xc1, 0x1a, 0x8c, 0x41, 0x1b, 0x6c, 0x18, 0xc8, 0x40, // |c..f0....A.l..@
	0x0d, 0xdc, 0x80, 0xc9, 0x94, 0xd5, 0x17, 0x55, 0x98, 0xdc, 0x59, 0x19, 0xdd, 0x04, 0xa1, 0xc0, // .......U..Y.....
	0x36, 0x2c, 0x04, 0x1c, 0x7c, 0x71, 0x10, 0x06, 0x63, 0x30, 0x88, 0x01, 0x31, 0x06, 0x69, 0xb0, // 6,..|q..c0..1.i.
	0x21, 0x90, 0x83, 0x0d, 0xc3, 0x1b, 0xcc, 0x01, 0xb0, 0xa1, 0xe0, 0x3a, 0x3a, 0xc8, 0x80, 0x2a, // !..........::..*
	0x6c, 0x6c, 0x76, 0x6d, 0x2e, 0x69, 0x64, 0x65, 0x6e, 0x74, 0x53, 0x82, 0xa0, 0x0a, 0x19, 0x9e, // llvm.identS.....
	0x8b, 0x5d, 0x99, 0xdc, 0x5c, 0xda, 0x9b, 0xdb, 0x94, 0x80, 0x68, 0x42, 0x86, 0xe7, 0x62, 0x17, // .]........hB..b.
	0xc6, 0x66, 0x57, 0x26, 0x37, 0x25, 0x30, 0xea, 0x90, 0xe1, 0xb9, 0xcc, 0xa1, 0x85, 0x91, 0x95, // .fW&7%0.........
	0xc9, 0x35, 0xbd, 0x91, 0x95, 0xb1, 0x4d, 0x09, 0x92, 0x32, 0x64, 0x78, 0x2e, 0x72, 0x65, 0x73, // .5....M..2dx.res
	0x6f, 0x75, 0x72, 0x63, 0x65, 0x73, 0x53, 0x02, 0xac, 0x0e, 0x19, 0x9e, 0x8b, 0x5d, 0x5a, 0xd9, // ourcesS......]Z.
	0x5d, 0x12, 0xd9, 0x14, 0x5d, 0x18, 0x5d, 0xd9, 0x94, 0x40, 0xab, 0x43, 0x86, 0xe7, 0x52, 0xe6, // ]...].]..@.C..R.
	0x46, 0x27, 0x97, 0x07, 0xf5, 0x96, 0xe6, 0x46, 0x37, 0x37, 0x25, 0xa0, 0x03, 0x00, 0x00, 0x79, // F'.....F77%....y
	0x18, 0x00, 0x00, 0x51, 0x00, 0x00, 0x00, 0x33, 0x08, 0x80, 0x1c, 0xc4, 0xe1, 0x1c, 0x66, 0x14, // ...Q...3......f.
	0x01, 0x3d, 0x88, 0x43, 0x38, 0x84, 0xc3, 0x8c, 0x42, 0x80, 0x07, 0x79, 0x78, 0x07, 0x73, 0x98, // .=.C8...B..yx.s.
	0x71, 0x0c, 0xe6, 0x00, 0x0f, 0xed, 0x10, 0x0e, 0xf4, 0x80, 0x0e, 0x33, 0x0c, 0x42, 0x1e, 0xc2, // q..........3.B..
	0xc1, 0x1d, 0xce, 0xa1, 0x1c, 0x66, 0x30, 0x05, 0x3d, 0x88, 0x43, 0x38, 0x84, 0x83, 0x1b, 0xcc, // .....f0.=.C8....
	0x03, 0x3d, 0xc8, 0x43, 0x3d, 0x8c, 0x03, 0x3d, 0xcc, 0x78, 0x8c, 0x74, 0x70, 0x07, 0x7b, 0x08, // .=.C=..=.x.tp.{.
	0x07, 0x79, 0x48, 0x87, 0x70, 0x70, 0x07, 0x7a, 0x70, 0x03, 0x76, 0x78, 0x87, 0x70, 0x20, 0x87, // .yH.pp.zp.vx.p .
	0x19, 0xcc, 0x11, 0x0e, 0xec, 0x90, 0x0e, 0xe1, 0x30, 0x0f, 0x6e, 0x30, 0x0f, 0xe3, 0xf0, 0x0e, // ........0.n0....
	0xf0, 0x50, 0x0e, 0x33, 0x10, 0xc4, 0x1d, 0xde, 0x21, 0x1c, 0xd8, 0x21, 0x1d, 0xc2, 0x61, 0x1e, // .P.3....!..!..a.
	0x66, 0x30, 0x89, 0x3b, 0xbc, 0x83, 0x3b, 0xd0, 0x43, 0x39, 0xb4, 0x03, 0x3c, 0xbc, 0x83, 0x3c, // f0.;..;.C9..<..<
	0x84, 0x03, 0x3b, 0xcc, 0xf0, 0x14, 0x76, 0x60, 0x07, 0x7b, 0x68, 0x07, 0x37, 0x68, 0x87, 0x72, // ..;...v`.{h.7h.r
	0x68, 0x07, 0x37, 0x80, 0x87, 0x70, 0x90, 0x87, 0x70, 0x60, 0x07, 0x76, 0x28, 0x07, 0x76, 0xf8, // h.7..p..p`.v(.v.
	0x05, 0x76, 0x78, 0x87, 0x77, 0x80, 0x87, 0x5f, 0x08, 0x87, 0x71, 0x18, 0x87, 0x72, 0x98, 0x87, // .vx.w.._..q..r..
	0x79, 0x98, 0x81, 0x2c, 0xee, 0xf0, 0x0e, 0xee, 0xe0, 0x0e, 0xf5, 0xc0, 0x0e, 0xec, 0x30, 0x03, // y..,..........0.
	0x62, 0xc8, 0xa1, 0x1c, 0xe4, 0xa1, 0x1c, 0xcc, 0xa1, 0x1c, 0xe4, 0xa1, 0x1c, 0xdc, 0x61, 0x1c, // b.............a.
	0xca, 0x21, 0x1c, 0xc4, 0x81, 0x1d, 0xca, 0x61, 0x06, 0xd6, 0x90, 0x43, 0x39, 0xc8, 0x43, 0x39, // .!.....a...C9.C9
	0x98, 0x43, 0x39, 0xc8, 0x43, 0x39, 0xb8, 0xc3, 0x38, 0x94, 0x43, 0x38, 0x88, 0x03, 0x3b, 0x94, // .C9.C9..8.C8..;.
	0xc3, 0x2f, 0xbc, 0x83, 0x3c, 0xfc, 0x82, 0x3b, 0xd4, 0x03, 0x3b, 0xb0, 0xc3, 0x0c, 0xc4, 0x21, // ./..<..;..;....!
	0x07, 0x7c, 0x70, 0x03, 0x7a, 0x28, 0x87, 0x76, 0x80, 0x87, 0x19, 0xd1, 0x43, 0x0e, 0xf8, 0xe0, // .|p.z(.v....C...
	0x06, 0xe4, 0x20, 0x0e, 0xe7, 0xe0, 0x06, 0xf6, 0x10, 0x0e, 0xf2, 0xc0, 0x0e, 0xe1, 0x90, 0x0f, // .. .............
	0xef, 0x50, 0x0f, 0xf4, 0x30, 0x83, 0x81, 0xc8, 0x01, 0x1f, 0xdc, 0x40, 0x1c, 0xe4, 0xa1, 0x1c, // .P..0......@....
	0xc2, 0x61, 0x1d, 0xdc, 0x40, 0x1c, 0xe4, 0x01, 0x00, 0x00, 0x00, 0x71, 0x20, 0x00, 0x00, 0x23, // .a..@......q ..#
	0x00, 0x00, 0x00, 0x66, 0xb0, 0x0d, 0x97, 0xef, 0x3c, 0xbe, 0x10, 0x50, 0x45, 0x41, 0x44, 0xa5, // ...f....<..PEAD.
	0x03, 0x0c, 0x25, 0x61, 0x00, 0x02, 0xe6, 0x17, 0xb7, 0x6d, 0x08, 0xd2, 0x70, 0xf9, 0xce, 0xe3, // ..%a.....m..p...
	0x0b, 0x11, 0x01, 0x4c, 0x44, 0x08, 0x34, 0xc3, 0x42, 0x18, 0x81, 0x33, 0x5c, 0xbe, 0xf3, 0xf8, // ...LD.4.B..3....
	0x83, 0x33, 0xdd, 0x7e, 0x71, 0xdb, 0x16, 0x30, 0x0d, 0x97, 0xef, 0x3c, 0xfe, 0xe2, 0x00, 0x83, // .3.~q..0...<....
	0xd8, 0x3c, 0xd4, 0xe4, 0x17, 0xb7, 0x6d, 0x05, 0xd5, 0x70, 0xf9, 0xce, 0xe3, 0x4b, 0x00, 0xf3, // .<....m..p...K..
	0x2c, 0x44, 0x49, 0x54, 0xc4, 0xe2, 0x17, 0xb7, 0x6d, 0x02, 0xd5, 0x70, 0xf9, 0xce, 0xe3, 0x4b, // ,DIT....m..p...K
	0x93, 0x13, 0x11, 0x28, 0x35, 0x3d, 0xd4, 0xe4, 0x17, 0xb7, 0x6d, 0x07, 0xd2, 0x70, 0xf9, 0xce, // ...(5=....m..p..
	0xe3, 0x4f, 0x44, 0x34, 0x21, 0x40, 0x84, 0xf9, 0xc5, 0x6d, 0xdb, 0xc0, 0x33, 0x5c, 0xbe, 0xf3, // .OD4!@...m..3...
	0xf8, 0x54, 0x03, 0x44, 0x98, 0x5f, 0xdc, 0xb6, 0x01, 0x10, 0x0c, 0x80, 0x34, 0x00, 0x00, 0x61, // .T.D._......4..a
	0x20, 0x00, 0x00, 0x9d, 0x01, 0x00, 0x00, 0x13, 0x04, 0x4e, 0x2c, 0x10, 0x00, 0x00, 0x00, 0x47, //  ........N,....G
	0x00, 0x00, 0x00, 0x84, 0x8d, 0x00, 0x50, 0x51, 0x02, 0x44, 0x14, 0x5f, 0xc9, 0x94, 0x5b, 0x39, // ......PQ.D._..[9
	0x94, 0x5c, 0xd9, 0x15, 0xc2, 0x0c, 0x40, 0xb9, 0x94, 0x4a, 0x71, 0xd1, 0x30, 0x46, 0x00, 0x82, // ......@..Jq.0F..
	0x20, 0x08, 0x82, 0xc1, 0x18, 0x01, 0x08, 0x82, 0x20, 0xfe, 0x0b, 0x63, 0x04, 0x20, 0x08, 0x82, //  ....... ..c. ..
	0x20, 0x28, 0xcc, 0x00, 0x8c, 0x11, 0x80, 0x20, 0x08, 0xc2, 0xdf, 0x18, 0x01, 0x08, 0x82, 0x20, //  (..... ....... 
	0xff, 0x8d, 0x11, 0x80, 0x20, 0x08, 0x8a, 0x60, 0x30, 0x46, 0x80, 0xd3, 0xae, 0xd9, 0x7e, 0x63, // .... ..`0F....~c
	0x04, 0x77, 0x58, 0xba, 0xeb, 0x37, 0x46, 0xc0, 0x93, 0x71, 0x3c, 0x7e, 0x63, 0x04, 0xed, 0x1d, // .wX..7F..q<~c...
	0xcf, 0xe5, 0x37, 0x46, 0x70, 0x87, 0xa5, 0x3b, 0x7f, 0x63, 0x04, 0xfd, 0x48, 0x9f, 0xb9, 0x37, // ..7Fp..;.c..H..7
	0x46, 0x10, 0xc6, 0x38, 0x9f, 0x7a, 0x63, 0x04, 0xef, 0x6d, 0xa2, 0xbf, 0x37, 0x46, 0x10, 0xe6, // F..8.zc..m..7F..
	0xb1, 0x79, 0x7f, 0x63, 0x04, 0x7a, 0xee, 0xde, 0xfd, 0x37, 0x46, 0xc0, 0xcf, 0x26, 0xbb, 0xfe, // .y.c.z...7F..&..
	0xc2, 0x18, 0x81, 0x9e, 0xba, 0x23, 0xfa, 0x0b, 0x63, 0x04, 0xb4, 0xaf, 0xd6, 0xf2, 0x2f, 0x8c, // .....#..c...../.
	0x11, 0xec, 0xa6, 0xde, 0xf3, 0xdf, 0x18, 0x41, 0x7c, 0xae, 0x22, 0xea, 0x8d, 0x11, 0xb4, 0x2c, // .......A|."....,
	0x18, 0xa6, 0xde, 0x18, 0x81, 0x1e, 0xb2, 0xbe, 0xec, 0x0b, 0x63, 0x04, 0x6b, 0xbb, 0x8a, 0xf7, // ..........c.k...
	0x37, 0x46, 0x70, 0xe3, 0xed, 0xd8, 0x72, 0x23, 0x00, 0x63, 0x04, 0x20, 0xc8, 0xee, 0x69, 0x18, // 7Fp...r#.c. ..i.
	0x8c, 0x11, 0x80, 0x20, 0x08, 0xe2, 0xdf, 0x18, 0x01, 0x08, 0x82, 0x6b, 0x0e, 0x06, 0x63, 0x04, // ... .......k..c.
	0x20, 0x08, 0xb2, 0xf5, 0x37, 0x46, 0x00, 0x82, 0x74, 0x9b, 0x83, 0xc1, 0x18, 0x01, 0x08, 0xa2, //  ...7F..t.......
	0xa6, 0xf8, 0x8d, 0x11, 0xb8, 0x7d, 0x2c, 0xda, 0xbe, 0x30, 0x46, 0xd0, 0xc7, 0xa2, 0x8b, 0x7f, // .....},..0F.....
	0x63, 0x04, 0xb5, 0x5a, 0xab, 0xed, 0x37, 0x46, 0x20, 0x8b, 0x6e, 0x4f, 0x83, 0xc1, 0x18, 0x01, // c..Z..7F .nO....
	0x0f, 0xaf, 0x3a, 0xdd, 0x8d, 0x11, 0xb4, 0xe6, 0x9c, 0x83, 0x60, 0x00, 0x00, 0x00, 0x00, 0x23, // ..:.......`....#
	0x06, 0x09, 0x00, 0x82, 0x60, 0x90, 0xa5, 0x82, 0x1b, 0xec, 0xc1, 0x29, 0x9c, 0x02, 0x1d, 0x8c, // ....`......)....
	0x18, 0x24, 0x00, 0x08, 0x82, 0x41, 0xa6, 0x0a, 0x6f, 0xe0, 0x07, 0xa8, 0x80, 0x0a, 0x75, 0x30, // .$...A..o.....u0
	0x62, 0x90, 0x00, 0x20, 0x08, 0x06, 0xd9, 0x2a, 0xc0, 0x01, 0x1f, 0xa4, 0x42, 0x2a, 0xd8, 0xc1, // b.. ...*....B*..
	0x88, 0x41, 0x02, 0x80, 0x20, 0x18, 0x18, 0xb3, 0xf0, 0x06, 0xa2, 0xa0, 0x0a, 0x7e, 0xe0, 0x06, // .A.. ........~..
	0x23, 0x06, 0x09, 0x00, 0x82, 0x60, 0x60, 0xd0, 0x02, 0x1c, 0x8c, 0xc2, 0x2a, 0xdc, 0xc1, 0x1b, // #....``.....*...
	0x8c, 0x18, 0x24, 0x00, 0x08, 0x82, 0x81, 0x51, 0x0b, 0x71, 0xd0, 0x0a, 0xac, 0x00, 0x0a, 0x70, // ..$....Q.q.....p
	0x30, 0x62, 0x90, 0x00, 0x20, 0x08, 0x06, 0x86, 0x2d, 0xc8, 0x81, 0x2b, 0xb4, 0x42, 0x1e, 0xc4, // 0b.. ...-..+.B..
	0xc1, 0x88, 0x41, 0x02, 0x80, 0x20, 0x18, 0x18, 0xb7, 0x30, 0x07, 0xaf, 0xe0, 0x0a, 0xa1, 0x20, // ..A.. ...0..... 
	0x07, 0x23, 0x06, 0x09, 0x00, 0x82, 0x60, 0x60, 0xe0, 0x02, 0x1d, 0xc0, 0xc2, 0x2b, 0x94, 0xc2, // .#....``.....+..
	0x1c, 0x98, 0x01, 0x07, 0xf2, 0x31, 0x23, 0x0e, 0xe4, 0x63, 0x42, 0x1c, 0xc0, 0xc7, 0x04, 0x39, // .....1#..cB....9
	0x80, 0x8f, 0xc9, 0x41, 0x10, 0x9f, 0x11, 0x83, 0x03, 0x00, 0x41, 0x30, 0xa0, 0x72, 0x61, 0x0f, // ...A......A0.ra.
	0x98, 0x56, 0x18, 0x4d, 0x08, 0x80, 0xd1, 0x04, 0x21, 0x18, 0x4d, 0x18, 0x84, 0x11, 0x83, 0x03, // .V.M....!.M.....
	0x00, 0x41, 0x30, 0xa0, 0x7a, 0xe1, 0x0f, 0xa0, 0x59, 0x18, 0x4d, 0x08, 0x80, 0xd1, 0x04, 0x21, // .A0.z...Y.M....!
	0x18, 0x4d, 0x18, 0x84, 0x11, 0x83, 0x03, 0x00, 0x41, 0x30, 0xa0, 0xc2, 0x61, 0x14, 0x28, 0x51, // .M......A0..a.(Q
	0x18, 0x4d, 0x08, 0x80, 0xd1, 0x04, 0x21, 0x18, 0x4d, 0x18, 0x04, 0x5b, 0x1e, 0xf9, 0x8c, 0x18, // .M....!.M..[....
	0x20, 0x00, 0x08, 0x82, 0x81, 0x55, 0x0e, 0xa3, 0x80, 0x38, 0x81, 0x15, 0x01, 0x74, 0xac, 0x91, //  ....U...8...t..
	0xe4, 0x33, 0x62, 0x80, 0x00, 0x20, 0x08, 0x06, 0x16, 0x3a, 0x98, 0x82, 0x12, 0x05, 0x16, 0x1c, // .3b.. ...:......
	0xd0, 0xb1, 0xa7, 0x92, 0xcf, 0x88, 0x01, 0x02, 0x80, 0x20, 0x18, 0x58, 0xeb, 0x90, 0x0a, 0x0c, // ......... .X....
	0x15, 0x58, 0x90, 0x40, 0x67, 0xc4, 0x60, 0x01, 0x40, 0x10, 0x0c, 0x18, 0x78, 0x98, 0x85, 0x83, // .X.@g.`.@...x...
	0x08, 0x0e, 0x22, 0x18, 0x31, 0x30, 0x00, 0x10, 0x04, 0x03, 0x45, 0x1e, 0x6a, 0x21, 0xb0, 0x20, // ..".10....E.j!. 
	0x91, 0x8f, 0x09, 0x87, 0x7c, 0x6c, 0x28, 0xe4, 0x33, 0x62, 0x70, 0x00, 0x20, 0x08, 0x06, 0xd4, // ....|l(.3bp. ...
	0x3c, 0xd4, 0x82, 0x19, 0xbc, 0xc3, 0x68, 0x42, 0x00, 0x8c, 0x18, 0x3c, 0x00, 0x08, 0x82, 0x41, // <.....hB...<...A
	0x64, 0x0f, 0xbc, 0xa0, 0x06, 0x69, 0x50, 0x10, 0x83, 0x2b, 0xd4, 0x42, 0x2d, 0xd4, 0x42, 0x30, // d....iP..+.B-.B0
	0x9a, 0x10, 0x00, 0xa3, 0x09, 0x42, 0x30, 0x9a, 0x30, 0x08, 0xa3, 0x09, 0xc4, 0x30, 0x9a, 0x70, // .....B0.0....0.p
	0x08, 0x23, 0x06, 0x06, 0x00, 0x82, 0x60, 0xa0, 0xf8, 0x43, 0x3d, 0x14, 0x23, 0x06, 0x06, 0x00, // .#....`..C=.#...
	0x82, 0x60, 0xa0, 0xfc, 0x83, 0x3d, 0x14, 0x23, 0x06, 0x06, 0x00, 0x82, 0x60, 0xa0, 0x80, 0xc4, // .`...=.#....`...
	0x3d, 0x14, 0x23, 0x06, 0x06, 0x00, 0x82, 0x60, 0xa0, 0x84, 0x44, 0x2f, 0x0c, 0x23, 0x06, 0x06, // =.#....`..D/.#..
	0x00, 0x82, 0x60, 0xa0, 0x88, 0x84, 0x2f, 0x0c, 0x23, 0x06, 0x06, 0x00, 0x82, 0x60, 0xa0, 0x8c, // ..`.../.#....`..
	0xc4, 0x2f, 0x0c, 0x36, 0xdc, 0x81, 0x7c, 0x6c, 0xc0, 0x03, 0xf9, 0xd8, 0x90, 0x07, 0xf2, 0x19, // ./.6..|l........
	0x31, 0x30, 0x00, 0x10, 0x04, 0x03, 0xe5, 0x24, 0xc4, 0x61, 0x18, 0x31, 0x30, 0x00, 0x10, 0x04, // 10.....$.a.10...
	0x03, 0x05, 0x25, 0xc6, 0x61, 0x18, 0x31, 0x30, 0x00, 0x10, 0x04, 0x03, 0x25, 0x25, 0xc8, 0x61, // ..%.a.10....%%.a
	0xb0, 0x68, 0x88, 0x8f, 0x45, 0x43, 0x7c, 0x2c, 0x1a, 0xe2, 0x63, 0x03, 0x24, 0x1f, 0x1b, 0x22, // .h..EC|,..c.$.."
	0xf9, 0xd8, 0x20, 0xc9, 0xc7, 0x86, 0x04, 0x3e, 0x36, 0x24, 0xf0, 0xb1, 0x21, 0x81, 0xcf, 0x68, // .. ....>6$..!..h
	0x42, 0x37, 0x8c, 0x18, 0x18, 0x00, 0x08, 0x82, 0x81, 0x42, 0x13, 0xef, 0x10, 0x58, 0x21, 0x0a, // B7.......B...X!.
	0xf2, 0xb1, 0x40, 0x90, 0x8f, 0x0d, 0xa3, 0x20, 0x1f, 0x0b, 0x0e, 0xf9, 0x58, 0x41, 0x0a, 0xf2, // ..@.... ....XA..
	0xb1, 0x00, 0x91, 0x8f, 0x7d, 0xa5, 0x20, 0x9f, 0x11, 0x83, 0x03, 0x00, 0x41, 0x30, 0xa0, 0x72, // ....}. .....A0.r
	0x62, 0x1f, 0x58, 0xc1, 0x26, 0x46, 0x13, 0x82, 0x60, 0x34, 0x41, 0x00, 0x86, 0x23, 0x02, 0x7a, // b.X.&F..`4A..#.z
	0x20, 0xbe, 0x59, 0x86, 0x40, 0x09, 0x46, 0x0c, 0x0c, 0x00, 0x04, 0xc1, 0x40, 0x01, 0x8b, 0x90, //  .Y.@.F.....@...
	0x50, 0x46, 0x0c, 0x0c, 0x00, 0x04, 0xc1, 0x40, 0x09, 0x0b, 0x91, 0x48, 0x46, 0x0c, 0x0c, 0x00, // PF.....@...HF...
	0x04, 0xc1, 0x40, 0x11, 0x8b, 0x91, 0x40, 0x86, 0x23, 0x86, 0x5b, 0x50, 0xbe, 0x59, 0x86, 0x41, // ..@...@.#.[P.Y.A
	0x08, 0x8c, 0xc8, 0x05, 0xf9, 0xcc, 0x12, 0x10, 0x23, 0x06, 0x06, 0x00, 0x82, 0x60, 0xa0, 0x94, // ........#....`..
	0x45, 0x48, 0x14, 0x16, 0xf0, 0x82, 0x7c, 0x46, 0x0c, 0x0c, 0x00, 0x04, 0xc1, 0x40, 0x39, 0x0b, // EH....|F.....@9.
	0x91, 0x08, 0x2c, 0xf8, 0x05, 0xf9, 0x58, 0x10, 0x0e, 0xf0, 0x99, 0x25, 0x20, 0x06, 0x2a, 0x06, // ..,...X....% .*.
	0x46, 0x10, 0x86, 0xe1, 0x08, 0xe5, 0x17, 0x94, 0x6f, 0x96, 0xc1, 0x28, 0x02, 0x5b, 0xc2, 0x41, // F.......o..(.[.A
	0x3e, 0xb3, 0x04, 0xc7, 0x88, 0x81, 0x01, 0x80, 0x20, 0x18, 0x28, 0x6d, 0x91, 0x12, 0x8c, 0x05, // >....... .(m....
	0xe4, 0x20, 0x9f, 0x11, 0x03, 0x03, 0x00, 0x41, 0x30, 0x50, 0xde, 0x42, 0x25, 0x02, 0x0b, 0xce, // . .....A0P.B%...
	0x41, 0x3e, 0x16, 0xa4, 0x03, 0x7c, 0x66, 0x09, 0x8e, 0x81, 0x8a, 0x81, 0x29, 0x04, 0x63, 0x38, // A>...|f.....).c8
	0x22, 0x3a, 0x07, 0xe5, 0x9b, 0x65, 0x48, 0x90, 0xc0, 0xa4, 0x74, 0x90, 0xcf, 0x2c, 0x41, 0x33, // ":...eH...t..,A3
	0x62, 0x60, 0x00, 0x20, 0x08, 0x06, 0x4a, 0x5d, 0xc4, 0xc4, 0x64, 0x01, 0x3b, 0xc8, 0x67, 0xc4, // b`. ..J]..d.;.g.
	0xc0, 0x00, 0x40, 0x10, 0x0c, 0x94, 0xbb, 0x90, 0x89, 0xc0, 0x82, 0x77, 0x90, 0x8f, 0x05, 0xf1, // ..@........w....
	0x00, 0x9f, 0x59, 0x82, 0x66, 0x38, 0x82, 0x73, 0x09, 0xe2, 0x9b, 0x65, 0x68, 0x96, 0x60, 0x38, // ..Y.f8.s...eh.`8
	0xa2, 0x73, 0x09, 0xe2, 0x9b, 0x65, 0x60, 0x9a, 0xc0, 0xcc, 0xc0, 0x25, 0xe4, 0x33, 0x62, 0x80, // .s...e`....%.3b.
	0x00, 0x20, 0x08, 0x06, 0x56, 0x5e, 0xdc, 0x84, 0x4b, 0x94, 0x41, 0x30, 0x62, 0x80, 0x00, 0x20, // . ..V^..K.A0b.. 
	0x08, 0x06, 0x96, 0x5e, 0xe0, 0x84, 0x4b, 0x90, 0x41, 0x60, 0x69, 0xe0, 0x12, 0xf2, 0x19, 0x31, // ...^..K.A`i....1
	0x40, 0x00, 0x10, 0x04, 0x03, 0x8b, 0x2f, 0x74, 0xc2, 0x25, 0xd0, 0x20, 0x18, 0x31, 0x40, 0x00, // @...../t.%. .1@.
	0x10, 0x04, 0x03, 0xab, 0x2f, 0x76, 0xc2, 0x25, 0xce, 0x20, 0x30, 0x36, 0x70, 0x09, 0xf9, 0x8c, // ..../v.%. 06p...
	0x18, 0x20, 0x00, 0x08, 0x82, 0x81, 0xf5, 0x17, 0x3d, 0xe1, 0x12, 0x6b, 0x10, 0x8c, 0x18, 0x20, // . ......=..k... 
	0x00, 0x08, 0x82, 0x81, 0x05, 0x1a, 0x3e, 0xe1, 0x12, 0x6a, 0x10, 0xd8, 0xe1, 0x12, 0xf2, 0x19, // ......>..j......
	0x31, 0x40, 0x00, 0x10, 0x04, 0x03, 0x4b, 0x34, 0xc0, 0xc2, 0x25, 0x8a, 0x60, 0xc4, 0x00, 0x01, // 1@....K4..%.`...
	0x40, 0x10, 0x0c, 0xac, 0xd1, 0x08, 0x0b, 0x97, 0x18, 0x02, 0x53, 0x5c, 0x42, 0x3e, 0x23, 0x06, // @.........S.B>#.
	0x08, 0x00, 0x82, 0x60, 0x60, 0x95, 0xc6, 0x58, 0xb8, 0x04, 0x12, 0x8c, 0x18, 0x20, 0x00, 0x08, // ...``..X..... ..
	0x82, 0x81, 0x65, 0x1a, 0x64, 0xe1, 0x12, 0x46, 0x60, 0x8d, 0x4b, 0xc8, 0x67, 0xc4, 0x00, 0x01, // ..e.d..F`.K.g...
	0x40, 0x10, 0x0c, 0x2c, 0xd4, 0x30, 0x0b, 0x97, 0x58, 0x82, 0x11, 0x03, 0x04, 0x00, 0x41, 0x30, // @..,.0..X.....A0
	0xb0, 0x52, 0xe3, 0x2c, 0x5c, 0x22, 0x09, 0x2c, 0x0e, 0x5c, 0x42, 0x3e, 0x86, 0x04, 0xf2, 0x31, // .R.,.".,..B>...1
	0x43, 0x90, 0x8f, 0x11, 0x83, 0x7c, 0x46, 0x0c, 0x0c, 0x00, 0x04, 0xc1, 0x40, 0x91, 0x0d, 0xb7, // C....|F.....@...
	0x18, 0x46, 0x0c, 0x0c, 0x00, 0x04, 0xc1, 0x40, 0x99, 0x8d, 0xb7, 0x18, 0x46, 0x0c, 0x0c, 0x00, // .F.....@....F...
	0x04, 0xc1, 0x40, 0xa1, 0x0d, 0xb8, 0x18, 0x6c, 0x70, 0x09, 0xf9, 0xd8, 0xf0, 0x12, 0xf2, 0xb1, // ..@....lp.......
	0x01, 0x26, 0xe4, 0x33, 0x62, 0x60, 0x00, 0x20, 0x08, 0x06, 0x0a, 0x6e, 0xcc, 0xc5, 0x30, 0x62, // .&.3b`. ...n..0b
	0x60, 0x00, 0x20, 0x08, 0x06, 0x4a, 0x6e, 0xd0, 0xc5, 0x30, 0x62, 0x60, 0x00, 0x20, 0x08, 0x06, // `. ..Jn..0b`. ..
	0x8a, 0x6e, 0xd4, 0xc5, 0x60, 0x43, 0x4d, 0xc8, 0xc7, 0x06, 0x9b, 0x90, 0x8f, 0x0d, 0x37, 0x21, // .n..`CM.......7!
	0x1f, 0x1b, 0x72, 0x02, 0x3e, 0x36, 0xe8, 0x04, 0x7c, 0x6c, 0xd8, 0x09, 0xf8, 0x58, 0xd2, 0x13, // ..r.>6..|l...X..
	0xf2, 0xb1, 0xc4, 0x27, 0xe4, 0x63, 0xc9, 0x4f, 0xc8, 0xc7, 0x86, 0xb0, 0x80, 0x8f, 0x0d, 0x62, // ...'.c.O.......b
	0x01, 0x1f, 0x1b, 0xc6, 0x02, 0x3e, 0x96, 0x0c, 0xf4, 0xb1, 0x64, 0xa0, 0x8f, 0x25, 0x03, 0x7d, // .....>....d..%.}
	0x46, 0x0c, 0x0c, 0x00, 0x04, 0xc1, 0x40, 0x51, 0x0f, 0xd3, 0x18, 0x46, 0x0c, 0x0c, 0x00, 0x04, // F.....@Q...F....
	0xc1, 0x40, 0x59, 0x8f, 0xd3, 0x18, 0x46, 0x0c, 0x0c, 0x00, 0x04, 0xc1, 0x40, 0x61, 0x0f, 0xd4, // .@Y...F.....@a..
	0x18, 0x6c, 0x58, 0x0b, 0xf9, 0xd8, 0xc0, 0x16, 0xf2, 0xb1, 0xa1, 0x2d, 0xe4, 0x33, 0x62, 0x60, // .lX........-.3b`
	0x00, 0x20, 0x08, 0x06, 0x0a, 0x7c, 0xac, 0xc6, 0x30, 0x62, 0x60, 0x00, 0x20, 0x08, 0x06, 0x4a, // . ...|..0b`. ..J
	0x7c, 0xb0, 0xc6, 0x30, 0x62, 0x60, 0x00, 0x20, 0x08, 0x06, 0x8a, 0x7c, 0xb4, 0xc6, 0x30, 0x4b, // |..0b`. ...|..0K
	0xd0, 0x0c, 0xb4, 0x0c, 0x06, 0x43, 0x2e, 0x8b, 0x4c, 0x24, 0x32, 0x81, 0xe8, 0x85, 0x32, 0xd0, // .....C..L$2...2.
	0x32, 0x18, 0x8c, 0xb9, 0x2c, 0x24, 0x91, 0x90, 0x04, 0x82, 0x17, 0xca, 0x40, 0xcb, 0x60, 0x30, // 2...,$......@.`0
	0xe8, 0xb2, 0xe0, 0x43, 0x22, 0x12, 0x88, 0x5d, 0x28, 0x23, 0x06, 0x09, 0x00, 0x82, 0x60, 0x80, // ...C"..](#....`.
	0xdc, 0x07, 0x7b, 0xbc, 0xc7, 0x7b, 0x8c, 0xc7, 0x30, 0x62, 0x90, 0x00, 0x20, 0x08, 0x06, 0xc8, // ..{..{..0b.. ...
	0x7d, 0xb0, 0xc7, 0x7b, 0xbc, 0xc7, 0x6e, 0x08, 0x23, 0x06, 0x09, 0x00, 0x82, 0x60, 0x80, 0xdc, // }..{..n.#....`..
	0x07, 0x7b, 0xbc, 0xc7, 0x7b, 0x88, 0x47, 0x30, 0x62, 0x90, 0x00, 0x20, 0x08, 0x06, 0xc8, 0x7d, // .{..{.G0b.. ...}
	0xb0, 0xc7, 0x7b, 0xbc, 0x47, 0x79, 0xec, 0x02, 0x02, 0x00, 0x00, 0x00, 0x00, 0x00, 0x00, 0x00, // ..{.Gy..........
	0x00, 0x60, 0x00,                                                                               // .`.
};
static const uint8_t fs_texture_cube_mtl[4191] =
{
	0x46, 0x53, 0x48, 0x0c, 0x01, 0x83, 0xf2, 0xe1, 0x00, 0x00, 0x00, 0x00, 0x00, 0x00, 0x00, 0x00, // FSH.............
	0x00, 0x00, 0x00, 0x00, 0x06, 0x00, 0x09, 0x75, 0x5f, 0x70, 0x61, 0x72, 0x61, 0x6d, 0x73, 0x30, // .......u_params0
	0x12, 0x01, 0x00, 0x00, 0x01, 0x00, 0x00, 0x00, 0x00, 0x00, 0x11, 0x73, 0x5f, 0x74, 0x65, 0x78, // ...........s_tex
	0x43, 0x6f, 0x6c, 0x6f, 0x72, 0x53, 0x61, 0x6d, 0x70, 0x6c, 0x65, 0x72, 0x11, 0x01, 0xff, 0xff, // ColorSampler....
	0x01, 0x00, 0x00, 0x00, 0x00, 0x00, 0x11, 0x73, 0x5f, 0x74, 0x65, 0x78, 0x43, 0x6f, 0x6c, 0x6f, // .......s_texColo
	0x72, 0x54, 0x65, 0x78, 0x74, 0x75, 0x72, 0x65, 0x11, 0x01, 0xff, 0xff, 0x01, 0x00, 0x00, 0x00, // rTexture........
	0x00, 0x00, 0x05, 0x75, 0x5f, 0x6d, 0x74, 0x78, 0x14, 0x01, 0x20, 0x00, 0x04, 0x00, 0x00, 0x00, // ...u_mtx.. .....
	0x00, 0x00, 0x09, 0x75, 0x5f, 0x70, 0x61, 0x72, 0x61, 0x6d, 0x73, 0x31, 0x12, 0x01, 0x10, 0x00, // ...u_params1....
	0x01, 0x00, 0x00, 0x00, 0x00, 0x00, 0x0a, 0x73, 0x5f, 0x74, 0x65, 0x78, 0x43, 0x6f, 0x6c, 0x6f, // .......s_texColo
	0x72, 0x10, 0x00, 0x00, 0x00, 0x00, 0x00, 0x00, 0x04, 0x00, 0x00, 0xbc, 0x0f, 0x00, 0x00, 0x23, // r..............#
	0x69, 0x6e, 0x63, 0x6c, 0x75, 0x64, 0x65, 0x20, 0x3c, 0x6d, 0x65, 0x74, 0x61, 0x6c, 0x5f, 0x73, // include <metal_s
	0x74, 0x64, 0x6c, 0x69, 0x62, 0x3e, 0x0a, 0x23, 0x69, 0x6e, 0x63, 0x6c, 0x75, 0x64, 0x65, 0x20, // tdlib>.#include 
	0x3c, 0x73, 0x69, 0x6d, 0x64, 0x2f, 0x73, 0x69, 0x6d, 0x64, 0x2e, 0x68, 0x3e, 0x0a, 0x0a, 0x75, // <simd/simd.h>..u
	0x73, 0x69, 0x6e, 0x67, 0x20, 0x6e, 0x61, 0x6d, 0x65, 0x73, 0x70, 0x61, 0x63, 0x65, 0x20, 0x6d, // sing namespace m
	0x65, 0x74, 0x61, 0x6c, 0x3b, 0x0a, 0x0a, 0x73, 0x74, 0x72, 0x75, 0x63, 0x74, 0x20, 0x5f, 0x47, // etal;..struct _G
	0x6c, 0x6f, 0x62, 0x61, 0x6c, 0x0a, 0x7b, 0x0a, 0x20, 0x20, 0x20, 0x20, 0x66, 0x6c, 0x6f, 0x61, // lobal.{.    floa
	0x74, 0x34, 0x20, 0x75, 0x5f, 0x70, 0x61, 0x72, 0x61, 0x6d, 0x73, 0x30, 0x3b, 0x0a, 0x20, 0x20, // t4 u_params0;.  
	0x20, 0x20, 0x66, 0x6c, 0x6f, 0x61, 0x74, 0x34, 0x20, 0x75, 0x5f, 0x70, 0x61, 0x72, 0x61, 0x6d, //   float4 u_param
	0x73, 0x31, 0x3b, 0x0a, 0x20, 0x20, 0x20, 0x20, 0x66, 0x6c, 0x6f, 0x61, 0x74, 0x34, 0x78, 0x34, // s1;.    float4x4
	0x20, 0x75, 0x5f, 0x6d, 0x74, 0x78, 0x3b, 0x0a, 0x7d, 0x3b, 0x0a, 0x0a, 0x73, 0x74, 0x72, 0x75, //  u_mtx;.};..stru
	0x63, 0x74, 0x20, 0x78, 0x6c, 0x61, 0x74, 0x4d, 0x74, 0x6c, 0x4d, 0x61, 0x69, 0x6e, 0x5f, 0x6f, // ct xlatMtlMain_o
	0x75, 0x74, 0x0a, 0x7b, 0x0a, 0x20, 0x20, 0x20, 0x20, 0x66, 0x6c, 0x6f, 0x61, 0x74, 0x34, 0x20, // ut.{.    float4 
	0x62, 0x67, 0x66, 0x78, 0x5f, 0x46, 0x72, 0x61, 0x67, 0x44, 0x61, 0x74, 0x61, 0x30, 0x20, 0x5b, // bgfx_FragData0 [
	0x5b, 0x63, 0x6f, 0x6c, 0x6f, 0x72, 0x28, 0x30, 0x29, 0x5d, 0x5d, 0x3b, 0x0a, 0x7d, 0x3b, 0x0a, // [color(0)]];.};.
	0x0a, 0x73, 0x74, 0x72, 0x75, 0x63, 0x74, 0x20, 0x78, 0x6c, 0x61, 0x74, 0x4d, 0x74, 0x6c, 0x4d, // .struct xlatMtlM
	0x61, 0x69, 0x6e, 0x5f, 0x69, 0x6e, 0x0a, 0x7b, 0x0a, 0x20, 0x20, 0x20, 0x20, 0x66, 0x6c, 0x6f, // ain_in.{.    flo
	0x61, 0x74, 0x34, 0x20, 0x76, 0x5f, 0x63, 0x6f, 0x6c, 0x6f, 0x72, 0x30, 0x20, 0x5b, 0x5b, 0x75, // at4 v_color0 [[u
	0x73, 0x65, 0x72, 0x28, 0x6c, 0x6f, 0x63, 0x6e, 0x30, 0x29, 0x5d, 0x5d, 0x3b, 0x0a, 0x20, 0x20, // ser(locn0)]];.  
	0x20, 0x20, 0x66, 0x6c, 0x6f, 0x61, 0x74, 0x33, 0x20, 0x76, 0x5f, 0x74, 0x65, 0x78, 0x63, 0x6f, //   float3 v_texco
	0x6f, 0x72, 0x64, 0x30, 0x20, 0x5b, 0x5b, 0x75, 0x73, 0x65, 0x72, 0x28, 0x6c, 0x6f, 0x63, 0x6e, // ord0 [[user(locn
	0x31, 0x29, 0x5d, 0x5d, 0x3b, 0x0a, 0x7d, 0x3b, 0x0a, 0x0a, 0x66, 0x72, 0x61, 0x67, 0x6d, 0x65, // 1)]];.};..fragme
	0x6e, 0x74, 0x20, 0x78, 0x6c, 0x61, 0x74, 0x4d, 0x74, 0x6c, 0x4d, 0x61, 0x69, 0x6e, 0x5f, 0x6f, // nt xlatMtlMain_o
	0x75, 0x74, 0x20, 0x78, 0x6c, 0x61, 0x74, 0x4d, 0x74, 0x6c, 0x4d, 0x61, 0x69, 0x6e, 0x28, 0x78, // ut xlatMtlMain(x
	0x6c, 0x61, 0x74, 0x4d, 0x74, 0x6c, 0x4d, 0x61, 0x69, 0x6e, 0x5f, 0x69, 0x6e, 0x20, 0x69, 0x6e, // latMtlMain_in in
	0x20, 0x5b, 0x5b, 0x73, 0x74, 0x61, 0x67, 0x65, 0x5f, 0x69, 0x6e, 0x5d, 0x5d, 0x2c, 0x20, 0x63, //  [[stage_in]], c
	0x6f, 0x6e, 0x73, 0x74, 0x61, 0x6e, 0x74, 0x20, 0x5f, 0x47, 0x6c, 0x6f, 0x62, 0x61, 0x6c, 0x26, // onstant _Global&
	0x20, 0x5f, 0x6d, 0x74, 0x6c, 0x5f, 0x75, 0x20, 0x5b, 0x5b, 0x62, 0x75, 0x66, 0x66, 0x65, 0x72, //  _mtl_u [[buffer
	0x28, 0x30, 0x29, 0x5d, 0x5d, 0x2c, 0x20, 0x74, 0x65, 0x78, 0x74, 0x75, 0x72, 0x65, 0x63, 0x75, // (0)]], texturecu
	0x62, 0x65, 0x3c, 0x66, 0x6c, 0x6f, 0x61, 0x74, 0x3e, 0x20, 0x73, 0x5f, 0x74, 0x65, 0x78, 0x43, // be<float> s_texC
	0x6f, 0x6c, 0x6f, 0x72, 0x20, 0x5b, 0x5b, 0x74, 0x65, 0x78, 0x74, 0x75, 0x72, 0x65, 0x28, 0x30, // olor [[texture(0
	0x29, 0x5d, 0x5d, 0x2c, 0x20, 0x73, 0x61, 0x6d, 0x70, 0x6c, 0x65, 0x72, 0x20, 0x73, 0x5f, 0x74, // )]], sampler s_t
	0x65, 0x78, 0x43, 0x6f, 0x6c, 0x6f, 0x72, 0x53, 0x61, 0x6d, 0x70, 0x6c, 0x65, 0x72, 0x20, 0x5b, // exColorSampler [
	0x5b, 0x73, 0x61, 0x6d, 0x70, 0x6c, 0x65, 0x72, 0x28, 0x30, 0x29, 0x5d, 0x5d, 0x29, 0x0a, 0x7b, // [sampler(0)]]).{
	0x0a, 0x20, 0x20, 0x20, 0x20, 0x78, 0x6c, 0x61, 0x74, 0x4d, 0x74, 0x6c, 0x4d, 0x61, 0x69, 0x6e, // .    xlatMtlMain
	0x5f, 0x6f, 0x75, 0x74, 0x20, 0x6f, 0x75, 0x74, 0x20, 0x3d, 0x20, 0x7b, 0x7d, 0x3b, 0x0a, 0x20, // _out out = {};. 
	0x20, 0x20, 0x20, 0x66, 0x6c, 0x6f, 0x61, 0x74, 0x34, 0x20, 0x5f, 0x34, 0x39, 0x34, 0x20, 0x3d, //    float4 _494 =
	0x20, 0x73, 0x5f, 0x74, 0x65, 0x78, 0x43, 0x6f, 0x6c, 0x6f, 0x72, 0x2e, 0x73, 0x61, 0x6d, 0x70, //  s_texColor.samp
	0x6c, 0x65, 0x28, 0x73, 0x5f, 0x74, 0x65, 0x78, 0x43, 0x6f, 0x6c, 0x6f, 0x72, 0x53, 0x61, 0x6d, // le(s_texColorSam
	0x70, 0x6c, 0x65, 0x72, 0x2c, 0x20, 0x66, 0x61, 0x73, 0x74, 0x3a, 0x3a, 0x6e, 0x6f, 0x72, 0x6d, // pler, fast::norm
	0x61, 0x6c, 0x69, 0x7a, 0x65, 0x28, 0x28, 0x5f, 0x6d, 0x74, 0x6c, 0x5f, 0x75, 0x2e, 0x75, 0x5f, // alize((_mtl_u.u_
	0x6d, 0x74, 0x78, 0x20, 0x2a, 0x20, 0x66, 0x6c, 0x6f, 0x61, 0x74, 0x34, 0x28, 0x28, 0x28, 0x69, // mtx * float4(((i
	0x6e, 0x2e, 0x76, 0x5f, 0x74, 0x65, 0x78, 0x63, 0x6f, 0x6f, 0x72, 0x64, 0x30, 0x2e, 0x78, 0x79, // n.v_texcoord0.xy
	0x20, 0x2a, 0x20, 0x32, 0x2e, 0x30, 0x29, 0x20, 0x2d, 0x20, 0x66, 0x6c, 0x6f, 0x61, 0x74, 0x32, //  * 2.0) - float2
	0x28, 0x31, 0x2e, 0x30, 0x29, 0x29, 0x20, 0x2a, 0x20, 0x66, 0x6c, 0x6f, 0x61, 0x74, 0x32, 0x28, // (1.0)) * float2(
	0x31, 0x2e, 0x30, 0x2c, 0x20, 0x2d, 0x31, 0x2e, 0x30, 0x29, 0x2c, 0x20, 0x31, 0x2e, 0x30, 0x2c, // 1.0, -1.0), 1.0,
	0x20, 0x30, 0x2e, 0x30, 0x29, 0x29, 0x2e, 0x78, 0x79, 0x7a, 0x29, 0x2c, 0x20, 0x6c, 0x65, 0x76, //  0.0)).xyz), lev
	0x65, 0x6c, 0x28, 0x5f, 0x6d, 0x74, 0x6c, 0x5f, 0x75, 0x2e, 0x75, 0x5f, 0x70, 0x61, 0x72, 0x61, // el(_mtl_u.u_para
	0x6d, 0x73, 0x30, 0x2e, 0x78, 0x29, 0x29, 0x3b, 0x0a, 0x20, 0x20, 0x20, 0x20, 0x66, 0x6c, 0x6f, // ms0.x));.    flo
	0x61, 0x74, 0x33, 0x20, 0x5f, 0x34, 0x36, 0x34, 0x20, 0x3d, 0x20, 0x5f, 0x34, 0x39, 0x34, 0x2e, // at3 _464 = _494.
	0x78, 0x79, 0x7a, 0x3b, 0x0a, 0x20, 0x20, 0x20, 0x20, 0x66, 0x6c, 0x6f, 0x61, 0x74, 0x33, 0x20, // xyz;.    float3 
	0x5f, 0x35, 0x31, 0x33, 0x20, 0x3d, 0x20, 0x6d, 0x69, 0x78, 0x28, 0x70, 0x6f, 0x77, 0x72, 0x28, // _513 = mix(powr(
	0x61, 0x62, 0x73, 0x28, 0x5f, 0x34, 0x36, 0x34, 0x29, 0x2c, 0x20, 0x66, 0x6c, 0x6f, 0x61, 0x74, // abs(_464), float
	0x33, 0x28, 0x32, 0x2e, 0x32, 0x30, 0x30, 0x30, 0x30, 0x30, 0x30, 0x34, 0x37, 0x36, 0x38, 0x33, // 3(2.200000047683
	0x37, 0x31, 0x35, 0x38, 0x32, 0x30, 0x33, 0x31, 0x32, 0x35, 0x29, 0x29, 0x2c, 0x20, 0x5f, 0x34, // 7158203125)), _4
	0x36, 0x34, 0x2c, 0x20, 0x66, 0x6c, 0x6f, 0x61, 0x74, 0x33, 0x28, 0x5f, 0x6d, 0x74, 0x6c, 0x5f, // 64, float3(_mtl_
	0x75, 0x2e, 0x75, 0x5f, 0x70, 0x61, 0x72, 0x61, 0x6d, 0x73, 0x30, 0x2e, 0x7a, 0x29, 0x29, 0x20, // u.u_params0.z)) 
	0x2a, 0x20, 0x70, 0x6f, 0x77, 0x72, 0x28, 0x32, 0x2e, 0x30, 0x2c, 0x20, 0x5f, 0x6d, 0x74, 0x6c, // * powr(2.0, _mtl
	0x5f, 0x75, 0x2e, 0x75, 0x5f, 0x70, 0x61, 0x72, 0x61, 0x6d, 0x73, 0x30, 0x2e, 0x77, 0x29, 0x3b, // _u.u_params0.w);
	0x0a, 0x20, 0x20, 0x20, 0x20, 0x66, 0x6c, 0x6f, 0x61, 0x74, 0x34, 0x20, 0x5f, 0x37, 0x31, 0x36, // .    float4 _716
	0x20, 0x3d, 0x20, 0x5f, 0x34, 0x39, 0x34, 0x3b, 0x0a, 0x20, 0x20, 0x20, 0x20, 0x5f, 0x37, 0x31, //  = _494;.    _71
	0x36, 0x2e, 0x78, 0x20, 0x3d, 0x20, 0x5f, 0x35, 0x31, 0x33, 0x2e, 0x78, 0x3b, 0x0a, 0x20, 0x20, // 6.x = _513.x;.  
	0x20, 0x20, 0x5f, 0x37, 0x31, 0x36, 0x2e, 0x79, 0x20, 0x3d, 0x20, 0x5f, 0x35, 0x31, 0x33, 0x2e, //   _716.y = _513.
	0x79, 0x3b, 0x0a, 0x20, 0x20, 0x20, 0x20, 0x5f, 0x37, 0x31, 0x36, 0x2e, 0x7a, 0x20, 0x3d, 0x20, // y;.    _716.z = 
	0x5f, 0x35, 0x31, 0x33, 0x2e, 0x7a, 0x3b, 0x0a, 0x20, 0x20, 0x20, 0x20, 0x66, 0x6c, 0x6f, 0x61, // _513.z;.    floa
	0x74, 0x34, 0x20, 0x5f, 0x34, 0x37, 0x34, 0x20, 0x3d, 0x20, 0x5f, 0x37, 0x31, 0x36, 0x20, 0x2a, // t4 _474 = _716 *
	0x20, 0x69, 0x6e, 0x2e, 0x76, 0x5f, 0x63, 0x6f, 0x6c, 0x6f, 0x72, 0x30, 0x3b, 0x0a, 0x20, 0x20, //  in.v_color0;.  
	0x20, 0x20, 0x66, 0x6c, 0x6f, 0x61, 0x74, 0x33, 0x20, 0x5f, 0x37, 0x34, 0x35, 0x3b, 0x0a, 0x20, //   float3 _745;. 
	0x20, 0x20, 0x20, 0x69, 0x66, 0x20, 0x28, 0x5f, 0x6d, 0x74, 0x6c, 0x5f, 0x75, 0x2e, 0x75, 0x5f, //    if (_mtl_u.u_
	0x70, 0x61, 0x72, 0x61, 0x6d, 0x73, 0x31, 0x2e, 0x78, 0x20, 0x3c, 0x20, 0x30, 0x2e, 0x35, 0x29, // params1.x < 0.5)
	0x0a, 0x20, 0x20, 0x20, 0x20, 0x7b, 0x0a, 0x20, 0x20, 0x20, 0x20, 0x20, 0x20, 0x20, 0x20, 0x66, // .    {.        f
	0x6c, 0x6f, 0x61, 0x74, 0x33, 0x20, 0x5f, 0x35, 0x34, 0x38, 0x20, 0x3d, 0x20, 0x66, 0x61, 0x73, // loat3 _548 = fas
	0x74, 0x3a, 0x3a, 0x63, 0x6c, 0x61, 0x6d, 0x70, 0x28, 0x5f, 0x34, 0x37, 0x34, 0x2e, 0x78, 0x79, // t::clamp(_474.xy
	0x7a, 0x2c, 0x20, 0x66, 0x6c, 0x6f, 0x61, 0x74, 0x33, 0x28, 0x30, 0x2e, 0x30, 0x29, 0x2c, 0x20, // z, float3(0.0), 
	0x66, 0x6c, 0x6f, 0x61, 0x74, 0x33, 0x28, 0x31, 0x2e, 0x30, 0x29, 0x29, 0x3b, 0x0a, 0x20, 0x20, // float3(1.0));.  
	0x20, 0x20, 0x20, 0x20, 0x20, 0x20, 0x66, 0x6c, 0x6f, 0x61, 0x74, 0x20, 0x5f, 0x35, 0x38, 0x39, //       float _589
	0x20, 0x3d, 0x20, 0x5f, 0x35, 0x34, 0x38, 0x2e, 0x78, 0x3b, 0x0a, 0x20, 0x20, 0x20, 0x20, 0x20, //  = _548.x;.     
	0x20, 0x20, 0x20, 0x66, 0x6c, 0x6f, 0x61, 0x74, 0x20, 0x5f, 0x37, 0x33, 0x39, 0x3b, 0x0a, 0x20, //    float _739;. 
	0x20, 0x20, 0x20, 0x20, 0x20, 0x20, 0x20, 0x64, 0x6f, 0x0a, 0x20, 0x20, 0x20, 0x20, 0x20, 0x20, //        do.      
	0x20, 0x20, 0x7b, 0x0a, 0x20, 0x20, 0x20, 0x20, 0x20, 0x20, 0x20, 0x20, 0x20, 0x20, 0x20, 0x20, //   {.            
	0x69, 0x66, 0x20, 0x28, 0x5f, 0x35, 0x38, 0x39, 0x20, 0x3c, 0x3d, 0x20, 0x30, 0x2e, 0x30, 0x30, // if (_589 <= 0.00
	0x33, 0x31, 0x33, 0x30, 0x38, 0x30, 0x30, 0x30, 0x39, 0x30, 0x37, 0x33, 0x30, 0x31, 0x39, 0x30, // 3130800090730190
	0x32, 0x37, 0x37, 0x30, 0x39, 0x39, 0x36, 0x30, 0x39, 0x33, 0x37, 0x35, 0x29, 0x0a, 0x20, 0x20, // 277099609375).  
	0x20, 0x20, 0x20, 0x20, 0x20, 0x20, 0x20, 0x20, 0x20, 0x20, 0x7b, 0x0a, 0x20, 0x20, 0x20, 0x20, //           {.    
	0x20, 0x20, 0x20, 0x20, 0x20, 0x20, 0x20, 0x20, 0x20, 0x20, 0x20, 0x20, 0x5f, 0x37, 0x33, 0x39, //             _739
	0x20, 0x3d, 0x20, 0x31, 0x32, 0x2e, 0x39, 0x32, 0x30, 0x30, 0x30, 0x30, 0x30, 0x37, 0x36, 0x32, //  = 12.9200000762
	0x39, 0x33, 0x39, 0x34, 0x35, 0x33, 0x31, 0x32, 0x35, 0x20, 0x2a, 0x20, 0x5f, 0x35, 0x38, 0x39, // 939453125 * _589
	0x3b, 0x0a, 0x20, 0x20, 0x20, 0x20, 0x20, 0x20, 0x20, 0x20, 0x20, 0x20, 0x20, 0x20, 0x20, 0x20, // ;.              
	0x20, 0x20, 0x62, 0x72, 0x65, 0x61, 0x6b, 0x3b, 0x0a, 0x20, 0x20, 0x20, 0x20, 0x20, 0x20, 0x20, //   break;.       
	0x20, 0x20, 0x20, 0x20, 0x20, 0x7d, 0x0a, 0x20, 0x20, 0x20, 0x20, 0x20, 0x20, 0x20, 0x20, 0x20, //      }.         
	0x20, 0x20, 0x20, 0x65, 0x6c, 0x73, 0x65, 0x0a, 0x20, 0x20, 0x20, 0x20, 0x20, 0x20, 0x20, 0x20, //    else.        
	0x20, 0x20, 0x20, 0x20, 0x7b, 0x0a, 0x20, 0x20, 0x20, 0x20, 0x20, 0x20, 0x20, 0x20, 0x20, 0x20, //     {.          
	0x20, 0x20, 0x20, 0x20, 0x20, 0x20, 0x5f, 0x37, 0x33, 0x39, 0x20, 0x3d, 0x20, 0x28, 0x31, 0x2e, //       _739 = (1.
	0x30, 0x35, 0x34, 0x39, 0x39, 0x39, 0x39, 0x34, 0x37, 0x35, 0x34, 0x37, 0x39, 0x31, 0x32, 0x35, // 0549999475479125
	0x39, 0x37, 0x36, 0x35, 0x36, 0x32, 0x35, 0x20, 0x2a, 0x20, 0x70, 0x6f, 0x77, 0x72, 0x28, 0x5f, // 9765625 * powr(_
	0x35, 0x38, 0x39, 0x2c, 0x20, 0x30, 0x2e, 0x34, 0x31, 0x36, 0x36, 0x36, 0x36, 0x36, 0x35, 0x36, // 589, 0.416666656
	0x37, 0x33, 0x32, 0x35, 0x35, 0x39, 0x32, 0x30, 0x34, 0x31, 0x30, 0x31, 0x35, 0x36, 0x32, 0x35, // 7325592041015625
	0x29, 0x29, 0x20, 0x2d, 0x20, 0x30, 0x2e, 0x30, 0x35, 0x34, 0x39, 0x39, 0x39, 0x39, 0x39, 0x39, // )) - 0.054999999
	0x37, 0x30, 0x31, 0x39, 0x37, 0x36, 0x37, 0x37, 0x36, 0x31, 0x32, 0x33, 0x30, 0x34, 0x36, 0x38, // 7019767761230468
	0x37, 0x35, 0x3b, 0x0a, 0x20, 0x20, 0x20, 0x20, 0x20, 0x20, 0x20, 0x20, 0x20, 0x20, 0x20, 0x20, // 75;.            
	0x20, 0x20, 0x20, 0x20, 0x62, 0x72, 0x65, 0x61, 0x6b, 0x3b, 0x0a, 0x20, 0x20, 0x20, 0x20, 0x20, //     break;.     
	0x20, 0x20, 0x20, 0x20, 0x20, 0x20, 0x20, 0x7d, 0x0a, 0x20, 0x20, 0x20, 0x20, 0x20, 0x20, 0x20, //        }.       
	0x20, 0x20, 0x20, 0x20, 0x20, 0x62, 0x72, 0x65, 0x61, 0x6b, 0x3b, 0x20, 0x2f, 0x2f, 0x20, 0x75, //      break; // u
	0x6e, 0x72, 0x65, 0x61, 0x63, 0x68, 0x61, 0x62, 0x6c, 0x65, 0x20, 0x77, 0x6f, 0x72, 0x6b, 0x61, // nreachable worka
	0x72, 0x6f, 0x75, 0x6e, 0x64, 0x0a, 0x20, 0x20, 0x20, 0x20, 0x20, 0x20, 0x20, 0x20, 0x7d, 0x20, // round.        } 
	0x77, 0x68, 0x69, 0x6c, 0x65, 0x28, 0x66, 0x61, 0x6c, 0x73, 0x65, 0x29, 0x3b, 0x0a, 0x20, 0x20, // while(false);.  
	0x20, 0x20, 0x20, 0x20, 0x20, 0x20, 0x66, 0x6c, 0x6f, 0x61, 0x74, 0x20, 0x5f, 0x35, 0x39, 0x33, //       float _593
	0x20, 0x3d, 0x20, 0x5f, 0x35, 0x34, 0x38, 0x2e, 0x79, 0x3b, 0x0a, 0x20, 0x20, 0x20, 0x20, 0x20, //  = _548.y;.     
	0x20, 0x20, 0x20, 0x66, 0x6c, 0x6f, 0x61, 0x74, 0x20, 0x5f, 0x37, 0x34, 0x31, 0x3b, 0x0a, 0x20, //    float _741;. 
	0x20, 0x20, 0x20, 0x20, 0x20, 0x20, 0x20, 0x64, 0x6f, 0x0a, 0x20, 0x20, 0x20, 0x20, 0x20, 0x20, //        do.      
	0x20, 0x20, 0x7b, 0x0a, 0x20, 0x20, 0x20, 0x20, 0x20, 0x20, 0x20, 0x20, 0x20, 0x20, 0x20, 0x20, //   {.            
	0x69, 0x66, 0x20, 0x28, 0x5f, 0x35, 0x39, 0x33, 0x20, 0x3c, 0x3d, 0x20, 0x30, 0x2e, 0x30, 0x30, // if (_593 <= 0.00
	0x33, 0x31, 0x33, 0x30, 0x38, 0x30, 0x30, 0x30, 0x39, 0x30, 0x37, 0x33, 0x30, 0x31, 0x39, 0x30, // 3130800090730190
	0x32, 0x37, 0x37, 0x30, 0x39, 0x39, 0x36, 0x30, 0x39, 0x33, 0x37, 0x35, 0x29, 0x0a, 0x20, 0x20, // 277099609375).  
	0x20, 0x20, 0x20, 0x20, 0x20, 0x20, 0x20, 0x20, 0x20, 0x20, 0x7b, 0x0a, 0x20, 0x20, 0x20, 0x20, //           {.    
	0x20, 0x20, 0x20, 0x20, 0x20, 0x20, 0x20, 0x20, 0x20, 0x20, 0x20, 0x20, 0x5f, 0x37, 0x34, 0x31, //             _741
	0x20, 0x3d, 0x20, 0x31, 0x32, 0x2e, 0x39, 0x32, 0x30, 0x30, 0x30, 0x30, 0x30, 0x37, 0x36, 0x32, //  = 12.9200000762
	0x39, 0x33, 0x39, 0x34, 0x35, 0x33, 0x31, 0x32, 0x35, 0x20, 0x2a, 0x20, 0x5f, 0x35, 0x39, 0x33, // 939453125 * _593
	0x3b, 0x0a, 0x20, 0x20, 0x20, 0x20, 0x20, 0x20, 0x20, 0x20, 0x20, 0x20, 0x20, 0x20, 0x20, 0x20, // ;.              
	0x20, 0x20, 0x62, 0x72, 0x65, 0x61, 0x6b, 0x3b, 0x0a, 0x20, 0x20, 0x20, 0x20, 0x20, 0x20, 0x20, //   break;.       
	0x20, 0x20, 0x20, 0x20, 0x20, 0x7d, 0x0a, 0x20, 0x20, 0x20, 0x20, 0x20, 0x20, 0x20, 0x20, 0x20, //      }.         
	0x20, 0x20, 0x20, 0x65, 0x6c, 0x73, 0x65, 0x0a, 0x20, 0x20, 0x20, 0x20, 0x20, 0x20, 0x20, 0x20, //    else.        
	0x20, 0x20, 0x20, 0x20, 0x7b, 0x0a, 0x20, 0x20, 0x20, 0x20, 0x20, 0x20, 0x20, 0x20, 0x20, 0x20, //     {.          
	0x20, 0x20, 0x20, 0x20, 0x20, 0x20, 0x5f, 0x37, 0x34, 0x31, 0x20, 0x3d, 0x20, 0x28, 0x31, 0x2e, //       _741 = (1.
	0x30, 0x35, 0x34, 0x39, 0x39, 0x39, 0x39, 0x34, 0x37, 0x35, 0x34, 0x37, 0x39, 0x31, 0x32, 0x35, // 0549999475479125
	0x39, 0x37, 0x36, 0x35, 0x36, 0x32, 0x35, 0x20, 0x2a, 0x20, 0x70, 0x6f, 0x77, 0x72, 0x28, 0x5f, // 9765625 * powr(_
	0x35, 0x39, 0x33, 0x2c, 0x20, 0x30, 0x2e, 0x34, 0x31, 0x36, 0x36, 0x36, 0x36, 0x36, 0x35, 0x36, // 593, 0.416666656
	0x37, 0x33, 0x32, 0x35, 0x35, 0x39, 0x32, 0x30, 0x34, 0x31, 0x30, 0x31, 0x35, 0x36, 0x32, 0x35, // 7325592041015625
	0x29, 0x29, 0x20, 0x2d, 0x20, 0x30, 0x2e, 0x30, 0x35, 0x34, 0x39, 0x39, 0x39, 0x39, 0x39, 0x39, // )) - 0.054999999
	0x37, 0x30, 0x31, 0x39, 0x37, 0x36, 0x37, 0x37, 0x36, 0x31, 0x32, 0x33, 0x30, 0x34, 0x36, 0x38, // 7019767761230468
	0x37, 0x35, 0x3b, 0x0a, 0x20, 0x20, 0x20, 0x20, 0x20, 0x20, 0x20, 0x20, 0x20, 0x20, 0x20, 0x20, // 75;.            
	0x20, 0x20, 0x20, 0x20, 0x62, 0x72, 0x65, 0x61, 0x6b, 0x3b, 0x0a, 0x20, 0x20, 0x20, 0x20, 0x20, //     break;.     
	0x20, 0x20, 0x20, 0x20, 0x20, 0x20, 0x20, 0x7d, 0x0a, 0x20, 0x20, 0x20, 0x20, 0x20, 0x20, 0x20, //        }.       
	0x20, 0x20, 0x20, 0x20, 0x20, 0x62, 0x72, 0x65, 0x61, 0x6b, 0x3b, 0x20, 0x2f, 0x2f, 0x20, 0x75, //      break; // u
	0x6e, 0x72, 0x65, 0x61, 0x63, 0x68, 0x61, 0x62, 0x6c, 0x65, 0x20, 0x77, 0x6f, 0x72, 0x6b, 0x61, // nreachable worka
	0x72, 0x6f, 0x75, 0x6e, 0x64, 0x0a, 0x20, 0x20, 0x20, 0x20, 0x20, 0x20, 0x20, 0x20, 0x7d, 0x20, // round.        } 
	0x77, 0x68, 0x69, 0x6c, 0x65, 0x28, 0x66, 0x61, 0x6c, 0x73, 0x65, 0x29, 0x3b, 0x0a, 0x20, 0x20, // while(false);.  
	0x20, 0x20, 0x20, 0x20, 0x20, 0x20, 0x66, 0x6c, 0x6f, 0x61, 0x74, 0x20, 0x5f, 0x35, 0x39, 0x37, //       float _597
	0x20, 0x3d, 0x20, 0x5f, 0x35, 0x34, 0x38, 0x2e, 0x7a, 0x3b, 0x0a, 0x20, 0x20, 0x20, 0x20, 0x20, //  = _548.z;.     
	0x20, 0x20, 0x20, 0x66, 0x6c, 0x6f, 0x61, 0x74, 0x20, 0x5f, 0x37, 0x34, 0x33, 0x3b, 0x0a, 0x20, //    float _743;. 
	0x20, 0x20, 0x20, 0x20, 0x20, 0x20, 0x20, 0x64, 0x6f, 0x0a, 0x20, 0x20, 0x20, 0x20, 0x20, 0x20, //        do.      
	0x20, 0x20, 0x7b, 0x0a, 0x20, 0x20, 0x20, 0x20, 0x20, 0x20, 0x20, 0x20, 0x20, 0x20, 0x20, 0x20, //   {.            
	0x69, 0x66, 0x20, 0x28, 0x5f, 0x35, 0x39, 0x37, 0x20, 0x3c, 0x3d, 0x20, 0x30, 0x2e, 0x30, 0x30, // if (_597 <= 0.00
	0x33, 0x31, 0x33, 0x30, 0x38, 0x30, 0x30, 0x30, 0x39, 0x30, 0x37, 0x33, 0x30, 0x31, 0x39, 0x30, // 3130800090730190
	0x32, 0x37, 0x37, 0x30, 0x39, 0x39, 0x36, 0x30, 0x39, 0x33, 0x37, 0x35, 0x29, 0x0a, 0x20, 0x20, // 277099609375).  
	0x20, 0x20, 0x20, 0x20, 0x20, 0x20, 0x20, 0x20, 0x20, 0x20, 0x7b, 0x0a, 0x20, 0x20, 0x20, 0x20, //           {.    
	0x20, 0x20, 0x20, 0x20, 0x20, 0x20, 0x20, 0x20, 0x20, 0x20, 0x20, 0x20, 0x5f, 0x37, 0x34, 0x33, //             _743
	0x20, 0x3d, 0x20, 0x31, 0x32, 0x2e, 0x39, 0x32, 0x30, 0x30, 0x30, 0x30, 0x30, 0x37, 0x36, 0x32, //  = 12.9200000762
	0x39, 0x33, 0x39, 0x34, 0x35, 0x33, 0x31, 0x32, 0x35, 0x20, 0x2a, 0x20, 0x5f, 0x35, 0x39, 0x37, // 939453125 * _597
	0x3b, 0x0a, 0x20, 0x20, 0x20, 0x20, 0x20, 0x20, 0x20, 0x20, 0x20, 0x20, 0x20, 0x20, 0x20, 0x20, // ;.              
	0x20, 0x20, 0x62, 0x72, 0x65, 0x61, 0x6b, 0x3b, 0x0a, 0x20, 0x20, 0x20, 0x20, 0x20, 0x20, 0x20, //   break;.       
	0x20, 0x20, 0x20, 0x20, 0x20, 0x7d, 0x0a, 0x20, 0x20, 0x20, 0x20, 0x20, 0x20, 0x20, 0x20, 0x20, //      }.         
	0x20, 0x20, 0x20, 0x65, 0x6c, 0x73, 0x65, 0x0a, 0x20, 0x20, 0x20, 0x20, 0x20, 0x20, 0x20, 0x20, //    else.        
	0x20, 0x20, 0x20, 0x20, 0x7b, 0x0a, 0x20, 0x20, 0x20, 0x20, 0x20, 0x20, 0x20, 0x20, 0x20, 0x20, //     {.          
	0x20, 0x20, 0x20, 0x20, 0x20, 0x20, 0x5f, 0x37, 0x34, 0x33, 0x20, 0x3d, 0x20, 0x28, 0x31, 0x2e, //       _743 = (1.
	0x30, 0x35, 0x34, 0x39, 0x39, 0x39, 0x39, 0x34, 0x37, 0x35, 0x34, 0x37, 0x39, 0x31, 0x32, 0x35, // 0549999475479125
	0x39, 0x37, 0x36, 0x35, 0x36, 0x32, 0x35, 0x20, 0x2a, 0x20, 0x70, 0x6f, 0x77, 0x72, 0x28, 0x5f, // 9765625 * powr(_
	0x35, 0x39, 0x37, 0x2c, 0x20, 0x30, 0x2e, 0x34, 0x31, 0x36, 0x36, 0x36, 0x36, 0x36, 0x35, 0x36, // 597, 0.416666656
	0x37, 0x33, 0x32, 0x35, 0x35, 0x39, 0x32, 0x30, 0x34, 0x31, 0x30, 0x31, 0x35, 0x36, 0x32, 0x35, // 7325592041015625
	0x29, 0x29, 0x20, 0x2d, 0x20, 0x30, 0x2e, 0x30, 0x35, 0x34, 0x39, 0x39, 0x39, 0x39, 0x39, 0x39, // )) - 0.054999999
	0x37, 0x30, 0x31, 0x39, 0x37, 0x36, 0x37, 0x37, 0x36, 0x31, 0x32, 0x33, 0x30, 0x34, 0x36, 0x38, // 7019767761230468
	0x37, 0x35, 0x3b, 0x0a, 0x20, 0x20, 0x20, 0x20, 0x20, 0x20, 0x20, 0x20, 0x20, 0x20, 0x20, 0x20, // 75;.            
	0x20, 0x20, 0x20, 0x20, 0x62, 0x72, 0x65, 0x61, 0x6b, 0x3b, 0x0a, 0x20, 0x20, 0x20, 0x20, 0x20, //     break;.     
	0x20, 0x20, 0x20, 0x20, 0x20, 0x20, 0x20, 0x7d, 0x0a, 0x20, 0x20, 0x20, 0x20, 0x20, 0x20, 0x20, //        }.       
	0x20, 0x20, 0x20, 0x20, 0x20, 0x62, 0x72, 0x65, 0x61, 0x6b, 0x3b, 0x20, 0x2f, 0x2f, 0x20, 0x75, //      break; // u
	0x6e, 0x72, 0x65, 0x61, 0x63, 0x68, 0x61, 0x62, 0x6c, 0x65, 0x20, 0x77, 0x6f, 0x72, 0x6b, 0x61, // nreachable worka
	0x72, 0x6f, 0x75, 0x6e, 0x64, 0x0a, 0x20, 0x20, 0x20, 0x20, 0x20, 0x20, 0x20, 0x20, 0x7d, 0x20, // round.        } 
	0x77, 0x68, 0x69, 0x6c, 0x65, 0x28, 0x66, 0x61, 0x6c, 0x73, 0x65, 0x29, 0x3b, 0x0a, 0x20, 0x20, // while(false);.  
	0x20, 0x20, 0x20, 0x20, 0x20, 0x20, 0x5f, 0x37, 0x34, 0x35, 0x20, 0x3d, 0x20, 0x66, 0x6c, 0x6f, //       _745 = flo
	0x61, 0x74, 0x33, 0x28, 0x5f, 0x37, 0x33, 0x39, 0x2c, 0x20, 0x5f, 0x37, 0x34, 0x31, 0x2c, 0x20, // at3(_739, _741, 
	0x5f, 0x37, 0x34, 0x33, 0x29, 0x3b, 0x0a, 0x20, 0x20, 0x20, 0x20, 0x7d, 0x0a, 0x20, 0x20, 0x20, // _743);.    }.   
	0x20, 0x65, 0x6c, 0x73, 0x65, 0x0a, 0x20, 0x20, 0x20, 0x20, 0x7b, 0x0a, 0x20, 0x20, 0x20, 0x20, //  else.    {.    
	0x20, 0x20, 0x20, 0x20, 0x66, 0x6c, 0x6f, 0x61, 0x74, 0x33, 0x20, 0x5f, 0x37, 0x34, 0x36, 0x3b, //     float3 _746;
	0x0a, 0x20, 0x20, 0x20, 0x20, 0x20, 0x20, 0x20, 0x20, 0x69, 0x66, 0x20, 0x28, 0x5f, 0x6d, 0x74, // .        if (_mt
	0x6c, 0x5f, 0x75, 0x2e, 0x75, 0x5f, 0x70, 0x61, 0x72, 0x61, 0x6d, 0x73, 0x31, 0x2e, 0x78, 0x20, // l_u.u_params1.x 
	0x3c, 0x20, 0x31, 0x2e, 0x35, 0x29, 0x0a, 0x20, 0x20, 0x20, 0x20, 0x20, 0x20, 0x20, 0x20, 0x7b, // < 1.5).        {
	0x0a, 0x20, 0x20, 0x20, 0x20, 0x20, 0x20, 0x20, 0x20, 0x20, 0x20, 0x20, 0x20, 0x5f, 0x37, 0x34, // .            _74
	0x36, 0x20, 0x3d, 0x20, 0x5f, 0x34, 0x37, 0x34, 0x2e, 0x78, 0x79, 0x7a, 0x3b, 0x0a, 0x20, 0x20, // 6 = _474.xyz;.  
	0x20, 0x20, 0x20, 0x20, 0x20, 0x20, 0x7d, 0x0a, 0x20, 0x20, 0x20, 0x20, 0x20, 0x20, 0x20, 0x20, //       }.        
	0x65, 0x6c, 0x73, 0x65, 0x0a, 0x20, 0x20, 0x20, 0x20, 0x20, 0x20, 0x20, 0x20, 0x7b, 0x0a, 0x20, // else.        {. 
	0x20, 0x20, 0x20, 0x20, 0x20, 0x20, 0x20, 0x20, 0x20, 0x20, 0x20, 0x66, 0x6c, 0x6f, 0x61, 0x74, //            float
	0x33, 0x20, 0x5f, 0x37, 0x34, 0x37, 0x3b, 0x0a, 0x20, 0x20, 0x20, 0x20, 0x20, 0x20, 0x20, 0x20, // 3 _747;.        
	0x20, 0x20, 0x20, 0x20, 0x69, 0x66, 0x20, 0x28, 0x5f, 0x6d, 0x74, 0x6c, 0x5f, 0x75, 0x2e, 0x75, //     if (_mtl_u.u
	0x5f, 0x70, 0x61, 0x72, 0x61, 0x6d, 0x73, 0x31, 0x2e, 0x78, 0x20, 0x3c, 0x20, 0x32, 0x2e, 0x35, // _params1.x < 2.5
	0x29, 0x0a, 0x20, 0x20, 0x20, 0x20, 0x20, 0x20, 0x20, 0x20, 0x20, 0x20, 0x20, 0x20, 0x7b, 0x0a, // ).            {.
	0x20, 0x20, 0x20, 0x20, 0x20, 0x20, 0x20, 0x20, 0x20, 0x20, 0x20, 0x20, 0x20, 0x20, 0x20, 0x20, //                 
	0x66, 0x6c, 0x6f, 0x61, 0x74, 0x33, 0x20, 0x5f, 0x36, 0x38, 0x32, 0x20, 0x3d, 0x20, 0x70, 0x6f, // float3 _682 = po
	0x77, 0x72, 0x28, 0x28, 0x28, 0x28, 0x5f, 0x34, 0x37, 0x34, 0x2e, 0x78, 0x79, 0x7a, 0x20, 0x2a, // wr((((_474.xyz *
	0x20, 0x66, 0x6c, 0x6f, 0x61, 0x74, 0x33, 0x78, 0x33, 0x28, 0x66, 0x6c, 0x6f, 0x61, 0x74, 0x33, //  float3x3(float3
	0x28, 0x30, 0x2e, 0x34, 0x31, 0x32, 0x35, 0x35, 0x36, 0x34, 0x30, 0x39, 0x38, 0x33, 0x35, 0x38, // (0.4125564098358
	0x31, 0x35, 0x34, 0x32, 0x39, 0x36, 0x38, 0x37, 0x35, 0x2c, 0x20, 0x30, 0x2e, 0x33, 0x35, 0x37, // 154296875, 0.357
	0x35, 0x37, 0x36, 0x31, 0x30, 0x32, 0x30, 0x31, 0x38, 0x33, 0x35, 0x36, 0x33, 0x32, 0x33, 0x32, // 5761020183563232
	0x34, 0x32, 0x31, 0x38, 0x37, 0x35, 0x2c, 0x20, 0x30, 0x2e, 0x31, 0x38, 0x30, 0x34, 0x33, 0x37, // 421875, 0.180437
	0x35, 0x30, 0x35, 0x32, 0x34, 0x35, 0x32, 0x30, 0x38, 0x37, 0x34, 0x30, 0x32, 0x33, 0x34, 0x33, // 5052452087402343
	0x37, 0x35, 0x29, 0x2c, 0x20, 0x66, 0x6c, 0x6f, 0x61, 0x74, 0x33, 0x28, 0x30, 0x2e, 0x32, 0x31, // 75), float3(0.21
	0x32, 0x36, 0x37, 0x32, 0x39, 0x30, 0x34, 0x31, 0x33, 0x33, 0x37, 0x39, 0x36, 0x36, 0x39, 0x31, // 2672904133796691
	0x38, 0x39, 0x34, 0x35, 0x33, 0x31, 0x32, 0x35, 0x2c, 0x20, 0x30, 0x2e, 0x37, 0x31, 0x35, 0x31, // 89453125, 0.7151
	0x35, 0x32, 0x32, 0x30, 0x34, 0x30, 0x33, 0x36, 0x37, 0x31, 0x32, 0x36, 0x34, 0x36, 0x34, 0x38, // 5220403671264648
	0x34, 0x33, 0x37, 0x35, 0x2c, 0x20, 0x30, 0x2e, 0x30, 0x37, 0x32, 0x31, 0x37, 0x35, 0x30, 0x30, // 4375, 0.07217500
	0x33, 0x35, 0x38, 0x38, 0x31, 0x39, 0x39, 0x36, 0x31, 0x35, 0x34, 0x37, 0x38, 0x35, 0x31, 0x35, // 3588199615478515
	0x36, 0x32, 0x35, 0x29, 0x2c, 0x20, 0x66, 0x6c, 0x6f, 0x61, 0x74, 0x33, 0x28, 0x30, 0x2e, 0x30, // 625), float3(0.0
	0x31, 0x39, 0x33, 0x33, 0x33, 0x39, 0x30, 0x30, 0x38, 0x38, 0x33, 0x37, 0x39, 0x33, 0x38, 0x33, // 1933390088379383
	0x30, 0x38, 0x37, 0x31, 0x35, 0x38, 0x32, 0x30, 0x33, 0x31, 0x32, 0x35, 0x2c, 0x20, 0x30, 0x2e, // 087158203125, 0.
	0x31, 0x31, 0x39, 0x31, 0x39, 0x31, 0x39, 0x39, 0x36, 0x37, 0x35, 0x33, 0x32, 0x31, 0x35, 0x37, // 1191919967532157
	0x38, 0x39, 0x37, 0x39, 0x34, 0x39, 0x32, 0x31, 0x38, 0x37, 0x35, 0x2c, 0x20, 0x30, 0x2e, 0x39, // 89794921875, 0.9
	0x35, 0x30, 0x33, 0x30, 0x34, 0x30, 0x39, 0x30, 0x39, 0x37, 0x36, 0x37, 0x31, 0x35, 0x30, 0x38, // 5030409097671508
	0x37, 0x38, 0x39, 0x30, 0x36, 0x32, 0x35, 0x29, 0x29, 0x29, 0x20, 0x2a, 0x20, 0x66, 0x6c, 0x6f, // 7890625))) * flo
	0x61, 0x74, 0x33, 0x78, 0x33, 0x28, 0x66, 0x6c, 0x6f, 0x61, 0x74, 0x33, 0x28, 0x31, 0x2e, 0x37, // at3x3(float3(1.7
	0x31, 0x36, 0x36, 0x35, 0x31, 0x32, 0x30, 0x31, 0x32, 0x34, 0x38, 0x31, 0x36, 0x38, 0x39, 0x34, // 1665120124816894
	0x35, 0x33, 0x31, 0x32, 0x35, 0x2c, 0x20, 0x2d, 0x30, 0x2e, 0x33, 0x35, 0x35, 0x36, 0x37, 0x30, // 53125, -0.355670
	0x38, 0x30, 0x39, 0x37, 0x34, 0x35, 0x37, 0x38, 0x38, 0x35, 0x37, 0x34, 0x32, 0x31, 0x38, 0x37, // 8097457885742187
	0x35, 0x2c, 0x20, 0x2d, 0x30, 0x2e, 0x32, 0x35, 0x33, 0x33, 0x36, 0x36, 0x32, 0x39, 0x31, 0x35, // 5, -0.2533662915
	0x32, 0x32, 0x39, 0x37, 0x39, 0x37, 0x33, 0x36, 0x33, 0x32, 0x38, 0x31, 0x32, 0x35, 0x29, 0x2c, // 22979736328125),
	0x20, 0x66, 0x6c, 0x6f, 0x61, 0x74, 0x33, 0x28, 0x2d, 0x30, 0x2e, 0x36, 0x36, 0x36, 0x36, 0x38, //  float3(-0.66668
	0x34, 0x33, 0x38, 0x39, 0x31, 0x31, 0x34, 0x33, 0x37, 0x39, 0x38, 0x38, 0x32, 0x38, 0x31, 0x32, // 4389114379882812
	0x35, 0x2c, 0x20, 0x31, 0x2e, 0x36, 0x31, 0x36, 0x34, 0x38, 0x31, 0x31, 0x38, 0x34, 0x39, 0x35, // 5, 1.61648118495
	0x39, 0x34, 0x31, 0x31, 0x36, 0x32, 0x31, 0x30, 0x39, 0x33, 0x37, 0x35, 0x2c, 0x20, 0x30, 0x2e, // 941162109375, 0.
	0x30, 0x31, 0x35, 0x37, 0x36, 0x38, 0x35, 0x30, 0x30, 0x30, 0x34, 0x34, 0x39, 0x34, 0x31, 0x39, // 0157685000449419
	0x30, 0x32, 0x31, 0x36, 0x30, 0x36, 0x34, 0x34, 0x35, 0x33, 0x31, 0x32, 0x35, 0x29, 0x2c, 0x20, // 0216064453125), 
	0x66, 0x6c, 0x6f, 0x61, 0x74, 0x33, 0x28, 0x30, 0x2e, 0x30, 0x31, 0x37, 0x36, 0x33, 0x39, 0x38, // float3(0.0176398
	0x39, 0x39, 0x36, 0x32, 0x36, 0x33, 0x37, 0x34, 0x32, 0x34, 0x34, 0x36, 0x38, 0x39, 0x39, 0x34, // 9962637424468994
	0x31, 0x34, 0x30, 0x36, 0x32, 0x35, 0x2c, 0x20, 0x2d, 0x30, 0x2e, 0x30, 0x34, 0x32, 0x37, 0x37, // 140625, -0.04277
	0x30, 0x36, 0x30, 0x31, 0x38, 0x30, 0x39, 0x30, 0x32, 0x34, 0x38, 0x31, 0x30, 0x37, 0x39, 0x31, // 0601809024810791
	0x30, 0x31, 0x35, 0x36, 0x32, 0x35, 0x2c, 0x20, 0x30, 0x2e, 0x39, 0x34, 0x32, 0x31, 0x30, 0x33, // 015625, 0.942103
	0x30, 0x38, 0x37, 0x39, 0x30, 0x32, 0x30, 0x36, 0x39, 0x30, 0x39, 0x31, 0x37, 0x39, 0x36, 0x38, // 0879020690917968
	0x37, 0x35, 0x29, 0x29, 0x29, 0x20, 0x2a, 0x20, 0x5f, 0x6d, 0x74, 0x6c, 0x5f, 0x75, 0x2e, 0x75, // 75))) * _mtl_u.u
	0x5f, 0x70, 0x61, 0x72, 0x61, 0x6d, 0x73, 0x31, 0x2e, 0x79, 0x29, 0x20, 0x2a, 0x20, 0x39, 0x2e, // _params1.y) * 9.
	0x39, 0x39, 0x39, 0x39, 0x39, 0x39, 0x37, 0x34, 0x37, 0x33, 0x37, 0x38, 0x37, 0x35, 0x31, 0x36, // 9999997473787516
	0x33, 0x35, 0x35, 0x35, 0x31, 0x34, 0x35, 0x32, 0x36, 0x33, 0x36, 0x37, 0x31, 0x38, 0x38, 0x65, // 355514526367188e
	0x2d, 0x30, 0x35, 0x2c, 0x20, 0x66, 0x6c, 0x6f, 0x61, 0x74, 0x33, 0x28, 0x30, 0x2e, 0x31, 0x35, // -05, float3(0.15
	0x39, 0x33, 0x30, 0x31, 0x37, 0x35, 0x37, 0x38, 0x31, 0x32, 0x35, 0x29, 0x29, 0x3b, 0x0a, 0x20, // 93017578125));. 
	0x20, 0x20, 0x20, 0x20, 0x20, 0x20, 0x20, 0x20, 0x20, 0x20, 0x20, 0x20, 0x20, 0x20, 0x20, 0x5f, //                _
	0x37, 0x34, 0x37, 0x20, 0x3d, 0x20, 0x70, 0x6f, 0x77, 0x72, 0x28, 0x28, 0x66, 0x6c, 0x6f, 0x61, // 747 = powr((floa
	0x74, 0x33, 0x28, 0x30, 0x2e, 0x38, 0x33, 0x35, 0x39, 0x33, 0x37, 0x35, 0x29, 0x20, 0x2b, 0x20, // t3(0.8359375) + 
	0x28, 0x5f, 0x36, 0x38, 0x32, 0x20, 0x2a, 0x20, 0x31, 0x38, 0x2e, 0x38, 0x35, 0x31, 0x35, 0x36, // (_682 * 18.85156
	0x32, 0x35, 0x29, 0x29, 0x20, 0x2f, 0x20, 0x28, 0x66, 0x6c, 0x6f, 0x61, 0x74, 0x33, 0x28, 0x31, // 25)) / (float3(1
	0x2e, 0x30, 0x29, 0x20, 0x2b, 0x20, 0x28, 0x5f, 0x36, 0x38, 0x32, 0x20, 0x2a, 0x20, 0x31, 0x38, // .0) + (_682 * 18
	0x2e, 0x36, 0x38, 0x37, 0x35, 0x29, 0x29, 0x2c, 0x20, 0x66, 0x6c, 0x6f, 0x61, 0x74, 0x33, 0x28, // .6875)), float3(
	0x37, 0x38, 0x2e, 0x38, 0x34, 0x33, 0x37, 0x35, 0x29, 0x29, 0x3b, 0x0a, 0x20, 0x20, 0x20, 0x20, // 78.84375));.    
	0x20, 0x20, 0x20, 0x20, 0x20, 0x20, 0x20, 0x20, 0x7d, 0x0a, 0x20, 0x20, 0x20, 0x20, 0x20, 0x20, //         }.      
	0x20, 0x20, 0x20, 0x20, 0x20, 0x20, 0x65, 0x6c, 0x73, 0x65, 0x0a, 0x20, 0x20, 0x20, 0x20, 0x20, //       else.     
	0x20, 0x20, 0x20, 0x20, 0x20, 0x20, 0x20, 0x7b, 0x0a, 0x20, 0x20, 0x20, 0x20, 0x20, 0x20, 0x20, //        {.       
	0x20, 0x20, 0x20, 0x20, 0x20, 0x20, 0x20, 0x20, 0x20, 0x5f, 0x37, 0x34, 0x37, 0x20, 0x3d, 0x20, //          _747 = 
	0x66, 0x6c, 0x6f, 0x61, 0x74, 0x33, 0x28, 0x30, 0x2e, 0x30, 0x29, 0x3b, 0x0a, 0x20, 0x20, 0x20, // float3(0.0);.   
	0x20, 0x20, 0x20, 0x20, 0x20, 0x20, 0x20, 0x20, 0x20, 0x7d, 0x0a, 0x20, 0x20, 0x20, 0x20, 0x20, //          }.     
	0x20, 0x20, 0x20, 0x20, 0x20, 0x20, 0x20, 0x5f, 0x37, 0x34, 0x36, 0x20, 0x3d, 0x20, 0x5f, 0x37, //        _746 = _7
	0x34, 0x37, 0x3b, 0x0a, 0x20, 0x20, 0x20, 0x20, 0x20, 0x20, 0x20, 0x20, 0x7d, 0x0a, 0x20, 0x20, // 47;.        }.  
	0x20, 0x20, 0x20, 0x20, 0x20, 0x20, 0x5f, 0x37, 0x34, 0x35, 0x20, 0x3d, 0x20, 0x5f, 0x37, 0x34, //       _745 = _74
	0x36, 0x3b, 0x0a, 0x20, 0x20, 0x20, 0x20, 0x7d, 0x0a, 0x20, 0x20, 0x20, 0x20, 0x6f, 0x75, 0x74, // 6;.    }.    out
	0x2e, 0x62, 0x67, 0x66, 0x78, 0x5f, 0x46, 0x72, 0x61, 0x67, 0x44, 0x61, 0x74, 0x61, 0x30, 0x20, // .bgfx_FragData0 
	0x3d, 0x20, 0x66, 0x6c, 0x6f, 0x61, 0x74, 0x34, 0x28, 0x5f, 0x37, 0x34, 0x35, 0x2c, 0x20, 0x5f, // = float4(_745, _
	0x34, 0x37, 0x34, 0x2e, 0x77, 0x29, 0x3b, 0x0a, 0x20, 0x20, 0x20, 0x20, 0x72, 0x65, 0x74, 0x75, // 474.w);.    retu
	0x72, 0x6e, 0x20, 0x6f, 0x75, 0x74, 0x3b, 0x0a, 0x7d, 0x0a, 0x0a, 0x00, 0x00, 0x80, 0x00,       // rn out;.}......
};
extern const uint8_t* fs_texture_cube_pssl;
extern const uint32_t fs_texture_cube_pssl_size;
