static const uint8_t fs_texture_3d_glsl[3484] =
{
	0x46, 0x53, 0x48, 0x0c, 0x01, 0x83, 0xf2, 0xe1, 0x00, 0x00, 0x00, 0x00, 0x00, 0x00, 0x00, 0x00, // FSH.............
	0x00, 0x00, 0x00, 0x00, 0x03, 0x00, 0x09, 0x75, 0x5f, 0x70, 0x61, 0x72, 0x61, 0x6d, 0x73, 0x30, // .......u_params0
	0x02, 0x01, 0x00, 0x00, 0x01, 0x00, 0x00, 0x00, 0x00, 0x00, 0x09, 0x75, 0x5f, 0x70, 0x61, 0x72, // ...........u_par
	0x61, 0x6d, 0x73, 0x31, 0x02, 0x01, 0x00, 0x00, 0x01, 0x00, 0x00, 0x00, 0x00, 0x00, 0x0a, 0x73, // ams1...........s
	0x5f, 0x74, 0x65, 0x78, 0x43, 0x6f, 0x6c, 0x6f, 0x72, 0x00, 0x01, 0x00, 0x00, 0x01, 0x00, 0x00, // _texColor.......
	0x06, 0x00, 0x00, 0x44, 0x0d, 0x00, 0x00, 0x0a, 0x75, 0x6e, 0x69, 0x66, 0x6f, 0x72, 0x6d, 0x20, // ...D....uniform 
	0x76, 0x65, 0x63, 0x34, 0x20, 0x75, 0x5f, 0x70, 0x61, 0x72, 0x61, 0x6d, 0x73, 0x30, 0x3b, 0x0a, // vec4 u_params0;.
	0x75, 0x6e, 0x69, 0x66, 0x6f, 0x72, 0x6d, 0x20, 0x73, 0x61, 0x6d, 0x70, 0x6c, 0x65, 0x72, 0x33, // uniform sampler3
	0x44, 0x20, 0x73, 0x5f, 0x74, 0x65, 0x78, 0x43, 0x6f, 0x6c, 0x6f, 0x72, 0x3b, 0x0a, 0x75, 0x6e, // D s_texColor;.un
	0x69, 0x66, 0x6f, 0x72, 0x6d, 0x20, 0x76, 0x65, 0x63, 0x34, 0x20, 0x75, 0x5f, 0x70, 0x61, 0x72, // iform vec4 u_par
	0x61, 0x6d, 0x73, 0x31, 0x3b, 0x0a, 0x0a, 0x69, 0x6e, 0x20, 0x76, 0x65, 0x63, 0x33, 0x20, 0x76, // ams1;..in vec3 v
	0x5f, 0x74, 0x65, 0x78, 0x63, 0x6f, 0x6f, 0x72, 0x64, 0x30, 0x3b, 0x0a, 0x69, 0x6e, 0x20, 0x76, // _texcoord0;.in v
	0x65, 0x63, 0x34, 0x20, 0x76, 0x5f, 0x63, 0x6f, 0x6c, 0x6f, 0x72, 0x30, 0x3b, 0x0a, 0x6c, 0x61, // ec4 v_color0;.la
	0x79, 0x6f, 0x75, 0x74, 0x28, 0x6c, 0x6f, 0x63, 0x61, 0x74, 0x69, 0x6f, 0x6e, 0x20, 0x3d, 0x20, // yout(location = 
	0x30, 0x29, 0x20, 0x6f, 0x75, 0x74, 0x20, 0x76, 0x65, 0x63, 0x34, 0x20, 0x62, 0x67, 0x66, 0x78, // 0) out vec4 bgfx
	0x5f, 0x46, 0x72, 0x61, 0x67, 0x43, 0x6f, 0x6c, 0x6f, 0x72, 0x3b, 0x0a, 0x0a, 0x76, 0x6f, 0x69, // _FragColor;..voi
	0x64, 0x20, 0x6d, 0x61, 0x69, 0x6e, 0x28, 0x29, 0x0a, 0x7b, 0x0a, 0x20, 0x20, 0x20, 0x20, 0x76, // d main().{.    v
	0x65, 0x63, 0x34, 0x20, 0x5f, 0x32, 0x36, 0x39, 0x20, 0x3d, 0x20, 0x74, 0x65, 0x78, 0x74, 0x75, // ec4 _269 = textu
	0x72, 0x65, 0x4c, 0x6f, 0x64, 0x28, 0x73, 0x5f, 0x74, 0x65, 0x78, 0x43, 0x6f, 0x6c, 0x6f, 0x72, // reLod(s_texColor
	0x2c, 0x20, 0x76, 0x65, 0x63, 0x33, 0x28, 0x76, 0x5f, 0x74, 0x65, 0x78, 0x63, 0x6f, 0x6f, 0x72, // , vec3(v_texcoor
	0x64, 0x30, 0x2e, 0x78, 0x79, 0x2c, 0x20, 0x75, 0x5f, 0x70, 0x61, 0x72, 0x61, 0x6d, 0x73, 0x30, // d0.xy, u_params0
	0x2e, 0x79, 0x29, 0x2c, 0x20, 0x75, 0x5f, 0x70, 0x61, 0x72, 0x61, 0x6d, 0x73, 0x30, 0x2e, 0x78, // .y), u_params0.x
	0x29, 0x3b, 0x0a, 0x20, 0x20, 0x20, 0x20, 0x76, 0x65, 0x63, 0x33, 0x20, 0x5f, 0x32, 0x37, 0x32, // );.    vec3 _272
	0x20, 0x3d, 0x20, 0x5f, 0x32, 0x36, 0x39, 0x2e, 0x78, 0x79, 0x7a, 0x3b, 0x0a, 0x20, 0x20, 0x20, //  = _269.xyz;.   
	0x20, 0x76, 0x65, 0x63, 0x33, 0x20, 0x5f, 0x33, 0x33, 0x38, 0x20, 0x3d, 0x20, 0x6d, 0x69, 0x78, //  vec3 _338 = mix
	0x28, 0x70, 0x6f, 0x77, 0x28, 0x61, 0x62, 0x73, 0x28, 0x5f, 0x32, 0x37, 0x32, 0x29, 0x2c, 0x20, // (pow(abs(_272), 
	0x76, 0x65, 0x63, 0x33, 0x28, 0x32, 0x2e, 0x32, 0x30, 0x30, 0x30, 0x30, 0x30, 0x30, 0x34, 0x37, // vec3(2.200000047
	0x36, 0x38, 0x33, 0x37, 0x31, 0x35, 0x38, 0x32, 0x30, 0x33, 0x31, 0x32, 0x35, 0x29, 0x29, 0x2c, // 6837158203125)),
	0x20, 0x5f, 0x32, 0x37, 0x32, 0x2c, 0x20, 0x76, 0x65, 0x63, 0x33, 0x28, 0x75, 0x5f, 0x70, 0x61, //  _272, vec3(u_pa
	0x72, 0x61, 0x6d, 0x73, 0x30, 0x2e, 0x7a, 0x29, 0x29, 0x20, 0x2a, 0x20, 0x70, 0x6f, 0x77, 0x28, // rams0.z)) * pow(
	0x32, 0x2e, 0x30, 0x2c, 0x20, 0x75, 0x5f, 0x70, 0x61, 0x72, 0x61, 0x6d, 0x73, 0x30, 0x2e, 0x77, // 2.0, u_params0.w
	0x29, 0x3b, 0x0a, 0x20, 0x20, 0x20, 0x20, 0x76, 0x65, 0x63, 0x34, 0x20, 0x5f, 0x35, 0x33, 0x31, // );.    vec4 _531
	0x20, 0x3d, 0x20, 0x5f, 0x32, 0x36, 0x39, 0x3b, 0x0a, 0x20, 0x20, 0x20, 0x20, 0x5f, 0x35, 0x33, //  = _269;.    _53
	0x31, 0x2e, 0x78, 0x20, 0x3d, 0x20, 0x5f, 0x33, 0x33, 0x38, 0x2e, 0x78, 0x3b, 0x0a, 0x20, 0x20, // 1.x = _338.x;.  
	0x20, 0x20, 0x5f, 0x35, 0x33, 0x31, 0x2e, 0x79, 0x20, 0x3d, 0x20, 0x5f, 0x33, 0x33, 0x38, 0x2e, //   _531.y = _338.
	0x79, 0x3b, 0x0a, 0x20, 0x20, 0x20, 0x20, 0x5f, 0x35, 0x33, 0x31, 0x2e, 0x7a, 0x20, 0x3d, 0x20, // y;.    _531.z = 
	0x5f, 0x33, 0x33, 0x38, 0x2e, 0x7a, 0x3b, 0x0a, 0x20, 0x20, 0x20, 0x20, 0x76, 0x65, 0x63, 0x34, // _338.z;.    vec4
	0x20, 0x5f, 0x32, 0x38, 0x34, 0x20, 0x3d, 0x20, 0x5f, 0x35, 0x33, 0x31, 0x20, 0x2a, 0x20, 0x76, //  _284 = _531 * v
	0x5f, 0x63, 0x6f, 0x6c, 0x6f, 0x72, 0x30, 0x3b, 0x0a, 0x20, 0x20, 0x20, 0x20, 0x76, 0x65, 0x63, // _color0;.    vec
	0x33, 0x20, 0x5f, 0x35, 0x35, 0x32, 0x3b, 0x0a, 0x20, 0x20, 0x20, 0x20, 0x69, 0x66, 0x20, 0x28, // 3 _552;.    if (
	0x75, 0x5f, 0x70, 0x61, 0x72, 0x61, 0x6d, 0x73, 0x31, 0x2e, 0x78, 0x20, 0x3c, 0x20, 0x30, 0x2e, // u_params1.x < 0.
	0x35, 0x29, 0x0a, 0x20, 0x20, 0x20, 0x20, 0x7b, 0x0a, 0x20, 0x20, 0x20, 0x20, 0x20, 0x20, 0x20, // 5).    {.       
	0x20, 0x76, 0x65, 0x63, 0x33, 0x20, 0x5f, 0x33, 0x36, 0x37, 0x20, 0x3d, 0x20, 0x63, 0x6c, 0x61, //  vec3 _367 = cla
	0x6d, 0x70, 0x28, 0x5f, 0x32, 0x38, 0x34, 0x2e, 0x78, 0x79, 0x7a, 0x2c, 0x20, 0x76, 0x65, 0x63, // mp(_284.xyz, vec
	0x33, 0x28, 0x30, 0x2e, 0x30, 0x29, 0x2c, 0x20, 0x76, 0x65, 0x63, 0x33, 0x28, 0x31, 0x2e, 0x30, // 3(0.0), vec3(1.0
	0x29, 0x29, 0x3b, 0x0a, 0x20, 0x20, 0x20, 0x20, 0x20, 0x20, 0x20, 0x20, 0x66, 0x6c, 0x6f, 0x61, // ));.        floa
	0x74, 0x20, 0x5f, 0x34, 0x30, 0x38, 0x20, 0x3d, 0x20, 0x5f, 0x33, 0x36, 0x37, 0x2e, 0x78, 0x3b, // t _408 = _367.x;
	0x0a, 0x20, 0x20, 0x20, 0x20, 0x20, 0x20, 0x20, 0x20, 0x66, 0x6c, 0x6f, 0x61, 0x74, 0x20, 0x5f, // .        float _
	0x35, 0x34, 0x36, 0x3b, 0x0a, 0x20, 0x20, 0x20, 0x20, 0x20, 0x20, 0x20, 0x20, 0x64, 0x6f, 0x0a, // 546;.        do.
	0x20, 0x20, 0x20, 0x20, 0x20, 0x20, 0x20, 0x20, 0x7b, 0x0a, 0x20, 0x20, 0x20, 0x20, 0x20, 0x20, //         {.      
	0x20, 0x20, 0x20, 0x20, 0x20, 0x20, 0x69, 0x66, 0x20, 0x28, 0x5f, 0x34, 0x30, 0x38, 0x20, 0x3c, //       if (_408 <
	0x3d, 0x20, 0x30, 0x2e, 0x30, 0x30, 0x33, 0x31, 0x33, 0x30, 0x38, 0x30, 0x30, 0x30, 0x39, 0x30, // = 0.003130800090
	0x37, 0x33, 0x30, 0x31, 0x39, 0x30, 0x32, 0x37, 0x37, 0x30, 0x39, 0x39, 0x36, 0x30, 0x39, 0x33, // 7301902770996093
	0x37, 0x35, 0x29, 0x0a, 0x20, 0x20, 0x20, 0x20, 0x20, 0x20, 0x20, 0x20, 0x20, 0x20, 0x20, 0x20, // 75).            
	0x7b, 0x0a, 0x20, 0x20, 0x20, 0x20, 0x20, 0x20, 0x20, 0x20, 0x20, 0x20, 0x20, 0x20, 0x20, 0x20, // {.              
	0x20, 0x20, 0x5f, 0x35, 0x34, 0x36, 0x20, 0x3d, 0x20, 0x31, 0x32, 0x2e, 0x39, 0x32, 0x30, 0x30, //   _546 = 12.9200
	0x30, 0x30, 0x30, 0x37, 0x36, 0x32, 0x39, 0x33, 0x39, 0x34, 0x35, 0x33, 0x31, 0x32, 0x35, 0x20, // 000762939453125 
	0x2a, 0x20, 0x5f, 0x34, 0x30, 0x38, 0x3b, 0x0a, 0x20, 0x20, 0x20, 0x20, 0x20, 0x20, 0x20, 0x20, // * _408;.        
	0x20, 0x20, 0x20, 0x20, 0x20, 0x20, 0x20, 0x20, 0x62, 0x72, 0x65, 0x61, 0x6b, 0x3b, 0x0a, 0x20, //         break;. 
	0x20, 0x20, 0x20, 0x20, 0x20, 0x20, 0x20, 0x20, 0x20, 0x20, 0x20, 0x7d, 0x0a, 0x20, 0x20, 0x20, //            }.   
	0x20, 0x20, 0x20, 0x20, 0x20, 0x20, 0x20, 0x20, 0x20, 0x65, 0x6c, 0x73, 0x65, 0x0a, 0x20, 0x20, //          else.  
	0x20, 0x20, 0x20, 0x20, 0x20, 0x20, 0x20, 0x20, 0x20, 0x20, 0x7b, 0x0a, 0x20, 0x20, 0x20, 0x20, //           {.    
	0x20, 0x20, 0x20, 0x20, 0x20, 0x20, 0x20, 0x20, 0x20, 0x20, 0x20, 0x20, 0x5f, 0x35, 0x34, 0x36, //             _546
	0x20, 0x3d, 0x20, 0x28, 0x31, 0x2e, 0x30, 0x35, 0x34, 0x39, 0x39, 0x39, 0x39, 0x34, 0x37, 0x35, //  = (1.0549999475
	0x34, 0x37, 0x39, 0x31, 0x32, 0x35, 0x39, 0x37, 0x36, 0x35, 0x36, 0x32, 0x35, 0x20, 0x2a, 0x20, // 4791259765625 * 
	0x70, 0x6f, 0x77, 0x28, 0x5f, 0x34, 0x30, 0x38, 0x2c, 0x20, 0x30, 0x2e, 0x34, 0x31, 0x36, 0x36, // pow(_408, 0.4166
	0x36, 0x36, 0x36, 0x35, 0x36, 0x37, 0x33, 0x32, 0x35, 0x35, 0x39, 0x32, 0x30, 0x34, 0x31, 0x30, // 6665673255920410
	0x31, 0x35, 0x36, 0x32, 0x35, 0x29, 0x29, 0x20, 0x2d, 0x20, 0x30, 0x2e, 0x30, 0x35, 0x34, 0x39, // 15625)) - 0.0549
	0x39, 0x39, 0x39, 0x39, 0x39, 0x37, 0x30, 0x31, 0x39, 0x37, 0x36, 0x37, 0x37, 0x36, 0x31, 0x32, // 9999970197677612
	0x33, 0x30, 0x34, 0x36, 0x38, 0x37, 0x35, 0x3b, 0x0a, 0x20, 0x20, 0x20, 0x20, 0x20, 0x20, 0x20, // 3046875;.       
	0x20, 0x20, 0x20, 0x20, 0x20, 0x20, 0x20, 0x20, 0x20, 0x62, 0x72, 0x65, 0x61, 0x6b, 0x3b, 0x0a, //          break;.
	0x20, 0x20, 0x20, 0x20, 0x20, 0x20, 0x20, 0x20, 0x20, 0x20, 0x20, 0x20, 0x7d, 0x0a, 0x20, 0x20, //             }.  
	0x20, 0x20, 0x20, 0x20, 0x20, 0x20, 0x20, 0x20, 0x20, 0x20, 0x62, 0x72, 0x65, 0x61, 0x6b, 0x3b, //           break;
	0x20, 0x2f, 0x2f, 0x20, 0x75, 0x6e, 0x72, 0x65, 0x61, 0x63, 0x68, 0x61, 0x62, 0x6c, 0x65, 0x20, //  // unreachable 
	0x77, 0x6f, 0x72, 0x6b, 0x61, 0x72, 0x6f, 0x75, 0x6e, 0x64, 0x0a, 0x20, 0x20, 0x20, 0x20, 0x20, // workaround.     
	0x20, 0x20, 0x20, 0x7d, 0x20, 0x77, 0x68, 0x69, 0x6c, 0x65, 0x28, 0x66, 0x61, 0x6c, 0x73, 0x65, //    } while(false
	0x29, 0x3b, 0x0a, 0x20, 0x20, 0x20, 0x20, 0x20, 0x20, 0x20, 0x20, 0x66, 0x6c, 0x6f, 0x61, 0x74, // );.        float
	0x20, 0x5f, 0x34, 0x31, 0x32, 0x20, 0x3d, 0x20, 0x5f, 0x33, 0x36, 0x37, 0x2e, 0x79, 0x3b, 0x0a, //  _412 = _367.y;.
	0x20, 0x20, 0x20, 0x20, 0x20, 0x20, 0x20, 0x20, 0x66, 0x6c, 0x6f, 0x61, 0x74, 0x20, 0x5f, 0x35, //         float _5
	0x34, 0x38, 0x3b, 0x0a, 0x20, 0x20, 0x20, 0x20, 0x20, 0x20, 0x20, 0x20, 0x64, 0x6f, 0x0a, 0x20, // 48;.        do. 
	0x20, 0x20, 0x20, 0x20, 0x20, 0x20, 0x20, 0x7b, 0x0a, 0x20, 0x20, 0x20, 0x20, 0x20, 0x20, 0x20, //        {.       
	0x20, 0x20, 0x20, 0x20, 0x20, 0x69, 0x66, 0x20, 0x28, 0x5f, 0x34, 0x31, 0x32, 0x20, 0x3c, 0x3d, //      if (_412 <=
	0x20, 0x30, 0x2e, 0x30, 0x30, 0x33, 0x31, 0x33, 0x30, 0x38, 0x30, 0x30, 0x30, 0x39, 0x30, 0x37, //  0.0031308000907
	0x33, 0x30, 0x31, 0x39, 0x30, 0x32, 0x37, 0x37, 0x30, 0x39, 0x39, 0x36, 0x30, 0x39, 0x33, 0x37, // 3019027709960937
	0x35, 0x29, 0x0a, 0x20, 0x20, 0x20, 0x20, 0x20, 0x20, 0x20, 0x20, 0x20, 0x20, 0x20, 0x20, 0x7b, // 5).            {
	0x0a, 0x20, 0x20, 0x20, 0x20, 0x20, 0x20, 0x20, 0x20, 0x20, 0x20, 0x20, 0x20, 0x20, 0x20, 0x20, // .               
	0x20, 0x5f, 0x35, 0x34, 0x38, 0x20, 0x3d, 0x20, 0x31, 0x32, 0x2e, 0x39, 0x32, 0x30, 0x30, 0x30, //  _548 = 12.92000
	0x30, 0x30, 0x37, 0x36, 0x32, 0x39, 0x33, 0x39, 0x34, 0x35, 0x33, 0x31, 0x32, 0x35, 0x20, 0x2a, // 00762939453125 *
	0x20, 0x5f, 0x34, 0x31, 0x32, 0x3b, 0x0a, 0x20, 0x20, 0x20, 0x20, 0x20, 0x20, 0x20, 0x20, 0x20, //  _412;.         
	0x20, 0x20, 0x20, 0x20, 0x20, 0x20, 0x20, 0x62, 0x72, 0x65, 0x61, 0x6b, 0x3b, 0x0a, 0x20, 0x20, //        break;.  
	0x20, 0x20, 0x20, 0x20, 0x20, 0x20, 0x20, 0x20, 0x20, 0x20, 0x7d, 0x0a, 0x20, 0x20, 0x20, 0x20, //           }.    
	0x20, 0x20, 0x20, 0x20, 0x20, 0x20, 0x20, 0x20, 0x65, 0x6c, 0x73, 0x65, 0x0a, 0x20, 0x20, 0x20, //         else.   
	0x20, 0x20, 0x20, 0x20, 0x20, 0x20, 0x20, 0x20, 0x20, 0x7b, 0x0a, 0x20, 0x20, 0x20, 0x20, 0x20, //          {.     
	0x20, 0x20, 0x20, 0x20, 0x20, 0x20, 0x20, 0x20, 0x20, 0x20, 0x20, 0x5f, 0x35, 0x34, 0x38, 0x20, //            _548 
	0x3d, 0x20, 0x28, 0x31, 0x2e, 0x30, 0x35, 0x34, 0x39, 0x39, 0x39, 0x39, 0x34, 0x37, 0x35, 0x34, // = (1.05499994754
	0x37, 0x39, 0x31, 0x32, 0x35, 0x39, 0x37, 0x36, 0x35, 0x36, 0x32, 0x35, 0x20, 0x2a, 0x20, 0x70, // 791259765625 * p
	0x6f, 0x77, 0x28, 0x5f, 0x34, 0x31, 0x32, 0x2c, 0x20, 0x30, 0x2e, 0x34, 0x31, 0x36, 0x36, 0x36, // ow(_412, 0.41666
	0x36, 0x36, 0x35, 0x36, 0x37, 0x33, 0x32, 0x35, 0x35, 0x39, 0x32, 0x30, 0x34, 0x31, 0x30, 0x31, // 6656732559204101
	0x35, 0x36, 0x32, 0x35, 0x29, 0x29, 0x20, 0x2d, 0x20, 0x30, 0x2e, 0x30, 0x35, 0x34, 0x39, 0x39, // 5625)) - 0.05499
	0x39, 0x39, 0x39, 0x39, 0x37, 0x30, 0x31, 0x39, 0x37, 0x36, 0x37, 0x37, 0x36, 0x31, 0x32, 0x33, // 9999701976776123
	0x30, 0x34, 0x36, 0x38, 0x37, 0x35, 0x3b, 0x0a, 0x20, 0x20, 0x20, 0x20, 0x20, 0x20, 0x20, 0x20, // 046875;.        
	0x20, 0x20, 0x20, 0x20, 0x20, 0x20, 0x20, 0x20, 0x62, 0x72, 0x65, 0x61, 0x6b, 0x3b, 0x0a, 0x20, //         break;. 
	0x20, 0x20, 0x20, 0x20, 0x20, 0x20, 0x20, 0x20, 0x20, 0x20, 0x20, 0x7d, 0x0a, 0x20, 0x20, 0x20, //            }.   
	0x20, 0x20, 0x20, 0x20, 0x20, 0x20, 0x20, 0x20, 0x20, 0x62, 0x72, 0x65, 0x61, 0x6b, 0x3b, 0x20, //          break; 
	0x2f, 0x2f, 0x20, 0x75, 0x6e, 0x72, 0x65, 0x61, 0x63, 0x68, 0x61, 0x62, 0x6c, 0x65, 0x20, 0x77, // // unreachable w
	0x6f, 0x72, 0x6b, 0x61, 0x72, 0x6f, 0x75, 0x6e, 0x64, 0x0a, 0x20, 0x20, 0x20, 0x20, 0x20, 0x20, // orkaround.      
	0x20, 0x20, 0x7d, 0x20, 0x77, 0x68, 0x69, 0x6c, 0x65, 0x28, 0x66, 0x61, 0x6c, 0x73, 0x65, 0x29, //   } while(false)
	0x3b, 0x0a, 0x20, 0x20, 0x20, 0x20, 0x20, 0x20, 0x20, 0x20, 0x66, 0x6c, 0x6f, 0x61, 0x74, 0x20, // ;.        float 
	0x5f, 0x34, 0x31, 0x36, 0x20, 0x3d, 0x20, 0x5f, 0x33, 0x36, 0x37, 0x2e, 0x7a, 0x3b, 0x0a, 0x20, // _416 = _367.z;. 
	0x20, 0x20, 0x20, 0x20, 0x20, 0x20, 0x20, 0x66, 0x6c, 0x6f, 0x61, 0x74, 0x20, 0x5f, 0x35, 0x35, //        float _55
	0x30, 0x3b, 0x0a, 0x20, 0x20, 0x20, 0x20, 0x20, 0x20, 0x20, 0x20, 0x64, 0x6f, 0x0a, 0x20, 0x20, // 0;.        do.  
	0x20, 0x20, 0x20, 0x20, 0x20, 0x20, 0x7b, 0x0a, 0x20, 0x20, 0x20, 0x20, 0x20, 0x20, 0x20, 0x20, //       {.        
	0x20, 0x20, 0x20, 0x20, 0x69, 0x66, 0x20, 0x28, 0x5f, 0x34, 0x31, 0x36, 0x20, 0x3c, 0x3d, 0x20, //     if (_416 <= 
	0x30, 0x2e, 0x30, 0x30, 0x33, 0x31, 0x33, 0x30, 0x38, 0x30, 0x30, 0x30, 0x39, 0x30, 0x37, 0x33, // 0.00313080009073
	0x30, 0x31, 0x39, 0x30, 0x32, 0x37, 0x37, 0x30, 0x39, 0x39, 0x36, 0x30, 0x39, 0x33, 0x37, 0x35, // 0190277099609375
	0x29, 0x0a, 0x20, 0x20, 0x20, 0x20, 0x20, 0x20, 0x20, 0x20, 0x20, 0x20, 0x20, 0x20, 0x7b, 0x0a, // ).            {.
	0x20, 0x20, 0x20, 0x20, 0x20, 0x20, 0x20, 0x20, 0x20, 0x20, 0x20, 0x20, 0x20, 0x20, 0x20, 0x20, //                 
	0x5f, 0x35, 0x35, 0x30, 0x20, 0x3d, 0x20, 0x31, 0x32, 0x2e, 0x39, 0x32, 0x30, 0x30, 0x30, 0x30, // _550 = 12.920000
	0x30, 0x37, 0x36, 0x32, 0x39, 0x33, 0x39, 0x34, 0x35, 0x33, 0x31, 0x32, 0x35, 0x20, 0x2a, 0x20, // 0762939453125 * 
	0x5f, 0x34, 0x31, 0x36, 0x3b, 0x0a, 0x20, 0x20, 0x20, 0x20, 0x20, 0x20, 0x20, 0x20, 0x20, 0x20, // _416;.          
	0x20, 0x20, 0x20, 0x20, 0x20, 0x20, 0x62, 0x72, 0x65, 0x61, 0x6b, 0x3b, 0x0a, 0x20, 0x20, 0x20, //       break;.   
	0x20, 0x20, 0x20, 0x20, 0x20, 0x20, 0x20, 0x20, 0x20, 0x7d, 0x0a, 0x20, 0x20, 0x20, 0x20, 0x20, //          }.     
	0x20, 0x20, 0x20, 0x20, 0x20, 0x20, 0x20, 0x65, 0x6c, 0x73, 0x65, 0x0a, 0x20, 0x20, 0x20, 0x20, //        else.    
	0x20, 0x20, 0x20, 0x20, 0x20, 0x20, 0x20, 0x20, 0x7b, 0x0a, 0x20, 0x20, 0x20, 0x20, 0x20, 0x20, //         {.      
	0x20, 0x20, 0x20, 0x20, 0x20, 0x20, 0x20, 0x20, 0x20, 0x20, 0x5f, 0x35, 0x35, 0x30, 0x20, 0x3d, //           _550 =
	0x20, 0x28, 0x31, 0x2e, 0x30, 0x35, 0x34, 0x39, 0x39, 0x39, 0x39, 0x34, 0x37, 0x35, 0x34, 0x37, //  (1.054999947547
	0x39, 0x31, 0x32, 0x35, 0x39, 0x37, 0x36, 0x35, 0x36, 0x32, 0x35, 0x20, 0x2a, 0x20, 0x70, 0x6f, // 91259765625 * po
	0x77, 0x28, 0x5f, 0x34, 0x31, 0x36, 0x2c, 0x20, 0x30, 0x2e, 0x34, 0x31, 0x36, 0x36, 0x36, 0x36, // w(_416, 0.416666
	0x36, 0x35, 0x36, 0x37, 0x33, 0x32, 0x35, 0x35, 0x39, 0x32, 0x30, 0x34, 0x31, 0x30, 0x31, 0x35, // 6567325592041015
	0x36, 0x32, 0x35, 0x29, 0x29, 0x20, 0x2d, 0x20, 0x30, 0x2e, 0x30, 0x35, 0x34, 0x39, 0x39, 0x39, // 625)) - 0.054999
	0x39, 0x39, 0x39, 0x37, 0x30, 0x31, 0x39, 0x37, 0x36, 0x37, 0x37, 0x36, 0x31, 0x32, 0x33, 0x30, // 9997019767761230
	0x34, 0x36, 0x38, 0x37, 0x35, 0x3b, 0x0a, 0x20, 0x20, 0x20, 0x20, 0x20, 0x20, 0x20, 0x20, 0x20, // 46875;.         
	0x20, 0x20, 0x20, 0x20, 0x20, 0x20, 0x20, 0x62, 0x72, 0x65, 0x61, 0x6b, 0x3b, 0x0a, 0x20, 0x20, //        break;.  
	0x20, 0x20, 0x20, 0x20, 0x20, 0x20, 0x20, 0x20, 0x20, 0x20, 0x7d, 0x0a, 0x20, 0x20, 0x20, 0x20, //           }.    
	0x20, 0x20, 0x20, 0x20, 0x20, 0x20, 0x20, 0x20, 0x62, 0x72, 0x65, 0x61, 0x6b, 0x3b, 0x20, 0x2f, //         break; /
	0x2f, 0x20, 0x75, 0x6e, 0x72, 0x65, 0x61, 0x63, 0x68, 0x61, 0x62, 0x6c, 0x65, 0x20, 0x77, 0x6f, // / unreachable wo
	0x72, 0x6b, 0x61, 0x72, 0x6f, 0x75, 0x6e, 0x64, 0x0a, 0x20, 0x20, 0x20, 0x20, 0x20, 0x20, 0x20, // rkaround.       
	0x20, 0x7d, 0x20, 0x77, 0x68, 0x69, 0x6c, 0x65, 0x28, 0x66, 0x61, 0x6c, 0x73, 0x65, 0x29, 0x3b, //  } while(false);
	0x0a, 0x20, 0x20, 0x20, 0x20, 0x20, 0x20, 0x20, 0x20, 0x5f, 0x35, 0x35, 0x32, 0x20, 0x3d, 0x20, // .        _552 = 
	0x76, 0x65, 0x63, 0x33, 0x28, 0x5f, 0x35, 0x34, 0x36, 0x2c, 0x20, 0x5f, 0x35, 0x34, 0x38, 0x2c, // vec3(_546, _548,
	0x20, 0x5f, 0x35, 0x35, 0x30, 0x29, 0x3b, 0x0a, 0x20, 0x20, 0x20, 0x20, 0x7d, 0x0a, 0x20, 0x20, //  _550);.    }.  
	0x20, 0x20, 0x65, 0x6c, 0x73, 0x65, 0x0a, 0x20, 0x20, 0x20, 0x20, 0x7b, 0x0a, 0x20, 0x20, 0x20, //   else.    {.   
	0x20, 0x20, 0x20, 0x20, 0x20, 0x76, 0x65, 0x63, 0x33, 0x20, 0x5f, 0x35, 0x35, 0x33, 0x3b, 0x0a, //      vec3 _553;.
	0x20, 0x20, 0x20, 0x20, 0x20, 0x20, 0x20, 0x20, 0x69, 0x66, 0x20, 0x28, 0x75, 0x5f, 0x70, 0x61, //         if (u_pa
	0x72, 0x61, 0x6d, 0x73, 0x31, 0x2e, 0x78, 0x20, 0x3c, 0x20, 0x31, 0x2e, 0x35, 0x29, 0x0a, 0x20, // rams1.x < 1.5). 
	0x20, 0x20, 0x20, 0x20, 0x20, 0x20, 0x20, 0x7b, 0x0a, 0x20, 0x20, 0x20, 0x20, 0x20, 0x20, 0x20, //        {.       
	0x20, 0x20, 0x20, 0x20, 0x20, 0x5f, 0x35, 0x35, 0x33, 0x20, 0x3d, 0x20, 0x5f, 0x32, 0x38, 0x34, //      _553 = _284
	0x2e, 0x78, 0x79, 0x7a, 0x3b, 0x0a, 0x20, 0x20, 0x20, 0x20, 0x20, 0x20, 0x20, 0x20, 0x7d, 0x0a, // .xyz;.        }.
	0x20, 0x20, 0x20, 0x20, 0x20, 0x20, 0x20, 0x20, 0x65, 0x6c, 0x73, 0x65, 0x0a, 0x20, 0x20, 0x20, //         else.   
	0x20, 0x20, 0x20, 0x20, 0x20, 0x7b, 0x0a, 0x20, 0x20, 0x20, 0x20, 0x20, 0x20, 0x20, 0x20, 0x20, //      {.         
	0x20, 0x20, 0x20, 0x76, 0x65, 0x63, 0x33, 0x20, 0x5f, 0x35, 0x35, 0x34, 0x3b, 0x0a, 0x20, 0x20, //    vec3 _554;.  
	0x20, 0x20, 0x20, 0x20, 0x20, 0x20, 0x20, 0x20, 0x20, 0x20, 0x69, 0x66, 0x20, 0x28, 0x75, 0x5f, //           if (u_
	0x70, 0x61, 0x72, 0x61, 0x6d, 0x73, 0x31, 0x2e, 0x78, 0x20, 0x3c, 0x20, 0x32, 0x2e, 0x35, 0x29, // params1.x < 2.5)
	0x0a, 0x20, 0x20, 0x20, 0x20, 0x20, 0x20, 0x20, 0x20, 0x20, 0x20, 0x20, 0x20, 0x7b, 0x0a, 0x20, // .            {. 
	0x20, 0x20, 0x20, 0x20, 0x20, 0x20, 0x20, 0x20, 0x20, 0x20, 0x20, 0x20, 0x20, 0x20, 0x20, 0x76, //                v
	0x65, 0x63, 0x33, 0x20, 0x5f, 0x35, 0x30, 0x31, 0x20, 0x3d, 0x20, 0x70, 0x6f, 0x77, 0x28, 0x28, // ec3 _501 = pow((
	0x28, 0x6d, 0x61, 0x74, 0x33, 0x28, 0x76, 0x65, 0x63, 0x33, 0x28, 0x31, 0x2e, 0x37, 0x31, 0x36, // (mat3(vec3(1.716
	0x36, 0x35, 0x31, 0x32, 0x30, 0x31, 0x32, 0x34, 0x38, 0x31, 0x36, 0x38, 0x39, 0x34, 0x35, 0x33, // 6512012481689453
	0x31, 0x32, 0x35, 0x2c, 0x20, 0x2d, 0x30, 0x2e, 0x33, 0x35, 0x35, 0x36, 0x37, 0x30, 0x38, 0x30, // 125, -0.35567080
	0x39, 0x37, 0x34, 0x35, 0x37, 0x38, 0x38, 0x35, 0x37, 0x34, 0x32, 0x31, 0x38, 0x37, 0x35, 0x2c, // 974578857421875,
	0x20, 0x2d, 0x30, 0x2e, 0x32, 0x35, 0x33, 0x33, 0x36, 0x36, 0x32, 0x39, 0x31, 0x35, 0x32, 0x32, //  -0.253366291522
	0x39, 0x37, 0x39, 0x37, 0x33, 0x36, 0x33, 0x32, 0x38, 0x31, 0x32, 0x35, 0x29, 0x2c, 0x20, 0x76, // 979736328125), v
	0x65, 0x63, 0x33, 0x28, 0x2d, 0x30, 0x2e, 0x36, 0x36, 0x36, 0x36, 0x38, 0x34, 0x33, 0x38, 0x39, // ec3(-0.666684389
	0x31, 0x31, 0x34, 0x33, 0x37, 0x39, 0x38, 0x38, 0x32, 0x38, 0x31, 0x32, 0x35, 0x2c, 0x20, 0x31, // 1143798828125, 1
	0x2e, 0x36, 0x31, 0x36, 0x34, 0x38, 0x31, 0x31, 0x38, 0x34, 0x39, 0x35, 0x39, 0x34, 0x31, 0x31, // .616481184959411
	0x36, 0x32, 0x31, 0x30, 0x39, 0x33, 0x37, 0x35, 0x2c, 0x20, 0x30, 0x2e, 0x30, 0x31, 0x35, 0x37, // 62109375, 0.0157
	0x36, 0x38, 0x35, 0x30, 0x30, 0x30, 0x34, 0x34, 0x39, 0x34, 0x31, 0x39, 0x30, 0x32, 0x31, 0x36, // 6850004494190216
	0x30, 0x36, 0x34, 0x34, 0x35, 0x33, 0x31, 0x32, 0x35, 0x29, 0x2c, 0x20, 0x76, 0x65, 0x63, 0x33, // 064453125), vec3
	0x28, 0x30, 0x2e, 0x30, 0x31, 0x37, 0x36, 0x33, 0x39, 0x38, 0x39, 0x39, 0x36, 0x32, 0x36, 0x33, // (0.0176398996263
	0x37, 0x34, 0x32, 0x34, 0x34, 0x36, 0x38, 0x39, 0x39, 0x34, 0x31, 0x34, 0x30, 0x36, 0x32, 0x35, // 7424468994140625
	0x2c, 0x20, 0x2d, 0x30, 0x2e, 0x30, 0x34, 0x32, 0x37, 0x37, 0x30, 0x36, 0x30, 0x31, 0x38, 0x30, // , -0.04277060180
	0x39, 0x30, 0x32, 0x34, 0x38, 0x31, 0x30, 0x37, 0x39, 0x31, 0x30, 0x31, 0x35, 0x36, 0x32, 0x35, // 9024810791015625
	0x2c, 0x20, 0x30, 0x2e, 0x39, 0x34, 0x32, 0x31, 0x30, 0x33, 0x30, 0x38, 0x37, 0x39, 0x30, 0x32, // , 0.942103087902
	0x30, 0x36, 0x39, 0x30, 0x39, 0x31, 0x37, 0x39, 0x36, 0x38, 0x37, 0x35, 0x29, 0x29, 0x20, 0x2a, // 069091796875)) *
	0x20, 0x28, 0x6d, 0x61, 0x74, 0x33, 0x28, 0x76, 0x65, 0x63, 0x33, 0x28, 0x30, 0x2e, 0x34, 0x31, //  (mat3(vec3(0.41
	0x32, 0x35, 0x35, 0x36, 0x34, 0x30, 0x39, 0x38, 0x33, 0x35, 0x38, 0x31, 0x35, 0x34, 0x32, 0x39, // 2556409835815429
	0x36, 0x38, 0x37, 0x35, 0x2c, 0x20, 0x30, 0x2e, 0x33, 0x35, 0x37, 0x35, 0x37, 0x36, 0x31, 0x30, // 6875, 0.35757610
	0x32, 0x30, 0x31, 0x38, 0x33, 0x35, 0x36, 0x33, 0x32, 0x33, 0x32, 0x34, 0x32, 0x31, 0x38, 0x37, // 2018356323242187
	0x35, 0x2c, 0x20, 0x30, 0x2e, 0x31, 0x38, 0x30, 0x34, 0x33, 0x37, 0x35, 0x30, 0x35, 0x32, 0x34, // 5, 0.18043750524
	0x35, 0x32, 0x30, 0x38, 0x37, 0x34, 0x30, 0x32, 0x33, 0x34, 0x33, 0x37, 0x35, 0x29, 0x2c, 0x20, // 5208740234375), 
	0x76, 0x65, 0x63, 0x33, 0x28, 0x30, 0x2e, 0x32, 0x31, 0x32, 0x36, 0x37, 0x32, 0x39, 0x30, 0x34, // vec3(0.212672904
	0x31, 0x33, 0x33, 0x37, 0x39, 0x36, 0x36, 0x39, 0x31, 0x38, 0x39, 0x34, 0x35, 0x33, 0x31, 0x32, // 1337966918945312
	0x35, 0x2c, 0x20, 0x30, 0x2e, 0x37, 0x31, 0x35, 0x31, 0x35, 0x32, 0x32, 0x30, 0x34, 0x30, 0x33, // 5, 0.71515220403
	0x36, 0x37, 0x31, 0x32, 0x36, 0x34, 0x36, 0x34, 0x38, 0x34, 0x33, 0x37, 0x35, 0x2c, 0x20, 0x30, // 6712646484375, 0
	0x2e, 0x30, 0x37, 0x32, 0x31, 0x37, 0x35, 0x30, 0x30, 0x33, 0x35, 0x38, 0x38, 0x31, 0x39, 0x39, // .072175003588199
	0x36, 0x31, 0x35, 0x34, 0x37, 0x38, 0x35, 0x31, 0x35, 0x36, 0x32, 0x35, 0x29, 0x2c, 0x20, 0x76, // 615478515625), v
	0x65, 0x63, 0x33, 0x28, 0x30, 0x2e, 0x30, 0x31, 0x39, 0x33, 0x33, 0x33, 0x39, 0x30, 0x30, 0x38, // ec3(0.0193339008
	0x38, 0x33, 0x37, 0x39, 0x33, 0x38, 0x33, 0x30, 0x38, 0x37, 0x31, 0x35, 0x38, 0x32, 0x30, 0x33, // 8379383087158203
	0x31, 0x32, 0x35, 0x2c, 0x20, 0x30, 0x2e, 0x31, 0x31, 0x39, 0x31, 0x39, 0x31, 0x39, 0x39, 0x36, // 125, 0.119191996
	0x37, 0x35, 0x33, 0x32, 0x31, 0x35, 0x37, 0x38, 0x39, 0x37, 0x39, 0x34, 0x39, 0x32, 0x31, 0x38, // 7532157897949218
	0x37, 0x35, 0x2c, 0x20, 0x30, 0x2e, 0x39, 0x35, 0x30, 0x33, 0x30, 0x34, 0x30, 0x39, 0x30, 0x39, // 75, 0.9503040909
	0x37, 0x36, 0x37, 0x31, 0x35, 0x30, 0x38, 0x37, 0x38, 0x39, 0x30, 0x36, 0x32, 0x35, 0x29, 0x29, // 76715087890625))
	0x20, 0x2a, 0x20, 0x5f, 0x32, 0x38, 0x34, 0x2e, 0x78, 0x79, 0x7a, 0x29, 0x29, 0x20, 0x2a, 0x20, //  * _284.xyz)) * 
	0x75, 0x5f, 0x70, 0x61, 0x72, 0x61, 0x6d, 0x73, 0x31, 0x2e, 0x79, 0x29, 0x20, 0x2a, 0x20, 0x39, // u_params1.y) * 9
	0x2e, 0x39, 0x39, 0x39, 0x39, 0x39, 0x39, 0x37, 0x34, 0x37, 0x33, 0x37, 0x38, 0x37, 0x35, 0x31, // .999999747378751
	0x36, 0x33, 0x35, 0x35, 0x35, 0x31, 0x34, 0x35, 0x32, 0x36, 0x33, 0x36, 0x37, 0x31, 0x38, 0x38, // 6355514526367188
	0x65, 0x2d, 0x30, 0x35, 0x2c, 0x20, 0x76, 0x65, 0x63, 0x33, 0x28, 0x30, 0x2e, 0x31, 0x35, 0x39, // e-05, vec3(0.159
	0x33, 0x30, 0x31, 0x37, 0x35, 0x37, 0x38, 0x31, 0x32, 0x35, 0x29, 0x29, 0x3b, 0x0a, 0x20, 0x20, // 3017578125));.  
	0x20, 0x20, 0x20, 0x20, 0x20, 0x20, 0x20, 0x20, 0x20, 0x20, 0x20, 0x20, 0x20, 0x20, 0x5f, 0x35, //               _5
	0x35, 0x34, 0x20, 0x3d, 0x20, 0x70, 0x6f, 0x77, 0x28, 0x28, 0x76, 0x65, 0x63, 0x33, 0x28, 0x30, // 54 = pow((vec3(0
	0x2e, 0x38, 0x33, 0x35, 0x39, 0x33, 0x37, 0x35, 0x29, 0x20, 0x2b, 0x20, 0x28, 0x5f, 0x35, 0x30, // .8359375) + (_50
	0x31, 0x20, 0x2a, 0x20, 0x31, 0x38, 0x2e, 0x38, 0x35, 0x31, 0x35, 0x36, 0x32, 0x35, 0x29, 0x29, // 1 * 18.8515625))
	0x20, 0x2f, 0x20, 0x28, 0x76, 0x65, 0x63, 0x33, 0x28, 0x31, 0x2e, 0x30, 0x29, 0x20, 0x2b, 0x20, //  / (vec3(1.0) + 
	0x28, 0x5f, 0x35, 0x30, 0x31, 0x20, 0x2a, 0x20, 0x31, 0x38, 0x2e, 0x36, 0x38, 0x37, 0x35, 0x29, // (_501 * 18.6875)
	0x29, 0x2c, 0x20, 0x76, 0x65, 0x63, 0x33, 0x28, 0x37, 0x38, 0x2e, 0x38, 0x34, 0x33, 0x37, 0x35, // ), vec3(78.84375
	0x29, 0x29, 0x3b, 0x0a, 0x20, 0x20, 0x20, 0x20, 0x20, 0x20, 0x20, 0x20, 0x20, 0x20, 0x20, 0x20, // ));.            
	0x7d, 0x0a, 0x20, 0x20, 0x20, 0x20, 0x20, 0x20, 0x20, 0x20, 0x20, 0x20, 0x20, 0x20, 0x65, 0x6c, // }.            el
	0x73, 0x65, 0x0a, 0x20, 0x20, 0x20, 0x20, 0x20, 0x20, 0x20, 0x20, 0x20, 0x20, 0x20, 0x20, 0x7b, // se.            {
	0x0a, 0x20, 0x20, 0x20, 0x20, 0x20, 0x20, 0x20, 0x20, 0x20, 0x20, 0x20, 0x20, 0x20, 0x20, 0x20, // .               
	0x20, 0x5f, 0x35, 0x35, 0x34, 0x20, 0x3d, 0x20, 0x76, 0x65, 0x63, 0x33, 0x28, 0x30, 0x2e, 0x30, //  _554 = vec3(0.0
	0x29, 0x3b, 0x0a, 0x20, 0x20, 0x20, 0x20, 0x20, 0x20, 0x20, 0x20, 0x20, 0x20, 0x20, 0x20, 0x7d, // );.            }
	0x0a, 0x20, 0x20, 0x20, 0x20, 0x20, 0x20, 0x20, 0x20, 0x20, 0x20, 0x20, 0x20, 0x5f, 0x35, 0x35, // .            _55
	0x33, 0x20, 0x3d, 0x20, 0x5f, 0x35, 0x35, 0x34, 0x3b, 0x0a, 0x20, 0x20, 0x20, 0x20, 0x20, 0x20, // 3 = _554;.      
	0x20, 0x20, 0x7d, 0x0a, 0x20, 0x20, 0x20, 0x20, 0x20, 0x20, 0x20, 0x20, 0x5f, 0x35, 0x35, 0x32, //   }.        _552
	0x20, 0x3d, 0x20, 0x5f, 0x35, 0x35, 0x33, 0x3b, 0x0a, 0x20, 0x20, 0x20, 0x20, 0x7d, 0x0a, 0x20, //  = _553;.    }. 
	0x20, 0x20, 0x20, 0x62, 0x67, 0x66, 0x78, 0x5f, 0x46, 0x72, 0x61, 0x67, 0x43, 0x6f, 0x6c, 0x6f, //    bgfx_FragColo
	0x72, 0x20, 0x3d, 0x20, 0x76, 0x65, 0x63, 0x34, 0x28, 0x5f, 0x35, 0x35, 0x32, 0x2c, 0x20, 0x5f, // r = vec4(_552, _
	0x32, 0x38, 0x34, 0x2e, 0x77, 0x29, 0x3b, 0x0a, 0x7d, 0x0a, 0x0a, 0x00,                         // 284.w);.}...
};
static const uint8_t fs_texture_3d_essl[3662] =
{
	0x46, 0x53, 0x48, 0x0c, 0x01, 0x83, 0xf2, 0xe1, 0x00, 0x00, 0x00, 0x00, 0x00, 0x00, 0x00, 0x00, // FSH.............
	0x00, 0x00, 0x00, 0x00, 0x03, 0x00, 0x09, 0x75, 0x5f, 0x70, 0x61, 0x72, 0x61, 0x6d, 0x73, 0x30, // .......u_params0
	0x02, 0x01, 0x00, 0x00, 0x01, 0x00, 0x00, 0x00, 0x00, 0x00, 0x09, 0x75, 0x5f, 0x70, 0x61, 0x72, // ...........u_par
	0x61, 0x6d, 0x73, 0x31, 0x02, 0x01, 0x00, 0x00, 0x01, 0x00, 0x00, 0x00, 0x00, 0x00, 0x0a, 0x73, // ams1...........s
	0x5f, 0x74, 0x65, 0x78, 0x43, 0x6f, 0x6c, 0x6f, 0x72, 0x00, 0x01, 0x00, 0x00, 0x01, 0x00, 0x00, // _texColor.......
	0x06, 0x00, 0x00, 0xf6, 0x0d, 0x00, 0x00, 0x70, 0x72, 0x65, 0x63, 0x69, 0x73, 0x69, 0x6f, 0x6e, // .......precision
	0x20, 0x6d, 0x65, 0x64, 0x69, 0x75, 0x6d, 0x70, 0x20, 0x66, 0x6c, 0x6f, 0x61, 0x74, 0x3b, 0x0a, //  mediump float;.
	0x70, 0x72, 0x65, 0x63, 0x69, 0x73, 0x69, 0x6f, 0x6e, 0x20, 0x68, 0x69, 0x67, 0x68, 0x70, 0x20, // precision highp 
	0x69, 0x6e, 0x74, 0x3b, 0x0a, 0x0a, 0x75, 0x6e, 0x69, 0x66, 0x6f, 0x72, 0x6d, 0x20, 0x68, 0x69, // int;..uniform hi
	0x67, 0x68, 0x70, 0x20, 0x76, 0x65, 0x63, 0x34, 0x20, 0x75, 0x5f, 0x70, 0x61, 0x72, 0x61, 0x6d, // ghp vec4 u_param
	0x73, 0x30, 0x3b, 0x0a, 0x75, 0x6e, 0x69, 0x66, 0x6f, 0x72, 0x6d, 0x20, 0x68, 0x69, 0x67, 0x68, // s0;.uniform high
	0x70, 0x20, 0x73, 0x61, 0x6d, 0x70, 0x6c, 0x65, 0x72, 0x33, 0x44, 0x20, 0x73, 0x5f, 0x74, 0x65, // p sampler3D s_te
	0x78, 0x43, 0x6f, 0x6c, 0x6f, 0x72, 0x3b, 0x0a, 0x75, 0x6e, 0x69, 0x66, 0x6f, 0x72, 0x6d, 0x20, // xColor;.uniform 
	0x68, 0x69, 0x67, 0x68, 0x70, 0x20, 0x76, 0x65, 0x63, 0x34, 0x20, 0x75, 0x5f, 0x70, 0x61, 0x72, // highp vec4 u_par
	0x61, 0x6d, 0x73, 0x31, 0x3b, 0x0a, 0x0a, 0x69, 0x6e, 0x20, 0x68, 0x69, 0x67, 0x68, 0x70, 0x20, // ams1;..in highp 
	0x76, 0x65, 0x63, 0x33, 0x20, 0x76, 0x5f, 0x74, 0x65, 0x78, 0x63, 0x6f, 0x6f, 0x72, 0x64, 0x30, // vec3 v_texcoord0
	0x3b, 0x0a, 0x69, 0x6e, 0x20, 0x68, 0x69, 0x67, 0x68, 0x70, 0x20, 0x76, 0x65, 0x63, 0x34, 0x20, // ;.in highp vec4 
	0x76, 0x5f, 0x63, 0x6f, 0x6c, 0x6f, 0x72, 0x30, 0x3b, 0x0a, 0x6c, 0x61, 0x79, 0x6f, 0x75, 0x74, // v_color0;.layout
	0x28, 0x6c, 0x6f, 0x63, 0x61, 0x74, 0x69, 0x6f, 0x6e, 0x20, 0x3d, 0x20, 0x30, 0x29, 0x20, 0x6f, // (location = 0) o
	0x75, 0x74, 0x20, 0x68, 0x69, 0x67, 0x68, 0x70, 0x20, 0x76, 0x65, 0x63, 0x34, 0x20, 0x62, 0x67, // ut highp vec4 bg
	0x66, 0x78, 0x5f, 0x46, 0x72, 0x61, 0x67, 0x43, 0x6f, 0x6c, 0x6f, 0x72, 0x3b, 0x0a, 0x0a, 0x76, // fx_FragColor;..v
	0x6f, 0x69, 0x64, 0x20, 0x6d, 0x61, 0x69, 0x6e, 0x28, 0x29, 0x0a, 0x7b, 0x0a, 0x20, 0x20, 0x20, // oid main().{.   
	0x20, 0x68, 0x69, 0x67, 0x68, 0x70, 0x20, 0x76, 0x65, 0x63, 0x34, 0x20, 0x5f, 0x32, 0x36, 0x39, //  highp vec4 _269
	0x20, 0x3d, 0x20, 0x74, 0x65, 0x78, 0x74, 0x75, 0x72, 0x65, 0x4c, 0x6f, 0x64, 0x28, 0x73, 0x5f, //  = textureLod(s_
	0x74, 0x65, 0x78, 0x43, 0x6f, 0x6c, 0x6f, 0x72, 0x2c, 0x20, 0x76, 0x65, 0x63, 0x33, 0x28, 0x76, // texColor, vec3(v
	0x5f, 0x74, 0x65, 0x78, 0x63, 0x6f, 0x6f, 0x72, 0x64, 0x30, 0x2e, 0x78, 0x79, 0x2c, 0x20, 0x75, // _texcoord0.xy, u
	0x5f, 0x70, 0x61, 0x72, 0x61, 0x6d, 0x73, 0x30, 0x2e, 0x79, 0x29, 0x2c, 0x20, 0x75, 0x5f, 0x70, // _params0.y), u_p
	0x61, 0x72, 0x61, 0x6d, 0x73, 0x30, 0x2e, 0x78, 0x29, 0x3b, 0x0a, 0x20, 0x20, 0x20, 0x20, 0x68, // arams0.x);.    h
	0x69, 0x67, 0x68, 0x70, 0x20, 0x76, 0x65, 0x63, 0x33, 0x20, 0x5f, 0x32, 0x37, 0x32, 0x20, 0x3d, // ighp vec3 _272 =
	0x20, 0x5f, 0x32, 0x36, 0x39, 0x2e, 0x78, 0x79, 0x7a, 0x3b, 0x0a, 0x20, 0x20, 0x20, 0x20, 0x68, //  _269.xyz;.    h
	0x69, 0x67, 0x68, 0x70, 0x20, 0x76, 0x65, 0x63, 0x33, 0x20, 0x5f, 0x33, 0x33, 0x38, 0x20, 0x3d, // ighp vec3 _338 =
	0x20, 0x6d, 0x69, 0x78, 0x28, 0x70, 0x6f, 0x77, 0x28, 0x61, 0x62, 0x73, 0x28, 0x5f, 0x32, 0x37, //  mix(pow(abs(_27
	0x32, 0x29, 0x2c, 0x20, 0x76, 0x65, 0x63, 0x33, 0x28, 0x32, 0x2e, 0x32, 0x30, 0x30, 0x30, 0x30, // 2), vec3(2.20000
	0x30, 0x30, 0x34, 0x37, 0x36, 0x38, 0x33, 0x37, 0x31, 0x35, 0x38, 0x32, 0x30, 0x33, 0x31, 0x32, // 0047683715820312
	0x35, 0x29, 0x29, 0x2c, 0x20, 0x5f, 0x32, 0x37, 0x32, 0x2c, 0x20, 0x76, 0x65, 0x63, 0x33, 0x28, // 5)), _272, vec3(
	0x75, 0x5f, 0x70, 0x61, 0x72, 0x61, 0x6d, 0x73, 0x30, 0x2e, 0x7a, 0x29, 0x29, 0x20, 0x2a, 0x20, // u_params0.z)) * 
	0x70, 0x6f, 0x77, 0x28, 0x32, 0x2e, 0x30, 0x2c, 0x20, 0x75, 0x5f, 0x70, 0x61, 0x72, 0x61, 0x6d, // pow(2.0, u_param
	0x73, 0x30, 0x2e, 0x77, 0x29, 0x3b, 0x0a, 0x20, 0x20, 0x20, 0x20, 0x68, 0x69, 0x67, 0x68, 0x70, // s0.w);.    highp
	0x20, 0x76, 0x65, 0x63, 0x34, 0x20, 0x5f, 0x35, 0x33, 0x31, 0x20, 0x3d, 0x20, 0x5f, 0x32, 0x36, //  vec4 _531 = _26
	0x39, 0x3b, 0x0a, 0x20, 0x20, 0x20, 0x20, 0x5f, 0x35, 0x33, 0x31, 0x2e, 0x78, 0x20, 0x3d, 0x20, // 9;.    _531.x = 
	0x5f, 0x33, 0x33, 0x38, 0x2e, 0x78, 0x3b, 0x0a, 0x20, 0x20, 0x20, 0x20, 0x5f, 0x35, 0x33, 0x31, // _338.x;.    _531
	0x2e, 0x79, 0x20, 0x3d, 0x20, 0x5f, 0x33, 0x33, 0x38, 0x2e, 0x79, 0x3b, 0x0a, 0x20, 0x20, 0x20, // .y = _338.y;.   
	0x20, 0x5f, 0x35, 0x33, 0x31, 0x2e, 0x7a, 0x20, 0x3d, 0x20, 0x5f, 0x33, 0x33, 0x38, 0x2e, 0x7a, //  _531.z = _338.z
	0x3b, 0x0a, 0x20, 0x20, 0x20, 0x20, 0x68, 0x69, 0x67, 0x68, 0x70, 0x20, 0x76, 0x65, 0x63, 0x34, // ;.    highp vec4
	0x20, 0x5f, 0x32, 0x38, 0x34, 0x20, 0x3d, 0x20, 0x5f, 0x35, 0x33, 0x31, 0x20, 0x2a, 0x20, 0x76, //  _284 = _531 * v
	0x5f, 0x63, 0x6f, 0x6c, 0x6f, 0x72, 0x30, 0x3b, 0x0a, 0x20, 0x20, 0x20, 0x20, 0x68, 0x69, 0x67, // _color0;.    hig
	0x68, 0x70, 0x20, 0x76, 0x65, 0x63, 0x33, 0x20, 0x5f, 0x35, 0x35, 0x32, 0x3b, 0x0a, 0x20, 0x20, // hp vec3 _552;.  
	0x20, 0x20, 0x69, 0x66, 0x20, 0x28, 0x75, 0x5f, 0x70, 0x61, 0x72, 0x61, 0x6d, 0x73, 0x31, 0x2e, //   if (u_params1.
	0x78, 0x20, 0x3c, 0x20, 0x30, 0x2e, 0x35, 0x29, 0x0a, 0x20, 0x20, 0x20, 0x20, 0x7b, 0x0a, 0x20, // x < 0.5).    {. 
	0x20, 0x20, 0x20, 0x20, 0x20, 0x20, 0x20, 0x68, 0x69, 0x67, 0x68, 0x70, 0x20, 0x76, 0x65, 0x63, //        highp vec
	0x33, 0x20, 0x5f, 0x33, 0x36, 0x37, 0x20, 0x3d, 0x20, 0x63, 0x6c, 0x61, 0x6d, 0x70, 0x28, 0x5f, // 3 _367 = clamp(_
	0x32, 0x38, 0x34, 0x2e, 0x78, 0x79, 0x7a, 0x2c, 0x20, 0x76, 0x65, 0x63, 0x33, 0x28, 0x30, 0x2e, // 284.xyz, vec3(0.
	0x30, 0x29, 0x2c, 0x20, 0x76, 0x65, 0x63, 0x33, 0x28, 0x31, 0x2e, 0x30, 0x29, 0x29, 0x3b, 0x0a, // 0), vec3(1.0));.
	0x20, 0x20, 0x20, 0x20, 0x20, 0x20, 0x20, 0x20, 0x68, 0x69, 0x67, 0x68, 0x70, 0x20, 0x66, 0x6c, //         highp fl
	0x6f, 0x61, 0x74, 0x20, 0x5f, 0x34, 0x30, 0x38, 0x20, 0x3d, 0x20, 0x5f, 0x33, 0x36, 0x37, 0x2e, // oat _408 = _367.
	0x78, 0x3b, 0x0a, 0x20, 0x20, 0x20, 0x20, 0x20, 0x20, 0x20, 0x20, 0x68, 0x69, 0x67, 0x68, 0x70, // x;.        highp
	0x20, 0x66, 0x6c, 0x6f, 0x61, 0x74, 0x20, 0x5f, 0x35, 0x34, 0x36, 0x3b, 0x0a, 0x20, 0x20, 0x20, //  float _546;.   
	0x20, 0x20, 0x20, 0x20, 0x20, 0x64, 0x6f, 0x0a, 0x20, 0x20, 0x20, 0x20, 0x20, 0x20, 0x20, 0x20, //      do.        
	0x7b, 0x0a, 0x20, 0x20, 0x20, 0x20, 0x20, 0x20, 0x20, 0x20, 0x20, 0x20, 0x20, 0x20, 0x69, 0x66, // {.            if
	0x20, 0x28, 0x5f, 0x34, 0x30, 0x38, 0x20, 0x3c, 0x3d, 0x20, 0x30, 0x2e, 0x30, 0x30, 0x33, 0x31, //  (_408 <= 0.0031
	0x33, 0x30, 0x38, 0x30, 0x30, 0x30, 0x39, 0x30, 0x37, 0x33, 0x30, 0x31, 0x39, 0x30, 0x32, 0x37, // 3080009073019027
	0x37, 0x30, 0x39, 0x39, 0x36, 0x30, 0x39, 0x33, 0x37, 0x35, 0x29, 0x0a, 0x20, 0x20, 0x20, 0x20, // 7099609375).    
	0x20, 0x20, 0x20, 0x20, 0x20, 0x20, 0x20, 0x20, 0x7b, 0x0a, 0x20, 0x20, 0x20, 0x20, 0x20, 0x20, //         {.      
	0x20, 0x20, 0x20, 0x20, 0x20, 0x20, 0x20, 0x20, 0x20, 0x20, 0x5f, 0x35, 0x34, 0x36, 0x20, 0x3d, //           _546 =
	0x20, 0x31, 0x32, 0x2e, 0x39, 0x32, 0x30, 0x30, 0x30, 0x30, 0x30, 0x37, 0x36, 0x32, 0x39, 0x33, //  12.920000076293
	0x39, 0x34, 0x35, 0x33, 0x31, 0x32, 0x35, 0x20, 0x2a, 0x20, 0x5f, 0x34, 0x30, 0x38, 0x3b, 0x0a, // 9453125 * _408;.
	0x20, 0x20, 0x20, 0x20, 0x20, 0x20, 0x20, 0x20, 0x20, 0x20, 0x20, 0x20, 0x20, 0x20, 0x20, 0x20, //                 
	0x62, 0x72, 0x65, 0x61, 0x6b, 0x3b, 0x0a, 0x20, 0x20, 0x20, 0x20, 0x20, 0x20, 0x20, 0x20, 0x20, // break;.         
	0x20, 0x20, 0x20, 0x7d, 0x0a, 0x20, 0x20, 0x20, 0x20, 0x20, 0x20, 0x20, 0x20, 0x20, 0x20, 0x20, //    }.           
	0x20, 0x65, 0x6c, 0x73, 0x65, 0x0a, 0x20, 0x20, 0x20, 0x20, 0x20, 0x20, 0x20, 0x20, 0x20, 0x20, //  else.          
	0x20, 0x20, 0x7b, 0x0a, 0x20, 0x20, 0x20, 0x20, 0x20, 0x20, 0x20, 0x20, 0x20, 0x20, 0x20, 0x20, //   {.            
	0x20, 0x20, 0x20, 0x20, 0x5f, 0x35, 0x34, 0x36, 0x20, 0x3d, 0x20, 0x28, 0x31, 0x2e, 0x30, 0x35, //     _546 = (1.05
	0x34, 0x39, 0x39, 0x39, 0x39, 0x34, 0x37, 0x35, 0x34, 0x37, 0x39, 0x31, 0x32, 0x35, 0x39, 0x37, // 4999947547912597
	0x36, 0x35, 0x36, 0x32, 0x35, 0x20, 0x2a, 0x20, 0x70, 0x6f, 0x77, 0x28, 0x5f, 0x34, 0x30, 0x38, // 65625 * pow(_408
	0x2c, 0x20, 0x30, 0x2e, 0x34, 0x31, 0x36, 0x36, 0x36, 0x36, 0x36, 0x35, 0x36, 0x37, 0x33, 0x32, // , 0.416666656732
	0x35, 0x35, 0x39, 0x32, 0x30, 0x34, 0x31, 0x30, 0x31, 0x35, 0x36, 0x32, 0x35, 0x29, 0x29, 0x20, // 5592041015625)) 
	0x2d, 0x20, 0x30, 0x2e, 0x30, 0x35, 0x34, 0x39, 0x39, 0x39, 0x39, 0x39, 0x39, 0x37, 0x30, 0x31, // - 0.054999999701
	0x39, 0x37, 0x36, 0x37, 0x37, 0x36, 0x31, 0x32, 0x33, 0x30, 0x34, 0x36, 0x38, 0x37, 0x35, 0x3b, // 976776123046875;
	0x0a, 0x20, 0x20, 0x20, 0x20, 0x20, 0x20, 0x20, 0x20, 0x20, 0x20, 0x20, 0x20, 0x20, 0x20, 0x20, // .               
	0x20, 0x62, 0x72, 0x65, 0x61, 0x6b, 0x3b, 0x0a, 0x20, 0x20, 0x20, 0x20, 0x20, 0x20, 0x20, 0x20, //  break;.        
	0x20, 0x20, 0x20, 0x20, 0x7d, 0x0a, 0x20, 0x20, 0x20, 0x20, 0x20, 0x20, 0x20, 0x20, 0x20, 0x20, //     }.          
	0x20, 0x20, 0x62, 0x72, 0x65, 0x61, 0x6b, 0x3b, 0x20, 0x2f, 0x2f, 0x20, 0x75, 0x6e, 0x72, 0x65, //   break; // unre
	0x61, 0x63, 0x68, 0x61, 0x62, 0x6c, 0x65, 0x20, 0x77, 0x6f, 0x72, 0x6b, 0x61, 0x72, 0x6f, 0x75, // achable workarou
	0x6e, 0x64, 0x0a, 0x20, 0x20, 0x20, 0x20, 0x20, 0x20, 0x20, 0x20, 0x7d, 0x20, 0x77, 0x68, 0x69, // nd.        } whi
	0x6c, 0x65, 0x28, 0x66, 0x61, 0x6c, 0x73, 0x65, 0x29, 0x3b, 0x0a, 0x20, 0x20, 0x20, 0x20, 0x20, // le(false);.     
	0x20, 0x20, 0x20, 0x68, 0x69, 0x67, 0x68, 0x70, 0x20, 0x66, 0x6c, 0x6f, 0x61, 0x74, 0x20, 0x5f, //    highp float _
	0x34, 0x31, 0x32, 0x20, 0x3d, 0x20, 0x5f, 0x33, 0x36, 0x37, 0x2e, 0x79, 0x3b, 0x0a, 0x20, 0x20, // 412 = _367.y;.  
	0x20, 0x20, 0x20, 0x20, 0x20, 0x20, 0x68, 0x69, 0x67, 0x68, 0x70, 0x20, 0x66, 0x6c, 0x6f, 0x61, //       highp floa
	0x74, 0x20, 0x5f, 0x35, 0x34, 0x38, 0x3b, 0x0a, 0x20, 0x20, 0x20, 0x20, 0x20, 0x20, 0x20, 0x20, // t _548;.        
	0x64, 0x6f, 0x0a, 0x20, 0x20, 0x20, 0x20, 0x20, 0x20, 0x20, 0x20, 0x7b, 0x0a, 0x20, 0x20, 0x20, // do.        {.   
	0x20, 0x20, 0x20, 0x20, 0x20, 0x20, 0x20, 0x20, 0x20, 0x69, 0x66, 0x20, 0x28, 0x5f, 0x34, 0x31, //          if (_41
	0x32, 0x20, 0x3c, 0x3d, 0x20, 0x30, 0x2e, 0x30, 0x30, 0x33, 0x31, 0x33, 0x30, 0x38, 0x30, 0x30, // 2 <= 0.003130800
	0x30, 0x39, 0x30, 0x37, 0x33, 0x30, 0x31, 0x39, 0x30, 0x32, 0x37, 0x37, 0x30, 0x39, 0x39, 0x36, // 0907301902770996
	0x30, 0x39, 0x33, 0x37, 0x35, 0x29, 0x0a, 0x20, 0x20, 0x20, 0x20, 0x20, 0x20, 0x20, 0x20, 0x20, // 09375).         
	0x20, 0x20, 0x20, 0x7b, 0x0a, 0x20, 0x20, 0x20, 0x20, 0x20, 0x20, 0x20, 0x20, 0x20, 0x20, 0x20, //    {.           
	0x20, 0x20, 0x20, 0x20, 0x20, 0x5f, 0x35, 0x34, 0x38, 0x20, 0x3d, 0x20, 0x31, 0x32, 0x2e, 0x39, //      _548 = 12.9
	0x32, 0x30, 0x30, 0x30, 0x30, 0x30, 0x37, 0x36, 0x32, 0x39, 0x33, 0x39, 0x34, 0x35, 0x33, 0x31, // 2000007629394531
	0x32, 0x35, 0x20, 0x2a, 0x20, 0x5f, 0x34, 0x31, 0x32, 0x3b, 0x0a, 0x20, 0x20, 0x20, 0x20, 0x20, // 25 * _412;.     
	0x20, 0x20, 0x20, 0x20, 0x20, 0x20, 0x20, 0x20, 0x20, 0x20, 0x20, 0x62, 0x72, 0x65, 0x61, 0x6b, //            break
	0x3b, 0x0a, 0x20, 0x20, 0x20, 0x20, 0x20, 0x20, 0x20, 0x20, 0x20, 0x20, 0x20, 0x20, 0x7d, 0x0a, // ;.            }.
	0x20, 0x20, 0x20, 0x20, 0x20, 0x20, 0x20, 0x20, 0x20, 0x20, 0x20, 0x20, 0x65, 0x6c, 0x73, 0x65, //             else
	0x0a, 0x20, 0x20, 0x20, 0x20, 0x20, 0x20, 0x20, 0x20, 0x20, 0x20, 0x20, 0x20, 0x7b, 0x0a, 0x20, // .            {. 
	0x20, 0x20, 0x20, 0x20, 0x20, 0x20, 0x20, 0x20, 0x20, 0x20, 0x20, 0x20, 0x20, 0x20, 0x20, 0x5f, //                _
	0x35, 0x34, 0x38, 0x20, 0x3d, 0x20, 0x28, 0x31, 0x2e, 0x30, 0x35, 0x34, 0x39, 0x39, 0x39, 0x39, // 548 = (1.0549999
	0x34, 0x37, 0x35, 0x34, 0x37, 0x39, 0x31, 0x32, 0x35, 0x39, 0x37, 0x36, 0x35, 0x36, 0x32, 0x35, // 4754791259765625
	0x20, 0x2a, 0x20, 0x70, 0x6f, 0x77, 0x28, 0x5f, 0x34, 0x31, 0x32, 0x2c, 0x20, 0x30, 0x2e, 0x34, //  * pow(_412, 0.4
	0x31, 0x36, 0x36, 0x36, 0x36, 0x36, 0x35, 0x36, 0x37, 0x33, 0x32, 0x35, 0x35, 0x39, 0x32, 0x30, // 1666665673255920
	0x34, 0x31, 0x30, 0x31, 0x35, 0x36, 0x32, 0x35, 0x29, 0x29, 0x20, 0x2d, 0x20, 0x30, 0x2e, 0x30, // 41015625)) - 0.0
	0x35, 0x34, 0x39, 0x39, 0x39, 0x39, 0x39, 0x39, 0x37, 0x30, 0x31, 0x39, 0x37, 0x36, 0x37, 0x37, // 5499999970197677
	0x36, 0x31, 0x32, 0x33, 0x30, 0x34, 0x36, 0x38, 0x37, 0x35, 0x3b, 0x0a, 0x20, 0x20, 0x20, 0x20, // 6123046875;.    
	0x20, 0x20, 0x20, 0x20, 0x20, 0x20, 0x20, 0x20, 0x20, 0x20, 0x20, 0x20, 0x62, 0x72, 0x65, 0x61, //             brea
	0x6b, 0x3b, 0x0a, 0x20, 0x20, 0x20, 0x20, 0x20, 0x20, 0x20, 0x20, 0x20, 0x20, 0x20, 0x20, 0x7d, // k;.            }
	0x0a, 0x20, 0x20, 0x20, 0x20, 0x20, 0x20, 0x20, 0x20, 0x20, 0x20, 0x20, 0x20, 0x62, 0x72, 0x65, // .            bre
	0x61, 0x6b, 0x3b, 0x20, 0x2f, 0x2f, 0x20, 0x75, 0x6e, 0x72, 0x65, 0x61, 0x63, 0x68, 0x61, 0x62, // ak; // unreachab
	0x6c, 0x65, 0x20, 0x77, 0x6f, 0x72, 0x6b, 0x61, 0x72, 0x6f, 0x75, 0x6e, 0x64, 0x0a, 0x20, 0x20, // le workaround.  
	0x20, 0x20, 0x20, 0x20, 0x20, 0x20, 0x7d, 0x20, 0x77, 0x68, 0x69, 0x6c, 0x65, 0x28, 0x66, 0x61, //       } while(fa
	0x6c, 0x73, 0x65, 0x29, 0x3b, 0x0a, 0x20, 0x20, 0x20, 0x20, 0x20, 0x20, 0x20, 0x20, 0x68, 0x69, // lse);.        hi
	0x67, 0x68, 0x70, 0x20, 0x66, 0x6c, 0x6f, 0x61, 0x74, 0x20, 0x5f, 0x34, 0x31, 0x36, 0x20, 0x3d, // ghp float _416 =
	0x20, 0x5f, 0x33, 0x36, 0x37, 0x2e, 0x7a, 0x3b, 0x0a, 0x20, 0x20, 0x20, 0x20, 0x20, 0x20, 0x20, //  _367.z;.       
	0x20, 0x68, 0x69, 0x67, 0x68, 0x70, 0x20, 0x66, 0x6c, 0x6f, 0x61, 0x74, 0x20, 0x5f, 0x35, 0x35, //  highp float _55
	0x30, 0x3b, 0x0a, 0x20, 0x20, 0x20, 0x20, 0x20, 0x20, 0x20, 0x20, 0x64, 0x6f, 0x0a, 0x20, 0x20, // 0;.        do.  
	0x20, 0x20, 0x20, 0x20, 0x20, 0x20, 0x7b, 0x0a, 0x20, 0x20, 0x20, 0x20, 0x20, 0x20, 0x20, 0x20, //       {.        
	0x20, 0x20, 0x20, 0x20, 0x69, 0x66, 0x20, 0x28, 0x5f, 0x34, 0x31, 0x36, 0x20, 0x3c, 0x3d, 0x20, //     if (_416 <= 
	0x30, 0x2e, 0x30, 0x30, 0x33, 0x31, 0x33, 0x30, 0x38, 0x30, 0x30, 0x30, 0x39, 0x30, 0x37, 0x33, // 0.00313080009073
	0x30, 0x31, 0x39, 0x30, 0x32, 0x37, 0x37, 0x30, 0x39, 0x39, 0x36, 0x30, 0x39, 0x33, 0x37, 0x35, // 0190277099609375
	0x29, 0x0a, 0x20, 0x20, 0x20, 0x20, 0x20, 0x20, 0x20, 0x20, 0x20, 0x20, 0x20, 0x20, 0x7b, 0x0a, // ).            {.
	0x20, 0x20, 0x20, 0x20, 0x20, 0x20, 0x20, 0x20, 0x20, 0x20, 0x20, 0x20, 0x20, 0x20, 0x20, 0x20, //                 
	0x5f, 0x35, 0x35, 0x30, 0x20, 0x3d, 0x20, 0x31, 0x32, 0x2e, 0x39, 0x32, 0x30, 0x30, 0x30, 0x30, // _550 = 12.920000
	0x30, 0x37, 0x36, 0x32, 0x39, 0x33, 0x39, 0x34, 0x35, 0x33, 0x31, 0x32, 0x35, 0x20, 0x2a, 0x20, // 0762939453125 * 
	0x5f, 0x34, 0x31, 0x36, 0x3b, 0x0a, 0x20, 0x20, 0x20, 0x20, 0x20, 0x20, 0x20, 0x20, 0x20, 0x20, // _416;.          
	0x20, 0x20, 0x20, 0x20, 0x20, 0x20, 0x62, 0x72, 0x65, 0x61, 0x6b, 0x3b, 0x0a, 0x20, 0x20, 0x20, //       break;.   
	0x20, 0x20, 0x20, 0x20, 0x20, 0x20, 0x20, 0x20, 0x20, 0x7d, 0x0a, 0x20, 0x20, 0x20, 0x20, 0x20, //          }.     
	0x20, 0x20, 0x20, 0x20, 0x20, 0x20, 0x20, 0x65, 0x6c, 0x73, 0x65, 0x0a, 0x20, 0x20, 0x20, 0x20, //        else.    
	0x20, 0x20, 0x20, 0x20, 0x20, 0x20, 0x20, 0x20, 0x7b, 0x0a, 0x20, 0x20, 0x20, 0x20, 0x20, 0x20, //         {.      
	0x20, 0x20, 0x20, 0x20, 0x20, 0x20, 0x20, 0x20, 0x20, 0x20, 0x5f, 0x35, 0x35, 0x30, 0x20, 0x3d, //           _550 =
	0x20, 0x28, 0x31, 0x2e, 0x30, 0x35, 0x34, 0x39, 0x39, 0x39, 0x39, 0x34, 0x37, 0x35, 0x34, 0x37, //  (1.054999947547
	0x39, 0x31, 0x32, 0x35, 0x39, 0x37, 0x36, 0x35, 0x36, 0x32, 0x35, 0x20, 0x2a, 0x20, 0x70, 0x6f, // 91259765625 * po
	0x77, 0x28, 0x5f, 0x34, 0x31, 0x36, 0x2c, 0x20, 0x30, 0x2e, 0x34, 0x31, 0x36, 0x36, 0x36, 0x36, // w(_416, 0.416666
	0x36, 0x35, 0x36, 0x37, 0x33, 0x32, 0x35, 0x35, 0x39, 0x32, 0x30, 0x34, 0x31, 0x30, 0x31, 0x35, // 6567325592041015
	0x36, 0x32, 0x35, 0x29, 0x29, 0x20, 0x2d, 0x20, 0x30, 0x2e, 0x30, 0x35, 0x34, 0x39, 0x39, 0x39, // 625)) - 0.054999
	0x39, 0x39, 0x39, 0x37, 0x30, 0x31, 0x39, 0x37, 0x36, 0x37, 0x37, 0x36, 0x31, 0x32, 0x33, 0x30, // 9997019767761230
	0x34, 0x36, 0x38, 0x37, 0x35, 0x3b, 0x0a, 0x20, 0x20, 0x20, 0x20, 0x20, 0x20, 0x20, 0x20, 0x20, // 46875;.         
	0x20, 0x20, 0x20, 0x20, 0x20, 0x20, 0x20, 0x62, 0x72, 0x65, 0x61, 0x6b, 0x3b, 0x0a, 0x20, 0x20, //        break;.  
	0x20, 0x20, 0x20, 0x20, 0x20, 0x20, 0x20, 0x20, 0x20, 0x20, 0x7d, 0x0a, 0x20, 0x20, 0x20, 0x20, //           }.    
	0x20, 0x20, 0x20, 0x20, 0x20, 0x20, 0x20, 0x20, 0x62, 0x72, 0x65, 0x61, 0x6b, 0x3b, 0x20, 0x2f, //         break; /
	0x2f, 0x20, 0x75, 0x6e, 0x72, 0x65, 0x61, 0x63, 0x68, 0x61, 0x62, 0x6c, 0x65, 0x20, 0x77, 0x6f, // / unreachable wo
	0x72, 0x6b, 0x61, 0x72, 0x6f, 0x75, 0x6e, 0x64, 0x0a, 0x20, 0x20, 0x20, 0x20, 0x20, 0x20, 0x20, // rkaround.       
	0x20, 0x7d, 0x20, 0x77, 0x68, 0x69, 0x6c, 0x65, 0x28, 0x66, 0x61, 0x6c, 0x73, 0x65, 0x29, 0x3b, //  } while(false);
	0x0a, 0x20, 0x20, 0x20, 0x20, 0x20, 0x20, 0x20, 0x20, 0x5f, 0x35, 0x35, 0x32, 0x20, 0x3d, 0x20, // .        _552 = 
	0x76, 0x65, 0x63, 0x33, 0x28, 0x5f, 0x35, 0x34, 0x36, 0x2c, 0x20, 0x5f, 0x35, 0x34, 0x38, 0x2c, // vec3(_546, _548,
	0x20, 0x5f, 0x35, 0x35, 0x30, 0x29, 0x3b, 0x0a, 0x20, 0x20, 0x20, 0x20, 0x7d, 0x0a, 0x20, 0x20, //  _550);.    }.  
	0x20, 0x20, 0x65, 0x6c, 0x73, 0x65, 0x0a, 0x20, 0x20, 0x20, 0x20, 0x7b, 0x0a, 0x20, 0x20, 0x20, //   else.    {.   
	0x20, 0x20, 0x20, 0x20, 0x20, 0x68, 0x69, 0x67, 0x68, 0x70, 0x20, 0x76, 0x65, 0x63, 0x33, 0x20, //      highp vec3 
	0x5f, 0x35, 0x35, 0x33, 0x3b, 0x0a, 0x20, 0x20, 0x20, 0x20, 0x20, 0x20, 0x20, 0x20, 0x69, 0x66, // _553;.        if
	0x20, 0x28, 0x75, 0x5f, 0x70, 0x61, 0x72, 0x61, 0x6d, 0x73, 0x31, 0x2e, 0x78, 0x20, 0x3c, 0x20, //  (u_params1.x < 
	0x31, 0x2e, 0x35, 0x29, 0x0a, 0x20, 0x20, 0x20, 0x20, 0x20, 0x20, 0x20, 0x20, 0x7b, 0x0a, 0x20, // 1.5).        {. 
	0x20, 0x20, 0x20, 0x20, 0x20, 0x20, 0x20, 0x20, 0x20, 0x20, 0x20, 0x5f, 0x35, 0x35, 0x33, 0x20, //            _553 
	0x3d, 0x20, 0x5f, 0x32, 0x38, 0x34, 0x2e, 0x78, 0x79, 0x7a, 0x3b, 0x0a, 0x20, 0x20, 0x20, 0x20, // = _284.xyz;.    
	0x20, 0x20, 0x20, 0x20, 0x7d, 0x0a, 0x20, 0x20, 0x20, 0x20, 0x20, 0x20, 0x20, 0x20, 0x65, 0x6c, //     }.        el
	0x73, 0x65, 0x0a, 0x20, 0x20, 0x20, 0x20, 0x20, 0x20, 0x20, 0x20, 0x7b, 0x0a, 0x20, 0x20, 0x20, // se.        {.   
	0x20, 0x20, 0x20, 0x20, 0x20, 0x20, 0x20, 0x20, 0x20, 0x68, 0x69, 0x67, 0x68, 0x70, 0x20, 0x76, //          highp v
	0x65, 0x63, 0x33, 0x20, 0x5f, 0x35, 0x35, 0x34, 0x3b, 0x0a, 0x20, 0x20, 0x20, 0x20, 0x20, 0x20, // ec3 _554;.      
	0x20, 0x20, 0x20, 0x20, 0x20, 0x20, 0x69, 0x66, 0x20, 0x28, 0x75, 0x5f, 0x70, 0x61, 0x72, 0x61, //       if (u_para
	0x6d, 0x73, 0x31, 0x2e, 0x78, 0x20, 0x3c, 0x20, 0x32, 0x2e, 0x35, 0x29, 0x0a, 0x20, 0x20, 0x20, // ms1.x < 2.5).   
	0x20, 0x20, 0x20, 0x20, 0x20, 0x20, 0x20, 0x20, 0x20, 0x7b, 0x0a, 0x20, 0x20, 0x20, 0x20, 0x20, //          {.     
	0x20, 0x20, 0x20, 0x20, 0x20, 0x20, 0x20, 0x20, 0x20, 0x20, 0x20, 0x68, 0x69, 0x67, 0x68, 0x70, //            highp
	0x20, 0x76, 0x65, 0x63, 0x33, 0x20, 0x5f, 0x35, 0x30, 0x31, 0x20, 0x3d, 0x20, 0x70, 0x6f, 0x77, //  vec3 _501 = pow
	0x28, 0x28, 0x28, 0x6d, 0x61, 0x74, 0x33, 0x28, 0x76, 0x65, 0x63, 0x33, 0x28, 0x31, 0x2e, 0x37, // (((mat3(vec3(1.7
	0x31, 0x36, 0x36, 0x35, 0x31, 0x32, 0x30, 0x31, 0x32, 0x34, 0x38, 0x31, 0x36, 0x38, 0x39, 0x34, // 1665120124816894
	0x35, 0x33, 0x31, 0x32, 0x35, 0x2c, 0x20, 0x2d, 0x30, 0x2e, 0x33, 0x35, 0x35, 0x36, 0x37, 0x30, // 53125, -0.355670
	0x38, 0x30, 0x39, 0x37, 0x34, 0x35, 0x37, 0x38, 0x38, 0x35, 0x37, 0x34, 0x32, 0x31, 0x38, 0x37, // 8097457885742187
	0x35, 0x2c, 0x20, 0x2d, 0x30, 0x2e, 0x32, 0x35, 0x33, 0x33, 0x36, 0x36, 0x32, 0x39, 0x31, 0x35, // 5, -0.2533662915
	0x32, 0x32, 0x39, 0x37, 0x39, 0x37, 0x33, 0x36, 0x33, 0x32, 0x38, 0x31, 0x32, 0x35, 0x29, 0x2c, // 22979736328125),
	0x20, 0x76, 0x65, 0x63, 0x33, 0x28, 0x2d, 0x30, 0x2e, 0x36, 0x36, 0x36, 0x36, 0x38, 0x34, 0x33, //  vec3(-0.6666843
	0x38, 0x39, 0x31, 0x31, 0x34, 0x33, 0x37, 0x39, 0x38, 0x38, 0x32, 0x38, 0x31, 0x32, 0x35, 0x2c, // 891143798828125,
	0x20, 0x31, 0x2e, 0x36, 0x31, 0x36, 0x34, 0x38, 0x31, 0x31, 0x38, 0x34, 0x39, 0x35, 0x39, 0x34, //  1.6164811849594
	0x31, 0x31, 0x36, 0x32, 0x31, 0x30, 0x39, 0x33, 0x37, 0x35, 0x2c, 0x20, 0x30, 0x2e, 0x30, 0x31, // 1162109375, 0.01
	0x35, 0x37, 0x36, 0x38, 0x35, 0x30, 0x30, 0x30, 0x34, 0x34, 0x39, 0x34, 0x31, 0x39, 0x30, 0x32, // 5768500044941902
	0x31, 0x36, 0x30, 0x36, 0x34, 0x34, 0x35, 0x33, 0x31, 0x32, 0x35, 0x29, 0x2c, 0x20, 0x76, 0x65, // 16064453125), ve
	0x63, 0x33, 0x28, 0x30, 0x2e, 0x30, 0x31, 0x37, 0x36, 0x33, 0x39, 0x38, 0x39, 0x39, 0x36, 0x32, // c3(0.01763989962
	0x36, 0x33, 0x37, 0x34, 0x32, 0x34, 0x34, 0x36, 0x38, 0x39, 0x39, 0x34, 0x31, 0x34, 0x30, 0x36, // 6374244689941406
	0x32, 0x35, 0x2c, 0x20, 0x2d, 0x30, 0x2e, 0x30, 0x34, 0x32, 0x37, 0x37, 0x30, 0x36, 0x30, 0x31, // 25, -0.042770601
	0x38, 0x30, 0x39, 0x30, 0x32, 0x34, 0x38, 0x31, 0x30, 0x37, 0x39, 0x31, 0x30, 0x31, 0x35, 0x36, // 8090248107910156
	0x32, 0x35, 0x2c, 0x20, 0x30, 0x2e, 0x39, 0x34, 0x32, 0x31, 0x30, 0x33, 0x30, 0x38, 0x37, 0x39, // 25, 0.9421030879
	0x30, 0x32, 0x30, 0x36, 0x39, 0x30, 0x39, 0x31, 0x37, 0x39, 0x36, 0x38, 0x37, 0x35, 0x29, 0x29, // 02069091796875))
	0x20, 0x2a, 0x20, 0x28, 0x6d, 0x61, 0x74, 0x33, 0x28, 0x76, 0x65, 0x63, 0x33, 0x28, 0x30, 0x2e, //  * (mat3(vec3(0.
	0x34, 0x31, 0x32, 0x35, 0x35, 0x36, 0x34, 0x30, 0x39, 0x38, 0x33, 0x35, 0x38, 0x31, 0x35, 0x34, // 4125564098358154
	0x32, 0x39, 0x36, 0x38, 0x37, 0x35, 0x2c, 0x20, 0x30, 0x2e, 0x33, 0x35, 0x37, 0x35, 0x37, 0x36, // 296875, 0.357576
	0x31, 0x30, 0x32, 0x30, 0x31, 0x38, 0x33, 0x35, 0x36, 0x33, 0x32, 0x33, 0x32, 0x34, 0x32, 0x31, // 1020183563232421
	0x38, 0x37, 0x35, 0x2c, 0x20, 0x30, 0x2e, 0x31, 0x38, 0x30, 0x34, 0x33, 0x37, 0x35, 0x30, 0x35, // 875, 0.180437505
	0x32, 0x34, 0x35, 0x32, 0x30, 0x38, 0x37, 0x34, 0x30, 0x32, 0x33, 0x34, 0x33, 0x37, 0x35, 0x29, // 245208740234375)
	0x2c, 0x20, 0x76, 0x65, 0x63, 0x33, 0x28, 0x30, 0x2e, 0x32, 0x31, 0x32, 0x36, 0x37, 0x32, 0x39, // , vec3(0.2126729
	0x30, 0x34, 0x31, 0x33, 0x33, 0x37, 0x39, 0x36, 0x36, 0x39, 0x31, 0x38, 0x39, 0x34, 0x35, 0x33, // 0413379669189453
	0x31, 0x32, 0x35, 0x2c, 0x20, 0x30, 0x2e, 0x37, 0x31, 0x35, 0x31, 0x35, 0x32, 0x32, 0x30, 0x34, // 125, 0.715152204
	0x30, 0x33, 0x36, 0x37, 0x31, 0x32, 0x36, 0x34, 0x36, 0x34, 0x38, 0x34, 0x33, 0x37, 0x35, 0x2c, // 036712646484375,
	0x20, 0x30, 0x2e, 0x30, 0x37, 0x32, 0x31, 0x37, 0x35, 0x30, 0x30, 0x33, 0x35, 0x38, 0x38, 0x31, //  0.0721750035881
	0x39, 0x39, 0x36, 0x31, 0x35, 0x34, 0x37, 0x38, 0x35, 0x31, 0x35, 0x36, 0x32, 0x35, 0x29, 0x2c, // 99615478515625),
	0x20, 0x76, 0x65, 0x63, 0x33, 0x28, 0x30, 0x2e, 0x30, 0x31, 0x39, 0x33, 0x33, 0x33, 0x39, 0x30, //  vec3(0.01933390
	0x30, 0x38, 0x38, 0x33, 0x37, 0x39, 0x33, 0x38, 0x33, 0x30, 0x38, 0x37, 0x31, 0x35, 0x38, 0x32, // 0883793830871582
	0x30, 0x33, 0x31, 0x32, 0x35, 0x2c, 0x20, 0x30, 0x2e, 0x31, 0x31, 0x39, 0x31, 0x39, 0x31, 0x39, // 03125, 0.1191919
	0x39, 0x36, 0x37, 0x35, 0x33, 0x32, 0x31, 0x35, 0x37, 0x38, 0x39, 0x37, 0x39, 0x34, 0x39, 0x32, // 9675321578979492
	0x31, 0x38, 0x37, 0x35, 0x2c, 0x20, 0x30, 0x2e, 0x39, 0x35, 0x30, 0x33, 0x30, 0x34, 0x30, 0x39, // 1875, 0.95030409
	0x30, 0x39, 0x37, 0x36, 0x37, 0x31, 0x35, 0x30, 0x38, 0x37, 0x38, 0x39, 0x30, 0x36, 0x32, 0x35, // 0976715087890625
	0x29, 0x29, 0x20, 0x2a, 0x20, 0x5f, 0x32, 0x38, 0x34, 0x2e, 0x78, 0x79, 0x7a, 0x29, 0x29, 0x20, // )) * _284.xyz)) 
	0x2a, 0x20, 0x75, 0x5f, 0x70, 0x61, 0x72, 0x61, 0x6d, 0x73, 0x31, 0x2e, 0x79, 0x29, 0x20, 0x2a, // * u_params1.y) *
	0x20, 0x39, 0x2e, 0x39, 0x39, 0x39, 0x39, 0x39, 0x39, 0x37, 0x34, 0x37, 0x33, 0x37, 0x38, 0x37, //  9.9999997473787
	0x35, 0x31, 0x36, 0x33, 0x35, 0x35, 0x35, 0x31, 0x34, 0x35, 0x32, 0x36, 0x33, 0x36, 0x37, 0x31, // 5163555145263671
	0x38, 0x38, 0x65, 0x2d, 0x30, 0x35, 0x2c, 0x20, 0x76, 0x65, 0x63, 0x33, 0x28, 0x30, 0x2e, 0x31, // 88e-05, vec3(0.1
	0x35, 0x39, 0x33, 0x30, 0x31, 0x37, 0x35, 0x37, 0x38, 0x31, 0x32, 0x35, 0x29, 0x29, 0x3b, 0x0a, // 593017578125));.
	0x20, 0x20, 0x20, 0x20, 0x20, 0x20, 0x20, 0x20, 0x20, 0x20, 0x20, 0x20, 0x20, 0x20, 0x20, 0x20, //                 
	0x5f, 0x35, 0x35, 0x34, 0x20, 0x3d, 0x20, 0x70, 0x6f, 0x77, 0x28, 0x28, 0x76, 0x65, 0x63, 0x33, // _554 = pow((vec3
	0x28, 0x30, 0x2e, 0x38, 0x33, 0x35, 0x39, 0x33, 0x37, 0x35, 0x29, 0x20, 0x2b, 0x20, 0x28, 0x5f, // (0.8359375) + (_
	0x35, 0x30, 0x31, 0x20, 0x2a, 0x20, 0x31, 0x38, 0x2e, 0x38, 0x35, 0x31, 0x35, 0x36, 0x32, 0x35, // 501 * 18.8515625
	0x29, 0x29, 0x20, 0x2f, 0x20, 0x28, 0x76, 0x65, 0x63, 0x33, 0x28, 0x31, 0x2e, 0x30, 0x29, 0x20, // )) / (vec3(1.0) 
	0x2b, 0x20, 0x28, 0x5f, 0x35, 0x30, 0x31, 0x20, 0x2a, 0x20, 0x31, 0x38, 0x2e, 0x36, 0x38, 0x37, // + (_501 * 18.687
	0x35, 0x29, 0x29, 0x2c, 0x20, 0x76, 0x65, 0x63, 0x33, 0x28, 0x37, 0x38, 0x2e, 0x38, 0x34, 0x33, // 5)), vec3(78.843
	0x37, 0x35, 0x29, 0x29, 0x3b, 0x0a, 0x20, 0x20, 0x20, 0x20, 0x20, 0x20, 0x20, 0x20, 0x20, 0x20, // 75));.          
	0x20, 0x20, 0x7d, 0x0a, 0x20, 0x20, 0x20, 0x20, 0x20, 0x20, 0x20, 0x20, 0x20, 0x20, 0x20, 0x20, //   }.            
	0x65, 0x6c, 0x73, 0x65, 0x0a, 0x20, 0x20, 0x20, 0x20, 0x20, 0x20, 0x20, 0x20, 0x20, 0x20, 0x20, // else.           
	0x20, 0x7b, 0x0a, 0x20, 0x20, 0x20, 0x20, 0x20, 0x20, 0x20, 0x20, 0x20, 0x20, 0x20, 0x20, 0x20, //  {.             
	0x20, 0x20, 0x20, 0x5f, 0x35, 0x35, 0x34, 0x20, 0x3d, 0x20, 0x76, 0x65, 0x63, 0x33, 0x28, 0x30, //    _554 = vec3(0
	0x2e, 0x30, 0x29, 0x3b, 0x0a, 0x20, 0x20, 0x20, 0x20, 0x20, 0x20, 0x20, 0x20, 0x20, 0x20, 0x20, // .0);.           
	0x20, 0x7d, 0x0a, 0x20, 0x20, 0x20, 0x20, 0x20, 0x20, 0x20, 0x20, 0x20, 0x20, 0x20, 0x20, 0x5f, //  }.            _
	0x35, 0x35, 0x33, 0x20, 0x3d, 0x20, 0x5f, 0x35, 0x35, 0x34, 0x3b, 0x0a, 0x20, 0x20, 0x20, 0x20, // 553 = _554;.    
	0x20, 0x20, 0x20, 0x20, 0x7d, 0x0a, 0x20, 0x20, 0x20, 0x20, 0x20, 0x20, 0x20, 0x20, 0x5f, 0x35, //     }.        _5
	0x35, 0x32, 0x20, 0x3d, 0x20, 0x5f, 0x35, 0x35, 0x33, 0x3b, 0x0a, 0x20, 0x20, 0x20, 0x20, 0x7d, // 52 = _553;.    }
	0x0a, 0x20, 0x20, 0x20, 0x20, 0x62, 0x67, 0x66, 0x78, 0x5f, 0x46, 0x72, 0x61, 0x67, 0x43, 0x6f, // .    bgfx_FragCo
	0x6c, 0x6f, 0x72, 0x20, 0x3d, 0x20, 0x76, 0x65, 0x63, 0x34, 0x28, 0x5f, 0x35, 0x35, 0x32, 0x2c, // lor = vec4(_552,
	0x20, 0x5f, 0x32, 0x38, 0x34, 0x2e, 0x77, 0x29, 0x3b, 0x0a, 0x7d, 0x0a, 0x0a, 0x00,             //  _284.w);.}...
};
static const uint8_t fs_texture_3d_spv[4471] =
{
	0x46, 0x53, 0x48, 0x0c, 0x01, 0x83, 0xf2, 0xe1, 0x00, 0x00, 0x00, 0x00, 0x00, 0x00, 0x00, 0x00, // FSH.............
	0x00, 0x00, 0x00, 0x00, 0x03, 0x00, 0x09, 0x75, 0x5f, 0x70, 0x61, 0x72, 0x61, 0x6d, 0x73, 0x30, // .......u_params0
	0x12, 0x01, 0x00, 0x00, 0x01, 0x00, 0x00, 0x00, 0x00, 0x00, 0x09, 0x75, 0x5f, 0x70, 0x61, 0x72, // ...........u_par
	0x61, 0x6d, 0x73, 0x31, 0x12, 0x01, 0x10, 0x00, 0x01, 0x00, 0x00, 0x00, 0x00, 0x00, 0x0a, 0x73, // ams1...........s
	0x5f, 0x74, 0x65, 0x78, 0x43, 0x6f, 0x6c, 0x6f, 0x72, 0x30, 0x00, 0x02, 0x00, 0x00, 0x00, 0x00, // _texColor0......
	0x06, 0x29, 0x00, 0x1c, 0x11, 0x00, 0x00, 0x03, 0x02, 0x23, 0x07, 0x00, 0x00, 0x01, 0x00, 0x0b, // .).......#......
	0x00, 0x08, 0x00, 0xcc, 0x02, 0x00, 0x00, 0x00, 0x00, 0x00, 0x00, 0x11, 0x00, 0x02, 0x00, 0x01, // ................
	0x00, 0x00, 0x00, 0x0b, 0x00, 0x06, 0x00, 0x01, 0x00, 0x00, 0x00, 0x47, 0x4c, 0x53, 0x4c, 0x2e, // ...........GLSL.
	0x73, 0x74, 0x64, 0x2e, 0x34, 0x35, 0x30, 0x00, 0x00, 0x00, 0x00, 0x0e, 0x00, 0x03, 0x00, 0x00, // std.450.........
	0x00, 0x00, 0x00, 0x01, 0x00, 0x00, 0x00, 0x0f, 0x00, 0x08, 0x00, 0x04, 0x00, 0x00, 0x00, 0x04, // ................
	0x00, 0x00, 0x00, 0x6d, 0x61, 0x69, 0x6e, 0x00, 0x00, 0x00, 0x00, 0x6b, 0x01, 0x00, 0x00, 0x6f, // ...main....k...o
	0x01, 0x00, 0x00, 0x7c, 0x01, 0x00, 0x00, 0x10, 0x00, 0x03, 0x00, 0x04, 0x00, 0x00, 0x00, 0x07, // ...|............
	0x00, 0x00, 0x00, 0x03, 0x00, 0x03, 0x00, 0x05, 0x00, 0x00, 0x00, 0xf4, 0x01, 0x00, 0x00, 0x05, // ................
	0x00, 0x04, 0x00, 0x04, 0x00, 0x00, 0x00, 0x6d, 0x61, 0x69, 0x6e, 0x00, 0x00, 0x00, 0x00, 0x05, // .......main.....
	0x00, 0x07, 0x00, 0x4b, 0x00, 0x00, 0x00, 0x73, 0x5f, 0x74, 0x65, 0x78, 0x43, 0x6f, 0x6c, 0x6f, // ...K...s_texColo
	0x72, 0x53, 0x61, 0x6d, 0x70, 0x6c, 0x65, 0x72, 0x00, 0x00, 0x00, 0x05, 0x00, 0x07, 0x00, 0x4e, // rSampler.......N
	0x00, 0x00, 0x00, 0x73, 0x5f, 0x74, 0x65, 0x78, 0x43, 0x6f, 0x6c, 0x6f, 0x72, 0x54, 0x65, 0x78, // ...s_texColorTex
	0x74, 0x75, 0x72, 0x65, 0x00, 0x00, 0x00, 0x05, 0x00, 0x06, 0x00, 0x7b, 0x00, 0x00, 0x00, 0x55, // ture.......{...U
	0x6e, 0x69, 0x66, 0x6f, 0x72, 0x6d, 0x42, 0x6c, 0x6f, 0x63, 0x6b, 0x00, 0x00, 0x00, 0x00, 0x06, // niformBlock.....
	0x00, 0x06, 0x00, 0x7b, 0x00, 0x00, 0x00, 0x00, 0x00, 0x00, 0x00, 0x75, 0x5f, 0x70, 0x61, 0x72, // ...{.......u_par
	0x61, 0x6d, 0x73, 0x30, 0x00, 0x00, 0x00, 0x06, 0x00, 0x06, 0x00, 0x7b, 0x00, 0x00, 0x00, 0x01, // ams0.......{....
	0x00, 0x00, 0x00, 0x75, 0x5f, 0x70, 0x61, 0x72, 0x61, 0x6d, 0x73, 0x31, 0x00, 0x00, 0x00, 0x05, // ...u_params1....
	0x00, 0x03, 0x00, 0x7d, 0x00, 0x00, 0x00, 0x00, 0x00, 0x00, 0x00, 0x05, 0x00, 0x05, 0x00, 0x6b, // ...}...........k
	0x01, 0x00, 0x00, 0x76, 0x5f, 0x63, 0x6f, 0x6c, 0x6f, 0x72, 0x30, 0x00, 0x00, 0x00, 0x00, 0x05, // ...v_color0.....
	0x00, 0x05, 0x00, 0x6f, 0x01, 0x00, 0x00, 0x76, 0x5f, 0x74, 0x65, 0x78, 0x63, 0x6f, 0x6f, 0x72, // ...o...v_texcoor
	0x64, 0x30, 0x00, 0x05, 0x00, 0x06, 0x00, 0x7c, 0x01, 0x00, 0x00, 0x62, 0x67, 0x66, 0x78, 0x5f, // d0.....|...bgfx_
	0x46, 0x72, 0x61, 0x67, 0x44, 0x61, 0x74, 0x61, 0x30, 0x00, 0x00, 0x47, 0x00, 0x04, 0x00, 0x4b, // FragData0..G...K
	0x00, 0x00, 0x00, 0x21, 0x00, 0x00, 0x00, 0x12, 0x00, 0x00, 0x00, 0x47, 0x00, 0x04, 0x00, 0x4b, // ...!.......G...K
	0x00, 0x00, 0x00, 0x22, 0x00, 0x00, 0x00, 0x00, 0x00, 0x00, 0x00, 0x47, 0x00, 0x04, 0x00, 0x4e, // ...".......G...N
	0x00, 0x00, 0x00, 0x21, 0x00, 0x00, 0x00, 0x02, 0x00, 0x00, 0x00, 0x47, 0x00, 0x04, 0x00, 0x4e, // ...!.......G...N
	0x00, 0x00, 0x00, 0x22, 0x00, 0x00, 0x00, 0x00, 0x00, 0x00, 0x00, 0x47, 0x00, 0x03, 0x00, 0x7b, // ...".......G...{
	0x00, 0x00, 0x00, 0x02, 0x00, 0x00, 0x00, 0x48, 0x00, 0x05, 0x00, 0x7b, 0x00, 0x00, 0x00, 0x00, // .......H...{....
	0x00, 0x00, 0x00, 0x23, 0x00, 0x00, 0x00, 0x00, 0x00, 0x00, 0x00, 0x48, 0x00, 0x05, 0x00, 0x7b, // ...#.......H...{
	0x00, 0x00, 0x00, 0x01, 0x00, 0x00, 0x00, 0x23, 0x00, 0x00, 0x00, 0x10, 0x00, 0x00, 0x00, 0x47, // .......#.......G
	0x00, 0x04, 0x00, 0x7d, 0x00, 0x00, 0x00, 0x21, 0x00, 0x00, 0x00, 0x01, 0x00, 0x00, 0x00, 0x47, // ...}...!.......G
	0x00, 0x04, 0x00, 0x7d, 0x00, 0x00, 0x00, 0x22, 0x00, 0x00, 0x00, 0x00, 0x00, 0x00, 0x00, 0x47, // ...}...".......G
	0x00, 0x04, 0x00, 0x6b, 0x01, 0x00, 0x00, 0x1e, 0x00, 0x00, 0x00, 0x00, 0x00, 0x00, 0x00, 0x47, // ...k...........G
	0x00, 0x04, 0x00, 0x6f, 0x01, 0x00, 0x00, 0x1e, 0x00, 0x00, 0x00, 0x01, 0x00, 0x00, 0x00, 0x47, // ...o...........G
	0x00, 0x04, 0x00, 0x7c, 0x01, 0x00, 0x00, 0x1e, 0x00, 0x00, 0x00, 0x00, 0x00, 0x00, 0x00, 0x13, // ...|............
	0x00, 0x02, 0x00, 0x02, 0x00, 0x00, 0x00, 0x21, 0x00, 0x03, 0x00, 0x03, 0x00, 0x00, 0x00, 0x02, // .......!........
	0x00, 0x00, 0x00, 0x1a, 0x00, 0x02, 0x00, 0x06, 0x00, 0x00, 0x00, 0x16, 0x00, 0x03, 0x00, 0x07, // ................
	0x00, 0x00, 0x00, 0x20, 0x00, 0x00, 0x00, 0x19, 0x00, 0x09, 0x00, 0x08, 0x00, 0x00, 0x00, 0x07, // ... ............
	0x00, 0x00, 0x00, 0x02, 0x00, 0x00, 0x00, 0x00, 0x00, 0x00, 0x00, 0x00, 0x00, 0x00, 0x00, 0x00, // ................
	0x00, 0x00, 0x00, 0x01, 0x00, 0x00, 0x00, 0x00, 0x00, 0x00, 0x00, 0x17, 0x00, 0x04, 0x00, 0x0b, // ................
	0x00, 0x00, 0x00, 0x07, 0x00, 0x00, 0x00, 0x03, 0x00, 0x00, 0x00, 0x17, 0x00, 0x04, 0x00, 0x0e, // ................
	0x00, 0x00, 0x00, 0x07, 0x00, 0x00, 0x00, 0x04, 0x00, 0x00, 0x00, 0x20, 0x00, 0x04, 0x00, 0x4a, // ........... ...J
	0x00, 0x00, 0x00, 0x00, 0x00, 0x00, 0x00, 0x06, 0x00, 0x00, 0x00, 0x3b, 0x00, 0x04, 0x00, 0x4a, // ...........;...J
	0x00, 0x00, 0x00, 0x4b, 0x00, 0x00, 0x00, 0x00, 0x00, 0x00, 0x00, 0x20, 0x00, 0x04, 0x00, 0x4d, // ...K....... ...M
	0x00, 0x00, 0x00, 0x00, 0x00, 0x00, 0x00, 0x08, 0x00, 0x00, 0x00, 0x3b, 0x00, 0x04, 0x00, 0x4d, // ...........;...M
	0x00, 0x00, 0x00, 0x4e, 0x00, 0x00, 0x00, 0x00, 0x00, 0x00, 0x00, 0x15, 0x00, 0x04, 0x00, 0x51, // ...N...........Q
	0x00, 0x00, 0x00, 0x20, 0x00, 0x00, 0x00, 0x01, 0x00, 0x00, 0x00, 0x2b, 0x00, 0x04, 0x00, 0x51, // ... .......+...Q
	0x00, 0x00, 0x00, 0x52, 0x00, 0x00, 0x00, 0x01, 0x00, 0x00, 0x00, 0x2b, 0x00, 0x04, 0x00, 0x51, // ...R.......+...Q
	0x00, 0x00, 0x00, 0x56, 0x00, 0x00, 0x00, 0x00, 0x00, 0x00, 0x00, 0x1b, 0x00, 0x03, 0x00, 0x5a, // ...V...........Z
	0x00, 0x00, 0x00, 0x08, 0x00, 0x00, 0x00, 0x2b, 0x00, 0x04, 0x00, 0x07, 0x00, 0x00, 0x00, 0x71, // .......+.......q
	0x00, 0x00, 0x00, 0xcd, 0xcc, 0x0c, 0x40, 0x1e, 0x00, 0x04, 0x00, 0x7b, 0x00, 0x00, 0x00, 0x0e, // ......@....{....
	0x00, 0x00, 0x00, 0x0e, 0x00, 0x00, 0x00, 0x20, 0x00, 0x04, 0x00, 0x7c, 0x00, 0x00, 0x00, 0x02, // ....... ...|....
	0x00, 0x00, 0x00, 0x7b, 0x00, 0x00, 0x00, 0x3b, 0x00, 0x04, 0x00, 0x7c, 0x00, 0x00, 0x00, 0x7d, // ...{...;...|...}
	0x00, 0x00, 0x00, 0x02, 0x00, 0x00, 0x00, 0x15, 0x00, 0x04, 0x00, 0x7e, 0x00, 0x00, 0x00, 0x20, // ...........~... 
	0x00, 0x00, 0x00, 0x00, 0x00, 0x00, 0x00, 0x2b, 0x00, 0x04, 0x00, 0x7e, 0x00, 0x00, 0x00, 0x7f, // .......+...~....
	0x00, 0x00, 0x00, 0x02, 0x00, 0x00, 0x00, 0x20, 0x00, 0x04, 0x00, 0x80, 0x00, 0x00, 0x00, 0x02, // ....... ........
	0x00, 0x00, 0x00, 0x07, 0x00, 0x00, 0x00, 0x2b, 0x00, 0x04, 0x00, 0x07, 0x00, 0x00, 0x00, 0x8a, // .......+........
	0x00, 0x00, 0x00, 0x00, 0x00, 0x00, 0x40, 0x2b, 0x00, 0x04, 0x00, 0x7e, 0x00, 0x00, 0x00, 0x8b, // ......@+...~....
	0x00, 0x00, 0x00, 0x03, 0x00, 0x00, 0x00, 0x2b, 0x00, 0x04, 0x00, 0x07, 0x00, 0x00, 0x00, 0x93, // .......+........
	0x00, 0x00, 0x00, 0x1c, 0x2e, 0x4d, 0x3b, 0x14, 0x00, 0x02, 0x00, 0x94, 0x00, 0x00, 0x00, 0x2b, // .....M;........+
	0x00, 0x04, 0x00, 0x07, 0x00, 0x00, 0x00, 0x98, 0x00, 0x00, 0x00, 0x52, 0xb8, 0x4e, 0x41, 0x2b, // ...........R.NA+
	0x00, 0x04, 0x00, 0x07, 0x00, 0x00, 0x00, 0x9d, 0x00, 0x00, 0x00, 0x3d, 0x0a, 0x87, 0x3f, 0x2b, // ...........=..?+
	0x00, 0x04, 0x00, 0x07, 0x00, 0x00, 0x00, 0x9f, 0x00, 0x00, 0x00, 0x55, 0x55, 0xd5, 0x3e, 0x2b, // ...........UU.>+
	0x00, 0x04, 0x00, 0x07, 0x00, 0x00, 0x00, 0xa2, 0x00, 0x00, 0x00, 0xae, 0x47, 0x61, 0x3d, 0x2b, // ............Ga=+
	0x00, 0x04, 0x00, 0x7e, 0x00, 0x00, 0x00, 0xa7, 0x00, 0x00, 0x00, 0x00, 0x00, 0x00, 0x00, 0x2b, // ...~...........+
	0x00, 0x04, 0x00, 0x7e, 0x00, 0x00, 0x00, 0xad, 0x00, 0x00, 0x00, 0x01, 0x00, 0x00, 0x00, 0x18, // ...~............
	0x00, 0x04, 0x00, 0xba, 0x00, 0x00, 0x00, 0x0b, 0x00, 0x00, 0x00, 0x03, 0x00, 0x00, 0x00, 0x2b, // ...............+
	0x00, 0x04, 0x00, 0x07, 0x00, 0x00, 0x00, 0xbd, 0x00, 0x00, 0x00, 0x98, 0x3a, 0xd3, 0x3e, 0x2b, // ............:.>+
	0x00, 0x04, 0x00, 0x07, 0x00, 0x00, 0x00, 0xbe, 0x00, 0x00, 0x00, 0x37, 0x14, 0xb7, 0x3e, 0x2b, // ...........7..>+
	0x00, 0x04, 0x00, 0x07, 0x00, 0x00, 0x00, 0xbf, 0x00, 0x00, 0x00, 0x9c, 0xc4, 0x38, 0x3e, 0x2c, // .............8>,
	0x00, 0x06, 0x00, 0x0b, 0x00, 0x00, 0x00, 0xc0, 0x00, 0x00, 0x00, 0xbd, 0x00, 0x00, 0x00, 0xbe, // ................
	0x00, 0x00, 0x00, 0xbf, 0x00, 0x00, 0x00, 0x2b, 0x00, 0x04, 0x00, 0x07, 0x00, 0x00, 0x00, 0xc1, // .......+........
	0x00, 0x00, 0x00, 0xed, 0xc6, 0x59, 0x3e, 0x2b, 0x00, 0x04, 0x00, 0x07, 0x00, 0x00, 0x00, 0xc2, // .....Y>+........
	0x00, 0x00, 0x00, 0x37, 0x14, 0x37, 0x3f, 0x2b, 0x00, 0x04, 0x00, 0x07, 0x00, 0x00, 0x00, 0xc3, // ...7.7?+........
	0x00, 0x00, 0x00, 0x7d, 0xd0, 0x93, 0x3d, 0x2c, 0x00, 0x06, 0x00, 0x0b, 0x00, 0x00, 0x00, 0xc4, // ...}..=,........
	0x00, 0x00, 0x00, 0xc1, 0x00, 0x00, 0x00, 0xc2, 0x00, 0x00, 0x00, 0xc3, 0x00, 0x00, 0x00, 0x2b, // ...............+
	0x00, 0x04, 0x00, 0x07, 0x00, 0x00, 0x00, 0xc5, 0x00, 0x00, 0x00, 0x21, 0x62, 0x9e, 0x3c, 0x2b, // ...........!b.<+
	0x00, 0x04, 0x00, 0x07, 0x00, 0x00, 0x00, 0xc6, 0x00, 0x00, 0x00, 0xef, 0x1a, 0xf4, 0x3d, 0x2b, // ..............=+
	0x00, 0x04, 0x00, 0x07, 0x00, 0x00, 0x00, 0xc7, 0x00, 0x00, 0x00, 0x21, 0x47, 0x73, 0x3f, 0x2c, // ...........!Gs?,
	0x00, 0x06, 0x00, 0x0b, 0x00, 0x00, 0x00, 0xc8, 0x00, 0x00, 0x00, 0xc5, 0x00, 0x00, 0x00, 0xc6, // ................
	0x00, 0x00, 0x00, 0xc7, 0x00, 0x00, 0x00, 0x2c, 0x00, 0x06, 0x00, 0xba, 0x00, 0x00, 0x00, 0xc9, // .......,........
	0x00, 0x00, 0x00, 0xc0, 0x00, 0x00, 0x00, 0xc4, 0x00, 0x00, 0x00, 0xc8, 0x00, 0x00, 0x00, 0x2b, // ...............+
	0x00, 0x04, 0x00, 0x07, 0x00, 0x00, 0x00, 0xd0, 0x00, 0x00, 0x00, 0x3a, 0xbb, 0xdb, 0x3f, 0x2b, // ...........:..?+
	0x00, 0x04, 0x00, 0x07, 0x00, 0x00, 0x00, 0xd1, 0x00, 0x00, 0x00, 0x7c, 0x1a, 0xb6, 0xbe, 0x2b, // ...........|...+
	0x00, 0x04, 0x00, 0x07, 0x00, 0x00, 0x00, 0xd2, 0x00, 0x00, 0x00, 0x3a, 0xb9, 0x81, 0xbe, 0x2c, // ...........:...,
	0x00, 0x06, 0x00, 0x0b, 0x00, 0x00, 0x00, 0xd3, 0x00, 0x00, 0x00, 0xd0, 0x00, 0x00, 0x00, 0xd1, // ................
	0x00, 0x00, 0x00, 0xd2, 0x00, 0x00, 0x00, 0x2b, 0x00, 0x04, 0x00, 0x07, 0x00, 0x00, 0x00, 0xd4, // .......+........
	0x00, 0x00, 0x00, 0xd4, 0xab, 0x2a, 0xbf, 0x2b, 0x00, 0x04, 0x00, 0x07, 0x00, 0x00, 0x00, 0xd5, // .....*.+........
	0x00, 0x00, 0x00, 0xdb, 0xe8, 0xce, 0x3f, 0x2b, 0x00, 0x04, 0x00, 0x07, 0x00, 0x00, 0x00, 0xd6, // ......?+........
	0x00, 0x00, 0x00, 0xf1, 0x2c, 0x81, 0x3c, 0x2c, 0x00, 0x06, 0x00, 0x0b, 0x00, 0x00, 0x00, 0xd7, // ....,.<,........
	0x00, 0x00, 0x00, 0xd4, 0x00, 0x00, 0x00, 0xd5, 0x00, 0x00, 0x00, 0xd6, 0x00, 0x00, 0x00, 0x2b, // ...............+
	0x00, 0x04, 0x00, 0x07, 0x00, 0x00, 0x00, 0xd8, 0x00, 0x00, 0x00, 0x8d, 0x81, 0x90, 0x3c, 0x2b, // ..............<+
	0x00, 0x04, 0x00, 0x07, 0x00, 0x00, 0x00, 0xd9, 0x00, 0x00, 0x00, 0x3a, 0x30, 0x2f, 0xbd, 0x2b, // ...........:0/.+
	0x00, 0x04, 0x00, 0x07, 0x00, 0x00, 0x00, 0xda, 0x00, 0x00, 0x00, 0xab, 0x2d, 0x71, 0x3f, 0x2c, // ............-q?,
	0x00, 0x06, 0x00, 0x0b, 0x00, 0x00, 0x00, 0xdb, 0x00, 0x00, 0x00, 0xd8, 0x00, 0x00, 0x00, 0xd9, // ................
	0x00, 0x00, 0x00, 0xda, 0x00, 0x00, 0x00, 0x2c, 0x00, 0x06, 0x00, 0xba, 0x00, 0x00, 0x00, 0xdc, // .......,........
	0x00, 0x00, 0x00, 0xd3, 0x00, 0x00, 0x00, 0xd7, 0x00, 0x00, 0x00, 0xdb, 0x00, 0x00, 0x00, 0x2b, // ...............+
	0x00, 0x04, 0x00, 0x07, 0x00, 0x00, 0x00, 0xe3, 0x00, 0x00, 0x00, 0x00, 0x20, 0x23, 0x3e, 0x2b, // ............ #>+
	0x00, 0x04, 0x00, 0x07, 0x00, 0x00, 0x00, 0xe5, 0x00, 0x00, 0x00, 0x00, 0xb0, 0x9d, 0x42, 0x2b, // ..............B+
	0x00, 0x04, 0x00, 0x07, 0x00, 0x00, 0x00, 0xe7, 0x00, 0x00, 0x00, 0x00, 0x00, 0x56, 0x3f, 0x2b, // .............V?+
	0x00, 0x04, 0x00, 0x07, 0x00, 0x00, 0x00, 0xe9, 0x00, 0x00, 0x00, 0x00, 0xd0, 0x96, 0x41, 0x2b, // ..............A+
	0x00, 0x04, 0x00, 0x07, 0x00, 0x00, 0x00, 0xeb, 0x00, 0x00, 0x00, 0x00, 0x80, 0x95, 0x41, 0x2b, // ..............A+
	0x00, 0x04, 0x00, 0x07, 0x00, 0x00, 0x00, 0xee, 0x00, 0x00, 0x00, 0x17, 0xb7, 0xd1, 0x38, 0x2b, // ..............8+
	0x00, 0x04, 0x00, 0x07, 0x00, 0x00, 0x00, 0xfa, 0x00, 0x00, 0x00, 0x00, 0x00, 0x80, 0x3f, 0x2b, // ..............?+
	0x00, 0x04, 0x00, 0x07, 0x00, 0x00, 0x00, 0x0a, 0x01, 0x00, 0x00, 0x00, 0x00, 0x00, 0x00, 0x2b, // ...............+
	0x00, 0x04, 0x00, 0x07, 0x00, 0x00, 0x00, 0x0e, 0x01, 0x00, 0x00, 0x00, 0x00, 0x00, 0x3f, 0x2b, // ..............?+
	0x00, 0x04, 0x00, 0x07, 0x00, 0x00, 0x00, 0x1b, 0x01, 0x00, 0x00, 0x00, 0x00, 0xc0, 0x3f, 0x2b, // ..............?+
	0x00, 0x04, 0x00, 0x07, 0x00, 0x00, 0x00, 0x23, 0x01, 0x00, 0x00, 0x00, 0x00, 0x20, 0x40, 0x20, // .......#..... @ 
	0x00, 0x04, 0x00, 0x67, 0x01, 0x00, 0x00, 0x01, 0x00, 0x00, 0x00, 0x0e, 0x00, 0x00, 0x00, 0x3b, // ...g...........;
	0x00, 0x04, 0x00, 0x67, 0x01, 0x00, 0x00, 0x6b, 0x01, 0x00, 0x00, 0x01, 0x00, 0x00, 0x00, 0x20, // ...g...k....... 
	0x00, 0x04, 0x00, 0x6e, 0x01, 0x00, 0x00, 0x01, 0x00, 0x00, 0x00, 0x0b, 0x00, 0x00, 0x00, 0x3b, // ...n...........;
	0x00, 0x04, 0x00, 0x6e, 0x01, 0x00, 0x00, 0x6f, 0x01, 0x00, 0x00, 0x01, 0x00, 0x00, 0x00, 0x20, // ...n...o....... 
	0x00, 0x04, 0x00, 0x7b, 0x01, 0x00, 0x00, 0x03, 0x00, 0x00, 0x00, 0x0e, 0x00, 0x00, 0x00, 0x3b, // ...{...........;
	0x00, 0x04, 0x00, 0x7b, 0x01, 0x00, 0x00, 0x7c, 0x01, 0x00, 0x00, 0x03, 0x00, 0x00, 0x00, 0x2c, // ...{...|.......,
	0x00, 0x06, 0x00, 0x0b, 0x00, 0x00, 0x00, 0xbc, 0x02, 0x00, 0x00, 0x71, 0x00, 0x00, 0x00, 0x71, // ...........q...q
	0x00, 0x00, 0x00, 0x71, 0x00, 0x00, 0x00, 0x2c, 0x00, 0x06, 0x00, 0x0b, 0x00, 0x00, 0x00, 0xbd, // ...q...,........
	0x02, 0x00, 0x00, 0x0a, 0x01, 0x00, 0x00, 0x0a, 0x01, 0x00, 0x00, 0x0a, 0x01, 0x00, 0x00, 0x2c, // ...............,
	0x00, 0x06, 0x00, 0x0b, 0x00, 0x00, 0x00, 0xbe, 0x02, 0x00, 0x00, 0xe3, 0x00, 0x00, 0x00, 0xe3, // ................
	0x00, 0x00, 0x00, 0xe3, 0x00, 0x00, 0x00, 0x2c, 0x00, 0x06, 0x00, 0x0b, 0x00, 0x00, 0x00, 0xbf, // .......,........
	0x02, 0x00, 0x00, 0xe7, 0x00, 0x00, 0x00, 0xe7, 0x00, 0x00, 0x00, 0xe7, 0x00, 0x00, 0x00, 0x2c, // ...............,
	0x00, 0x06, 0x00, 0x0b, 0x00, 0x00, 0x00, 0xc0, 0x02, 0x00, 0x00, 0xfa, 0x00, 0x00, 0x00, 0xfa, // ................
	0x00, 0x00, 0x00, 0xfa, 0x00, 0x00, 0x00, 0x2c, 0x00, 0x06, 0x00, 0x0b, 0x00, 0x00, 0x00, 0xc1, // .......,........
	0x02, 0x00, 0x00, 0xe5, 0x00, 0x00, 0x00, 0xe5, 0x00, 0x00, 0x00, 0xe5, 0x00, 0x00, 0x00, 0x36, // ...............6
	0x00, 0x05, 0x00, 0x02, 0x00, 0x00, 0x00, 0x04, 0x00, 0x00, 0x00, 0x00, 0x00, 0x00, 0x00, 0x03, // ................
	0x00, 0x00, 0x00, 0xf8, 0x00, 0x02, 0x00, 0x05, 0x00, 0x00, 0x00, 0x3d, 0x00, 0x04, 0x00, 0x06, // ...........=....
	0x00, 0x00, 0x00, 0x4c, 0x00, 0x00, 0x00, 0x4b, 0x00, 0x00, 0x00, 0x3d, 0x00, 0x04, 0x00, 0x08, // ...L...K...=....
	0x00, 0x00, 0x00, 0x4f, 0x00, 0x00, 0x00, 0x4e, 0x00, 0x00, 0x00, 0x3d, 0x00, 0x04, 0x00, 0x0e, // ...O...N...=....
	0x00, 0x00, 0x00, 0x6c, 0x01, 0x00, 0x00, 0x6b, 0x01, 0x00, 0x00, 0x3d, 0x00, 0x04, 0x00, 0x0b, // ...l...k...=....
	0x00, 0x00, 0x00, 0x70, 0x01, 0x00, 0x00, 0x6f, 0x01, 0x00, 0x00, 0x41, 0x00, 0x06, 0x00, 0x80, // ...p...o...A....
	0x00, 0x00, 0x00, 0xa6, 0x01, 0x00, 0x00, 0x7d, 0x00, 0x00, 0x00, 0x56, 0x00, 0x00, 0x00, 0xad, // .......}...V....
	0x00, 0x00, 0x00, 0x3d, 0x00, 0x04, 0x00, 0x07, 0x00, 0x00, 0x00, 0xa7, 0x01, 0x00, 0x00, 0xa6, // ...=............
	0x01, 0x00, 0x00, 0x51, 0x00, 0x05, 0x00, 0x07, 0x00, 0x00, 0x00, 0xa8, 0x01, 0x00, 0x00, 0x70, // ...Q...........p
	0x01, 0x00, 0x00, 0x00, 0x00, 0x00, 0x00, 0x51, 0x00, 0x05, 0x00, 0x07, 0x00, 0x00, 0x00, 0xa9, // .......Q........
	0x01, 0x00, 0x00, 0x70, 0x01, 0x00, 0x00, 0x01, 0x00, 0x00, 0x00, 0x50, 0x00, 0x06, 0x00, 0x0b, // ...p.......P....
	0x00, 0x00, 0x00, 0xaa, 0x01, 0x00, 0x00, 0xa8, 0x01, 0x00, 0x00, 0xa9, 0x01, 0x00, 0x00, 0xa7, // ................
	0x01, 0x00, 0x00, 0x41, 0x00, 0x06, 0x00, 0x80, 0x00, 0x00, 0x00, 0xac, 0x01, 0x00, 0x00, 0x7d, // ...A...........}
	0x00, 0x00, 0x00, 0x56, 0x00, 0x00, 0x00, 0xa7, 0x00, 0x00, 0x00, 0x3d, 0x00, 0x04, 0x00, 0x07, // ...V.......=....
	0x00, 0x00, 0x00, 0xad, 0x01, 0x00, 0x00, 0xac, 0x01, 0x00, 0x00, 0x56, 0x00, 0x05, 0x00, 0x5a, // ...........V...Z
	0x00, 0x00, 0x00, 0xcb, 0x01, 0x00, 0x00, 0x4f, 0x00, 0x00, 0x00, 0x4c, 0x00, 0x00, 0x00, 0x58, // .......O...L...X
	0x00, 0x07, 0x00, 0x0e, 0x00, 0x00, 0x00, 0xce, 0x01, 0x00, 0x00, 0xcb, 0x01, 0x00, 0x00, 0xaa, // ................
	0x01, 0x00, 0x00, 0x02, 0x00, 0x00, 0x00, 0xad, 0x01, 0x00, 0x00, 0x4f, 0x00, 0x08, 0x00, 0x0b, // ...........O....
	0x00, 0x00, 0x00, 0xb0, 0x01, 0x00, 0x00, 0xce, 0x01, 0x00, 0x00, 0xce, 0x01, 0x00, 0x00, 0x00, // ................
	0x00, 0x00, 0x00, 0x01, 0x00, 0x00, 0x00, 0x02, 0x00, 0x00, 0x00, 0x0c, 0x00, 0x06, 0x00, 0x0b, // ................
	0x00, 0x00, 0x00, 0xe6, 0x01, 0x00, 0x00, 0x01, 0x00, 0x00, 0x00, 0x04, 0x00, 0x00, 0x00, 0xb0, // ................
	0x01, 0x00, 0x00, 0x0c, 0x00, 0x07, 0x00, 0x0b, 0x00, 0x00, 0x00, 0xe8, 0x01, 0x00, 0x00, 0x01, // ................
	0x00, 0x00, 0x00, 0x1a, 0x00, 0x00, 0x00, 0xe6, 0x01, 0x00, 0x00, 0xbc, 0x02, 0x00, 0x00, 0x41, // ...............A
	0x00, 0x06, 0x00, 0x80, 0x00, 0x00, 0x00, 0xd8, 0x01, 0x00, 0x00, 0x7d, 0x00, 0x00, 0x00, 0x56, // ...........}...V
	0x00, 0x00, 0x00, 0x7f, 0x00, 0x00, 0x00, 0x3d, 0x00, 0x04, 0x00, 0x07, 0x00, 0x00, 0x00, 0xd9, // .......=........
	0x01, 0x00, 0x00, 0xd8, 0x01, 0x00, 0x00, 0x50, 0x00, 0x06, 0x00, 0x0b, 0x00, 0x00, 0x00, 0xda, // .......P........
	0x01, 0x00, 0x00, 0xd9, 0x01, 0x00, 0x00, 0xd9, 0x01, 0x00, 0x00, 0xd9, 0x01, 0x00, 0x00, 0x0c, // ................
	0x00, 0x08, 0x00, 0x0b, 0x00, 0x00, 0x00, 0xf2, 0x01, 0x00, 0x00, 0x01, 0x00, 0x00, 0x00, 0x2e, // ................
	0x00, 0x00, 0x00, 0xe8, 0x01, 0x00, 0x00, 0xb0, 0x01, 0x00, 0x00, 0xda, 0x01, 0x00, 0x00, 0x41, // ...............A
	0x00, 0x06, 0x00, 0x80, 0x00, 0x00, 0x00, 0xde, 0x01, 0x00, 0x00, 0x7d, 0x00, 0x00, 0x00, 0x56, // ...........}...V
	0x00, 0x00, 0x00, 0x8b, 0x00, 0x00, 0x00, 0x3d, 0x00, 0x04, 0x00, 0x07, 0x00, 0x00, 0x00, 0xdf, // .......=........
	0x01, 0x00, 0x00, 0xde, 0x01, 0x00, 0x00, 0x0c, 0x00, 0x07, 0x00, 0x07, 0x00, 0x00, 0x00, 0xe0, // ................
	0x01, 0x00, 0x00, 0x01, 0x00, 0x00, 0x00, 0x1a, 0x00, 0x00, 0x00, 0x8a, 0x00, 0x00, 0x00, 0xdf, // ................
	0x01, 0x00, 0x00, 0x8e, 0x00, 0x05, 0x00, 0x0b, 0x00, 0x00, 0x00, 0xe1, 0x01, 0x00, 0x00, 0xf2, // ................
	0x01, 0x00, 0x00, 0xe0, 0x01, 0x00, 0x00, 0x51, 0x00, 0x05, 0x00, 0x07, 0x00, 0x00, 0x00, 0xb3, // .......Q........
	0x01, 0x00, 0x00, 0xe1, 0x01, 0x00, 0x00, 0x00, 0x00, 0x00, 0x00, 0x52, 0x00, 0x06, 0x00, 0x0e, // ...........R....
	0x00, 0x00, 0x00, 0xac, 0x02, 0x00, 0x00, 0xb3, 0x01, 0x00, 0x00, 0xce, 0x01, 0x00, 0x00, 0x00, // ................
	0x00, 0x00, 0x00, 0x51, 0x00, 0x05, 0x00, 0x07, 0x00, 0x00, 0x00, 0xb5, 0x01, 0x00, 0x00, 0xe1, // ...Q............
	0x01, 0x00, 0x00, 0x01, 0x00, 0x00, 0x00, 0x52, 0x00, 0x06, 0x00, 0x0e, 0x00, 0x00, 0x00, 0xae, // .......R........
	0x02, 0x00, 0x00, 0xb5, 0x01, 0x00, 0x00, 0xac, 0x02, 0x00, 0x00, 0x01, 0x00, 0x00, 0x00, 0x51, // ...............Q
	0x00, 0x05, 0x00, 0x07, 0x00, 0x00, 0x00, 0xb7, 0x01, 0x00, 0x00, 0xe1, 0x01, 0x00, 0x00, 0x02, // ................
	0x00, 0x00, 0x00, 0x52, 0x00, 0x06, 0x00, 0x0e, 0x00, 0x00, 0x00, 0xb0, 0x02, 0x00, 0x00, 0xb7, // ...R............
	0x01, 0x00, 0x00, 0xae, 0x02, 0x00, 0x00, 0x02, 0x00, 0x00, 0x00, 0x85, 0x00, 0x05, 0x00, 0x0e, // ................
	0x00, 0x00, 0x00, 0xba, 0x01, 0x00, 0x00, 0xb0, 0x02, 0x00, 0x00, 0x6c, 0x01, 0x00, 0x00, 0x41, // ...........l...A
	0x00, 0x06, 0x00, 0x80, 0x00, 0x00, 0x00, 0xbc, 0x01, 0x00, 0x00, 0x7d, 0x00, 0x00, 0x00, 0x52, // ...........}...R
	0x00, 0x00, 0x00, 0xa7, 0x00, 0x00, 0x00, 0x3d, 0x00, 0x04, 0x00, 0x07, 0x00, 0x00, 0x00, 0xbd, // .......=........
	0x01, 0x00, 0x00, 0xbc, 0x01, 0x00, 0x00, 0x41, 0x00, 0x06, 0x00, 0x80, 0x00, 0x00, 0x00, 0xbe, // .......A........
	0x01, 0x00, 0x00, 0x7d, 0x00, 0x00, 0x00, 0x52, 0x00, 0x00, 0x00, 0xad, 0x00, 0x00, 0x00, 0x3d, // ...}...R.......=
	0x00, 0x04, 0x00, 0x07, 0x00, 0x00, 0x00, 0xbf, 0x01, 0x00, 0x00, 0xbe, 0x01, 0x00, 0x00, 0xb8, // ................
	0x00, 0x05, 0x00, 0x94, 0x00, 0x00, 0x00, 0xfe, 0x01, 0x00, 0x00, 0xbd, 0x01, 0x00, 0x00, 0x0e, // ................
	0x01, 0x00, 0x00, 0xf7, 0x00, 0x03, 0x00, 0x1b, 0x02, 0x00, 0x00, 0x00, 0x00, 0x00, 0x00, 0xfa, // ................
	0x00, 0x04, 0x00, 0xfe, 0x01, 0x00, 0x00, 0xff, 0x01, 0x00, 0x00, 0x06, 0x02, 0x00, 0x00, 0xf8, // ................
	0x00, 0x02, 0x00, 0x06, 0x02, 0x00, 0x00, 0xb8, 0x00, 0x05, 0x00, 0x94, 0x00, 0x00, 0x00, 0x08, // ................
	0x02, 0x00, 0x00, 0xbd, 0x01, 0x00, 0x00, 0x1b, 0x01, 0x00, 0x00, 0xf7, 0x00, 0x03, 0x00, 0x1a, // ................
	0x02, 0x00, 0x00, 0x00, 0x00, 0x00, 0x00, 0xfa, 0x00, 0x04, 0x00, 0x08, 0x02, 0x00, 0x00, 0x09, // ................
	0x02, 0x00, 0x00, 0x0c, 0x02, 0x00, 0x00, 0xf8, 0x00, 0x02, 0x00, 0x0c, 0x02, 0x00, 0x00, 0xb8, // ................
	0x00, 0x05, 0x00, 0x94, 0x00, 0x00, 0x00, 0x0e, 0x02, 0x00, 0x00, 0xbd, 0x01, 0x00, 0x00, 0x23, // ...............#
	0x01, 0x00, 0x00, 0xf7, 0x00, 0x03, 0x00, 0x19, 0x02, 0x00, 0x00, 0x00, 0x00, 0x00, 0x00, 0xfa, // ................
	0x00, 0x04, 0x00, 0x0e, 0x02, 0x00, 0x00, 0x0f, 0x02, 0x00, 0x00, 0x19, 0x02, 0x00, 0x00, 0xf8, // ................
	0x00, 0x02, 0x00, 0x0f, 0x02, 0x00, 0x00, 0x4f, 0x00, 0x08, 0x00, 0x0b, 0x00, 0x00, 0x00, 0x11, // .......O........
	0x02, 0x00, 0x00, 0xba, 0x01, 0x00, 0x00, 0xba, 0x01, 0x00, 0x00, 0x00, 0x00, 0x00, 0x00, 0x01, // ................
	0x00, 0x00, 0x00, 0x02, 0x00, 0x00, 0x00, 0x90, 0x00, 0x05, 0x00, 0x0b, 0x00, 0x00, 0x00, 0x74, // ...............t
	0x02, 0x00, 0x00, 0x11, 0x02, 0x00, 0x00, 0xc9, 0x00, 0x00, 0x00, 0x90, 0x00, 0x05, 0x00, 0x0b, // ................
	0x00, 0x00, 0x00, 0x7a, 0x02, 0x00, 0x00, 0x74, 0x02, 0x00, 0x00, 0xdc, 0x00, 0x00, 0x00, 0x8e, // ...z...t........
	0x00, 0x05, 0x00, 0x0b, 0x00, 0x00, 0x00, 0x17, 0x02, 0x00, 0x00, 0x7a, 0x02, 0x00, 0x00, 0xbf, // ...........z....
	0x01, 0x00, 0x00, 0x8e, 0x00, 0x05, 0x00, 0x0b, 0x00, 0x00, 0x00, 0x87, 0x02, 0x00, 0x00, 0x17, // ................
	0x02, 0x00, 0x00, 0xee, 0x00, 0x00, 0x00, 0x0c, 0x00, 0x07, 0x00, 0x0b, 0x00, 0x00, 0x00, 0x8a, // ................
	0x02, 0x00, 0x00, 0x01, 0x00, 0x00, 0x00, 0x1a, 0x00, 0x00, 0x00, 0x87, 0x02, 0x00, 0x00, 0xbe, // ................
	0x02, 0x00, 0x00, 0x8e, 0x00, 0x05, 0x00, 0x0b, 0x00, 0x00, 0x00, 0x8e, 0x02, 0x00, 0x00, 0x8a, // ................
	0x02, 0x00, 0x00, 0xe9, 0x00, 0x00, 0x00, 0x81, 0x00, 0x05, 0x00, 0x0b, 0x00, 0x00, 0x00, 0x90, // ................
	0x02, 0x00, 0x00, 0xbf, 0x02, 0x00, 0x00, 0x8e, 0x02, 0x00, 0x00, 0x8e, 0x00, 0x05, 0x00, 0x0b, // ................
	0x00, 0x00, 0x00, 0x94, 0x02, 0x00, 0x00, 0x8a, 0x02, 0x00, 0x00, 0xeb, 0x00, 0x00, 0x00, 0x81, // ................
	0x00, 0x05, 0x00, 0x0b, 0x00, 0x00, 0x00, 0x95, 0x02, 0x00, 0x00, 0xc0, 0x02, 0x00, 0x00, 0x94, // ................
	0x02, 0x00, 0x00, 0x88, 0x00, 0x05, 0x00, 0x0b, 0x00, 0x00, 0x00, 0x96, 0x02, 0x00, 0x00, 0x90, // ................
	0x02, 0x00, 0x00, 0x95, 0x02, 0x00, 0x00, 0x0c, 0x00, 0x07, 0x00, 0x0b, 0x00, 0x00, 0x00, 0x99, // ................
	0x02, 0x00, 0x00, 0x01, 0x00, 0x00, 0x00, 0x1a, 0x00, 0x00, 0x00, 0x96, 0x02, 0x00, 0x00, 0xc1, // ................
	0x02, 0x00, 0x00, 0xf9, 0x00, 0x02, 0x00, 0x19, 0x02, 0x00, 0x00, 0xf8, 0x00, 0x02, 0x00, 0x19, // ................
	0x02, 0x00, 0x00, 0xf5, 0x00, 0x07, 0x00, 0x0b, 0x00, 0x00, 0x00, 0xca, 0x02, 0x00, 0x00, 0xbd, // ................
	0x02, 0x00, 0x00, 0x0c, 0x02, 0x00, 0x00, 0x99, 0x02, 0x00, 0x00, 0x0f, 0x02, 0x00, 0x00, 0xf9, // ................
	0x00, 0x02, 0x00, 0x1a, 0x02, 0x00, 0x00, 0xf8, 0x00, 0x02, 0x00, 0x09, 0x02, 0x00, 0x00, 0x4f, // ...............O
	0x00, 0x08, 0x00, 0x0b, 0x00, 0x00, 0x00, 0x0b, 0x02, 0x00, 0x00, 0xba, 0x01, 0x00, 0x00, 0xba, // ................
	0x01, 0x00, 0x00, 0x00, 0x00, 0x00, 0x00, 0x01, 0x00, 0x00, 0x00, 0x02, 0x00, 0x00, 0x00, 0xf9, // ................
	0x00, 0x02, 0x00, 0x1a, 0x02, 0x00, 0x00, 0xf8, 0x00, 0x02, 0x00, 0x1a, 0x02, 0x00, 0x00, 0xf5, // ................
	0x00, 0x07, 0x00, 0x0b, 0x00, 0x00, 0x00, 0xc9, 0x02, 0x00, 0x00, 0xca, 0x02, 0x00, 0x00, 0x19, // ................
	0x02, 0x00, 0x00, 0x0b, 0x02, 0x00, 0x00, 0x09, 0x02, 0x00, 0x00, 0xf9, 0x00, 0x02, 0x00, 0x1b, // ................
	0x02, 0x00, 0x00, 0xf8, 0x00, 0x02, 0x00, 0xff, 0x01, 0x00, 0x00, 0x4f, 0x00, 0x08, 0x00, 0x0b, // ...........O....
	0x00, 0x00, 0x00, 0x01, 0x02, 0x00, 0x00, 0xba, 0x01, 0x00, 0x00, 0xba, 0x01, 0x00, 0x00, 0x00, // ................
	0x00, 0x00, 0x00, 0x01, 0x00, 0x00, 0x00, 0x02, 0x00, 0x00, 0x00, 0x0c, 0x00, 0x08, 0x00, 0x0b, // ................
	0x00, 0x00, 0x00, 0x04, 0x02, 0x00, 0x00, 0x01, 0x00, 0x00, 0x00, 0x2b, 0x00, 0x00, 0x00, 0x01, // ...........+....
	0x02, 0x00, 0x00, 0xbd, 0x02, 0x00, 0x00, 0xc0, 0x02, 0x00, 0x00, 0x51, 0x00, 0x05, 0x00, 0x07, // ...........Q....
	0x00, 0x00, 0x00, 0x2d, 0x02, 0x00, 0x00, 0x04, 0x02, 0x00, 0x00, 0x00, 0x00, 0x00, 0x00, 0xf7, // ...-............
	0x00, 0x03, 0x00, 0x49, 0x02, 0x00, 0x00, 0x00, 0x00, 0x00, 0x00, 0xfb, 0x00, 0x03, 0x00, 0xa7, // ...I............
	0x00, 0x00, 0x00, 0x3d, 0x02, 0x00, 0x00, 0xf8, 0x00, 0x02, 0x00, 0x3d, 0x02, 0x00, 0x00, 0xbc, // ...=.......=....
	0x00, 0x05, 0x00, 0x94, 0x00, 0x00, 0x00, 0x3f, 0x02, 0x00, 0x00, 0x2d, 0x02, 0x00, 0x00, 0x93, // .......?...-....
	0x00, 0x00, 0x00, 0xf7, 0x00, 0x03, 0x00, 0x48, 0x02, 0x00, 0x00, 0x00, 0x00, 0x00, 0x00, 0xfa, // .......H........
	0x00, 0x04, 0x00, 0x3f, 0x02, 0x00, 0x00, 0x40, 0x02, 0x00, 0x00, 0x43, 0x02, 0x00, 0x00, 0xf8, // ...?...@...C....
	0x00, 0x02, 0x00, 0x43, 0x02, 0x00, 0x00, 0x0c, 0x00, 0x07, 0x00, 0x07, 0x00, 0x00, 0x00, 0x45, // ...C...........E
	0x02, 0x00, 0x00, 0x01, 0x00, 0x00, 0x00, 0x1a, 0x00, 0x00, 0x00, 0x2d, 0x02, 0x00, 0x00, 0x9f, // ...........-....
	0x00, 0x00, 0x00, 0x85, 0x00, 0x05, 0x00, 0x07, 0x00, 0x00, 0x00, 0x46, 0x02, 0x00, 0x00, 0x9d, // ...........F....
	0x00, 0x00, 0x00, 0x45, 0x02, 0x00, 0x00, 0x83, 0x00, 0x05, 0x00, 0x07, 0x00, 0x00, 0x00, 0x47, // ...E...........G
	0x02, 0x00, 0x00, 0x46, 0x02, 0x00, 0x00, 0xa2, 0x00, 0x00, 0x00, 0xf9, 0x00, 0x02, 0x00, 0x49, // ...F...........I
	0x02, 0x00, 0x00, 0xf8, 0x00, 0x02, 0x00, 0x40, 0x02, 0x00, 0x00, 0x85, 0x00, 0x05, 0x00, 0x07, // .......@........
	0x00, 0x00, 0x00, 0x42, 0x02, 0x00, 0x00, 0x98, 0x00, 0x00, 0x00, 0x2d, 0x02, 0x00, 0x00, 0xf9, // ...B.......-....
	0x00, 0x02, 0x00, 0x49, 0x02, 0x00, 0x00, 0xf8, 0x00, 0x02, 0x00, 0x48, 0x02, 0x00, 0x00, 0xff, // ...I.......H....
	0x00, 0x01, 0x00, 0xf8, 0x00, 0x02, 0x00, 0x49, 0x02, 0x00, 0x00, 0xf5, 0x00, 0x07, 0x00, 0x07, // .......I........
	0x00, 0x00, 0x00, 0xc2, 0x02, 0x00, 0x00, 0x47, 0x02, 0x00, 0x00, 0x43, 0x02, 0x00, 0x00, 0x42, // .......G...C...B
	0x02, 0x00, 0x00, 0x40, 0x02, 0x00, 0x00, 0x51, 0x00, 0x05, 0x00, 0x07, 0x00, 0x00, 0x00, 0x31, // ...@...Q.......1
	0x02, 0x00, 0x00, 0x04, 0x02, 0x00, 0x00, 0x01, 0x00, 0x00, 0x00, 0xf7, 0x00, 0x03, 0x00, 0x5b, // ...............[
	0x02, 0x00, 0x00, 0x00, 0x00, 0x00, 0x00, 0xfb, 0x00, 0x03, 0x00, 0xa7, 0x00, 0x00, 0x00, 0x4f, // ...............O
	0x02, 0x00, 0x00, 0xf8, 0x00, 0x02, 0x00, 0x4f, 0x02, 0x00, 0x00, 0xbc, 0x00, 0x05, 0x00, 0x94, // .......O........
	0x00, 0x00, 0x00, 0x51, 0x02, 0x00, 0x00, 0x31, 0x02, 0x00, 0x00, 0x93, 0x00, 0x00, 0x00, 0xf7, // ...Q...1........
	0x00, 0x03, 0x00, 0x5a, 0x02, 0x00, 0x00, 0x00, 0x00, 0x00, 0x00, 0xfa, 0x00, 0x04, 0x00, 0x51, // ...Z...........Q
	0x02, 0x00, 0x00, 0x52, 0x02, 0x00, 0x00, 0x55, 0x02, 0x00, 0x00, 0xf8, 0x00, 0x02, 0x00, 0x55, // ...R...U.......U
	0x02, 0x00, 0x00, 0x0c, 0x00, 0x07, 0x00, 0x07, 0x00, 0x00, 0x00, 0x57, 0x02, 0x00, 0x00, 0x01, // ...........W....
	0x00, 0x00, 0x00, 0x1a, 0x00, 0x00, 0x00, 0x31, 0x02, 0x00, 0x00, 0x9f, 0x00, 0x00, 0x00, 0x85, // .......1........
	0x00, 0x05, 0x00, 0x07, 0x00, 0x00, 0x00, 0x58, 0x02, 0x00, 0x00, 0x9d, 0x00, 0x00, 0x00, 0x57, // .......X.......W
	0x02, 0x00, 0x00, 0x83, 0x00, 0x05, 0x00, 0x07, 0x00, 0x00, 0x00, 0x59, 0x02, 0x00, 0x00, 0x58, // ...........Y...X
	0x02, 0x00, 0x00, 0xa2, 0x00, 0x00, 0x00, 0xf9, 0x00, 0x02, 0x00, 0x5b, 0x02, 0x00, 0x00, 0xf8, // ...........[....
	0x00, 0x02, 0x00, 0x52, 0x02, 0x00, 0x00, 0x85, 0x00, 0x05, 0x00, 0x07, 0x00, 0x00, 0x00, 0x54, // ...R...........T
	0x02, 0x00, 0x00, 0x98, 0x00, 0x00, 0x00, 0x31, 0x02, 0x00, 0x00, 0xf9, 0x00, 0x02, 0x00, 0x5b, // .......1.......[
	0x02, 0x00, 0x00, 0xf8, 0x00, 0x02, 0x00, 0x5a, 0x02, 0x00, 0x00, 0xff, 0x00, 0x01, 0x00, 0xf8, // .......Z........
	0x00, 0x02, 0x00, 0x5b, 0x02, 0x00, 0x00, 0xf5, 0x00, 0x07, 0x00, 0x07, 0x00, 0x00, 0x00, 0xc4, // ...[............
	0x02, 0x00, 0x00, 0x59, 0x02, 0x00, 0x00, 0x55, 0x02, 0x00, 0x00, 0x54, 0x02, 0x00, 0x00, 0x52, // ...Y...U...T...R
	0x02, 0x00, 0x00, 0x51, 0x00, 0x05, 0x00, 0x07, 0x00, 0x00, 0x00, 0x35, 0x02, 0x00, 0x00, 0x04, // ...Q.......5....
	0x02, 0x00, 0x00, 0x02, 0x00, 0x00, 0x00, 0xf7, 0x00, 0x03, 0x00, 0x6d, 0x02, 0x00, 0x00, 0x00, // ...........m....
	0x00, 0x00, 0x00, 0xfb, 0x00, 0x03, 0x00, 0xa7, 0x00, 0x00, 0x00, 0x61, 0x02, 0x00, 0x00, 0xf8, // ...........a....
	0x00, 0x02, 0x00, 0x61, 0x02, 0x00, 0x00, 0xbc, 0x00, 0x05, 0x00, 0x94, 0x00, 0x00, 0x00, 0x63, // ...a...........c
	0x02, 0x00, 0x00, 0x35, 0x02, 0x00, 0x00, 0x93, 0x00, 0x00, 0x00, 0xf7, 0x00, 0x03, 0x00, 0x6c, // ...5...........l
	0x02, 0x00, 0x00, 0x00, 0x00, 0x00, 0x00, 0xfa, 0x00, 0x04, 0x00, 0x63, 0x02, 0x00, 0x00, 0x64, // ...........c...d
	0x02, 0x00, 0x00, 0x67, 0x02, 0x00, 0x00, 0xf8, 0x00, 0x02, 0x00, 0x67, 0x02, 0x00, 0x00, 0x0c, // ...g.......g....
	0x00, 0x07, 0x00, 0x07, 0x00, 0x00, 0x00, 0x69, 0x02, 0x00, 0x00, 0x01, 0x00, 0x00, 0x00, 0x1a, // .......i........
	0x00, 0x00, 0x00, 0x35, 0x02, 0x00, 0x00, 0x9f, 0x00, 0x00, 0x00, 0x85, 0x00, 0x05, 0x00, 0x07, // ...5............
	0x00, 0x00, 0x00, 0x6a, 0x02, 0x00, 0x00, 0x9d, 0x00, 0x00, 0x00, 0x69, 0x02, 0x00, 0x00, 0x83, // ...j.......i....
	0x00, 0x05, 0x00, 0x07, 0x00, 0x00, 0x00, 0x6b, 0x02, 0x00, 0x00, 0x6a, 0x02, 0x00, 0x00, 0xa2, // .......k...j....
	0x00, 0x00, 0x00, 0xf9, 0x00, 0x02, 0x00, 0x6d, 0x02, 0x00, 0x00, 0xf8, 0x00, 0x02, 0x00, 0x64, // .......m.......d
	0x02, 0x00, 0x00, 0x85, 0x00, 0x05, 0x00, 0x07, 0x00, 0x00, 0x00, 0x66, 0x02, 0x00, 0x00, 0x98, // ...........f....
	0x00, 0x00, 0x00, 0x35, 0x02, 0x00, 0x00, 0xf9, 0x00, 0x02, 0x00, 0x6d, 0x02, 0x00, 0x00, 0xf8, // ...5.......m....
	0x00, 0x02, 0x00, 0x6c, 0x02, 0x00, 0x00, 0xff, 0x00, 0x01, 0x00, 0xf8, 0x00, 0x02, 0x00, 0x6d, // ...l...........m
	0x02, 0x00, 0x00, 0xf5, 0x00, 0x07, 0x00, 0x07, 0x00, 0x00, 0x00, 0xc6, 0x02, 0x00, 0x00, 0x6b, // ...............k
	0x02, 0x00, 0x00, 0x67, 0x02, 0x00, 0x00, 0x66, 0x02, 0x00, 0x00, 0x64, 0x02, 0x00, 0x00, 0x50, // ...g...f...d...P
	0x00, 0x06, 0x00, 0x0b, 0x00, 0x00, 0x00, 0xcb, 0x02, 0x00, 0x00, 0xc2, 0x02, 0x00, 0x00, 0xc4, // ................
	0x02, 0x00, 0x00, 0xc6, 0x02, 0x00, 0x00, 0xf9, 0x00, 0x02, 0x00, 0x1b, 0x02, 0x00, 0x00, 0xf8, // ................
	0x00, 0x02, 0x00, 0x1b, 0x02, 0x00, 0x00, 0xf5, 0x00, 0x07, 0x00, 0x0b, 0x00, 0x00, 0x00, 0xc8, // ................
	0x02, 0x00, 0x00, 0xc9, 0x02, 0x00, 0x00, 0x1a, 0x02, 0x00, 0x00, 0xcb, 0x02, 0x00, 0x00, 0x6d, // ...............m
	0x02, 0x00, 0x00, 0x51, 0x00, 0x05, 0x00, 0x07, 0x00, 0x00, 0x00, 0x1e, 0x02, 0x00, 0x00, 0xba, // ...Q............
	0x01, 0x00, 0x00, 0x03, 0x00, 0x00, 0x00, 0x51, 0x00, 0x05, 0x00, 0x07, 0x00, 0x00, 0x00, 0x1f, // .......Q........
	0x02, 0x00, 0x00, 0xc8, 0x02, 0x00, 0x00, 0x00, 0x00, 0x00, 0x00, 0x51, 0x00, 0x05, 0x00, 0x07, // ...........Q....
	0x00, 0x00, 0x00, 0x20, 0x02, 0x00, 0x00, 0xc8, 0x02, 0x00, 0x00, 0x01, 0x00, 0x00, 0x00, 0x51, // ... ...........Q
	0x00, 0x05, 0x00, 0x07, 0x00, 0x00, 0x00, 0x21, 0x02, 0x00, 0x00, 0xc8, 0x02, 0x00, 0x00, 0x02, // .......!........
	0x00, 0x00, 0x00, 0x50, 0x00, 0x07, 0x00, 0x0e, 0x00, 0x00, 0x00, 0x22, 0x02, 0x00, 0x00, 0x1f, // ...P......."....
	0x02, 0x00, 0x00, 0x20, 0x02, 0x00, 0x00, 0x21, 0x02, 0x00, 0x00, 0x1e, 0x02, 0x00, 0x00, 0x3e, // ... ...!.......>
	0x00, 0x03, 0x00, 0x7c, 0x01, 0x00, 0x00, 0x22, 0x02, 0x00, 0x00, 0xfd, 0x00, 0x01, 0x00, 0x38, // ...|...".......8
	0x00, 0x01, 0x00, 0x00, 0x00, 0x20, 0x00,                                                       // ..... .
};
static const uint8_t fs_texture_3d_wgsl[3661] =
{
	0x46, 0x53, 0x48, 0x0c, 0x01, 0x83, 0xf2, 0xe1, 0x00, 0x00, 0x00, 0x00, 0x00, 0x00, 0x00, 0x00, // FSH.............
	0x00, 0x00, 0x00, 0x00, 0x03, 0x00, 0x09, 0x75, 0x5f, 0x70, 0x61, 0x72, 0x61, 0x6d, 0x73, 0x30, // .......u_params0
	0x12, 0x01, 0x00, 0x00, 0x01, 0x00, 0x00, 0x00, 0x00, 0x00, 0x09, 0x75, 0x5f, 0x70, 0x61, 0x72, // ...........u_par
	0x61, 0x6d, 0x73, 0x31, 0x12, 0x01, 0x10, 0x00, 0x01, 0x00, 0x00, 0x00, 0x00, 0x00, 0x0a, 0x73, // ams1...........s
	0x5f, 0x74, 0x65, 0x78, 0x43, 0x6f, 0x6c, 0x6f, 0x72, 0x30, 0x00, 0x02, 0x00, 0x00, 0x00, 0x00, // _texColor0......
	0x06, 0x29, 0x00, 0xf0, 0x0d, 0x00, 0x00, 0x64, 0x69, 0x61, 0x67, 0x6e, 0x6f, 0x73, 0x74, 0x69, // .).....diagnosti
	0x63, 0x28, 0x6f, 0x66, 0x66, 0x2c, 0x20, 0x64, 0x65, 0x72, 0x69, 0x76, 0x61, 0x74, 0x69, 0x76, // c(off, derivativ
	0x65, 0x5f, 0x75, 0x6e, 0x69, 0x66, 0x6f, 0x72, 0x6d, 0x69, 0x74, 0x79, 0x29, 0x3b, 0x0a, 0x64, // e_uniformity);.d
	0x69, 0x61, 0x67, 0x6e, 0x6f, 0x73, 0x74, 0x69, 0x63, 0x28, 0x6f, 0x66, 0x66, 0x2c, 0x20, 0x73, // iagnostic(off, s
	0x75, 0x62, 0x67, 0x72, 0x6f, 0x75, 0x70, 0x5f, 0x75, 0x6e, 0x69, 0x66, 0x6f, 0x72, 0x6d, 0x69, // ubgroup_uniformi
	0x74, 0x79, 0x29, 0x3b, 0x0a, 0x0a, 0x40, 0x67, 0x72, 0x6f, 0x75, 0x70, 0x28, 0x30, 0x75, 0x29, // ty);..@group(0u)
	0x20, 0x40, 0x62, 0x69, 0x6e, 0x64, 0x69, 0x6e, 0x67, 0x28, 0x31, 0x38, 0x75, 0x29, 0x20, 0x76, //  @binding(18u) v
	0x61, 0x72, 0x20, 0x73, 0x5f, 0x74, 0x65, 0x78, 0x43, 0x6f, 0x6c, 0x6f, 0x72, 0x53, 0x61, 0x6d, // ar s_texColorSam
	0x70, 0x6c, 0x65, 0x72, 0x20, 0x3a, 0x20, 0x73, 0x61, 0x6d, 0x70, 0x6c, 0x65, 0x72, 0x3b, 0x0a, // pler : sampler;.
	0x0a, 0x40, 0x67, 0x72, 0x6f, 0x75, 0x70, 0x28, 0x30, 0x75, 0x29, 0x20, 0x40, 0x62, 0x69, 0x6e, // .@group(0u) @bin
	0x64, 0x69, 0x6e, 0x67, 0x28, 0x32, 0x75, 0x29, 0x20, 0x76, 0x61, 0x72, 0x20, 0x73, 0x5f, 0x74, // ding(2u) var s_t
	0x65, 0x78, 0x43, 0x6f, 0x6c, 0x6f, 0x72, 0x54, 0x65, 0x78, 0x74, 0x75, 0x72, 0x65, 0x20, 0x3a, // exColorTexture :
	0x20, 0x74, 0x65, 0x78, 0x74, 0x75, 0x72, 0x65, 0x5f, 0x33, 0x64, 0x3c, 0x66, 0x33, 0x32, 0x3e, //  texture_3d<f32>
	0x3b, 0x0a, 0x0a, 0x73, 0x74, 0x72, 0x75, 0x63, 0x74, 0x20, 0x55, 0x6e, 0x69, 0x66, 0x6f, 0x72, // ;..struct Unifor
	0x6d, 0x42, 0x6c, 0x6f, 0x63, 0x6b, 0x20, 0x7b, 0x0a, 0x20, 0x20, 0x75, 0x5f, 0x70, 0x61, 0x72, // mBlock {.  u_par
	0x61, 0x6d, 0x73, 0x30, 0x20, 0x3a, 0x20, 0x76, 0x65, 0x63, 0x34, 0x3c, 0x66, 0x33, 0x32, 0x3e, // ams0 : vec4<f32>
	0x2c, 0x0a, 0x20, 0x20, 0x75, 0x5f, 0x70, 0x61, 0x72, 0x61, 0x6d, 0x73, 0x31, 0x20, 0x3a, 0x20, // ,.  u_params1 : 
	0x76, 0x65, 0x63, 0x34, 0x3c, 0x66, 0x33, 0x32, 0x3e, 0x2c, 0x0a, 0x7d, 0x0a, 0x0a, 0x40, 0x67, // vec4<f32>,.}..@g
	0x72, 0x6f, 0x75, 0x70, 0x28, 0x30, 0x75, 0x29, 0x20, 0x40, 0x62, 0x69, 0x6e, 0x64, 0x69, 0x6e, // roup(0u) @bindin
	0x67, 0x28, 0x31, 0x75, 0x29, 0x20, 0x76, 0x61, 0x72, 0x3c, 0x75, 0x6e, 0x69, 0x66, 0x6f, 0x72, // g(1u) var<unifor
	0x6d, 0x3e, 0x20, 0x76, 0x20, 0x3a, 0x20, 0x55, 0x6e, 0x69, 0x66, 0x6f, 0x72, 0x6d, 0x42, 0x6c, // m> v : UniformBl
	0x6f, 0x63, 0x6b, 0x3b, 0x0a, 0x0a, 0x76, 0x61, 0x72, 0x3c, 0x70, 0x72, 0x69, 0x76, 0x61, 0x74, // ock;..var<privat
	0x65, 0x3e, 0x20, 0x62, 0x67, 0x66, 0x78, 0x5f, 0x46, 0x72, 0x61, 0x67, 0x44, 0x61, 0x74, 0x61, // e> bgfx_FragData
	0x30, 0x20, 0x3a, 0x20, 0x76, 0x65, 0x63, 0x34, 0x3c, 0x66, 0x33, 0x32, 0x3e, 0x3b, 0x0a, 0x0a, // 0 : vec4<f32>;..
	0x66, 0x6e, 0x20, 0x6d, 0x61, 0x69, 0x6e, 0x5f, 0x69, 0x6e, 0x6e, 0x65, 0x72, 0x28, 0x76, 0x5f, // fn main_inner(v_
	0x63, 0x6f, 0x6c, 0x6f, 0x72, 0x30, 0x20, 0x3a, 0x20, 0x76, 0x65, 0x63, 0x34, 0x3c, 0x66, 0x33, // color0 : vec4<f3
	0x32, 0x3e, 0x2c, 0x20, 0x76, 0x5f, 0x74, 0x65, 0x78, 0x63, 0x6f, 0x6f, 0x72, 0x64, 0x30, 0x20, // 2>, v_texcoord0 
	0x3a, 0x20, 0x76, 0x65, 0x63, 0x33, 0x3c, 0x66, 0x33, 0x32, 0x3e, 0x29, 0x20, 0x7b, 0x0a, 0x20, // : vec3<f32>) {. 
	0x20, 0x6c, 0x65, 0x74, 0x20, 0x76, 0x5f, 0x31, 0x20, 0x3d, 0x20, 0x74, 0x65, 0x78, 0x74, 0x75, //  let v_1 = textu
	0x72, 0x65, 0x53, 0x61, 0x6d, 0x70, 0x6c, 0x65, 0x4c, 0x65, 0x76, 0x65, 0x6c, 0x28, 0x73, 0x5f, // reSampleLevel(s_
	0x74, 0x65, 0x78, 0x43, 0x6f, 0x6c, 0x6f, 0x72, 0x54, 0x65, 0x78, 0x74, 0x75, 0x72, 0x65, 0x2c, // texColorTexture,
	0x20, 0x73, 0x5f, 0x74, 0x65, 0x78, 0x43, 0x6f, 0x6c, 0x6f, 0x72, 0x53, 0x61, 0x6d, 0x70, 0x6c, //  s_texColorSampl
	0x65, 0x72, 0x2c, 0x20, 0x76, 0x65, 0x63, 0x33, 0x3c, 0x66, 0x33, 0x32, 0x3e, 0x28, 0x76, 0x5f, // er, vec3<f32>(v_
	0x74, 0x65, 0x78, 0x63, 0x6f, 0x6f, 0x72, 0x64, 0x30, 0x2e, 0x78, 0x2c, 0x20, 0x76, 0x5f, 0x74, // texcoord0.x, v_t
	0x65, 0x78, 0x63, 0x6f, 0x6f, 0x72, 0x64, 0x30, 0x2e, 0x79, 0x2c, 0x20, 0x76, 0x2e, 0x75, 0x5f, // excoord0.y, v.u_
	0x70, 0x61, 0x72, 0x61, 0x6d, 0x73, 0x30, 0x2e, 0x79, 0x29, 0x2c, 0x20, 0x76, 0x2e, 0x75, 0x5f, // params0.y), v.u_
	0x70, 0x61, 0x72, 0x61, 0x6d, 0x73, 0x30, 0x2e, 0x78, 0x29, 0x3b, 0x0a, 0x20, 0x20, 0x6c, 0x65, // params0.x);.  le
	0x74, 0x20, 0x76, 0x5f, 0x32, 0x20, 0x3d, 0x20, 0x76, 0x5f, 0x31, 0x2e, 0x78, 0x79, 0x7a, 0x3b, // t v_2 = v_1.xyz;
	0x0a, 0x20, 0x20, 0x6c, 0x65, 0x74, 0x20, 0x76, 0x5f, 0x33, 0x20, 0x3d, 0x20, 0x70, 0x6f, 0x77, // .  let v_3 = pow
	0x28, 0x61, 0x62, 0x73, 0x28, 0x76, 0x5f, 0x32, 0x29, 0x2c, 0x20, 0x76, 0x65, 0x63, 0x33, 0x3c, // (abs(v_2), vec3<
	0x66, 0x33, 0x32, 0x3e, 0x28, 0x32, 0x2e, 0x32, 0x30, 0x30, 0x30, 0x30, 0x30, 0x30, 0x34, 0x37, // f32>(2.200000047
	0x36, 0x38, 0x33, 0x37, 0x31, 0x35, 0x38, 0x32, 0x30, 0x33, 0x31, 0x66, 0x29, 0x29, 0x3b, 0x0a, // 68371582031f));.
	0x20, 0x20, 0x6c, 0x65, 0x74, 0x20, 0x76, 0x5f, 0x34, 0x20, 0x3d, 0x20, 0x76, 0x2e, 0x75, 0x5f, //   let v_4 = v.u_
	0x70, 0x61, 0x72, 0x61, 0x6d, 0x73, 0x30, 0x2e, 0x7a, 0x3b, 0x0a, 0x20, 0x20, 0x6c, 0x65, 0x74, // params0.z;.  let
	0x20, 0x76, 0x5f, 0x35, 0x20, 0x3d, 0x20, 0x28, 0x6d, 0x69, 0x78, 0x28, 0x76, 0x5f, 0x33, 0x2c, //  v_5 = (mix(v_3,
	0x20, 0x76, 0x5f, 0x32, 0x2c, 0x20, 0x76, 0x65, 0x63, 0x33, 0x3c, 0x66, 0x33, 0x32, 0x3e, 0x28, //  v_2, vec3<f32>(
	0x76, 0x5f, 0x34, 0x2c, 0x20, 0x76, 0x5f, 0x34, 0x2c, 0x20, 0x76, 0x5f, 0x34, 0x29, 0x29, 0x20, // v_4, v_4, v_4)) 
	0x2a, 0x20, 0x70, 0x6f, 0x77, 0x28, 0x32, 0x2e, 0x30, 0x66, 0x2c, 0x20, 0x76, 0x2e, 0x75, 0x5f, // * pow(2.0f, v.u_
	0x70, 0x61, 0x72, 0x61, 0x6d, 0x73, 0x30, 0x2e, 0x77, 0x29, 0x29, 0x3b, 0x0a, 0x20, 0x20, 0x76, // params0.w));.  v
	0x61, 0x72, 0x20, 0x76, 0x5f, 0x36, 0x20, 0x3a, 0x20, 0x76, 0x65, 0x63, 0x34, 0x3c, 0x66, 0x33, // ar v_6 : vec4<f3
	0x32, 0x3e, 0x20, 0x3d, 0x20, 0x76, 0x5f, 0x31, 0x3b, 0x0a, 0x20, 0x20, 0x76, 0x5f, 0x36, 0x2e, // 2> = v_1;.  v_6.
	0x78, 0x20, 0x3d, 0x20, 0x76, 0x5f, 0x35, 0x2e, 0x78, 0x3b, 0x0a, 0x20, 0x20, 0x76, 0x61, 0x72, // x = v_5.x;.  var
	0x20, 0x76, 0x5f, 0x37, 0x20, 0x3a, 0x20, 0x76, 0x65, 0x63, 0x34, 0x3c, 0x66, 0x33, 0x32, 0x3e, //  v_7 : vec4<f32>
	0x20, 0x3d, 0x20, 0x76, 0x5f, 0x36, 0x3b, 0x0a, 0x20, 0x20, 0x76, 0x5f, 0x37, 0x2e, 0x79, 0x20, //  = v_6;.  v_7.y 
	0x3d, 0x20, 0x76, 0x5f, 0x35, 0x2e, 0x79, 0x3b, 0x0a, 0x20, 0x20, 0x76, 0x61, 0x72, 0x20, 0x76, // = v_5.y;.  var v
	0x5f, 0x38, 0x20, 0x3a, 0x20, 0x76, 0x65, 0x63, 0x34, 0x3c, 0x66, 0x33, 0x32, 0x3e, 0x20, 0x3d, // _8 : vec4<f32> =
	0x20, 0x76, 0x5f, 0x37, 0x3b, 0x0a, 0x20, 0x20, 0x76, 0x5f, 0x38, 0x2e, 0x7a, 0x20, 0x3d, 0x20, //  v_7;.  v_8.z = 
	0x76, 0x5f, 0x35, 0x2e, 0x7a, 0x3b, 0x0a, 0x20, 0x20, 0x6c, 0x65, 0x74, 0x20, 0x76, 0x5f, 0x39, // v_5.z;.  let v_9
	0x20, 0x3d, 0x20, 0x28, 0x76, 0x5f, 0x38, 0x20, 0x2a, 0x20, 0x76, 0x5f, 0x63, 0x6f, 0x6c, 0x6f, //  = (v_8 * v_colo
	0x72, 0x30, 0x29, 0x3b, 0x0a, 0x20, 0x20, 0x6c, 0x65, 0x74, 0x20, 0x76, 0x5f, 0x31, 0x30, 0x20, // r0);.  let v_10 
	0x3d, 0x20, 0x76, 0x2e, 0x75, 0x5f, 0x70, 0x61, 0x72, 0x61, 0x6d, 0x73, 0x31, 0x2e, 0x78, 0x3b, // = v.u_params1.x;
	0x0a, 0x20, 0x20, 0x6c, 0x65, 0x74, 0x20, 0x76, 0x5f, 0x31, 0x31, 0x20, 0x3d, 0x20, 0x76, 0x2e, // .  let v_11 = v.
	0x75, 0x5f, 0x70, 0x61, 0x72, 0x61, 0x6d, 0x73, 0x31, 0x2e, 0x79, 0x3b, 0x0a, 0x20, 0x20, 0x76, // u_params1.y;.  v
	0x61, 0x72, 0x20, 0x76, 0x5f, 0x31, 0x32, 0x20, 0x3a, 0x20, 0x76, 0x65, 0x63, 0x33, 0x3c, 0x66, // ar v_12 : vec3<f
	0x33, 0x32, 0x3e, 0x3b, 0x0a, 0x20, 0x20, 0x69, 0x66, 0x20, 0x28, 0x28, 0x76, 0x5f, 0x31, 0x30, // 32>;.  if ((v_10
	0x20, 0x3c, 0x20, 0x30, 0x2e, 0x35, 0x66, 0x29, 0x29, 0x20, 0x7b, 0x0a, 0x20, 0x20, 0x20, 0x20, //  < 0.5f)) {.    
	0x6c, 0x65, 0x74, 0x20, 0x76, 0x5f, 0x31, 0x33, 0x20, 0x3d, 0x20, 0x63, 0x6c, 0x61, 0x6d, 0x70, // let v_13 = clamp
	0x28, 0x76, 0x5f, 0x39, 0x2e, 0x78, 0x79, 0x7a, 0x2c, 0x20, 0x76, 0x65, 0x63, 0x33, 0x3c, 0x66, // (v_9.xyz, vec3<f
	0x33, 0x32, 0x3e, 0x28, 0x29, 0x2c, 0x20, 0x76, 0x65, 0x63, 0x33, 0x3c, 0x66, 0x33, 0x32, 0x3e, // 32>(), vec3<f32>
	0x28, 0x31, 0x2e, 0x30, 0x66, 0x29, 0x29, 0x3b, 0x0a, 0x20, 0x20, 0x20, 0x20, 0x6c, 0x65, 0x74, // (1.0f));.    let
	0x20, 0x76, 0x5f, 0x31, 0x34, 0x20, 0x3d, 0x20, 0x76, 0x5f, 0x31, 0x33, 0x2e, 0x78, 0x3b, 0x0a, //  v_14 = v_13.x;.
	0x20, 0x20, 0x20, 0x20, 0x76, 0x61, 0x72, 0x20, 0x76, 0x5f, 0x31, 0x35, 0x20, 0x3a, 0x20, 0x66, //     var v_15 : f
	0x33, 0x32, 0x3b, 0x0a, 0x20, 0x20, 0x20, 0x20, 0x73, 0x77, 0x69, 0x74, 0x63, 0x68, 0x28, 0x30, // 32;.    switch(0
	0x75, 0x29, 0x20, 0x7b, 0x0a, 0x20, 0x20, 0x20, 0x20, 0x20, 0x20, 0x64, 0x65, 0x66, 0x61, 0x75, // u) {.      defau
	0x6c, 0x74, 0x3a, 0x20, 0x7b, 0x0a, 0x20, 0x20, 0x20, 0x20, 0x20, 0x20, 0x20, 0x20, 0x69, 0x66, // lt: {.        if
	0x20, 0x28, 0x28, 0x76, 0x5f, 0x31, 0x34, 0x20, 0x3c, 0x3d, 0x20, 0x30, 0x2e, 0x30, 0x30, 0x33, //  ((v_14 <= 0.003
	0x31, 0x33, 0x30, 0x38, 0x30, 0x30, 0x30, 0x39, 0x30, 0x37, 0x33, 0x30, 0x31, 0x39, 0x30, 0x32, // 1308000907301902
	0x38, 0x66, 0x29, 0x29, 0x20, 0x7b, 0x0a, 0x20, 0x20, 0x20, 0x20, 0x20, 0x20, 0x20, 0x20, 0x20, // 8f)) {.         
	0x20, 0x76, 0x5f, 0x31, 0x35, 0x20, 0x3d, 0x20, 0x28, 0x31, 0x32, 0x2e, 0x39, 0x32, 0x30, 0x30, //  v_15 = (12.9200
	0x30, 0x30, 0x30, 0x37, 0x36, 0x32, 0x39, 0x33, 0x39, 0x34, 0x35, 0x33, 0x31, 0x32, 0x35, 0x66, // 000762939453125f
	0x20, 0x2a, 0x20, 0x76, 0x5f, 0x31, 0x34, 0x29, 0x3b, 0x0a, 0x20, 0x20, 0x20, 0x20, 0x20, 0x20, //  * v_14);.      
	0x20, 0x20, 0x20, 0x20, 0x62, 0x72, 0x65, 0x61, 0x6b, 0x3b, 0x0a, 0x20, 0x20, 0x20, 0x20, 0x20, //     break;.     
	0x20, 0x20, 0x20, 0x7d, 0x20, 0x65, 0x6c, 0x73, 0x65, 0x20, 0x7b, 0x0a, 0x20, 0x20, 0x20, 0x20, //    } else {.    
	0x20, 0x20, 0x20, 0x20, 0x20, 0x20, 0x76, 0x5f, 0x31, 0x35, 0x20, 0x3d, 0x20, 0x28, 0x28, 0x31, //       v_15 = ((1
	0x2e, 0x30, 0x35, 0x34, 0x39, 0x39, 0x39, 0x39, 0x34, 0x37, 0x35, 0x34, 0x37, 0x39, 0x31, 0x32, // .054999947547912
	0x35, 0x39, 0x37, 0x36, 0x36, 0x66, 0x20, 0x2a, 0x20, 0x70, 0x6f, 0x77, 0x28, 0x76, 0x5f, 0x31, // 59766f * pow(v_1
	0x34, 0x2c, 0x20, 0x30, 0x2e, 0x34, 0x31, 0x36, 0x36, 0x36, 0x36, 0x36, 0x35, 0x36, 0x37, 0x33, // 4, 0.41666665673
	0x32, 0x35, 0x35, 0x39, 0x32, 0x30, 0x34, 0x31, 0x66, 0x29, 0x29, 0x20, 0x2d, 0x20, 0x30, 0x2e, // 25592041f)) - 0.
	0x30, 0x35, 0x34, 0x39, 0x39, 0x39, 0x39, 0x39, 0x39, 0x37, 0x30, 0x31, 0x39, 0x37, 0x36, 0x37, // 0549999997019767
	0x37, 0x36, 0x31, 0x32, 0x66, 0x29, 0x3b, 0x0a, 0x20, 0x20, 0x20, 0x20, 0x20, 0x20, 0x20, 0x20, // 7612f);.        
	0x20, 0x20, 0x62, 0x72, 0x65, 0x61, 0x6b, 0x3b, 0x0a, 0x20, 0x20, 0x20, 0x20, 0x20, 0x20, 0x20, //   break;.       
	0x20, 0x7d, 0x0a, 0x20, 0x20, 0x20, 0x20, 0x20, 0x20, 0x7d, 0x0a, 0x20, 0x20, 0x20, 0x20, 0x7d, //  }.      }.    }
	0x0a, 0x20, 0x20, 0x20, 0x20, 0x6c, 0x65, 0x74, 0x20, 0x76, 0x5f, 0x31, 0x36, 0x20, 0x3d, 0x20, // .    let v_16 = 
	0x76, 0x5f, 0x31, 0x35, 0x3b, 0x0a, 0x20, 0x20, 0x20, 0x20, 0x6c, 0x65, 0x74, 0x20, 0x76, 0x5f, // v_15;.    let v_
	0x31, 0x37, 0x20, 0x3d, 0x20, 0x76, 0x5f, 0x31, 0x33, 0x2e, 0x79, 0x3b, 0x0a, 0x20, 0x20, 0x20, // 17 = v_13.y;.   
	0x20, 0x76, 0x61, 0x72, 0x20, 0x76, 0x5f, 0x31, 0x38, 0x20, 0x3a, 0x20, 0x66, 0x33, 0x32, 0x3b, //  var v_18 : f32;
	0x0a, 0x20, 0x20, 0x20, 0x20, 0x73, 0x77, 0x69, 0x74, 0x63, 0x68, 0x28, 0x30, 0x75, 0x29, 0x20, // .    switch(0u) 
	0x7b, 0x0a, 0x20, 0x20, 0x20, 0x20, 0x20, 0x20, 0x64, 0x65, 0x66, 0x61, 0x75, 0x6c, 0x74, 0x3a, // {.      default:
	0x20, 0x7b, 0x0a, 0x20, 0x20, 0x20, 0x20, 0x20, 0x20, 0x20, 0x20, 0x69, 0x66, 0x20, 0x28, 0x28, //  {.        if ((
	0x76, 0x5f, 0x31, 0x37, 0x20, 0x3c, 0x3d, 0x20, 0x30, 0x2e, 0x30, 0x30, 0x33, 0x31, 0x33, 0x30, // v_17 <= 0.003130
	0x38, 0x30, 0x30, 0x30, 0x39, 0x30, 0x37, 0x33, 0x30, 0x31, 0x39, 0x30, 0x32, 0x38, 0x66, 0x29, // 80009073019028f)
	0x29, 0x20, 0x7b, 0x0a, 0x20, 0x20, 0x20, 0x20, 0x20, 0x20, 0x20, 0x20, 0x20, 0x20, 0x76, 0x5f, // ) {.          v_
	0x31, 0x38, 0x20, 0x3d, 0x20, 0x28, 0x31, 0x32, 0x2e, 0x39, 0x32, 0x30, 0x30, 0x30, 0x30, 0x30, // 18 = (12.9200000
	0x37, 0x36, 0x32, 0x39, 0x33, 0x39, 0x34, 0x35, 0x33, 0x31, 0x32, 0x35, 0x66, 0x20, 0x2a, 0x20, // 762939453125f * 
	0x76, 0x5f, 0x31, 0x37, 0x29, 0x3b, 0x0a, 0x20, 0x20, 0x20, 0x20, 0x20, 0x20, 0x20, 0x20, 0x20, // v_17);.         
	0x20, 0x62, 0x72, 0x65, 0x61, 0x6b, 0x3b, 0x0a, 0x20, 0x20, 0x20, 0x20, 0x20, 0x20, 0x20, 0x20, //  break;.        
	0x7d, 0x20, 0x65, 0x6c, 0x73, 0x65, 0x20, 0x7b, 0x0a, 0x20, 0x20, 0x20, 0x20, 0x20, 0x20, 0x20, // } else {.       
	0x20, 0x20, 0x20, 0x76, 0x5f, 0x31, 0x38, 0x20, 0x3d, 0x20, 0x28, 0x28, 0x31, 0x2e, 0x30, 0x35, //    v_18 = ((1.05
	0x34, 0x39, 0x39, 0x39, 0x39, 0x34, 0x37, 0x35, 0x34, 0x37, 0x39, 0x31, 0x32, 0x35, 0x39, 0x37, // 4999947547912597
	0x36, 0x36, 0x66, 0x20, 0x2a, 0x20, 0x70, 0x6f, 0x77, 0x28, 0x76, 0x5f, 0x31, 0x37, 0x2c, 0x20, // 66f * pow(v_17, 
	0x30, 0x2e, 0x34, 0x31, 0x36, 0x36, 0x36, 0x36, 0x36, 0x35, 0x36, 0x37, 0x33, 0x32, 0x35, 0x35, // 0.41666665673255
	0x39, 0x32, 0x30, 0x34, 0x31, 0x66, 0x29, 0x29, 0x20, 0x2d, 0x20, 0x30, 0x2e, 0x30, 0x35, 0x34, // 92041f)) - 0.054
	0x39, 0x39, 0x39, 0x39, 0x39, 0x39, 0x37, 0x30, 0x31, 0x39, 0x37, 0x36, 0x37, 0x37, 0x36, 0x31, // 9999997019767761
	0x32, 0x66, 0x29, 0x3b, 0x0a, 0x20, 0x20, 0x20, 0x20, 0x20, 0x20, 0x20, 0x20, 0x20, 0x20, 0x62, // 2f);.          b
	0x72, 0x65, 0x61, 0x6b, 0x3b, 0x0a, 0x20, 0x20, 0x20, 0x20, 0x20, 0x20, 0x20, 0x20, 0x7d, 0x0a, // reak;.        }.
	0x20, 0x20, 0x20, 0x20, 0x20, 0x20, 0x7d, 0x0a, 0x20, 0x20, 0x20, 0x20, 0x7d, 0x0a, 0x20, 0x20, //       }.    }.  
	0x20, 0x20, 0x6c, 0x65, 0x74, 0x20, 0x76, 0x5f, 0x31, 0x39, 0x20, 0x3d, 0x20, 0x76, 0x5f, 0x31, //   let v_19 = v_1
	0x38, 0x3b, 0x0a, 0x20, 0x20, 0x20, 0x20, 0x6c, 0x65, 0x74, 0x20, 0x76, 0x5f, 0x32, 0x30, 0x20, // 8;.    let v_20 
	0x3d, 0x20, 0x76, 0x5f, 0x31, 0x33, 0x2e, 0x7a, 0x3b, 0x0a, 0x20, 0x20, 0x20, 0x20, 0x76, 0x61, // = v_13.z;.    va
	0x72, 0x20, 0x76, 0x5f, 0x32, 0x31, 0x20, 0x3a, 0x20, 0x66, 0x33, 0x32, 0x3b, 0x0a, 0x20, 0x20, // r v_21 : f32;.  
	0x20, 0x20, 0x73, 0x77, 0x69, 0x74, 0x63, 0x68, 0x28, 0x30, 0x75, 0x29, 0x20, 0x7b, 0x0a, 0x20, //   switch(0u) {. 
	0x20, 0x20, 0x20, 0x20, 0x20, 0x64, 0x65, 0x66, 0x61, 0x75, 0x6c, 0x74, 0x3a, 0x20, 0x7b, 0x0a, //      default: {.
	0x20, 0x20, 0x20, 0x20, 0x20, 0x20, 0x20, 0x20, 0x69, 0x66, 0x20, 0x28, 0x28, 0x76, 0x5f, 0x32, //         if ((v_2
	0x30, 0x20, 0x3c, 0x3d, 0x20, 0x30, 0x2e, 0x30, 0x30, 0x33, 0x31, 0x33, 0x30, 0x38, 0x30, 0x30, // 0 <= 0.003130800
	0x30, 0x39, 0x30, 0x37, 0x33, 0x30, 0x31, 0x39, 0x30, 0x32, 0x38, 0x66, 0x29, 0x29, 0x20, 0x7b, // 09073019028f)) {
	0x0a, 0x20, 0x20, 0x20, 0x20, 0x20, 0x20, 0x20, 0x20, 0x20, 0x20, 0x76, 0x5f, 0x32, 0x31, 0x20, // .          v_21 
	0x3d, 0x20, 0x28, 0x31, 0x32, 0x2e, 0x39, 0x32, 0x30, 0x30, 0x30, 0x30, 0x30, 0x37, 0x36, 0x32, // = (12.9200000762
	0x39, 0x33, 0x39, 0x34, 0x35, 0x33, 0x31, 0x32, 0x35, 0x66, 0x20, 0x2a, 0x20, 0x76, 0x5f, 0x32, // 939453125f * v_2
	0x30, 0x29, 0x3b, 0x0a, 0x20, 0x20, 0x20, 0x20, 0x20, 0x20, 0x20, 0x20, 0x20, 0x20, 0x62, 0x72, // 0);.          br
	0x65, 0x61, 0x6b, 0x3b, 0x0a, 0x20, 0x20, 0x20, 0x20, 0x20, 0x20, 0x20, 0x20, 0x7d, 0x20, 0x65, // eak;.        } e
	0x6c, 0x73, 0x65, 0x20, 0x7b, 0x0a, 0x20, 0x20, 0x20, 0x20, 0x20, 0x20, 0x20, 0x20, 0x20, 0x20, // lse {.          
	0x76, 0x5f, 0x32, 0x31, 0x20, 0x3d, 0x20, 0x28, 0x28, 0x31, 0x2e, 0x30, 0x35, 0x34, 0x39, 0x39, // v_21 = ((1.05499
	0x39, 0x39, 0x34, 0x37, 0x35, 0x34, 0x37, 0x39, 0x31, 0x32, 0x35, 0x39, 0x37, 0x36, 0x36, 0x66, // 994754791259766f
	0x20, 0x2a, 0x20, 0x70, 0x6f, 0x77, 0x28, 0x76, 0x5f, 0x32, 0x30, 0x2c, 0x20, 0x30, 0x2e, 0x34, //  * pow(v_20, 0.4
	0x31, 0x36, 0x36, 0x36, 0x36, 0x36, 0x35, 0x36, 0x37, 0x33, 0x32, 0x35, 0x35, 0x39, 0x32, 0x30, // 1666665673255920
	0x34, 0x31, 0x66, 0x29, 0x29, 0x20, 0x2d, 0x20, 0x30, 0x2e, 0x30, 0x35, 0x34, 0x39, 0x39, 0x39, // 41f)) - 0.054999
	0x39, 0x39, 0x39, 0x37, 0x30, 0x31, 0x39, 0x37, 0x36, 0x37, 0x37, 0x36, 0x31, 0x32, 0x66, 0x29, // 99970197677612f)
	0x3b, 0x0a, 0x20, 0x20, 0x20, 0x20, 0x20, 0x20, 0x20, 0x20, 0x20, 0x20, 0x62, 0x72, 0x65, 0x61, // ;.          brea
	0x6b, 0x3b, 0x0a, 0x20, 0x20, 0x20, 0x20, 0x20, 0x20, 0x20, 0x20, 0x7d, 0x0a, 0x20, 0x20, 0x20, // k;.        }.   
	0x20, 0x20, 0x20, 0x7d, 0x0a, 0x20, 0x20, 0x20, 0x20, 0x7d, 0x0a, 0x20, 0x20, 0x20, 0x20, 0x76, //    }.    }.    v
	0x5f, 0x31, 0x32, 0x20, 0x3d, 0x20, 0x76, 0x65, 0x63, 0x33, 0x3c, 0x66, 0x33, 0x32, 0x3e, 0x28, // _12 = vec3<f32>(
	0x76, 0x5f, 0x31, 0x36, 0x2c, 0x20, 0x76, 0x5f, 0x31, 0x39, 0x2c, 0x20, 0x76, 0x5f, 0x32, 0x31, // v_16, v_19, v_21
	0x29, 0x3b, 0x0a, 0x20, 0x20, 0x7d, 0x20, 0x65, 0x6c, 0x73, 0x65, 0x20, 0x7b, 0x0a, 0x20, 0x20, // );.  } else {.  
	0x20, 0x20, 0x76, 0x61, 0x72, 0x20, 0x76, 0x5f, 0x32, 0x32, 0x20, 0x3a, 0x20, 0x76, 0x65, 0x63, //   var v_22 : vec
	0x33, 0x3c, 0x66, 0x33, 0x32, 0x3e, 0x3b, 0x0a, 0x20, 0x20, 0x20, 0x20, 0x69, 0x66, 0x20, 0x28, // 3<f32>;.    if (
	0x28, 0x76, 0x5f, 0x31, 0x30, 0x20, 0x3c, 0x20, 0x31, 0x2e, 0x35, 0x66, 0x29, 0x29, 0x20, 0x7b, // (v_10 < 1.5f)) {
	0x0a, 0x20, 0x20, 0x20, 0x20, 0x20, 0x20, 0x76, 0x5f, 0x32, 0x32, 0x20, 0x3d, 0x20, 0x76, 0x5f, // .      v_22 = v_
	0x39, 0x2e, 0x78, 0x79, 0x7a, 0x3b, 0x0a, 0x20, 0x20, 0x20, 0x20, 0x7d, 0x20, 0x65, 0x6c, 0x73, // 9.xyz;.    } els
	0x65, 0x20, 0x7b, 0x0a, 0x20, 0x20, 0x20, 0x20, 0x20, 0x20, 0x76, 0x61, 0x72, 0x20, 0x76, 0x5f, // e {.      var v_
	0x32, 0x33, 0x20, 0x3a, 0x20, 0x76, 0x65, 0x63, 0x33, 0x3c, 0x66, 0x33, 0x32, 0x3e, 0x3b, 0x0a, // 23 : vec3<f32>;.
	0x20, 0x20, 0x20, 0x20, 0x20, 0x20, 0x69, 0x66, 0x20, 0x28, 0x28, 0x76, 0x5f, 0x31, 0x30, 0x20, //       if ((v_10 
	0x3c, 0x20, 0x32, 0x2e, 0x35, 0x66, 0x29, 0x29, 0x20, 0x7b, 0x0a, 0x20, 0x20, 0x20, 0x20, 0x20, // < 2.5f)) {.     
	0x20, 0x20, 0x20, 0x6c, 0x65, 0x74, 0x20, 0x76, 0x5f, 0x32, 0x34, 0x20, 0x3d, 0x20, 0x70, 0x6f, //    let v_24 = po
	0x77, 0x28, 0x28, 0x28, 0x28, 0x28, 0x76, 0x5f, 0x39, 0x2e, 0x78, 0x79, 0x7a, 0x20, 0x2a, 0x20, // w(((((v_9.xyz * 
	0x6d, 0x61, 0x74, 0x33, 0x78, 0x33, 0x3c, 0x66, 0x33, 0x32, 0x3e, 0x28, 0x76, 0x65, 0x63, 0x33, // mat3x3<f32>(vec3
	0x3c, 0x66, 0x33, 0x32, 0x3e, 0x28, 0x30, 0x2e, 0x34, 0x31, 0x32, 0x35, 0x35, 0x36, 0x34, 0x30, // <f32>(0.41255640
	0x39, 0x38, 0x33, 0x35, 0x38, 0x31, 0x35, 0x34, 0x32, 0x39, 0x36, 0x39, 0x66, 0x2c, 0x20, 0x30, // 983581542969f, 0
	0x2e, 0x33, 0x35, 0x37, 0x35, 0x37, 0x36, 0x31, 0x30, 0x32, 0x30, 0x31, 0x38, 0x33, 0x35, 0x36, // .357576102018356
	0x33, 0x32, 0x33, 0x32, 0x34, 0x66, 0x2c, 0x20, 0x30, 0x2e, 0x31, 0x38, 0x30, 0x34, 0x33, 0x37, // 32324f, 0.180437
	0x35, 0x30, 0x35, 0x32, 0x34, 0x35, 0x32, 0x30, 0x38, 0x37, 0x34, 0x30, 0x32, 0x33, 0x66, 0x29, // 50524520874023f)
	0x2c, 0x20, 0x76, 0x65, 0x63, 0x33, 0x3c, 0x66, 0x33, 0x32, 0x3e, 0x28, 0x30, 0x2e, 0x32, 0x31, // , vec3<f32>(0.21
	0x32, 0x36, 0x37, 0x32, 0x39, 0x30, 0x34, 0x31, 0x33, 0x33, 0x37, 0x39, 0x36, 0x36, 0x39, 0x31, // 2672904133796691
	0x38, 0x39, 0x66, 0x2c, 0x20, 0x30, 0x2e, 0x37, 0x31, 0x35, 0x31, 0x35, 0x32, 0x32, 0x30, 0x34, // 89f, 0.715152204
	0x30, 0x33, 0x36, 0x37, 0x31, 0x32, 0x36, 0x34, 0x36, 0x34, 0x38, 0x66, 0x2c, 0x20, 0x30, 0x2e, // 03671264648f, 0.
	0x30, 0x37, 0x32, 0x31, 0x37, 0x35, 0x30, 0x30, 0x33, 0x35, 0x38, 0x38, 0x31, 0x39, 0x39, 0x36, // 0721750035881996
	0x31, 0x35, 0x34, 0x38, 0x66, 0x29, 0x2c, 0x20, 0x76, 0x65, 0x63, 0x33, 0x3c, 0x66, 0x33, 0x32, // 1548f), vec3<f32
	0x3e, 0x28, 0x30, 0x2e, 0x30, 0x31, 0x39, 0x33, 0x33, 0x33, 0x39, 0x30, 0x30, 0x38, 0x38, 0x33, // >(0.019333900883
	0x37, 0x39, 0x33, 0x38, 0x33, 0x30, 0x38, 0x37, 0x66, 0x2c, 0x20, 0x30, 0x2e, 0x31, 0x31, 0x39, // 79383087f, 0.119
	0x31, 0x39, 0x31, 0x39, 0x39, 0x36, 0x37, 0x35, 0x33, 0x32, 0x31, 0x35, 0x37, 0x38, 0x39, 0x37, // 1919967532157897
	0x39, 0x66, 0x2c, 0x20, 0x30, 0x2e, 0x39, 0x35, 0x30, 0x33, 0x30, 0x34, 0x30, 0x39, 0x30, 0x39, // 9f, 0.9503040909
	0x37, 0x36, 0x37, 0x31, 0x35, 0x30, 0x38, 0x37, 0x38, 0x39, 0x66, 0x29, 0x29, 0x29, 0x20, 0x2a, // 7671508789f))) *
	0x20, 0x6d, 0x61, 0x74, 0x33, 0x78, 0x33, 0x3c, 0x66, 0x33, 0x32, 0x3e, 0x28, 0x76, 0x65, 0x63, //  mat3x3<f32>(vec
	0x33, 0x3c, 0x66, 0x33, 0x32, 0x3e, 0x28, 0x31, 0x2e, 0x37, 0x31, 0x36, 0x36, 0x35, 0x31, 0x32, // 3<f32>(1.7166512
	0x30, 0x31, 0x32, 0x34, 0x38, 0x31, 0x36, 0x38, 0x39, 0x34, 0x35, 0x33, 0x31, 0x66, 0x2c, 0x20, // 0124816894531f, 
	0x2d, 0x30, 0x2e, 0x33, 0x35, 0x35, 0x36, 0x37, 0x30, 0x38, 0x30, 0x39, 0x37, 0x34, 0x35, 0x37, // -0.3556708097457
	0x38, 0x38, 0x35, 0x37, 0x34, 0x32, 0x32, 0x66, 0x2c, 0x20, 0x2d, 0x30, 0x2e, 0x32, 0x35, 0x33, // 8857422f, -0.253
	0x33, 0x36, 0x36, 0x32, 0x39, 0x31, 0x35, 0x32, 0x32, 0x39, 0x37, 0x39, 0x37, 0x33, 0x36, 0x33, // 3662915229797363
	0x33, 0x66, 0x29, 0x2c, 0x20, 0x76, 0x65, 0x63, 0x33, 0x3c, 0x66, 0x33, 0x32, 0x3e, 0x28, 0x2d, // 3f), vec3<f32>(-
	0x30, 0x2e, 0x36, 0x36, 0x36, 0x36, 0x38, 0x34, 0x33, 0x38, 0x39, 0x31, 0x31, 0x34, 0x33, 0x37, // 0.66668438911437
	0x39, 0x38, 0x38, 0x32, 0x38, 0x31, 0x66, 0x2c, 0x20, 0x31, 0x2e, 0x36, 0x31, 0x36, 0x34, 0x38, // 988281f, 1.61648
	0x31, 0x31, 0x38, 0x34, 0x39, 0x35, 0x39, 0x34, 0x31, 0x31, 0x36, 0x32, 0x31, 0x30, 0x39, 0x66, // 118495941162109f
	0x2c, 0x20, 0x30, 0x2e, 0x30, 0x31, 0x35, 0x37, 0x36, 0x38, 0x35, 0x30, 0x30, 0x30, 0x34, 0x34, // , 0.015768500044
	0x39, 0x34, 0x31, 0x39, 0x30, 0x32, 0x31, 0x36, 0x66, 0x29, 0x2c, 0x20, 0x76, 0x65, 0x63, 0x33, // 94190216f), vec3
	0x3c, 0x66, 0x33, 0x32, 0x3e, 0x28, 0x30, 0x2e, 0x30, 0x31, 0x37, 0x36, 0x33, 0x39, 0x38, 0x39, // <f32>(0.01763989
	0x39, 0x36, 0x32, 0x36, 0x33, 0x37, 0x34, 0x32, 0x34, 0x34, 0x36, 0x39, 0x66, 0x2c, 0x20, 0x2d, // 962637424469f, -
	0x30, 0x2e, 0x30, 0x34, 0x32, 0x37, 0x37, 0x30, 0x36, 0x30, 0x31, 0x38, 0x30, 0x39, 0x30, 0x32, // 0.04277060180902
	0x34, 0x38, 0x31, 0x30, 0x37, 0x39, 0x66, 0x2c, 0x20, 0x30, 0x2e, 0x39, 0x34, 0x32, 0x31, 0x30, // 481079f, 0.94210
	0x33, 0x30, 0x38, 0x37, 0x39, 0x30, 0x32, 0x30, 0x36, 0x39, 0x30, 0x39, 0x31, 0x38, 0x66, 0x29, // 30879020690918f)
	0x29, 0x29, 0x20, 0x2a, 0x20, 0x76, 0x5f, 0x31, 0x31, 0x29, 0x20, 0x2a, 0x20, 0x30, 0x2e, 0x30, // )) * v_11) * 0.0
	0x30, 0x30, 0x30, 0x39, 0x39, 0x39, 0x39, 0x39, 0x39, 0x39, 0x37, 0x34, 0x37, 0x33, 0x37, 0x38, // 0009999999747378
	0x37, 0x35, 0x32, 0x66, 0x29, 0x2c, 0x20, 0x76, 0x65, 0x63, 0x33, 0x3c, 0x66, 0x33, 0x32, 0x3e, // 752f), vec3<f32>
	0x28, 0x30, 0x2e, 0x31, 0x35, 0x39, 0x33, 0x30, 0x31, 0x37, 0x35, 0x37, 0x38, 0x31, 0x32, 0x35, // (0.1593017578125
	0x66, 0x29, 0x29, 0x3b, 0x0a, 0x20, 0x20, 0x20, 0x20, 0x20, 0x20, 0x20, 0x20, 0x76, 0x5f, 0x32, // f));.        v_2
	0x33, 0x20, 0x3d, 0x20, 0x70, 0x6f, 0x77, 0x28, 0x28, 0x28, 0x76, 0x65, 0x63, 0x33, 0x3c, 0x66, // 3 = pow(((vec3<f
	0x33, 0x32, 0x3e, 0x28, 0x30, 0x2e, 0x38, 0x33, 0x35, 0x39, 0x33, 0x37, 0x35, 0x66, 0x29, 0x20, // 32>(0.8359375f) 
	0x2b, 0x20, 0x28, 0x76, 0x5f, 0x32, 0x34, 0x20, 0x2a, 0x20, 0x31, 0x38, 0x2e, 0x38, 0x35, 0x31, // + (v_24 * 18.851
	0x35, 0x36, 0x32, 0x35, 0x66, 0x29, 0x29, 0x20, 0x2f, 0x20, 0x28, 0x76, 0x65, 0x63, 0x33, 0x3c, // 5625f)) / (vec3<
	0x66, 0x33, 0x32, 0x3e, 0x28, 0x31, 0x2e, 0x30, 0x66, 0x29, 0x20, 0x2b, 0x20, 0x28, 0x76, 0x5f, // f32>(1.0f) + (v_
	0x32, 0x34, 0x20, 0x2a, 0x20, 0x31, 0x38, 0x2e, 0x36, 0x38, 0x37, 0x35, 0x66, 0x29, 0x29, 0x29, // 24 * 18.6875f)))
	0x2c, 0x20, 0x76, 0x65, 0x63, 0x33, 0x3c, 0x66, 0x33, 0x32, 0x3e, 0x28, 0x37, 0x38, 0x2e, 0x38, // , vec3<f32>(78.8
	0x34, 0x33, 0x37, 0x35, 0x66, 0x29, 0x29, 0x3b, 0x0a, 0x20, 0x20, 0x20, 0x20, 0x20, 0x20, 0x7d, // 4375f));.      }
	0x20, 0x65, 0x6c, 0x73, 0x65, 0x20, 0x7b, 0x0a, 0x20, 0x20, 0x20, 0x20, 0x20, 0x20, 0x20, 0x20, //  else {.        
	0x76, 0x5f, 0x32, 0x33, 0x20, 0x3d, 0x20, 0x76, 0x65, 0x63, 0x33, 0x3c, 0x66, 0x33, 0x32, 0x3e, // v_23 = vec3<f32>
	0x28, 0x29, 0x3b, 0x0a, 0x20, 0x20, 0x20, 0x20, 0x20, 0x20, 0x7d, 0x0a, 0x20, 0x20, 0x20, 0x20, // ();.      }.    
	0x20, 0x20, 0x76, 0x5f, 0x32, 0x32, 0x20, 0x3d, 0x20, 0x76, 0x5f, 0x32, 0x33, 0x3b, 0x0a, 0x20, //   v_22 = v_23;. 
	0x20, 0x20, 0x20, 0x7d, 0x0a, 0x20, 0x20, 0x20, 0x20, 0x76, 0x5f, 0x31, 0x32, 0x20, 0x3d, 0x20, //    }.    v_12 = 
	0x76, 0x5f, 0x32, 0x32, 0x3b, 0x0a, 0x20, 0x20, 0x7d, 0x0a, 0x20, 0x20, 0x6c, 0x65, 0x74, 0x20, // v_22;.  }.  let 
	0x76, 0x5f, 0x32, 0x35, 0x20, 0x3d, 0x20, 0x76, 0x5f, 0x31, 0x32, 0x3b, 0x0a, 0x20, 0x20, 0x62, // v_25 = v_12;.  b
	0x67, 0x66, 0x78, 0x5f, 0x46, 0x72, 0x61, 0x67, 0x44, 0x61, 0x74, 0x61, 0x30, 0x20, 0x3d, 0x20, // gfx_FragData0 = 
	0x76, 0x65, 0x63, 0x34, 0x3c, 0x66, 0x33, 0x32, 0x3e, 0x28, 0x76, 0x5f, 0x32, 0x35, 0x2e, 0x78, // vec4<f32>(v_25.x
	0x2c, 0x20, 0x76, 0x5f, 0x32, 0x35, 0x2e, 0x79, 0x2c, 0x20, 0x76, 0x5f, 0x32, 0x35, 0x2e, 0x7a, // , v_25.y, v_25.z
	0x2c, 0x20, 0x76, 0x5f, 0x39, 0x2e, 0x77, 0x29, 0x3b, 0x0a, 0x7d, 0x0a, 0x0a, 0x40, 0x66, 0x72, // , v_9.w);.}..@fr
	0x61, 0x67, 0x6d, 0x65, 0x6e, 0x74, 0x0a, 0x66, 0x6e, 0x20, 0x6d, 0x61, 0x69, 0x6e, 0x28, 0x40, // agment.fn main(@
	0x6c, 0x6f, 0x63, 0x61, 0x74, 0x69, 0x6f, 0x6e, 0x28, 0x30, 0x75, 0x29, 0x20, 0x76, 0x5f, 0x63, // location(0u) v_c
	0x6f, 0x6c, 0x6f, 0x72, 0x30, 0x20, 0x3a, 0x20, 0x76, 0x65, 0x63, 0x34, 0x3c, 0x66, 0x33, 0x32, // olor0 : vec4<f32
	0x3e, 0x2c, 0x20, 0x40, 0x6c, 0x6f, 0x63, 0x61, 0x74, 0x69, 0x6f, 0x6e, 0x28, 0x31, 0x75, 0x29, // >, @location(1u)
	0x20, 0x76, 0x5f, 0x74, 0x65, 0x78, 0x63, 0x6f, 0x6f, 0x72, 0x64, 0x30, 0x20, 0x3a, 0x20, 0x76, //  v_texcoord0 : v
	0x65, 0x63, 0x33, 0x3c, 0x66, 0x33, 0x32, 0x3e, 0x29, 0x20, 0x2d, 0x3e, 0x20, 0x40, 0x6c, 0x6f, // ec3<f32>) -> @lo
	0x63, 0x61, 0x74, 0x69, 0x6f, 0x6e, 0x28, 0x30, 0x75, 0x29, 0x20, 0x76, 0x65, 0x63, 0x34, 0x3c, // cation(0u) vec4<
	0x66, 0x33, 0x32, 0x3e, 0x20, 0x7b, 0x0a, 0x20, 0x20, 0x6d, 0x61, 0x69, 0x6e, 0x5f, 0x69, 0x6e, // f32> {.  main_in
	0x6e, 0x65, 0x72, 0x28, 0x76, 0x5f, 0x63, 0x6f, 0x6c, 0x6f, 0x72, 0x30, 0x2c, 0x20, 0x76, 0x5f, // ner(v_color0, v_
	0x74, 0x65, 0x78, 0x63, 0x6f, 0x6f, 0x72, 0x64, 0x30, 0x29, 0x3b, 0x0a, 0x20, 0x20, 0x72, 0x65, // texcoord0);.  re
	0x74, 0x75, 0x72, 0x6e, 0x20, 0x62, 0x67, 0x66, 0x78, 0x5f, 0x46, 0x72, 0x61, 0x67, 0x44, 0x61, // turn bgfx_FragDa
	0x74, 0x61, 0x30, 0x3b, 0x0a, 0x7d, 0x0a, 0x00, 0x00, 0x20, 0x00, 0x20, 0x00,                   // ta0;.}... . .
};
static const uint8_t fs_texture_3d_dxbc[1827] =
{
	0x46, 0x53, 0x48, 0x0c, 0x01, 0x83, 0xf2, 0xe1, 0x00, 0x00, 0x00, 0x00, 0x00, 0x00, 0x00, 0x00, // FSH.............
	0x00, 0x00, 0x00, 0x00, 0x03, 0x00, 0x09, 0x75, 0x5f, 0x70, 0x61, 0x72, 0x61, 0x6d, 0x73, 0x30, // .......u_params0
	0x12, 0x00, 0x00, 0x00, 0x01, 0x00, 0x00, 0x00, 0x00, 0x00, 0x09, 0x75, 0x5f, 0x70, 0x61, 0x72, // ...........u_par
	0x61, 0x6d, 0x73, 0x31, 0x12, 0x00, 0x10, 0x00, 0x01, 0x00, 0x00, 0x00, 0x00, 0x00, 0x0a, 0x73, // ams1...........s
	0x5f, 0x74, 0x65, 0x78, 0x43, 0x6f, 0x6c, 0x6f, 0x72, 0x30, 0x01, 0x00, 0x00, 0x01, 0x00, 0x00, // _texColor0......
	0x06, 0x00, 0x00, 0xc8, 0x06, 0x00, 0x00, 0x44, 0x58, 0x42, 0x43, 0xd6, 0x21, 0x53, 0x7a, 0xd0, // .......DXBC.!Sz.
	0x59, 0x46, 0xac, 0x45, 0xdd, 0x85, 0xdd, 0x53, 0xbb, 0x30, 0x50, 0x01, 0x00, 0x00, 0x00, 0xc8, // YF.E...S.0P.....
	0x06, 0x00, 0x00, 0x03, 0x00, 0x00, 0x00, 0x2c, 0x00, 0x00, 0x00, 0xa0, 0x00, 0x00, 0x00, 0xd4, // .......,........
	0x00, 0x00, 0x00, 0x49, 0x53, 0x47, 0x4e, 0x6c, 0x00, 0x00, 0x00, 0x03, 0x00, 0x00, 0x00, 0x08, // ...ISGNl........
	0x00, 0x00, 0x00, 0x50, 0x00, 0x00, 0x00, 0x00, 0x00, 0x00, 0x00, 0x01, 0x00, 0x00, 0x00, 0x03, // ...P............
	0x00, 0x00, 0x00, 0x00, 0x00, 0x00, 0x00, 0x0f, 0x00, 0x00, 0x00, 0x5c, 0x00, 0x00, 0x00, 0x00, // ................
	0x00, 0x00, 0x00, 0x00, 0x00, 0x00, 0x00, 0x03, 0x00, 0x00, 0x00, 0x01, 0x00, 0x00, 0x00, 0x0f, // ................
	0x0f, 0x00, 0x00, 0x62, 0x00, 0x00, 0x00, 0x00, 0x00, 0x00, 0x00, 0x00, 0x00, 0x00, 0x00, 0x03, // ...b............
	0x00, 0x00, 0x00, 0x02, 0x00, 0x00, 0x00, 0x07, 0x03, 0x00, 0x00, 0x53, 0x56, 0x5f, 0x50, 0x4f, // ...........SV_PO
	0x53, 0x49, 0x54, 0x49, 0x4f, 0x4e, 0x00, 0x43, 0x4f, 0x4c, 0x4f, 0x52, 0x00, 0x54, 0x45, 0x58, // SITION.COLOR.TEX
	0x43, 0x4f, 0x4f, 0x52, 0x44, 0x00, 0xab, 0x4f, 0x53, 0x47, 0x4e, 0x2c, 0x00, 0x00, 0x00, 0x01, // COORD..OSGN,....
	0x00, 0x00, 0x00, 0x08, 0x00, 0x00, 0x00, 0x20, 0x00, 0x00, 0x00, 0x00, 0x00, 0x00, 0x00, 0x00, // ....... ........
	0x00, 0x00, 0x00, 0x03, 0x00, 0x00, 0x00, 0x00, 0x00, 0x00, 0x00, 0x0f, 0x00, 0x00, 0x00, 0x53, // ...............S
	0x56, 0x5f, 0x54, 0x41, 0x52, 0x47, 0x45, 0x54, 0x00, 0xab, 0xab, 0x53, 0x48, 0x45, 0x58, 0xec, // V_TARGET...SHEX.
	0x05, 0x00, 0x00, 0x50, 0x00, 0x00, 0x00, 0x7b, 0x01, 0x00, 0x00, 0x6a, 0x08, 0x00, 0x01, 0x59, // ...P...{...j...Y
	0x00, 0x00, 0x04, 0x46, 0x8e, 0x20, 0x00, 0x00, 0x00, 0x00, 0x00, 0x02, 0x00, 0x00, 0x00, 0x5a, // ...F. .........Z
	0x00, 0x00, 0x03, 0x00, 0x60, 0x10, 0x00, 0x00, 0x00, 0x00, 0x00, 0x58, 0x28, 0x00, 0x04, 0x00, // ....`......X(...
	0x70, 0x10, 0x00, 0x00, 0x00, 0x00, 0x00, 0x55, 0x55, 0x00, 0x00, 0x62, 0x10, 0x00, 0x03, 0xf2, // p......UU..b....
	0x10, 0x10, 0x00, 0x01, 0x00, 0x00, 0x00, 0x62, 0x10, 0x00, 0x03, 0x32, 0x10, 0x10, 0x00, 0x02, // .......b...2....
	0x00, 0x00, 0x00, 0x65, 0x00, 0x00, 0x03, 0xf2, 0x20, 0x10, 0x00, 0x00, 0x00, 0x00, 0x00, 0x68, // ...e.... ......h
	0x00, 0x00, 0x02, 0x04, 0x00, 0x00, 0x00, 0x36, 0x00, 0x00, 0x05, 0x32, 0x00, 0x10, 0x00, 0x00, // .......6...2....
	0x00, 0x00, 0x00, 0x46, 0x10, 0x10, 0x00, 0x02, 0x00, 0x00, 0x00, 0x36, 0x00, 0x00, 0x06, 0x42, // ...F.......6...B
	0x00, 0x10, 0x00, 0x00, 0x00, 0x00, 0x00, 0x1a, 0x80, 0x20, 0x00, 0x00, 0x00, 0x00, 0x00, 0x00, // ......... ......
	0x00, 0x00, 0x00, 0x48, 0x00, 0x00, 0x8e, 0x42, 0x01, 0x00, 0x80, 0x43, 0x55, 0x15, 0x00, 0xf2, // ...H...B...CU...
	0x00, 0x10, 0x00, 0x00, 0x00, 0x00, 0x00, 0x46, 0x02, 0x10, 0x00, 0x00, 0x00, 0x00, 0x00, 0x46, // .......F.......F
	0x7e, 0x10, 0x00, 0x00, 0x00, 0x00, 0x00, 0x00, 0x60, 0x10, 0x00, 0x00, 0x00, 0x00, 0x00, 0x0a, // ~.......`.......
	0x80, 0x20, 0x00, 0x00, 0x00, 0x00, 0x00, 0x00, 0x00, 0x00, 0x00, 0x2f, 0x00, 0x00, 0x06, 0x72, // . ........./...r
	0x00, 0x10, 0x00, 0x01, 0x00, 0x00, 0x00, 0x46, 0x02, 0x10, 0x80, 0x81, 0x00, 0x00, 0x00, 0x00, // .......F........
	0x00, 0x00, 0x00, 0x38, 0x00, 0x00, 0x0a, 0x72, 0x00, 0x10, 0x00, 0x01, 0x00, 0x00, 0x00, 0x46, // ...8...r.......F
	0x02, 0x10, 0x00, 0x01, 0x00, 0x00, 0x00, 0x02, 0x40, 0x00, 0x00, 0xcd, 0xcc, 0x0c, 0x40, 0xcd, // ........@.....@.
	0xcc, 0x0c, 0x40, 0xcd, 0xcc, 0x0c, 0x40, 0x00, 0x00, 0x00, 0x00, 0x19, 0x00, 0x00, 0x05, 0x72, // ..@...@........r
	0x00, 0x10, 0x00, 0x01, 0x00, 0x00, 0x00, 0x46, 0x02, 0x10, 0x00, 0x01, 0x00, 0x00, 0x00, 0x00, // .......F........
	0x00, 0x00, 0x08, 0x72, 0x00, 0x10, 0x00, 0x02, 0x00, 0x00, 0x00, 0x46, 0x02, 0x10, 0x00, 0x00, // ...r.......F....
	0x00, 0x00, 0x00, 0x46, 0x02, 0x10, 0x80, 0x41, 0x00, 0x00, 0x00, 0x01, 0x00, 0x00, 0x00, 0x32, // ...F...A.......2
	0x00, 0x00, 0x0a, 0x72, 0x00, 0x10, 0x00, 0x01, 0x00, 0x00, 0x00, 0xa6, 0x8a, 0x20, 0x00, 0x00, // ...r......... ..
	0x00, 0x00, 0x00, 0x00, 0x00, 0x00, 0x00, 0x46, 0x02, 0x10, 0x00, 0x02, 0x00, 0x00, 0x00, 0x46, // .......F.......F
	0x02, 0x10, 0x00, 0x01, 0x00, 0x00, 0x00, 0x19, 0x00, 0x00, 0x06, 0x82, 0x00, 0x10, 0x00, 0x01, // ................
	0x00, 0x00, 0x00, 0x3a, 0x80, 0x20, 0x00, 0x00, 0x00, 0x00, 0x00, 0x00, 0x00, 0x00, 0x00, 0x38, // ...:. .........8
	0x00, 0x00, 0x07, 0x72, 0x00, 0x10, 0x00, 0x00, 0x00, 0x00, 0x00, 0xf6, 0x0f, 0x10, 0x00, 0x01, // ...r............
	0x00, 0x00, 0x00, 0x46, 0x02, 0x10, 0x00, 0x01, 0x00, 0x00, 0x00, 0x38, 0x00, 0x00, 0x07, 0xf2, // ...F.......8....
	0x00, 0x10, 0x00, 0x00, 0x00, 0x00, 0x00, 0x46, 0x0e, 0x10, 0x00, 0x00, 0x00, 0x00, 0x00, 0x46, // .......F.......F
	0x1e, 0x10, 0x00, 0x01, 0x00, 0x00, 0x00, 0x31, 0x00, 0x00, 0x08, 0x12, 0x00, 0x10, 0x00, 0x01, // .......1........
	0x00, 0x00, 0x00, 0x0a, 0x80, 0x20, 0x00, 0x00, 0x00, 0x00, 0x00, 0x01, 0x00, 0x00, 0x00, 0x01, // ..... ..........
	0x40, 0x00, 0x00, 0x00, 0x00, 0x00, 0x3f, 0x1f, 0x00, 0x04, 0x03, 0x0a, 0x00, 0x10, 0x00, 0x01, // @.....?.........
	0x00, 0x00, 0x00, 0x36, 0x20, 0x00, 0x05, 0x72, 0x00, 0x10, 0x00, 0x00, 0x00, 0x00, 0x00, 0x46, // ...6 ..r.......F
	0x02, 0x10, 0x00, 0x00, 0x00, 0x00, 0x00, 0x1d, 0x00, 0x00, 0x0a, 0x72, 0x00, 0x10, 0x00, 0x01, // ...........r....
	0x00, 0x00, 0x00, 0x02, 0x40, 0x00, 0x00, 0x1c, 0x2e, 0x4d, 0x3b, 0x1c, 0x2e, 0x4d, 0x3b, 0x1c, // ....@....M;..M;.
	0x2e, 0x4d, 0x3b, 0x00, 0x00, 0x00, 0x00, 0x46, 0x02, 0x10, 0x00, 0x00, 0x00, 0x00, 0x00, 0x38, // .M;....F.......8
	0x00, 0x00, 0x0a, 0x72, 0x00, 0x10, 0x00, 0x02, 0x00, 0x00, 0x00, 0x46, 0x02, 0x10, 0x00, 0x00, // ...r.......F....
	0x00, 0x00, 0x00, 0x02, 0x40, 0x00, 0x00, 0x52, 0xb8, 0x4e, 0x41, 0x52, 0xb8, 0x4e, 0x41, 0x52, // ....@..R.NAR.NAR
	0xb8, 0x4e, 0x41, 0x00, 0x00, 0x00, 0x00, 0x2f, 0x00, 0x00, 0x05, 0x72, 0x00, 0x10, 0x00, 0x03, // .NA..../...r....
	0x00, 0x00, 0x00, 0x46, 0x02, 0x10, 0x00, 0x00, 0x00, 0x00, 0x00, 0x38, 0x00, 0x00, 0x0a, 0x72, // ...F.......8...r
	0x00, 0x10, 0x00, 0x03, 0x00, 0x00, 0x00, 0x46, 0x02, 0x10, 0x00, 0x03, 0x00, 0x00, 0x00, 0x02, // .......F........
	0x40, 0x00, 0x00, 0x55, 0x55, 0xd5, 0x3e, 0x55, 0x55, 0xd5, 0x3e, 0x55, 0x55, 0xd5, 0x3e, 0x00, // @..UU.>UU.>UU.>.
	0x00, 0x00, 0x00, 0x19, 0x00, 0x00, 0x05, 0x72, 0x00, 0x10, 0x00, 0x03, 0x00, 0x00, 0x00, 0x46, // .......r.......F
	0x02, 0x10, 0x00, 0x03, 0x00, 0x00, 0x00, 0x32, 0x00, 0x00, 0x0f, 0x72, 0x00, 0x10, 0x00, 0x03, // .......2...r....
	0x00, 0x00, 0x00, 0x46, 0x02, 0x10, 0x00, 0x03, 0x00, 0x00, 0x00, 0x02, 0x40, 0x00, 0x00, 0x3d, // ...F........@..=
	0x0a, 0x87, 0x3f, 0x3d, 0x0a, 0x87, 0x3f, 0x3d, 0x0a, 0x87, 0x3f, 0x00, 0x00, 0x00, 0x00, 0x02, // ..?=..?=..?.....
	0x40, 0x00, 0x00, 0xae, 0x47, 0x61, 0xbd, 0xae, 0x47, 0x61, 0xbd, 0xae, 0x47, 0x61, 0xbd, 0x00, // @...Ga..Ga..Ga..
	0x00, 0x00, 0x00, 0x37, 0x00, 0x00, 0x09, 0x72, 0x00, 0x10, 0x00, 0x00, 0x00, 0x00, 0x00, 0x46, // ...7...r.......F
	0x02, 0x10, 0x00, 0x01, 0x00, 0x00, 0x00, 0x46, 0x02, 0x10, 0x00, 0x02, 0x00, 0x00, 0x00, 0x46, // .......F.......F
	0x02, 0x10, 0x00, 0x03, 0x00, 0x00, 0x00, 0x12, 0x00, 0x00, 0x01, 0x31, 0x00, 0x00, 0x0b, 0x32, // ...........1...2
	0x00, 0x10, 0x00, 0x01, 0x00, 0x00, 0x00, 0x06, 0x80, 0x20, 0x00, 0x00, 0x00, 0x00, 0x00, 0x01, // ......... ......
	0x00, 0x00, 0x00, 0x02, 0x40, 0x00, 0x00, 0x00, 0x00, 0xc0, 0x3f, 0x00, 0x00, 0x20, 0x40, 0x00, // ....@.....?.. @.
	0x00, 0x00, 0x00, 0x00, 0x00, 0x00, 0x00, 0x10, 0x00, 0x00, 0x0a, 0x12, 0x00, 0x10, 0x00, 0x02, // ................
	0x00, 0x00, 0x00, 0x02, 0x40, 0x00, 0x00, 0x98, 0x3a, 0xd3, 0x3e, 0x37, 0x14, 0xb7, 0x3e, 0x9c, // ....@...:.>7..>.
	0xc4, 0x38, 0x3e, 0x00, 0x00, 0x00, 0x00, 0x46, 0x02, 0x10, 0x00, 0x00, 0x00, 0x00, 0x00, 0x10, // .8>....F........
	0x00, 0x00, 0x0a, 0x22, 0x00, 0x10, 0x00, 0x02, 0x00, 0x00, 0x00, 0x02, 0x40, 0x00, 0x00, 0xed, // ..."........@...
	0xc6, 0x59, 0x3e, 0x37, 0x14, 0x37, 0x3f, 0x7d, 0xd0, 0x93, 0x3d, 0x00, 0x00, 0x00, 0x00, 0x46, // .Y>7.7?}..=....F
	0x02, 0x10, 0x00, 0x00, 0x00, 0x00, 0x00, 0x10, 0x00, 0x00, 0x0a, 0x42, 0x00, 0x10, 0x00, 0x02, // ...........B....
	0x00, 0x00, 0x00, 0x02, 0x40, 0x00, 0x00, 0x21, 0x62, 0x9e, 0x3c, 0xef, 0x1a, 0xf4, 0x3d, 0x21, // ....@..!b.<...=!
	0x47, 0x73, 0x3f, 0x00, 0x00, 0x00, 0x00, 0x46, 0x02, 0x10, 0x00, 0x00, 0x00, 0x00, 0x00, 0x10, // Gs?....F........
	0x00, 0x00, 0x0a, 0x12, 0x00, 0x10, 0x00, 0x03, 0x00, 0x00, 0x00, 0x02, 0x40, 0x00, 0x00, 0x3a, // ............@..:
	0xbb, 0xdb, 0x3f, 0x7c, 0x1a, 0xb6, 0xbe, 0x3a, 0xb9, 0x81, 0xbe, 0x00, 0x00, 0x00, 0x00, 0x46, // ..?|...:.......F
	0x02, 0x10, 0x00, 0x02, 0x00, 0x00, 0x00, 0x10, 0x00, 0x00, 0x0a, 0x22, 0x00, 0x10, 0x00, 0x03, // ..........."....
	0x00, 0x00, 0x00, 0x02, 0x40, 0x00, 0x00, 0xd4, 0xab, 0x2a, 0xbf, 0xdb, 0xe8, 0xce, 0x3f, 0xf1, // ....@....*....?.
	0x2c, 0x81, 0x3c, 0x00, 0x00, 0x00, 0x00, 0x46, 0x02, 0x10, 0x00, 0x02, 0x00, 0x00, 0x00, 0x10, // ,.<....F........
	0x00, 0x00, 0x0a, 0x42, 0x00, 0x10, 0x00, 0x03, 0x00, 0x00, 0x00, 0x02, 0x40, 0x00, 0x00, 0x8d, // ...B........@...
	0x81, 0x90, 0x3c, 0x3a, 0x30, 0x2f, 0xbd, 0xab, 0x2d, 0x71, 0x3f, 0x00, 0x00, 0x00, 0x00, 0x46, // ..<:0/..-q?....F
	0x02, 0x10, 0x00, 0x02, 0x00, 0x00, 0x00, 0x38, 0x00, 0x00, 0x08, 0x72, 0x00, 0x10, 0x00, 0x02, // .......8...r....
	0x00, 0x00, 0x00, 0x46, 0x02, 0x10, 0x00, 0x03, 0x00, 0x00, 0x00, 0x56, 0x85, 0x20, 0x00, 0x00, // ...F.......V. ..
	0x00, 0x00, 0x00, 0x01, 0x00, 0x00, 0x00, 0x38, 0x00, 0x00, 0x0a, 0x72, 0x00, 0x10, 0x00, 0x02, // .......8...r....
	0x00, 0x00, 0x00, 0x46, 0x02, 0x10, 0x00, 0x02, 0x00, 0x00, 0x00, 0x02, 0x40, 0x00, 0x00, 0x17, // ...F........@...
	0xb7, 0xd1, 0x38, 0x17, 0xb7, 0xd1, 0x38, 0x17, 0xb7, 0xd1, 0x38, 0x00, 0x00, 0x00, 0x00, 0x2f, // ..8...8...8..../
	0x00, 0x00, 0x05, 0x72, 0x00, 0x10, 0x00, 0x02, 0x00, 0x00, 0x00, 0x46, 0x02, 0x10, 0x00, 0x02, // ...r.......F....
	0x00, 0x00, 0x00, 0x38, 0x00, 0x00, 0x0a, 0x72, 0x00, 0x10, 0x00, 0x02, 0x00, 0x00, 0x00, 0x46, // ...8...r.......F
	0x02, 0x10, 0x00, 0x02, 0x00, 0x00, 0x00, 0x02, 0x40, 0x00, 0x00, 0x00, 0x20, 0x23, 0x3e, 0x00, // ........@... #>.
	0x20, 0x23, 0x3e, 0x00, 0x20, 0x23, 0x3e, 0x00, 0x00, 0x00, 0x00, 0x19, 0x00, 0x00, 0x05, 0x72, //  #>. #>........r
	0x00, 0x10, 0x00, 0x02, 0x00, 0x00, 0x00, 0x46, 0x02, 0x10, 0x00, 0x02, 0x00, 0x00, 0x00, 0x32, // .......F.......2
	0x00, 0x00, 0x0f, 0x72, 0x00, 0x10, 0x00, 0x03, 0x00, 0x00, 0x00, 0x46, 0x02, 0x10, 0x00, 0x02, // ...r.......F....
	0x00, 0x00, 0x00, 0x02, 0x40, 0x00, 0x00, 0x00, 0xd0, 0x96, 0x41, 0x00, 0xd0, 0x96, 0x41, 0x00, // ....@.....A...A.
	0xd0, 0x96, 0x41, 0x00, 0x00, 0x00, 0x00, 0x02, 0x40, 0x00, 0x00, 0x00, 0x00, 0x56, 0x3f, 0x00, // ..A.....@....V?.
	0x00, 0x56, 0x3f, 0x00, 0x00, 0x56, 0x3f, 0x00, 0x00, 0x00, 0x00, 0x32, 0x00, 0x00, 0x0f, 0x72, // .V?..V?....2...r
	0x00, 0x10, 0x00, 0x02, 0x00, 0x00, 0x00, 0x46, 0x02, 0x10, 0x00, 0x02, 0x00, 0x00, 0x00, 0x02, // .......F........
	0x40, 0x00, 0x00, 0x00, 0x80, 0x95, 0x41, 0x00, 0x80, 0x95, 0x41, 0x00, 0x80, 0x95, 0x41, 0x00, // @.....A...A...A.
	0x00, 0x00, 0x00, 0x02, 0x40, 0x00, 0x00, 0x00, 0x00, 0x80, 0x3f, 0x00, 0x00, 0x80, 0x3f, 0x00, // ....@.....?...?.
	0x00, 0x80, 0x3f, 0x00, 0x00, 0x00, 0x00, 0x0e, 0x00, 0x00, 0x07, 0x72, 0x00, 0x10, 0x00, 0x02, // ..?........r....
	0x00, 0x00, 0x00, 0x46, 0x02, 0x10, 0x00, 0x03, 0x00, 0x00, 0x00, 0x46, 0x02, 0x10, 0x00, 0x02, // ...F.......F....
	0x00, 0x00, 0x00, 0x2f, 0x00, 0x00, 0x05, 0x72, 0x00, 0x10, 0x00, 0x02, 0x00, 0x00, 0x00, 0x46, // .../...r.......F
	0x02, 0x10, 0x00, 0x02, 0x00, 0x00, 0x00, 0x38, 0x00, 0x00, 0x0a, 0x72, 0x00, 0x10, 0x00, 0x02, // .......8...r....
	0x00, 0x00, 0x00, 0x46, 0x02, 0x10, 0x00, 0x02, 0x00, 0x00, 0x00, 0x02, 0x40, 0x00, 0x00, 0x00, // ...F........@...
	0xb0, 0x9d, 0x42, 0x00, 0xb0, 0x9d, 0x42, 0x00, 0xb0, 0x9d, 0x42, 0x00, 0x00, 0x00, 0x00, 0x19, // ..B...B...B.....
	0x00, 0x00, 0x05, 0x72, 0x00, 0x10, 0x00, 0x02, 0x00, 0x00, 0x00, 0x46, 0x02, 0x10, 0x00, 0x02, // ...r.......F....
	0x00, 0x00, 0x00, 0x01, 0x00, 0x00, 0x07, 0xe2, 0x00, 0x10, 0x00, 0x01, 0x00, 0x00, 0x00, 0x56, // ...............V
	0x05, 0x10, 0x00, 0x01, 0x00, 0x00, 0x00, 0x06, 0x09, 0x10, 0x00, 0x02, 0x00, 0x00, 0x00, 0x37, // ...............7
	0x00, 0x00, 0x09, 0x72, 0x00, 0x10, 0x00, 0x00, 0x00, 0x00, 0x00, 0x06, 0x00, 0x10, 0x00, 0x01, // ...r............
	0x00, 0x00, 0x00, 0x46, 0x02, 0x10, 0x00, 0x00, 0x00, 0x00, 0x00, 0x96, 0x07, 0x10, 0x00, 0x01, // ...F............
	0x00, 0x00, 0x00, 0x15, 0x00, 0x00, 0x01, 0x36, 0x00, 0x00, 0x05, 0xf2, 0x20, 0x10, 0x00, 0x00, // .......6.... ...
	0x00, 0x00, 0x00, 0x46, 0x0e, 0x10, 0x00, 0x00, 0x00, 0x00, 0x00, 0x3e, 0x00, 0x00, 0x01, 0x00, // ...F.......>....
	0x00, 0x20, 0x00,                                                                               // . .
};
static const uint8_t fs_texture_3d_dxil[3955] =
{
	0x46, 0x53, 0x48, 0x0c, 0x01, 0x83, 0xf2, 0xe1, 0x00, 0x00, 0x00, 0x00, 0x00, 0x00, 0x00, 0x00, // FSH.............
	0x00, 0x00, 0x00, 0x00, 0x03, 0x00, 0x09, 0x75, 0x5f, 0x70, 0x61, 0x72, 0x61, 0x6d, 0x73, 0x30, // .......u_params0
	0x12, 0x00, 0x00, 0x00, 0x01, 0x00, 0x00, 0x00, 0x00, 0x00, 0x09, 0x75, 0x5f, 0x70, 0x61, 0x72, // ...........u_par
	0x61, 0x6d, 0x73, 0x31, 0x12, 0x00, 0x10, 0x00, 0x01, 0x00, 0x00, 0x00, 0x00, 0x00, 0x0a, 0x73, // ams1...........s
	0x5f, 0x74, 0x65, 0x78, 0x43, 0x6f, 0x6c, 0x6f, 0x72, 0x30, 0x01, 0x00, 0x00, 0x01, 0x00, 0x00, // _texColor0......
	0x06, 0x00, 0x00, 0x18, 0x0f, 0x00, 0x00, 0x44, 0x58, 0x42, 0x43, 0x0e, 0x98, 0x72, 0x21, 0xbd, // .......DXBC..r!.
	0x22, 0x66, 0x20, 0x85, 0xd3, 0x43, 0x15, 0x1c, 0x7d, 0xef, 0x6f, 0x01, 0x00, 0x00, 0x00, 0x18, // "f ..C..}.o.....
	0x0f, 0x00, 0x00, 0x07, 0x00, 0x00, 0x00, 0x3c, 0x00, 0x00, 0x00, 0x4c, 0x00, 0x00, 0x00, 0xd8, // .......<...L....
	0x00, 0x00, 0x00, 0x14, 0x01, 0x00, 0x00, 0x40, 0x02, 0x00, 0x00, 0x74, 0x02, 0x00, 0x00, 0x90, // .......@...t....
	0x02, 0x00, 0x00, 0x53, 0x46, 0x49, 0x30, 0x08, 0x00, 0x00, 0x00, 0x00, 0x00, 0x00, 0x00, 0x00, // ...SFI0.........
	0x00, 0x00, 0x00, 0x49, 0x53, 0x47, 0x31, 0x84, 0x00, 0x00, 0x00, 0x03, 0x00, 0x00, 0x00, 0x08, // ...ISG1.........
	0x00, 0x00, 0x00, 0x00, 0x00, 0x00, 0x00, 0x68, 0x00, 0x00, 0x00, 0x00, 0x00, 0x00, 0x00, 0x01, // .......h........
	0x00, 0x00, 0x00, 0x03, 0x00, 0x00, 0x00, 0x00, 0x00, 0x00, 0x00, 0x0f, 0x00, 0x00, 0x00, 0x00, // ................
	0x00, 0x00, 0x00, 0x00, 0x00, 0x00, 0x00, 0x74, 0x00, 0x00, 0x00, 0x00, 0x00, 0x00, 0x00, 0x00, // .......t........
	0x00, 0x00, 0x00, 0x03, 0x00, 0x00, 0x00, 0x01, 0x00, 0x00, 0x00, 0x0f, 0x0f, 0x00, 0x00, 0x00, // ................
	0x00, 0x00, 0x00, 0x00, 0x00, 0x00, 0x00, 0x7a, 0x00, 0x00, 0x00, 0x00, 0x00, 0x00, 0x00, 0x00, // .......z........
	0x00, 0x00, 0x00, 0x03, 0x00, 0x00, 0x00, 0x02, 0x00, 0x00, 0x00, 0x07, 0x03, 0x00, 0x00, 0x00, // ................
	0x00, 0x00, 0x00, 0x53, 0x56, 0x5f, 0x50, 0x6f, 0x73, 0x69, 0x74, 0x69, 0x6f, 0x6e, 0x00, 0x43, // ...SV_Position.C
	0x4f, 0x4c, 0x4f, 0x52, 0x00, 0x54, 0x45, 0x58, 0x43, 0x4f, 0x4f, 0x52, 0x44, 0x00, 0x00, 0x4f, // OLOR.TEXCOORD..O
	0x53, 0x47, 0x31, 0x34, 0x00, 0x00, 0x00, 0x01, 0x00, 0x00, 0x00, 0x08, 0x00, 0x00, 0x00, 0x00, // SG14............
	0x00, 0x00, 0x00, 0x28, 0x00, 0x00, 0x00, 0x00, 0x00, 0x00, 0x00, 0x40, 0x00, 0x00, 0x00, 0x03, // ...(.......@....
	0x00, 0x00, 0x00, 0x00, 0x00, 0x00, 0x00, 0x0f, 0x00, 0x00, 0x00, 0x00, 0x00, 0x00, 0x00, 0x53, // ...............S
	0x56, 0x5f, 0x54, 0x61, 0x72, 0x67, 0x65, 0x74, 0x00, 0x00, 0x00, 0x50, 0x53, 0x56, 0x30, 0x24, // V_Target...PSV0$
	0x01, 0x00, 0x00, 0x38, 0x00, 0x00, 0x00, 0x00, 0x00, 0x00, 0x00, 0x00, 0x00, 0x00, 0x00, 0x00, // ...8............
	0x00, 0x00, 0x00, 0x00, 0x00, 0x00, 0x00, 0x00, 0x00, 0x00, 0x00, 0xff, 0xff, 0xff, 0xff, 0x00, // ................
	0x00, 0x00, 0x00, 0x03, 0x01, 0x00, 0x03, 0x01, 0x00, 0x00, 0x00, 0x00, 0x00, 0x00, 0x00, 0x00, // ................
	0x00, 0x00, 0x00, 0x00, 0x00, 0x00, 0x00, 0x10, 0x00, 0x00, 0x00, 0x00, 0x00, 0x00, 0x00, 0x03, // ................
	0x00, 0x00, 0x00, 0x18, 0x00, 0x00, 0x00, 0x02, 0x00, 0x00, 0x00, 0x00, 0x00, 0x00, 0x00, 0x00, // ................
	0x00, 0x00, 0x00, 0x00, 0x00, 0x00, 0x00, 0x0d, 0x00, 0x00, 0x00, 0x00, 0x00, 0x00, 0x00, 0x01, // ................
	0x00, 0x00, 0x00, 0x00, 0x00, 0x00, 0x00, 0x00, 0x00, 0x00, 0x00, 0x00, 0x00, 0x00, 0x00, 0x0e, // ................
	0x00, 0x00, 0x00, 0x00, 0x00, 0x00, 0x00, 0x03, 0x00, 0x00, 0x00, 0x00, 0x00, 0x00, 0x00, 0x00, // ................
	0x00, 0x00, 0x00, 0x00, 0x00, 0x00, 0x00, 0x04, 0x00, 0x00, 0x00, 0x00, 0x00, 0x00, 0x00, 0x18, // ................
	0x00, 0x00, 0x00, 0x00, 0x43, 0x4f, 0x4c, 0x4f, 0x52, 0x00, 0x54, 0x45, 0x58, 0x43, 0x4f, 0x4f, // ....COLOR.TEXCOO
	0x52, 0x44, 0x00, 0x6d, 0x61, 0x69, 0x6e, 0x00, 0x00, 0x00, 0x00, 0x01, 0x00, 0x00, 0x00, 0x00, // RD.main.........
	0x00, 0x00, 0x00, 0x10, 0x00, 0x00, 0x00, 0x00, 0x00, 0x00, 0x00, 0x00, 0x00, 0x00, 0x00, 0x01, // ................
	0x00, 0x44, 0x03, 0x03, 0x04, 0x00, 0x00, 0x01, 0x00, 0x00, 0x00, 0x00, 0x00, 0x00, 0x00, 0x01, // .D..............
	0x01, 0x44, 0x00, 0x03, 0x02, 0x00, 0x00, 0x07, 0x00, 0x00, 0x00, 0x00, 0x00, 0x00, 0x00, 0x01, // .D..............
	0x02, 0x43, 0x00, 0x03, 0x02, 0x00, 0x00, 0x00, 0x00, 0x00, 0x00, 0x00, 0x00, 0x00, 0x00, 0x01, // .C..............
	0x00, 0x44, 0x10, 0x03, 0x00, 0x00, 0x00, 0x00, 0x00, 0x00, 0x00, 0x00, 0x00, 0x00, 0x00, 0x00, // .D..............
	0x00, 0x00, 0x00, 0x00, 0x00, 0x00, 0x00, 0x07, 0x00, 0x00, 0x00, 0x07, 0x00, 0x00, 0x00, 0x07, // ................
	0x00, 0x00, 0x00, 0x08, 0x00, 0x00, 0x00, 0x0f, 0x00, 0x00, 0x00, 0x0f, 0x00, 0x00, 0x00, 0x00, // ................
	0x00, 0x00, 0x00, 0x00, 0x00, 0x00, 0x00, 0x49, 0x4c, 0x44, 0x4e, 0x2c, 0x00, 0x00, 0x00, 0x00, // .......ILDN,....
	0x00, 0x24, 0x00, 0x39, 0x64, 0x38, 0x35, 0x64, 0x64, 0x33, 0x62, 0x33, 0x36, 0x36, 0x35, 0x34, // .$.9d85dd3b36654
	0x36, 0x34, 0x38, 0x62, 0x39, 0x63, 0x31, 0x66, 0x35, 0x65, 0x35, 0x38, 0x33, 0x30, 0x37, 0x31, // 648b9c1f5e583071
	0x65, 0x38, 0x33, 0x2e, 0x70, 0x64, 0x62, 0x00, 0x00, 0x00, 0x00, 0x48, 0x41, 0x53, 0x48, 0x14, // e83.pdb....HASH.
	0x00, 0x00, 0x00, 0x00, 0x00, 0x00, 0x00, 0x9d, 0x85, 0xdd, 0x3b, 0x36, 0x65, 0x46, 0x48, 0xb9, // ..........;6eFH.
	0xc1, 0xf5, 0xe5, 0x83, 0x07, 0x1e, 0x83, 0x44, 0x58, 0x49, 0x4c, 0x80, 0x0c, 0x00, 0x00, 0x60, // .......DXIL....`
	0x00, 0x00, 0x00, 0x20, 0x03, 0x00, 0x00, 0x44, 0x58, 0x49, 0x4c, 0x00, 0x01, 0x00, 0x00, 0x10, // ... ...DXIL.....
	0x00, 0x00, 0x00, 0x68, 0x0c, 0x00, 0x00, 0x42, 0x43, 0xc0, 0xde, 0x21, 0x0c, 0x00, 0x00, 0x17, // ...h...BC..!....
	0x03, 0x00, 0x00, 0x0b, 0x82, 0x20, 0x00, 0x02, 0x00, 0x00, 0x00, 0x13, 0x00, 0x00, 0x00, 0x07, // ..... ..........
	0x81, 0x23, 0x91, 0x41, 0xc8, 0x04, 0x49, 0x06, 0x10, 0x32, 0x39, 0x92, 0x01, 0x84, 0x0c, 0x25, // .#.A..I..29....%
	0x05, 0x08, 0x19, 0x1e, 0x04, 0x8b, 0x62, 0x80, 0x18, 0x45, 0x02, 0x42, 0x92, 0x0b, 0x42, 0xc4, // ......b..E.B..B.
	0x10, 0x32, 0x14, 0x38, 0x08, 0x18, 0x4b, 0x0a, 0x32, 0x62, 0x88, 0x48, 0x90, 0x14, 0x20, 0x43, // .2.8..K.2b.H.. C
	0x46, 0x88, 0xa5, 0x00, 0x19, 0x32, 0x42, 0xe4, 0x48, 0x0e, 0x90, 0x11, 0x23, 0xc4, 0x50, 0x41, // F....2B.H...#.PA
	0x51, 0x81, 0x8c, 0xe1, 0x83, 0xe5, 0x8a, 0x04, 0x31, 0x46, 0x06, 0x51, 0x18, 0x00, 0x00, 0x08, // Q.......1F.Q....
	0x00, 0x00, 0x00, 0x1b, 0x8c, 0xe0, 0xff, 0xff, 0xff, 0xff, 0x07, 0x40, 0x02, 0xa8, 0x0d, 0x84, // ...........@....
	0xf0, 0xff, 0xff, 0xff, 0xff, 0x03, 0x20, 0x6d, 0x30, 0x86, 0xff, 0xff, 0xff, 0xff, 0x1f, 0x00, // ...... m0.......
	0x09, 0xa8, 0x00, 0x49, 0x18, 0x00, 0x00, 0x03, 0x00, 0x00, 0x00, 0x13, 0x82, 0x60, 0x42, 0x20, // ...I.........`B 
	0x4c, 0x08, 0x06, 0x00, 0x00, 0x00, 0x00, 0x89, 0x20, 0x00, 0x00, 0x53, 0x00, 0x00, 0x00, 0x32, // L....... ..S...2
	0x22, 0x88, 0x09, 0x20, 0x64, 0x85, 0x04, 0x13, 0x23, 0xa4, 0x84, 0x04, 0x13, 0x23, 0xe3, 0x84, // ".. d...#....#..
	0xa1, 0x90, 0x14, 0x12, 0x4c, 0x8c, 0x8c, 0x0b, 0x84, 0xc4, 0x4c, 0x10, 0x90, 0xc1, 0x08, 0x40, // ....L.....L....@
	0x09, 0x00, 0x0a, 0x66, 0x00, 0xe6, 0x08, 0xc0, 0x60, 0x8e, 0x00, 0x29, 0xc6, 0x40, 0x10, 0x44, // ...f....`..).@.D
	0x41, 0x90, 0x51, 0x0c, 0x80, 0x20, 0x88, 0x62, 0x20, 0xe4, 0xa6, 0xe1, 0xf2, 0x27, 0xec, 0x21, // A.Q.. .b ....'.!
	0x24, 0x7f, 0x25, 0xa4, 0x95, 0x98, 0xfc, 0xe2, 0xb6, 0x51, 0x31, 0x0c, 0xc3, 0x40, 0x50, 0x71, // $.%......Q1..@Pq
	0xcf, 0x70, 0xf9, 0x13, 0xf6, 0x10, 0x92, 0x1f, 0x02, 0xcd, 0xb0, 0x10, 0x28, 0x58, 0x0a, 0xa3, // .p..........(X..
	0x10, 0x0c, 0x33, 0x0c, 0xc3, 0x40, 0x10, 0xc4, 0x40, 0x4d, 0x19, 0x06, 0x62, 0xa0, 0xe7, 0xa8, // ..3..@..@M..b...
	0xe1, 0xf2, 0x27, 0xec, 0x21, 0x24, 0x9f, 0xdb, 0xa8, 0x62, 0x25, 0x26, 0xbf, 0xb8, 0x6d, 0x44, // ..'.!$...b%&..mD
	0x0c, 0xc3, 0x30, 0x14, 0x22, 0x22, 0x18, 0x82, 0xa4, 0x52, 0x0c, 0xc4, 0x30, 0x0c, 0x44, 0xcd, // ..0.""...R..0.D.
	0x11, 0x04, 0xc5, 0x60, 0x88, 0x82, 0x20, 0x2c, 0xba, 0x06, 0x02, 0x86, 0x11, 0x88, 0x61, 0xa6, // ...`.. ,......a.
	0x36, 0x18, 0x07, 0x76, 0x08, 0x87, 0x79, 0x98, 0x07, 0x37, 0xa0, 0x85, 0x72, 0xc0, 0x07, 0x7a, // 6..v..y..7..r..z
	0xa8, 0x07, 0x79, 0x28, 0x87, 0x39, 0x20, 0x05, 0x3e, 0xb0, 0x87, 0x72, 0x18, 0x07, 0x7a, 0x78, // ..y(.9 .>..r..zx
	0x07, 0x79, 0xe0, 0x03, 0x73, 0x60, 0x87, 0x77, 0x08, 0x07, 0x7a, 0x60, 0x03, 0x30, 0xa0, 0x03, // .y..s`.w..z`.0..
	0x3f, 0x00, 0x03, 0x3f, 0xd0, 0x03, 0x3d, 0x68, 0x87, 0x74, 0x80, 0x87, 0x79, 0xf8, 0x05, 0x7a, // ?..?..=h.t..y..z
	0xc8, 0x07, 0x78, 0x28, 0x07, 0x14, 0x10, 0x33, 0x89, 0xc1, 0x38, 0xb0, 0x43, 0x38, 0xcc, 0xc3, // ..x(...3..8.C8..
	0x3c, 0xb8, 0x01, 0x2d, 0x94, 0x03, 0x3e, 0xd0, 0x43, 0x3d, 0xc8, 0x43, 0x39, 0xcc, 0x01, 0x29, // <..-..>.C=.C9..)
	0xf0, 0x81, 0x3d, 0x94, 0xc3, 0x38, 0xd0, 0xc3, 0x3b, 0xc8, 0x03, 0x1f, 0x98, 0x03, 0x3b, 0xbc, // ..=..8..;.....;.
	0x43, 0x38, 0xd0, 0x03, 0x1b, 0x80, 0x01, 0x1d, 0xf8, 0x01, 0x18, 0xf8, 0x01, 0x12, 0xb4, 0x8d, // C8..............
	0xb8, 0x99, 0x10, 0x32, 0x38, 0x05, 0x76, 0x78, 0x07, 0x71, 0x08, 0x07, 0x76, 0x98, 0x07, 0x24, // ...28.vx.q..v..$
	0x68, 0x1a, 0x79, 0x37, 0x49, 0x53, 0x44, 0x09, 0x93, 0xcf, 0x02, 0xcc, 0xb3, 0x10, 0x11, 0x3b, // h.y7ISD........;
	0x01, 0x13, 0x81, 0x02, 0x82, 0xc0, 0x6c, 0x20, 0xa6, 0x00, 0x00, 0x13, 0x14, 0x72, 0xc0, 0x87, // ......l .....r..
	0x74, 0x60, 0x87, 0x36, 0x68, 0x87, 0x79, 0x68, 0x03, 0x72, 0xc0, 0x87, 0x0d, 0xaf, 0x50, 0x0e, // t`.6h.yh.r....P.
	0x6d, 0xd0, 0x0e, 0x7a, 0x50, 0x0e, 0x6d, 0x00, 0x0f, 0x7a, 0x30, 0x07, 0x72, 0xa0, 0x07, 0x73, // m..zP.m..z0.r..s
	0x20, 0x07, 0x6d, 0x90, 0x0e, 0x71, 0xa0, 0x07, 0x73, 0x20, 0x07, 0x6d, 0x90, 0x0e, 0x78, 0xa0, //  .m..q..s .m..x.
	0x07, 0x73, 0x20, 0x07, 0x6d, 0x90, 0x0e, 0x71, 0x60, 0x07, 0x7a, 0x30, 0x07, 0x72, 0xd0, 0x06, // .s .m..q`.z0.r..
	0xe9, 0x30, 0x07, 0x72, 0xa0, 0x07, 0x73, 0x20, 0x07, 0x6d, 0x90, 0x0e, 0x76, 0x40, 0x07, 0x7a, // .0.r..s .m..v@.z
	0x60, 0x07, 0x74, 0xd0, 0x06, 0xe6, 0x10, 0x07, 0x76, 0xa0, 0x07, 0x73, 0x20, 0x07, 0x6d, 0x60, // `.t.....v..s .m`
	0x0e, 0x73, 0x20, 0x07, 0x7a, 0x30, 0x07, 0x72, 0xd0, 0x06, 0xe6, 0x60, 0x07, 0x74, 0xa0, 0x07, // .s .z0.r...`.t..
	0x76, 0x40, 0x07, 0x6d, 0xe0, 0x0e, 0x78, 0xa0, 0x07, 0x71, 0x60, 0x07, 0x7a, 0x30, 0x07, 0x72, // v@.m..x..q`.z0.r
	0xa0, 0x07, 0x76, 0x40, 0x07, 0x43, 0x9e, 0x00, 0x00, 0x00, 0x00, 0x00, 0x00, 0x00, 0x00, 0x00, // ..v@.C..........
	0x00, 0x00, 0x86, 0x3c, 0x06, 0x10, 0x00, 0x01, 0x00, 0x00, 0x00, 0x00, 0x00, 0x00, 0x00, 0x0c, // ...<............
	0x79, 0x10, 0x20, 0x00, 0x04, 0x00, 0x00, 0x00, 0x00, 0x00, 0x00, 0x00, 0x18, 0xf2, 0x34, 0x40, // y. ...........4@
	0x00, 0x0c, 0x00, 0x00, 0x00, 0x00, 0x00, 0x00, 0x00, 0x30, 0xe4, 0x79, 0x80, 0x00, 0x08, 0x00, // .........0.y....
	0x00, 0x00, 0x00, 0x00, 0x00, 0x00, 0x60, 0xc8, 0x23, 0x01, 0x01, 0x30, 0x00, 0x00, 0x00, 0x00, // ......`.#..0....
	0x00, 0x00, 0x00, 0xc0, 0x90, 0x87, 0x02, 0x02, 0x20, 0x00, 0x00, 0x00, 0x00, 0x00, 0x00, 0x00, // ........ .......
	0x80, 0x21, 0xcf, 0x05, 0x04, 0xc0, 0x00, 0x00, 0x00, 0x00, 0x00, 0x00, 0x00, 0x00, 0x59, 0x20, // .!............Y 
	0x00, 0x00, 0x00, 0x11, 0x00, 0x00, 0x00, 0x32, 0x1e, 0x98, 0x14, 0x19, 0x11, 0x4c, 0x90, 0x8c, // .......2.....L..
	0x09, 0x26, 0x47, 0xc6, 0x04, 0x43, 0x22, 0x4a, 0x60, 0x04, 0xa0, 0x28, 0x8a, 0xa1, 0x10, 0x4a, // .&G..C"J`..(...J
	0xa2, 0x80, 0xca, 0xa0, 0x3c, 0x8a, 0x80, 0x8a, 0x92, 0x28, 0x83, 0x42, 0x18, 0x01, 0x28, 0x82, // ....<....(.B..(.
	0x02, 0xa1, 0x6e, 0x06, 0x80, 0xbe, 0x19, 0x00, 0x0a, 0x67, 0x00, 0x48, 0x1c, 0xab, 0x59, 0x08, // ..n......g.H..Y.
	0x00, 0x00, 0x80, 0xe3, 0x38, 0x90, 0xe7, 0x01, 0x00, 0x00, 0x00, 0x79, 0x18, 0x00, 0x00, 0x6a, // ....8......y...j
	0x00, 0x00, 0x00, 0x1a, 0x03, 0x4c, 0x90, 0x46, 0x02, 0x13, 0xc4, 0x8f, 0x0c, 0x6f, 0xec, 0xed, // .....L.F.....o..
	0x4d, 0x0c, 0x24, 0xc6, 0x25, 0x06, 0xc6, 0x45, 0xc6, 0x06, 0xa6, 0xc6, 0x65, 0xe6, 0x06, 0x04, // M.$.%..E....e...
	0x65, 0x8c, 0x86, 0x0c, 0xc7, 0x8c, 0xc6, 0x2c, 0x27, 0x27, 0x65, 0x43, 0x10, 0x4c, 0x10, 0x08, // e......,''eC.L..
	0x64, 0x82, 0x40, 0x24, 0x1b, 0x84, 0x81, 0x98, 0x20, 0x10, 0xca, 0x06, 0x61, 0x30, 0x28, 0xc0, // d.@$.... ...a0(.
	0xcd, 0x4d, 0x10, 0x88, 0x65, 0xc3, 0x80, 0x24, 0xc4, 0x04, 0xa1, 0xc3, 0x08, 0x4c, 0x10, 0x08, // .M..e..$.....L..
	0x66, 0x82, 0x40, 0x34, 0x1b, 0x04, 0xc2, 0xd9, 0x90, 0x10, 0x0b, 0x43, 0x10, 0x43, 0x43, 0x3c, // f.@4.......C.CC<
	0x1b, 0x02, 0x68, 0x82, 0xf0, 0x65, 0x13, 0x04, 0xc2, 0xd9, 0x80, 0x10, 0x12, 0x43, 0x10, 0xc3, // ..h..e.......C..
	0x04, 0x6c, 0x08, 0xa8, 0x09, 0x42, 0x18, 0x68, 0x1b, 0x10, 0xc2, 0x62, 0x08, 0x62, 0x20, 0x80, // .l...B.h...b.b .
	0x0d, 0xc1, 0xb5, 0x81, 0x88, 0x80, 0x0a, 0x9b, 0x20, 0x88, 0xc1, 0xb6, 0x21, 0xd0, 0x26, 0x08, // ........ ...!.&.
	0x02, 0x40, 0xa2, 0x2d, 0x2c, 0xcd, 0x8d, 0xcb, 0x94, 0xd5, 0x17, 0xd4, 0xdb, 0x5c, 0x1a, 0x5d, // .@.-,..........]
	0xda, 0x9b, 0xdb, 0x04, 0xa1, 0x90, 0x26, 0x08, 0xc5, 0xb4, 0x21, 0x20, 0x26, 0x08, 0x05, 0x35, // ......&...! &..5
	0x41, 0x28, 0xaa, 0x0d, 0x0b, 0xe1, 0x7d, 0x60, 0x10, 0x06, 0x62, 0x30, 0x88, 0x01, 0x31, 0x06, // A(....}`..b0..1.
	0x00, 0x8b, 0xa1, 0x27, 0xa6, 0x27, 0xa9, 0x09, 0x42, 0x61, 0x4d, 0x10, 0x88, 0x67, 0x82, 0x40, // ...'.'..BaM..g.@
	0x40, 0x1b, 0x84, 0x33, 0x40, 0x83, 0x0d, 0xcb, 0x50, 0x06, 0xdf, 0x18, 0x84, 0x81, 0x19, 0x0c, // @..3@...P.......
	0x62, 0x30, 0x8c, 0x41, 0x1a, 0x4c, 0x10, 0x88, 0x88, 0x08, 0x55, 0x11, 0xd6, 0xd0, 0xd3, 0x93, // b0.A.L....U.....
	0x14, 0xd1, 0x06, 0xe1, 0x0c, 0xce, 0x60, 0xc3, 0xb2, 0x06, 0x6c, 0xf0, 0x8d, 0x41, 0x18, 0x98, // ......`...l..A..
	0xc1, 0x00, 0x06, 0x6b, 0x30, 0x06, 0x6d, 0xb0, 0x61, 0x20, 0x03, 0x35, 0x70, 0x03, 0x26, 0x53, // ...k0.m.a .5p.&S
	0x56, 0x5f, 0x54, 0x61, 0x72, 0x67, 0x65, 0x74, 0x13, 0x84, 0xe2, 0xda, 0xb0, 0x10, 0x70, 0xf0, // V_Target......p.
	0xc5, 0x41, 0x18, 0x8c, 0xc1, 0x20, 0x06, 0xc4, 0x18, 0xa4, 0xc1, 0x86, 0x40, 0x0e, 0x36, 0x0c, // .A... ......@.6.
	0x6f, 0x30, 0x07, 0xc0, 0x86, 0x82, 0xeb, 0xe8, 0x20, 0x03, 0xaa, 0xb0, 0xb1, 0xd9, 0xb5, 0xb9, // o0...... .......
	0xa4, 0x91, 0x95, 0xb9, 0xd1, 0x4d, 0x09, 0x82, 0x2a, 0x64, 0x78, 0x2e, 0x76, 0x65, 0x72, 0x73, // .....M..*dx.vers
	0x69, 0x6f, 0x6e, 0x53, 0x02, 0xa2, 0x09, 0x19, 0x9e, 0x8b, 0x5d, 0x18, 0x9b, 0x5d, 0x99, 0xdc, // ionS......]..]..
	0x94, 0xc0, 0xa8, 0x43, 0x86, 0xe7, 0x32, 0x87, 0x16, 0x46, 0x56, 0x26, 0xd7, 0xf4, 0x46, 0x56, // ...C..2..FV&..FV
	0xc6, 0x36, 0x25, 0x48, 0xca, 0x90, 0xe1, 0xb9, 0xc8, 0x95, 0xcd, 0xbd, 0xd5, 0xc9, 0x8d, 0x95, // .6%H............
	0xcd, 0x4d, 0x09, 0xb0, 0x3a, 0x64, 0x78, 0x2e, 0x76, 0x69, 0x65, 0x77, 0x49, 0x64, 0x53, 0x74, // .M..:dx.viewIdSt
	0x61, 0x74, 0x65, 0x53, 0x02, 0xad, 0x0e, 0x19, 0x9e, 0x4b, 0x99, 0x1b, 0x9d, 0x5c, 0x1e, 0xd4, // ateS.....K......
	0x5b, 0x9a, 0x1b, 0xdd, 0xdc, 0x94, 0x80, 0x0e, 0x00, 0x00, 0x00, 0x79, 0x18, 0x00, 0x00, 0x51, // [..........y...Q
	0x00, 0x00, 0x00, 0x33, 0x08, 0x80, 0x1c, 0xc4, 0xe1, 0x1c, 0x66, 0x14, 0x01, 0x3d, 0x88, 0x43, // ...3......f..=.C
	0x38, 0x84, 0xc3, 0x8c, 0x42, 0x80, 0x07, 0x79, 0x78, 0x07, 0x73, 0x98, 0x71, 0x0c, 0xe6, 0x00, // 8...B..yx.s.q...
	0x0f, 0xed, 0x10, 0x0e, 0xf4, 0x80, 0x0e, 0x33, 0x0c, 0x42, 0x1e, 0xc2, 0xc1, 0x1d, 0xce, 0xa1, // .......3.B......
	0x1c, 0x66, 0x30, 0x05, 0x3d, 0x88, 0x43, 0x38, 0x84, 0x83, 0x1b, 0xcc, 0x03, 0x3d, 0xc8, 0x43, // .f0.=.C8.....=.C
	0x3d, 0x8c, 0x03, 0x3d, 0xcc, 0x78, 0x8c, 0x74, 0x70, 0x07, 0x7b, 0x08, 0x07, 0x79, 0x48, 0x87, // =..=.x.tp.{..yH.
	0x70, 0x70, 0x07, 0x7a, 0x70, 0x03, 0x76, 0x78, 0x87, 0x70, 0x20, 0x87, 0x19, 0xcc, 0x11, 0x0e, // pp.zp.vx.p .....
	0xec, 0x90, 0x0e, 0xe1, 0x30, 0x0f, 0x6e, 0x30, 0x0f, 0xe3, 0xf0, 0x0e, 0xf0, 0x50, 0x0e, 0x33, // ....0.n0.....P.3
	0x10, 0xc4, 0x1d, 0xde, 0x21, 0x1c, 0xd8, 0x21, 0x1d, 0xc2, 0x61, 0x1e, 0x66, 0x30, 0x89, 0x3b, // ....!..!..a.f0.;
	0xbc, 0x83, 0x3b, 0xd0, 0x43, 0x39, 0xb4, 0x03, 0x3c, 0xbc, 0x83, 0x3c, 0x84, 0x03, 0x3b, 0xcc, // ..;.C9..<..<..;.
	0xf0, 0x14, 0x76, 0x60, 0x07, 0x7b, 0x68, 0x07, 0x37, 0x68, 0x87, 0x72, 0x68, 0x07, 0x37, 0x80, // ..v`.{h.7h.rh.7.
	0x87, 0x70, 0x90, 0x87, 0x70, 0x60, 0x07, 0x76, 0x28, 0x07, 0x76, 0xf8, 0x05, 0x76, 0x78, 0x87, // .p..p`.v(.v..vx.
	0x77, 0x80, 0x87, 0x5f, 0x08, 0x87, 0x71, 0x18, 0x87, 0x72, 0x98, 0x87, 0x79, 0x98, 0x81, 0x2c, // w.._..q..r..y..,
	0xee, 0xf0, 0x0e, 0xee, 0xe0, 0x0e, 0xf5, 0xc0, 0x0e, 0xec, 0x30, 0x03, 0x62, 0xc8, 0xa1, 0x1c, // ..........0.b...
	0xe4, 0xa1, 0x1c, 0xcc, 0xa1, 0x1c, 0xe4, 0xa1, 0x1c, 0xdc, 0x61, 0x1c, 0xca, 0x21, 0x1c, 0xc4, // ..........a..!..
	0x81, 0x1d, 0xca, 0x61, 0x06, 0xd6, 0x90, 0x43, 0x39, 0xc8, 0x43, 0x39, 0x98, 0x43, 0x39, 0xc8, // ...a...C9.C9.C9.
	0x43, 0x39, 0xb8, 0xc3, 0x38, 0x94, 0x43, 0x38, 0x88, 0x03, 0x3b, 0x94, 0xc3, 0x2f, 0xbc, 0x83, // C9..8.C8..;../..
	0x3c, 0xfc, 0x82, 0x3b, 0xd4, 0x03, 0x3b, 0xb0, 0xc3, 0x0c, 0xc4, 0x21, 0x07, 0x7c, 0x70, 0x03, // <..;..;....!.|p.
	0x7a, 0x28, 0x87, 0x76, 0x80, 0x87, 0x19, 0xd1, 0x43, 0x0e, 0xf8, 0xe0, 0x06, 0xe4, 0x20, 0x0e, // z(.v....C..... .
	0xe7, 0xe0, 0x06, 0xf6, 0x10, 0x0e, 0xf2, 0xc0, 0x0e, 0xe1, 0x90, 0x0f, 0xef, 0x50, 0x0f, 0xf4, // .............P..
	0x30, 0x83, 0x81, 0xc8, 0x01, 0x1f, 0xdc, 0x40, 0x1c, 0xe4, 0xa1, 0x1c, 0xc2, 0x61, 0x1d, 0xdc, // 0......@.....a..
	0x40, 0x1c, 0xe4, 0x01, 0x00, 0x00, 0x00, 0x71, 0x20, 0x00, 0x00, 0x20, 0x00, 0x00, 0x00, 0x56, // @......q .. ...V
	0xb0, 0x0d, 0x97, 0xef, 0x3c, 0xbe, 0x10, 0x50, 0x45, 0x41, 0x44, 0xa5, 0x03, 0x0c, 0x25, 0x61, // ....<..PEAD...%a
	0x00, 0x02, 0xe6, 0x17, 0xb7, 0x6d, 0x07, 0xd2, 0x70, 0xf9, 0xce, 0xe3, 0x0b, 0x11, 0x01, 0x4c, // .....m..p......L
	0x44, 0x08, 0x34, 0xc3, 0x42, 0x58, 0xc0, 0x34, 0x5c, 0xbe, 0xf3, 0xf8, 0x8b, 0x03, 0x0c, 0x62, // D.4.BX.4.......b
	0xf3, 0x50, 0x93, 0x5f, 0xdc, 0xb6, 0x0d, 0x54, 0xc3, 0xe5, 0x3b, 0x8f, 0x2f, 0x01, 0xcc, 0xb3, // .P._...T..;./...
	0x10, 0x25, 0x51, 0x11, 0x8b, 0x5f, 0xdc, 0xb6, 0x09, 0x54, 0xc3, 0xe5, 0x3b, 0x8f, 0x2f, 0x4d, // .%Q.._...T..;./M
	0x4e, 0x44, 0xa0, 0xd4, 0xf4, 0x50, 0x93, 0x5f, 0xdc, 0xb6, 0x19, 0x48, 0xc3, 0xe5, 0x3b, 0x8f, // ND...P._...H..;.
	0x3f, 0x11, 0xd1, 0x84, 0x00, 0x11, 0xe6, 0x17, 0xb7, 0x6d, 0x04, 0xcf, 0x70, 0xf9, 0xce, 0xe3, // ?........m..p...
	0x53, 0x0d, 0x10, 0x61, 0x7e, 0x71, 0xdb, 0x06, 0x40, 0x30, 0x00, 0xd2, 0x00, 0x00, 0x00, 0x61, // S..a~q..@0.....a
	0x20, 0x00, 0x00, 0x69, 0x01, 0x00, 0x00, 0x13, 0x04, 0x4e, 0x2c, 0x10, 0x00, 0x00, 0x00, 0x41, //  ..i.....N,....A
	0x00, 0x00, 0x00, 0x64, 0x8d, 0x00, 0x50, 0x51, 0x02, 0x44, 0x14, 0x5f, 0xd9, 0x95, 0x43, 0xc9, // ...d..PQ.D._..C.
	0x95, 0xc2, 0x0c, 0x40, 0x71, 0x95, 0x4b, 0xa9, 0xd0, 0x30, 0x46, 0x00, 0x82, 0xec, 0x9e, 0x86, // ...@q.K..0F.....
	0xc1, 0x08, 0xc0, 0x0c, 0xc0, 0x18, 0x01, 0x08, 0x82, 0x20, 0xfc, 0x8d, 0x11, 0x80, 0x20, 0x08, // ......... .... .
	0xf2, 0xdf, 0x18, 0x01, 0x08, 0x82, 0xa0, 0x08, 0x06, 0x63, 0x04, 0x38, 0xed, 0x9a, 0xed, 0x37, // .........c.8...7
	0x46, 0x70, 0x87, 0xa5, 0xbb, 0x7e, 0x63, 0x04, 0x3c, 0x19, 0xc7, 0xe3, 0x37, 0x46, 0xd0, 0xde, // Fp...~c.<...7F..
	0xf1, 0x5c, 0x7e, 0x63, 0x04, 0x77, 0x58, 0xba, 0xf3, 0x37, 0x46, 0xd0, 0x8f, 0xf4, 0x99, 0x7b, // ..~c.wX..7F....{
	0x63, 0x04, 0x61, 0x8c, 0xf3, 0xa9, 0x37, 0x46, 0xf0, 0xde, 0x26, 0xfa, 0x7b, 0x63, 0x04, 0x61, // c.a...7F..&.{c.a
	0x1e, 0x9b, 0xf7, 0x37, 0x46, 0xa0, 0xe7, 0xee, 0xdd, 0x7f, 0x63, 0x04, 0xfc, 0x6c, 0xb2, 0xeb, // ...7F.....c..l..
	0x2f, 0x8c, 0x11, 0xe8, 0xa9, 0x3b, 0xa2, 0xbf, 0x30, 0x46, 0x40, 0xfb, 0x6a, 0x2d, 0xff, 0xc2, // /....;..0F@.j-..
	0x18, 0xc1, 0x6e, 0xea, 0x3d, 0xff, 0x8d, 0x11, 0xc4, 0xe7, 0x2a, 0xa2, 0xde, 0x18, 0x41, 0xcb, // ..n.=.....*...A.
	0x82, 0x61, 0xea, 0x8d, 0x11, 0xe8, 0x21, 0xeb, 0xcb, 0xbe, 0x30, 0x46, 0xb0, 0xb6, 0xab, 0x78, // .a....!...0F...x
	0x7f, 0x63, 0x04, 0x37, 0xde, 0x8e, 0x2d, 0x37, 0x46, 0x00, 0x82, 0x20, 0x88, 0x7f, 0x63, 0x04, // .c.7..-7F.. ..c.
	0x20, 0x08, 0xae, 0x39, 0x18, 0x8c, 0x11, 0x80, 0x20, 0xc8, 0xd6, 0xdf, 0x18, 0x01, 0x08, 0xd2, //  ..9.... .......
	0x6d, 0x0e, 0x06, 0x63, 0x04, 0x20, 0x88, 0x9a, 0xe2, 0x37, 0x46, 0xe0, 0xf6, 0xb1, 0x68, 0xfb, // m..c. ...7F...h.
	0xc2, 0x18, 0x41, 0x1f, 0x8b, 0x2e, 0xfe, 0x8d, 0x11, 0xd4, 0x6a, 0xad, 0xb6, 0xdf, 0x18, 0x81, // ..A.......j.....
	0x2c, 0xba, 0x3d, 0x0d, 0x06, 0x63, 0x04, 0x3c, 0xbc, 0xea, 0x74, 0x37, 0x46, 0xd0, 0x9a, 0x73, // ,.=..c.<..t7F..s
	0x0e, 0x82, 0x01, 0x00, 0x00, 0x00, 0x00, 0x23, 0x06, 0x09, 0x00, 0x82, 0x60, 0x70, 0x91, 0x82, // .......#....`p..
	0x1a, 0xd8, 0x81, 0x28, 0x88, 0xc2, 0x1b, 0x8c, 0x18, 0x24, 0x00, 0x08, 0x82, 0xc1, 0x55, 0x0a, // ...(.....$....U.
	0x6b, 0x90, 0x07, 0xa3, 0x30, 0x0a, 0x70, 0x30, 0x62, 0x90, 0x00, 0x20, 0x08, 0x06, 0x97, 0x29, // k...0.p0b.. ...)
	0xb0, 0xc1, 0x1d, 0x90, 0x02, 0x29, 0xc4, 0xc1, 0x88, 0x41, 0x02, 0x80, 0x20, 0x18, 0x18, 0xad, // .....)...A.. ...
	0x20, 0x0a, 0x7d, 0x50, 0x0a, 0x79, 0xb0, 0x06, 0x23, 0x06, 0x09, 0x00, 0x82, 0x60, 0x60, 0xb8, //  .}P.y..#....``.
	0xc2, 0x28, 0xf8, 0x81, 0x29, 0xc8, 0x01, 0x1b, 0x8c, 0x18, 0x24, 0x00, 0x08, 0x82, 0x81, 0xf1, // .(..).....$.....
	0x0a, 0xa4, 0x80, 0x0a, 0xa7, 0xb0, 0x07, 0x6d, 0x30, 0x62, 0x90, 0x00, 0x20, 0x08, 0x06, 0x06, // .......m0b.. ...
	0x2c, 0x94, 0x42, 0x2a, 0xa0, 0x02, 0x1d, 0xb8, 0xc1, 0x88, 0x41, 0x02, 0x80, 0x20, 0x18, 0x18, // ,.B*......A.. ..
	0xb1, 0x60, 0x0a, 0xaa, 0x90, 0x0a, 0x7c, 0xf0, 0x06, 0x23, 0x06, 0x09, 0x00, 0x82, 0x60, 0x60, // .`....|..#....``
	0xc8, 0xc2, 0x29, 0xac, 0x82, 0x2a, 0x80, 0x02, 0x1c, 0x8c, 0x18, 0x1c, 0x00, 0x08, 0x82, 0x81, // ..)..*..........
	0xf4, 0x0a, 0x75, 0x70, 0xac, 0xc2, 0x68, 0x42, 0x00, 0x8c, 0x26, 0x08, 0xc1, 0x88, 0xc1, 0x03, // ..up..hB..&.....
	0x80, 0x20, 0x18, 0x34, 0xb4, 0x90, 0x07, 0xcc, 0x92, 0x20, 0x81, 0x1b, 0xb8, 0x82, 0x2b, 0xb8, // . .4..... ....+.
	0x82, 0x30, 0x9a, 0x10, 0x00, 0xa3, 0x09, 0x42, 0x30, 0x9a, 0x30, 0x08, 0xa3, 0x09, 0xc4, 0x30, // .0.....B0.0....0
	0x9a, 0x80, 0x08, 0x23, 0x06, 0x06, 0x00, 0x82, 0x60, 0xf0, 0xe4, 0x82, 0x2c, 0x14, 0x23, 0x06, // ...#....`...,.#.
	0x06, 0x00, 0x82, 0x60, 0xf0, 0xe8, 0xc2, 0x2c, 0x14, 0x23, 0x06, 0x06, 0x00, 0x82, 0x60, 0xf0, // ...`...,.#....`.
	0xec, 0x02, 0x2d, 0x14, 0x23, 0x06, 0x06, 0x00, 0x82, 0x60, 0xf0, 0xf0, 0xc2, 0x1e, 0x0c, 0x23, // ..-.#....`.....#
	0x06, 0x06, 0x00, 0x82, 0x60, 0xf0, 0xf4, 0x02, 0x1f, 0x0c, 0x23, 0x06, 0x06, 0x00, 0x82, 0x60, // ....`.....#....`
	0xf0, 0xf8, 0x42, 0x1f, 0x0c, 0x36, 0x64, 0xf2, 0xb1, 0x41, 0x93, 0x8f, 0x0d, 0x9b, 0x7c, 0x46, // ..B..6d..A....|F
	0x0c, 0x0c, 0x00, 0x04, 0xc1, 0xe0, 0x11, 0x07, 0x50, 0x18, 0x46, 0x0c, 0x0c, 0x00, 0x04, 0xc1, // ........P.F.....
	0xe0, 0x19, 0x87, 0x50, 0x18, 0x46, 0x0c, 0x0c, 0x00, 0x04, 0xc1, 0xe0, 0x21, 0x07, 0x51, 0x18, // ...P.F......!.Q.
	0x2c, 0x1a, 0xe2, 0x63, 0xd1, 0x10, 0x1f, 0x8b, 0x86, 0xf8, 0xd8, 0x00, 0xc9, 0xc7, 0x86, 0x48, // ,..c...........H
	0x3e, 0x36, 0x48, 0xf2, 0xb1, 0x21, 0x81, 0x8f, 0x0d, 0x09, 0x7c, 0x6c, 0x48, 0xe0, 0x33, 0x9a, // >6H..!....|lH.3.
	0xe0, 0x0d, 0x23, 0x06, 0x06, 0x00, 0x82, 0x60, 0xf0, 0xbc, 0x43, 0x2b, 0x04, 0x56, 0x90, 0x81, // ..#....`..C+.V..
	0x7c, 0x2c, 0x10, 0xe4, 0x63, 0x43, 0x19, 0xc8, 0xc7, 0x82, 0x43, 0x3e, 0x56, 0x98, 0x81, 0x7c, // |,..cC....C>V..|
	0x2c, 0x40, 0xe4, 0x63, 0xdf, 0x19, 0xc8, 0x67, 0xc4, 0xe0, 0x00, 0x40, 0x10, 0x0c, 0x24, 0x7b, // ,@.c...g...@..${
	0xe0, 0x05, 0x37, 0x98, 0x87, 0xd1, 0x84, 0x20, 0x18, 0x4d, 0x10, 0x80, 0xe1, 0x88, 0x80, 0x16, // ..7.... .M......
	0x88, 0x6f, 0x96, 0x21, 0x50, 0x82, 0x11, 0x03, 0x03, 0x00, 0x41, 0x30, 0x78, 0xf6, 0xe1, 0x17, // .o.!P.....A0x...
	0x94, 0x11, 0x03, 0x03, 0x00, 0x41, 0x30, 0x78, 0xf8, 0x01, 0x1c, 0x92, 0x11, 0x03, 0x03, 0x00, // .....A0x........
	0x41, 0x30, 0x78, 0xfa, 0x21, 0x1c, 0x90, 0xe1, 0x88, 0x21, 0x0f, 0x94, 0x6f, 0x96, 0x61, 0x10, // A0x.!....!..o.a.
	0x02, 0x23, 0xf6, 0x40, 0x3e, 0xb3, 0x04, 0xc4, 0x88, 0x81, 0x01, 0x80, 0x20, 0x18, 0x3c, 0x20, // .#.@>....... .< 
	0xf1, 0x0b, 0x85, 0x05, 0x7e, 0x20, 0x9f, 0x11, 0x03, 0x03, 0x00, 0x41, 0x30, 0x78, 0x44, 0x02, // ....~ .....A0xD.
	0x1c, 0x02, 0x0b, 0x42, 0x41, 0x3e, 0x16, 0x8c, 0x02, 0x7c, 0x66, 0x09, 0x88, 0x81, 0x8a, 0x81, // ...BA>...|f.....
	0x11, 0x84, 0x61, 0x38, 0x42, 0x09, 0x05, 0xe5, 0x9b, 0x65, 0x30, 0x8a, 0xc0, 0x96, 0x51, 0x90, // ..a8B....e0...Q.
	0xcf, 0x2c, 0xc1, 0x31, 0x62, 0x60, 0x00, 0x20, 0x08, 0x06, 0x0f, 0x4a, 0x9c, 0x03, 0x63, 0x81, // .,.1b`. ...J..c.
	0x29, 0xc8, 0x67, 0xc4, 0xc0, 0x00, 0x40, 0x10, 0x0c, 0x1e, 0x95, 0x40, 0x87, 0xc0, 0x82, 0x54, // ).g...@....@...T
	0x90, 0x8f, 0x05, 0xab, 0x00, 0x9f, 0x59, 0x82, 0x63, 0xa0, 0x62, 0x60, 0x0a, 0xc1, 0x18, 0x8e, // ......Y.c.b`....
	0x88, 0x52, 0x41, 0xf9, 0x66, 0x19, 0x12, 0x24, 0x30, 0x69, 0x15, 0xe4, 0x33, 0x4b, 0xd0, 0x8c, // .RA.f..$0i..3K..
	0x18, 0x18, 0x00, 0x08, 0x82, 0xc1, 0x03, 0x13, 0xef, 0x30, 0x59, 0xe0, 0x0a, 0xf2, 0x19, 0x31, // .........0Y....1
	0x30, 0x00, 0x10, 0x04, 0x83, 0x47, 0x26, 0xe0, 0x21, 0xb0, 0x20, 0x16, 0xe4, 0x63, 0xc1, 0x2c, // 0....G&.!. ..c.,
	0xc0, 0x67, 0x96, 0xa0, 0x19, 0x8e, 0xe0, 0xdc, 0x81, 0xf8, 0x66, 0x19, 0x9a, 0x25, 0x18, 0x8e, // .g........f..%..
	0xe8, 0xdc, 0x81, 0xf8, 0x66, 0x19, 0x98, 0x26, 0x30, 0x33, 0x70, 0x07, 0xf9, 0x8c, 0x18, 0x20, // ....f..&03p.... 
	0x00, 0x08, 0x82, 0x01, 0x65, 0x13, 0xf8, 0xe0, 0x0e, 0x65, 0x10, 0x8c, 0x18, 0x20, 0x00, 0x08, // ....e....e... ..
	0x82, 0x01, 0x75, 0x13, 0xf9, 0xe0, 0x0e, 0x64, 0x10, 0x58, 0x1a, 0xb8, 0x83, 0x7c, 0x46, 0x0c, // ..u....d.X...|F.
	0x10, 0x00, 0x04, 0xc1, 0x80, 0xca, 0x89, 0x7d, 0x70, 0x07, 0x34, 0x08, 0x46, 0x0c, 0x10, 0x00, // .......}p.4.F...
	0x04, 0xc1, 0x80, 0xd2, 0x09, 0x7e, 0x70, 0x87, 0x33, 0x08, 0x8c, 0x0d, 0xdc, 0x41, 0x3e, 0x23, // .....~p.3....A>#
	0x06, 0x08, 0x00, 0x82, 0x60, 0x40, 0xf1, 0x84, 0x3f, 0xb8, 0xc3, 0x1a, 0x04, 0x23, 0x06, 0x08, // ....`@..?....#..
	0x00, 0x82, 0x60, 0x40, 0xf5, 0xc4, 0x3f, 0xb8, 0x83, 0x1a, 0x04, 0x76, 0xb8, 0x83, 0x7c, 0x46, // ..`@..?....v..|F
	0x0c, 0x10, 0x00, 0x04, 0xc1, 0x80, 0xfa, 0x89, 0x90, 0x70, 0x87, 0x22, 0x18, 0x31, 0x40, 0x00, // .........p.".1@.
	0x10, 0x04, 0x03, 0x0a, 0x2c, 0x44, 0xc2, 0x1d, 0x86, 0xc0, 0x14, 0x77, 0x90, 0xcf, 0x88, 0x01, // ....,D.....w....
	0x02, 0x80, 0x20, 0x18, 0x50, 0x62, 0x41, 0x12, 0xee, 0x80, 0x04, 0x23, 0x06, 0x08, 0x00, 0x82, // .. .PbA....#....
	0x60, 0x40, 0x8d, 0x45, 0x49, 0xb8, 0x83, 0x11, 0x58, 0xe3, 0x0e, 0xf2, 0x19, 0x31, 0x40, 0x00, // `@.EI...X....1@.
	0x10, 0x04, 0x03, 0xaa, 0x2c, 0x4e, 0xc2, 0x1d, 0x96, 0x60, 0xc4, 0x00, 0x01, 0x40, 0x10, 0x0c, // ....,N...`...@..
	0x28, 0xb3, 0x40, 0x09, 0x77, 0x48, 0x02, 0x8b, 0x03, 0x77, 0x90, 0x8f, 0x21, 0x81, 0x7c, 0xcc, // (.@.wH...w..!.|.
	0x10, 0xe4, 0x63, 0xc4, 0x20, 0x9f, 0x11, 0x03, 0x03, 0x00, 0x41, 0x30, 0x78, 0xda, 0x82, 0x25, // ..c. .....A0x..%
	0x86, 0x11, 0x03, 0x03, 0x00, 0x41, 0x30, 0x78, 0xdc, 0xa2, 0x25, 0x86, 0x11, 0x03, 0x03, 0x00, // .....A0x..%.....
	0x41, 0x30, 0x78, 0xde, 0xc2, 0x25, 0x06, 0x1b, 0xe0, 0x41, 0x3e, 0x36, 0xc4, 0x83, 0x7c, 0x6c, // A0x..%...A>6..|l
	0x90, 0x07, 0xf9, 0x8c, 0x18, 0x18, 0x00, 0x08, 0x82, 0xc1, 0x33, 0x17, 0x31, 0x31, 0x8c, 0x18, // ..........3.11..
	0x18, 0x00, 0x08, 0x82, 0xc1, 0x43, 0x17, 0x32, 0x31, 0x8c, 0x18, 0x18, 0x00, 0x08, 0x82, 0xc1, // .....C.21.......
	0x53, 0x17, 0x33, 0x31, 0xd8, 0x70, 0x0f, 0xf2, 0xb1, 0x01, 0x1f, 0xe4, 0x63, 0x43, 0x3e, 0xc8, // S.31.p......cC>.
	0xc7, 0x86, 0x7d, 0x80, 0x8f, 0x0d, 0xfc, 0x00, 0x1f, 0x1b, 0xfa, 0x01, 0x3e, 0x96, 0xfc, 0x83, // ..}.........>...
	0x7c, 0x2c, 0x01, 0x09, 0xf9, 0x58, 0x12, 0x12, 0xf2, 0xb1, 0x61, 0x24, 0xe0, 0x63, 0x03, 0x49, // |,...X....a$.c.I
	0xc0, 0xc7, 0x86, 0x92, 0x80, 0x8f, 0x25, 0x03, 0x7d, 0x2c, 0x19, 0xe8, 0x63, 0xc9, 0x40, 0x9f, // ......%.},..c.@.
	0x11, 0x03, 0x03, 0x00, 0x41, 0x30, 0x78, 0x4a, 0x83, 0x2c, 0x86, 0x11, 0x03, 0x03, 0x00, 0x41, // ....A0xJ.,.....A
	0x30, 0x78, 0x4c, 0xa3, 0x2c, 0x86, 0x11, 0x03, 0x03, 0x00, 0x41, 0x30, 0x78, 0x4e, 0xc3, 0x2c, // 0xL.,.....A0xN.,
	0x06, 0x1b, 0xca, 0x42, 0x3e, 0x36, 0x98, 0x85, 0x7c, 0x6c, 0x38, 0x0b, 0xf9, 0x8c, 0x18, 0x18, // ...B>6..|l8.....
	0x00, 0x08, 0x82, 0xc1, 0xb3, 0x1a, 0x69, 0x31, 0x8c, 0x18, 0x18, 0x00, 0x08, 0x82, 0xc1, 0xc3, // ......i1........
	0x1a, 0x6a, 0x31, 0x8c, 0x18, 0x18, 0x00, 0x08, 0x82, 0xc1, 0xd3, 0x1a, 0x6b, 0x31, 0xcc, 0x12, // .j1.........k1..
	0x34, 0x03, 0x2d, 0x83, 0xc1, 0xd0, 0xca, 0x22, 0x13, 0x89, 0x4c, 0x20, 0x7a, 0xa1, 0x0c, 0xb4, // 4.-...."..L z...
	0x0c, 0x06, 0x63, 0x2b, 0x0b, 0x49, 0x24, 0x24, 0x81, 0xe0, 0x85, 0x32, 0xd0, 0x32, 0x18, 0x0c, // ..c+.I$$...2.2..
	0xae, 0x2c, 0xf8, 0x90, 0x88, 0x04, 0x62, 0x17, 0xca, 0x88, 0x41, 0x02, 0x80, 0x20, 0x18, 0x20, // .,....b...A.. . 
	0xb3, 0x31, 0x17, 0xac, 0xc1, 0x1a, 0xa0, 0x31, 0x8c, 0x18, 0x24, 0x00, 0x08, 0x82, 0x01, 0x32, // .1.....1..$....2
	0x1b, 0x73, 0xc1, 0x1a, 0xac, 0x81, 0x17, 0xc2, 0x88, 0x41, 0x02, 0x80, 0x20, 0x18, 0x20, 0xb3, // .s.......A.. . .
	0x31, 0x17, 0xac, 0xc1, 0x1a, 0x7f, 0x11, 0x8c, 0x18, 0x24, 0x00, 0x08, 0x82, 0x01, 0x32, 0x1b, // 1........$....2.
	0x73, 0xc1, 0x1a, 0xac, 0x21, 0x1a, 0xbb, 0x80, 0x00, 0x00, 0x00, 0x00, 0x00, 0x00, 0x00, 0x00, // s...!...........
	0x00, 0x20, 0x00,                                                                               // . .
};
static const uint8_t fs_texture_3d_mtl[4081] =
{
	0x46, 0x53, 0x48, 0x0c, 0x01, 0x83, 0xf2, 0xe1, 0x00, 0x00, 0x00, 0x00, 0x00, 0x00, 0x00, 0x00, // FSH.............
	0x00, 0x00, 0x00, 0x00, 0x05, 0x00, 0x09, 0x75, 0x5f, 0x70, 0x61, 0x72, 0x61, 0x6d, 0x73, 0x30, // .......u_params0
	0x12, 0x01, 0x00, 0x00, 0x01, 0x00, 0x00, 0x00, 0x00, 0x00, 0x11, 0x73, 0x5f, 0x74, 0x65, 0x78, // ...........s_tex
	0x43, 0x6f, 0x6c, 0x6f, 0x72, 0x53, 0x61, 0x6d, 0x70, 0x6c, 0x65, 0x72, 0x11, 0x01, 0xff, 0xff, // ColorSampler....
	0x01, 0x00, 0x00, 0x00, 0x00, 0x00, 0x11, 0x73, 0x5f, 0x74, 0x65, 0x78, 0x43, 0x6f, 0x6c, 0x6f, // .......s_texColo
	0x72, 0x54, 0x65, 0x78, 0x74, 0x75, 0x72, 0x65, 0x11, 0x01, 0xff, 0xff, 0x01, 0x00, 0x00, 0x00, // rTexture........
	0x00, 0x00, 0x09, 0x75, 0x5f, 0x70, 0x61, 0x72, 0x61, 0x6d, 0x73, 0x31, 0x12, 0x01, 0x10, 0x00, // ...u_params1....
	0x01, 0x00, 0x00, 0x00, 0x00, 0x00, 0x0a, 0x73, 0x5f, 0x74, 0x65, 0x78, 0x43, 0x6f, 0x6c, 0x6f, // .......s_texColo
	0x72, 0x10, 0x00, 0x00, 0x00, 0x00, 0x00, 0x00, 0x06, 0x00, 0x00, 0x5e, 0x0f, 0x00, 0x00, 0x23, // r..........^...#
	0x69, 0x6e, 0x63, 0x6c, 0x75, 0x64, 0x65, 0x20, 0x3c, 0x6d, 0x65, 0x74, 0x61, 0x6c, 0x5f, 0x73, // include <metal_s
	0x74, 0x64, 0x6c, 0x69, 0x62, 0x3e, 0x0a, 0x23, 0x69, 0x6e, 0x63, 0x6c, 0x75, 0x64, 0x65, 0x20, // tdlib>.#include 
	0x3c, 0x73, 0x69, 0x6d, 0x64, 0x2f, 0x73, 0x69, 0x6d, 0x64, 0x2e, 0x68, 0x3e, 0x0a, 0x0a, 0x75, // <simd/simd.h>..u
	0x73, 0x69, 0x6e, 0x67, 0x20, 0x6e, 0x61, 0x6d, 0x65, 0x73, 0x70, 0x61, 0x63, 0x65, 0x20, 0x6d, // sing namespace m
	0x65, 0x74, 0x61, 0x6c, 0x3b, 0x0a, 0x0a, 0x73, 0x74, 0x72, 0x75, 0x63, 0x74, 0x20, 0x5f, 0x47, // etal;..struct _G
	0x6c, 0x6f, 0x62, 0x61, 0x6c, 0x0a, 0x7b, 0x0a, 0x20, 0x20, 0x20, 0x20, 0x66, 0x6c, 0x6f, 0x61, // lobal.{.    floa
	0x74, 0x34, 0x20, 0x75, 0x5f, 0x70, 0x61, 0x72, 0x61, 0x6d, 0x73, 0x30, 0x3b, 0x0a, 0x20, 0x20, // t4 u_params0;.  
	0x20, 0x20, 0x66, 0x6c, 0x6f, 0x61, 0x74, 0x34, 0x20, 0x75, 0x5f, 0x70, 0x61, 0x72, 0x61, 0x6d, //   float4 u_param
	0x73, 0x31, 0x3b, 0x0a, 0x7d, 0x3b, 0x0a, 0x0a, 0x73, 0x74, 0x72, 0x75, 0x63, 0x74, 0x20, 0x78, // s1;.};..struct x
	0x6c, 0x61, 0x74, 0x4d, 0x74, 0x6c, 0x4d, 0x61, 0x69, 0x6e, 0x5f, 0x6f, 0x75, 0x74, 0x0a, 0x7b, // latMtlMain_out.{
	0x0a, 0x20, 0x20, 0x20, 0x20, 0x66, 0x6c, 0x6f, 0x61, 0x74, 0x34, 0x20, 0x62, 0x67, 0x66, 0x78, // .    float4 bgfx
	0x5f, 0x46, 0x72, 0x61, 0x67, 0x44, 0x61, 0x74, 0x61, 0x30, 0x20, 0x5b, 0x5b, 0x63, 0x6f, 0x6c, // _FragData0 [[col
	0x6f, 0x72, 0x28, 0x30, 0x29, 0x5d, 0x5d, 0x3b, 0x0a, 0x7d, 0x3b, 0x0a, 0x0a, 0x73, 0x74, 0x72, // or(0)]];.};..str
	0x75, 0x63, 0x74, 0x20, 0x78, 0x6c, 0x61, 0x74, 0x4d, 0x74, 0x6c, 0x4d, 0x61, 0x69, 0x6e, 0x5f, // uct xlatMtlMain_
	0x69, 0x6e, 0x0a, 0x7b, 0x0a, 0x20, 0x20, 0x20, 0x20, 0x66, 0x6c, 0x6f, 0x61, 0x74, 0x34, 0x20, // in.{.    float4 
	0x76, 0x5f, 0x63, 0x6f, 0x6c, 0x6f, 0x72, 0x30, 0x20, 0x5b, 0x5b, 0x75, 0x73, 0x65, 0x72, 0x28, // v_color0 [[user(
	0x6c, 0x6f, 0x63, 0x6e, 0x30, 0x29, 0x5d, 0x5d, 0x3b, 0x0a, 0x20, 0x20, 0x20, 0x20, 0x66, 0x6c, // locn0)]];.    fl
	0x6f, 0x61, 0x74, 0x33, 0x20, 0x76, 0x5f, 0x74, 0x65, 0x78, 0x63, 0x6f, 0x6f, 0x72, 0x64, 0x30, // oat3 v_texcoord0
	0x20, 0x5b, 0x5b, 0x75, 0x73, 0x65, 0x72, 0x28, 0x6c, 0x6f, 0x63, 0x6e, 0x31, 0x29, 0x5d, 0x5d, //  [[user(locn1)]]
	0x3b, 0x0a, 0x7d, 0x3b, 0x0a, 0x0a, 0x66, 0x72, 0x61, 0x67, 0x6d, 0x65, 0x6e, 0x74, 0x20, 0x78, // ;.};..fragment x
	0x6c, 0x61, 0x74, 0x4d, 0x74, 0x6c, 0x4d, 0x61, 0x69, 0x6e, 0x5f, 0x6f, 0x75, 0x74, 0x20, 0x78, // latMtlMain_out x
	0x6c, 0x61, 0x74, 0x4d, 0x74, 0x6c, 0x4d, 0x61, 0x69, 0x6e, 0x28, 0x78, 0x6c, 0x61, 0x74, 0x4d, // latMtlMain(xlatM
	0x74, 0x6c, 0x4d, 0x61, 0x69, 0x6e, 0x5f, 0x69, 0x6e, 0x20, 0x69, 0x6e, 0x20, 0x5b, 0x5b, 0x73, // tlMain_in in [[s
	0x74, 0x61, 0x67, 0x65, 0x5f, 0x69, 0x6e, 0x5d, 0x5d, 0x2c, 0x20, 0x63, 0x6f, 0x6e, 0x73, 0x74, // tage_in]], const
	0x61, 0x6e, 0x74, 0x20, 0x5f, 0x47, 0x6c, 0x6f, 0x62, 0x61, 0x6c, 0x26, 0x20, 0x5f, 0x6d, 0x74, // ant _Global& _mt
	0x6c, 0x5f, 0x75, 0x20, 0x5b, 0x5b, 0x62, 0x75, 0x66, 0x66, 0x65, 0x72, 0x28, 0x30, 0x29, 0x5d, // l_u [[buffer(0)]
	0x5d, 0x2c, 0x20, 0x74, 0x65, 0x78, 0x74, 0x75, 0x72, 0x65, 0x33, 0x64, 0x3c, 0x66, 0x6c, 0x6f, // ], texture3d<flo
	0x61, 0x74, 0x3e, 0x20, 0x73, 0x5f, 0x74, 0x65, 0x78, 0x43, 0x6f, 0x6c, 0x6f, 0x72, 0x20, 0x5b, // at> s_texColor [
	0x5b, 0x74, 0x65, 0x78, 0x74, 0x75, 0x72, 0x65, 0x28, 0x30, 0x29, 0x5d, 0x5d, 0x2c, 0x20, 0x73, // [texture(0)]], s
	0x61, 0x6d, 0x70, 0x6c, 0x65, 0x72, 0x20, 0x73, 0x5f, 0x74, 0x65, 0x78, 0x43, 0x6f, 0x6c, 0x6f, // ampler s_texColo
	0x72, 0x53, 0x61, 0x6d, 0x70, 0x6c, 0x65, 0x72, 0x20, 0x5b, 0x5b, 0x73, 0x61, 0x6d, 0x70, 0x6c, // rSampler [[sampl
	0x65, 0x72, 0x28, 0x30, 0x29, 0x5d, 0x5d, 0x29, 0x0a, 0x7b, 0x0a, 0x20, 0x20, 0x20, 0x20, 0x78, // er(0)]]).{.    x
	0x6c, 0x61, 0x74, 0x4d, 0x74, 0x6c, 0x4d, 0x61, 0x69, 0x6e, 0x5f, 0x6f, 0x75, 0x74, 0x20, 0x6f, // latMtlMain_out o
	0x75, 0x74, 0x20, 0x3d, 0x20, 0x7b, 0x7d, 0x3b, 0x0a, 0x20, 0x20, 0x20, 0x20, 0x66, 0x6c, 0x6f, // ut = {};.    flo
	0x61, 0x74, 0x34, 0x20, 0x5f, 0x34, 0x36, 0x32, 0x20, 0x3d, 0x20, 0x73, 0x5f, 0x74, 0x65, 0x78, // at4 _462 = s_tex
	0x43, 0x6f, 0x6c, 0x6f, 0x72, 0x2e, 0x73, 0x61, 0x6d, 0x70, 0x6c, 0x65, 0x28, 0x73, 0x5f, 0x74, // Color.sample(s_t
	0x65, 0x78, 0x43, 0x6f, 0x6c, 0x6f, 0x72, 0x53, 0x61, 0x6d, 0x70, 0x6c, 0x65, 0x72, 0x2c, 0x20, // exColorSampler, 
	0x66, 0x6c, 0x6f, 0x61, 0x74, 0x33, 0x28, 0x69, 0x6e, 0x2e, 0x76, 0x5f, 0x74, 0x65, 0x78, 0x63, // float3(in.v_texc
	0x6f, 0x6f, 0x72, 0x64, 0x30, 0x2e, 0x78, 0x79, 0x2c, 0x20, 0x5f, 0x6d, 0x74, 0x6c, 0x5f, 0x75, // oord0.xy, _mtl_u
	0x2e, 0x75, 0x5f, 0x70, 0x61, 0x72, 0x61, 0x6d, 0x73, 0x30, 0x2e, 0x79, 0x29, 0x2c, 0x20, 0x6c, // .u_params0.y), l
	0x65, 0x76, 0x65, 0x6c, 0x28, 0x5f, 0x6d, 0x74, 0x6c, 0x5f, 0x75, 0x2e, 0x75, 0x5f, 0x70, 0x61, // evel(_mtl_u.u_pa
	0x72, 0x61, 0x6d, 0x73, 0x30, 0x2e, 0x78, 0x29, 0x29, 0x3b, 0x0a, 0x20, 0x20, 0x20, 0x20, 0x66, // rams0.x));.    f
	0x6c, 0x6f, 0x61, 0x74, 0x33, 0x20, 0x5f, 0x34, 0x33, 0x32, 0x20, 0x3d, 0x20, 0x5f, 0x34, 0x36, // loat3 _432 = _46
	0x32, 0x2e, 0x78, 0x79, 0x7a, 0x3b, 0x0a, 0x20, 0x20, 0x20, 0x20, 0x66, 0x6c, 0x6f, 0x61, 0x74, // 2.xyz;.    float
	0x33, 0x20, 0x5f, 0x34, 0x38, 0x31, 0x20, 0x3d, 0x20, 0x6d, 0x69, 0x78, 0x28, 0x70, 0x6f, 0x77, // 3 _481 = mix(pow
	0x72, 0x28, 0x61, 0x62, 0x73, 0x28, 0x5f, 0x34, 0x33, 0x32, 0x29, 0x2c, 0x20, 0x66, 0x6c, 0x6f, // r(abs(_432), flo
	0x61, 0x74, 0x33, 0x28, 0x32, 0x2e, 0x32, 0x30, 0x30, 0x30, 0x30, 0x30, 0x30, 0x34, 0x37, 0x36, // at3(2.2000000476
	0x38, 0x33, 0x37, 0x31, 0x35, 0x38, 0x32, 0x30, 0x33, 0x31, 0x32, 0x35, 0x29, 0x29, 0x2c, 0x20, // 837158203125)), 
	0x5f, 0x34, 0x33, 0x32, 0x2c, 0x20, 0x66, 0x6c, 0x6f, 0x61, 0x74, 0x33, 0x28, 0x5f, 0x6d, 0x74, // _432, float3(_mt
	0x6c, 0x5f, 0x75, 0x2e, 0x75, 0x5f, 0x70, 0x61, 0x72, 0x61, 0x6d, 0x73, 0x30, 0x2e, 0x7a, 0x29, // l_u.u_params0.z)
	0x29, 0x20, 0x2a, 0x20, 0x70, 0x6f, 0x77, 0x72, 0x28, 0x32, 0x2e, 0x30, 0x2c, 0x20, 0x5f, 0x6d, // ) * powr(2.0, _m
	0x74, 0x6c, 0x5f, 0x75, 0x2e, 0x75, 0x5f, 0x70, 0x61, 0x72, 0x61, 0x6d, 0x73, 0x30, 0x2e, 0x77, // tl_u.u_params0.w
	0x29, 0x3b, 0x0a, 0x20, 0x20, 0x20, 0x20, 0x66, 0x6c, 0x6f, 0x61, 0x74, 0x34, 0x20, 0x5f, 0x36, // );.    float4 _6
	0x38, 0x34, 0x20, 0x3d, 0x20, 0x5f, 0x34, 0x36, 0x32, 0x3b, 0x0a, 0x20, 0x20, 0x20, 0x20, 0x5f, // 84 = _462;.    _
	0x36, 0x38, 0x34, 0x2e, 0x78, 0x20, 0x3d, 0x20, 0x5f, 0x34, 0x38, 0x31, 0x2e, 0x78, 0x3b, 0x0a, // 684.x = _481.x;.
	0x20, 0x20, 0x20, 0x20, 0x5f, 0x36, 0x38, 0x34, 0x2e, 0x79, 0x20, 0x3d, 0x20, 0x5f, 0x34, 0x38, //     _684.y = _48
	0x31, 0x2e, 0x79, 0x3b, 0x0a, 0x20, 0x20, 0x20, 0x20, 0x5f, 0x36, 0x38, 0x34, 0x2e, 0x7a, 0x20, // 1.y;.    _684.z 
	0x3d, 0x20, 0x5f, 0x34, 0x38, 0x31, 0x2e, 0x7a, 0x3b, 0x0a, 0x20, 0x20, 0x20, 0x20, 0x66, 0x6c, // = _481.z;.    fl
	0x6f, 0x61, 0x74, 0x34, 0x20, 0x5f, 0x34, 0x34, 0x32, 0x20, 0x3d, 0x20, 0x5f, 0x36, 0x38, 0x34, // oat4 _442 = _684
	0x20, 0x2a, 0x20, 0x69, 0x6e, 0x2e, 0x76, 0x5f, 0x63, 0x6f, 0x6c, 0x6f, 0x72, 0x30, 0x3b, 0x0a, //  * in.v_color0;.
	0x20, 0x20, 0x20, 0x20, 0x66, 0x6c, 0x6f, 0x61, 0x74, 0x33, 0x20, 0x5f, 0x37, 0x31, 0x32, 0x3b, //     float3 _712;
	0x0a, 0x20, 0x20, 0x20, 0x20, 0x69, 0x66, 0x20, 0x28, 0x5f, 0x6d, 0x74, 0x6c, 0x5f, 0x75, 0x2e, // .    if (_mtl_u.
	0x75, 0x5f, 0x70, 0x61, 0x72, 0x61, 0x6d, 0x73, 0x31, 0x2e, 0x78, 0x20, 0x3c, 0x20, 0x30, 0x2e, // u_params1.x < 0.
	0x35, 0x29, 0x0a, 0x20, 0x20, 0x20, 0x20, 0x7b, 0x0a, 0x20, 0x20, 0x20, 0x20, 0x20, 0x20, 0x20, // 5).    {.       
	0x20, 0x66, 0x6c, 0x6f, 0x61, 0x74, 0x33, 0x20, 0x5f, 0x35, 0x31, 0x36, 0x20, 0x3d, 0x20, 0x66, //  float3 _516 = f
	0x61, 0x73, 0x74, 0x3a, 0x3a, 0x63, 0x6c, 0x61, 0x6d, 0x70, 0x28, 0x5f, 0x34, 0x34, 0x32, 0x2e, // ast::clamp(_442.
	0x78, 0x79, 0x7a, 0x2c, 0x20, 0x66, 0x6c, 0x6f, 0x61, 0x74, 0x33, 0x28, 0x30, 0x2e, 0x30, 0x29, // xyz, float3(0.0)
	0x2c, 0x20, 0x66, 0x6c, 0x6f, 0x61, 0x74, 0x33, 0x28, 0x31, 0x2e, 0x30, 0x29, 0x29, 0x3b, 0x0a, // , float3(1.0));.
	0x20, 0x20, 0x20, 0x20, 0x20, 0x20, 0x20, 0x20, 0x66, 0x6c, 0x6f, 0x61, 0x74, 0x20, 0x5f, 0x35, //         float _5
	0x35, 0x37, 0x20, 0x3d, 0x20, 0x5f, 0x35, 0x31, 0x36, 0x2e, 0x78, 0x3b, 0x0a, 0x20, 0x20, 0x20, // 57 = _516.x;.   
	0x20, 0x20, 0x20, 0x20, 0x20, 0x66, 0x6c, 0x6f, 0x61, 0x74, 0x20, 0x5f, 0x37, 0x30, 0x36, 0x3b, //      float _706;
	0x0a, 0x20, 0x20, 0x20, 0x20, 0x20, 0x20, 0x20, 0x20, 0x64, 0x6f, 0x0a, 0x20, 0x20, 0x20, 0x20, // .        do.    
	0x20, 0x20, 0x20, 0x20, 0x7b, 0x0a, 0x20, 0x20, 0x20, 0x20, 0x20, 0x20, 0x20, 0x20, 0x20, 0x20, //     {.          
	0x20, 0x20, 0x69, 0x66, 0x20, 0x28, 0x5f, 0x35, 0x35, 0x37, 0x20, 0x3c, 0x3d, 0x20, 0x30, 0x2e, //   if (_557 <= 0.
	0x30, 0x30, 0x33, 0x31, 0x33, 0x30, 0x38, 0x30, 0x30, 0x30, 0x39, 0x30, 0x37, 0x33, 0x30, 0x31, // 0031308000907301
	0x39, 0x30, 0x32, 0x37, 0x37, 0x30, 0x39, 0x39, 0x36, 0x30, 0x39, 0x33, 0x37, 0x35, 0x29, 0x0a, // 90277099609375).
	0x20, 0x20, 0x20, 0x20, 0x20, 0x20, 0x20, 0x20, 0x20, 0x20, 0x20, 0x20, 0x7b, 0x0a, 0x20, 0x20, //             {.  
	0x20, 0x20, 0x20, 0x20, 0x20, 0x20, 0x20, 0x20, 0x20, 0x20, 0x20, 0x20, 0x20, 0x20, 0x5f, 0x37, //               _7
	0x30, 0x36, 0x20, 0x3d, 0x20, 0x31, 0x32, 0x2e, 0x39, 0x32, 0x30, 0x30, 0x30, 0x30, 0x30, 0x37, // 06 = 12.92000007
	0x36, 0x32, 0x39, 0x33, 0x39, 0x34, 0x35, 0x33, 0x31, 0x32, 0x35, 0x20, 0x2a, 0x20, 0x5f, 0x35, // 62939453125 * _5
	0x35, 0x37, 0x3b, 0x0a, 0x20, 0x20, 0x20, 0x20, 0x20, 0x20, 0x20, 0x20, 0x20, 0x20, 0x20, 0x20, // 57;.            
	0x20, 0x20, 0x20, 0x20, 0x62, 0x72, 0x65, 0x61, 0x6b, 0x3b, 0x0a, 0x20, 0x20, 0x20, 0x20, 0x20, //     break;.     
	0x20, 0x20, 0x20, 0x20, 0x20, 0x20, 0x20, 0x7d, 0x0a, 0x20, 0x20, 0x20, 0x20, 0x20, 0x20, 0x20, //        }.       
	0x20, 0x20, 0x20, 0x20, 0x20, 0x65, 0x6c, 0x73, 0x65, 0x0a, 0x20, 0x20, 0x20, 0x20, 0x20, 0x20, //      else.      
	0x20, 0x20, 0x20, 0x20, 0x20, 0x20, 0x7b, 0x0a, 0x20, 0x20, 0x20, 0x20, 0x20, 0x20, 0x20, 0x20, //       {.        
	0x20, 0x20, 0x20, 0x20, 0x20, 0x20, 0x20, 0x20, 0x5f, 0x37, 0x30, 0x36, 0x20, 0x3d, 0x20, 0x28, //         _706 = (
	0x31, 0x2e, 0x30, 0x35, 0x34, 0x39, 0x39, 0x39, 0x39, 0x34, 0x37, 0x35, 0x34, 0x37, 0x39, 0x31, // 1.05499994754791
	0x32, 0x35, 0x39, 0x37, 0x36, 0x35, 0x36, 0x32, 0x35, 0x20, 0x2a, 0x20, 0x70, 0x6f, 0x77, 0x72, // 259765625 * powr
	0x28, 0x5f, 0x35, 0x35, 0x37, 0x2c, 0x20, 0x30, 0x2e, 0x34, 0x31, 0x36, 0x36, 0x36, 0x36, 0x36, // (_557, 0.4166666
	0x35, 0x36, 0x37, 0x33, 0x32, 0x35, 0x35, 0x39, 0x32, 0x30, 0x34, 0x31, 0x30, 0x31, 0x35, 0x36, // 5673255920410156
	0x32, 0x35, 0x29, 0x29, 0x20, 0x2d, 0x20, 0x30, 0x2e, 0x30, 0x35, 0x34, 0x39, 0x39, 0x39, 0x39, // 25)) - 0.0549999
	0x39, 0x39, 0x37, 0x30, 0x31, 0x39, 0x37, 0x36, 0x37, 0x37, 0x36, 0x31, 0x32, 0x33, 0x30, 0x34, // 9970197677612304
	0x36, 0x38, 0x37, 0x35, 0x3b, 0x0a, 0x20, 0x20, 0x20, 0x20, 0x20, 0x20, 0x20, 0x20, 0x20, 0x20, // 6875;.          
	0x20, 0x20, 0x20, 0x20, 0x20, 0x20, 0x62, 0x72, 0x65, 0x61, 0x6b, 0x3b, 0x0a, 0x20, 0x20, 0x20, //       break;.   
	0x20, 0x20, 0x20, 0x20, 0x20, 0x20, 0x20, 0x20, 0x20, 0x7d, 0x0a, 0x20, 0x20, 0x20, 0x20, 0x20, //          }.     
	0x20, 0x20, 0x20, 0x20, 0x20, 0x20, 0x20, 0x62, 0x72, 0x65, 0x61, 0x6b, 0x3b, 0x20, 0x2f, 0x2f, //        break; //
	0x20, 0x75, 0x6e, 0x72, 0x65, 0x61, 0x63, 0x68, 0x61, 0x62, 0x6c, 0x65, 0x20, 0x77, 0x6f, 0x72, //  unreachable wor
	0x6b, 0x61, 0x72, 0x6f, 0x75, 0x6e, 0x64, 0x0a, 0x20, 0x20, 0x20, 0x20, 0x20, 0x20, 0x20, 0x20, // karound.        
	0x7d, 0x20, 0x77, 0x68, 0x69, 0x6c, 0x65, 0x28, 0x66, 0x61, 0x6c, 0x73, 0x65, 0x29, 0x3b, 0x0a, // } while(false);.
	0x20, 0x20, 0x20, 0x20, 0x20, 0x20, 0x20, 0x20, 0x66, 0x6c, 0x6f, 0x61, 0x74, 0x20, 0x5f, 0x35, //         float _5
	0x36, 0x31, 0x20, 0x3d, 0x20, 0x5f, 0x35, 0x31, 0x36, 0x2e, 0x79, 0x3b, 0x0a, 0x20, 0x20, 0x20, // 61 = _516.y;.   
	0x20, 0x20, 0x20, 0x20, 0x20, 0x66, 0x6c, 0x6f, 0x61, 0x74, 0x20, 0x5f, 0x37, 0x30, 0x38, 0x3b, //      float _708;
	0x0a, 0x20, 0x20, 0x20, 0x20, 0x20, 0x20, 0x20, 0x20, 0x64, 0x6f, 0x0a, 0x20, 0x20, 0x20, 0x20, // .        do.    
	0x20, 0x20, 0x20, 0x20, 0x7b, 0x0a, 0x20, 0x20, 0x20, 0x20, 0x20, 0x20, 0x20, 0x20, 0x20, 0x20, //     {.          
	0x20, 0x20, 0x69, 0x66, 0x20, 0x28, 0x5f, 0x35, 0x36, 0x31, 0x20, 0x3c, 0x3d, 0x20, 0x30, 0x2e, //   if (_561 <= 0.
	0x30, 0x30, 0x33, 0x31, 0x33, 0x30, 0x38, 0x30, 0x30, 0x30, 0x39, 0x30, 0x37, 0x33, 0x30, 0x31, // 0031308000907301
	0x39, 0x30, 0x32, 0x37, 0x37, 0x30, 0x39, 0x39, 0x36, 0x30, 0x39, 0x33, 0x37, 0x35, 0x29, 0x0a, // 90277099609375).
	0x20, 0x20, 0x20, 0x20, 0x20, 0x20, 0x20, 0x20, 0x20, 0x20, 0x20, 0x20, 0x7b, 0x0a, 0x20, 0x20, //             {.  
	0x20, 0x20, 0x20, 0x20, 0x20, 0x20, 0x20, 0x20, 0x20, 0x20, 0x20, 0x20, 0x20, 0x20, 0x5f, 0x37, //               _7
	0x30, 0x38, 0x20, 0x3d, 0x20, 0x31, 0x32, 0x2e, 0x39, 0x32, 0x30, 0x30, 0x30, 0x30, 0x30, 0x37, // 08 = 12.92000007
	0x36, 0x32, 0x39, 0x33, 0x39, 0x34, 0x35, 0x33, 0x31, 0x32, 0x35, 0x20, 0x2a, 0x20, 0x5f, 0x35, // 62939453125 * _5
	0x36, 0x31, 0x3b, 0x0a, 0x20, 0x20, 0x20, 0x20, 0x20, 0x20, 0x20, 0x20, 0x20, 0x20, 0x20, 0x20, // 61;.            
	0x20, 0x20, 0x20, 0x20, 0x62, 0x72, 0x65, 0x61, 0x6b, 0x3b, 0x0a, 0x20, 0x20, 0x20, 0x20, 0x20, //     break;.     
	0x20, 0x20, 0x20, 0x20, 0x20, 0x20, 0x20, 0x7d, 0x0a, 0x20, 0x20, 0x20, 0x20, 0x20, 0x20, 0x20, //        }.       
	0x20, 0x20, 0x20, 0x20, 0x20, 0x65, 0x6c, 0x73, 0x65, 0x0a, 0x20, 0x20, 0x20, 0x20, 0x20, 0x20, //      else.      
	0x20, 0x20, 0x20, 0x20, 0x20, 0x20, 0x7b, 0x0a, 0x20, 0x20, 0x20, 0x20, 0x20, 0x20, 0x20, 0x20, //       {.        
	0x20, 0x20, 0x20, 0x20, 0x20, 0x20, 0x20, 0x20, 0x5f, 0x37, 0x30, 0x38, 0x20, 0x3d, 0x20, 0x28, //         _708 = (
	0x31, 0x2e, 0x30, 0x35, 0x34, 0x39, 0x39, 0x39, 0x39, 0x34, 0x37, 0x35, 0x34, 0x37, 0x39, 0x31, // 1.05499994754791
	0x32, 0x35, 0x39, 0x37, 0x36, 0x35, 0x36, 0x32, 0x35, 0x20, 0x2a, 0x20, 0x70, 0x6f, 0x77, 0x72, // 259765625 * powr
	0x28, 0x5f, 0x35, 0x36, 0x31, 0x2c, 0x20, 0x30, 0x2e, 0x34, 0x31, 0x36, 0x36, 0x36, 0x36, 0x36, // (_561, 0.4166666
	0x35, 0x36, 0x37, 0x33, 0x32, 0x35, 0x35, 0x39, 0x32, 0x30, 0x34, 0x31, 0x30, 0x31, 0x35, 0x36, // 5673255920410156
	0x32, 0x35, 0x29, 0x29, 0x20, 0x2d, 0x20, 0x30, 0x2e, 0x30, 0x35, 0x34, 0x39, 0x39, 0x39, 0x39, // 25)) - 0.0549999
	0x39, 0x39, 0x37, 0x30, 0x31, 0x39, 0x37, 0x36, 0x37, 0x37, 0x36, 0x31, 0x32, 0x33, 0x30, 0x34, // 9970197677612304
	0x36, 0x38, 0x37, 0x35, 0x3b, 0x0a, 0x20, 0x20, 0x20, 0x20, 0x20, 0x20, 0x20, 0x20, 0x20, 0x20, // 6875;.          
	0x20, 0x20, 0x20, 0x20, 0x20, 0x20, 0x62, 0x72, 0x65, 0x61, 0x6b, 0x3b, 0x0a, 0x20, 0x20, 0x20, //       break;.   
	0x20, 0x20, 0x20, 0x20, 0x20, 0x20, 0x20, 0x20, 0x20, 0x7d, 0x0a, 0x20, 0x20, 0x20, 0x20, 0x20, //          }.     
	0x20, 0x20, 0x20, 0x20, 0x20, 0x20, 0x20, 0x62, 0x72, 0x65, 0x61, 0x6b, 0x3b, 0x20, 0x2f, 0x2f, //        break; //
	0x20, 0x75, 0x6e, 0x72, 0x65, 0x61, 0x63, 0x68, 0x61, 0x62, 0x6c, 0x65, 0x20, 0x77, 0x6f, 0x72, //  unreachable wor
	0x6b, 0x61, 0x72, 0x6f, 0x75, 0x6e, 0x64, 0x0a, 0x20, 0x20, 0x20, 0x20, 0x20, 0x20, 0x20, 0x20, // karound.        
	0x7d, 0x20, 0x77, 0x68, 0x69, 0x6c, 0x65, 0x28, 0x66, 0x61, 0x6c, 0x73, 0x65, 0x29, 0x3b, 0x0a, // } while(false);.
	0x20, 0x20, 0x20, 0x20, 0x20, 0x20, 0x20, 0x20, 0x66, 0x6c, 0x6f, 0x61, 0x74, 0x20, 0x5f, 0x35, //         float _5
	0x36, 0x35, 0x20, 0x3d, 0x20, 0x5f, 0x35, 0x31, 0x36, 0x2e, 0x7a, 0x3b, 0x0a, 0x20, 0x20, 0x20, // 65 = _516.z;.   
	0x20, 0x20, 0x20, 0x20, 0x20, 0x66, 0x6c, 0x6f, 0x61, 0x74, 0x20, 0x5f, 0x37, 0x31, 0x30, 0x3b, //      float _710;
	0x0a, 0x20, 0x20, 0x20, 0x20, 0x20, 0x20, 0x20, 0x20, 0x64, 0x6f, 0x0a, 0x20, 0x20, 0x20, 0x20, // .        do.    
	0x20, 0x20, 0x20, 0x20, 0x7b, 0x0a, 0x20, 0x20, 0x20, 0x20, 0x20, 0x20, 0x20, 0x20, 0x20, 0x20, //     {.          
	0x20, 0x20, 0x69, 0x66, 0x20, 0x28, 0x5f, 0x35, 0x36, 0x35, 0x20, 0x3c, 0x3d, 0x20, 0x30, 0x2e, //   if (_565 <= 0.
	0x30, 0x30, 0x33, 0x31, 0x33, 0x30, 0x38, 0x30, 0x30, 0x30, 0x39, 0x30, 0x37, 0x33, 0x30, 0x31, // 0031308000907301
	0x39, 0x30, 0x32, 0x37, 0x37, 0x30, 0x39, 0x39, 0x36, 0x30, 0x39, 0x33, 0x37, 0x35, 0x29, 0x0a, // 90277099609375).
	0x20, 0x20, 0x20, 0x20, 0x20, 0x20, 0x20, 0x20, 0x20, 0x20, 0x20, 0x20, 0x7b, 0x0a, 0x20, 0x20, //             {.  
	0x20, 0x20, 0x20, 0x20, 0x20, 0x20, 0x20, 0x20, 0x20, 0x20, 0x20, 0x20, 0x20, 0x20, 0x5f, 0x37, //               _7
	0x31, 0x30, 0x20, 0x3d, 0x20, 0x31, 0x32, 0x2e, 0x39, 0x32, 0x30, 0x30, 0x30, 0x30, 0x30, 0x37, // 10 = 12.92000007
	0x36, 0x32, 0x39, 0x33, 0x39, 0x34, 0x35, 0x33, 0x31, 0x32, 0x35, 0x20, 0x2a, 0x20, 0x5f, 0x35, // 62939453125 * _5
	0x36, 0x35, 0x3b, 0x0a, 0x20, 0x20, 0x20, 0x20, 0x20, 0x20, 0x20, 0x20, 0x20, 0x20, 0x20, 0x20, // 65;.            
	0x20, 0x20, 0x20, 0x20, 0x62, 0x72, 0x65, 0x61, 0x6b, 0x3b, 0x0a, 0x20, 0x20, 0x20, 0x20, 0x20, //     break;.     
	0x20, 0x20, 0x20, 0x20, 0x20, 0x20, 0x20, 0x7d, 0x0a, 0x20, 0x20, 0x20, 0x20, 0x20, 0x20, 0x20, //        }.       
	0x20, 0x20, 0x20, 0x20, 0x20, 0x65, 0x6c, 0x73, 0x65, 0x0a, 0x20, 0x20, 0x20, 0x20, 0x20, 0x20, //      else.      
	0x20, 0x20, 0x20, 0x20, 0x20, 0x20, 0x7b, 0x0a, 0x20, 0x20, 0x20, 0x20, 0x20, 0x20, 0x20, 0x20, //       {.        
	0x20, 0x20, 0x20, 0x20, 0x20, 0x20, 0x20, 0x20, 0x5f, 0x37, 0x31, 0x30, 0x20, 0x3d, 0x20, 0x28, //         _710 = (
	0x31, 0x2e, 0x30, 0x35, 0x34, 0x39, 0x39, 0x39, 0x39, 0x34, 0x37, 0x35, 0x34, 0x37, 0x39, 0x31, // 1.05499994754791
	0x32, 0x35, 0x39, 0x37, 0x36, 0x35, 0x36, 0x32, 0x35, 0x20, 0x2a, 0x20, 0x70, 0x6f, 0x77, 0x72, // 259765625 * powr
	0x28, 0x5f, 0x35, 0x36, 0x35, 0x2c, 0x20, 0x30, 0x2e, 0x34, 0x31, 0x36, 0x36, 0x36, 0x36, 0x36, // (_565, 0.4166666
	0x35, 0x36, 0x37, 0x33, 0x32, 0x35, 0x35, 0x39, 0x32, 0x30, 0x34, 0x31, 0x30, 0x31, 0x35, 0x36, // 5673255920410156
	0x32, 0x35, 0x29, 0x29, 0x20, 0x2d, 0x20, 0x30, 0x2e, 0x30, 0x35, 0x34, 0x39, 0x39, 0x39, 0x39, // 25)) - 0.0549999
	0x39, 0x39, 0x37, 0x30, 0x31, 0x39, 0x37, 0x36, 0x37, 0x37, 0x36, 0x31, 0x32, 0x33, 0x30, 0x34, // 9970197677612304
	0x36, 0x38, 0x37, 0x35, 0x3b, 0x0a, 0x20, 0x20, 0x20, 0x20, 0x20, 0x20, 0x20, 0x20, 0x20, 0x20, // 6875;.          
	0x20, 0x20, 0x20, 0x20, 0x20, 0x20, 0x62, 0x72, 0x65, 0x61, 0x6b, 0x3b, 0x0a, 0x20, 0x20, 0x20, //       break;.   
	0x20, 0x20, 0x20, 0x20, 0x20, 0x20, 0x20, 0x20, 0x20, 0x7d, 0x0a, 0x20, 0x20, 0x20, 0x20, 0x20, //          }.     
	0x20, 0x20, 0x20, 0x20, 0x20, 0x20, 0x20, 0x62, 0x72, 0x65, 0x61, 0x6b, 0x3b, 0x20, 0x2f, 0x2f, //        break; //
	0x20, 0x75, 0x6e, 0x72, 0x65, 0x61, 0x63, 0x68, 0x61, 0x62, 0x6c, 0x65, 0x20, 0x77, 0x6f, 0x72, //  unreachable wor
	0x6b, 0x61, 0x72, 0x6f, 0x75, 0x6e, 0x64, 0x0a, 0x20, 0x20, 0x20, 0x20, 0x20, 0x20, 0x20, 0x20, // karound.        
	0x7d, 0x20, 0x77, 0x68, 0x69, 0x6c, 0x65, 0x28, 0x66, 0x61, 0x6c, 0x73, 0x65, 0x29, 0x3b, 0x0a, // } while(false);.
	0x20, 0x20, 0x20, 0x20, 0x20, 0x20, 0x20, 0x20, 0x5f, 0x37, 0x31, 0x32, 0x20, 0x3d, 0x20, 0x66, //         _712 = f
	0x6c, 0x6f, 0x61, 0x74, 0x33, 0x28, 0x5f, 0x37, 0x30, 0x36, 0x2c, 0x20, 0x5f, 0x37, 0x30, 0x38, // loat3(_706, _708
	0x2c, 0x20, 0x5f, 0x37, 0x31, 0x30, 0x29, 0x3b, 0x0a, 0x20, 0x20, 0x20, 0x20, 0x7d, 0x0a, 0x20, // , _710);.    }. 
	0x20, 0x20, 0x20, 0x65, 0x6c, 0x73, 0x65, 0x0a, 0x20, 0x20, 0x20, 0x20, 0x7b, 0x0a, 0x20, 0x20, //    else.    {.  
	0x20, 0x20, 0x20, 0x20, 0x20, 0x20, 0x66, 0x6c, 0x6f, 0x61, 0x74, 0x33, 0x20, 0x5f, 0x37, 0x31, //       float3 _71
	0x33, 0x3b, 0x0a, 0x20, 0x20, 0x20, 0x20, 0x20, 0x20, 0x20, 0x20, 0x69, 0x66, 0x20, 0x28, 0x5f, // 3;.        if (_
	0x6d, 0x74, 0x6c, 0x5f, 0x75, 0x2e, 0x75, 0x5f, 0x70, 0x61, 0x72, 0x61, 0x6d, 0x73, 0x31, 0x2e, // mtl_u.u_params1.
	0x78, 0x20, 0x3c, 0x20, 0x31, 0x2e, 0x35, 0x29, 0x0a, 0x20, 0x20, 0x20, 0x20, 0x20, 0x20, 0x20, // x < 1.5).       
	0x20, 0x7b, 0x0a, 0x20, 0x20, 0x20, 0x20, 0x20, 0x20, 0x20, 0x20, 0x20, 0x20, 0x20, 0x20, 0x5f, //  {.            _
	0x37, 0x31, 0x33, 0x20, 0x3d, 0x20, 0x5f, 0x34, 0x34, 0x32, 0x2e, 0x78, 0x79, 0x7a, 0x3b, 0x0a, // 713 = _442.xyz;.
	0x20, 0x20, 0x20, 0x20, 0x20, 0x20, 0x20, 0x20, 0x7d, 0x0a, 0x20, 0x20, 0x20, 0x20, 0x20, 0x20, //         }.      
	0x20, 0x20, 0x65, 0x6c, 0x73, 0x65, 0x0a, 0x20, 0x20, 0x20, 0x20, 0x20, 0x20, 0x20, 0x20, 0x7b, //   else.        {
	0x0a, 0x20, 0x20, 0x20, 0x20, 0x20, 0x20, 0x20, 0x20, 0x20, 0x20, 0x20, 0x20, 0x66, 0x6c, 0x6f, // .            flo
	0x61, 0x74, 0x33, 0x20, 0x5f, 0x37, 0x31, 0x34, 0x3b, 0x0a, 0x20, 0x20, 0x20, 0x20, 0x20, 0x20, // at3 _714;.      
	0x20, 0x20, 0x20, 0x20, 0x20, 0x20, 0x69, 0x66, 0x20, 0x28, 0x5f, 0x6d, 0x74, 0x6c, 0x5f, 0x75, //       if (_mtl_u
	0x2e, 0x75, 0x5f, 0x70, 0x61, 0x72, 0x61, 0x6d, 0x73, 0x31, 0x2e, 0x78, 0x20, 0x3c, 0x20, 0x32, // .u_params1.x < 2
	0x2e, 0x35, 0x29, 0x0a, 0x20, 0x20, 0x20, 0x20, 0x20, 0x20, 0x20, 0x20, 0x20, 0x20, 0x20, 0x20, // .5).            
	0x7b, 0x0a, 0x20, 0x20, 0x20, 0x20, 0x20, 0x20, 0x20, 0x20, 0x20, 0x20, 0x20, 0x20, 0x20, 0x20, // {.              
	0x20, 0x20, 0x66, 0x6c, 0x6f, 0x61, 0x74, 0x33, 0x20, 0x5f, 0x36, 0x35, 0x30, 0x20, 0x3d, 0x20, //   float3 _650 = 
	0x70, 0x6f, 0x77, 0x72, 0x28, 0x28, 0x28, 0x28, 0x5f, 0x34, 0x34, 0x32, 0x2e, 0x78, 0x79, 0x7a, // powr((((_442.xyz
	0x20, 0x2a, 0x20, 0x66, 0x6c, 0x6f, 0x61, 0x74, 0x33, 0x78, 0x33, 0x28, 0x66, 0x6c, 0x6f, 0x61, //  * float3x3(floa
	0x74, 0x33, 0x28, 0x30, 0x2e, 0x34, 0x31, 0x32, 0x35, 0x35, 0x36, 0x34, 0x30, 0x39, 0x38, 0x33, // t3(0.41255640983
	0x35, 0x38, 0x31, 0x35, 0x34, 0x32, 0x39, 0x36, 0x38, 0x37, 0x35, 0x2c, 0x20, 0x30, 0x2e, 0x33, // 58154296875, 0.3
	0x35, 0x37, 0x35, 0x37, 0x36, 0x31, 0x30, 0x32, 0x30, 0x31, 0x38, 0x33, 0x35, 0x36, 0x33, 0x32, // 5757610201835632
	0x33, 0x32, 0x34, 0x32, 0x31, 0x38, 0x37, 0x35, 0x2c, 0x20, 0x30, 0x2e, 0x31, 0x38, 0x30, 0x34, // 32421875, 0.1804
	0x33, 0x37, 0x35, 0x30, 0x35, 0x32, 0x34, 0x35, 0x32, 0x30, 0x38, 0x37, 0x34, 0x30, 0x32, 0x33, // 3750524520874023
	0x34, 0x33, 0x37, 0x35, 0x29, 0x2c, 0x20, 0x66, 0x6c, 0x6f, 0x61, 0x74, 0x33, 0x28, 0x30, 0x2e, // 4375), float3(0.
	0x32, 0x31, 0x32, 0x36, 0x37, 0x32, 0x39, 0x30, 0x34, 0x31, 0x33, 0x33, 0x37, 0x39, 0x36, 0x36, // 2126729041337966
	0x39, 0x31, 0x38, 0x39, 0x34, 0x35, 0x33, 0x31, 0x32, 0x35, 0x2c, 0x20, 0x30, 0x2e, 0x37, 0x31, // 9189453125, 0.71
	0x35, 0x31, 0x35, 0x32, 0x32, 0x30, 0x34, 0x30, 0x33, 0x36, 0x37, 0x31, 0x32, 0x36, 0x34, 0x36, // 5152204036712646
	0x34, 0x38, 0x34, 0x33, 0x37, 0x35, 0x2c, 0x20, 0x30, 0x2e, 0x30, 0x37, 0x32, 0x31, 0x37, 0x35, // 484375, 0.072175
	0x30, 0x30, 0x33, 0x35, 0x38, 0x38, 0x31, 0x39, 0x39, 0x36, 0x31, 0x35, 0x34, 0x37, 0x38, 0x35, // 0035881996154785
	0x31, 0x35, 0x36, 0x32, 0x35, 0x29, 0x2c, 0x20, 0x66, 0x6c, 0x6f, 0x61, 0x74, 0x33, 0x28, 0x30, // 15625), float3(0
	0x2e, 0x30, 0x31, 0x39, 0x33, 0x33, 0x33, 0x39, 0x30, 0x30, 0x38, 0x38, 0x33, 0x37, 0x39, 0x33, // .019333900883793
	0x38, 0x33, 0x30, 0x38, 0x37, 0x31, 0x35, 0x38, 0x32, 0x30, 0x33, 0x31, 0x32, 0x35, 0x2c, 0x20, // 83087158203125, 
	0x30, 0x2e, 0x31, 0x31, 0x39, 0x31, 0x39, 0x31, 0x39, 0x39, 0x36, 0x37, 0x35, 0x33, 0x32, 0x31, // 0.11919199675321
	0x35, 0x37, 0x38, 0x39, 0x37, 0x39, 0x34, 0x39, 0x32, 0x31, 0x38, 0x37, 0x35, 0x2c, 0x20, 0x30, // 5789794921875, 0
	0x2e, 0x39, 0x35, 0x30, 0x33, 0x30, 0x34, 0x30, 0x39, 0x30, 0x39, 0x37, 0x36, 0x37, 0x31, 0x35, // .950304090976715
	0x30, 0x38, 0x37, 0x38, 0x39, 0x30, 0x36, 0x32, 0x35, 0x29, 0x29, 0x29, 0x20, 0x2a, 0x20, 0x66, // 087890625))) * f
	0x6c, 0x6f, 0x61, 0x74, 0x33, 0x78, 0x33, 0x28, 0x66, 0x6c, 0x6f, 0x61, 0x74, 0x33, 0x28, 0x31, // loat3x3(float3(1
	0x2e, 0x37, 0x31, 0x36, 0x36, 0x35, 0x31, 0x32, 0x30, 0x31, 0x32, 0x34, 0x38, 0x31, 0x36, 0x38, // .716651201248168
	0x39, 0x34, 0x35, 0x33, 0x31, 0x32, 0x35, 0x2c, 0x20, 0x2d, 0x30, 0x2e, 0x33, 0x35, 0x35, 0x36, // 9453125, -0.3556
	0x37, 0x30, 0x38, 0x30, 0x39, 0x37, 0x34, 0x35, 0x37, 0x38, 0x38, 0x35, 0x37, 0x34, 0x32, 0x31, // 7080974578857421
	0x38, 0x37, 0x35, 0x2c, 0x20, 0x2d, 0x30, 0x2e, 0x32, 0x35, 0x33, 0x33, 0x36, 0x36, 0x32, 0x39, // 875, -0.25336629
	0x31, 0x35, 0x32, 0x32, 0x39, 0x37, 0x39, 0x37, 0x33, 0x36, 0x33, 0x32, 0x38, 0x31, 0x32, 0x35, // 1522979736328125
	0x29, 0x2c, 0x20, 0x66, 0x6c, 0x6f, 0x61, 0x74, 0x33, 0x28, 0x2d, 0x30, 0x2e, 0x36, 0x36, 0x36, // ), float3(-0.666
	0x36, 0x38, 0x34, 0x33, 0x38, 0x39, 0x31, 0x31, 0x34, 0x33, 0x37, 0x39, 0x38, 0x38, 0x32, 0x38, // 6843891143798828
	0x31, 0x32, 0x35, 0x2c, 0x20, 0x31, 0x2e, 0x36, 0x31, 0x36, 0x34, 0x38, 0x31, 0x31, 0x38, 0x34, // 125, 1.616481184
	0x39, 0x35, 0x39, 0x34, 0x31, 0x31, 0x36, 0x32, 0x31, 0x30, 0x39, 0x33, 0x37, 0x35, 0x2c, 0x20, // 95941162109375, 
	0x30, 0x2e, 0x30, 0x31, 0x35, 0x37, 0x36, 0x38, 0x35, 0x30, 0x30, 0x30, 0x34, 0x34, 0x39, 0x34, // 0.01576850004494
	0x31, 0x39, 0x30, 0x32, 0x31, 0x36, 0x30, 0x36, 0x34, 0x34, 0x35, 0x33, 0x31, 0x32, 0x35, 0x29, // 190216064453125)
	0x2c, 0x20, 0x66, 0x6c, 0x6f, 0x61, 0x74, 0x33, 0x28, 0x30, 0x2e, 0x30, 0x31, 0x37, 0x36, 0x33, // , float3(0.01763
	0x39, 0x38, 0x39, 0x39, 0x36, 0x32, 0x36, 0x33, 0x37, 0x34, 0x32, 0x34, 0x34, 0x36, 0x38, 0x39, // 9899626374244689
	0x39, 0x34, 0x31, 0x34, 0x30, 0x36, 0x32, 0x35, 0x2c, 0x20, 0x2d, 0x30, 0x2e, 0x30, 0x34, 0x32, // 94140625, -0.042
	0x37, 0x37, 0x30, 0x36, 0x30, 0x31, 0x38, 0x30, 0x39, 0x30, 0x32, 0x34, 0x38, 0x31, 0x30, 0x37, // 7706018090248107
	0x39, 0x31, 0x30, 0x31, 0x35, 0x36, 0x32, 0x35, 0x2c, 0x20, 0x30, 0x2e, 0x39, 0x34, 0x32, 0x31, // 91015625, 0.9421
	0x30, 0x33, 0x30, 0x38, 0x37, 0x39, 0x30, 0x32, 0x30, 0x36, 0x39, 0x30, 0x39, 0x31, 0x37, 0x39, // 0308790206909179
	0x36, 0x38, 0x37, 0x35, 0x29, 0x29, 0x29, 0x20, 0x2a, 0x20, 0x5f, 0x6d, 0x74, 0x6c, 0x5f, 0x75, // 6875))) * _mtl_u
	0x2e, 0x75, 0x5f, 0x70, 0x61, 0x72, 0x61, 0x6d, 0x73, 0x31, 0x2e, 0x79, 0x29, 0x20, 0x2a, 0x20, // .u_params1.y) * 
	0x39, 0x2e, 0x39, 0x39, 0x39, 0x39, 0x39, 0x39, 0x37, 0x34, 0x37, 0x33, 0x37, 0x38, 0x37, 0x35, // 9.99999974737875
	0x31, 0x36, 0x33, 0x35, 0x35, 0x35, 0x31, 0x34, 0x35, 0x32, 0x36, 0x33, 0x36, 0x37, 0x31, 0x38, // 1635551452636718
	0x38, 0x65, 0x2d, 0x30, 0x35, 0x2c, 0x20, 0x66, 0x6c, 0x6f, 0x61, 0x74, 0x33, 0x28, 0x30, 0x2e, // 8e-05, float3(0.
	0x31, 0x35, 0x39, 0x33, 0x30, 0x31, 0x37, 0x35, 0x37, 0x38, 0x31, 0x32, 0x35, 0x29, 0x29, 0x3b, // 1593017578125));
	0x0a, 0x20, 0x20, 0x20, 0x20, 0x20, 0x20, 0x20, 0x20, 0x20, 0x20, 0x20, 0x20, 0x20, 0x20, 0x20, // .               
	0x20, 0x5f, 0x37, 0x31, 0x34, 0x20, 0x3d, 0x20, 0x70, 0x6f, 0x77, 0x72, 0x28, 0x28, 0x66, 0x6c, //  _714 = powr((fl
	0x6f, 0x61, 0x74, 0x33, 0x28, 0x30, 0x2e, 0x38, 0x33, 0x35, 0x39, 0x33, 0x37, 0x35, 0x29, 0x20, // oat3(0.8359375) 
	0x2b, 0x20, 0x28, 0x5f, 0x36, 0x35, 0x30, 0x20, 0x2a, 0x20, 0x31, 0x38, 0x2e, 0x38, 0x35, 0x31, // + (_650 * 18.851
	0x35, 0x36, 0x32, 0x35, 0x29, 0x29, 0x20, 0x2f, 0x20, 0x28, 0x66, 0x6c, 0x6f, 0x61, 0x74, 0x33, // 5625)) / (float3
	0x28, 0x31, 0x2e, 0x30, 0x29, 0x20, 0x2b, 0x20, 0x28, 0x5f, 0x36, 0x35, 0x30, 0x20, 0x2a, 0x20, // (1.0) + (_650 * 
	0x31, 0x38, 0x2e, 0x36, 0x38, 0x37, 0x35, 0x29, 0x29, 0x2c, 0x20, 0x66, 0x6c, 0x6f, 0x61, 0x74, // 18.6875)), float
	0x33, 0x28, 0x37, 0x38, 0x2e, 0x38, 0x34, 0x33, 0x37, 0x35, 0x29, 0x29, 0x3b, 0x0a, 0x20, 0x20, // 3(78.84375));.  
	0x20, 0x20, 0x20, 0x20, 0x20, 0x20, 0x20, 0x20, 0x20, 0x20, 0x7d, 0x0a, 0x20, 0x20, 0x20, 0x20, //           }.    
	0x20, 0x20, 0x20, 0x20, 0x20, 0x20, 0x20, 0x20, 0x65, 0x6c, 0x73, 0x65, 0x0a, 0x20, 0x20, 0x20, //         else.   
	0x20, 0x20, 0x20, 0x20, 0x20, 0x20, 0x20, 0x20, 0x20, 0x7b, 0x0a, 0x20, 0x20, 0x20, 0x20, 0x20, //          {.     
	0x20, 0x20, 0x20, 0x20, 0x20, 0x20, 0x20, 0x20, 0x20, 0x20, 0x20, 0x5f, 0x37, 0x31, 0x34, 0x20, //            _714 
	0x3d, 0x20, 0x66, 0x6c, 0x6f, 0x61, 0x74, 0x33, 0x28, 0x30, 0x2e, 0x30, 0x29, 0x3b, 0x0a, 0x20, // = float3(0.0);. 
	0x20, 0x20, 0x20, 0x20, 0x20, 0x20, 0x20, 0x20, 0x20, 0x20, 0x20, 0x7d, 0x0a, 0x20, 0x20, 0x20, //            }.   
	0x20, 0x20, 0x20, 0x20, 0x20, 0x20, 0x20, 0x20, 0x20, 0x5f, 0x37, 0x31, 0x33, 0x20, 0x3d, 0x20, //          _713 = 
	0x5f, 0x37, 0x31, 0x34, 0x3b, 0x0a, 0x20, 0x20, 0x20, 0x20, 0x20, 0x20, 0x20, 0x20, 0x7d, 0x0a, // _714;.        }.
	0x20, 0x20, 0x20, 0x20, 0x20, 0x20, 0x20, 0x20, 0x5f, 0x37, 0x31, 0x32, 0x20, 0x3d, 0x20, 0x5f, //         _712 = _
	0x37, 0x31, 0x33, 0x3b, 0x0a, 0x20, 0x20, 0x20, 0x20, 0x7d, 0x0a, 0x20, 0x20, 0x20, 0x20, 0x6f, // 713;.    }.    o
	0x75, 0x74, 0x2e, 0x62, 0x67, 0x66, 0x78, 0x5f, 0x46, 0x72, 0x61, 0x67, 0x44, 0x61, 0x74, 0x61, // ut.bgfx_FragData
	0x30, 0x20, 0x3d, 0x20, 0x66, 0x6c, 0x6f, 0x61, 0x74, 0x34, 0x28, 0x5f, 0x37, 0x31, 0x32, 0x2c, // 0 = float4(_712,
	0x20, 0x5f, 0x34, 0x34, 0x32, 0x2e, 0x77, 0x29, 0x3b, 0x0a, 0x20, 0x20, 0x20, 0x20, 0x72, 0x65, //  _442.w);.    re
	0x74, 0x75, 0x72, 0x6e, 0x20, 0x6f, 0x75, 0x74, 0x3b, 0x0a, 0x7d, 0x0a, 0x0a, 0x00, 0x00, 0x40, // turn out;.}....@
	0x00,                                                                                           // .
};
extern const uint8_t* fs_texture_3d_pssl;
extern const uint32_t fs_texture_3d_pssl_size;
