static const uint8_t fs_mesh_glsl[1870] =
{
	0x46, 0x53, 0x48, 0x0c, 0xe3, 0xc2, 0x5c, 0x65, 0x00, 0x00, 0x00, 0x00, 0x00, 0x00, 0x00, 0x00, // FSH....e........
	0x00, 0x00, 0x00, 0x00, 0x00, 0x00, 0x33, 0x07, 0x00, 0x00, 0x0a, 0x69, 0x6e, 0x20, 0x76, 0x65, // ......3....in ve
	0x63, 0x33, 0x20, 0x76, 0x5f, 0x6e, 0x6f, 0x72, 0x6d, 0x61, 0x6c, 0x3b, 0x0a, 0x6c, 0x61, 0x79, // c3 v_normal;.lay
	0x6f, 0x75, 0x74, 0x28, 0x6c, 0x6f, 0x63, 0x61, 0x74, 0x69, 0x6f, 0x6e, 0x20, 0x3d, 0x20, 0x30, // out(location = 0
	0x29, 0x20, 0x6f, 0x75, 0x74, 0x20, 0x76, 0x65, 0x63, 0x34, 0x20, 0x62, 0x67, 0x66, 0x78, 0x5f, // ) out vec4 bgfx_
	0x46, 0x72, 0x61, 0x67, 0x43, 0x6f, 0x6c, 0x6f, 0x72, 0x3b, 0x0a, 0x0a, 0x76, 0x6f, 0x69, 0x64, // FragColor;..void
	0x20, 0x6d, 0x61, 0x69, 0x6e, 0x28, 0x29, 0x0a, 0x7b, 0x0a, 0x20, 0x20, 0x20, 0x20, 0x76, 0x65, //  main().{.    ve
	0x63, 0x33, 0x20, 0x5f, 0x32, 0x35, 0x30, 0x20, 0x3d, 0x20, 0x6e, 0x6f, 0x72, 0x6d, 0x61, 0x6c, // c3 _250 = normal
	0x69, 0x7a, 0x65, 0x28, 0x76, 0x5f, 0x6e, 0x6f, 0x72, 0x6d, 0x61, 0x6c, 0x29, 0x3b, 0x0a, 0x20, // ize(v_normal);. 
	0x20, 0x20, 0x20, 0x66, 0x6c, 0x6f, 0x61, 0x74, 0x20, 0x5f, 0x33, 0x30, 0x35, 0x20, 0x3d, 0x20, //    float _305 = 
	0x5f, 0x32, 0x35, 0x30, 0x2e, 0x78, 0x3b, 0x0a, 0x20, 0x20, 0x20, 0x20, 0x66, 0x6c, 0x6f, 0x61, // _250.x;.    floa
	0x74, 0x20, 0x5f, 0x33, 0x30, 0x39, 0x20, 0x3d, 0x20, 0x5f, 0x32, 0x35, 0x30, 0x2e, 0x79, 0x3b, // t _309 = _250.y;
	0x0a, 0x20, 0x20, 0x20, 0x20, 0x66, 0x6c, 0x6f, 0x61, 0x74, 0x20, 0x5f, 0x33, 0x31, 0x33, 0x20, // .    float _313 
	0x3d, 0x20, 0x5f, 0x32, 0x35, 0x30, 0x2e, 0x7a, 0x3b, 0x0a, 0x20, 0x20, 0x20, 0x20, 0x76, 0x65, // = _250.z;.    ve
	0x63, 0x33, 0x20, 0x5f, 0x34, 0x33, 0x39, 0x20, 0x3d, 0x20, 0x28, 0x28, 0x28, 0x28, 0x28, 0x28, // c3 _439 = ((((((
	0x28, 0x76, 0x65, 0x63, 0x33, 0x28, 0x30, 0x2e, 0x32, 0x37, 0x32, 0x39, 0x39, 0x39, 0x32, 0x32, // (vec3(0.27299922
	0x37, 0x30, 0x34, 0x36, 0x39, 0x36, 0x36, 0x35, 0x35, 0x32, 0x37, 0x33, 0x34, 0x33, 0x37, 0x35, // 7046966552734375
	0x2c, 0x20, 0x30, 0x2e, 0x32, 0x37, 0x35, 0x34, 0x37, 0x30, 0x31, 0x30, 0x37, 0x37, 0x39, 0x33, // , 0.275470107793
	0x38, 0x30, 0x37, 0x39, 0x38, 0x33, 0x33, 0x39, 0x38, 0x34, 0x33, 0x37, 0x35, 0x2c, 0x20, 0x30, // 8079833984375, 0
	0x2e, 0x32, 0x35, 0x31, 0x34, 0x30, 0x38, 0x30, 0x34, 0x30, 0x35, 0x32, 0x33, 0x35, 0x32, 0x39, // .251408040523529
	0x30, 0x35, 0x32, 0x37, 0x33, 0x34, 0x33, 0x37, 0x35, 0x29, 0x20, 0x2b, 0x20, 0x28, 0x28, 0x28, // 052734375) + (((
	0x76, 0x65, 0x63, 0x33, 0x28, 0x2d, 0x30, 0x2e, 0x33, 0x38, 0x34, 0x31, 0x36, 0x33, 0x34, 0x39, // vec3(-0.38416349
	0x38, 0x38, 0x37, 0x38, 0x34, 0x37, 0x39, 0x30, 0x30, 0x33, 0x39, 0x30, 0x36, 0x32, 0x35, 0x2c, // 887847900390625,
	0x20, 0x2d, 0x30, 0x2e, 0x34, 0x32, 0x33, 0x34, 0x39, 0x32, 0x32, 0x38, 0x32, 0x36, 0x32, 0x39, //  -0.423492282629
	0x30, 0x31, 0x33, 0x30, 0x36, 0x31, 0x35, 0x32, 0x33, 0x34, 0x33, 0x37, 0x35, 0x2c, 0x20, 0x2d, // 0130615234375, -
	0x30, 0x2e, 0x34, 0x32, 0x35, 0x35, 0x33, 0x32, 0x37, 0x32, 0x38, 0x34, 0x33, 0x33, 0x36, 0x30, // 0.42553272843360
	0x39, 0x30, 0x30, 0x38, 0x37, 0x38, 0x39, 0x30, 0x36, 0x32, 0x35, 0x29, 0x20, 0x2a, 0x20, 0x28, // 90087890625) * (
	0x28, 0x2d, 0x30, 0x2e, 0x34, 0x38, 0x38, 0x36, 0x30, 0x32, 0x35, 0x31, 0x39, 0x30, 0x33, 0x35, // (-0.488602519035
	0x33, 0x33, 0x39, 0x33, 0x35, 0x35, 0x34, 0x36, 0x38, 0x37, 0x35, 0x29, 0x20, 0x2a, 0x20, 0x5f, // 33935546875) * _
	0x33, 0x30, 0x35, 0x29, 0x29, 0x20, 0x2a, 0x20, 0x32, 0x2e, 0x30, 0x29, 0x20, 0x2a, 0x20, 0x76, // 305)) * 2.0) * v
	0x65, 0x63, 0x33, 0x28, 0x30, 0x2e, 0x34, 0x30, 0x30, 0x30, 0x30, 0x30, 0x30, 0x30, 0x35, 0x39, // ec3(0.4000000059
	0x36, 0x30, 0x34, 0x36, 0x34, 0x34, 0x37, 0x37, 0x35, 0x33, 0x39, 0x30, 0x36, 0x32, 0x35, 0x29, // 604644775390625)
	0x29, 0x29, 0x20, 0x2b, 0x20, 0x28, 0x28, 0x28, 0x76, 0x65, 0x63, 0x33, 0x28, 0x30, 0x2e, 0x30, // )) + (((vec3(0.0
	0x35, 0x35, 0x39, 0x30, 0x36, 0x32, 0x39, 0x35, 0x37, 0x37, 0x36, 0x33, 0x36, 0x37, 0x31, 0x38, // 5590629577636718
	0x37, 0x35, 0x2c, 0x20, 0x30, 0x2e, 0x30, 0x35, 0x36, 0x36, 0x32, 0x37, 0x34, 0x33, 0x37, 0x34, // 75, 0.0566274374
	0x37, 0x32, 0x33, 0x34, 0x33, 0x34, 0x34, 0x34, 0x38, 0x32, 0x34, 0x32, 0x31, 0x38, 0x37, 0x35, // 7234344482421875
	0x2c, 0x20, 0x30, 0x2e, 0x30, 0x36, 0x39, 0x39, 0x36, 0x39, 0x39, 0x33, 0x37, 0x32, 0x30, 0x35, // , 0.069969937205
	0x33, 0x31, 0x34, 0x36, 0x33, 0x36, 0x32, 0x33, 0x30, 0x34, 0x36, 0x38, 0x37, 0x35, 0x29, 0x20, // 31463623046875) 
	0x2a, 0x20, 0x28, 0x30, 0x2e, 0x34, 0x38, 0x38, 0x36, 0x30, 0x32, 0x35, 0x31, 0x39, 0x30, 0x33, // * (0.48860251903
	0x35, 0x33, 0x33, 0x39, 0x33, 0x35, 0x35, 0x34, 0x36, 0x38, 0x37, 0x35, 0x20, 0x2a, 0x20, 0x5f, // 533935546875 * _
	0x33, 0x30, 0x39, 0x29, 0x29, 0x20, 0x2a, 0x20, 0x32, 0x2e, 0x30, 0x29, 0x20, 0x2a, 0x20, 0x76, // 309)) * 2.0) * v
	0x65, 0x63, 0x33, 0x28, 0x30, 0x2e, 0x34, 0x30, 0x30, 0x30, 0x30, 0x30, 0x30, 0x30, 0x35, 0x39, // ec3(0.4000000059
	0x36, 0x30, 0x34, 0x36, 0x34, 0x34, 0x37, 0x37, 0x35, 0x33, 0x39, 0x30, 0x36, 0x32, 0x35, 0x29, // 604644775390625)
	0x29, 0x29, 0x20, 0x2b, 0x20, 0x28, 0x28, 0x28, 0x76, 0x65, 0x63, 0x33, 0x28, 0x30, 0x2e, 0x31, // )) + (((vec3(0.1
	0x32, 0x30, 0x39, 0x38, 0x35, 0x31, 0x35, 0x37, 0x37, 0x38, 0x37, 0x37, 0x39, 0x39, 0x38, 0x33, // 2098515778779983
	0x35, 0x32, 0x30, 0x35, 0x30, 0x37, 0x38, 0x31, 0x32, 0x35, 0x2c, 0x20, 0x30, 0x2e, 0x31, 0x31, // 5205078125, 0.11
	0x39, 0x32, 0x39, 0x37, 0x39, 0x39, 0x36, 0x31, 0x36, 0x33, 0x33, 0x36, 0x38, 0x32, 0x32, 0x35, // 9297996163368225
	0x30, 0x39, 0x37, 0x36, 0x35, 0x36, 0x32, 0x35, 0x2c, 0x20, 0x30, 0x2e, 0x31, 0x31, 0x37, 0x31, // 09765625, 0.1171
	0x31, 0x31, 0x39, 0x36, 0x36, 0x30, 0x31, 0x33, 0x39, 0x30, 0x38, 0x33, 0x38, 0x36, 0x32, 0x33, // 1196601390838623
	0x30, 0x34, 0x36, 0x38, 0x37, 0x35, 0x29, 0x20, 0x2a, 0x20, 0x28, 0x28, 0x2d, 0x30, 0x2e, 0x34, // 046875) * ((-0.4
	0x38, 0x38, 0x36, 0x30, 0x32, 0x35, 0x31, 0x39, 0x30, 0x33, 0x35, 0x33, 0x33, 0x39, 0x33, 0x35, // 8860251903533935
	0x35, 0x34, 0x36, 0x38, 0x37, 0x35, 0x29, 0x20, 0x2a, 0x20, 0x5f, 0x33, 0x31, 0x33, 0x29, 0x29, // 546875) * _313))
	0x20, 0x2a, 0x20, 0x32, 0x2e, 0x30, 0x29, 0x20, 0x2a, 0x20, 0x76, 0x65, 0x63, 0x33, 0x28, 0x30, //  * 2.0) * vec3(0
	0x2e, 0x34, 0x30, 0x30, 0x30, 0x30, 0x30, 0x30, 0x30, 0x35, 0x39, 0x36, 0x30, 0x34, 0x36, 0x34, // .400000005960464
	0x34, 0x37, 0x37, 0x35, 0x33, 0x39, 0x30, 0x36, 0x32, 0x35, 0x29, 0x29, 0x29, 0x20, 0x2b, 0x20, // 4775390625))) + 
	0x28, 0x28, 0x28, 0x76, 0x65, 0x63, 0x33, 0x28, 0x2d, 0x30, 0x2e, 0x31, 0x37, 0x36, 0x37, 0x31, // (((vec3(-0.17671
	0x31, 0x36, 0x33, 0x33, 0x38, 0x30, 0x31, 0x34, 0x36, 0x30, 0x32, 0x36, 0x36, 0x31, 0x31, 0x33, // 1633801460266113
	0x32, 0x38, 0x31, 0x32, 0x35, 0x2c, 0x20, 0x2d, 0x30, 0x2e, 0x31, 0x37, 0x30, 0x33, 0x33, 0x31, // 28125, -0.170331
	0x34, 0x30, 0x33, 0x36, 0x31, 0x33, 0x30, 0x39, 0x30, 0x35, 0x31, 0x35, 0x31, 0x33, 0x36, 0x37, // 4036130905151367
	0x31, 0x38, 0x37, 0x35, 0x2c, 0x20, 0x2d, 0x30, 0x2e, 0x31, 0x35, 0x31, 0x33, 0x34, 0x35, 0x30, // 1875, -0.1513450
	0x31, 0x34, 0x35, 0x37, 0x32, 0x31, 0x34, 0x33, 0x35, 0x35, 0x34, 0x36, 0x38, 0x37, 0x35, 0x29, // 145721435546875)
	0x20, 0x2a, 0x20, 0x28, 0x28, 0x31, 0x2e, 0x30, 0x39, 0x32, 0x35, 0x34, 0x38, 0x34, 0x38, 0x39, //  * ((1.092548489
	0x35, 0x37, 0x30, 0x36, 0x31, 0x37, 0x36, 0x37, 0x35, 0x37, 0x38, 0x31, 0x32, 0x35, 0x20, 0x2a, // 57061767578125 *
	0x20, 0x5f, 0x33, 0x30, 0x35, 0x29, 0x20, 0x2a, 0x20, 0x5f, 0x33, 0x31, 0x33, 0x29, 0x29, 0x20, //  _305) * _313)) 
	0x2a, 0x20, 0x31, 0x2e, 0x30, 0x29, 0x20, 0x2a, 0x20, 0x76, 0x65, 0x63, 0x33, 0x28, 0x30, 0x2e, // * 1.0) * vec3(0.
	0x34, 0x30, 0x30, 0x30, 0x30, 0x30, 0x30, 0x30, 0x35, 0x39, 0x36, 0x30, 0x34, 0x36, 0x34, 0x34, // 4000000059604644
	0x37, 0x37, 0x35, 0x33, 0x39, 0x30, 0x36, 0x32, 0x35, 0x29, 0x29, 0x29, 0x20, 0x2b, 0x20, 0x28, // 775390625))) + (
	0x28, 0x76, 0x65, 0x63, 0x33, 0x28, 0x2d, 0x30, 0x2e, 0x31, 0x32, 0x34, 0x36, 0x38, 0x32, 0x31, // (vec3(-0.1246821
	0x31, 0x33, 0x35, 0x32, 0x38, 0x32, 0x35, 0x31, 0x36, 0x34, 0x37, 0x39, 0x34, 0x39, 0x32, 0x31, // 1352825164794921
	0x38, 0x37, 0x35, 0x2c, 0x20, 0x2d, 0x30, 0x2e, 0x31, 0x31, 0x39, 0x33, 0x34, 0x30, 0x37, 0x38, // 875, -0.11934078
	0x34, 0x38, 0x34, 0x37, 0x37, 0x33, 0x36, 0x33, 0x35, 0x38, 0x36, 0x34, 0x32, 0x35, 0x37, 0x38, // 4847736358642578
	0x31, 0x32, 0x35, 0x2c, 0x20, 0x2d, 0x30, 0x2e, 0x30, 0x39, 0x36, 0x33, 0x30, 0x30, 0x33, 0x35, // 125, -0.09630035
	0x36, 0x30, 0x39, 0x30, 0x30, 0x36, 0x38, 0x38, 0x31, 0x37, 0x31, 0x33, 0x38, 0x36, 0x37, 0x31, // 6090068817138671
	0x38, 0x37, 0x35, 0x29, 0x20, 0x2a, 0x20, 0x28, 0x28, 0x28, 0x2d, 0x31, 0x2e, 0x30, 0x39, 0x32, // 875) * (((-1.092
	0x35, 0x34, 0x38, 0x34, 0x38, 0x39, 0x35, 0x37, 0x30, 0x36, 0x31, 0x37, 0x36, 0x37, 0x35, 0x37, // 5484895706176757
	0x38, 0x31, 0x32, 0x35, 0x29, 0x20, 0x2a, 0x20, 0x5f, 0x33, 0x30, 0x35, 0x29, 0x20, 0x2a, 0x20, // 8125) * _305) * 
	0x5f, 0x33, 0x30, 0x39, 0x29, 0x29, 0x20, 0x2a, 0x20, 0x30, 0x2e, 0x35, 0x29, 0x29, 0x20, 0x2b, // _309)) * 0.5)) +
	0x20, 0x28, 0x28, 0x76, 0x65, 0x63, 0x33, 0x28, 0x30, 0x2e, 0x30, 0x30, 0x31, 0x38, 0x35, 0x32, //  ((vec3(0.001852
	0x33, 0x37, 0x38, 0x35, 0x39, 0x38, 0x34, 0x31, 0x34, 0x33, 0x36, 0x31, 0x34, 0x37, 0x36, 0x38, // 3785984143614768
	0x39, 0x38, 0x31, 0x39, 0x33, 0x33, 0x35, 0x39, 0x33, 0x37, 0x35, 0x2c, 0x20, 0x2d, 0x30, 0x2e, // 98193359375, -0.
	0x30, 0x33, 0x32, 0x35, 0x39, 0x32, 0x37, 0x38, 0x34, 0x36, 0x31, 0x33, 0x33, 0x37, 0x30, 0x38, // 0325927846133708
	0x39, 0x35, 0x33, 0x38, 0x35, 0x37, 0x34, 0x32, 0x31, 0x38, 0x37, 0x35, 0x2c, 0x20, 0x2d, 0x30, // 953857421875, -0
	0x2e, 0x30, 0x38, 0x38, 0x32, 0x30, 0x34, 0x34, 0x39, 0x35, 0x36, 0x30, 0x38, 0x38, 0x30, 0x36, // .088204495608806
	0x36, 0x31, 0x30, 0x31, 0x30, 0x37, 0x34, 0x32, 0x31, 0x38, 0x37, 0x35, 0x29, 0x20, 0x2a, 0x20, // 610107421875) * 
	0x28, 0x30, 0x2e, 0x33, 0x31, 0x35, 0x33, 0x39, 0x31, 0x35, 0x37, 0x30, 0x33, 0x32, 0x39, 0x36, // (0.3153915703296
	0x36, 0x36, 0x31, 0x33, 0x37, 0x36, 0x39, 0x35, 0x33, 0x31, 0x32, 0x35, 0x20, 0x2a, 0x20, 0x28, // 661376953125 * (
	0x28, 0x28, 0x33, 0x2e, 0x30, 0x20, 0x2a, 0x20, 0x5f, 0x33, 0x30, 0x39, 0x29, 0x20, 0x2a, 0x20, // ((3.0 * _309) * 
	0x5f, 0x33, 0x30, 0x39, 0x29, 0x20, 0x2d, 0x20, 0x31, 0x2e, 0x30, 0x29, 0x29, 0x29, 0x20, 0x2a, // _309) - 1.0))) *
	0x20, 0x30, 0x2e, 0x35, 0x29, 0x29, 0x20, 0x2b, 0x20, 0x28, 0x28, 0x76, 0x65, 0x63, 0x33, 0x28, //  0.5)) + ((vec3(
	0x30, 0x2e, 0x32, 0x39, 0x36, 0x33, 0x36, 0x35, 0x34, 0x36, 0x39, 0x36, 0x39, 0x34, 0x31, 0x33, // 0.29636546969413
	0x37, 0x35, 0x37, 0x33, 0x32, 0x34, 0x32, 0x31, 0x38, 0x37, 0x35, 0x2c, 0x20, 0x30, 0x2e, 0x32, // 75732421875, 0.2
	0x38, 0x31, 0x32, 0x36, 0x38, 0x36, 0x38, 0x36, 0x30, 0x35, 0x36, 0x31, 0x33, 0x37, 0x30, 0x38, // 8126868605613708
	0x34, 0x39, 0x36, 0x30, 0x39, 0x33, 0x37, 0x35, 0x2c, 0x20, 0x30, 0x2e, 0x32, 0x34, 0x33, 0x33, // 49609375, 0.2433
	0x32, 0x38, 0x32, 0x32, 0x38, 0x35, 0x39, 0x32, 0x38, 0x37, 0x32, 0x36, 0x31, 0x39, 0x36, 0x32, // 2822859287261962
	0x38, 0x39, 0x30, 0x36, 0x32, 0x35, 0x29, 0x20, 0x2a, 0x20, 0x28, 0x28, 0x28, 0x2d, 0x31, 0x2e, // 890625) * (((-1.
	0x30, 0x39, 0x32, 0x35, 0x34, 0x38, 0x34, 0x38, 0x39, 0x35, 0x37, 0x30, 0x36, 0x31, 0x37, 0x36, // 0925484895706176
	0x37, 0x35, 0x37, 0x38, 0x31, 0x32, 0x35, 0x29, 0x20, 0x2a, 0x20, 0x5f, 0x33, 0x31, 0x33, 0x29, // 7578125) * _313)
	0x20, 0x2a, 0x20, 0x5f, 0x33, 0x30, 0x39, 0x29, 0x29, 0x20, 0x2a, 0x20, 0x30, 0x2e, 0x35, 0x29, //  * _309)) * 0.5)
	0x29, 0x20, 0x2b, 0x20, 0x28, 0x28, 0x76, 0x65, 0x63, 0x33, 0x28, 0x2d, 0x30, 0x2e, 0x30, 0x37, // ) + ((vec3(-0.07
	0x39, 0x38, 0x32, 0x36, 0x36, 0x36, 0x37, 0x39, 0x30, 0x34, 0x38, 0x35, 0x33, 0x38, 0x32, 0x30, // 9826667904853820
	0x38, 0x30, 0x30, 0x37, 0x38, 0x31, 0x32, 0x35, 0x2c, 0x20, 0x2d, 0x30, 0x2e, 0x31, 0x30, 0x39, // 80078125, -0.109
	0x33, 0x34, 0x30, 0x39, 0x35, 0x38, 0x32, 0x39, 0x37, 0x32, 0x35, 0x32, 0x36, 0x35, 0x35, 0x30, // 3409582972526550
	0x32, 0x39, 0x32, 0x39, 0x36, 0x38, 0x37, 0x35, 0x2c, 0x20, 0x2d, 0x30, 0x2e, 0x31, 0x35, 0x37, // 29296875, -0.157
	0x32, 0x30, 0x38, 0x38, 0x35, 0x39, 0x39, 0x32, 0x30, 0x35, 0x30, 0x31, 0x37, 0x30, 0x38, 0x39, // 2088599205017089
	0x38, 0x34, 0x33, 0x37, 0x35, 0x29, 0x20, 0x2a, 0x20, 0x28, 0x30, 0x2e, 0x35, 0x34, 0x36, 0x32, // 84375) * (0.5462
	0x37, 0x34, 0x32, 0x34, 0x34, 0x37, 0x38, 0x35, 0x33, 0x30, 0x38, 0x38, 0x33, 0x37, 0x38, 0x39, // 7424478530883789
	0x30, 0x36, 0x32, 0x35, 0x20, 0x2a, 0x20, 0x28, 0x28, 0x5f, 0x33, 0x31, 0x33, 0x20, 0x2a, 0x20, // 0625 * ((_313 * 
	0x5f, 0x33, 0x31, 0x33, 0x29, 0x20, 0x2d, 0x20, 0x28, 0x5f, 0x33, 0x30, 0x35, 0x20, 0x2a, 0x20, // _313) - (_305 * 
	0x5f, 0x33, 0x30, 0x35, 0x29, 0x29, 0x29, 0x29, 0x20, 0x2a, 0x20, 0x30, 0x2e, 0x35, 0x29, 0x3b, // _305)))) * 0.5);
	0x0a, 0x20, 0x20, 0x20, 0x20, 0x62, 0x67, 0x66, 0x78, 0x5f, 0x46, 0x72, 0x61, 0x67, 0x43, 0x6f, // .    bgfx_FragCo
	0x6c, 0x6f, 0x72, 0x2e, 0x78, 0x20, 0x3d, 0x20, 0x5f, 0x34, 0x33, 0x39, 0x2e, 0x78, 0x3b, 0x0a, // lor.x = _439.x;.
	0x20, 0x20, 0x20, 0x20, 0x62, 0x67, 0x66, 0x78, 0x5f, 0x46, 0x72, 0x61, 0x67, 0x43, 0x6f, 0x6c, //     bgfx_FragCol
	0x6f, 0x72, 0x2e, 0x79, 0x20, 0x3d, 0x20, 0x5f, 0x34, 0x33, 0x39, 0x2e, 0x79, 0x3b, 0x0a, 0x20, // or.y = _439.y;. 
	0x20, 0x20, 0x20, 0x62, 0x67, 0x66, 0x78, 0x5f, 0x46, 0x72, 0x61, 0x67, 0x43, 0x6f, 0x6c, 0x6f, //    bgfx_FragColo
	0x72, 0x2e, 0x7a, 0x20, 0x3d, 0x20, 0x5f, 0x34, 0x33, 0x39, 0x2e, 0x7a, 0x3b, 0x0a, 0x20, 0x20, // r.z = _439.z;.  
	0x20, 0x20, 0x62, 0x67, 0x66, 0x78, 0x5f, 0x46, 0x72, 0x61, 0x67, 0x43, 0x6f, 0x6c, 0x6f, 0x72, //   bgfx_FragColor
	0x2e, 0x77, 0x20, 0x3d, 0x20, 0x31, 0x2e, 0x30, 0x3b, 0x0a, 0x7d, 0x0a, 0x0a, 0x00,             // .w = 1.0;.}...
};
static const uint8_t fs_mesh_essl[1958] =
{
	0x46, 0x53, 0x48, 0x0c, 0xe3, 0xc2, 0x5c, 0x65, 0x00, 0x00, 0x00, 0x00, 0x00, 0x00, 0x00, 0x00, // FSH....e........
	0x00, 0x00, 0x00, 0x00, 0x00, 0x00, 0x8b, 0x07, 0x00, 0x00, 0x70, 0x72, 0x65, 0x63, 0x69, 0x73, // ..........precis
	0x69, 0x6f, 0x6e, 0x20, 0x6d, 0x65, 0x64, 0x69, 0x75, 0x6d, 0x70, 0x20, 0x66, 0x6c, 0x6f, 0x61, // ion mediump floa
	0x74, 0x3b, 0x0a, 0x70, 0x72, 0x65, 0x63, 0x69, 0x73, 0x69, 0x6f, 0x6e, 0x20, 0x68, 0x69, 0x67, // t;.precision hig
	0x68, 0x70, 0x20, 0x69, 0x6e, 0x74, 0x3b, 0x0a, 0x0a, 0x69, 0x6e, 0x20, 0x68, 0x69, 0x67, 0x68, // hp int;..in high
	0x70, 0x20, 0x76, 0x65, 0x63, 0x33, 0x20, 0x76, 0x5f, 0x6e, 0x6f, 0x72, 0x6d, 0x61, 0x6c, 0x3b, // p vec3 v_normal;
	0x0a, 0x6c, 0x61, 0x79, 0x6f, 0x75, 0x74, 0x28, 0x6c, 0x6f, 0x63, 0x61, 0x74, 0x69, 0x6f, 0x6e, // .layout(location
	0x20, 0x3d, 0x20, 0x30, 0x29, 0x20, 0x6f, 0x75, 0x74, 0x20, 0x68, 0x69, 0x67, 0x68, 0x70, 0x20, //  = 0) out highp 
	0x76, 0x65, 0x63, 0x34, 0x20, 0x62, 0x67, 0x66, 0x78, 0x5f, 0x46, 0x72, 0x61, 0x67, 0x43, 0x6f, // vec4 bgfx_FragCo
	0x6c, 0x6f, 0x72, 0x3b, 0x0a, 0x0a, 0x76, 0x6f, 0x69, 0x64, 0x20, 0x6d, 0x61, 0x69, 0x6e, 0x28, // lor;..void main(
	0x29, 0x0a, 0x7b, 0x0a, 0x20, 0x20, 0x20, 0x20, 0x68, 0x69, 0x67, 0x68, 0x70, 0x20, 0x76, 0x65, // ).{.    highp ve
	0x63, 0x33, 0x20, 0x5f, 0x32, 0x35, 0x30, 0x20, 0x3d, 0x20, 0x6e, 0x6f, 0x72, 0x6d, 0x61, 0x6c, // c3 _250 = normal
	0x69, 0x7a, 0x65, 0x28, 0x76, 0x5f, 0x6e, 0x6f, 0x72, 0x6d, 0x61, 0x6c, 0x29, 0x3b, 0x0a, 0x20, // ize(v_normal);. 
	0x20, 0x20, 0x20, 0x68, 0x69, 0x67, 0x68, 0x70, 0x20, 0x66, 0x6c, 0x6f, 0x61, 0x74, 0x20, 0x5f, //    highp float _
	0x33, 0x30, 0x35, 0x20, 0x3d, 0x20, 0x5f, 0x32, 0x35, 0x30, 0x2e, 0x78, 0x3b, 0x0a, 0x20, 0x20, // 305 = _250.x;.  
	0x20, 0x20, 0x68, 0x69, 0x67, 0x68, 0x70, 0x20, 0x66, 0x6c, 0x6f, 0x61, 0x74, 0x20, 0x5f, 0x33, //   highp float _3
	0x30, 0x39, 0x20, 0x3d, 0x20, 0x5f, 0x32, 0x35, 0x30, 0x2e, 0x79, 0x3b, 0x0a, 0x20, 0x20, 0x20, // 09 = _250.y;.   
	0x20, 0x68, 0x69, 0x67, 0x68, 0x70, 0x20, 0x66, 0x6c, 0x6f, 0x61, 0x74, 0x20, 0x5f, 0x33, 0x31, //  highp float _31
	0x33, 0x20, 0x3d, 0x20, 0x5f, 0x32, 0x35, 0x30, 0x2e, 0x7a, 0x3b, 0x0a, 0x20, 0x20, 0x20, 0x20, // 3 = _250.z;.    
	0x68, 0x69, 0x67, 0x68, 0x70, 0x20, 0x76, 0x65, 0x63, 0x33, 0x20, 0x5f, 0x34, 0x33, 0x39, 0x20, // highp vec3 _439 
	0x3d, 0x20, 0x28, 0x28, 0x28, 0x28, 0x28, 0x28, 0x28, 0x76, 0x65, 0x63, 0x33, 0x28, 0x30, 0x2e, // = (((((((vec3(0.
	0x32, 0x37, 0x32, 0x39, 0x39, 0x39, 0x32, 0x32, 0x37, 0x30, 0x34, 0x36, 0x39, 0x36, 0x36, 0x35, // 2729992270469665
	0x35, 0x32, 0x37, 0x33, 0x34, 0x33, 0x37, 0x35, 0x2c, 0x20, 0x30, 0x2e, 0x32, 0x37, 0x35, 0x34, // 52734375, 0.2754
	0x37, 0x30, 0x31, 0x30, 0x37, 0x37, 0x39, 0x33, 0x38, 0x30, 0x37, 0x39, 0x38, 0x33, 0x33, 0x39, // 7010779380798339
	0x38, 0x34, 0x33, 0x37, 0x35, 0x2c, 0x20, 0x30, 0x2e, 0x32, 0x35, 0x31, 0x34, 0x30, 0x38, 0x30, // 84375, 0.2514080
	0x34, 0x30, 0x35, 0x32, 0x33, 0x35, 0x32, 0x39, 0x30, 0x35, 0x32, 0x37, 0x33, 0x34, 0x33, 0x37, // 4052352905273437
	0x35, 0x29, 0x20, 0x2b, 0x20, 0x28, 0x28, 0x28, 0x76, 0x65, 0x63, 0x33, 0x28, 0x2d, 0x30, 0x2e, // 5) + (((vec3(-0.
	0x33, 0x38, 0x34, 0x31, 0x36, 0x33, 0x34, 0x39, 0x38, 0x38, 0x37, 0x38, 0x34, 0x37, 0x39, 0x30, // 3841634988784790
	0x30, 0x33, 0x39, 0x30, 0x36, 0x32, 0x35, 0x2c, 0x20, 0x2d, 0x30, 0x2e, 0x34, 0x32, 0x33, 0x34, // 0390625, -0.4234
	0x39, 0x32, 0x32, 0x38, 0x32, 0x36, 0x32, 0x39, 0x30, 0x31, 0x33, 0x30, 0x36, 0x31, 0x35, 0x32, // 9228262901306152
	0x33, 0x34, 0x33, 0x37, 0x35, 0x2c, 0x20, 0x2d, 0x30, 0x2e, 0x34, 0x32, 0x35, 0x35, 0x33, 0x32, // 34375, -0.425532
	0x37, 0x32, 0x38, 0x34, 0x33, 0x33, 0x36, 0x30, 0x39, 0x30, 0x30, 0x38, 0x37, 0x38, 0x39, 0x30, // 7284336090087890
	0x36, 0x32, 0x35, 0x29, 0x20, 0x2a, 0x20, 0x28, 0x28, 0x2d, 0x30, 0x2e, 0x34, 0x38, 0x38, 0x36, // 625) * ((-0.4886
	0x30, 0x32, 0x35, 0x31, 0x39, 0x30, 0x33, 0x35, 0x33, 0x33, 0x39, 0x33, 0x35, 0x35, 0x34, 0x36, // 0251903533935546
	0x38, 0x37, 0x35, 0x29, 0x20, 0x2a, 0x20, 0x5f, 0x33, 0x30, 0x35, 0x29, 0x29, 0x20, 0x2a, 0x20, // 875) * _305)) * 
	0x32, 0x2e, 0x30, 0x29, 0x20, 0x2a, 0x20, 0x76, 0x65, 0x63, 0x33, 0x28, 0x30, 0x2e, 0x34, 0x30, // 2.0) * vec3(0.40
	0x30, 0x30, 0x30, 0x30, 0x30, 0x30, 0x35, 0x39, 0x36, 0x30, 0x34, 0x36, 0x34, 0x34, 0x37, 0x37, // 0000005960464477
	0x35, 0x33, 0x39, 0x30, 0x36, 0x32, 0x35, 0x29, 0x29, 0x29, 0x20, 0x2b, 0x20, 0x28, 0x28, 0x28, // 5390625))) + (((
	0x76, 0x65, 0x63, 0x33, 0x28, 0x30, 0x2e, 0x30, 0x35, 0x35, 0x39, 0x30, 0x36, 0x32, 0x39, 0x35, // vec3(0.055906295
	0x37, 0x37, 0x36, 0x33, 0x36, 0x37, 0x31, 0x38, 0x37, 0x35, 0x2c, 0x20, 0x30, 0x2e, 0x30, 0x35, // 7763671875, 0.05
	0x36, 0x36, 0x32, 0x37, 0x34, 0x33, 0x37, 0x34, 0x37, 0x32, 0x33, 0x34, 0x33, 0x34, 0x34, 0x34, // 6627437472343444
	0x38, 0x32, 0x34, 0x32, 0x31, 0x38, 0x37, 0x35, 0x2c, 0x20, 0x30, 0x2e, 0x30, 0x36, 0x39, 0x39, // 82421875, 0.0699
	0x36, 0x39, 0x39, 0x33, 0x37, 0x32, 0x30, 0x35, 0x33, 0x31, 0x34, 0x36, 0x33, 0x36, 0x32, 0x33, // 6993720531463623
	0x30, 0x34, 0x36, 0x38, 0x37, 0x35, 0x29, 0x20, 0x2a, 0x20, 0x28, 0x30, 0x2e, 0x34, 0x38, 0x38, // 046875) * (0.488
	0x36, 0x30, 0x32, 0x35, 0x31, 0x39, 0x30, 0x33, 0x35, 0x33, 0x33, 0x39, 0x33, 0x35, 0x35, 0x34, // 6025190353393554
	0x36, 0x38, 0x37, 0x35, 0x20, 0x2a, 0x20, 0x5f, 0x33, 0x30, 0x39, 0x29, 0x29, 0x20, 0x2a, 0x20, // 6875 * _309)) * 
	0x32, 0x2e, 0x30, 0x29, 0x20, 0x2a, 0x20, 0x76, 0x65, 0x63, 0x33, 0x28, 0x30, 0x2e, 0x34, 0x30, // 2.0) * vec3(0.40
	0x30, 0x30, 0x30, 0x30, 0x30, 0x30, 0x35, 0x39, 0x36, 0x30, 0x34, 0x36, 0x34, 0x34, 0x37, 0x37, // 0000005960464477
	0x35, 0x33, 0x39, 0x30, 0x36, 0x32, 0x35, 0x29, 0x29, 0x29, 0x20, 0x2b, 0x20, 0x28, 0x28, 0x28, // 5390625))) + (((
	0x76, 0x65, 0x63, 0x33, 0x28, 0x30, 0x2e, 0x31, 0x32, 0x30, 0x39, 0x38, 0x35, 0x31, 0x35, 0x37, // vec3(0.120985157
	0x37, 0x38, 0x37, 0x37, 0x39, 0x39, 0x38, 0x33, 0x35, 0x32, 0x30, 0x35, 0x30, 0x37, 0x38, 0x31, // 7877998352050781
	0x32, 0x35, 0x2c, 0x20, 0x30, 0x2e, 0x31, 0x31, 0x39, 0x32, 0x39, 0x37, 0x39, 0x39, 0x36, 0x31, // 25, 0.1192979961
	0x36, 0x33, 0x33, 0x36, 0x38, 0x32, 0x32, 0x35, 0x30, 0x39, 0x37, 0x36, 0x35, 0x36, 0x32, 0x35, // 6336822509765625
	0x2c, 0x20, 0x30, 0x2e, 0x31, 0x31, 0x37, 0x31, 0x31, 0x31, 0x39, 0x36, 0x36, 0x30, 0x31, 0x33, // , 0.117111966013
	0x39, 0x30, 0x38, 0x33, 0x38, 0x36, 0x32, 0x33, 0x30, 0x34, 0x36, 0x38, 0x37, 0x35, 0x29, 0x20, // 90838623046875) 
	0x2a, 0x20, 0x28, 0x28, 0x2d, 0x30, 0x2e, 0x34, 0x38, 0x38, 0x36, 0x30, 0x32, 0x35, 0x31, 0x39, // * ((-0.488602519
	0x30, 0x33, 0x35, 0x33, 0x33, 0x39, 0x33, 0x35, 0x35, 0x34, 0x36, 0x38, 0x37, 0x35, 0x29, 0x20, // 03533935546875) 
	0x2a, 0x20, 0x5f, 0x33, 0x31, 0x33, 0x29, 0x29, 0x20, 0x2a, 0x20, 0x32, 0x2e, 0x30, 0x29, 0x20, // * _313)) * 2.0) 
	0x2a, 0x20, 0x76, 0x65, 0x63, 0x33, 0x28, 0x30, 0x2e, 0x34, 0x30, 0x30, 0x30, 0x30, 0x30, 0x30, // * vec3(0.4000000
	0x30, 0x35, 0x39, 0x36, 0x30, 0x34, 0x36, 0x34, 0x34, 0x37, 0x37, 0x35, 0x33, 0x39, 0x30, 0x36, // 0596046447753906
	0x32, 0x35, 0x29, 0x29, 0x29, 0x20, 0x2b, 0x20, 0x28, 0x28, 0x28, 0x76, 0x65, 0x63, 0x33, 0x28, // 25))) + (((vec3(
	0x2d, 0x30, 0x2e, 0x31, 0x37, 0x36, 0x37, 0x31, 0x31, 0x36, 0x33, 0x33, 0x38, 0x30, 0x31, 0x34, // -0.1767116338014
	0x36, 0x30, 0x32, 0x36, 0x36, 0x31, 0x31, 0x33, 0x32, 0x38, 0x31, 0x32, 0x35, 0x2c, 0x20, 0x2d, // 6026611328125, -
	0x30, 0x2e, 0x31, 0x37, 0x30, 0x33, 0x33, 0x31, 0x34, 0x30, 0x33, 0x36, 0x31, 0x33, 0x30, 0x39, // 0.17033140361309
	0x30, 0x35, 0x31, 0x35, 0x31, 0x33, 0x36, 0x37, 0x31, 0x38, 0x37, 0x35, 0x2c, 0x20, 0x2d, 0x30, // 051513671875, -0
	0x2e, 0x31, 0x35, 0x31, 0x33, 0x34, 0x35, 0x30, 0x31, 0x34, 0x35, 0x37, 0x32, 0x31, 0x34, 0x33, // .151345014572143
	0x35, 0x35, 0x34, 0x36, 0x38, 0x37, 0x35, 0x29, 0x20, 0x2a, 0x20, 0x28, 0x28, 0x31, 0x2e, 0x30, // 5546875) * ((1.0
	0x39, 0x32, 0x35, 0x34, 0x38, 0x34, 0x38, 0x39, 0x35, 0x37, 0x30, 0x36, 0x31, 0x37, 0x36, 0x37, // 9254848957061767
	0x35, 0x37, 0x38, 0x31, 0x32, 0x35, 0x20, 0x2a, 0x20, 0x5f, 0x33, 0x30, 0x35, 0x29, 0x20, 0x2a, // 578125 * _305) *
	0x20, 0x5f, 0x33, 0x31, 0x33, 0x29, 0x29, 0x20, 0x2a, 0x20, 0x31, 0x2e, 0x30, 0x29, 0x20, 0x2a, //  _313)) * 1.0) *
	0x20, 0x76, 0x65, 0x63, 0x33, 0x28, 0x30, 0x2e, 0x34, 0x30, 0x30, 0x30, 0x30, 0x30, 0x30, 0x30, //  vec3(0.40000000
	0x35, 0x39, 0x36, 0x30, 0x34, 0x36, 0x34, 0x34, 0x37, 0x37, 0x35, 0x33, 0x39, 0x30, 0x36, 0x32, // 5960464477539062
	0x35, 0x29, 0x29, 0x29, 0x20, 0x2b, 0x20, 0x28, 0x28, 0x76, 0x65, 0x63, 0x33, 0x28, 0x2d, 0x30, // 5))) + ((vec3(-0
	0x2e, 0x31, 0x32, 0x34, 0x36, 0x38, 0x32, 0x31, 0x31, 0x33, 0x35, 0x32, 0x38, 0x32, 0x35, 0x31, // .124682113528251
	0x36, 0x34, 0x37, 0x39, 0x34, 0x39, 0x32, 0x31, 0x38, 0x37, 0x35, 0x2c, 0x20, 0x2d, 0x30, 0x2e, // 64794921875, -0.
	0x31, 0x31, 0x39, 0x33, 0x34, 0x30, 0x37, 0x38, 0x34, 0x38, 0x34, 0x37, 0x37, 0x33, 0x36, 0x33, // 1193407848477363
	0x35, 0x38, 0x36, 0x34, 0x32, 0x35, 0x37, 0x38, 0x31, 0x32, 0x35, 0x2c, 0x20, 0x2d, 0x30, 0x2e, // 58642578125, -0.
	0x30, 0x39, 0x36, 0x33, 0x30, 0x30, 0x33, 0x35, 0x36, 0x30, 0x39, 0x30, 0x30, 0x36, 0x38, 0x38, // 0963003560900688
	0x31, 0x37, 0x31, 0x33, 0x38, 0x36, 0x37, 0x31, 0x38, 0x37, 0x35, 0x29, 0x20, 0x2a, 0x20, 0x28, // 17138671875) * (
	0x28, 0x28, 0x2d, 0x31, 0x2e, 0x30, 0x39, 0x32, 0x35, 0x34, 0x38, 0x34, 0x38, 0x39, 0x35, 0x37, // ((-1.09254848957
	0x30, 0x36, 0x31, 0x37, 0x36, 0x37, 0x35, 0x37, 0x38, 0x31, 0x32, 0x35, 0x29, 0x20, 0x2a, 0x20, // 061767578125) * 
	0x5f, 0x33, 0x30, 0x35, 0x29, 0x20, 0x2a, 0x20, 0x5f, 0x33, 0x30, 0x39, 0x29, 0x29, 0x20, 0x2a, // _305) * _309)) *
	0x20, 0x30, 0x2e, 0x35, 0x29, 0x29, 0x20, 0x2b, 0x20, 0x28, 0x28, 0x76, 0x65, 0x63, 0x33, 0x28, //  0.5)) + ((vec3(
	0x30, 0x2e, 0x30, 0x30, 0x31, 0x38, 0x35, 0x32, 0x33, 0x37, 0x38, 0x35, 0x39, 0x38, 0x34, 0x31, // 0.00185237859841
	0x34, 0x33, 0x36, 0x31, 0x34, 0x37, 0x36, 0x38, 0x39, 0x38, 0x31, 0x39, 0x33, 0x33, 0x35, 0x39, // 4361476898193359
	0x33, 0x37, 0x35, 0x2c, 0x20, 0x2d, 0x30, 0x2e, 0x30, 0x33, 0x32, 0x35, 0x39, 0x32, 0x37, 0x38, // 375, -0.03259278
	0x34, 0x36, 0x31, 0x33, 0x33, 0x37, 0x30, 0x38, 0x39, 0x35, 0x33, 0x38, 0x35, 0x37, 0x34, 0x32, // 4613370895385742
	0x31, 0x38, 0x37, 0x35, 0x2c, 0x20, 0x2d, 0x30, 0x2e, 0x30, 0x38, 0x38, 0x32, 0x30, 0x34, 0x34, // 1875, -0.0882044
	0x39, 0x35, 0x36, 0x30, 0x38, 0x38, 0x30, 0x36, 0x36, 0x31, 0x30, 0x31, 0x30, 0x37, 0x34, 0x32, // 9560880661010742
	0x31, 0x38, 0x37, 0x35, 0x29, 0x20, 0x2a, 0x20, 0x28, 0x30, 0x2e, 0x33, 0x31, 0x35, 0x33, 0x39, // 1875) * (0.31539
	0x31, 0x35, 0x37, 0x30, 0x33, 0x32, 0x39, 0x36, 0x36, 0x36, 0x31, 0x33, 0x37, 0x36, 0x39, 0x35, // 1570329666137695
	0x33, 0x31, 0x32, 0x35, 0x20, 0x2a, 0x20, 0x28, 0x28, 0x28, 0x33, 0x2e, 0x30, 0x20, 0x2a, 0x20, // 3125 * (((3.0 * 
	0x5f, 0x33, 0x30, 0x39, 0x29, 0x20, 0x2a, 0x20, 0x5f, 0x33, 0x30, 0x39, 0x29, 0x20, 0x2d, 0x20, // _309) * _309) - 
	0x31, 0x2e, 0x30, 0x29, 0x29, 0x29, 0x20, 0x2a, 0x20, 0x30, 0x2e, 0x35, 0x29, 0x29, 0x20, 0x2b, // 1.0))) * 0.5)) +
	0x20, 0x28, 0x28, 0x76, 0x65, 0x63, 0x33, 0x28, 0x30, 0x2e, 0x32, 0x39, 0x36, 0x33, 0x36, 0x35, //  ((vec3(0.296365
	0x34, 0x36, 0x39, 0x36, 0x39, 0x34, 0x31, 0x33, 0x37, 0x35, 0x37, 0x33, 0x32, 0x34, 0x32, 0x31, // 4696941375732421
	0x38, 0x37, 0x35, 0x2c, 0x20, 0x30, 0x2e, 0x32, 0x38, 0x31, 0x32, 0x36, 0x38, 0x36, 0x38, 0x36, // 875, 0.281268686
	0x30, 0x35, 0x36, 0x31, 0x33, 0x37, 0x30, 0x38, 0x34, 0x39, 0x36, 0x30, 0x39, 0x33, 0x37, 0x35, // 0561370849609375
	0x2c, 0x20, 0x30, 0x2e, 0x32, 0x34, 0x33, 0x33, 0x32, 0x38, 0x32, 0x32, 0x38, 0x35, 0x39, 0x32, // , 0.243328228592
	0x38, 0x37, 0x32, 0x36, 0x31, 0x39, 0x36, 0x32, 0x38, 0x39, 0x30, 0x36, 0x32, 0x35, 0x29, 0x20, // 87261962890625) 
	0x2a, 0x20, 0x28, 0x28, 0x28, 0x2d, 0x31, 0x2e, 0x30, 0x39, 0x32, 0x35, 0x34, 0x38, 0x34, 0x38, // * (((-1.09254848
	0x39, 0x35, 0x37, 0x30, 0x36, 0x31, 0x37, 0x36, 0x37, 0x35, 0x37, 0x38, 0x31, 0x32, 0x35, 0x29, // 957061767578125)
	0x20, 0x2a, 0x20, 0x5f, 0x33, 0x31, 0x33, 0x29, 0x20, 0x2a, 0x20, 0x5f, 0x33, 0x30, 0x39, 0x29, //  * _313) * _309)
	0x29, 0x20, 0x2a, 0x20, 0x30, 0x2e, 0x35, 0x29, 0x29, 0x20, 0x2b, 0x20, 0x28, 0x28, 0x76, 0x65, // ) * 0.5)) + ((ve
	0x63, 0x33, 0x28, 0x2d, 0x30, 0x2e, 0x30, 0x37, 0x39, 0x38, 0x32, 0x36, 0x36, 0x36, 0x37, 0x39, // c3(-0.0798266679
	0x30, 0x34, 0x38, 0x35, 0x33, 0x38, 0x32, 0x30, 0x38, 0x30, 0x30, 0x37, 0x38, 0x31, 0x32, 0x35, // 0485382080078125
	0x2c, 0x20, 0x2d, 0x30, 0x2e, 0x31, 0x30, 0x39, 0x33, 0x34, 0x30, 0x39, 0x35, 0x38, 0x32, 0x39, // , -0.10934095829
	0x37, 0x32, 0x35, 0x32, 0x36, 0x35, 0x35, 0x30, 0x32, 0x39, 0x32, 0x39, 0x36, 0x38, 0x37, 0x35, // 7252655029296875
	0x2c, 0x20, 0x2d, 0x30, 0x2e, 0x31, 0x35, 0x37, 0x32, 0x30, 0x38, 0x38, 0x35, 0x39, 0x39, 0x32, // , -0.15720885992
	0x30, 0x35, 0x30, 0x31, 0x37, 0x30, 0x38, 0x39, 0x38, 0x34, 0x33, 0x37, 0x35, 0x29, 0x20, 0x2a, // 0501708984375) *
	0x20, 0x28, 0x30, 0x2e, 0x35, 0x34, 0x36, 0x32, 0x37, 0x34, 0x32, 0x34, 0x34, 0x37, 0x38, 0x35, //  (0.546274244785
	0x33, 0x30, 0x38, 0x38, 0x33, 0x37, 0x38, 0x39, 0x30, 0x36, 0x32, 0x35, 0x20, 0x2a, 0x20, 0x28, // 308837890625 * (
	0x28, 0x5f, 0x33, 0x31, 0x33, 0x20, 0x2a, 0x20, 0x5f, 0x33, 0x31, 0x33, 0x29, 0x20, 0x2d, 0x20, // (_313 * _313) - 
	0x28, 0x5f, 0x33, 0x30, 0x35, 0x20, 0x2a, 0x20, 0x5f, 0x33, 0x30, 0x35, 0x29, 0x29, 0x29, 0x29, // (_305 * _305))))
	0x20, 0x2a, 0x20, 0x30, 0x2e, 0x35, 0x29, 0x3b, 0x0a, 0x20, 0x20, 0x20, 0x20, 0x62, 0x67, 0x66, //  * 0.5);.    bgf
	0x78, 0x5f, 0x46, 0x72, 0x61, 0x67, 0x43, 0x6f, 0x6c, 0x6f, 0x72, 0x2e, 0x78, 0x20, 0x3d, 0x20, // x_FragColor.x = 
	0x5f, 0x34, 0x33, 0x39, 0x2e, 0x78, 0x3b, 0x0a, 0x20, 0x20, 0x20, 0x20, 0x62, 0x67, 0x66, 0x78, // _439.x;.    bgfx
	0x5f, 0x46, 0x72, 0x61, 0x67, 0x43, 0x6f, 0x6c, 0x6f, 0x72, 0x2e, 0x79, 0x20, 0x3d, 0x20, 0x5f, // _FragColor.y = _
	0x34, 0x33, 0x39, 0x2e, 0x79, 0x3b, 0x0a, 0x20, 0x20, 0x20, 0x20, 0x62, 0x67, 0x66, 0x78, 0x5f, // 439.y;.    bgfx_
	0x46, 0x72, 0x61, 0x67, 0x43, 0x6f, 0x6c, 0x6f, 0x72, 0x2e, 0x7a, 0x20, 0x3d, 0x20, 0x5f, 0x34, // FragColor.z = _4
	0x33, 0x39, 0x2e, 0x7a, 0x3b, 0x0a, 0x20, 0x20, 0x20, 0x20, 0x62, 0x67, 0x66, 0x78, 0x5f, 0x46, // 39.z;.    bgfx_F
	0x72, 0x61, 0x67, 0x43, 0x6f, 0x6c, 0x6f, 0x72, 0x2e, 0x77, 0x20, 0x3d, 0x20, 0x31, 0x2e, 0x30, // ragColor.w = 1.0
	0x3b, 0x0a, 0x7d, 0x0a, 0x0a, 0x00,                                                             // ;.}...
};
static const uint8_t fs_mesh_spv[2350] =
{
	0x46, 0x53, 0x48, 0x0c, 0xe3, 0xc2, 0x5c, 0x65, 0x00, 0x00, 0x00, 0x00, 0x00, 0x00, 0x00, 0x00, // FSH....e........
	0x00, 0x00, 0x00, 0x00, 0x00, 0x00, 0x10, 0x09, 0x00, 0x00, 0x03, 0x02, 0x23, 0x07, 0x00, 0x00, // ............#...
	0x01, 0x00, 0x0b, 0x00, 0x08, 0x00, 0x27, 0x02, 0x00, 0x00, 0x00, 0x00, 0x00, 0x00, 0x11, 0x00, // ......'.........
	0x02, 0x00, 0x01, 0x00, 0x00, 0x00, 0x0b, 0x00, 0x06, 0x00, 0x01, 0x00, 0x00, 0x00, 0x47, 0x4c, // ..............GL
	0x53, 0x4c, 0x2e, 0x73, 0x74, 0x64, 0x2e, 0x34, 0x35, 0x30, 0x00, 0x00, 0x00, 0x00, 0x0e, 0x00, // SL.std.450......
	0x03, 0x00, 0x00, 0x00, 0x00, 0x00, 0x01, 0x00, 0x00, 0x00, 0x0f, 0x00, 0x07, 0x00, 0x04, 0x00, // ................
	0x00, 0x00, 0x04, 0x00, 0x00, 0x00, 0x6d, 0x61, 0x69, 0x6e, 0x00, 0x00, 0x00, 0x00, 0x1d, 0x01, // ......main......
	0x00, 0x00, 0x28, 0x01, 0x00, 0x00, 0x10, 0x00, 0x03, 0x00, 0x04, 0x00, 0x00, 0x00, 0x07, 0x00, // ..(.............
	0x00, 0x00, 0x03, 0x00, 0x03, 0x00, 0x05, 0x00, 0x00, 0x00, 0xf4, 0x01, 0x00, 0x00, 0x05, 0x00, // ................
	0x04, 0x00, 0x04, 0x00, 0x00, 0x00, 0x6d, 0x61, 0x69, 0x6e, 0x00, 0x00, 0x00, 0x00, 0x05, 0x00, // ......main......
	0x05, 0x00, 0x1d, 0x01, 0x00, 0x00, 0x76, 0x5f, 0x6e, 0x6f, 0x72, 0x6d, 0x61, 0x6c, 0x00, 0x00, // ......v_normal..
	0x00, 0x00, 0x05, 0x00, 0x06, 0x00, 0x28, 0x01, 0x00, 0x00, 0x62, 0x67, 0x66, 0x78, 0x5f, 0x46, // ......(...bgfx_F
	0x72, 0x61, 0x67, 0x44, 0x61, 0x74, 0x61, 0x30, 0x00, 0x00, 0x47, 0x00, 0x04, 0x00, 0x1d, 0x01, // ragData0..G.....
	0x00, 0x00, 0x1e, 0x00, 0x00, 0x00, 0x00, 0x00, 0x00, 0x00, 0x47, 0x00, 0x04, 0x00, 0x28, 0x01, // ..........G...(.
	0x00, 0x00, 0x1e, 0x00, 0x00, 0x00, 0x00, 0x00, 0x00, 0x00, 0x13, 0x00, 0x02, 0x00, 0x02, 0x00, // ................
	0x00, 0x00, 0x21, 0x00, 0x03, 0x00, 0x03, 0x00, 0x00, 0x00, 0x02, 0x00, 0x00, 0x00, 0x16, 0x00, // ..!.............
	0x03, 0x00, 0x06, 0x00, 0x00, 0x00, 0x20, 0x00, 0x00, 0x00, 0x17, 0x00, 0x04, 0x00, 0x08, 0x00, // ...... .........
	0x00, 0x00, 0x06, 0x00, 0x00, 0x00, 0x03, 0x00, 0x00, 0x00, 0x17, 0x00, 0x04, 0x00, 0x0d, 0x00, // ................
	0x00, 0x00, 0x06, 0x00, 0x00, 0x00, 0x04, 0x00, 0x00, 0x00, 0x2b, 0x00, 0x04, 0x00, 0x06, 0x00, // ..........+.....
	0x00, 0x00, 0x33, 0x00, 0x00, 0x00, 0x14, 0xb1, 0xc4, 0xbe, 0x2b, 0x00, 0x04, 0x00, 0x06, 0x00, // ..3.......+.....
	0x00, 0x00, 0x34, 0x00, 0x00, 0x00, 0xfb, 0xd3, 0xd8, 0xbe, 0x2b, 0x00, 0x04, 0x00, 0x06, 0x00, // ..4.......+.....
	0x00, 0x00, 0x35, 0x00, 0x00, 0x00, 0x6d, 0xdf, 0xd9, 0xbe, 0x2c, 0x00, 0x06, 0x00, 0x08, 0x00, // ..5...m...,.....
	0x00, 0x00, 0x36, 0x00, 0x00, 0x00, 0x33, 0x00, 0x00, 0x00, 0x34, 0x00, 0x00, 0x00, 0x35, 0x00, // ..6...3...4...5.
	0x00, 0x00, 0x2b, 0x00, 0x04, 0x00, 0x06, 0x00, 0x00, 0x00, 0x39, 0x00, 0x00, 0x00, 0x00, 0xfe, // ..+.......9.....
	0x64, 0x3d, 0x2b, 0x00, 0x04, 0x00, 0x06, 0x00, 0x00, 0x00, 0x3a, 0x00, 0x00, 0x00, 0x2c, 0xf2, // d=+.......:...,.
	0x67, 0x3d, 0x2b, 0x00, 0x04, 0x00, 0x06, 0x00, 0x00, 0x00, 0x3b, 0x00, 0x00, 0x00, 0x66, 0x4c, // g=+.......;...fL
	0x8f, 0x3d, 0x2c, 0x00, 0x06, 0x00, 0x08, 0x00, 0x00, 0x00, 0x3c, 0x00, 0x00, 0x00, 0x39, 0x00, // .=,.......<...9.
	0x00, 0x00, 0x3a, 0x00, 0x00, 0x00, 0x3b, 0x00, 0x00, 0x00, 0x2b, 0x00, 0x04, 0x00, 0x06, 0x00, // ..:...;...+.....
	0x00, 0x00, 0x3f, 0x00, 0x00, 0x00, 0x11, 0xc7, 0xf7, 0x3d, 0x2b, 0x00, 0x04, 0x00, 0x06, 0x00, // ..?......=+.....
	0x00, 0x00, 0x40, 0x00, 0x00, 0x00, 0x82, 0x52, 0xf4, 0x3d, 0x2b, 0x00, 0x04, 0x00, 0x06, 0x00, // ..@....R.=+.....
	0x00, 0x00, 0x41, 0x00, 0x00, 0x00, 0x66, 0xd8, 0xef, 0x3d, 0x2c, 0x00, 0x06, 0x00, 0x08, 0x00, // ..A...f..=,.....
	0x00, 0x00, 0x42, 0x00, 0x00, 0x00, 0x3f, 0x00, 0x00, 0x00, 0x40, 0x00, 0x00, 0x00, 0x41, 0x00, // ..B...?...@...A.
	0x00, 0x00, 0x2b, 0x00, 0x04, 0x00, 0x06, 0x00, 0x00, 0x00, 0x45, 0x00, 0x00, 0x00, 0xe5, 0xf3, // ..+.......E.....
	0x34, 0xbe, 0x2b, 0x00, 0x04, 0x00, 0x06, 0x00, 0x00, 0x00, 0x46, 0x00, 0x00, 0x00, 0x5b, 0x6b, // 4.+.......F...[k
	0x2e, 0xbe, 0x2b, 0x00, 0x04, 0x00, 0x06, 0x00, 0x00, 0x00, 0x47, 0x00, 0x00, 0x00, 0x30, 0xfa, // ..+.......G...0.
	0x1a, 0xbe, 0x2c, 0x00, 0x06, 0x00, 0x08, 0x00, 0x00, 0x00, 0x48, 0x00, 0x00, 0x00, 0x45, 0x00, // ..,.......H...E.
	0x00, 0x00, 0x46, 0x00, 0x00, 0x00, 0x47, 0x00, 0x00, 0x00, 0x2b, 0x00, 0x04, 0x00, 0x06, 0x00, // ..F...G...+.....
	0x00, 0x00, 0x4b, 0x00, 0x00, 0x00, 0x56, 0x59, 0xff, 0xbd, 0x2b, 0x00, 0x04, 0x00, 0x06, 0x00, // ..K...VY..+.....
	0x00, 0x00, 0x4c, 0x00, 0x00, 0x00, 0xf1, 0x68, 0xf4, 0xbd, 0x2b, 0x00, 0x04, 0x00, 0x06, 0x00, // ..L....h..+.....
	0x00, 0x00, 0x4d, 0x00, 0x00, 0x00, 0x1f, 0x39, 0xc5, 0xbd, 0x2c, 0x00, 0x06, 0x00, 0x08, 0x00, // ..M....9..,.....
	0x00, 0x00, 0x4e, 0x00, 0x00, 0x00, 0x4b, 0x00, 0x00, 0x00, 0x4c, 0x00, 0x00, 0x00, 0x4d, 0x00, // ..N...K...L...M.
	0x00, 0x00, 0x2b, 0x00, 0x04, 0x00, 0x06, 0x00, 0x00, 0x00, 0x51, 0x00, 0x00, 0x00, 0x83, 0xcb, // ..+.......Q.....
	0xf2, 0x3a, 0x2b, 0x00, 0x04, 0x00, 0x06, 0x00, 0x00, 0x00, 0x52, 0x00, 0x00, 0x00, 0x03, 0x80, // .:+.......R.....
	0x05, 0xbd, 0x2b, 0x00, 0x04, 0x00, 0x06, 0x00, 0x00, 0x00, 0x53, 0x00, 0x00, 0x00, 0x8f, 0xa4, // ..+.......S.....
	0xb4, 0xbd, 0x2c, 0x00, 0x06, 0x00, 0x08, 0x00, 0x00, 0x00, 0x54, 0x00, 0x00, 0x00, 0x51, 0x00, // ..,.......T...Q.
	0x00, 0x00, 0x52, 0x00, 0x00, 0x00, 0x53, 0x00, 0x00, 0x00, 0x2b, 0x00, 0x04, 0x00, 0x06, 0x00, // ..R...S...+.....
	0x00, 0x00, 0x57, 0x00, 0x00, 0x00, 0x37, 0xbd, 0x97, 0x3e, 0x2b, 0x00, 0x04, 0x00, 0x06, 0x00, // ..W...7..>+.....
	0x00, 0x00, 0x58, 0x00, 0x00, 0x00, 0x73, 0x02, 0x90, 0x3e, 0x2b, 0x00, 0x04, 0x00, 0x06, 0x00, // ..X...s..>+.....
	0x00, 0x00, 0x59, 0x00, 0x00, 0x00, 0x09, 0x2b, 0x79, 0x3e, 0x2c, 0x00, 0x06, 0x00, 0x08, 0x00, // ..Y....+y>,.....
	0x00, 0x00, 0x5a, 0x00, 0x00, 0x00, 0x57, 0x00, 0x00, 0x00, 0x58, 0x00, 0x00, 0x00, 0x59, 0x00, // ..Z...W...X...Y.
	0x00, 0x00, 0x2b, 0x00, 0x04, 0x00, 0x06, 0x00, 0x00, 0x00, 0x5d, 0x00, 0x00, 0x00, 0x2a, 0x7c, // ..+.......]...*|
	0xa3, 0xbd, 0x2b, 0x00, 0x04, 0x00, 0x06, 0x00, 0x00, 0x00, 0x5e, 0x00, 0x00, 0x00, 0x27, 0xee, // ..+.......^...'.
	0xdf, 0xbd, 0x2b, 0x00, 0x04, 0x00, 0x06, 0x00, 0x00, 0x00, 0x5f, 0x00, 0x00, 0x00, 0x5c, 0xfb, // ..+......._.....
	0x20, 0xbe, 0x2c, 0x00, 0x06, 0x00, 0x08, 0x00, 0x00, 0x00, 0x60, 0x00, 0x00, 0x00, 0x5d, 0x00, //  .,.......`...].
	0x00, 0x00, 0x5e, 0x00, 0x00, 0x00, 0x5f, 0x00, 0x00, 0x00, 0x2b, 0x00, 0x04, 0x00, 0x06, 0x00, // ..^..._...+.....
	0x00, 0x00, 0x6a, 0x00, 0x00, 0x00, 0x1c, 0x2a, 0xfa, 0xbe, 0x2b, 0x00, 0x04, 0x00, 0x06, 0x00, // ..j....*..+.....
	0x00, 0x00, 0x70, 0x00, 0x00, 0x00, 0x1c, 0x2a, 0xfa, 0x3e, 0x2b, 0x00, 0x04, 0x00, 0x06, 0x00, // ..p....*.>+.....
	0x00, 0x00, 0x7b, 0x00, 0x00, 0x00, 0xa1, 0xd8, 0x8b, 0x3f, 0x2b, 0x00, 0x04, 0x00, 0x06, 0x00, // ..{......?+.....
	0x00, 0x00, 0x83, 0x00, 0x00, 0x00, 0xa1, 0xd8, 0x8b, 0xbf, 0x2b, 0x00, 0x04, 0x00, 0x06, 0x00, // ..........+.....
	0x00, 0x00, 0x8b, 0x00, 0x00, 0x00, 0x01, 0x7b, 0xa1, 0x3e, 0x2b, 0x00, 0x04, 0x00, 0x06, 0x00, // .......{.>+.....
	0x00, 0x00, 0x8c, 0x00, 0x00, 0x00, 0x00, 0x00, 0x40, 0x40, 0x2b, 0x00, 0x04, 0x00, 0x06, 0x00, // ........@@+.....
	0x00, 0x00, 0x93, 0x00, 0x00, 0x00, 0x00, 0x00, 0x80, 0x3f, 0x2b, 0x00, 0x04, 0x00, 0x06, 0x00, // .........?+.....
	0x00, 0x00, 0x9e, 0x00, 0x00, 0x00, 0xa1, 0xd8, 0x0b, 0x3f, 0x2b, 0x00, 0x04, 0x00, 0x06, 0x00, // .........?+.....
	0x00, 0x00, 0xbd, 0x00, 0x00, 0x00, 0x00, 0x00, 0x00, 0x40, 0x2b, 0x00, 0x04, 0x00, 0x06, 0x00, // .........@+.....
	0x00, 0x00, 0xe7, 0x00, 0x00, 0x00, 0x00, 0x00, 0x00, 0x3f, 0x20, 0x00, 0x04, 0x00, 0x1c, 0x01, // .........? .....
	0x00, 0x00, 0x01, 0x00, 0x00, 0x00, 0x08, 0x00, 0x00, 0x00, 0x3b, 0x00, 0x04, 0x00, 0x1c, 0x01, // ..........;.....
	0x00, 0x00, 0x1d, 0x01, 0x00, 0x00, 0x01, 0x00, 0x00, 0x00, 0x20, 0x00, 0x04, 0x00, 0x27, 0x01, // .......... ...'.
	0x00, 0x00, 0x03, 0x00, 0x00, 0x00, 0x0d, 0x00, 0x00, 0x00, 0x3b, 0x00, 0x04, 0x00, 0x27, 0x01, // ..........;...'.
	0x00, 0x00, 0x28, 0x01, 0x00, 0x00, 0x03, 0x00, 0x00, 0x00, 0x2b, 0x00, 0x04, 0x00, 0x06, 0x00, // ..(.......+.....
	0x00, 0x00, 0x1f, 0x02, 0x00, 0x00, 0x8e, 0xc6, 0x8b, 0x3e, 0x2b, 0x00, 0x04, 0x00, 0x06, 0x00, // .........>+.....
	0x00, 0x00, 0x20, 0x02, 0x00, 0x00, 0x6b, 0x0a, 0x8d, 0x3e, 0x2b, 0x00, 0x04, 0x00, 0x06, 0x00, // .. ...k..>+.....
	0x00, 0x00, 0x21, 0x02, 0x00, 0x00, 0x8e, 0xb8, 0x80, 0x3e, 0x2c, 0x00, 0x06, 0x00, 0x08, 0x00, // ..!......>,.....
	0x00, 0x00, 0x22, 0x02, 0x00, 0x00, 0x1f, 0x02, 0x00, 0x00, 0x20, 0x02, 0x00, 0x00, 0x21, 0x02, // .."....... ...!.
	0x00, 0x00, 0x2b, 0x00, 0x04, 0x00, 0x06, 0x00, 0x00, 0x00, 0x24, 0x02, 0x00, 0x00, 0xcd, 0xcc, // ..+.......$.....
	0xcc, 0x3e, 0x2c, 0x00, 0x06, 0x00, 0x08, 0x00, 0x00, 0x00, 0x25, 0x02, 0x00, 0x00, 0x24, 0x02, // .>,.......%...$.
	0x00, 0x00, 0x24, 0x02, 0x00, 0x00, 0x24, 0x02, 0x00, 0x00, 0x36, 0x00, 0x05, 0x00, 0x02, 0x00, // ..$...$...6.....
	0x00, 0x00, 0x04, 0x00, 0x00, 0x00, 0x00, 0x00, 0x00, 0x00, 0x03, 0x00, 0x00, 0x00, 0xf8, 0x00, // ................
	0x02, 0x00, 0x05, 0x00, 0x00, 0x00, 0x3d, 0x00, 0x04, 0x00, 0x08, 0x00, 0x00, 0x00, 0x1e, 0x01, // ......=.........
	0x00, 0x00, 0x1d, 0x01, 0x00, 0x00, 0x0c, 0x00, 0x06, 0x00, 0x08, 0x00, 0x00, 0x00, 0x46, 0x01, // ..............F.
	0x00, 0x00, 0x01, 0x00, 0x00, 0x00, 0x45, 0x00, 0x00, 0x00, 0x1e, 0x01, 0x00, 0x00, 0x51, 0x00, // ......E.......Q.
	0x05, 0x00, 0x06, 0x00, 0x00, 0x00, 0x68, 0x01, 0x00, 0x00, 0x46, 0x01, 0x00, 0x00, 0x00, 0x00, // ......h...F.....
	0x00, 0x00, 0x85, 0x00, 0x05, 0x00, 0x06, 0x00, 0x00, 0x00, 0x69, 0x01, 0x00, 0x00, 0x6a, 0x00, // ..........i...j.
	0x00, 0x00, 0x68, 0x01, 0x00, 0x00, 0x51, 0x00, 0x05, 0x00, 0x06, 0x00, 0x00, 0x00, 0x6c, 0x01, // ..h...Q.......l.
	0x00, 0x00, 0x46, 0x01, 0x00, 0x00, 0x01, 0x00, 0x00, 0x00, 0x85, 0x00, 0x05, 0x00, 0x06, 0x00, // ..F.............
	0x00, 0x00, 0x6d, 0x01, 0x00, 0x00, 0x70, 0x00, 0x00, 0x00, 0x6c, 0x01, 0x00, 0x00, 0x51, 0x00, // ..m...p...l...Q.
	0x05, 0x00, 0x06, 0x00, 0x00, 0x00, 0x70, 0x01, 0x00, 0x00, 0x46, 0x01, 0x00, 0x00, 0x02, 0x00, // ......p...F.....
	0x00, 0x00, 0x85, 0x00, 0x05, 0x00, 0x06, 0x00, 0x00, 0x00, 0x71, 0x01, 0x00, 0x00, 0x6a, 0x00, // ..........q...j.
	0x00, 0x00, 0x70, 0x01, 0x00, 0x00, 0x85, 0x00, 0x05, 0x00, 0x06, 0x00, 0x00, 0x00, 0x75, 0x01, // ..p...........u.
	0x00, 0x00, 0x7b, 0x00, 0x00, 0x00, 0x68, 0x01, 0x00, 0x00, 0x85, 0x00, 0x05, 0x00, 0x06, 0x00, // ..{...h.........
	0x00, 0x00, 0x78, 0x01, 0x00, 0x00, 0x75, 0x01, 0x00, 0x00, 0x70, 0x01, 0x00, 0x00, 0x85, 0x00, // ..x...u...p.....
	0x05, 0x00, 0x06, 0x00, 0x00, 0x00, 0x7c, 0x01, 0x00, 0x00, 0x83, 0x00, 0x00, 0x00, 0x68, 0x01, // ......|.......h.
	0x00, 0x00, 0x85, 0x00, 0x05, 0x00, 0x06, 0x00, 0x00, 0x00, 0x7f, 0x01, 0x00, 0x00, 0x7c, 0x01, // ..............|.
	0x00, 0x00, 0x6c, 0x01, 0x00, 0x00, 0x85, 0x00, 0x05, 0x00, 0x06, 0x00, 0x00, 0x00, 0x83, 0x01, // ..l.............
	0x00, 0x00, 0x8c, 0x00, 0x00, 0x00, 0x6c, 0x01, 0x00, 0x00, 0x85, 0x00, 0x05, 0x00, 0x06, 0x00, // ......l.........
	0x00, 0x00, 0x86, 0x01, 0x00, 0x00, 0x83, 0x01, 0x00, 0x00, 0x6c, 0x01, 0x00, 0x00, 0x83, 0x00, // ..........l.....
	0x05, 0x00, 0x06, 0x00, 0x00, 0x00, 0x87, 0x01, 0x00, 0x00, 0x86, 0x01, 0x00, 0x00, 0x93, 0x00, // ................
	0x00, 0x00, 0x85, 0x00, 0x05, 0x00, 0x06, 0x00, 0x00, 0x00, 0x88, 0x01, 0x00, 0x00, 0x8b, 0x00, // ................
	0x00, 0x00, 0x87, 0x01, 0x00, 0x00, 0x85, 0x00, 0x05, 0x00, 0x06, 0x00, 0x00, 0x00, 0x8c, 0x01, // ................
	0x00, 0x00, 0x83, 0x00, 0x00, 0x00, 0x70, 0x01, 0x00, 0x00, 0x85, 0x00, 0x05, 0x00, 0x06, 0x00, // ......p.........
	0x00, 0x00, 0x8f, 0x01, 0x00, 0x00, 0x8c, 0x01, 0x00, 0x00, 0x6c, 0x01, 0x00, 0x00, 0x85, 0x00, // ..........l.....
	0x05, 0x00, 0x06, 0x00, 0x00, 0x00, 0x95, 0x01, 0x00, 0x00, 0x70, 0x01, 0x00, 0x00, 0x70, 0x01, // ..........p...p.
	0x00, 0x00, 0x85, 0x00, 0x05, 0x00, 0x06, 0x00, 0x00, 0x00, 0x9a, 0x01, 0x00, 0x00, 0x68, 0x01, // ..............h.
	0x00, 0x00, 0x68, 0x01, 0x00, 0x00, 0x83, 0x00, 0x05, 0x00, 0x06, 0x00, 0x00, 0x00, 0x9b, 0x01, // ..h.............
	0x00, 0x00, 0x95, 0x01, 0x00, 0x00, 0x9a, 0x01, 0x00, 0x00, 0x85, 0x00, 0x05, 0x00, 0x06, 0x00, // ................
	0x00, 0x00, 0x9c, 0x01, 0x00, 0x00, 0x9e, 0x00, 0x00, 0x00, 0x9b, 0x01, 0x00, 0x00, 0x8e, 0x00, // ................
	0x05, 0x00, 0x08, 0x00, 0x00, 0x00, 0xab, 0x01, 0x00, 0x00, 0x36, 0x00, 0x00, 0x00, 0x69, 0x01, // ..........6...i.
	0x00, 0x00, 0x8e, 0x00, 0x05, 0x00, 0x08, 0x00, 0x00, 0x00, 0xac, 0x01, 0x00, 0x00, 0xab, 0x01, // ................
	0x00, 0x00, 0xbd, 0x00, 0x00, 0x00, 0x85, 0x00, 0x05, 0x00, 0x08, 0x00, 0x00, 0x00, 0xae, 0x01, // ................
	0x00, 0x00, 0xac, 0x01, 0x00, 0x00, 0x25, 0x02, 0x00, 0x00, 0x81, 0x00, 0x05, 0x00, 0x08, 0x00, // ......%.........
	0x00, 0x00, 0xb0, 0x01, 0x00, 0x00, 0x22, 0x02, 0x00, 0x00, 0xae, 0x01, 0x00, 0x00, 0x8e, 0x00, // ......".........
	0x05, 0x00, 0x08, 0x00, 0x00, 0x00, 0xb5, 0x01, 0x00, 0x00, 0x3c, 0x00, 0x00, 0x00, 0x6d, 0x01, // ..........<...m.
	0x00, 0x00, 0x8e, 0x00, 0x05, 0x00, 0x08, 0x00, 0x00, 0x00, 0xb6, 0x01, 0x00, 0x00, 0xb5, 0x01, // ................
	0x00, 0x00, 0xbd, 0x00, 0x00, 0x00, 0x85, 0x00, 0x05, 0x00, 0x08, 0x00, 0x00, 0x00, 0xb8, 0x01, // ................
	0x00, 0x00, 0xb6, 0x01, 0x00, 0x00, 0x25, 0x02, 0x00, 0x00, 0x81, 0x00, 0x05, 0x00, 0x08, 0x00, // ......%.........
	0x00, 0x00, 0xba, 0x01, 0x00, 0x00, 0xb0, 0x01, 0x00, 0x00, 0xb8, 0x01, 0x00, 0x00, 0x8e, 0x00, // ................
	0x05, 0x00, 0x08, 0x00, 0x00, 0x00, 0xbf, 0x01, 0x00, 0x00, 0x42, 0x00, 0x00, 0x00, 0x71, 0x01, // ..........B...q.
	0x00, 0x00, 0x8e, 0x00, 0x05, 0x00, 0x08, 0x00, 0x00, 0x00, 0xc0, 0x01, 0x00, 0x00, 0xbf, 0x01, // ................
	0x00, 0x00, 0xbd, 0x00, 0x00, 0x00, 0x85, 0x00, 0x05, 0x00, 0x08, 0x00, 0x00, 0x00, 0xc2, 0x01, // ................
	0x00, 0x00, 0xc0, 0x01, 0x00, 0x00, 0x25, 0x02, 0x00, 0x00, 0x81, 0x00, 0x05, 0x00, 0x08, 0x00, // ......%.........
	0x00, 0x00, 0xc4, 0x01, 0x00, 0x00, 0xba, 0x01, 0x00, 0x00, 0xc2, 0x01, 0x00, 0x00, 0x8e, 0x00, // ................
	0x05, 0x00, 0x08, 0x00, 0x00, 0x00, 0xc9, 0x01, 0x00, 0x00, 0x48, 0x00, 0x00, 0x00, 0x78, 0x01, // ..........H...x.
	0x00, 0x00, 0x8e, 0x00, 0x05, 0x00, 0x08, 0x00, 0x00, 0x00, 0xca, 0x01, 0x00, 0x00, 0xc9, 0x01, // ................
	0x00, 0x00, 0x93, 0x00, 0x00, 0x00, 0x85, 0x00, 0x05, 0x00, 0x08, 0x00, 0x00, 0x00, 0xcc, 0x01, // ................
	0x00, 0x00, 0xca, 0x01, 0x00, 0x00, 0x25, 0x02, 0x00, 0x00, 0x81, 0x00, 0x05, 0x00, 0x08, 0x00, // ......%.........
	0x00, 0x00, 0xce, 0x01, 0x00, 0x00, 0xc4, 0x01, 0x00, 0x00, 0xcc, 0x01, 0x00, 0x00, 0x8e, 0x00, // ................
	0x05, 0x00, 0x08, 0x00, 0x00, 0x00, 0xd3, 0x01, 0x00, 0x00, 0x4e, 0x00, 0x00, 0x00, 0x7f, 0x01, // ..........N.....
	0x00, 0x00, 0x8e, 0x00, 0x05, 0x00, 0x08, 0x00, 0x00, 0x00, 0xd4, 0x01, 0x00, 0x00, 0xd3, 0x01, // ................
	0x00, 0x00, 0xe7, 0x00, 0x00, 0x00, 0x81, 0x00, 0x05, 0x00, 0x08, 0x00, 0x00, 0x00, 0xd6, 0x01, // ................
	0x00, 0x00, 0xce, 0x01, 0x00, 0x00, 0xd4, 0x01, 0x00, 0x00, 0x8e, 0x00, 0x05, 0x00, 0x08, 0x00, // ................
	0x00, 0x00, 0xdb, 0x01, 0x00, 0x00, 0x54, 0x00, 0x00, 0x00, 0x88, 0x01, 0x00, 0x00, 0x8e, 0x00, // ......T.........
	0x05, 0x00, 0x08, 0x00, 0x00, 0x00, 0xdc, 0x01, 0x00, 0x00, 0xdb, 0x01, 0x00, 0x00, 0xe7, 0x00, // ................
	0x00, 0x00, 0x81, 0x00, 0x05, 0x00, 0x08, 0x00, 0x00, 0x00, 0xde, 0x01, 0x00, 0x00, 0xd6, 0x01, // ................
	0x00, 0x00, 0xdc, 0x01, 0x00, 0x00, 0x8e, 0x00, 0x05, 0x00, 0x08, 0x00, 0x00, 0x00, 0xe3, 0x01, // ................
	0x00, 0x00, 0x5a, 0x00, 0x00, 0x00, 0x8f, 0x01, 0x00, 0x00, 0x8e, 0x00, 0x05, 0x00, 0x08, 0x00, // ..Z.............
	0x00, 0x00, 0xe4, 0x01, 0x00, 0x00, 0xe3, 0x01, 0x00, 0x00, 0xe7, 0x00, 0x00, 0x00, 0x81, 0x00, // ................
	0x05, 0x00, 0x08, 0x00, 0x00, 0x00, 0xe6, 0x01, 0x00, 0x00, 0xde, 0x01, 0x00, 0x00, 0xe4, 0x01, // ................
	0x00, 0x00, 0x8e, 0x00, 0x05, 0x00, 0x08, 0x00, 0x00, 0x00, 0xeb, 0x01, 0x00, 0x00, 0x60, 0x00, // ..............`.
	0x00, 0x00, 0x9c, 0x01, 0x00, 0x00, 0x8e, 0x00, 0x05, 0x00, 0x08, 0x00, 0x00, 0x00, 0xec, 0x01, // ................
	0x00, 0x00, 0xeb, 0x01, 0x00, 0x00, 0xe7, 0x00, 0x00, 0x00, 0x81, 0x00, 0x05, 0x00, 0x08, 0x00, // ................
	0x00, 0x00, 0xee, 0x01, 0x00, 0x00, 0xe6, 0x01, 0x00, 0x00, 0xec, 0x01, 0x00, 0x00, 0x51, 0x00, // ..............Q.
	0x05, 0x00, 0x06, 0x00, 0x00, 0x00, 0x4a, 0x01, 0x00, 0x00, 0xee, 0x01, 0x00, 0x00, 0x00, 0x00, // ......J.........
	0x00, 0x00, 0x51, 0x00, 0x05, 0x00, 0x06, 0x00, 0x00, 0x00, 0x4c, 0x01, 0x00, 0x00, 0xee, 0x01, // ..Q.......L.....
	0x00, 0x00, 0x01, 0x00, 0x00, 0x00, 0x51, 0x00, 0x05, 0x00, 0x06, 0x00, 0x00, 0x00, 0x4e, 0x01, // ......Q.......N.
	0x00, 0x00, 0xee, 0x01, 0x00, 0x00, 0x02, 0x00, 0x00, 0x00, 0x50, 0x00, 0x07, 0x00, 0x0d, 0x00, // ..........P.....
	0x00, 0x00, 0x26, 0x02, 0x00, 0x00, 0x4a, 0x01, 0x00, 0x00, 0x4c, 0x01, 0x00, 0x00, 0x4e, 0x01, // ..&...J...L...N.
	0x00, 0x00, 0x93, 0x00, 0x00, 0x00, 0x3e, 0x00, 0x03, 0x00, 0x28, 0x01, 0x00, 0x00, 0x26, 0x02, // ......>...(...&.
	0x00, 0x00, 0xfd, 0x00, 0x01, 0x00, 0x38, 0x00, 0x01, 0x00, 0x00, 0x00, 0x00, 0x00,             // ......8.......
};
static const uint8_t fs_mesh_wgsl[1880] =
{
	0x46, 0x53, 0x48, 0x0c, 0xe3, 0xc2, 0x5c, 0x65, 0x00, 0x00, 0x00, 0x00, 0x00, 0x00, 0x00, 0x00, // FSH....e........
	0x00, 0x00, 0x00, 0x00, 0x00, 0x00, 0x38, 0x07, 0x00, 0x00, 0x64, 0x69, 0x61, 0x67, 0x6e, 0x6f, // ......8...diagno
	0x73, 0x74, 0x69, 0x63, 0x28, 0x6f, 0x66, 0x66, 0x2c, 0x20, 0x64, 0x65, 0x72, 0x69, 0x76, 0x61, // stic(off, deriva
	0x74, 0x69, 0x76, 0x65, 0x5f, 0x75, 0x6e, 0x69, 0x66, 0x6f, 0x72, 0x6d, 0x69, 0x74, 0x79, 0x29, // tive_uniformity)
	0x3b, 0x0a, 0x64, 0x69, 0x61, 0x67, 0x6e, 0x6f, 0x73, 0x74, 0x69, 0x63, 0x28, 0x6f, 0x66, 0x66, // ;.diagnostic(off
	0x2c, 0x20, 0x73, 0x75, 0x62, 0x67, 0x72, 0x6f, 0x75, 0x70, 0x5f, 0x75, 0x6e, 0x69, 0x66, 0x6f, // , subgroup_unifo
	0x72, 0x6d, 0x69, 0x74, 0x79, 0x29, 0x3b, 0x0a, 0x0a, 0x76, 0x61, 0x72, 0x3c, 0x70, 0x72, 0x69, // rmity);..var<pri
	0x76, 0x61, 0x74, 0x65, 0x3e, 0x20, 0x62, 0x67, 0x66, 0x78, 0x5f, 0x46, 0x72, 0x61, 0x67, 0x44, // vate> bgfx_FragD
	0x61, 0x74, 0x61, 0x30, 0x20, 0x3a, 0x20, 0x76, 0x65, 0x63, 0x34, 0x3c, 0x66, 0x33, 0x32, 0x3e, // ata0 : vec4<f32>
	0x3b, 0x0a, 0x0a, 0x66, 0x6e, 0x20, 0x6d, 0x61, 0x69, 0x6e, 0x5f, 0x69, 0x6e, 0x6e, 0x65, 0x72, // ;..fn main_inner
	0x28, 0x76, 0x5f, 0x6e, 0x6f, 0x72, 0x6d, 0x61, 0x6c, 0x20, 0x3a, 0x20, 0x76, 0x65, 0x63, 0x33, // (v_normal : vec3
	0x3c, 0x66, 0x33, 0x32, 0x3e, 0x29, 0x20, 0x7b, 0x0a, 0x20, 0x20, 0x6c, 0x65, 0x74, 0x20, 0x76, // <f32>) {.  let v
	0x20, 0x3d, 0x20, 0x6e, 0x6f, 0x72, 0x6d, 0x61, 0x6c, 0x69, 0x7a, 0x65, 0x28, 0x76, 0x5f, 0x6e, //  = normalize(v_n
	0x6f, 0x72, 0x6d, 0x61, 0x6c, 0x29, 0x3b, 0x0a, 0x20, 0x20, 0x6c, 0x65, 0x74, 0x20, 0x76, 0x5f, // ormal);.  let v_
	0x31, 0x20, 0x3d, 0x20, 0x76, 0x2e, 0x78, 0x3b, 0x0a, 0x20, 0x20, 0x6c, 0x65, 0x74, 0x20, 0x76, // 1 = v.x;.  let v
	0x5f, 0x32, 0x20, 0x3d, 0x20, 0x76, 0x2e, 0x79, 0x3b, 0x0a, 0x20, 0x20, 0x6c, 0x65, 0x74, 0x20, // _2 = v.y;.  let 
	0x76, 0x5f, 0x33, 0x20, 0x3d, 0x20, 0x76, 0x2e, 0x7a, 0x3b, 0x0a, 0x20, 0x20, 0x6c, 0x65, 0x74, // v_3 = v.z;.  let
	0x20, 0x76, 0x5f, 0x34, 0x20, 0x3d, 0x20, 0x28, 0x28, 0x28, 0x28, 0x28, 0x28, 0x28, 0x28, 0x76, //  v_4 = ((((((((v
	0x65, 0x63, 0x33, 0x3c, 0x66, 0x33, 0x32, 0x3e, 0x28, 0x30, 0x2e, 0x32, 0x37, 0x32, 0x39, 0x39, // ec3<f32>(0.27299
	0x39, 0x32, 0x32, 0x37, 0x30, 0x34, 0x36, 0x39, 0x36, 0x36, 0x35, 0x35, 0x32, 0x37, 0x33, 0x66, // 922704696655273f
	0x2c, 0x20, 0x30, 0x2e, 0x32, 0x37, 0x35, 0x34, 0x37, 0x30, 0x31, 0x30, 0x37, 0x37, 0x39, 0x33, // , 0.275470107793
	0x38, 0x30, 0x37, 0x39, 0x38, 0x33, 0x34, 0x66, 0x2c, 0x20, 0x30, 0x2e, 0x32, 0x35, 0x31, 0x34, // 8079834f, 0.2514
	0x30, 0x38, 0x30, 0x34, 0x30, 0x35, 0x32, 0x33, 0x35, 0x32, 0x39, 0x30, 0x35, 0x32, 0x37, 0x33, // 0804052352905273
	0x66, 0x29, 0x20, 0x2b, 0x20, 0x28, 0x28, 0x28, 0x76, 0x65, 0x63, 0x33, 0x3c, 0x66, 0x33, 0x32, // f) + (((vec3<f32
	0x3e, 0x28, 0x2d, 0x30, 0x2e, 0x33, 0x38, 0x34, 0x31, 0x36, 0x33, 0x34, 0x39, 0x38, 0x38, 0x37, // >(-0.38416349887
	0x38, 0x34, 0x37, 0x39, 0x30, 0x30, 0x33, 0x39, 0x31, 0x66, 0x2c, 0x20, 0x2d, 0x30, 0x2e, 0x34, // 847900391f, -0.4
	0x32, 0x33, 0x34, 0x39, 0x32, 0x32, 0x38, 0x32, 0x36, 0x32, 0x39, 0x30, 0x31, 0x33, 0x30, 0x36, // 2349228262901306
	0x31, 0x35, 0x32, 0x66, 0x2c, 0x20, 0x2d, 0x30, 0x2e, 0x34, 0x32, 0x35, 0x35, 0x33, 0x32, 0x37, // 152f, -0.4255327
	0x32, 0x38, 0x34, 0x33, 0x33, 0x36, 0x30, 0x39, 0x30, 0x30, 0x38, 0x37, 0x39, 0x66, 0x29, 0x20, // 2843360900879f) 
	0x2a, 0x20, 0x28, 0x2d, 0x30, 0x2e, 0x34, 0x38, 0x38, 0x36, 0x30, 0x32, 0x35, 0x31, 0x39, 0x30, // * (-0.4886025190
	0x33, 0x35, 0x33, 0x33, 0x39, 0x33, 0x35, 0x35, 0x34, 0x37, 0x66, 0x20, 0x2a, 0x20, 0x76, 0x5f, // 3533935547f * v_
	0x31, 0x29, 0x29, 0x20, 0x2a, 0x20, 0x32, 0x2e, 0x30, 0x66, 0x29, 0x20, 0x2a, 0x20, 0x76, 0x65, // 1)) * 2.0f) * ve
	0x63, 0x33, 0x3c, 0x66, 0x33, 0x32, 0x3e, 0x28, 0x30, 0x2e, 0x34, 0x30, 0x30, 0x30, 0x30, 0x30, // c3<f32>(0.400000
	0x30, 0x30, 0x35, 0x39, 0x36, 0x30, 0x34, 0x36, 0x34, 0x34, 0x37, 0x37, 0x35, 0x34, 0x66, 0x29, // 00596046447754f)
	0x29, 0x29, 0x20, 0x2b, 0x20, 0x28, 0x28, 0x28, 0x76, 0x65, 0x63, 0x33, 0x3c, 0x66, 0x33, 0x32, // )) + (((vec3<f32
	0x3e, 0x28, 0x30, 0x2e, 0x30, 0x35, 0x35, 0x39, 0x30, 0x36, 0x32, 0x39, 0x35, 0x37, 0x37, 0x36, // >(0.055906295776
	0x33, 0x36, 0x37, 0x31, 0x38, 0x37, 0x35, 0x66, 0x2c, 0x20, 0x30, 0x2e, 0x30, 0x35, 0x36, 0x36, // 3671875f, 0.0566
	0x32, 0x37, 0x34, 0x33, 0x37, 0x34, 0x37, 0x32, 0x33, 0x34, 0x33, 0x34, 0x34, 0x34, 0x38, 0x32, // 2743747234344482
	0x66, 0x2c, 0x20, 0x30, 0x2e, 0x30, 0x36, 0x39, 0x39, 0x36, 0x39, 0x39, 0x33, 0x37, 0x32, 0x30, // f, 0.06996993720
	0x35, 0x33, 0x31, 0x34, 0x36, 0x33, 0x36, 0x32, 0x33, 0x66, 0x29, 0x20, 0x2a, 0x20, 0x28, 0x30, // 531463623f) * (0
	0x2e, 0x34, 0x38, 0x38, 0x36, 0x30, 0x32, 0x35, 0x31, 0x39, 0x30, 0x33, 0x35, 0x33, 0x33, 0x39, // .488602519035339
	0x33, 0x35, 0x35, 0x34, 0x37, 0x66, 0x20, 0x2a, 0x20, 0x76, 0x5f, 0x32, 0x29, 0x29, 0x20, 0x2a, // 35547f * v_2)) *
	0x20, 0x32, 0x2e, 0x30, 0x66, 0x29, 0x20, 0x2a, 0x20, 0x76, 0x65, 0x63, 0x33, 0x3c, 0x66, 0x33, //  2.0f) * vec3<f3
	0x32, 0x3e, 0x28, 0x30, 0x2e, 0x34, 0x30, 0x30, 0x30, 0x30, 0x30, 0x30, 0x30, 0x35, 0x39, 0x36, // 2>(0.40000000596
	0x30, 0x34, 0x36, 0x34, 0x34, 0x37, 0x37, 0x35, 0x34, 0x66, 0x29, 0x29, 0x29, 0x20, 0x2b, 0x20, // 046447754f))) + 
	0x28, 0x28, 0x28, 0x76, 0x65, 0x63, 0x33, 0x3c, 0x66, 0x33, 0x32, 0x3e, 0x28, 0x30, 0x2e, 0x31, // (((vec3<f32>(0.1
	0x32, 0x30, 0x39, 0x38, 0x35, 0x31, 0x35, 0x37, 0x37, 0x38, 0x37, 0x37, 0x39, 0x39, 0x38, 0x33, // 2098515778779983
	0x35, 0x32, 0x31, 0x66, 0x2c, 0x20, 0x30, 0x2e, 0x31, 0x31, 0x39, 0x32, 0x39, 0x37, 0x39, 0x39, // 521f, 0.11929799
	0x36, 0x31, 0x36, 0x33, 0x33, 0x36, 0x38, 0x32, 0x32, 0x35, 0x31, 0x66, 0x2c, 0x20, 0x30, 0x2e, // 61633682251f, 0.
	0x31, 0x31, 0x37, 0x31, 0x31, 0x31, 0x39, 0x36, 0x36, 0x30, 0x31, 0x33, 0x39, 0x30, 0x38, 0x33, // 1171119660139083
	0x38, 0x36, 0x32, 0x33, 0x66, 0x29, 0x20, 0x2a, 0x20, 0x28, 0x2d, 0x30, 0x2e, 0x34, 0x38, 0x38, // 8623f) * (-0.488
	0x36, 0x30, 0x32, 0x35, 0x31, 0x39, 0x30, 0x33, 0x35, 0x33, 0x33, 0x39, 0x33, 0x35, 0x35, 0x34, // 6025190353393554
	0x37, 0x66, 0x20, 0x2a, 0x20, 0x76, 0x5f, 0x33, 0x29, 0x29, 0x20, 0x2a, 0x20, 0x32, 0x2e, 0x30, // 7f * v_3)) * 2.0
	0x66, 0x29, 0x20, 0x2a, 0x20, 0x76, 0x65, 0x63, 0x33, 0x3c, 0x66, 0x33, 0x32, 0x3e, 0x28, 0x30, // f) * vec3<f32>(0
	0x2e, 0x34, 0x30, 0x30, 0x30, 0x30, 0x30, 0x30, 0x30, 0x35, 0x39, 0x36, 0x30, 0x34, 0x36, 0x34, // .400000005960464
	0x34, 0x37, 0x37, 0x35, 0x34, 0x66, 0x29, 0x29, 0x29, 0x20, 0x2b, 0x20, 0x28, 0x28, 0x28, 0x76, // 47754f))) + (((v
	0x65, 0x63, 0x33, 0x3c, 0x66, 0x33, 0x32, 0x3e, 0x28, 0x2d, 0x30, 0x2e, 0x31, 0x37, 0x36, 0x37, // ec3<f32>(-0.1767
	0x31, 0x31, 0x36, 0x33, 0x33, 0x38, 0x30, 0x31, 0x34, 0x36, 0x30, 0x32, 0x36, 0x36, 0x31, 0x31, // 1163380146026611
	0x66, 0x2c, 0x20, 0x2d, 0x30, 0x2e, 0x31, 0x37, 0x30, 0x33, 0x33, 0x31, 0x34, 0x30, 0x33, 0x36, // f, -0.1703314036
	0x31, 0x33, 0x30, 0x39, 0x30, 0x35, 0x31, 0x35, 0x31, 0x34, 0x66, 0x2c, 0x20, 0x2d, 0x30, 0x2e, // 1309051514f, -0.
	0x31, 0x35, 0x31, 0x33, 0x34, 0x35, 0x30, 0x31, 0x34, 0x35, 0x37, 0x32, 0x31, 0x34, 0x33, 0x35, // 1513450145721435
	0x35, 0x34, 0x36, 0x39, 0x66, 0x29, 0x20, 0x2a, 0x20, 0x28, 0x28, 0x31, 0x2e, 0x30, 0x39, 0x32, // 5469f) * ((1.092
	0x35, 0x34, 0x38, 0x34, 0x38, 0x39, 0x35, 0x37, 0x30, 0x36, 0x31, 0x37, 0x36, 0x37, 0x35, 0x37, // 5484895706176757
	0x38, 0x66, 0x20, 0x2a, 0x20, 0x76, 0x5f, 0x31, 0x29, 0x20, 0x2a, 0x20, 0x76, 0x5f, 0x33, 0x29, // 8f * v_1) * v_3)
	0x29, 0x20, 0x2a, 0x20, 0x31, 0x2e, 0x30, 0x66, 0x29, 0x20, 0x2a, 0x20, 0x76, 0x65, 0x63, 0x33, // ) * 1.0f) * vec3
	0x3c, 0x66, 0x33, 0x32, 0x3e, 0x28, 0x30, 0x2e, 0x34, 0x30, 0x30, 0x30, 0x30, 0x30, 0x30, 0x30, // <f32>(0.40000000
	0x35, 0x39, 0x36, 0x30, 0x34, 0x36, 0x34, 0x34, 0x37, 0x37, 0x35, 0x34, 0x66, 0x29, 0x29, 0x29, // 596046447754f)))
	0x20, 0x2b, 0x20, 0x28, 0x28, 0x76, 0x65, 0x63, 0x33, 0x3c, 0x66, 0x33, 0x32, 0x3e, 0x28, 0x2d, //  + ((vec3<f32>(-
	0x30, 0x2e, 0x31, 0x32, 0x34, 0x36, 0x38, 0x32, 0x31, 0x31, 0x33, 0x35, 0x32, 0x38, 0x32, 0x35, // 0.12468211352825
	0x31, 0x36, 0x34, 0x37, 0x39, 0x35, 0x66, 0x2c, 0x20, 0x2d, 0x30, 0x2e, 0x31, 0x31, 0x39, 0x33, // 164795f, -0.1193
	0x34, 0x30, 0x37, 0x38, 0x34, 0x38, 0x34, 0x37, 0x37, 0x33, 0x36, 0x33, 0x35, 0x38, 0x36, 0x34, // 4078484773635864
	0x66, 0x2c, 0x20, 0x2d, 0x30, 0x2e, 0x30, 0x39, 0x36, 0x33, 0x30, 0x30, 0x33, 0x35, 0x36, 0x30, // f, -0.0963003560
	0x39, 0x30, 0x30, 0x36, 0x38, 0x38, 0x31, 0x37, 0x31, 0x34, 0x66, 0x29, 0x20, 0x2a, 0x20, 0x28, // 9006881714f) * (
	0x28, 0x2d, 0x31, 0x2e, 0x30, 0x39, 0x32, 0x35, 0x34, 0x38, 0x34, 0x38, 0x39, 0x35, 0x37, 0x30, // (-1.092548489570
	0x36, 0x31, 0x37, 0x36, 0x37, 0x35, 0x37, 0x38, 0x66, 0x20, 0x2a, 0x20, 0x76, 0x5f, 0x31, 0x29, // 61767578f * v_1)
	0x20, 0x2a, 0x20, 0x76, 0x5f, 0x32, 0x29, 0x29, 0x20, 0x2a, 0x20, 0x30, 0x2e, 0x35, 0x66, 0x29, //  * v_2)) * 0.5f)
	0x29, 0x20, 0x2b, 0x20, 0x28, 0x28, 0x76, 0x65, 0x63, 0x33, 0x3c, 0x66, 0x33, 0x32, 0x3e, 0x28, // ) + ((vec3<f32>(
	0x30, 0x2e, 0x30, 0x30, 0x31, 0x38, 0x35, 0x32, 0x33, 0x37, 0x38, 0x35, 0x39, 0x38, 0x34, 0x31, // 0.00185237859841
	0x34, 0x33, 0x36, 0x31, 0x34, 0x38, 0x66, 0x2c, 0x20, 0x2d, 0x30, 0x2e, 0x30, 0x33, 0x32, 0x35, // 436148f, -0.0325
	0x39, 0x32, 0x37, 0x38, 0x34, 0x36, 0x31, 0x33, 0x33, 0x37, 0x30, 0x38, 0x39, 0x35, 0x33, 0x39, // 9278461337089539
	0x66, 0x2c, 0x20, 0x2d, 0x30, 0x2e, 0x30, 0x38, 0x38, 0x32, 0x30, 0x34, 0x34, 0x39, 0x35, 0x36, // f, -0.0882044956
	0x30, 0x38, 0x38, 0x30, 0x36, 0x36, 0x31, 0x30, 0x31, 0x31, 0x66, 0x29, 0x20, 0x2a, 0x20, 0x28, // 0880661011f) * (
	0x30, 0x2e, 0x33, 0x31, 0x35, 0x33, 0x39, 0x31, 0x35, 0x37, 0x30, 0x33, 0x32, 0x39, 0x36, 0x36, // 0.31539157032966
	0x36, 0x31, 0x33, 0x37, 0x37, 0x66, 0x20, 0x2a, 0x20, 0x28, 0x28, 0x28, 0x33, 0x2e, 0x30, 0x66, // 61377f * (((3.0f
	0x20, 0x2a, 0x20, 0x76, 0x5f, 0x32, 0x29, 0x20, 0x2a, 0x20, 0x76, 0x5f, 0x32, 0x29, 0x20, 0x2d, //  * v_2) * v_2) -
	0x20, 0x31, 0x2e, 0x30, 0x66, 0x29, 0x29, 0x29, 0x20, 0x2a, 0x20, 0x30, 0x2e, 0x35, 0x66, 0x29, //  1.0f))) * 0.5f)
	0x29, 0x20, 0x2b, 0x20, 0x28, 0x28, 0x76, 0x65, 0x63, 0x33, 0x3c, 0x66, 0x33, 0x32, 0x3e, 0x28, // ) + ((vec3<f32>(
	0x30, 0x2e, 0x32, 0x39, 0x36, 0x33, 0x36, 0x35, 0x34, 0x36, 0x39, 0x36, 0x39, 0x34, 0x31, 0x33, // 0.29636546969413
	0x37, 0x35, 0x37, 0x33, 0x32, 0x34, 0x66, 0x2c, 0x20, 0x30, 0x2e, 0x32, 0x38, 0x31, 0x32, 0x36, // 757324f, 0.28126
	0x38, 0x36, 0x38, 0x36, 0x30, 0x35, 0x36, 0x31, 0x33, 0x37, 0x30, 0x38, 0x34, 0x39, 0x36, 0x66, // 868605613708496f
	0x2c, 0x20, 0x30, 0x2e, 0x32, 0x34, 0x33, 0x33, 0x32, 0x38, 0x32, 0x32, 0x38, 0x35, 0x39, 0x32, // , 0.243328228592
	0x38, 0x37, 0x32, 0x36, 0x31, 0x39, 0x36, 0x33, 0x66, 0x29, 0x20, 0x2a, 0x20, 0x28, 0x28, 0x2d, // 87261963f) * ((-
	0x31, 0x2e, 0x30, 0x39, 0x32, 0x35, 0x34, 0x38, 0x34, 0x38, 0x39, 0x35, 0x37, 0x30, 0x36, 0x31, // 1.09254848957061
	0x37, 0x36, 0x37, 0x35, 0x37, 0x38, 0x66, 0x20, 0x2a, 0x20, 0x76, 0x5f, 0x33, 0x29, 0x20, 0x2a, // 767578f * v_3) *
	0x20, 0x76, 0x5f, 0x32, 0x29, 0x29, 0x20, 0x2a, 0x20, 0x30, 0x2e, 0x35, 0x66, 0x29, 0x29, 0x20, //  v_2)) * 0.5f)) 
	0x2b, 0x20, 0x28, 0x28, 0x76, 0x65, 0x63, 0x33, 0x3c, 0x66, 0x33, 0x32, 0x3e, 0x28, 0x2d, 0x30, // + ((vec3<f32>(-0
	0x2e, 0x30, 0x37, 0x39, 0x38, 0x32, 0x36, 0x36, 0x36, 0x37, 0x39, 0x30, 0x34, 0x38, 0x35, 0x33, // .079826667904853
	0x38, 0x32, 0x30, 0x38, 0x66, 0x2c, 0x20, 0x2d, 0x30, 0x2e, 0x31, 0x30, 0x39, 0x33, 0x34, 0x30, // 8208f, -0.109340
	0x39, 0x35, 0x38, 0x32, 0x39, 0x37, 0x32, 0x35, 0x32, 0x36, 0x35, 0x35, 0x30, 0x33, 0x66, 0x2c, // 95829725265503f,
	0x20, 0x2d, 0x30, 0x2e, 0x31, 0x35, 0x37, 0x32, 0x30, 0x38, 0x38, 0x35, 0x39, 0x39, 0x32, 0x30, //  -0.157208859920
	0x35, 0x30, 0x31, 0x37, 0x30, 0x38, 0x39, 0x38, 0x66, 0x29, 0x20, 0x2a, 0x20, 0x28, 0x30, 0x2e, // 50170898f) * (0.
	0x35, 0x34, 0x36, 0x32, 0x37, 0x34, 0x32, 0x34, 0x34, 0x37, 0x38, 0x35, 0x33, 0x30, 0x38, 0x38, // 5462742447853088
	0x33, 0x37, 0x38, 0x39, 0x66, 0x20, 0x2a, 0x20, 0x28, 0x28, 0x76, 0x5f, 0x33, 0x20, 0x2a, 0x20, // 3789f * ((v_3 * 
	0x76, 0x5f, 0x33, 0x29, 0x20, 0x2d, 0x20, 0x28, 0x76, 0x5f, 0x31, 0x20, 0x2a, 0x20, 0x76, 0x5f, // v_3) - (v_1 * v_
	0x31, 0x29, 0x29, 0x29, 0x29, 0x20, 0x2a, 0x20, 0x30, 0x2e, 0x35, 0x66, 0x29, 0x29, 0x3b, 0x0a, // 1)))) * 0.5f));.
	0x20, 0x20, 0x62, 0x67, 0x66, 0x78, 0x5f, 0x46, 0x72, 0x61, 0x67, 0x44, 0x61, 0x74, 0x61, 0x30, //   bgfx_FragData0
	0x20, 0x3d, 0x20, 0x76, 0x65, 0x63, 0x34, 0x3c, 0x66, 0x33, 0x32, 0x3e, 0x28, 0x76, 0x5f, 0x34, //  = vec4<f32>(v_4
	0x2e, 0x78, 0x2c, 0x20, 0x76, 0x5f, 0x34, 0x2e, 0x79, 0x2c, 0x20, 0x76, 0x5f, 0x34, 0x2e, 0x7a, // .x, v_4.y, v_4.z
	0x2c, 0x20, 0x31, 0x2e, 0x30, 0x66, 0x29, 0x3b, 0x0a, 0x7d, 0x0a, 0x0a, 0x40, 0x66, 0x72, 0x61, // , 1.0f);.}..@fra
	0x67, 0x6d, 0x65, 0x6e, 0x74, 0x0a, 0x66, 0x6e, 0x20, 0x6d, 0x61, 0x69, 0x6e, 0x28, 0x40, 0x6c, // gment.fn main(@l
	0x6f, 0x63, 0x61, 0x74, 0x69, 0x6f, 0x6e, 0x28, 0x30, 0x75, 0x29, 0x20, 0x76, 0x5f, 0x6e, 0x6f, // ocation(0u) v_no
	0x72, 0x6d, 0x61, 0x6c, 0x20, 0x3a, 0x20, 0x76, 0x65, 0x63, 0x33, 0x3c, 0x66, 0x33, 0x32, 0x3e, // rmal : vec3<f32>
	0x29, 0x20, 0x2d, 0x3e, 0x20, 0x40, 0x6c, 0x6f, 0x63, 0x61, 0x74, 0x69, 0x6f, 0x6e, 0x28, 0x30, // ) -> @location(0
	0x75, 0x29, 0x20, 0x76, 0x65, 0x63, 0x34, 0x3c, 0x66, 0x33, 0x32, 0x3e, 0x20, 0x7b, 0x0a, 0x20, // u) vec4<f32> {. 
	0x20, 0x6d, 0x61, 0x69, 0x6e, 0x5f, 0x69, 0x6e, 0x6e, 0x65, 0x72, 0x28, 0x76, 0x5f, 0x6e, 0x6f, //  main_inner(v_no
	0x72, 0x6d, 0x61, 0x6c, 0x29, 0x3b, 0x0a, 0x20, 0x20, 0x72, 0x65, 0x74, 0x75, 0x72, 0x6e, 0x20, // rmal);.  return 
	0x62, 0x67, 0x66, 0x78, 0x5f, 0x46, 0x72, 0x61, 0x67, 0x44, 0x61, 0x74, 0x61, 0x30, 0x3b, 0x0a, // bgfx_FragData0;.
	0x7d, 0x0a, 0x00, 0x00, 0x00, 0x00, 0x00, 0x00,                                                 // }.......
};
static const uint8_t fs_mesh_dxbc[890] =
{
	0x46, 0x53, 0x48, 0x0c, 0xe3, 0xc2, 0x5c, 0x65, 0x00, 0x00, 0x00, 0x00, 0x00, 0x00, 0x00, 0x00, // FSH....e........
	0x00, 0x00, 0x00, 0x00, 0x00, 0x00, 0x5c, 0x03, 0x00, 0x00, 0x44, 0x58, 0x42, 0x43, 0x15, 0x86, // ..........DXBC..
	0xf4, 0xff, 0x46, 0x5a, 0xea, 0x4b, 0x79, 0xb0, 0xc8, 0xc2, 0xb2, 0x75, 0xb4, 0x10, 0x01, 0x00, // ..FZ.Ky....u....
	0x00, 0x00, 0x5c, 0x03, 0x00, 0x00, 0x03, 0x00, 0x00, 0x00, 0x2c, 0x00, 0x00, 0x00, 0x80, 0x00, // ..........,.....
	0x00, 0x00, 0xb4, 0x00, 0x00, 0x00, 0x49, 0x53, 0x47, 0x4e, 0x4c, 0x00, 0x00, 0x00, 0x02, 0x00, // ......ISGNL.....
	0x00, 0x00, 0x08, 0x00, 0x00, 0x00, 0x38, 0x00, 0x00, 0x00, 0x00, 0x00, 0x00, 0x00, 0x01, 0x00, // ......8.........
	0x00, 0x00, 0x03, 0x00, 0x00, 0x00, 0x00, 0x00, 0x00, 0x00, 0x0f, 0x00, 0x00, 0x00, 0x44, 0x00, // ..............D.
	0x00, 0x00, 0x00, 0x00, 0x00, 0x00, 0x00, 0x00, 0x00, 0x00, 0x03, 0x00, 0x00, 0x00, 0x01, 0x00, // ................
	0x00, 0x00, 0x07, 0x07, 0x00, 0x00, 0x53, 0x56, 0x5f, 0x50, 0x4f, 0x53, 0x49, 0x54, 0x49, 0x4f, // ......SV_POSITIO
	0x4e, 0x00, 0x4e, 0x4f, 0x52, 0x4d, 0x41, 0x4c, 0x00, 0xab, 0x4f, 0x53, 0x47, 0x4e, 0x2c, 0x00, // N.NORMAL..OSGN,.
	0x00, 0x00, 0x01, 0x00, 0x00, 0x00, 0x08, 0x00, 0x00, 0x00, 0x20, 0x00, 0x00, 0x00, 0x00, 0x00, // .......... .....
	0x00, 0x00, 0x00, 0x00, 0x00, 0x00, 0x03, 0x00, 0x00, 0x00, 0x00, 0x00, 0x00, 0x00, 0x0f, 0x00, // ................
	0x00, 0x00, 0x53, 0x56, 0x5f, 0x54, 0x41, 0x52, 0x47, 0x45, 0x54, 0x00, 0xab, 0xab, 0x53, 0x48, // ..SV_TARGET...SH
	0x45, 0x58, 0xa0, 0x02, 0x00, 0x00, 0x50, 0x00, 0x00, 0x00, 0xa8, 0x00, 0x00, 0x00, 0x6a, 0x08, // EX....P.......j.
	0x00, 0x01, 0x62, 0x10, 0x00, 0x03, 0x72, 0x10, 0x10, 0x00, 0x01, 0x00, 0x00, 0x00, 0x65, 0x00, // ..b...r.......e.
	0x00, 0x03, 0xf2, 0x20, 0x10, 0x00, 0x00, 0x00, 0x00, 0x00, 0x68, 0x00, 0x00, 0x02, 0x03, 0x00, // ... ......h.....
	0x00, 0x00, 0x10, 0x00, 0x00, 0x07, 0x12, 0x00, 0x10, 0x00, 0x00, 0x00, 0x00, 0x00, 0x46, 0x12, // ..............F.
	0x10, 0x00, 0x01, 0x00, 0x00, 0x00, 0x46, 0x12, 0x10, 0x00, 0x01, 0x00, 0x00, 0x00, 0x44, 0x00, // ......F.......D.
	0x00, 0x05, 0x12, 0x00, 0x10, 0x00, 0x00, 0x00, 0x00, 0x00, 0x0a, 0x00, 0x10, 0x00, 0x00, 0x00, // ................
	0x00, 0x00, 0x38, 0x00, 0x00, 0x07, 0xf2, 0x00, 0x10, 0x00, 0x00, 0x00, 0x00, 0x00, 0x06, 0x00, // ..8.............
	0x10, 0x00, 0x00, 0x00, 0x00, 0x00, 0x06, 0x19, 0x10, 0x00, 0x01, 0x00, 0x00, 0x00, 0x32, 0x00, // ..............2.
	0x00, 0x0f, 0x72, 0x00, 0x10, 0x00, 0x01, 0x00, 0x00, 0x00, 0x56, 0x05, 0x10, 0x00, 0x00, 0x00, // ..r.......V.....
	0x00, 0x00, 0x02, 0x40, 0x00, 0x00, 0x3a, 0xc4, 0x19, 0x3e, 0x25, 0x82, 0x29, 0x3e, 0x39, 0x53, // ...@..:..>%.)>9S
	0x2a, 0x3e, 0x00, 0x00, 0x00, 0x00, 0x02, 0x40, 0x00, 0x00, 0x8e, 0xc6, 0x8b, 0x3e, 0x6b, 0x0a, // *>.....@.....>k.
	0x8d, 0x3e, 0x8e, 0xb8, 0x80, 0x3e, 0x00, 0x00, 0x00, 0x00, 0x32, 0x00, 0x00, 0x0c, 0x72, 0x00, // .>...>....2...r.
	0x10, 0x00, 0x01, 0x00, 0x00, 0x00, 0xa6, 0x0a, 0x10, 0x00, 0x00, 0x00, 0x00, 0x00, 0x02, 0x40, // ...............@
	0x00, 0x00, 0x92, 0x04, 0xb3, 0x3c, 0xb8, 0x53, 0xb5, 0x3c, 0x16, 0x0d, 0xe0, 0x3c, 0x00, 0x00, // .....<.S.<...<..
	0x00, 0x00, 0x46, 0x02, 0x10, 0x00, 0x01, 0x00, 0x00, 0x00, 0x32, 0x00, 0x00, 0x0c, 0x72, 0x00, // ..F.......2...r.
	0x10, 0x00, 0x01, 0x00, 0x00, 0x00, 0xf6, 0x0f, 0x10, 0x00, 0x00, 0x00, 0x00, 0x00, 0x02, 0x40, // ...............@
	0x00, 0x00, 0x20, 0xb4, 0x41, 0xbd, 0x9c, 0x00, 0x3f, 0xbd, 0xa0, 0x80, 0x3b, 0xbd, 0x00, 0x00, // .. .A...?...;...
	0x00, 0x00, 0x46, 0x02, 0x10, 0x00, 0x01, 0x00, 0x00, 0x00, 0x38, 0x00, 0x00, 0x07, 0xf2, 0x00, // ..F.......8.....
	0x10, 0x00, 0x02, 0x00, 0x00, 0x00, 0x46, 0x0e, 0x10, 0x00, 0x00, 0x00, 0x00, 0x00, 0xb6, 0x0a, // ......F.........
	0x10, 0x00, 0x00, 0x00, 0x00, 0x00, 0x32, 0x00, 0x00, 0x0c, 0x72, 0x00, 0x10, 0x00, 0x01, 0x00, // ......2...r.....
	0x00, 0x00, 0x06, 0x00, 0x10, 0x00, 0x02, 0x00, 0x00, 0x00, 0x02, 0x40, 0x00, 0x00, 0xe2, 0x28, // ...........@...(
	0x9e, 0xbd, 0x04, 0x73, 0x98, 0xbd, 0xc8, 0x74, 0x87, 0xbd, 0x00, 0x00, 0x00, 0x00, 0x46, 0x02, // ...s...t......F.
	0x10, 0x00, 0x01, 0x00, 0x00, 0x00, 0x32, 0x00, 0x00, 0x0c, 0x72, 0x00, 0x10, 0x00, 0x01, 0x00, // ......2...r.....
	0x00, 0x00, 0x56, 0x05, 0x10, 0x00, 0x02, 0x00, 0x00, 0x00, 0x02, 0x40, 0x00, 0x00, 0x96, 0x7d, // ..V........@...}
	0x8b, 0x3d, 0xcd, 0x83, 0x85, 0x3d, 0xd0, 0x79, 0x57, 0x3d, 0x00, 0x00, 0x00, 0x00, 0x46, 0x02, // .=...=.yW=....F.
	0x10, 0x00, 0x01, 0x00, 0x00, 0x00, 0x32, 0x00, 0x00, 0x09, 0x12, 0x00, 0x10, 0x00, 0x00, 0x00, // ......2.........
	0x00, 0x00, 0x2a, 0x00, 0x10, 0x00, 0x02, 0x00, 0x00, 0x00, 0x01, 0x40, 0x00, 0x00, 0x00, 0x00, // ..*........@....
	0x40, 0x40, 0x01, 0x40, 0x00, 0x00, 0x00, 0x00, 0x80, 0xbf, 0x32, 0x00, 0x00, 0x0c, 0x72, 0x00, // @@.@......2...r.
	0x10, 0x00, 0x01, 0x00, 0x00, 0x00, 0x06, 0x00, 0x10, 0x00, 0x00, 0x00, 0x00, 0x00, 0x02, 0x40, // ...............@
	0x00, 0x00, 0xa6, 0x26, 0x99, 0x39, 0x4e, 0x6b, 0xa8, 0xbb, 0x93, 0xe4, 0x63, 0xbc, 0x00, 0x00, // ...&.9Nk....c...
	0x00, 0x00, 0x46, 0x02, 0x10, 0x00, 0x01, 0x00, 0x00, 0x00, 0x32, 0x00, 0x00, 0x0c, 0x72, 0x00, // ..F.......2...r.
	0x10, 0x00, 0x01, 0x00, 0x00, 0x00, 0xf6, 0x0f, 0x10, 0x00, 0x02, 0x00, 0x00, 0x00, 0x02, 0x40, // ...............@
	0x00, 0x00, 0x48, 0xc8, 0x25, 0xbe, 0x62, 0x56, 0x1d, 0xbe, 0x37, 0x1d, 0x08, 0xbe, 0x00, 0x00, // ..H.%.bV..7.....
	0x00, 0x00, 0x46, 0x02, 0x10, 0x00, 0x01, 0x00, 0x00, 0x00, 0x38, 0x00, 0x00, 0x07, 0x12, 0x00, // ..F.......8.....
	0x10, 0x00, 0x00, 0x00, 0x00, 0x00, 0x1a, 0x00, 0x10, 0x00, 0x00, 0x00, 0x00, 0x00, 0x1a, 0x00, // ................
	0x10, 0x00, 0x00, 0x00, 0x00, 0x00, 0x32, 0x00, 0x00, 0x0a, 0x12, 0x00, 0x10, 0x00, 0x00, 0x00, // ......2.........
	0x00, 0x00, 0x3a, 0x00, 0x10, 0x00, 0x00, 0x00, 0x00, 0x00, 0x3a, 0x00, 0x10, 0x00, 0x00, 0x00, // ..:.......:.....
	0x00, 0x00, 0x0a, 0x00, 0x10, 0x80, 0x41, 0x00, 0x00, 0x00, 0x00, 0x00, 0x00, 0x00, 0x32, 0x00, // ......A.......2.
	0x00, 0x0c, 0x72, 0x20, 0x10, 0x00, 0x00, 0x00, 0x00, 0x00, 0x06, 0x00, 0x10, 0x00, 0x00, 0x00, // ..r ............
	0x00, 0x00, 0x02, 0x40, 0x00, 0x00, 0x85, 0x9d, 0xb2, 0xbc, 0x9a, 0xa7, 0xf4, 0xbc, 0x69, 0xe1, // ...@..........i.
	0x2f, 0xbd, 0x00, 0x00, 0x00, 0x00, 0x46, 0x02, 0x10, 0x00, 0x01, 0x00, 0x00, 0x00, 0x36, 0x00, // /.....F.......6.
	0x00, 0x05, 0x82, 0x20, 0x10, 0x00, 0x00, 0x00, 0x00, 0x00, 0x01, 0x40, 0x00, 0x00, 0x00, 0x00, // ... .......@....
	0x80, 0x3f, 0x3e, 0x00, 0x00, 0x01, 0x00, 0x00, 0x00, 0x00,                                     // .?>.......
};
static const uint8_t fs_mesh_dxil[3626] =
{
	0x46, 0x53, 0x48, 0x0c, 0xe3, 0xc2, 0x5c, 0x65, 0x00, 0x00, 0x00, 0x00, 0x00, 0x00, 0x00, 0x00, // FSH....e........
	0x00, 0x00, 0x00, 0x00, 0x00, 0x00, 0x0c, 0x0e, 0x00, 0x00, 0x44, 0x58, 0x42, 0x43, 0xf0, 0xca, // ..........DXBC..
	0xe6, 0x59, 0xc0, 0xfa, 0xb0, 0x2f, 0x4c, 0x88, 0x8a, 0x73, 0x02, 0x92, 0xb1, 0x21, 0x01, 0x00, // .Y.../L..s...!..
	0x00, 0x00, 0x0c, 0x0e, 0x00, 0x00, 0x07, 0x00, 0x00, 0x00, 0x3c, 0x00, 0x00, 0x00, 0x4c, 0x00, // ..........<...L.
	0x00, 0x00, 0xb0, 0x00, 0x00, 0x00, 0xec, 0x00, 0x00, 0x00, 0xa4, 0x01, 0x00, 0x00, 0xd4, 0x06, // ................
	0x00, 0x00, 0xf0, 0x06, 0x00, 0x00, 0x53, 0x46, 0x49, 0x30, 0x08, 0x00, 0x00, 0x00, 0x00, 0x00, // ......SFI0......
	0x00, 0x00, 0x00, 0x00, 0x00, 0x00, 0x49, 0x53, 0x47, 0x31, 0x5c, 0x00, 0x00, 0x00, 0x02, 0x00, // ......ISG1......
	0x00, 0x00, 0x08, 0x00, 0x00, 0x00, 0x00, 0x00, 0x00, 0x00, 0x48, 0x00, 0x00, 0x00, 0x00, 0x00, // ..........H.....
	0x00, 0x00, 0x01, 0x00, 0x00, 0x00, 0x03, 0x00, 0x00, 0x00, 0x00, 0x00, 0x00, 0x00, 0x0f, 0x00, // ................
	0x00, 0x00, 0x00, 0x00, 0x00, 0x00, 0x00, 0x00, 0x00, 0x00, 0x54, 0x00, 0x00, 0x00, 0x00, 0x00, // ..........T.....
	0x00, 0x00, 0x00, 0x00, 0x00, 0x00, 0x03, 0x00, 0x00, 0x00, 0x01, 0x00, 0x00, 0x00, 0x07, 0x07, // ................
	0x00, 0x00, 0x00, 0x00, 0x00, 0x00, 0x53, 0x56, 0x5f, 0x50, 0x6f, 0x73, 0x69, 0x74, 0x69, 0x6f, // ......SV_Positio
	0x6e, 0x00, 0x4e, 0x4f, 0x52, 0x4d, 0x41, 0x4c, 0x00, 0x00, 0x4f, 0x53, 0x47, 0x31, 0x34, 0x00, // n.NORMAL..OSG14.
	0x00, 0x00, 0x01, 0x00, 0x00, 0x00, 0x08, 0x00, 0x00, 0x00, 0x00, 0x00, 0x00, 0x00, 0x28, 0x00, // ..............(.
	0x00, 0x00, 0x00, 0x00, 0x00, 0x00, 0x40, 0x00, 0x00, 0x00, 0x03, 0x00, 0x00, 0x00, 0x00, 0x00, // ......@.........
	0x00, 0x00, 0x0f, 0x00, 0x00, 0x00, 0x00, 0x00, 0x00, 0x00, 0x53, 0x56, 0x5f, 0x54, 0x61, 0x72, // ..........SV_Tar
	0x67, 0x65, 0x74, 0x00, 0x00, 0x00, 0x50, 0x53, 0x56, 0x30, 0xb0, 0x00, 0x00, 0x00, 0x38, 0x00, // get...PSV0....8.
	0x00, 0x00, 0x00, 0x00, 0x00, 0x00, 0x00, 0x00, 0x00, 0x00, 0x00, 0x00, 0x00, 0x00, 0x00, 0x00, // ................
	0x00, 0x00, 0x00, 0x00, 0x00, 0x00, 0xff, 0xff, 0xff, 0xff, 0x00, 0x00, 0x00, 0x00, 0x02, 0x01, // ................
	0x00, 0x02, 0x01, 0x00, 0x00, 0x00, 0x00, 0x00, 0x00, 0x00, 0x00, 0x00, 0x00, 0x00, 0x00, 0x00, // ................
	0x00, 0x00, 0x08, 0x00, 0x00, 0x00, 0x00, 0x00, 0x00, 0x00, 0x00, 0x00, 0x00, 0x00, 0x10, 0x00, // ................
	0x00, 0x00, 0x00, 0x4e, 0x4f, 0x52, 0x4d, 0x41, 0x4c, 0x00, 0x6d, 0x61, 0x69, 0x6e, 0x00, 0x00, // ...NORMAL.main..
	0x00, 0x00, 0x01, 0x00, 0x00, 0x00, 0x00, 0x00, 0x00, 0x00, 0x10, 0x00, 0x00, 0x00, 0x00, 0x00, // ................
	0x00, 0x00, 0x00, 0x00, 0x00, 0x00, 0x01, 0x00, 0x44, 0x03, 0x03, 0x04, 0x00, 0x00, 0x01, 0x00, // ........D.......
	0x00, 0x00, 0x00, 0x00, 0x00, 0x00, 0x01, 0x01, 0x43, 0x00, 0x03, 0x02, 0x00, 0x00, 0x00, 0x00, // ........C.......
	0x00, 0x00, 0x00, 0x00, 0x00, 0x00, 0x01, 0x00, 0x44, 0x10, 0x03, 0x00, 0x00, 0x00, 0x00, 0x00, // ........D.......
	0x00, 0x00, 0x00, 0x00, 0x00, 0x00, 0x00, 0x00, 0x00, 0x00, 0x00, 0x00, 0x00, 0x00, 0x07, 0x00, // ................
	0x00, 0x00, 0x07, 0x00, 0x00, 0x00, 0x07, 0x00, 0x00, 0x00, 0x00, 0x00, 0x00, 0x00, 0x53, 0x54, // ..............ST
	0x41, 0x54, 0x28, 0x05, 0x00, 0x00, 0x60, 0x00, 0x00, 0x00, 0x4a, 0x01, 0x00, 0x00, 0x44, 0x58, // AT(...`...J...DX
	0x49, 0x4c, 0x00, 0x01, 0x00, 0x00, 0x10, 0x00, 0x00, 0x00, 0x10, 0x05, 0x00, 0x00, 0x42, 0x43, // IL............BC
	0xc0, 0xde, 0x21, 0x0c, 0x00, 0x00, 0x41, 0x01, 0x00, 0x00, 0x0b, 0x82, 0x20, 0x00, 0x02, 0x00, // ..!...A..... ...
	0x00, 0x00, 0x13, 0x00, 0x00, 0x00, 0x07, 0x81, 0x23, 0x91, 0x41, 0xc8, 0x04, 0x49, 0x06, 0x10, // ........#.A..I..
	0x32, 0x39, 0x92, 0x01, 0x84, 0x0c, 0x25, 0x05, 0x08, 0x19, 0x1e, 0x04, 0x8b, 0x62, 0x80, 0x14, // 29....%......b..
	0x45, 0x02, 0x42, 0x92, 0x0b, 0x42, 0xa4, 0x10, 0x32, 0x14, 0x38, 0x08, 0x18, 0x4b, 0x0a, 0x32, // E.B..B..2.8..K.2
	0x52, 0x88, 0x48, 0x90, 0x14, 0x20, 0x43, 0x46, 0x88, 0xa5, 0x00, 0x19, 0x32, 0x42, 0xe4, 0x48, // R.H.. CF....2B.H
	0x0e, 0x90, 0x91, 0x22, 0xc4, 0x50, 0x41, 0x51, 0x81, 0x8c, 0xe1, 0x83, 0xe5, 0x8a, 0x04, 0x29, // ...".PAQ.......)
	0x46, 0x06, 0x51, 0x18, 0x00, 0x00, 0x06, 0x00, 0x00, 0x00, 0x1b, 0x8c, 0xe0, 0xff, 0xff, 0xff, // F.Q.............
	0xff, 0x07, 0x40, 0x02, 0xa8, 0x0d, 0x84, 0xf0, 0xff, 0xff, 0xff, 0xff, 0x03, 0x20, 0x01, 0x00, // ..@.......... ..
	0x00, 0x00, 0x49, 0x18, 0x00, 0x00, 0x02, 0x00, 0x00, 0x00, 0x13, 0x82, 0x60, 0x42, 0x20, 0x00, // ..I.........`B .
	0x00, 0x00, 0x89, 0x20, 0x00, 0x00, 0x13, 0x00, 0x00, 0x00, 0x32, 0x22, 0x48, 0x09, 0x20, 0x64, // ... ......2"H. d
	0x85, 0x04, 0x93, 0x22, 0xa4, 0x84, 0x04, 0x93, 0x22, 0xe3, 0x84, 0xa1, 0x90, 0x14, 0x12, 0x4c, // ..."...."......L
	0x8a, 0x8c, 0x0b, 0x84, 0xa4, 0x4c, 0x10, 0x40, 0x23, 0x00, 0x25, 0x00, 0x14, 0x66, 0x00, 0xe6, // .....L.@#.%..f..
	0x08, 0xc0, 0x60, 0x8e, 0x00, 0x29, 0xc6, 0x20, 0x84, 0x14, 0x42, 0xa6, 0x18, 0x80, 0x10, 0x52, // ..`..). ..B....R
	0x06, 0xa1, 0x82, 0x0c, 0x32, 0xc6, 0x18, 0x63, 0x90, 0x2a, 0xc3, 0x20, 0x83, 0xd8, 0x40, 0x40, // ....2..c.*. ..@@
	0x26, 0x10, 0x00, 0x00, 0x00, 0x00, 0x13, 0x14, 0x72, 0xc0, 0x87, 0x74, 0x60, 0x87, 0x36, 0x68, // &.......r..t`.6h
	0x87, 0x79, 0x68, 0x03, 0x72, 0xc0, 0x87, 0x0d, 0xaf, 0x50, 0x0e, 0x6d, 0xd0, 0x0e, 0x7a, 0x50, // .yh.r....P.m..zP
	0x0e, 0x6d, 0x00, 0x0f, 0x7a, 0x30, 0x07, 0x72, 0xa0, 0x07, 0x73, 0x20, 0x07, 0x6d, 0x90, 0x0e, // .m..z0.r..s .m..
	0x71, 0xa0, 0x07, 0x73, 0x20, 0x07, 0x6d, 0x90, 0x0e, 0x78, 0xa0, 0x07, 0x73, 0x20, 0x07, 0x6d, // q..s .m..x..s .m
	0x90, 0x0e, 0x71, 0x60, 0x07, 0x7a, 0x30, 0x07, 0x72, 0xd0, 0x06, 0xe9, 0x30, 0x07, 0x72, 0xa0, // ..q`.z0.r...0.r.
	0x07, 0x73, 0x20, 0x07, 0x6d, 0x90, 0x0e, 0x76, 0x40, 0x07, 0x7a, 0x60, 0x07, 0x74, 0xd0, 0x06, // .s .m..v@.z`.t..
	0xe6, 0x10, 0x07, 0x76, 0xa0, 0x07, 0x73, 0x20, 0x07, 0x6d, 0x60, 0x0e, 0x73, 0x20, 0x07, 0x7a, // ...v..s .m`.s .z
	0x30, 0x07, 0x72, 0xd0, 0x06, 0xe6, 0x60, 0x07, 0x74, 0xa0, 0x07, 0x76, 0x40, 0x07, 0x6d, 0xe0, // 0.r...`.t..v@.m.
	0x0e, 0x78, 0xa0, 0x07, 0x71, 0x60, 0x07, 0x7a, 0x30, 0x07, 0x72, 0xa0, 0x07, 0x76, 0x40, 0x07, // .x..q`.z0.r..v@.
	0x43, 0x9e, 0x00, 0x08, 0x00, 0x00, 0x00, 0x00, 0x00, 0x00, 0x00, 0x00, 0x00, 0x86, 0x3c, 0x06, // C.............<.
	0x10, 0x00, 0x01, 0x00, 0x00, 0x00, 0x00, 0x00, 0x00, 0x00, 0x0c, 0x79, 0x10, 0x20, 0x00, 0x04, // ...........y. ..
	0x00, 0x00, 0x00, 0x00, 0x00, 0x00, 0x00, 0x18, 0xf2, 0x28, 0x40, 0x00, 0x04, 0x00, 0x00, 0x00, // .........(@.....
	0x00, 0x00, 0x00, 0x00, 0x30, 0xe4, 0x61, 0x80, 0x00, 0x08, 0x00, 0x00, 0x00, 0x00, 0x00, 0x00, // ....0.a.........
	0x00, 0x20, 0x0b, 0x04, 0x00, 0x00, 0x0d, 0x00, 0x00, 0x00, 0x32, 0x1e, 0x98, 0x14, 0x19, 0x11, // . ........2.....
	0x4c, 0x90, 0x8c, 0x09, 0x26, 0x47, 0xc6, 0x04, 0x43, 0x22, 0x25, 0x30, 0x02, 0x50, 0x0c, 0x65, // L...&G..C"%0.P.e
	0x50, 0x0e, 0xe5, 0x51, 0x7c, 0xc5, 0x18, 0x50, 0x08, 0x54, 0x4a, 0xa2, 0x0c, 0x0a, 0x61, 0x04, // P..Q|..P.TJ...a.
	0xa0, 0x08, 0x0a, 0x84, 0xde, 0x58, 0xc9, 0x41, 0x00, 0x00, 0x00, 0x1c, 0xc7, 0x01, 0x79, 0x18, // .....X.A......y.
	0x00, 0x00, 0x64, 0x00, 0x00, 0x00, 0x1a, 0x03, 0x4c, 0x90, 0x46, 0x02, 0x13, 0xc4, 0x8f, 0x0c, // ..d.....L.F.....
	0x6f, 0xec, 0xed, 0x4d, 0x0c, 0x24, 0xc6, 0x25, 0x06, 0xc6, 0x45, 0xc6, 0x06, 0xa6, 0xc6, 0x65, // o..M.$.%..E....e
	0xe6, 0x06, 0x04, 0x65, 0x8c, 0x86, 0x0c, 0xc7, 0x8c, 0xc6, 0x2c, 0x27, 0x27, 0x65, 0x43, 0x10, // ...e......,''eC.
	0x4c, 0x10, 0x88, 0x62, 0x82, 0x40, 0x18, 0x1b, 0x84, 0x81, 0xd8, 0x20, 0x10, 0x04, 0x05, 0xb8, // L..b.@..... ....
	0xb9, 0x09, 0x02, 0x71, 0x6c, 0x18, 0x0e, 0x84, 0x98, 0x20, 0x08, 0xc0, 0x06, 0x60, 0xc3, 0x40, // ...ql.... ...`.@
	0x2c, 0xcb, 0x86, 0x80, 0xd9, 0x30, 0x0c, 0x4a, 0x33, 0x41, 0x78, 0xa8, 0x0d, 0xc1, 0x43, 0xa2, // ,....0.J3Ax...C.
	0x2d, 0x2c, 0xcd, 0x8d, 0xcb, 0x94, 0xd5, 0x17, 0xd4, 0xdb, 0x5c, 0x1a, 0x5d, 0xda, 0x9b, 0xdb, // -,..........]...
	0x04, 0xa1, 0x70, 0x26, 0x08, 0xc5, 0xb3, 0x21, 0x20, 0x26, 0x08, 0x05, 0x34, 0x41, 0x28, 0xa2, // ..p&...! &..4A(.
	0x0d, 0x0b, 0x21, 0x4d, 0x54, 0x65, 0x0d, 0x16, 0x71, 0x01, 0x34, 0x9c, 0x9e, 0xa4, 0x9a, 0x82, // ..!MTe..q.4.....
	0x98, 0x26, 0x08, 0x85, 0x34, 0x41, 0x20, 0x90, 0x09, 0x02, 0x91, 0x6c, 0x10, 0x36, 0x6e, 0xc3, // .&..4A ....l.6n.
	0x32, 0x64, 0xd3, 0x55, 0x69, 0x03, 0x35, 0x5c, 0xdd, 0x06, 0x01, 0xf3, 0x98, 0x4c, 0x59, 0x7d, // 2d.Ui.5......LY}
	0x51, 0x85, 0xc9, 0x9d, 0x95, 0xd1, 0x4d, 0x10, 0x8a, 0x69, 0x82, 0x40, 0x28, 0x1b, 0x84, 0x4d, // Q.....M..i.@(..M
	0x0c, 0x36, 0x2c, 0x04, 0x18, 0x4c, 0x61, 0x50, 0x5d, 0x83, 0x45, 0x5c, 0x63, 0xb0, 0x21, 0x20, // .6,..LaP].E.c.! 
	0x83, 0x0d, 0xc3, 0x57, 0x06, 0xc0, 0x86, 0x42, 0x89, 0xcc, 0x00, 0x00, 0x68, 0x98, 0xb1, 0xbd, // ...W...B....h...
	0x85, 0xd1, 0xcd, 0x4d, 0x10, 0x88, 0x85, 0x45, 0x9a, 0xdb, 0x1c, 0xdd, 0xdc, 0x04, 0x81, 0x60, // ...M...E.......`
	0x68, 0xcc, 0xa5, 0x9d, 0x7d, 0xb1, 0x91, 0xd1, 0x98, 0x4b, 0x3b, 0xfb, 0x9a, 0xa3, 0x9b, 0x20, // h...}....K;.... 
	0x10, 0xcd, 0x06, 0x04, 0x0d, 0xd2, 0x40, 0x0d, 0xd6, 0x80, 0x0d, 0xb6, 0x36, 0x70, 0x83, 0x2a, // ......@.....6p.*
	0x6c, 0x6c, 0x76, 0x6d, 0x2e, 0x69, 0x64, 0x65, 0x6e, 0x74, 0x53, 0x82, 0xa0, 0x0a, 0x19, 0x9e, // llvm.identS.....
	0x8b, 0x5d, 0x99, 0xdc, 0x5c, 0xda, 0x9b, 0xdb, 0x94, 0x80, 0x68, 0x42, 0x86, 0xe7, 0x62, 0x17, // .]........hB..b.
	0xc6, 0x66, 0x57, 0x26, 0x37, 0x25, 0x28, 0xea, 0x90, 0xe1, 0xb9, 0xcc, 0xa1, 0x85, 0x91, 0x95, // .fW&7%(.........
	0xc9, 0x35, 0xbd, 0x91, 0x95, 0xb1, 0x4d, 0x09, 0x90, 0x4a, 0x64, 0x78, 0x2e, 0x74, 0x79, 0x70, // .5....M..Jdx.typ
	0x65, 0x41, 0x6e, 0x6e, 0x6f, 0x74, 0x61, 0x74, 0x69, 0x6f, 0x6e, 0x73, 0x53, 0x82, 0xa6, 0x0e, // eAnnotationsS...
	0x19, 0x9e, 0x8b, 0x5d, 0x5a, 0xd9, 0x5d, 0x12, 0xd9, 0x14, 0x5d, 0x18, 0x5d, 0xd9, 0x94, 0xe0, // ...]Z.]...].]...
	0xa9, 0x43, 0x86, 0xe7, 0x52, 0xe6, 0x46, 0x27, 0x97, 0x07, 0xf5, 0x96, 0xe6, 0x46, 0x37, 0x37, // .C..R.F'.....F77
	0x25, 0x30, 0x83, 0x2e, 0x64, 0x78, 0x2e, 0x63, 0x6f, 0x75, 0x6e, 0x74, 0x65, 0x72, 0x73, 0x53, // %0..dx.countersS
	0x02, 0x37, 0x00, 0x00, 0x00, 0x00, 0x79, 0x18, 0x00, 0x00, 0x4c, 0x00, 0x00, 0x00, 0x33, 0x08, // .7....y...L...3.
	0x80, 0x1c, 0xc4, 0xe1, 0x1c, 0x66, 0x14, 0x01, 0x3d, 0x88, 0x43, 0x38, 0x84, 0xc3, 0x8c, 0x42, // .....f..=.C8...B
	0x80, 0x07, 0x79, 0x78, 0x07, 0x73, 0x98, 0x71, 0x0c, 0xe6, 0x00, 0x0f, 0xed, 0x10, 0x0e, 0xf4, // ..yx.s.q........
	0x80, 0x0e, 0x33, 0x0c, 0x42, 0x1e, 0xc2, 0xc1, 0x1d, 0xce, 0xa1, 0x1c, 0x66, 0x30, 0x05, 0x3d, // ..3.B.......f0.=
	0x88, 0x43, 0x38, 0x84, 0x83, 0x1b, 0xcc, 0x03, 0x3d, 0xc8, 0x43, 0x3d, 0x8c, 0x03, 0x3d, 0xcc, // .C8.....=.C=..=.
	0x78, 0x8c, 0x74, 0x70, 0x07, 0x7b, 0x08, 0x07, 0x79, 0x48, 0x87, 0x70, 0x70, 0x07, 0x7a, 0x70, // x.tp.{..yH.pp.zp
	0x03, 0x76, 0x78, 0x87, 0x70, 0x20, 0x87, 0x19, 0xcc, 0x11, 0x0e, 0xec, 0x90, 0x0e, 0xe1, 0x30, // .vx.p .........0
	0x0f, 0x6e, 0x30, 0x0f, 0xe3, 0xf0, 0x0e, 0xf0, 0x50, 0x0e, 0x33, 0x10, 0xc4, 0x1d, 0xde, 0x21, // .n0.....P.3....!
	0x1c, 0xd8, 0x21, 0x1d, 0xc2, 0x61, 0x1e, 0x66, 0x30, 0x89, 0x3b, 0xbc, 0x83, 0x3b, 0xd0, 0x43, // ..!..a.f0.;..;.C
	0x39, 0xb4, 0x03, 0x3c, 0xbc, 0x83, 0x3c, 0x84, 0x03, 0x3b, 0xcc, 0xf0, 0x14, 0x76, 0x60, 0x07, // 9..<..<..;...v`.
	0x7b, 0x68, 0x07, 0x37, 0x68, 0x87, 0x72, 0x68, 0x07, 0x37, 0x80, 0x87, 0x70, 0x90, 0x87, 0x70, // {h.7h.rh.7..p..p
	0x60, 0x07, 0x76, 0x28, 0x07, 0x76, 0xf8, 0x05, 0x76, 0x78, 0x87, 0x77, 0x80, 0x87, 0x5f, 0x08, // `.v(.v..vx.w.._.
	0x87, 0x71, 0x18, 0x87, 0x72, 0x98, 0x87, 0x79, 0x98, 0x81, 0x2c, 0xee, 0xf0, 0x0e, 0xee, 0xe0, // .q..r..y..,.....
	0x0e, 0xf5, 0xc0, 0x0e, 0xec, 0x30, 0x03, 0x62, 0xc8, 0xa1, 0x1c, 0xe4, 0xa1, 0x1c, 0xcc, 0xa1, // .....0.b........
	0x1c, 0xe4, 0xa1, 0x1c, 0xdc, 0x61, 0x1c, 0xca, 0x21, 0x1c, 0xc4, 0x81, 0x1d, 0xca, 0x61, 0x06, // .....a..!.....a.
	0xd6, 0x90, 0x43, 0x39, 0xc8, 0x43, 0x39, 0x98, 0x43, 0x39, 0xc8, 0x43, 0x39, 0xb8, 0xc3, 0x38, // ..C9.C9.C9.C9..8
	0x94, 0x43, 0x38, 0x88, 0x03, 0x3b, 0x94, 0xc3, 0x2f, 0xbc, 0x83, 0x3c, 0xfc, 0x82, 0x3b, 0xd4, // .C8..;../..<..;.
	0x03, 0x3b, 0xb0, 0xc3, 0x0c, 0xc4, 0x21, 0x07, 0x7c, 0x70, 0x03, 0x7a, 0x28, 0x87, 0x76, 0x80, // .;....!.|p.z(.v.
	0x87, 0x19, 0xd1, 0x43, 0x0e, 0xf8, 0xe0, 0x06, 0xe4, 0x20, 0x0e, 0xe7, 0xe0, 0x06, 0xf6, 0x10, // ...C..... ......
	0x0e, 0xf2, 0xc0, 0x0e, 0xe1, 0x90, 0x0f, 0xef, 0x50, 0x0f, 0xf4, 0x00, 0x00, 0x00, 0x71, 0x20, // ........P.....q 
	0x00, 0x00, 0x11, 0x00, 0x00, 0x00, 0x36, 0xe0, 0x0c, 0x97, 0xef, 0x3c, 0xfe, 0xe0, 0x4c, 0xb7, // ......6....<..L.
	0x5f, 0xdc, 0xb6, 0x05, 0x4c, 0xc3, 0xe5, 0x3b, 0x8f, 0xbf, 0x38, 0xc0, 0x20, 0x36, 0x0f, 0x35, // _...L..;..8. 6.5
	0xf9, 0xc5, 0x6d, 0x9b, 0x40, 0x35, 0x5c, 0xbe, 0xf3, 0xf8, 0xd2, 0xe4, 0x44, 0x04, 0x4a, 0x4d, // ..m.@5......D.JM
	0x0f, 0x35, 0xf9, 0xc5, 0x6d, 0x1b, 0xc1, 0x33, 0x5c, 0xbe, 0xf3, 0xf8, 0x54, 0x03, 0x44, 0x98, // .5..m..3....T.D.
	0x5f, 0xdc, 0xb6, 0x01, 0x10, 0x0c, 0x80, 0x34, 0x00, 0x00, 0x00, 0x00, 0x00, 0x00, 0x48, 0x41, // _......4......HA
	0x53, 0x48, 0x14, 0x00, 0x00, 0x00, 0x00, 0x00, 0x00, 0x00, 0xd1, 0x00, 0xad, 0x22, 0x6c, 0xa2, // SH..........."l.
	0x44, 0x1a, 0xc9, 0x2f, 0xa6, 0x99, 0x50, 0xe3, 0x4f, 0x78, 0x44, 0x58, 0x49, 0x4c, 0x14, 0x07, // D../..P.OxDXIL..
	0x00, 0x00, 0x60, 0x00, 0x00, 0x00, 0xc5, 0x01, 0x00, 0x00, 0x44, 0x58, 0x49, 0x4c, 0x00, 0x01, // ..`.......DXIL..
	0x00, 0x00, 0x10, 0x00, 0x00, 0x00, 0xfc, 0x06, 0x00, 0x00, 0x42, 0x43, 0xc0, 0xde, 0x21, 0x0c, // ..........BC..!.
	0x00, 0x00, 0xbc, 0x01, 0x00, 0x00, 0x0b, 0x82, 0x20, 0x00, 0x02, 0x00, 0x00, 0x00, 0x13, 0x00, // ........ .......
	0x00, 0x00, 0x07, 0x81, 0x23, 0x91, 0x41, 0xc8, 0x04, 0x49, 0x06, 0x10, 0x32, 0x39, 0x92, 0x01, // ....#.A..I..29..
	0x84, 0x0c, 0x25, 0x05, 0x08, 0x19, 0x1e, 0x04, 0x8b, 0x62, 0x80, 0x14, 0x45, 0x02, 0x42, 0x92, // ..%......b..E.B.
	0x0b, 0x42, 0xa4, 0x10, 0x32, 0x14, 0x38, 0x08, 0x18, 0x4b, 0x0a, 0x32, 0x52, 0x88, 0x48, 0x90, // .B..2.8..K.2R.H.
	0x14, 0x20, 0x43, 0x46, 0x88, 0xa5, 0x00, 0x19, 0x32, 0x42, 0xe4, 0x48, 0x0e, 0x90, 0x91, 0x22, // . CF....2B.H..."
	0xc4, 0x50, 0x41, 0x51, 0x81, 0x8c, 0xe1, 0x83, 0xe5, 0x8a, 0x04, 0x29, 0x46, 0x06, 0x51, 0x18, // .PAQ.......)F.Q.
	0x00, 0x00, 0x06, 0x00, 0x00, 0x00, 0x1b, 0x8c, 0xe0, 0xff, 0xff, 0xff, 0xff, 0x07, 0x40, 0x02, // ..............@.
	0xa8, 0x0d, 0x84, 0xf0, 0xff, 0xff, 0xff, 0xff, 0x03, 0x20, 0x01, 0x00, 0x00, 0x00, 0x49, 0x18, // ......... ....I.
	0x00, 0x00, 0x02, 0x00, 0x00, 0x00, 0x13, 0x82, 0x60, 0x42, 0x20, 0x00, 0x00, 0x00, 0x89, 0x20, // ........`B .... 
	0x00, 0x00, 0x13, 0x00, 0x00, 0x00, 0x32, 0x22, 0x48, 0x09, 0x20, 0x64, 0x85, 0x04, 0x93, 0x22, // ......2"H. d..."
	0xa4, 0x84, 0x04, 0x93, 0x22, 0xe3, 0x84, 0xa1, 0x90, 0x14, 0x12, 0x4c, 0x8a, 0x8c, 0x0b, 0x84, // ...."......L....
	0xa4, 0x4c, 0x10, 0x40, 0x23, 0x00, 0x25, 0x00, 0x14, 0x66, 0x00, 0xe6, 0x08, 0xc0, 0x60, 0x8e, // .L.@#.%..f....`.
	0x00, 0x29, 0xc6, 0x20, 0x84, 0x14, 0x42, 0xa6, 0x18, 0x80, 0x10, 0x52, 0x06, 0xa1, 0x82, 0x0c, // .). ..B....R....
	0x32, 0xc6, 0x18, 0x63, 0x90, 0x2a, 0xc3, 0x20, 0x83, 0xd8, 0x40, 0x40, 0x26, 0x10, 0x00, 0x00, // 2..c.*. ..@@&...
	0x00, 0x00, 0x13, 0x14, 0x72, 0xc0, 0x87, 0x74, 0x60, 0x87, 0x36, 0x68, 0x87, 0x79, 0x68, 0x03, // ....r..t`.6h.yh.
	0x72, 0xc0, 0x87, 0x0d, 0xaf, 0x50, 0x0e, 0x6d, 0xd0, 0x0e, 0x7a, 0x50, 0x0e, 0x6d, 0x00, 0x0f, // r....P.m..zP.m..
	0x7a, 0x30, 0x07, 0x72, 0xa0, 0x07, 0x73, 0x20, 0x07, 0x6d, 0x90, 0x0e, 0x71, 0xa0, 0x07, 0x73, // z0.r..s .m..q..s
	0x20, 0x07, 0x6d, 0x90, 0x0e, 0x78, 0xa0, 0x07, 0x73, 0x20, 0x07, 0x6d, 0x90, 0x0e, 0x71, 0x60, //  .m..x..s .m..q`
	0x07, 0x7a, 0x30, 0x07, 0x72, 0xd0, 0x06, 0xe9, 0x30, 0x07, 0x72, 0xa0, 0x07, 0x73, 0x20, 0x07, // .z0.r...0.r..s .
	0x6d, 0x90, 0x0e, 0x76, 0x40, 0x07, 0x7a, 0x60, 0x07, 0x74, 0xd0, 0x06, 0xe6, 0x10, 0x07, 0x76, // m..v@.z`.t.....v
	0xa0, 0x07, 0x73, 0x20, 0x07, 0x6d, 0x60, 0x0e, 0x73, 0x20, 0x07, 0x7a, 0x30, 0x07, 0x72, 0xd0, // ..s .m`.s .z0.r.
	0x06, 0xe6, 0x60, 0x07, 0x74, 0xa0, 0x07, 0x76, 0x40, 0x07, 0x6d, 0xe0, 0x0e, 0x78, 0xa0, 0x07, // ..`.t..v@.m..x..
	0x71, 0x60, 0x07, 0x7a, 0x30, 0x07, 0x72, 0xa0, 0x07, 0x76, 0x40, 0x07, 0x43, 0x9e, 0x00, 0x00, // q`.z0.r..v@.C...
	0x00, 0x00, 0x00, 0x00, 0x00, 0x00, 0x00, 0x00, 0x00, 0x86, 0x3c, 0x06, 0x10, 0x00, 0x01, 0x00, // ..........<.....
	0x00, 0x00, 0x00, 0x00, 0x00, 0x00, 0x0c, 0x79, 0x10, 0x20, 0x00, 0x04, 0x00, 0x00, 0x00, 0x00, // .......y. ......
	0x00, 0x00, 0x00, 0x18, 0xf2, 0x28, 0x40, 0x00, 0x04, 0x00, 0x00, 0x00, 0x00, 0x00, 0x00, 0x00, // .....(@.........
	0x30, 0xe4, 0x61, 0x80, 0x00, 0x08, 0x00, 0x00, 0x00, 0x00, 0x00, 0x00, 0x00, 0x20, 0x0b, 0x04, // 0.a.......... ..
	0x00, 0x00, 0x0c, 0x00, 0x00, 0x00, 0x32, 0x1e, 0x98, 0x14, 0x19, 0x11, 0x4c, 0x90, 0x8c, 0x09, // ......2.....L...
	0x26, 0x47, 0xc6, 0x04, 0x43, 0x22, 0x25, 0x30, 0x02, 0x50, 0x14, 0xc5, 0x50, 0x06, 0xe5, 0x50, // &G..C"%0.P..P..P
	0x1e, 0x54, 0x4a, 0xa2, 0x0c, 0x0a, 0x61, 0x04, 0xa0, 0x08, 0x0a, 0x84, 0xde, 0x58, 0xc9, 0x41, // .TJ...a......X.A
	0x00, 0x00, 0x00, 0x1c, 0xc7, 0x01, 0x79, 0x18, 0x00, 0x00, 0x4b, 0x00, 0x00, 0x00, 0x1a, 0x03, // ......y...K.....
	0x4c, 0x90, 0x46, 0x02, 0x13, 0xc4, 0x8f, 0x0c, 0x6f, 0xec, 0xed, 0x4d, 0x0c, 0x24, 0xc6, 0x25, // L.F.....o..M.$.%
	0x06, 0xc6, 0x45, 0xc6, 0x06, 0xa6, 0xc6, 0x65, 0xe6, 0x06, 0x04, 0x65, 0x8c, 0x86, 0x0c, 0xc7, // ..E....e...e....
	0x8c, 0xc6, 0x2c, 0x27, 0x27, 0x65, 0x43, 0x10, 0x4c, 0x10, 0x88, 0x62, 0x82, 0x40, 0x18, 0x1b, // ..,''eC.L..b.@..
	0x84, 0x81, 0x98, 0x20, 0x10, 0xc7, 0x06, 0x61, 0x30, 0x28, 0xc0, 0xcd, 0x4d, 0x10, 0x08, 0x64, // ... ...a0(..M..d
	0xc3, 0x80, 0x24, 0xc4, 0x04, 0xe1, 0x91, 0x36, 0x04, 0xcb, 0x04, 0x41, 0x00, 0x48, 0xb4, 0x85, // ..$....6...A.H..
	0xa5, 0xb9, 0x71, 0x99, 0xb2, 0xfa, 0x82, 0x7a, 0x9b, 0x4b, 0xa3, 0x4b, 0x7b, 0x73, 0x9b, 0x20, // ..q....z.K.K{s. 
	0x14, 0xcc, 0x04, 0xa1, 0x68, 0x36, 0x04, 0xc4, 0x04, 0xa1, 0x70, 0x26, 0x08, 0xc5, 0xb3, 0x61, // ....h6....p&...a
	0x21, 0x1e, 0x28, 0x92, 0xa6, 0x61, 0x22, 0x28, 0x80, 0x86, 0xd3, 0x93, 0x54, 0x53, 0x10, 0xd3, // !.(..a"(....TS..
	0x04, 0xa1, 0x80, 0x26, 0x08, 0x44, 0x32, 0x41, 0x20, 0x94, 0x0d, 0x02, 0x96, 0x6d, 0x58, 0x06, // ...&.D2A ....mX.
	0x0b, 0xa2, 0xa4, 0x6b, 0x88, 0x06, 0x4a, 0xdb, 0x20, 0x54, 0x1b, 0x93, 0x29, 0xab, 0x2f, 0xaa, // ...k..J. T..)./.
	0x30, 0xb9, 0xb3, 0x32, 0xba, 0x09, 0x42, 0x11, 0x4d, 0x10, 0x88, 0x65, 0x83, 0x80, 0x7d, 0x1b, // 0..2..B.M..e..}.
	0x16, 0xa2, 0x83, 0x3c, 0x89, 0x1a, 0x26, 0x82, 0x02, 0x83, 0x0d, 0x41, 0x18, 0x6c, 0x18, 0x38, // ...<..&....A.l.8
	0x31, 0x00, 0x36, 0x14, 0x8d, 0x33, 0x06, 0x00, 0x50, 0x85, 0x8d, 0xcd, 0xae, 0xcd, 0x25, 0x8d, // 1.6..3..P.....%.
	0xac, 0xcc, 0x8d, 0x6e, 0x4a, 0x10, 0x54, 0x21, 0xc3, 0x73, 0xb1, 0x2b, 0x93, 0x9b, 0x4b, 0x7b, // ...nJ.T!.s.+..K{
	0x73, 0x9b, 0x12, 0x10, 0x4d, 0xc8, 0xf0, 0x5c, 0xec, 0xc2, 0xd8, 0xec, 0xca, 0xe4, 0xa6, 0x04, // s...M...........
	0x46, 0x1d, 0x32, 0x3c, 0x97, 0x39, 0xb4, 0x30, 0xb2, 0x32, 0xb9, 0xa6, 0x37, 0xb2, 0x32, 0xb6, // F.2<.9.0.2..7.2.
	0x29, 0x41, 0x52, 0x87, 0x0c, 0xcf, 0xc5, 0x2e, 0xad, 0xec, 0x2e, 0x89, 0x6c, 0x8a, 0x2e, 0x8c, // )AR.........l...
	0xae, 0x6c, 0x4a, 0xb0, 0xd4, 0x21, 0xc3, 0x73, 0x29, 0x73, 0xa3, 0x93, 0xcb, 0x83, 0x7a, 0x4b, // .lJ..!.s)s....zK
	0x73, 0xa3, 0x9b, 0x9b, 0x12, 0x8c, 0x01, 0x00, 0x00, 0x00, 0x79, 0x18, 0x00, 0x00, 0x4c, 0x00, // s.........y...L.
	0x00, 0x00, 0x33, 0x08, 0x80, 0x1c, 0xc4, 0xe1, 0x1c, 0x66, 0x14, 0x01, 0x3d, 0x88, 0x43, 0x38, // ..3......f..=.C8
	0x84, 0xc3, 0x8c, 0x42, 0x80, 0x07, 0x79, 0x78, 0x07, 0x73, 0x98, 0x71, 0x0c, 0xe6, 0x00, 0x0f, // ...B..yx.s.q....
	0xed, 0x10, 0x0e, 0xf4, 0x80, 0x0e, 0x33, 0x0c, 0x42, 0x1e, 0xc2, 0xc1, 0x1d, 0xce, 0xa1, 0x1c, // ......3.B.......
	0x66, 0x30, 0x05, 0x3d, 0x88, 0x43, 0x38, 0x84, 0x83, 0x1b, 0xcc, 0x03, 0x3d, 0xc8, 0x43, 0x3d, // f0.=.C8.....=.C=
	0x8c, 0x03, 0x3d, 0xcc, 0x78, 0x8c, 0x74, 0x70, 0x07, 0x7b, 0x08, 0x07, 0x79, 0x48, 0x87, 0x70, // ..=.x.tp.{..yH.p
	0x70, 0x07, 0x7a, 0x70, 0x03, 0x76, 0x78, 0x87, 0x70, 0x20, 0x87, 0x19, 0xcc, 0x11, 0x0e, 0xec, // p.zp.vx.p ......
	0x90, 0x0e, 0xe1, 0x30, 0x0f, 0x6e, 0x30, 0x0f, 0xe3, 0xf0, 0x0e, 0xf0, 0x50, 0x0e, 0x33, 0x10, // ...0.n0.....P.3.
	0xc4, 0x1d, 0xde, 0x21, 0x1c, 0xd8, 0x21, 0x1d, 0xc2, 0x61, 0x1e, 0x66, 0x30, 0x89, 0x3b, 0xbc, // ...!..!..a.f0.;.
	0x83, 0x3b, 0xd0, 0x43, 0x39, 0xb4, 0x03, 0x3c, 0xbc, 0x83, 0x3c, 0x84, 0x03, 0x3b, 0xcc, 0xf0, // .;.C9..<..<..;..
	0x14, 0x76, 0x60, 0x07, 0x7b, 0x68, 0x07, 0x37, 0x68, 0x87, 0x72, 0x68, 0x07, 0x37, 0x80, 0x87, // .v`.{h.7h.rh.7..
	0x70, 0x90, 0x87, 0x70, 0x60, 0x07, 0x76, 0x28, 0x07, 0x76, 0xf8, 0x05, 0x76, 0x78, 0x87, 0x77, // p..p`.v(.v..vx.w
	0x80, 0x87, 0x5f, 0x08, 0x87, 0x71, 0x18, 0x87, 0x72, 0x98, 0x87, 0x79, 0x98, 0x81, 0x2c, 0xee, // .._..q..r..y..,.
	0xf0, 0x0e, 0xee, 0xe0, 0x0e, 0xf5, 0xc0, 0x0e, 0xec, 0x30, 0x03, 0x62, 0xc8, 0xa1, 0x1c, 0xe4, // .........0.b....
	0xa1, 0x1c, 0xcc, 0xa1, 0x1c, 0xe4, 0xa1, 0x1c, 0xdc, 0x61, 0x1c, 0xca, 0x21, 0x1c, 0xc4, 0x81, // .........a..!...
	0x1d, 0xca, 0x61, 0x06, 0xd6, 0x90, 0x43, 0x39, 0xc8, 0x43, 0x39, 0x98, 0x43, 0x39, 0xc8, 0x43, // ..a...C9.C9.C9.C
	0x39, 0xb8, 0xc3, 0x38, 0x94, 0x43, 0x38, 0x88, 0x03, 0x3b, 0x94, 0xc3, 0x2f, 0xbc, 0x83, 0x3c, // 9..8.C8..;../..<
	0xfc, 0x82, 0x3b, 0xd4, 0x03, 0x3b, 0xb0, 0xc3, 0x0c, 0xc4, 0x21, 0x07, 0x7c, 0x70, 0x03, 0x7a, // ..;..;....!.|p.z
	0x28, 0x87, 0x76, 0x80, 0x87, 0x19, 0xd1, 0x43, 0x0e, 0xf8, 0xe0, 0x06, 0xe4, 0x20, 0x0e, 0xe7, // (.v....C..... ..
	0xe0, 0x06, 0xf6, 0x10, 0x0e, 0xf2, 0xc0, 0x0e, 0xe1, 0x90, 0x0f, 0xef, 0x50, 0x0f, 0xf4, 0x00, // ............P...
	0x00, 0x00, 0x71, 0x20, 0x00, 0x00, 0x11, 0x00, 0x00, 0x00, 0x36, 0xe0, 0x0c, 0x97, 0xef, 0x3c, // ..q ......6....<
	0xfe, 0xe0, 0x4c, 0xb7, 0x5f, 0xdc, 0xb6, 0x05, 0x4c, 0xc3, 0xe5, 0x3b, 0x8f, 0xbf, 0x38, 0xc0, // ..L._...L..;..8.
	0x20, 0x36, 0x0f, 0x35, 0xf9, 0xc5, 0x6d, 0x9b, 0x40, 0x35, 0x5c, 0xbe, 0xf3, 0xf8, 0xd2, 0xe4, //  6.5..m.@5......
	0x44, 0x04, 0x4a, 0x4d, 0x0f, 0x35, 0xf9, 0xc5, 0x6d, 0x1b, 0xc1, 0x33, 0x5c, 0xbe, 0xf3, 0xf8, // D.JM.5..m..3....
	0x54, 0x03, 0x44, 0x98, 0x5f, 0xdc, 0xb6, 0x01, 0x10, 0x0c, 0x80, 0x34, 0x00, 0x00, 0x61, 0x20, // T.D._......4..a 
	0x00, 0x00, 0x93, 0x00, 0x00, 0x00, 0x13, 0x04, 0x41, 0x2c, 0x10, 0x00, 0x00, 0x00, 0x35, 0x00, // ........A,....5.
	0x00, 0x00, 0x54, 0x4a, 0x80, 0x48, 0xc9, 0x94, 0xdb, 0x0c, 0x40, 0x21, 0x94, 0x02, 0x8d, 0x31, // ..TJ.H....@!...1
	0x02, 0xbc, 0xa7, 0xd5, 0xd5, 0x1b, 0x23, 0xb0, 0xd1, 0x11, 0x74, 0xbd, 0x31, 0x02, 0x30, 0x6c, // ......#...t.1.0l
	0x47, 0xda, 0x1b, 0x23, 0xe0, 0x49, 0xd0, 0x9f, 0xbd, 0x31, 0x82, 0x9f, 0x04, 0xef, 0xd9, 0x1b, // G..#.I...1......
	0x23, 0xf0, 0x71, 0x38, 0xcc, 0xbd, 0x31, 0x02, 0x1b, 0x15, 0x6f, 0xdc, 0x1b, 0x23, 0x98, 0xeb, // #.q8..1...o..#..
	0xfe, 0xbd, 0xbd, 0x31, 0x02, 0x5b, 0xb5, 0xfd, 0xdb, 0x1b, 0x23, 0x88, 0x4f, 0x1d, 0xbd, 0xbd, // ...1.[....#.O...
	0x31, 0x82, 0x1f, 0x75, 0x55, 0xda, 0x1b, 0x23, 0xd0, 0x5f, 0x77, 0x35, 0xbb, 0x31, 0x82, 0xfa, // 1..uU..#._w5.1..
	0x44, 0xf3, 0xd3, 0x1b, 0x23, 0x78, 0x77, 0xbd, 0x96, 0xbd, 0x31, 0x82, 0x3b, 0x7d, 0xdf, 0xf0, // D...#xw...1.;}..
	0x1b, 0x23, 0x98, 0x67, 0x10, 0x0c, 0xbf, 0x31, 0x82, 0x14, 0x57, 0xe5, 0xdf, 0x1b, 0x23, 0x28, // .#.g...1..W...#(
	0xd9, 0xb3, 0x5c, 0xbd, 0x31, 0x02, 0x9d, 0x4f, 0xd3, 0xd7, 0x1b, 0x23, 0x48, 0x57, 0xfc, 0x97, // ....1..O...#HW..
	0xbd, 0x31, 0x02, 0x52, 0x44, 0x6f, 0xf4, 0x1b, 0x23, 0xc0, 0xc1, 0xf5, 0x47, 0xbf, 0x31, 0x82, // .1.RDo..#...G.1.
	0xb9, 0xaf, 0x5f, 0xf4, 0x1b, 0x23, 0x00, 0x41, 0x10, 0xc4, 0xbf, 0x31, 0x02, 0x99, 0x0c, 0xcd, // .._..#.A...1....
	0xd5, 0x1b, 0x23, 0xc8, 0x73, 0x9a, 0x16, 0xbf, 0x31, 0x82, 0x32, 0x06, 0x67, 0xf1, 0x1b, 0x23, // ..#.s...1.2.g..#
	0xd0, 0xc3, 0x78, 0x0e, 0xbf, 0x31, 0x82, 0xb0, 0xb4, 0x6f, 0xfc, 0x17, 0xc6, 0x08, 0xc2, 0xd2, // ..x..1...o......
	0xbe, 0xf1, 0x0f, 0x00, 0x00, 0x00, 0x23, 0x06, 0x09, 0x00, 0x82, 0x60, 0x60, 0xd8, 0x01, 0x18, // ......#....``...
	0xc8, 0x41, 0x1c, 0xa0, 0x41, 0x18, 0x8c, 0x18, 0x24, 0x00, 0x08, 0x82, 0x81, 0x71, 0x07, 0x61, // .A..A...$....q.a
	0x30, 0x07, 0x72, 0x50, 0x06, 0x62, 0x30, 0x62, 0x90, 0x00, 0x20, 0x08, 0x06, 0x06, 0x1e, 0x88, // 0.rP.b0b.. .....
	0x01, 0x1d, 0xcc, 0x41, 0x1a, 0x8c, 0xc1, 0x88, 0xc1, 0x02, 0x80, 0x20, 0x18, 0x28, 0x77, 0x50, // ...A....... .(wP
	0x06, 0x83, 0x10, 0x0c, 0x42, 0x30, 0x62, 0x60, 0x00, 0x20, 0x08, 0x06, 0xcc, 0x1d, 0x9c, 0x41, // ....B0b`. .....A
	0x60, 0x41, 0x21, 0x1f, 0x13, 0x0a, 0xf9, 0xd8, 0x50, 0xc8, 0xc7, 0x86, 0x44, 0x3e, 0x16, 0x08, // `A!.....P...D>..
	0xf2, 0x31, 0x82, 0x91, 0x8f, 0x05, 0x86, 0x7c, 0xcc, 0x30, 0xe4, 0x63, 0x83, 0x21, 0x1f, 0x3b, // .1.....|.0.c.!.;
	0x0e, 0xf9, 0x98, 0xa2, 0xc8, 0xc7, 0x84, 0x20, 0x3e, 0xc6, 0x50, 0xf2, 0xb1, 0xc6, 0x92, 0x8f, // ....... >.P.....
	0x39, 0x98, 0x7c, 0xcc, 0xd1, 0xe4, 0x63, 0xcf, 0x1c, 0xc8, 0xc7, 0xa0, 0x39, 0x90, 0x8f, 0x41, // 9.|...c.....9..A
	0x73, 0x20, 0x1f, 0x8b, 0xe6, 0x40, 0x3e, 0x26, 0xcd, 0x81, 0x7c, 0x2c, 0x9a, 0x03, 0xf9, 0x98, // s ...@>&..|,....
	0x34, 0x07, 0xf2, 0xb1, 0x69, 0x0e, 0xe4, 0x63, 0xd2, 0x1c, 0xc8, 0xc7, 0xa6, 0x39, 0x90, 0x8f, // 4...i..c.....9..
	0x51, 0x73, 0x20, 0x1f, 0xa3, 0xe6, 0x40, 0x3e, 0x56, 0xcd, 0x81, 0x7c, 0xcc, 0x9a, 0x03, 0xf9, // Qs ...@>V..|....
	0x98, 0x35, 0x07, 0xf2, 0xb1, 0x6b, 0x0e, 0xe4, 0x63, 0xd8, 0x1c, 0xc8, 0xc7, 0xac, 0x39, 0x90, // .5...k..c.....9.
	0x8f, 0x5d, 0x73, 0x20, 0x1f, 0xc3, 0xe6, 0x40, 0x3e, 0x86, 0xcd, 0x01, 0x7c, 0x2c, 0xb0, 0xe0, // .]s ...@>...|,..
	0x63, 0x01, 0x15, 0x1f, 0x0b, 0x18, 0xf8, 0x58, 0x30, 0xc5, 0xc7, 0x82, 0x28, 0x3e, 0x16, 0x30, // c......X0...(>.0
	0xf0, 0xb1, 0x40, 0x89, 0x8f, 0x7d, 0x7a, 0x00, 0x1f, 0x0b, 0x3a, 0xf8, 0x58, 0xb0, 0xc5, 0xc7, // ..@..}z...:.X...
	0x82, 0x29, 0x3e, 0x16, 0x68, 0xf1, 0xb1, 0x00, 0x8b, 0x8f, 0x05, 0x13, 0x7c, 0x2c, 0x88, 0xe2, // .)>.h.......|,..
	0x63, 0x66, 0x10, 0x0a, 0xf0, 0xb1, 0x80, 0x0c, 0xe0, 0x63, 0x81, 0x18, 0xc4, 0xc7, 0x02, 0x2d, // cf.......c.....-
	0x3e, 0x16, 0x84, 0x41, 0x7c, 0x2c, 0xf8, 0xe2, 0x63, 0x81, 0x06, 0x1f, 0x0b, 0xb0, 0xf8, 0x8c, // >..A|,..c.......
	0x18, 0x24, 0x00, 0x08, 0x82, 0x01, 0x62, 0x0f, 0xe0, 0x20, 0x0f, 0xf2, 0x90, 0x0e, 0xd1, 0x88, // .$....b.. ......
	0x41, 0x02, 0x80, 0x20, 0x18, 0x20, 0xf6, 0x00, 0x0e, 0xf2, 0x20, 0x0f, 0xe5, 0x90, 0x8c, 0x18, // A.. . .... .....
	0x24, 0x00, 0x08, 0x82, 0x01, 0x62, 0x0f, 0xe0, 0x20, 0x0f, 0xf2, 0x80, 0x0e, 0xc1, 0x88, 0x41, // $....b.. ......A
	0x02, 0x80, 0x20, 0x18, 0x20, 0xf6, 0x00, 0x0e, 0xf2, 0x20, 0x0f, 0xeb, 0x80, 0x0a, 0x08, 0x00, // .. . .... ......
	0x00, 0x00, 0x00, 0x00, 0x00, 0x00, 0x00, 0x00, 0x00, 0x00,                                     // ..........
};
static const uint8_t fs_mesh_mtl[2054] =
{
	0x46, 0x53, 0x48, 0x0c, 0xe3, 0xc2, 0x5c, 0x65, 0x00, 0x00, 0x00, 0x00, 0x00, 0x00, 0x00, 0x00, // FSH....e........
	0x00, 0x00, 0x00, 0x00, 0x00, 0x00, 0xe8, 0x07, 0x00, 0x00, 0x23, 0x69, 0x6e, 0x63, 0x6c, 0x75, // ..........#inclu
	0x64, 0x65, 0x20, 0x3c, 0x6d, 0x65, 0x74, 0x61, 0x6c, 0x5f, 0x73, 0x74, 0x64, 0x6c, 0x69, 0x62, // de <metal_stdlib
	0x3e, 0x0a, 0x23, 0x69, 0x6e, 0x63, 0x6c, 0x75, 0x64, 0x65, 0x20, 0x3c, 0x73, 0x69, 0x6d, 0x64, // >.#include <simd
	0x2f, 0x73, 0x69, 0x6d, 0x64, 0x2e, 0x68, 0x3e, 0x0a, 0x0a, 0x75, 0x73, 0x69, 0x6e, 0x67, 0x20, // /simd.h>..using 
	0x6e, 0x61, 0x6d, 0x65, 0x73, 0x70, 0x61, 0x63, 0x65, 0x20, 0x6d, 0x65, 0x74, 0x61, 0x6c, 0x3b, // namespace metal;
	0x0a, 0x0a, 0x73, 0x74, 0x72, 0x75, 0x63, 0x74, 0x20, 0x78, 0x6c, 0x61, 0x74, 0x4d, 0x74, 0x6c, // ..struct xlatMtl
	0x4d, 0x61, 0x69, 0x6e, 0x5f, 0x6f, 0x75, 0x74, 0x0a, 0x7b, 0x0a, 0x20, 0x20, 0x20, 0x20, 0x66, // Main_out.{.    f
	0x6c, 0x6f, 0x61, 0x74, 0x34, 0x20, 0x62, 0x67, 0x66, 0x78, 0x5f, 0x46, 0x72, 0x61, 0x67, 0x44, // loat4 bgfx_FragD
	0x61, 0x74, 0x61, 0x30, 0x20, 0x5b, 0x5b, 0x63, 0x6f, 0x6c, 0x6f, 0x72, 0x28, 0x30, 0x29, 0x5d, // ata0 [[color(0)]
	0x5d, 0x3b, 0x0a, 0x7d, 0x3b, 0x0a, 0x0a, 0x73, 0x74, 0x72, 0x75, 0x63, 0x74, 0x20, 0x78, 0x6c, // ];.};..struct xl
	0x61, 0x74, 0x4d, 0x74, 0x6c, 0x4d, 0x61, 0x69, 0x6e, 0x5f, 0x69, 0x6e, 0x0a, 0x7b, 0x0a, 0x20, // atMtlMain_in.{. 
	0x20, 0x20, 0x20, 0x66, 0x6c, 0x6f, 0x61, 0x74, 0x33, 0x20, 0x76, 0x5f, 0x6e, 0x6f, 0x72, 0x6d, //    float3 v_norm
	0x61, 0x6c, 0x20, 0x5b, 0x5b, 0x75, 0x73, 0x65, 0x72, 0x28, 0x6c, 0x6f, 0x63, 0x6e, 0x30, 0x29, // al [[user(locn0)
	0x5d, 0x5d, 0x3b, 0x0a, 0x7d, 0x3b, 0x0a, 0x0a, 0x66, 0x72, 0x61, 0x67, 0x6d, 0x65, 0x6e, 0x74, // ]];.};..fragment
	0x20, 0x78, 0x6c, 0x61, 0x74, 0x4d, 0x74, 0x6c, 0x4d, 0x61, 0x69, 0x6e, 0x5f, 0x6f, 0x75, 0x74, //  xlatMtlMain_out
	0x20, 0x78, 0x6c, 0x61, 0x74, 0x4d, 0x74, 0x6c, 0x4d, 0x61, 0x69, 0x6e, 0x28, 0x78, 0x6c, 0x61, //  xlatMtlMain(xla
	0x74, 0x4d, 0x74, 0x6c, 0x4d, 0x61, 0x69, 0x6e, 0x5f, 0x69, 0x6e, 0x20, 0x69, 0x6e, 0x20, 0x5b, // tMtlMain_in in [
	0x5b, 0x73, 0x74, 0x61, 0x67, 0x65, 0x5f, 0x69, 0x6e, 0x5d, 0x5d, 0x29, 0x0a, 0x7b, 0x0a, 0x20, // [stage_in]]).{. 
	0x20, 0x20, 0x20, 0x78, 0x6c, 0x61, 0x74, 0x4d, 0x74, 0x6c, 0x4d, 0x61, 0x69, 0x6e, 0x5f, 0x6f, //    xlatMtlMain_o
	0x75, 0x74, 0x20, 0x6f, 0x75, 0x74, 0x20, 0x3d, 0x20, 0x7b, 0x7d, 0x3b, 0x0a, 0x20, 0x20, 0x20, // ut out = {};.   
	0x20, 0x66, 0x6c, 0x6f, 0x61, 0x74, 0x33, 0x20, 0x5f, 0x33, 0x32, 0x33, 0x20, 0x3d, 0x20, 0x66, //  float3 _323 = f
	0x61, 0x73, 0x74, 0x3a, 0x3a, 0x6e, 0x6f, 0x72, 0x6d, 0x61, 0x6c, 0x69, 0x7a, 0x65, 0x28, 0x69, // ast::normalize(i
	0x6e, 0x2e, 0x76, 0x5f, 0x6e, 0x6f, 0x72, 0x6d, 0x61, 0x6c, 0x29, 0x3b, 0x0a, 0x20, 0x20, 0x20, // n.v_normal);.   
	0x20, 0x66, 0x6c, 0x6f, 0x61, 0x74, 0x20, 0x5f, 0x33, 0x35, 0x37, 0x20, 0x3d, 0x20, 0x5f, 0x33, //  float _357 = _3
	0x32, 0x33, 0x2e, 0x78, 0x3b, 0x0a, 0x20, 0x20, 0x20, 0x20, 0x66, 0x6c, 0x6f, 0x61, 0x74, 0x20, // 23.x;.    float 
	0x5f, 0x33, 0x36, 0x31, 0x20, 0x3d, 0x20, 0x5f, 0x33, 0x32, 0x33, 0x2e, 0x79, 0x3b, 0x0a, 0x20, // _361 = _323.y;. 
	0x20, 0x20, 0x20, 0x66, 0x6c, 0x6f, 0x61, 0x74, 0x20, 0x5f, 0x33, 0x36, 0x35, 0x20, 0x3d, 0x20, //    float _365 = 
	0x5f, 0x33, 0x32, 0x33, 0x2e, 0x7a, 0x3b, 0x0a, 0x20, 0x20, 0x20, 0x20, 0x6f, 0x75, 0x74, 0x2e, // _323.z;.    out.
	0x62, 0x67, 0x66, 0x78, 0x5f, 0x46, 0x72, 0x61, 0x67, 0x44, 0x61, 0x74, 0x61, 0x30, 0x20, 0x3d, // bgfx_FragData0 =
	0x20, 0x66, 0x6c, 0x6f, 0x61, 0x74, 0x34, 0x28, 0x28, 0x28, 0x28, 0x28, 0x28, 0x28, 0x28, 0x66, //  float4((((((((f
	0x6c, 0x6f, 0x61, 0x74, 0x33, 0x28, 0x30, 0x2e, 0x32, 0x37, 0x32, 0x39, 0x39, 0x39, 0x32, 0x32, // loat3(0.27299922
	0x37, 0x30, 0x34, 0x36, 0x39, 0x36, 0x36, 0x35, 0x35, 0x32, 0x37, 0x33, 0x34, 0x33, 0x37, 0x35, // 7046966552734375
	0x2c, 0x20, 0x30, 0x2e, 0x32, 0x37, 0x35, 0x34, 0x37, 0x30, 0x31, 0x30, 0x37, 0x37, 0x39, 0x33, // , 0.275470107793
	0x38, 0x30, 0x37, 0x39, 0x38, 0x33, 0x33, 0x39, 0x38, 0x34, 0x33, 0x37, 0x35, 0x2c, 0x20, 0x30, // 8079833984375, 0
	0x2e, 0x32, 0x35, 0x31, 0x34, 0x30, 0x38, 0x30, 0x34, 0x30, 0x35, 0x32, 0x33, 0x35, 0x32, 0x39, // .251408040523529
	0x30, 0x35, 0x32, 0x37, 0x33, 0x34, 0x33, 0x37, 0x35, 0x29, 0x20, 0x2b, 0x20, 0x28, 0x28, 0x28, // 052734375) + (((
	0x66, 0x6c, 0x6f, 0x61, 0x74, 0x33, 0x28, 0x2d, 0x30, 0x2e, 0x33, 0x38, 0x34, 0x31, 0x36, 0x33, // float3(-0.384163
	0x34, 0x39, 0x38, 0x38, 0x37, 0x38, 0x34, 0x37, 0x39, 0x30, 0x30, 0x33, 0x39, 0x30, 0x36, 0x32, // 4988784790039062
	0x35, 0x2c, 0x20, 0x2d, 0x30, 0x2e, 0x34, 0x32, 0x33, 0x34, 0x39, 0x32, 0x32, 0x38, 0x32, 0x36, // 5, -0.4234922826
	0x32, 0x39, 0x30, 0x31, 0x33, 0x30, 0x36, 0x31, 0x35, 0x32, 0x33, 0x34, 0x33, 0x37, 0x35, 0x2c, // 290130615234375,
	0x20, 0x2d, 0x30, 0x2e, 0x34, 0x32, 0x35, 0x35, 0x33, 0x32, 0x37, 0x32, 0x38, 0x34, 0x33, 0x33, //  -0.425532728433
	0x36, 0x30, 0x39, 0x30, 0x30, 0x38, 0x37, 0x38, 0x39, 0x30, 0x36, 0x32, 0x35, 0x29, 0x20, 0x2a, // 6090087890625) *
	0x20, 0x28, 0x28, 0x2d, 0x30, 0x2e, 0x34, 0x38, 0x38, 0x36, 0x30, 0x32, 0x35, 0x31, 0x39, 0x30, //  ((-0.4886025190
	0x33, 0x35, 0x33, 0x33, 0x39, 0x33, 0x35, 0x35, 0x34, 0x36, 0x38, 0x37, 0x35, 0x29, 0x20, 0x2a, // 3533935546875) *
	0x20, 0x5f, 0x33, 0x35, 0x37, 0x29, 0x29, 0x20, 0x2a, 0x20, 0x32, 0x2e, 0x30, 0x29, 0x20, 0x2a, //  _357)) * 2.0) *
	0x20, 0x66, 0x6c, 0x6f, 0x61, 0x74, 0x33, 0x28, 0x30, 0x2e, 0x34, 0x30, 0x30, 0x30, 0x30, 0x30, //  float3(0.400000
	0x30, 0x30, 0x35, 0x39, 0x36, 0x30, 0x34, 0x36, 0x34, 0x34, 0x37, 0x37, 0x35, 0x33, 0x39, 0x30, // 0059604644775390
	0x36, 0x32, 0x35, 0x29, 0x29, 0x29, 0x20, 0x2b, 0x20, 0x28, 0x28, 0x28, 0x66, 0x6c, 0x6f, 0x61, // 625))) + (((floa
	0x74, 0x33, 0x28, 0x30, 0x2e, 0x30, 0x35, 0x35, 0x39, 0x30, 0x36, 0x32, 0x39, 0x35, 0x37, 0x37, // t3(0.05590629577
	0x36, 0x33, 0x36, 0x37, 0x31, 0x38, 0x37, 0x35, 0x2c, 0x20, 0x30, 0x2e, 0x30, 0x35, 0x36, 0x36, // 63671875, 0.0566
	0x32, 0x37, 0x34, 0x33, 0x37, 0x34, 0x37, 0x32, 0x33, 0x34, 0x33, 0x34, 0x34, 0x34, 0x38, 0x32, // 2743747234344482
	0x34, 0x32, 0x31, 0x38, 0x37, 0x35, 0x2c, 0x20, 0x30, 0x2e, 0x30, 0x36, 0x39, 0x39, 0x36, 0x39, // 421875, 0.069969
	0x39, 0x33, 0x37, 0x32, 0x30, 0x35, 0x33, 0x31, 0x34, 0x36, 0x33, 0x36, 0x32, 0x33, 0x30, 0x34, // 9372053146362304
	0x36, 0x38, 0x37, 0x35, 0x29, 0x20, 0x2a, 0x20, 0x28, 0x30, 0x2e, 0x34, 0x38, 0x38, 0x36, 0x30, // 6875) * (0.48860
	0x32, 0x35, 0x31, 0x39, 0x30, 0x33, 0x35, 0x33, 0x33, 0x39, 0x33, 0x35, 0x35, 0x34, 0x36, 0x38, // 2519035339355468
	0x37, 0x35, 0x20, 0x2a, 0x20, 0x5f, 0x33, 0x36, 0x31, 0x29, 0x29, 0x20, 0x2a, 0x20, 0x32, 0x2e, // 75 * _361)) * 2.
	0x30, 0x29, 0x20, 0x2a, 0x20, 0x66, 0x6c, 0x6f, 0x61, 0x74, 0x33, 0x28, 0x30, 0x2e, 0x34, 0x30, // 0) * float3(0.40
	0x30, 0x30, 0x30, 0x30, 0x30, 0x30, 0x35, 0x39, 0x36, 0x30, 0x34, 0x36, 0x34, 0x34, 0x37, 0x37, // 0000005960464477
	0x35, 0x33, 0x39, 0x30, 0x36, 0x32, 0x35, 0x29, 0x29, 0x29, 0x20, 0x2b, 0x20, 0x28, 0x28, 0x28, // 5390625))) + (((
	0x66, 0x6c, 0x6f, 0x61, 0x74, 0x33, 0x28, 0x30, 0x2e, 0x31, 0x32, 0x30, 0x39, 0x38, 0x35, 0x31, // float3(0.1209851
	0x35, 0x37, 0x37, 0x38, 0x37, 0x37, 0x39, 0x39, 0x38, 0x33, 0x35, 0x32, 0x30, 0x35, 0x30, 0x37, // 5778779983520507
	0x38, 0x31, 0x32, 0x35, 0x2c, 0x20, 0x30, 0x2e, 0x31, 0x31, 0x39, 0x32, 0x39, 0x37, 0x39, 0x39, // 8125, 0.11929799
	0x36, 0x31, 0x36, 0x33, 0x33, 0x36, 0x38, 0x32, 0x32, 0x35, 0x30, 0x39, 0x37, 0x36, 0x35, 0x36, // 6163368225097656
	0x32, 0x35, 0x2c, 0x20, 0x30, 0x2e, 0x31, 0x31, 0x37, 0x31, 0x31, 0x31, 0x39, 0x36, 0x36, 0x30, // 25, 0.1171119660
	0x31, 0x33, 0x39, 0x30, 0x38, 0x33, 0x38, 0x36, 0x32, 0x33, 0x30, 0x34, 0x36, 0x38, 0x37, 0x35, // 1390838623046875
	0x29, 0x20, 0x2a, 0x20, 0x28, 0x28, 0x2d, 0x30, 0x2e, 0x34, 0x38, 0x38, 0x36, 0x30, 0x32, 0x35, // ) * ((-0.4886025
	0x31, 0x39, 0x30, 0x33, 0x35, 0x33, 0x33, 0x39, 0x33, 0x35, 0x35, 0x34, 0x36, 0x38, 0x37, 0x35, // 1903533935546875
	0x29, 0x20, 0x2a, 0x20, 0x5f, 0x33, 0x36, 0x35, 0x29, 0x29, 0x20, 0x2a, 0x20, 0x32, 0x2e, 0x30, // ) * _365)) * 2.0
	0x29, 0x20, 0x2a, 0x20, 0x66, 0x6c, 0x6f, 0x61, 0x74, 0x33, 0x28, 0x30, 0x2e, 0x34, 0x30, 0x30, // ) * float3(0.400
	0x30, 0x30, 0x30, 0x30, 0x30, 0x35, 0x39, 0x36, 0x30, 0x34, 0x36, 0x34, 0x34, 0x37, 0x37, 0x35, // 0000059604644775
	0x33, 0x39, 0x30, 0x36, 0x32, 0x35, 0x29, 0x29, 0x29, 0x20, 0x2b, 0x20, 0x28, 0x28, 0x28, 0x66, // 390625))) + (((f
	0x6c, 0x6f, 0x61, 0x74, 0x33, 0x28, 0x2d, 0x30, 0x2e, 0x31, 0x37, 0x36, 0x37, 0x31, 0x31, 0x36, // loat3(-0.1767116
	0x33, 0x33, 0x38, 0x30, 0x31, 0x34, 0x36, 0x30, 0x32, 0x36, 0x36, 0x31, 0x31, 0x33, 0x32, 0x38, // 3380146026611328
	0x31, 0x32, 0x35, 0x2c, 0x20, 0x2d, 0x30, 0x2e, 0x31, 0x37, 0x30, 0x33, 0x33, 0x31, 0x34, 0x30, // 125, -0.17033140
	0x33, 0x36, 0x31, 0x33, 0x30, 0x39, 0x30, 0x35, 0x31, 0x35, 0x31, 0x33, 0x36, 0x37, 0x31, 0x38, // 3613090515136718
	0x37, 0x35, 0x2c, 0x20, 0x2d, 0x30, 0x2e, 0x31, 0x35, 0x31, 0x33, 0x34, 0x35, 0x30, 0x31, 0x34, // 75, -0.151345014
	0x35, 0x37, 0x32, 0x31, 0x34, 0x33, 0x35, 0x35, 0x34, 0x36, 0x38, 0x37, 0x35, 0x29, 0x20, 0x2a, // 5721435546875) *
	0x20, 0x28, 0x28, 0x31, 0x2e, 0x30, 0x39, 0x32, 0x35, 0x34, 0x38, 0x34, 0x38, 0x39, 0x35, 0x37, //  ((1.09254848957
	0x30, 0x36, 0x31, 0x37, 0x36, 0x37, 0x35, 0x37, 0x38, 0x31, 0x32, 0x35, 0x20, 0x2a, 0x20, 0x5f, // 061767578125 * _
	0x33, 0x35, 0x37, 0x29, 0x20, 0x2a, 0x20, 0x5f, 0x33, 0x36, 0x35, 0x29, 0x29, 0x20, 0x2a, 0x20, // 357) * _365)) * 
	0x31, 0x2e, 0x30, 0x29, 0x20, 0x2a, 0x20, 0x66, 0x6c, 0x6f, 0x61, 0x74, 0x33, 0x28, 0x30, 0x2e, // 1.0) * float3(0.
	0x34, 0x30, 0x30, 0x30, 0x30, 0x30, 0x30, 0x30, 0x35, 0x39, 0x36, 0x30, 0x34, 0x36, 0x34, 0x34, // 4000000059604644
	0x37, 0x37, 0x35, 0x33, 0x39, 0x30, 0x36, 0x32, 0x35, 0x29, 0x29, 0x29, 0x20, 0x2b, 0x20, 0x28, // 775390625))) + (
	0x28, 0x66, 0x6c, 0x6f, 0x61, 0x74, 0x33, 0x28, 0x2d, 0x30, 0x2e, 0x31, 0x32, 0x34, 0x36, 0x38, // (float3(-0.12468
	0x32, 0x31, 0x31, 0x33, 0x35, 0x32, 0x38, 0x32, 0x35, 0x31, 0x36, 0x34, 0x37, 0x39, 0x34, 0x39, // 2113528251647949
	0x32, 0x31, 0x38, 0x37, 0x35, 0x2c, 0x20, 0x2d, 0x30, 0x2e, 0x31, 0x31, 0x39, 0x33, 0x34, 0x30, // 21875, -0.119340
	0x37, 0x38, 0x34, 0x38, 0x34, 0x37, 0x37, 0x33, 0x36, 0x33, 0x35, 0x38, 0x36, 0x34, 0x32, 0x35, // 7848477363586425
	0x37, 0x38, 0x31, 0x32, 0x35, 0x2c, 0x20, 0x2d, 0x30, 0x2e, 0x30, 0x39, 0x36, 0x33, 0x30, 0x30, // 78125, -0.096300
	0x33, 0x35, 0x36, 0x30, 0x39, 0x30, 0x30, 0x36, 0x38, 0x38, 0x31, 0x37, 0x31, 0x33, 0x38, 0x36, // 3560900688171386
	0x37, 0x31, 0x38, 0x37, 0x35, 0x29, 0x20, 0x2a, 0x20, 0x28, 0x28, 0x28, 0x2d, 0x31, 0x2e, 0x30, // 71875) * (((-1.0
	0x39, 0x32, 0x35, 0x34, 0x38, 0x34, 0x38, 0x39, 0x35, 0x37, 0x30, 0x36, 0x31, 0x37, 0x36, 0x37, // 9254848957061767
	0x35, 0x37, 0x38, 0x31, 0x32, 0x35, 0x29, 0x20, 0x2a, 0x20, 0x5f, 0x33, 0x35, 0x37, 0x29, 0x20, // 578125) * _357) 
	0x2a, 0x20, 0x5f, 0x33, 0x36, 0x31, 0x29, 0x29, 0x20, 0x2a, 0x20, 0x30, 0x2e, 0x35, 0x29, 0x29, // * _361)) * 0.5))
	0x20, 0x2b, 0x20, 0x28, 0x28, 0x66, 0x6c, 0x6f, 0x61, 0x74, 0x33, 0x28, 0x30, 0x2e, 0x30, 0x30, //  + ((float3(0.00
	0x31, 0x38, 0x35, 0x32, 0x33, 0x37, 0x38, 0x35, 0x39, 0x38, 0x34, 0x31, 0x34, 0x33, 0x36, 0x31, // 1852378598414361
	0x34, 0x37, 0x36, 0x38, 0x39, 0x38, 0x31, 0x39, 0x33, 0x33, 0x35, 0x39, 0x33, 0x37, 0x35, 0x2c, // 476898193359375,
	0x20, 0x2d, 0x30, 0x2e, 0x30, 0x33, 0x32, 0x35, 0x39, 0x32, 0x37, 0x38, 0x34, 0x36, 0x31, 0x33, //  -0.032592784613
	0x33, 0x37, 0x30, 0x38, 0x39, 0x35, 0x33, 0x38, 0x35, 0x37, 0x34, 0x32, 0x31, 0x38, 0x37, 0x35, // 3708953857421875
	0x2c, 0x20, 0x2d, 0x30, 0x2e, 0x30, 0x38, 0x38, 0x32, 0x30, 0x34, 0x34, 0x39, 0x35, 0x36, 0x30, // , -0.08820449560
	0x38, 0x38, 0x30, 0x36, 0x36, 0x31, 0x30, 0x31, 0x30, 0x37, 0x34, 0x32, 0x31, 0x38, 0x37, 0x35, // 8806610107421875
	0x29, 0x20, 0x2a, 0x20, 0x28, 0x30, 0x2e, 0x33, 0x31, 0x35, 0x33, 0x39, 0x31, 0x35, 0x37, 0x30, // ) * (0.315391570
	0x33, 0x32, 0x39, 0x36, 0x36, 0x36, 0x31, 0x33, 0x37, 0x36, 0x39, 0x35, 0x33, 0x31, 0x32, 0x35, // 3296661376953125
	0x20, 0x2a, 0x20, 0x28, 0x28, 0x28, 0x33, 0x2e, 0x30, 0x20, 0x2a, 0x20, 0x5f, 0x33, 0x36, 0x31, //  * (((3.0 * _361
	0x29, 0x20, 0x2a, 0x20, 0x5f, 0x33, 0x36, 0x31, 0x29, 0x20, 0x2d, 0x20, 0x31, 0x2e, 0x30, 0x29, // ) * _361) - 1.0)
	0x29, 0x29, 0x20, 0x2a, 0x20, 0x30, 0x2e, 0x35, 0x29, 0x29, 0x20, 0x2b, 0x20, 0x28, 0x28, 0x66, // )) * 0.5)) + ((f
	0x6c, 0x6f, 0x61, 0x74, 0x33, 0x28, 0x30, 0x2e, 0x32, 0x39, 0x36, 0x33, 0x36, 0x35, 0x34, 0x36, // loat3(0.29636546
	0x39, 0x36, 0x39, 0x34, 0x31, 0x33, 0x37, 0x35, 0x37, 0x33, 0x32, 0x34, 0x32, 0x31, 0x38, 0x37, // 9694137573242187
	0x35, 0x2c, 0x20, 0x30, 0x2e, 0x32, 0x38, 0x31, 0x32, 0x36, 0x38, 0x36, 0x38, 0x36, 0x30, 0x35, // 5, 0.28126868605
	0x36, 0x31, 0x33, 0x37, 0x30, 0x38, 0x34, 0x39, 0x36, 0x30, 0x39, 0x33, 0x37, 0x35, 0x2c, 0x20, // 61370849609375, 
	0x30, 0x2e, 0x32, 0x34, 0x33, 0x33, 0x32, 0x38, 0x32, 0x32, 0x38, 0x35, 0x39, 0x32, 0x38, 0x37, // 0.24332822859287
	0x32, 0x36, 0x31, 0x39, 0x36, 0x32, 0x38, 0x39, 0x30, 0x36, 0x32, 0x35, 0x29, 0x20, 0x2a, 0x20, // 261962890625) * 
	0x28, 0x28, 0x28, 0x2d, 0x31, 0x2e, 0x30, 0x39, 0x32, 0x35, 0x34, 0x38, 0x34, 0x38, 0x39, 0x35, // (((-1.0925484895
	0x37, 0x30, 0x36, 0x31, 0x37, 0x36, 0x37, 0x35, 0x37, 0x38, 0x31, 0x32, 0x35, 0x29, 0x20, 0x2a, // 7061767578125) *
	0x20, 0x5f, 0x33, 0x36, 0x35, 0x29, 0x20, 0x2a, 0x20, 0x5f, 0x33, 0x36, 0x31, 0x29, 0x29, 0x20, //  _365) * _361)) 
	0x2a, 0x20, 0x30, 0x2e, 0x35, 0x29, 0x29, 0x20, 0x2b, 0x20, 0x28, 0x28, 0x66, 0x6c, 0x6f, 0x61, // * 0.5)) + ((floa
	0x74, 0x33, 0x28, 0x2d, 0x30, 0x2e, 0x30, 0x37, 0x39, 0x38, 0x32, 0x36, 0x36, 0x36, 0x37, 0x39, // t3(-0.0798266679
	0x30, 0x34, 0x38, 0x35, 0x33, 0x38, 0x32, 0x30, 0x38, 0x30, 0x30, 0x37, 0x38, 0x31, 0x32, 0x35, // 0485382080078125
	0x2c, 0x20, 0x2d, 0x30, 0x2e, 0x31, 0x30, 0x39, 0x33, 0x34, 0x30, 0x39, 0x35, 0x38, 0x32, 0x39, // , -0.10934095829
	0x37, 0x32, 0x35, 0x32, 0x36, 0x35, 0x35, 0x30, 0x32, 0x39, 0x32, 0x39, 0x36, 0x38, 0x37, 0x35, // 7252655029296875
	0x2c, 0x20, 0x2d, 0x30, 0x2e, 0x31, 0x35, 0x37, 0x32, 0x30, 0x38, 0x38, 0x35, 0x39, 0x39, 0x32, // , -0.15720885992
	0x30, 0x35, 0x30, 0x31, 0x37, 0x30, 0x38, 0x39, 0x38, 0x34, 0x33, 0x37, 0x35, 0x29, 0x20, 0x2a, // 0501708984375) *
	0x20, 0x28, 0x30, 0x2e, 0x35, 0x34, 0x36, 0x32, 0x37, 0x34, 0x32, 0x34, 0x34, 0x37, 0x38, 0x35, //  (0.546274244785
	0x33, 0x30, 0x38, 0x38, 0x33, 0x37, 0x38, 0x39, 0x30, 0x36, 0x32, 0x35, 0x20, 0x2a, 0x20, 0x28, // 308837890625 * (
	0x28, 0x5f, 0x33, 0x36, 0x35, 0x20, 0x2a, 0x20, 0x5f, 0x33, 0x36, 0x35, 0x29, 0x20, 0x2d, 0x20, // (_365 * _365) - 
	0x28, 0x5f, 0x33, 0x35, 0x37, 0x20, 0x2a, 0x20, 0x5f, 0x33, 0x35, 0x37, 0x29, 0x29, 0x29, 0x29, // (_357 * _357))))
	0x20, 0x2a, 0x20, 0x30, 0x2e, 0x35, 0x29, 0x2c, 0x20, 0x31, 0x2e, 0x30, 0x29, 0x3b, 0x0a, 0x20, //  * 0.5), 1.0);. 
	0x20, 0x20, 0x20, 0x72, 0x65, 0x74, 0x75, 0x72, 0x6e, 0x20, 0x6f, 0x75, 0x74, 0x3b, 0x0a, 0x7d, //    return out;.}
	0x0a, 0x0a, 0x00, 0x00, 0x00, 0x00,                                                             // ......
};
extern const uint8_t* fs_mesh_pssl;
extern const uint32_t fs_mesh_pssl_size;
