static const uint8_t cs_mipgen_oddx_glsl[4604] =
{
	0x43, 0x53, 0x48, 0x0b, 0x00, 0x00, 0x00, 0x00, 0x00, 0x00, 0x00, 0x00, 0x02, 0x00, 0x0b, 0x62, // CSH............b
	0x67, 0x66, 0x78, 0x5f, 0x6d, 0x69, 0x70, 0x47, 0x65, 0x6e, 0x02, 0x01, 0x00, 0x00, 0x01, 0x00, // gfx_mipGen......
	0x00, 0x00, 0x00, 0x00, 0x0e, 0x62, 0x67, 0x66, 0x78, 0x5f, 0x74, 0x65, 0x78, 0x4d, 0x69, 0x70, // .....bgfx_texMip
	0x53, 0x72, 0x63, 0x00, 0x01, 0x00, 0x00, 0x01, 0x00, 0x00, 0x00, 0x00, 0x00, 0xba, 0x11, 0x00, // Src.............
	0x00, 0x6c, 0x61, 0x79, 0x6f, 0x75, 0x74, 0x28, 0x6c, 0x6f, 0x63, 0x61, 0x6c, 0x5f, 0x73, 0x69, // .layout(local_si
	0x7a, 0x65, 0x5f, 0x78, 0x20, 0x3d, 0x20, 0x38, 0x2c, 0x20, 0x6c, 0x6f, 0x63, 0x61, 0x6c, 0x5f, // ze_x = 8, local_
	0x73, 0x69, 0x7a, 0x65, 0x5f, 0x79, 0x20, 0x3d, 0x20, 0x38, 0x2c, 0x20, 0x6c, 0x6f, 0x63, 0x61, // size_y = 8, loca
	0x6c, 0x5f, 0x73, 0x69, 0x7a, 0x65, 0x5f, 0x7a, 0x20, 0x3d, 0x20, 0x31, 0x29, 0x20, 0x69, 0x6e, // l_size_z = 1) in
	0x3b, 0x0a, 0x0a, 0x75, 0x6e, 0x69, 0x66, 0x6f, 0x72, 0x6d, 0x20, 0x76, 0x65, 0x63, 0x34, 0x20, // ;..uniform vec4 
	0x62, 0x67, 0x66, 0x78, 0x5f, 0x6d, 0x69, 0x70, 0x47, 0x65, 0x6e, 0x3b, 0x0a, 0x75, 0x6e, 0x69, // bgfx_mipGen;.uni
	0x66, 0x6f, 0x72, 0x6d, 0x20, 0x73, 0x61, 0x6d, 0x70, 0x6c, 0x65, 0x72, 0x32, 0x44, 0x41, 0x72, // form sampler2DAr
	0x72, 0x61, 0x79, 0x20, 0x62, 0x67, 0x66, 0x78, 0x5f, 0x74, 0x65, 0x78, 0x4d, 0x69, 0x70, 0x53, // ray bgfx_texMipS
	0x72, 0x63, 0x3b, 0x0a, 0x6c, 0x61, 0x79, 0x6f, 0x75, 0x74, 0x28, 0x6c, 0x6f, 0x63, 0x61, 0x74, // rc;.layout(locat
	0x69, 0x6f, 0x6e, 0x20, 0x3d, 0x20, 0x30, 0x2c, 0x20, 0x62, 0x69, 0x6e, 0x64, 0x69, 0x6e, 0x67, // ion = 0, binding
	0x20, 0x3d, 0x20, 0x30, 0x2c, 0x20, 0x72, 0x67, 0x62, 0x61, 0x38, 0x29, 0x20, 0x75, 0x6e, 0x69, //  = 0, rgba8) uni
	0x66, 0x6f, 0x72, 0x6d, 0x20, 0x77, 0x72, 0x69, 0x74, 0x65, 0x6f, 0x6e, 0x6c, 0x79, 0x20, 0x69, // form writeonly i
	0x6d, 0x61, 0x67, 0x65, 0x32, 0x44, 0x41, 0x72, 0x72, 0x61, 0x79, 0x20, 0x73, 0x5f, 0x69, 0x6d, // mage2DArray s_im
	0x67, 0x4d, 0x69, 0x70, 0x31, 0x3b, 0x0a, 0x6c, 0x61, 0x79, 0x6f, 0x75, 0x74, 0x28, 0x6c, 0x6f, // gMip1;.layout(lo
	0x63, 0x61, 0x74, 0x69, 0x6f, 0x6e, 0x20, 0x3d, 0x20, 0x31, 0x2c, 0x20, 0x62, 0x69, 0x6e, 0x64, // cation = 1, bind
	0x69, 0x6e, 0x67, 0x20, 0x3d, 0x20, 0x31, 0x2c, 0x20, 0x72, 0x67, 0x62, 0x61, 0x38, 0x29, 0x20, // ing = 1, rgba8) 
	0x75, 0x6e, 0x69, 0x66, 0x6f, 0x72, 0x6d, 0x20, 0x77, 0x72, 0x69, 0x74, 0x65, 0x6f, 0x6e, 0x6c, // uniform writeonl
	0x79, 0x20, 0x69, 0x6d, 0x61, 0x67, 0x65, 0x32, 0x44, 0x41, 0x72, 0x72, 0x61, 0x79, 0x20, 0x73, // y image2DArray s
	0x5f, 0x69, 0x6d, 0x67, 0x4d, 0x69, 0x70, 0x32, 0x3b, 0x0a, 0x6c, 0x61, 0x79, 0x6f, 0x75, 0x74, // _imgMip2;.layout
	0x28, 0x6c, 0x6f, 0x63, 0x61, 0x74, 0x69, 0x6f, 0x6e, 0x20, 0x3d, 0x20, 0x32, 0x2c, 0x20, 0x62, // (location = 2, b
	0x69, 0x6e, 0x64, 0x69, 0x6e, 0x67, 0x20, 0x3d, 0x20, 0x32, 0x2c, 0x20, 0x72, 0x67, 0x62, 0x61, // inding = 2, rgba
	0x38, 0x29, 0x20, 0x75, 0x6e, 0x69, 0x66, 0x6f, 0x72, 0x6d, 0x20, 0x77, 0x72, 0x69, 0x74, 0x65, // 8) uniform write
	0x6f, 0x6e, 0x6c, 0x79, 0x20, 0x69, 0x6d, 0x61, 0x67, 0x65, 0x32, 0x44, 0x41, 0x72, 0x72, 0x61, // only image2DArra
	0x79, 0x20, 0x73, 0x5f, 0x69, 0x6d, 0x67, 0x4d, 0x69, 0x70, 0x33, 0x3b, 0x0a, 0x6c, 0x61, 0x79, // y s_imgMip3;.lay
	0x6f, 0x75, 0x74, 0x28, 0x6c, 0x6f, 0x63, 0x61, 0x74, 0x69, 0x6f, 0x6e, 0x20, 0x3d, 0x20, 0x33, // out(location = 3
	0x2c, 0x20, 0x62, 0x69, 0x6e, 0x64, 0x69, 0x6e, 0x67, 0x20, 0x3d, 0x20, 0x33, 0x2c, 0x20, 0x72, // , binding = 3, r
	0x67, 0x62, 0x61, 0x38, 0x29, 0x20, 0x75, 0x6e, 0x69, 0x66, 0x6f, 0x72, 0x6d, 0x20, 0x77, 0x72, // gba8) uniform wr
	0x69, 0x74, 0x65, 0x6f, 0x6e, 0x6c, 0x79, 0x20, 0x69, 0x6d, 0x61, 0x67, 0x65, 0x32, 0x44, 0x41, // iteonly image2DA
	0x72, 0x72, 0x61, 0x79, 0x20, 0x73, 0x5f, 0x69, 0x6d, 0x67, 0x4d, 0x69, 0x70, 0x34, 0x3b, 0x0a, // rray s_imgMip4;.
	0x0a, 0x73, 0x68, 0x61, 0x72, 0x65, 0x64, 0x20, 0x66, 0x6c, 0x6f, 0x61, 0x74, 0x20, 0x67, 0x73, // .shared float gs
	0x5f, 0x52, 0x5b, 0x36, 0x34, 0x5d, 0x3b, 0x0a, 0x73, 0x68, 0x61, 0x72, 0x65, 0x64, 0x20, 0x66, // _R[64];.shared f
	0x6c, 0x6f, 0x61, 0x74, 0x20, 0x67, 0x73, 0x5f, 0x47, 0x5b, 0x36, 0x34, 0x5d, 0x3b, 0x0a, 0x73, // loat gs_G[64];.s
	0x68, 0x61, 0x72, 0x65, 0x64, 0x20, 0x66, 0x6c, 0x6f, 0x61, 0x74, 0x20, 0x67, 0x73, 0x5f, 0x42, // hared float gs_B
	0x5b, 0x36, 0x34, 0x5d, 0x3b, 0x0a, 0x73, 0x68, 0x61, 0x72, 0x65, 0x64, 0x20, 0x66, 0x6c, 0x6f, // [64];.shared flo
	0x61, 0x74, 0x20, 0x67, 0x73, 0x5f, 0x41, 0x5b, 0x36, 0x34, 0x5d, 0x3b, 0x0a, 0x0a, 0x76, 0x6f, // at gs_A[64];..vo
	0x69, 0x64, 0x20, 0x6d, 0x61, 0x69, 0x6e, 0x28, 0x29, 0x0a, 0x7b, 0x0a, 0x20, 0x20, 0x20, 0x20, // id main().{.    
	0x64, 0x6f, 0x0a, 0x20, 0x20, 0x20, 0x20, 0x7b, 0x0a, 0x20, 0x20, 0x20, 0x20, 0x20, 0x20, 0x20, // do.    {.       
	0x20, 0x75, 0x69, 0x6e, 0x74, 0x20, 0x5f, 0x38, 0x34, 0x20, 0x3d, 0x20, 0x75, 0x69, 0x6e, 0x74, //  uint _84 = uint
	0x28, 0x62, 0x67, 0x66, 0x78, 0x5f, 0x6d, 0x69, 0x70, 0x47, 0x65, 0x6e, 0x2e, 0x79, 0x29, 0x3b, // (bgfx_mipGen.y);
	0x0a, 0x20, 0x20, 0x20, 0x20, 0x20, 0x20, 0x20, 0x20, 0x76, 0x65, 0x63, 0x32, 0x20, 0x5f, 0x31, // .        vec2 _1
	0x30, 0x33, 0x20, 0x3d, 0x20, 0x62, 0x67, 0x66, 0x78, 0x5f, 0x6d, 0x69, 0x70, 0x47, 0x65, 0x6e, // 03 = bgfx_mipGen
	0x2e, 0x7a, 0x77, 0x20, 0x2a, 0x20, 0x28, 0x76, 0x65, 0x63, 0x32, 0x28, 0x67, 0x6c, 0x5f, 0x47, // .zw * (vec2(gl_G
	0x6c, 0x6f, 0x62, 0x61, 0x6c, 0x49, 0x6e, 0x76, 0x6f, 0x63, 0x61, 0x74, 0x69, 0x6f, 0x6e, 0x49, // lobalInvocationI
	0x44, 0x2e, 0x78, 0x79, 0x29, 0x20, 0x2b, 0x20, 0x76, 0x65, 0x63, 0x32, 0x28, 0x30, 0x2e, 0x32, // D.xy) + vec2(0.2
	0x35, 0x2c, 0x20, 0x30, 0x2e, 0x35, 0x29, 0x29, 0x3b, 0x0a, 0x20, 0x20, 0x20, 0x20, 0x20, 0x20, // 5, 0.5));.      
	0x20, 0x20, 0x66, 0x6c, 0x6f, 0x61, 0x74, 0x20, 0x5f, 0x31, 0x31, 0x37, 0x20, 0x3d, 0x20, 0x66, //   float _117 = f
	0x6c, 0x6f, 0x61, 0x74, 0x28, 0x67, 0x6c, 0x5f, 0x47, 0x6c, 0x6f, 0x62, 0x61, 0x6c, 0x49, 0x6e, // loat(gl_GlobalIn
	0x76, 0x6f, 0x63, 0x61, 0x74, 0x69, 0x6f, 0x6e, 0x49, 0x44, 0x2e, 0x7a, 0x29, 0x3b, 0x0a, 0x20, // vocationID.z);. 
	0x20, 0x20, 0x20, 0x20, 0x20, 0x20, 0x20, 0x66, 0x6c, 0x6f, 0x61, 0x74, 0x20, 0x5f, 0x31, 0x32, //        float _12
	0x33, 0x20, 0x3d, 0x20, 0x66, 0x6c, 0x6f, 0x61, 0x74, 0x28, 0x75, 0x69, 0x6e, 0x74, 0x28, 0x62, // 3 = float(uint(b
	0x67, 0x66, 0x78, 0x5f, 0x6d, 0x69, 0x70, 0x47, 0x65, 0x6e, 0x2e, 0x78, 0x29, 0x29, 0x3b, 0x0a, // gfx_mipGen.x));.
	0x20, 0x20, 0x20, 0x20, 0x20, 0x20, 0x20, 0x20, 0x76, 0x65, 0x63, 0x34, 0x20, 0x5f, 0x31, 0x33, //         vec4 _13
	0x38, 0x20, 0x3d, 0x20, 0x28, 0x74, 0x65, 0x78, 0x74, 0x75, 0x72, 0x65, 0x4c, 0x6f, 0x64, 0x28, // 8 = (textureLod(
	0x62, 0x67, 0x66, 0x78, 0x5f, 0x74, 0x65, 0x78, 0x4d, 0x69, 0x70, 0x53, 0x72, 0x63, 0x2c, 0x20, // bgfx_texMipSrc, 
	0x76, 0x65, 0x63, 0x33, 0x28, 0x5f, 0x31, 0x30, 0x33, 0x2c, 0x20, 0x5f, 0x31, 0x31, 0x37, 0x29, // vec3(_103, _117)
	0x2c, 0x20, 0x5f, 0x31, 0x32, 0x33, 0x29, 0x20, 0x2b, 0x20, 0x74, 0x65, 0x78, 0x74, 0x75, 0x72, // , _123) + textur
	0x65, 0x4c, 0x6f, 0x64, 0x28, 0x62, 0x67, 0x66, 0x78, 0x5f, 0x74, 0x65, 0x78, 0x4d, 0x69, 0x70, // eLod(bgfx_texMip
	0x53, 0x72, 0x63, 0x2c, 0x20, 0x76, 0x65, 0x63, 0x33, 0x28, 0x5f, 0x31, 0x30, 0x33, 0x20, 0x2b, // Src, vec3(_103 +
	0x20, 0x28, 0x62, 0x67, 0x66, 0x78, 0x5f, 0x6d, 0x69, 0x70, 0x47, 0x65, 0x6e, 0x2e, 0x7a, 0x77, //  (bgfx_mipGen.zw
	0x20, 0x2a, 0x20, 0x76, 0x65, 0x63, 0x32, 0x28, 0x30, 0x2e, 0x35, 0x2c, 0x20, 0x30, 0x2e, 0x30, //  * vec2(0.5, 0.0
	0x29, 0x29, 0x2c, 0x20, 0x5f, 0x31, 0x31, 0x37, 0x29, 0x2c, 0x20, 0x5f, 0x31, 0x32, 0x33, 0x29, // )), _117), _123)
	0x29, 0x20, 0x2a, 0x20, 0x30, 0x2e, 0x35, 0x3b, 0x0a, 0x20, 0x20, 0x20, 0x20, 0x20, 0x20, 0x20, // ) * 0.5;.       
	0x20, 0x69, 0x6e, 0x74, 0x20, 0x5f, 0x31, 0x34, 0x39, 0x20, 0x3d, 0x20, 0x69, 0x6e, 0x74, 0x28, //  int _149 = int(
	0x67, 0x6c, 0x5f, 0x47, 0x6c, 0x6f, 0x62, 0x61, 0x6c, 0x49, 0x6e, 0x76, 0x6f, 0x63, 0x61, 0x74, // gl_GlobalInvocat
	0x69, 0x6f, 0x6e, 0x49, 0x44, 0x2e, 0x7a, 0x29, 0x3b, 0x0a, 0x20, 0x20, 0x20, 0x20, 0x20, 0x20, // ionID.z);.      
	0x20, 0x20, 0x69, 0x6d, 0x61, 0x67, 0x65, 0x53, 0x74, 0x6f, 0x72, 0x65, 0x28, 0x73, 0x5f, 0x69, //   imageStore(s_i
	0x6d, 0x67, 0x4d, 0x69, 0x70, 0x31, 0x2c, 0x20, 0x69, 0x76, 0x65, 0x63, 0x33, 0x28, 0x69, 0x76, // mgMip1, ivec3(iv
	0x65, 0x63, 0x32, 0x28, 0x67, 0x6c, 0x5f, 0x47, 0x6c, 0x6f, 0x62, 0x61, 0x6c, 0x49, 0x6e, 0x76, // ec2(gl_GlobalInv
	0x6f, 0x63, 0x61, 0x74, 0x69, 0x6f, 0x6e, 0x49, 0x44, 0x2e, 0x78, 0x79, 0x29, 0x2c, 0x20, 0x5f, // ocationID.xy), _
	0x31, 0x34, 0x39, 0x29, 0x2c, 0x20, 0x5f, 0x31, 0x33, 0x38, 0x29, 0x3b, 0x0a, 0x20, 0x20, 0x20, // 149), _138);.   
	0x20, 0x20, 0x20, 0x20, 0x20, 0x69, 0x66, 0x20, 0x28, 0x5f, 0x38, 0x34, 0x20, 0x3d, 0x3d, 0x20, //      if (_84 == 
	0x31, 0x75, 0x29, 0x0a, 0x20, 0x20, 0x20, 0x20, 0x20, 0x20, 0x20, 0x20, 0x7b, 0x0a, 0x20, 0x20, // 1u).        {.  
	0x20, 0x20, 0x20, 0x20, 0x20, 0x20, 0x20, 0x20, 0x20, 0x20, 0x62, 0x72, 0x65, 0x61, 0x6b, 0x3b, //           break;
	0x0a, 0x20, 0x20, 0x20, 0x20, 0x20, 0x20, 0x20, 0x20, 0x7d, 0x0a, 0x20, 0x20, 0x20, 0x20, 0x20, // .        }.     
	0x20, 0x20, 0x20, 0x67, 0x73, 0x5f, 0x52, 0x5b, 0x67, 0x6c, 0x5f, 0x4c, 0x6f, 0x63, 0x61, 0x6c, //    gs_R[gl_Local
	0x49, 0x6e, 0x76, 0x6f, 0x63, 0x61, 0x74, 0x69, 0x6f, 0x6e, 0x49, 0x6e, 0x64, 0x65, 0x78, 0x5d, // InvocationIndex]
	0x20, 0x3d, 0x20, 0x5f, 0x31, 0x33, 0x38, 0x2e, 0x78, 0x3b, 0x0a, 0x20, 0x20, 0x20, 0x20, 0x20, //  = _138.x;.     
	0x20, 0x20, 0x20, 0x67, 0x73, 0x5f, 0x47, 0x5b, 0x67, 0x6c, 0x5f, 0x4c, 0x6f, 0x63, 0x61, 0x6c, //    gs_G[gl_Local
	0x49, 0x6e, 0x76, 0x6f, 0x63, 0x61, 0x74, 0x69, 0x6f, 0x6e, 0x49, 0x6e, 0x64, 0x65, 0x78, 0x5d, // InvocationIndex]
	0x20, 0x3d, 0x20, 0x5f, 0x31, 0x33, 0x38, 0x2e, 0x79, 0x3b, 0x0a, 0x20, 0x20, 0x20, 0x20, 0x20, //  = _138.y;.     
	0x20, 0x20, 0x20, 0x67, 0x73, 0x5f, 0x42, 0x5b, 0x67, 0x6c, 0x5f, 0x4c, 0x6f, 0x63, 0x61, 0x6c, //    gs_B[gl_Local
	0x49, 0x6e, 0x76, 0x6f, 0x63, 0x61, 0x74, 0x69, 0x6f, 0x6e, 0x49, 0x6e, 0x64, 0x65, 0x78, 0x5d, // InvocationIndex]
	0x20, 0x3d, 0x20, 0x5f, 0x31, 0x33, 0x38, 0x2e, 0x7a, 0x3b, 0x0a, 0x20, 0x20, 0x20, 0x20, 0x20, //  = _138.z;.     
	0x20, 0x20, 0x20, 0x67, 0x73, 0x5f, 0x41, 0x5b, 0x67, 0x6c, 0x5f, 0x4c, 0x6f, 0x63, 0x61, 0x6c, //    gs_A[gl_Local
	0x49, 0x6e, 0x76, 0x6f, 0x63, 0x61, 0x74, 0x69, 0x6f, 0x6e, 0x49, 0x6e, 0x64, 0x65, 0x78, 0x5d, // InvocationIndex]
	0x20, 0x3d, 0x20, 0x5f, 0x31, 0x33, 0x38, 0x2e, 0x77, 0x3b, 0x0a, 0x20, 0x20, 0x20, 0x20, 0x20, //  = _138.w;.     
	0x20, 0x20, 0x20, 0x62, 0x61, 0x72, 0x72, 0x69, 0x65, 0x72, 0x28, 0x29, 0x3b, 0x0a, 0x20, 0x20, //    barrier();.  
	0x20, 0x20, 0x20, 0x20, 0x20, 0x20, 0x76, 0x65, 0x63, 0x34, 0x20, 0x5f, 0x35, 0x34, 0x32, 0x3b, //       vec4 _542;
	0x0a, 0x20, 0x20, 0x20, 0x20, 0x20, 0x20, 0x20, 0x20, 0x69, 0x66, 0x20, 0x28, 0x28, 0x67, 0x6c, // .        if ((gl
	0x5f, 0x4c, 0x6f, 0x63, 0x61, 0x6c, 0x49, 0x6e, 0x76, 0x6f, 0x63, 0x61, 0x74, 0x69, 0x6f, 0x6e, // _LocalInvocation
	0x49, 0x6e, 0x64, 0x65, 0x78, 0x20, 0x26, 0x20, 0x39, 0x75, 0x29, 0x20, 0x3d, 0x3d, 0x20, 0x30, // Index & 9u) == 0
	0x75, 0x29, 0x0a, 0x20, 0x20, 0x20, 0x20, 0x20, 0x20, 0x20, 0x20, 0x7b, 0x0a, 0x20, 0x20, 0x20, // u).        {.   
	0x20, 0x20, 0x20, 0x20, 0x20, 0x20, 0x20, 0x20, 0x20, 0x75, 0x69, 0x6e, 0x74, 0x20, 0x5f, 0x31, //          uint _1
	0x37, 0x35, 0x20, 0x3d, 0x20, 0x67, 0x6c, 0x5f, 0x4c, 0x6f, 0x63, 0x61, 0x6c, 0x49, 0x6e, 0x76, // 75 = gl_LocalInv
	0x6f, 0x63, 0x61, 0x74, 0x69, 0x6f, 0x6e, 0x49, 0x6e, 0x64, 0x65, 0x78, 0x20, 0x2b, 0x20, 0x31, // ocationIndex + 1
	0x75, 0x3b, 0x0a, 0x20, 0x20, 0x20, 0x20, 0x20, 0x20, 0x20, 0x20, 0x20, 0x20, 0x20, 0x20, 0x66, // u;.            f
	0x6c, 0x6f, 0x61, 0x74, 0x20, 0x5f, 0x33, 0x36, 0x34, 0x20, 0x3d, 0x20, 0x67, 0x73, 0x5f, 0x52, // loat _364 = gs_R
	0x5b, 0x5f, 0x31, 0x37, 0x35, 0x5d, 0x3b, 0x0a, 0x20, 0x20, 0x20, 0x20, 0x20, 0x20, 0x20, 0x20, // [_175];.        
	0x20, 0x20, 0x20, 0x20, 0x66, 0x6c, 0x6f, 0x61, 0x74, 0x20, 0x5f, 0x33, 0x36, 0x37, 0x20, 0x3d, //     float _367 =
	0x20, 0x67, 0x73, 0x5f, 0x47, 0x5b, 0x5f, 0x31, 0x37, 0x35, 0x5d, 0x3b, 0x0a, 0x20, 0x20, 0x20, //  gs_G[_175];.   
	0x20, 0x20, 0x20, 0x20, 0x20, 0x20, 0x20, 0x20, 0x20, 0x66, 0x6c, 0x6f, 0x61, 0x74, 0x20, 0x5f, //          float _
	0x33, 0x37, 0x30, 0x20, 0x3d, 0x20, 0x67, 0x73, 0x5f, 0x42, 0x5b, 0x5f, 0x31, 0x37, 0x35, 0x5d, // 370 = gs_B[_175]
	0x3b, 0x0a, 0x20, 0x20, 0x20, 0x20, 0x20, 0x20, 0x20, 0x20, 0x20, 0x20, 0x20, 0x20, 0x66, 0x6c, // ;.            fl
	0x6f, 0x61, 0x74, 0x20, 0x5f, 0x33, 0x37, 0x33, 0x20, 0x3d, 0x20, 0x67, 0x73, 0x5f, 0x41, 0x5b, // oat _373 = gs_A[
	0x5f, 0x31, 0x37, 0x35, 0x5d, 0x3b, 0x0a, 0x20, 0x20, 0x20, 0x20, 0x20, 0x20, 0x20, 0x20, 0x20, // _175];.         
	0x20, 0x20, 0x20, 0x75, 0x69, 0x6e, 0x74, 0x20, 0x5f, 0x31, 0x38, 0x31, 0x20, 0x3d, 0x20, 0x67, //    uint _181 = g
	0x6c, 0x5f, 0x4c, 0x6f, 0x63, 0x61, 0x6c, 0x49, 0x6e, 0x76, 0x6f, 0x63, 0x61, 0x74, 0x69, 0x6f, // l_LocalInvocatio
	0x6e, 0x49, 0x6e, 0x64, 0x65, 0x78, 0x20, 0x2b, 0x20, 0x38, 0x75, 0x3b, 0x0a, 0x20, 0x20, 0x20, // nIndex + 8u;.   
	0x20, 0x20, 0x20, 0x20, 0x20, 0x20, 0x20, 0x20, 0x20, 0x66, 0x6c, 0x6f, 0x61, 0x74, 0x20, 0x5f, //          float _
	0x33, 0x37, 0x39, 0x20, 0x3d, 0x20, 0x67, 0x73, 0x5f, 0x52, 0x5b, 0x5f, 0x31, 0x38, 0x31, 0x5d, // 379 = gs_R[_181]
	0x3b, 0x0a, 0x20, 0x20, 0x20, 0x20, 0x20, 0x20, 0x20, 0x20, 0x20, 0x20, 0x20, 0x20, 0x66, 0x6c, // ;.            fl
	0x6f, 0x61, 0x74, 0x20, 0x5f, 0x33, 0x38, 0x32, 0x20, 0x3d, 0x20, 0x67, 0x73, 0x5f, 0x47, 0x5b, // oat _382 = gs_G[
	0x5f, 0x31, 0x38, 0x31, 0x5d, 0x3b, 0x0a, 0x20, 0x20, 0x20, 0x20, 0x20, 0x20, 0x20, 0x20, 0x20, // _181];.         
	0x20, 0x20, 0x20, 0x66, 0x6c, 0x6f, 0x61, 0x74, 0x20, 0x5f, 0x33, 0x38, 0x35, 0x20, 0x3d, 0x20, //    float _385 = 
	0x67, 0x73, 0x5f, 0x42, 0x5b, 0x5f, 0x31, 0x38, 0x31, 0x5d, 0x3b, 0x0a, 0x20, 0x20, 0x20, 0x20, // gs_B[_181];.    
	0x20, 0x20, 0x20, 0x20, 0x20, 0x20, 0x20, 0x20, 0x66, 0x6c, 0x6f, 0x61, 0x74, 0x20, 0x5f, 0x33, //         float _3
	0x38, 0x38, 0x20, 0x3d, 0x20, 0x67, 0x73, 0x5f, 0x41, 0x5b, 0x5f, 0x31, 0x38, 0x31, 0x5d, 0x3b, // 88 = gs_A[_181];
	0x0a, 0x20, 0x20, 0x20, 0x20, 0x20, 0x20, 0x20, 0x20, 0x20, 0x20, 0x20, 0x20, 0x75, 0x69, 0x6e, // .            uin
	0x74, 0x20, 0x5f, 0x31, 0x38, 0x36, 0x20, 0x3d, 0x20, 0x67, 0x6c, 0x5f, 0x4c, 0x6f, 0x63, 0x61, // t _186 = gl_Loca
	0x6c, 0x49, 0x6e, 0x76, 0x6f, 0x63, 0x61, 0x74, 0x69, 0x6f, 0x6e, 0x49, 0x6e, 0x64, 0x65, 0x78, // lInvocationIndex
	0x20, 0x2b, 0x20, 0x39, 0x75, 0x3b, 0x0a, 0x20, 0x20, 0x20, 0x20, 0x20, 0x20, 0x20, 0x20, 0x20, //  + 9u;.         
	0x20, 0x20, 0x20, 0x66, 0x6c, 0x6f, 0x61, 0x74, 0x20, 0x5f, 0x33, 0x39, 0x34, 0x20, 0x3d, 0x20, //    float _394 = 
	0x67, 0x73, 0x5f, 0x52, 0x5b, 0x5f, 0x31, 0x38, 0x36, 0x5d, 0x3b, 0x0a, 0x20, 0x20, 0x20, 0x20, // gs_R[_186];.    
	0x20, 0x20, 0x20, 0x20, 0x20, 0x20, 0x20, 0x20, 0x66, 0x6c, 0x6f, 0x61, 0x74, 0x20, 0x5f, 0x33, //         float _3
	0x39, 0x37, 0x20, 0x3d, 0x20, 0x67, 0x73, 0x5f, 0x47, 0x5b, 0x5f, 0x31, 0x38, 0x36, 0x5d, 0x3b, // 97 = gs_G[_186];
	0x0a, 0x20, 0x20, 0x20, 0x20, 0x20, 0x20, 0x20, 0x20, 0x20, 0x20, 0x20, 0x20, 0x66, 0x6c, 0x6f, // .            flo
	0x61, 0x74, 0x20, 0x5f, 0x34, 0x30, 0x30, 0x20, 0x3d, 0x20, 0x67, 0x73, 0x5f, 0x42, 0x5b, 0x5f, // at _400 = gs_B[_
	0x31, 0x38, 0x36, 0x5d, 0x3b, 0x0a, 0x20, 0x20, 0x20, 0x20, 0x20, 0x20, 0x20, 0x20, 0x20, 0x20, // 186];.          
	0x20, 0x20, 0x66, 0x6c, 0x6f, 0x61, 0x74, 0x20, 0x5f, 0x34, 0x30, 0x33, 0x20, 0x3d, 0x20, 0x67, //   float _403 = g
	0x73, 0x5f, 0x41, 0x5b, 0x5f, 0x31, 0x38, 0x36, 0x5d, 0x3b, 0x0a, 0x20, 0x20, 0x20, 0x20, 0x20, // s_A[_186];.     
	0x20, 0x20, 0x20, 0x20, 0x20, 0x20, 0x20, 0x76, 0x65, 0x63, 0x34, 0x20, 0x5f, 0x31, 0x39, 0x36, //        vec4 _196
	0x20, 0x3d, 0x20, 0x28, 0x28, 0x28, 0x5f, 0x31, 0x33, 0x38, 0x20, 0x2b, 0x20, 0x76, 0x65, 0x63, //  = (((_138 + vec
	0x34, 0x28, 0x5f, 0x33, 0x36, 0x34, 0x2c, 0x20, 0x5f, 0x33, 0x36, 0x37, 0x2c, 0x20, 0x5f, 0x33, // 4(_364, _367, _3
	0x37, 0x30, 0x2c, 0x20, 0x5f, 0x33, 0x37, 0x33, 0x29, 0x29, 0x20, 0x2b, 0x20, 0x76, 0x65, 0x63, // 70, _373)) + vec
	0x34, 0x28, 0x5f, 0x33, 0x37, 0x39, 0x2c, 0x20, 0x5f, 0x33, 0x38, 0x32, 0x2c, 0x20, 0x5f, 0x33, // 4(_379, _382, _3
	0x38, 0x35, 0x2c, 0x20, 0x5f, 0x33, 0x38, 0x38, 0x29, 0x29, 0x20, 0x2b, 0x20, 0x76, 0x65, 0x63, // 85, _388)) + vec
	0x34, 0x28, 0x5f, 0x33, 0x39, 0x34, 0x2c, 0x20, 0x5f, 0x33, 0x39, 0x37, 0x2c, 0x20, 0x5f, 0x34, // 4(_394, _397, _4
	0x30, 0x30, 0x2c, 0x20, 0x5f, 0x34, 0x30, 0x33, 0x29, 0x29, 0x20, 0x2a, 0x20, 0x30, 0x2e, 0x32, // 00, _403)) * 0.2
	0x35, 0x3b, 0x0a, 0x20, 0x20, 0x20, 0x20, 0x20, 0x20, 0x20, 0x20, 0x20, 0x20, 0x20, 0x20, 0x69, // 5;.            i
	0x6d, 0x61, 0x67, 0x65, 0x53, 0x74, 0x6f, 0x72, 0x65, 0x28, 0x73, 0x5f, 0x69, 0x6d, 0x67, 0x4d, // mageStore(s_imgM
	0x69, 0x70, 0x32, 0x2c, 0x20, 0x69, 0x76, 0x65, 0x63, 0x33, 0x28, 0x69, 0x76, 0x65, 0x63, 0x32, // ip2, ivec3(ivec2
	0x28, 0x67, 0x6c, 0x5f, 0x47, 0x6c, 0x6f, 0x62, 0x61, 0x6c, 0x49, 0x6e, 0x76, 0x6f, 0x63, 0x61, // (gl_GlobalInvoca
	0x74, 0x69, 0x6f, 0x6e, 0x49, 0x44, 0x2e, 0x78, 0x79, 0x20, 0x2f, 0x20, 0x75, 0x76, 0x65, 0x63, // tionID.xy / uvec
	0x32, 0x28, 0x32, 0x75, 0x29, 0x29, 0x2c, 0x20, 0x5f, 0x31, 0x34, 0x39, 0x29, 0x2c, 0x20, 0x5f, // 2(2u)), _149), _
	0x31, 0x39, 0x36, 0x29, 0x3b, 0x0a, 0x20, 0x20, 0x20, 0x20, 0x20, 0x20, 0x20, 0x20, 0x20, 0x20, // 196);.          
	0x20, 0x20, 0x67, 0x73, 0x5f, 0x52, 0x5b, 0x67, 0x6c, 0x5f, 0x4c, 0x6f, 0x63, 0x61, 0x6c, 0x49, //   gs_R[gl_LocalI
	0x6e, 0x76, 0x6f, 0x63, 0x61, 0x74, 0x69, 0x6f, 0x6e, 0x49, 0x6e, 0x64, 0x65, 0x78, 0x5d, 0x20, // nvocationIndex] 
	0x3d, 0x20, 0x5f, 0x31, 0x39, 0x36, 0x2e, 0x78, 0x3b, 0x0a, 0x20, 0x20, 0x20, 0x20, 0x20, 0x20, // = _196.x;.      
	0x20, 0x20, 0x20, 0x20, 0x20, 0x20, 0x67, 0x73, 0x5f, 0x47, 0x5b, 0x67, 0x6c, 0x5f, 0x4c, 0x6f, //       gs_G[gl_Lo
	0x63, 0x61, 0x6c, 0x49, 0x6e, 0x76, 0x6f, 0x63, 0x61, 0x74, 0x69, 0x6f, 0x6e, 0x49, 0x6e, 0x64, // calInvocationInd
	0x65, 0x78, 0x5d, 0x20, 0x3d, 0x20, 0x5f, 0x31, 0x39, 0x36, 0x2e, 0x79, 0x3b, 0x0a, 0x20, 0x20, // ex] = _196.y;.  
	0x20, 0x20, 0x20, 0x20, 0x20, 0x20, 0x20, 0x20, 0x20, 0x20, 0x67, 0x73, 0x5f, 0x42, 0x5b, 0x67, //           gs_B[g
	0x6c, 0x5f, 0x4c, 0x6f, 0x63, 0x61, 0x6c, 0x49, 0x6e, 0x76, 0x6f, 0x63, 0x61, 0x74, 0x69, 0x6f, // l_LocalInvocatio
	0x6e, 0x49, 0x6e, 0x64, 0x65, 0x78, 0x5d, 0x20, 0x3d, 0x20, 0x5f, 0x31, 0x39, 0x36, 0x2e, 0x7a, // nIndex] = _196.z
	0x3b, 0x0a, 0x20, 0x20, 0x20, 0x20, 0x20, 0x20, 0x20, 0x20, 0x20, 0x20, 0x20, 0x20, 0x67, 0x73, // ;.            gs
	0x5f, 0x41, 0x5b, 0x67, 0x6c, 0x5f, 0x4c, 0x6f, 0x63, 0x61, 0x6c, 0x49, 0x6e, 0x76, 0x6f, 0x63, // _A[gl_LocalInvoc
	0x61, 0x74, 0x69, 0x6f, 0x6e, 0x49, 0x6e, 0x64, 0x65, 0x78, 0x5d, 0x20, 0x3d, 0x20, 0x5f, 0x31, // ationIndex] = _1
	0x39, 0x36, 0x2e, 0x77, 0x3b, 0x0a, 0x20, 0x20, 0x20, 0x20, 0x20, 0x20, 0x20, 0x20, 0x20, 0x20, // 96.w;.          
	0x20, 0x20, 0x5f, 0x35, 0x34, 0x32, 0x20, 0x3d, 0x20, 0x5f, 0x31, 0x39, 0x36, 0x3b, 0x0a, 0x20, //   _542 = _196;. 
	0x20, 0x20, 0x20, 0x20, 0x20, 0x20, 0x20, 0x7d, 0x0a, 0x20, 0x20, 0x20, 0x20, 0x20, 0x20, 0x20, //        }.       
	0x20, 0x65, 0x6c, 0x73, 0x65, 0x0a, 0x20, 0x20, 0x20, 0x20, 0x20, 0x20, 0x20, 0x20, 0x7b, 0x0a, //  else.        {.
	0x20, 0x20, 0x20, 0x20, 0x20, 0x20, 0x20, 0x20, 0x20, 0x20, 0x20, 0x20, 0x5f, 0x35, 0x34, 0x32, //             _542
	0x20, 0x3d, 0x20, 0x5f, 0x31, 0x33, 0x38, 0x3b, 0x0a, 0x20, 0x20, 0x20, 0x20, 0x20, 0x20, 0x20, //  = _138;.       
	0x20, 0x7d, 0x0a, 0x20, 0x20, 0x20, 0x20, 0x20, 0x20, 0x20, 0x20, 0x69, 0x66, 0x20, 0x28, 0x5f, //  }.        if (_
	0x38, 0x34, 0x20, 0x3d, 0x3d, 0x20, 0x32, 0x75, 0x29, 0x0a, 0x20, 0x20, 0x20, 0x20, 0x20, 0x20, // 84 == 2u).      
	0x20, 0x20, 0x7b, 0x0a, 0x20, 0x20, 0x20, 0x20, 0x20, 0x20, 0x20, 0x20, 0x20, 0x20, 0x20, 0x20, //   {.            
	0x62, 0x72, 0x65, 0x61, 0x6b, 0x3b, 0x0a, 0x20, 0x20, 0x20, 0x20, 0x20, 0x20, 0x20, 0x20, 0x7d, // break;.        }
	0x0a, 0x20, 0x20, 0x20, 0x20, 0x20, 0x20, 0x20, 0x20, 0x62, 0x61, 0x72, 0x72, 0x69, 0x65, 0x72, // .        barrier
	0x28, 0x29, 0x3b, 0x0a, 0x20, 0x20, 0x20, 0x20, 0x20, 0x20, 0x20, 0x20, 0x76, 0x65, 0x63, 0x34, // ();.        vec4
	0x20, 0x5f, 0x35, 0x34, 0x33, 0x3b, 0x0a, 0x20, 0x20, 0x20, 0x20, 0x20, 0x20, 0x20, 0x20, 0x69, //  _543;.        i
	0x66, 0x20, 0x28, 0x28, 0x67, 0x6c, 0x5f, 0x4c, 0x6f, 0x63, 0x61, 0x6c, 0x49, 0x6e, 0x76, 0x6f, // f ((gl_LocalInvo
	0x63, 0x61, 0x74, 0x69, 0x6f, 0x6e, 0x49, 0x6e, 0x64, 0x65, 0x78, 0x20, 0x26, 0x20, 0x32, 0x37, // cationIndex & 27
	0x75, 0x29, 0x20, 0x3d, 0x3d, 0x20, 0x30, 0x75, 0x29, 0x0a, 0x20, 0x20, 0x20, 0x20, 0x20, 0x20, // u) == 0u).      
	0x20, 0x20, 0x7b, 0x0a, 0x20, 0x20, 0x20, 0x20, 0x20, 0x20, 0x20, 0x20, 0x20, 0x20, 0x20, 0x20, //   {.            
	0x75, 0x69, 0x6e, 0x74, 0x20, 0x5f, 0x32, 0x32, 0x38, 0x20, 0x3d, 0x20, 0x67, 0x6c, 0x5f, 0x4c, // uint _228 = gl_L
	0x6f, 0x63, 0x61, 0x6c, 0x49, 0x6e, 0x76, 0x6f, 0x63, 0x61, 0x74, 0x69, 0x6f, 0x6e, 0x49, 0x6e, // ocalInvocationIn
	0x64, 0x65, 0x78, 0x20, 0x2b, 0x20, 0x32, 0x75, 0x3b, 0x0a, 0x20, 0x20, 0x20, 0x20, 0x20, 0x20, // dex + 2u;.      
	0x20, 0x20, 0x20, 0x20, 0x20, 0x20, 0x66, 0x6c, 0x6f, 0x61, 0x74, 0x20, 0x5f, 0x34, 0x32, 0x36, //       float _426
	0x20, 0x3d, 0x20, 0x67, 0x73, 0x5f, 0x52, 0x5b, 0x5f, 0x32, 0x32, 0x38, 0x5d, 0x3b, 0x0a, 0x20, //  = gs_R[_228];. 
	0x20, 0x20, 0x20, 0x20, 0x20, 0x20, 0x20, 0x20, 0x20, 0x20, 0x20, 0x66, 0x6c, 0x6f, 0x61, 0x74, //            float
	0x20, 0x5f, 0x34, 0x32, 0x39, 0x20, 0x3d, 0x20, 0x67, 0x73, 0x5f, 0x47, 0x5b, 0x5f, 0x32, 0x32, //  _429 = gs_G[_22
	0x38, 0x5d, 0x3b, 0x0a, 0x20, 0x20, 0x20, 0x20, 0x20, 0x20, 0x20, 0x20, 0x20, 0x20, 0x20, 0x20, // 8];.            
	0x66, 0x6c, 0x6f, 0x61, 0x74, 0x20, 0x5f, 0x34, 0x33, 0x32, 0x20, 0x3d, 0x20, 0x67, 0x73, 0x5f, // float _432 = gs_
	0x42, 0x5b, 0x5f, 0x32, 0x32, 0x38, 0x5d, 0x3b, 0x0a, 0x20, 0x20, 0x20, 0x20, 0x20, 0x20, 0x20, // B[_228];.       
	0x20, 0x20, 0x20, 0x20, 0x20, 0x66, 0x6c, 0x6f, 0x61, 0x74, 0x20, 0x5f, 0x34, 0x33, 0x35, 0x20, //      float _435 
	0x3d, 0x20, 0x67, 0x73, 0x5f, 0x41, 0x5b, 0x5f, 0x32, 0x32, 0x38, 0x5d, 0x3b, 0x0a, 0x20, 0x20, // = gs_A[_228];.  
	0x20, 0x20, 0x20, 0x20, 0x20, 0x20, 0x20, 0x20, 0x20, 0x20, 0x75, 0x69, 0x6e, 0x74, 0x20, 0x5f, //           uint _
	0x32, 0x33, 0x34, 0x20, 0x3d, 0x20, 0x67, 0x6c, 0x5f, 0x4c, 0x6f, 0x63, 0x61, 0x6c, 0x49, 0x6e, // 234 = gl_LocalIn
	0x76, 0x6f, 0x63, 0x61, 0x74, 0x69, 0x6f, 0x6e, 0x49, 0x6e, 0x64, 0x65, 0x78, 0x20, 0x2b, 0x20, // vocationIndex + 
	0x31, 0x36, 0x75, 0x3b, 0x0a, 0x20, 0x20, 0x20, 0x20, 0x20, 0x20, 0x20, 0x20, 0x20, 0x20, 0x20, // 16u;.           
	0x20, 0x66, 0x6c, 0x6f, 0x61, 0x74, 0x20, 0x5f, 0x34, 0x34, 0x31, 0x20, 0x3d, 0x20, 0x67, 0x73, //  float _441 = gs
	0x5f, 0x52, 0x5b, 0x5f, 0x32, 0x33, 0x34, 0x5d, 0x3b, 0x0a, 0x20, 0x20, 0x20, 0x20, 0x20, 0x20, // _R[_234];.      
	0x20, 0x20, 0x20, 0x20, 0x20, 0x20, 0x66, 0x6c, 0x6f, 0x61, 0x74, 0x20, 0x5f, 0x34, 0x34, 0x34, //       float _444
	0x20, 0x3d, 0x20, 0x67, 0x73, 0x5f, 0x47, 0x5b, 0x5f, 0x32, 0x33, 0x34, 0x5d, 0x3b, 0x0a, 0x20, //  = gs_G[_234];. 
	0x20, 0x20, 0x20, 0x20, 0x20, 0x20, 0x20, 0x20, 0x20, 0x20, 0x20, 0x66, 0x6c, 0x6f, 0x61, 0x74, //            float
	0x20, 0x5f, 0x34, 0x34, 0x37, 0x20, 0x3d, 0x20, 0x67, 0x73, 0x5f, 0x42, 0x5b, 0x5f, 0x32, 0x33, //  _447 = gs_B[_23
	0x34, 0x5d, 0x3b, 0x0a, 0x20, 0x20, 0x20, 0x20, 0x20, 0x20, 0x20, 0x20, 0x20, 0x20, 0x20, 0x20, // 4];.            
	0x66, 0x6c, 0x6f, 0x61, 0x74, 0x20, 0x5f, 0x34, 0x35, 0x30, 0x20, 0x3d, 0x20, 0x67, 0x73, 0x5f, // float _450 = gs_
	0x41, 0x5b, 0x5f, 0x32, 0x33, 0x34, 0x5d, 0x3b, 0x0a, 0x20, 0x20, 0x20, 0x20, 0x20, 0x20, 0x20, // A[_234];.       
	0x20, 0x20, 0x20, 0x20, 0x20, 0x75, 0x69, 0x6e, 0x74, 0x20, 0x5f, 0x32, 0x34, 0x30, 0x20, 0x3d, //      uint _240 =
	0x20, 0x67, 0x6c, 0x5f, 0x4c, 0x6f, 0x63, 0x61, 0x6c, 0x49, 0x6e, 0x76, 0x6f, 0x63, 0x61, 0x74, //  gl_LocalInvocat
	0x69, 0x6f, 0x6e, 0x49, 0x6e, 0x64, 0x65, 0x78, 0x20, 0x2b, 0x20, 0x31, 0x38, 0x75, 0x3b, 0x0a, // ionIndex + 18u;.
	0x20, 0x20, 0x20, 0x20, 0x20, 0x20, 0x20, 0x20, 0x20, 0x20, 0x20, 0x20, 0x66, 0x6c, 0x6f, 0x61, //             floa
	0x74, 0x20, 0x5f, 0x34, 0x35, 0x36, 0x20, 0x3d, 0x20, 0x67, 0x73, 0x5f, 0x52, 0x5b, 0x5f, 0x32, // t _456 = gs_R[_2
	0x34, 0x30, 0x5d, 0x3b, 0x0a, 0x20, 0x20, 0x20, 0x20, 0x20, 0x20, 0x20, 0x20, 0x20, 0x20, 0x20, // 40];.           
	0x20, 0x66, 0x6c, 0x6f, 0x61, 0x74, 0x20, 0x5f, 0x34, 0x35, 0x39, 0x20, 0x3d, 0x20, 0x67, 0x73, //  float _459 = gs
	0x5f, 0x47, 0x5b, 0x5f, 0x32, 0x34, 0x30, 0x5d, 0x3b, 0x0a, 0x20, 0x20, 0x20, 0x20, 0x20, 0x20, // _G[_240];.      
	0x20, 0x20, 0x20, 0x20, 0x20, 0x20, 0x66, 0x6c, 0x6f, 0x61, 0x74, 0x20, 0x5f, 0x34, 0x36, 0x32, //       float _462
	0x20, 0x3d, 0x20, 0x67, 0x73, 0x5f, 0x42, 0x5b, 0x5f, 0x32, 0x34, 0x30, 0x5d, 0x3b, 0x0a, 0x20, //  = gs_B[_240];. 
	0x20, 0x20, 0x20, 0x20, 0x20, 0x20, 0x20, 0x20, 0x20, 0x20, 0x20, 0x66, 0x6c, 0x6f, 0x61, 0x74, //            float
	0x20, 0x5f, 0x34, 0x36, 0x35, 0x20, 0x3d, 0x20, 0x67, 0x73, 0x5f, 0x41, 0x5b, 0x5f, 0x32, 0x34, //  _465 = gs_A[_24
	0x30, 0x5d, 0x3b, 0x0a, 0x20, 0x20, 0x20, 0x20, 0x20, 0x20, 0x20, 0x20, 0x20, 0x20, 0x20, 0x20, // 0];.            
	0x76, 0x65, 0x63, 0x34, 0x20, 0x5f, 0x32, 0x35, 0x30, 0x20, 0x3d, 0x20, 0x28, 0x28, 0x28, 0x5f, // vec4 _250 = (((_
	0x35, 0x34, 0x32, 0x20, 0x2b, 0x20, 0x76, 0x65, 0x63, 0x34, 0x28, 0x5f, 0x34, 0x32, 0x36, 0x2c, // 542 + vec4(_426,
	0x20, 0x5f, 0x34, 0x32, 0x39, 0x2c, 0x20, 0x5f, 0x34, 0x33, 0x32, 0x2c, 0x20, 0x5f, 0x34, 0x33, //  _429, _432, _43
	0x35, 0x29, 0x29, 0x20, 0x2b, 0x20, 0x76, 0x65, 0x63, 0x34, 0x28, 0x5f, 0x34, 0x34, 0x31, 0x2c, // 5)) + vec4(_441,
	0x20, 0x5f, 0x34, 0x34, 0x34, 0x2c, 0x20, 0x5f, 0x34, 0x34, 0x37, 0x2c, 0x20, 0x5f, 0x34, 0x35, //  _444, _447, _45
	0x30, 0x29, 0x29, 0x20, 0x2b, 0x20, 0x76, 0x65, 0x63, 0x34, 0x28, 0x5f, 0x34, 0x35, 0x36, 0x2c, // 0)) + vec4(_456,
	0x20, 0x5f, 0x34, 0x35, 0x39, 0x2c, 0x20, 0x5f, 0x34, 0x36, 0x32, 0x2c, 0x20, 0x5f, 0x34, 0x36, //  _459, _462, _46
	0x35, 0x29, 0x29, 0x20, 0x2a, 0x20, 0x30, 0x2e, 0x32, 0x35, 0x3b, 0x0a, 0x20, 0x20, 0x20, 0x20, // 5)) * 0.25;.    
	0x20, 0x20, 0x20, 0x20, 0x20, 0x20, 0x20, 0x20, 0x69, 0x6d, 0x61, 0x67, 0x65, 0x53, 0x74, 0x6f, //         imageSto
	0x72, 0x65, 0x28, 0x73, 0x5f, 0x69, 0x6d, 0x67, 0x4d, 0x69, 0x70, 0x33, 0x2c, 0x20, 0x69, 0x76, // re(s_imgMip3, iv
	0x65, 0x63, 0x33, 0x28, 0x69, 0x76, 0x65, 0x63, 0x32, 0x28, 0x67, 0x6c, 0x5f, 0x47, 0x6c, 0x6f, // ec3(ivec2(gl_Glo
	0x62, 0x61, 0x6c, 0x49, 0x6e, 0x76, 0x6f, 0x63, 0x61, 0x74, 0x69, 0x6f, 0x6e, 0x49, 0x44, 0x2e, // balInvocationID.
	0x78, 0x79, 0x20, 0x2f, 0x20, 0x75, 0x76, 0x65, 0x63, 0x32, 0x28, 0x34, 0x75, 0x29, 0x29, 0x2c, // xy / uvec2(4u)),
	0x20, 0x5f, 0x31, 0x34, 0x39, 0x29, 0x2c, 0x20, 0x5f, 0x32, 0x35, 0x30, 0x29, 0x3b, 0x0a, 0x20, //  _149), _250);. 
	0x20, 0x20, 0x20, 0x20, 0x20, 0x20, 0x20, 0x20, 0x20, 0x20, 0x20, 0x67, 0x73, 0x5f, 0x52, 0x5b, //            gs_R[
	0x67, 0x6c, 0x5f, 0x4c, 0x6f, 0x63, 0x61, 0x6c, 0x49, 0x6e, 0x76, 0x6f, 0x63, 0x61, 0x74, 0x69, // gl_LocalInvocati
	0x6f, 0x6e, 0x49, 0x6e, 0x64, 0x65, 0x78, 0x5d, 0x20, 0x3d, 0x20, 0x5f, 0x32, 0x35, 0x30, 0x2e, // onIndex] = _250.
	0x78, 0x3b, 0x0a, 0x20, 0x20, 0x20, 0x20, 0x20, 0x20, 0x20, 0x20, 0x20, 0x20, 0x20, 0x20, 0x67, // x;.            g
	0x73, 0x5f, 0x47, 0x5b, 0x67, 0x6c, 0x5f, 0x4c, 0x6f, 0x63, 0x61, 0x6c, 0x49, 0x6e, 0x76, 0x6f, // s_G[gl_LocalInvo
	0x63, 0x61, 0x74, 0x69, 0x6f, 0x6e, 0x49, 0x6e, 0x64, 0x65, 0x78, 0x5d, 0x20, 0x3d, 0x20, 0x5f, // cationIndex] = _
	0x32, 0x35, 0x30, 0x2e, 0x79, 0x3b, 0x0a, 0x20, 0x20, 0x20, 0x20, 0x20, 0x20, 0x20, 0x20, 0x20, // 250.y;.         
	0x20, 0x20, 0x20, 0x67, 0x73, 0x5f, 0x42, 0x5b, 0x67, 0x6c, 0x5f, 0x4c, 0x6f, 0x63, 0x61, 0x6c, //    gs_B[gl_Local
	0x49, 0x6e, 0x76, 0x6f, 0x63, 0x61, 0x74, 0x69, 0x6f, 0x6e, 0x49, 0x6e, 0x64, 0x65, 0x78, 0x5d, // InvocationIndex]
	0x20, 0x3d, 0x20, 0x5f, 0x32, 0x35, 0x30, 0x2e, 0x7a, 0x3b, 0x0a, 0x20, 0x20, 0x20, 0x20, 0x20, //  = _250.z;.     
	0x20, 0x20, 0x20, 0x20, 0x20, 0x20, 0x20, 0x67, 0x73, 0x5f, 0x41, 0x5b, 0x67, 0x6c, 0x5f, 0x4c, //        gs_A[gl_L
	0x6f, 0x63, 0x61, 0x6c, 0x49, 0x6e, 0x76, 0x6f, 0x63, 0x61, 0x74, 0x69, 0x6f, 0x6e, 0x49, 0x6e, // ocalInvocationIn
	0x64, 0x65, 0x78, 0x5d, 0x20, 0x3d, 0x20, 0x5f, 0x32, 0x35, 0x30, 0x2e, 0x77, 0x3b, 0x0a, 0x20, // dex] = _250.w;. 
	0x20, 0x20, 0x20, 0x20, 0x20, 0x20, 0x20, 0x20, 0x20, 0x20, 0x20, 0x5f, 0x35, 0x34, 0x33, 0x20, //            _543 
	0x3d, 0x20, 0x5f, 0x32, 0x35, 0x30, 0x3b, 0x0a, 0x20, 0x20, 0x20, 0x20, 0x20, 0x20, 0x20, 0x20, // = _250;.        
	0x7d, 0x0a, 0x20, 0x20, 0x20, 0x20, 0x20, 0x20, 0x20, 0x20, 0x65, 0x6c, 0x73, 0x65, 0x0a, 0x20, // }.        else. 
	0x20, 0x20, 0x20, 0x20, 0x20, 0x20, 0x20, 0x7b, 0x0a, 0x20, 0x20, 0x20, 0x20, 0x20, 0x20, 0x20, //        {.       
	0x20, 0x20, 0x20, 0x20, 0x20, 0x5f, 0x35, 0x34, 0x33, 0x20, 0x3d, 0x20, 0x5f, 0x35, 0x34, 0x32, //      _543 = _542
	0x3b, 0x0a, 0x20, 0x20, 0x20, 0x20, 0x20, 0x20, 0x20, 0x20, 0x7d, 0x0a, 0x20, 0x20, 0x20, 0x20, // ;.        }.    
	0x20, 0x20, 0x20, 0x20, 0x69, 0x66, 0x20, 0x28, 0x5f, 0x38, 0x34, 0x20, 0x3d, 0x3d, 0x20, 0x33, //     if (_84 == 3
	0x75, 0x29, 0x0a, 0x20, 0x20, 0x20, 0x20, 0x20, 0x20, 0x20, 0x20, 0x7b, 0x0a, 0x20, 0x20, 0x20, // u).        {.   
	0x20, 0x20, 0x20, 0x20, 0x20, 0x20, 0x20, 0x20, 0x20, 0x62, 0x72, 0x65, 0x61, 0x6b, 0x3b, 0x0a, //          break;.
	0x20, 0x20, 0x20, 0x20, 0x20, 0x20, 0x20, 0x20, 0x7d, 0x0a, 0x20, 0x20, 0x20, 0x20, 0x20, 0x20, //         }.      
	0x20, 0x20, 0x62, 0x61, 0x72, 0x72, 0x69, 0x65, 0x72, 0x28, 0x29, 0x3b, 0x0a, 0x20, 0x20, 0x20, //   barrier();.   
	0x20, 0x20, 0x20, 0x20, 0x20, 0x69, 0x66, 0x20, 0x28, 0x67, 0x6c, 0x5f, 0x4c, 0x6f, 0x63, 0x61, //      if (gl_Loca
	0x6c, 0x49, 0x6e, 0x76, 0x6f, 0x63, 0x61, 0x74, 0x69, 0x6f, 0x6e, 0x49, 0x6e, 0x64, 0x65, 0x78, // lInvocationIndex
	0x20, 0x3d, 0x3d, 0x20, 0x30, 0x75, 0x29, 0x0a, 0x20, 0x20, 0x20, 0x20, 0x20, 0x20, 0x20, 0x20, //  == 0u).        
	0x7b, 0x0a, 0x20, 0x20, 0x20, 0x20, 0x20, 0x20, 0x20, 0x20, 0x20, 0x20, 0x20, 0x20, 0x75, 0x69, // {.            ui
	0x6e, 0x74, 0x20, 0x5f, 0x32, 0x38, 0x31, 0x20, 0x3d, 0x20, 0x67, 0x6c, 0x5f, 0x4c, 0x6f, 0x63, // nt _281 = gl_Loc
	0x61, 0x6c, 0x49, 0x6e, 0x76, 0x6f, 0x63, 0x61, 0x74, 0x69, 0x6f, 0x6e, 0x49, 0x6e, 0x64, 0x65, // alInvocationInde
	0x78, 0x20, 0x2b, 0x20, 0x34, 0x75, 0x3b, 0x0a, 0x20, 0x20, 0x20, 0x20, 0x20, 0x20, 0x20, 0x20, // x + 4u;.        
	0x20, 0x20, 0x20, 0x20, 0x75, 0x69, 0x6e, 0x74, 0x20, 0x5f, 0x32, 0x38, 0x37, 0x20, 0x3d, 0x20, //     uint _287 = 
	0x67, 0x6c, 0x5f, 0x4c, 0x6f, 0x63, 0x61, 0x6c, 0x49, 0x6e, 0x76, 0x6f, 0x63, 0x61, 0x74, 0x69, // gl_LocalInvocati
	0x6f, 0x6e, 0x49, 0x6e, 0x64, 0x65, 0x78, 0x20, 0x2b, 0x20, 0x33, 0x32, 0x75, 0x3b, 0x0a, 0x20, // onIndex + 32u;. 
	0x20, 0x20, 0x20, 0x20, 0x20, 0x20, 0x20, 0x20, 0x20, 0x20, 0x20, 0x75, 0x69, 0x6e, 0x74, 0x20, //            uint 
	0x5f, 0x32, 0x39, 0x33, 0x20, 0x3d, 0x20, 0x67, 0x6c, 0x5f, 0x4c, 0x6f, 0x63, 0x61, 0x6c, 0x49, // _293 = gl_LocalI
	0x6e, 0x76, 0x6f, 0x63, 0x61, 0x74, 0x69, 0x6f, 0x6e, 0x49, 0x6e, 0x64, 0x65, 0x78, 0x20, 0x2b, // nvocationIndex +
	0x20, 0x33, 0x36, 0x75, 0x3b, 0x0a, 0x20, 0x20, 0x20, 0x20, 0x20, 0x20, 0x20, 0x20, 0x20, 0x20, //  36u;.          
	0x20, 0x20, 0x69, 0x6d, 0x61, 0x67, 0x65, 0x53, 0x74, 0x6f, 0x72, 0x65, 0x28, 0x73, 0x5f, 0x69, //   imageStore(s_i
	0x6d, 0x67, 0x4d, 0x69, 0x70, 0x34, 0x2c, 0x20, 0x69, 0x76, 0x65, 0x63, 0x33, 0x28, 0x69, 0x76, // mgMip4, ivec3(iv
	0x65, 0x63, 0x32, 0x28, 0x67, 0x6c, 0x5f, 0x47, 0x6c, 0x6f, 0x62, 0x61, 0x6c, 0x49, 0x6e, 0x76, // ec2(gl_GlobalInv
	0x6f, 0x63, 0x61, 0x74, 0x69, 0x6f, 0x6e, 0x49, 0x44, 0x2e, 0x78, 0x79, 0x20, 0x2f, 0x20, 0x75, // ocationID.xy / u
	0x76, 0x65, 0x63, 0x32, 0x28, 0x38, 0x75, 0x29, 0x29, 0x2c, 0x20, 0x5f, 0x31, 0x34, 0x39, 0x29, // vec2(8u)), _149)
	0x2c, 0x20, 0x28, 0x28, 0x28, 0x5f, 0x35, 0x34, 0x33, 0x20, 0x2b, 0x20, 0x76, 0x65, 0x63, 0x34, // , (((_543 + vec4
	0x28, 0x67, 0x73, 0x5f, 0x52, 0x5b, 0x5f, 0x32, 0x38, 0x31, 0x5d, 0x2c, 0x20, 0x67, 0x73, 0x5f, // (gs_R[_281], gs_
	0x47, 0x5b, 0x5f, 0x32, 0x38, 0x31, 0x5d, 0x2c, 0x20, 0x67, 0x73, 0x5f, 0x42, 0x5b, 0x5f, 0x32, // G[_281], gs_B[_2
	0x38, 0x31, 0x5d, 0x2c, 0x20, 0x67, 0x73, 0x5f, 0x41, 0x5b, 0x5f, 0x32, 0x38, 0x31, 0x5d, 0x29, // 81], gs_A[_281])
	0x29, 0x20, 0x2b, 0x20, 0x76, 0x65, 0x63, 0x34, 0x28, 0x67, 0x73, 0x5f, 0x52, 0x5b, 0x5f, 0x32, // ) + vec4(gs_R[_2
	0x38, 0x37, 0x5d, 0x2c, 0x20, 0x67, 0x73, 0x5f, 0x47, 0x5b, 0x5f, 0x32, 0x38, 0x37, 0x5d, 0x2c, // 87], gs_G[_287],
	0x20, 0x67, 0x73, 0x5f, 0x42, 0x5b, 0x5f, 0x32, 0x38, 0x37, 0x5d, 0x2c, 0x20, 0x67, 0x73, 0x5f, //  gs_B[_287], gs_
	0x41, 0x5b, 0x5f, 0x32, 0x38, 0x37, 0x5d, 0x29, 0x29, 0x20, 0x2b, 0x20, 0x76, 0x65, 0x63, 0x34, // A[_287])) + vec4
	0x28, 0x67, 0x73, 0x5f, 0x52, 0x5b, 0x5f, 0x32, 0x39, 0x33, 0x5d, 0x2c, 0x20, 0x67, 0x73, 0x5f, // (gs_R[_293], gs_
	0x47, 0x5b, 0x5f, 0x32, 0x39, 0x33, 0x5d, 0x2c, 0x20, 0x67, 0x73, 0x5f, 0x42, 0x5b, 0x5f, 0x32, // G[_293], gs_B[_2
	0x39, 0x33, 0x5d, 0x2c, 0x20, 0x67, 0x73, 0x5f, 0x41, 0x5b, 0x5f, 0x32, 0x39, 0x33, 0x5d, 0x29, // 93], gs_A[_293])
	0x29, 0x20, 0x2a, 0x20, 0x30, 0x2e, 0x32, 0x35, 0x29, 0x3b, 0x0a, 0x20, 0x20, 0x20, 0x20, 0x20, // ) * 0.25);.     
	0x20, 0x20, 0x20, 0x7d, 0x0a, 0x20, 0x20, 0x20, 0x20, 0x20, 0x20, 0x20, 0x20, 0x62, 0x72, 0x65, //    }.        bre
	0x61, 0x6b, 0x3b, 0x0a, 0x20, 0x20, 0x20, 0x20, 0x7d, 0x20, 0x77, 0x68, 0x69, 0x6c, 0x65, 0x28, // ak;.    } while(
	0x66, 0x61, 0x6c, 0x73, 0x65, 0x29, 0x3b, 0x0a, 0x7d, 0x0a, 0x0a, 0x00,                         // false);.}...
};
static const uint8_t cs_mipgen_oddx_essl[4634] =
{
	0x43, 0x53, 0x48, 0x0b, 0x00, 0x00, 0x00, 0x00, 0x00, 0x00, 0x00, 0x00, 0x02, 0x00, 0x0b, 0x62, // CSH............b
	0x67, 0x66, 0x78, 0x5f, 0x6d, 0x69, 0x70, 0x47, 0x65, 0x6e, 0x02, 0x01, 0x00, 0x00, 0x01, 0x00, // gfx_mipGen......
	0x00, 0x00, 0x00, 0x00, 0x0e, 0x62, 0x67, 0x66, 0x78, 0x5f, 0x74, 0x65, 0x78, 0x4d, 0x69, 0x70, // .....bgfx_texMip
	0x53, 0x72, 0x63, 0x00, 0x01, 0x00, 0x00, 0x01, 0x00, 0x00, 0x00, 0x00, 0x00, 0xd8, 0x11, 0x00, // Src.............
	0x00, 0x6c, 0x61, 0x79, 0x6f, 0x75, 0x74, 0x28, 0x6c, 0x6f, 0x63, 0x61, 0x6c, 0x5f, 0x73, 0x69, // .layout(local_si
	0x7a, 0x65, 0x5f, 0x78, 0x20, 0x3d, 0x20, 0x38, 0x2c, 0x20, 0x6c, 0x6f, 0x63, 0x61, 0x6c, 0x5f, // ze_x = 8, local_
	0x73, 0x69, 0x7a, 0x65, 0x5f, 0x79, 0x20, 0x3d, 0x20, 0x38, 0x2c, 0x20, 0x6c, 0x6f, 0x63, 0x61, // size_y = 8, loca
	0x6c, 0x5f, 0x73, 0x69, 0x7a, 0x65, 0x5f, 0x7a, 0x20, 0x3d, 0x20, 0x31, 0x29, 0x20, 0x69, 0x6e, // l_size_z = 1) in
	0x3b, 0x0a, 0x0a, 0x75, 0x6e, 0x69, 0x66, 0x6f, 0x72, 0x6d, 0x20, 0x76, 0x65, 0x63, 0x34, 0x20, // ;..uniform vec4 
	0x62, 0x67, 0x66, 0x78, 0x5f, 0x6d, 0x69, 0x70, 0x47, 0x65, 0x6e, 0x3b, 0x0a, 0x75, 0x6e, 0x69, // bgfx_mipGen;.uni
	0x66, 0x6f, 0x72, 0x6d, 0x20, 0x68, 0x69, 0x67, 0x68, 0x70, 0x20, 0x73, 0x61, 0x6d, 0x70, 0x6c, // form highp sampl
	0x65, 0x72, 0x32, 0x44, 0x41, 0x72, 0x72, 0x61, 0x79, 0x20, 0x62, 0x67, 0x66, 0x78, 0x5f, 0x74, // er2DArray bgfx_t
	0x65, 0x78, 0x4d, 0x69, 0x70, 0x53, 0x72, 0x63, 0x3b, 0x0a, 0x6c, 0x61, 0x79, 0x6f, 0x75, 0x74, // exMipSrc;.layout
	0x28, 0x6c, 0x6f, 0x63, 0x61, 0x74, 0x69, 0x6f, 0x6e, 0x20, 0x3d, 0x20, 0x30, 0x2c, 0x20, 0x62, // (location = 0, b
	0x69, 0x6e, 0x64, 0x69, 0x6e, 0x67, 0x20, 0x3d, 0x20, 0x30, 0x2c, 0x20, 0x72, 0x67, 0x62, 0x61, // inding = 0, rgba
	0x38, 0x29, 0x20, 0x75, 0x6e, 0x69, 0x66, 0x6f, 0x72, 0x6d, 0x20, 0x77, 0x72, 0x69, 0x74, 0x65, // 8) uniform write
	0x6f, 0x6e, 0x6c, 0x79, 0x20, 0x68, 0x69, 0x67, 0x68, 0x70, 0x20, 0x69, 0x6d, 0x61, 0x67, 0x65, // only highp image
	0x32, 0x44, 0x41, 0x72, 0x72, 0x61, 0x79, 0x20, 0x73, 0x5f, 0x69, 0x6d, 0x67, 0x4d, 0x69, 0x70, // 2DArray s_imgMip
	0x31, 0x3b, 0x0a, 0x6c, 0x61, 0x79, 0x6f, 0x75, 0x74, 0x28, 0x6c, 0x6f, 0x63, 0x61, 0x74, 0x69, // 1;.layout(locati
	0x6f, 0x6e, 0x20, 0x3d, 0x20, 0x31, 0x2c, 0x20, 0x62, 0x69, 0x6e, 0x64, 0x69, 0x6e, 0x67, 0x20, // on = 1, binding 
	0x3d, 0x20, 0x31, 0x2c, 0x20, 0x72, 0x67, 0x62, 0x61, 0x38, 0x29, 0x20, 0x75, 0x6e, 0x69, 0x66, // = 1, rgba8) unif
	0x6f, 0x72, 0x6d, 0x20, 0x77, 0x72, 0x69, 0x74, 0x65, 0x6f, 0x6e, 0x6c, 0x79, 0x20, 0x68, 0x69, // orm writeonly hi
	0x67, 0x68, 0x70, 0x20, 0x69, 0x6d, 0x61, 0x67, 0x65, 0x32, 0x44, 0x41, 0x72, 0x72, 0x61, 0x79, // ghp image2DArray
	0x20, 0x73, 0x5f, 0x69, 0x6d, 0x67, 0x4d, 0x69, 0x70, 0x32, 0x3b, 0x0a, 0x6c, 0x61, 0x79, 0x6f, //  s_imgMip2;.layo
	0x75, 0x74, 0x28, 0x6c, 0x6f, 0x63, 0x61, 0x74, 0x69, 0x6f, 0x6e, 0x20, 0x3d, 0x20, 0x32, 0x2c, // ut(location = 2,
	0x20, 0x62, 0x69, 0x6e, 0x64, 0x69, 0x6e, 0x67, 0x20, 0x3d, 0x20, 0x32, 0x2c, 0x20, 0x72, 0x67, //  binding = 2, rg
	0x62, 0x61, 0x38, 0x29, 0x20, 0x75, 0x6e, 0x69, 0x66, 0x6f, 0x72, 0x6d, 0x20, 0x77, 0x72, 0x69, // ba8) uniform wri
	0x74, 0x65, 0x6f, 0x6e, 0x6c, 0x79, 0x20, 0x68, 0x69, 0x67, 0x68, 0x70, 0x20, 0x69, 0x6d, 0x61, // teonly highp ima
	0x67, 0x65, 0x32, 0x44, 0x41, 0x72, 0x72, 0x61, 0x79, 0x20, 0x73, 0x5f, 0x69, 0x6d, 0x67, 0x4d, // ge2DArray s_imgM
	0x69, 0x70, 0x33, 0x3b, 0x0a, 0x6c, 0x61, 0x79, 0x6f, 0x75, 0x74, 0x28, 0x6c, 0x6f, 0x63, 0x61, // ip3;.layout(loca
	0x74, 0x69, 0x6f, 0x6e, 0x20, 0x3d, 0x20, 0x33, 0x2c, 0x20, 0x62, 0x69, 0x6e, 0x64, 0x69, 0x6e, // tion = 3, bindin
	0x67, 0x20, 0x3d, 0x20, 0x33, 0x2c, 0x20, 0x72, 0x67, 0x62, 0x61, 0x38, 0x29, 0x20, 0x75, 0x6e, // g = 3, rgba8) un
	0x69, 0x66, 0x6f, 0x72, 0x6d, 0x20, 0x77, 0x72, 0x69, 0x74, 0x65, 0x6f, 0x6e, 0x6c, 0x79, 0x20, // iform writeonly 
	0x68, 0x69, 0x67, 0x68, 0x70, 0x20, 0x69, 0x6d, 0x61, 0x67, 0x65, 0x32, 0x44, 0x41, 0x72, 0x72, // highp image2DArr
	0x61, 0x79, 0x20, 0x73, 0x5f, 0x69, 0x6d, 0x67, 0x4d, 0x69, 0x70, 0x34, 0x3b, 0x0a, 0x0a, 0x73, // ay s_imgMip4;..s
	0x68, 0x61, 0x72, 0x65, 0x64, 0x20, 0x66, 0x6c, 0x6f, 0x61, 0x74, 0x20, 0x67, 0x73, 0x5f, 0x52, // hared float gs_R
	0x5b, 0x36, 0x34, 0x5d, 0x3b, 0x0a, 0x73, 0x68, 0x61, 0x72, 0x65, 0x64, 0x20, 0x66, 0x6c, 0x6f, // [64];.shared flo
	0x61, 0x74, 0x20, 0x67, 0x73, 0x5f, 0x47, 0x5b, 0x36, 0x34, 0x5d, 0x3b, 0x0a, 0x73, 0x68, 0x61, // at gs_G[64];.sha
	0x72, 0x65, 0x64, 0x20, 0x66, 0x6c, 0x6f, 0x61, 0x74, 0x20, 0x67, 0x73, 0x5f, 0x42, 0x5b, 0x36, // red float gs_B[6
	0x34, 0x5d, 0x3b, 0x0a, 0x73, 0x68, 0x61, 0x72, 0x65, 0x64, 0x20, 0x66, 0x6c, 0x6f, 0x61, 0x74, // 4];.shared float
	0x20, 0x67, 0x73, 0x5f, 0x41, 0x5b, 0x36, 0x34, 0x5d, 0x3b, 0x0a, 0x0a, 0x76, 0x6f, 0x69, 0x64, //  gs_A[64];..void
	0x20, 0x6d, 0x61, 0x69, 0x6e, 0x28, 0x29, 0x0a, 0x7b, 0x0a, 0x20, 0x20, 0x20, 0x20, 0x64, 0x6f, //  main().{.    do
	0x0a, 0x20, 0x20, 0x20, 0x20, 0x7b, 0x0a, 0x20, 0x20, 0x20, 0x20, 0x20, 0x20, 0x20, 0x20, 0x75, // .    {.        u
	0x69, 0x6e, 0x74, 0x20, 0x5f, 0x38, 0x34, 0x20, 0x3d, 0x20, 0x75, 0x69, 0x6e, 0x74, 0x28, 0x62, // int _84 = uint(b
	0x67, 0x66, 0x78, 0x5f, 0x6d, 0x69, 0x70, 0x47, 0x65, 0x6e, 0x2e, 0x79, 0x29, 0x3b, 0x0a, 0x20, // gfx_mipGen.y);. 
	0x20, 0x20, 0x20, 0x20, 0x20, 0x20, 0x20, 0x76, 0x65, 0x63, 0x32, 0x20, 0x5f, 0x31, 0x30, 0x33, //        vec2 _103
	0x20, 0x3d, 0x20, 0x62, 0x67, 0x66, 0x78, 0x5f, 0x6d, 0x69, 0x70, 0x47, 0x65, 0x6e, 0x2e, 0x7a, //  = bgfx_mipGen.z
	0x77, 0x20, 0x2a, 0x20, 0x28, 0x76, 0x65, 0x63, 0x32, 0x28, 0x67, 0x6c, 0x5f, 0x47, 0x6c, 0x6f, // w * (vec2(gl_Glo
	0x62, 0x61, 0x6c, 0x49, 0x6e, 0x76, 0x6f, 0x63, 0x61, 0x74, 0x69, 0x6f, 0x6e, 0x49, 0x44, 0x2e, // balInvocationID.
	0x78, 0x79, 0x29, 0x20, 0x2b, 0x20, 0x76, 0x65, 0x63, 0x32, 0x28, 0x30, 0x2e, 0x32, 0x35, 0x2c, // xy) + vec2(0.25,
	0x20, 0x30, 0x2e, 0x35, 0x29, 0x29, 0x3b, 0x0a, 0x20, 0x20, 0x20, 0x20, 0x20, 0x20, 0x20, 0x20, //  0.5));.        
	0x66, 0x6c, 0x6f, 0x61, 0x74, 0x20, 0x5f, 0x31, 0x31, 0x37, 0x20, 0x3d, 0x20, 0x66, 0x6c, 0x6f, // float _117 = flo
	0x61, 0x74, 0x28, 0x67, 0x6c, 0x5f, 0x47, 0x6c, 0x6f, 0x62, 0x61, 0x6c, 0x49, 0x6e, 0x76, 0x6f, // at(gl_GlobalInvo
	0x63, 0x61, 0x74, 0x69, 0x6f, 0x6e, 0x49, 0x44, 0x2e, 0x7a, 0x29, 0x3b, 0x0a, 0x20, 0x20, 0x20, // cationID.z);.   
	0x20, 0x20, 0x20, 0x20, 0x20, 0x66, 0x6c, 0x6f, 0x61, 0x74, 0x20, 0x5f, 0x31, 0x32, 0x33, 0x20, //      float _123 
	0x3d, 0x20, 0x66, 0x6c, 0x6f, 0x61, 0x74, 0x28, 0x75, 0x69, 0x6e, 0x74, 0x28, 0x62, 0x67, 0x66, // = float(uint(bgf
	0x78, 0x5f, 0x6d, 0x69, 0x70, 0x47, 0x65, 0x6e, 0x2e, 0x78, 0x29, 0x29, 0x3b, 0x0a, 0x20, 0x20, // x_mipGen.x));.  
	0x20, 0x20, 0x20, 0x20, 0x20, 0x20, 0x76, 0x65, 0x63, 0x34, 0x20, 0x5f, 0x31, 0x33, 0x38, 0x20, //       vec4 _138 
	0x3d, 0x20, 0x28, 0x74, 0x65, 0x78, 0x74, 0x75, 0x72, 0x65, 0x4c, 0x6f, 0x64, 0x28, 0x62, 0x67, // = (textureLod(bg
	0x66, 0x78, 0x5f, 0x74, 0x65, 0x78, 0x4d, 0x69, 0x70, 0x53, 0x72, 0x63, 0x2c, 0x20, 0x76, 0x65, // fx_texMipSrc, ve
	0x63, 0x33, 0x28, 0x5f, 0x31, 0x30, 0x33, 0x2c, 0x20, 0x5f, 0x31, 0x31, 0x37, 0x29, 0x2c, 0x20, // c3(_103, _117), 
	0x5f, 0x31, 0x32, 0x33, 0x29, 0x20, 0x2b, 0x20, 0x74, 0x65, 0x78, 0x74, 0x75, 0x72, 0x65, 0x4c, // _123) + textureL
	0x6f, 0x64, 0x28, 0x62, 0x67, 0x66, 0x78, 0x5f, 0x74, 0x65, 0x78, 0x4d, 0x69, 0x70, 0x53, 0x72, // od(bgfx_texMipSr
	0x63, 0x2c, 0x20, 0x76, 0x65, 0x63, 0x33, 0x28, 0x5f, 0x31, 0x30, 0x33, 0x20, 0x2b, 0x20, 0x28, // c, vec3(_103 + (
	0x62, 0x67, 0x66, 0x78, 0x5f, 0x6d, 0x69, 0x70, 0x47, 0x65, 0x6e, 0x2e, 0x7a, 0x77, 0x20, 0x2a, // bgfx_mipGen.zw *
	0x20, 0x76, 0x65, 0x63, 0x32, 0x28, 0x30, 0x2e, 0x35, 0x2c, 0x20, 0x30, 0x2e, 0x30, 0x29, 0x29, //  vec2(0.5, 0.0))
	0x2c, 0x20, 0x5f, 0x31, 0x31, 0x37, 0x29, 0x2c, 0x20, 0x5f, 0x31, 0x32, 0x33, 0x29, 0x29, 0x20, // , _117), _123)) 
	0x2a, 0x20, 0x30, 0x2e, 0x35, 0x3b, 0x0a, 0x20, 0x20, 0x20, 0x20, 0x20, 0x20, 0x20, 0x20, 0x69, // * 0.5;.        i
	0x6e, 0x74, 0x20, 0x5f, 0x31, 0x34, 0x39, 0x20, 0x3d, 0x20, 0x69, 0x6e, 0x74, 0x28, 0x67, 0x6c, // nt _149 = int(gl
	0x5f, 0x47, 0x6c, 0x6f, 0x62, 0x61, 0x6c, 0x49, 0x6e, 0x76, 0x6f, 0x63, 0x61, 0x74, 0x69, 0x6f, // _GlobalInvocatio
	0x6e, 0x49, 0x44, 0x2e, 0x7a, 0x29, 0x3b, 0x0a, 0x20, 0x20, 0x20, 0x20, 0x20, 0x20, 0x20, 0x20, // nID.z);.        
	0x69, 0x6d, 0x61, 0x67, 0x65, 0x53, 0x74, 0x6f, 0x72, 0x65, 0x28, 0x73, 0x5f, 0x69, 0x6d, 0x67, // imageStore(s_img
	0x4d, 0x69, 0x70, 0x31, 0x2c, 0x20, 0x69, 0x76, 0x65, 0x63, 0x33, 0x28, 0x69, 0x76, 0x65, 0x63, // Mip1, ivec3(ivec
	0x32, 0x28, 0x67, 0x6c, 0x5f, 0x47, 0x6c, 0x6f, 0x62, 0x61, 0x6c, 0x49, 0x6e, 0x76, 0x6f, 0x63, // 2(gl_GlobalInvoc
	0x61, 0x74, 0x69, 0x6f, 0x6e, 0x49, 0x44, 0x2e, 0x78, 0x79, 0x29, 0x2c, 0x20, 0x5f, 0x31, 0x34, // ationID.xy), _14
	0x39, 0x29, 0x2c, 0x20, 0x5f, 0x31, 0x33, 0x38, 0x29, 0x3b, 0x0a, 0x20, 0x20, 0x20, 0x20, 0x20, // 9), _138);.     
	0x20, 0x20, 0x20, 0x69, 0x66, 0x20, 0x28, 0x5f, 0x38, 0x34, 0x20, 0x3d, 0x3d, 0x20, 0x31, 0x75, //    if (_84 == 1u
	0x29, 0x0a, 0x20, 0x20, 0x20, 0x20, 0x20, 0x20, 0x20, 0x20, 0x7b, 0x0a, 0x20, 0x20, 0x20, 0x20, // ).        {.    
	0x20, 0x20, 0x20, 0x20, 0x20, 0x20, 0x20, 0x20, 0x62, 0x72, 0x65, 0x61, 0x6b, 0x3b, 0x0a, 0x20, //         break;. 
	0x20, 0x20, 0x20, 0x20, 0x20, 0x20, 0x20, 0x7d, 0x0a, 0x20, 0x20, 0x20, 0x20, 0x20, 0x20, 0x20, //        }.       
	0x20, 0x67, 0x73, 0x5f, 0x52, 0x5b, 0x67, 0x6c, 0x5f, 0x4c, 0x6f, 0x63, 0x61, 0x6c, 0x49, 0x6e, //  gs_R[gl_LocalIn
	0x76, 0x6f, 0x63, 0x61, 0x74, 0x69, 0x6f, 0x6e, 0x49, 0x6e, 0x64, 0x65, 0x78, 0x5d, 0x20, 0x3d, // vocationIndex] =
	0x20, 0x5f, 0x31, 0x33, 0x38, 0x2e, 0x78, 0x3b, 0x0a, 0x20, 0x20, 0x20, 0x20, 0x20, 0x20, 0x20, //  _138.x;.       
	0x20, 0x67, 0x73, 0x5f, 0x47, 0x5b, 0x67, 0x6c, 0x5f, 0x4c, 0x6f, 0x63, 0x61, 0x6c, 0x49, 0x6e, //  gs_G[gl_LocalIn
	0x76, 0x6f, 0x63, 0x61, 0x74, 0x69, 0x6f, 0x6e, 0x49, 0x6e, 0x64, 0x65, 0x78, 0x5d, 0x20, 0x3d, // vocationIndex] =
	0x20, 0x5f, 0x31, 0x33, 0x38, 0x2e, 0x79, 0x3b, 0x0a, 0x20, 0x20, 0x20, 0x20, 0x20, 0x20, 0x20, //  _138.y;.       
	0x20, 0x67, 0x73, 0x5f, 0x42, 0x5b, 0x67, 0x6c, 0x5f, 0x4c, 0x6f, 0x63, 0x61, 0x6c, 0x49, 0x6e, //  gs_B[gl_LocalIn
	0x76, 0x6f, 0x63, 0x61, 0x74, 0x69, 0x6f, 0x6e, 0x49, 0x6e, 0x64, 0x65, 0x78, 0x5d, 0x20, 0x3d, // vocationIndex] =
	0x20, 0x5f, 0x31, 0x33, 0x38, 0x2e, 0x7a, 0x3b, 0x0a, 0x20, 0x20, 0x20, 0x20, 0x20, 0x20, 0x20, //  _138.z;.       
	0x20, 0x67, 0x73, 0x5f, 0x41, 0x5b, 0x67, 0x6c, 0x5f, 0x4c, 0x6f, 0x63, 0x61, 0x6c, 0x49, 0x6e, //  gs_A[gl_LocalIn
	0x76, 0x6f, 0x63, 0x61, 0x74, 0x69, 0x6f, 0x6e, 0x49, 0x6e, 0x64, 0x65, 0x78, 0x5d, 0x20, 0x3d, // vocationIndex] =
	0x20, 0x5f, 0x31, 0x33, 0x38, 0x2e, 0x77, 0x3b, 0x0a, 0x20, 0x20, 0x20, 0x20, 0x20, 0x20, 0x20, //  _138.w;.       
	0x20, 0x62, 0x61, 0x72, 0x72, 0x69, 0x65, 0x72, 0x28, 0x29, 0x3b, 0x0a, 0x20, 0x20, 0x20, 0x20, //  barrier();.    
	0x20, 0x20, 0x20, 0x20, 0x76, 0x65, 0x63, 0x34, 0x20, 0x5f, 0x35, 0x34, 0x32, 0x3b, 0x0a, 0x20, //     vec4 _542;. 
	0x20, 0x20, 0x20, 0x20, 0x20, 0x20, 0x20, 0x69, 0x66, 0x20, 0x28, 0x28, 0x67, 0x6c, 0x5f, 0x4c, //        if ((gl_L
	0x6f, 0x63, 0x61, 0x6c, 0x49, 0x6e, 0x76, 0x6f, 0x63, 0x61, 0x74, 0x69, 0x6f, 0x6e, 0x49, 0x6e, // ocalInvocationIn
	0x64, 0x65, 0x78, 0x20, 0x26, 0x20, 0x39, 0x75, 0x29, 0x20, 0x3d, 0x3d, 0x20, 0x30, 0x75, 0x29, // dex & 9u) == 0u)
	0x0a, 0x20, 0x20, 0x20, 0x20, 0x20, 0x20, 0x20, 0x20, 0x7b, 0x0a, 0x20, 0x20, 0x20, 0x20, 0x20, // .        {.     
	0x20, 0x20, 0x20, 0x20, 0x20, 0x20, 0x20, 0x75, 0x69, 0x6e, 0x74, 0x20, 0x5f, 0x31, 0x37, 0x35, //        uint _175
	0x20, 0x3d, 0x20, 0x67, 0x6c, 0x5f, 0x4c, 0x6f, 0x63, 0x61, 0x6c, 0x49, 0x6e, 0x76, 0x6f, 0x63, //  = gl_LocalInvoc
	0x61, 0x74, 0x69, 0x6f, 0x6e, 0x49, 0x6e, 0x64, 0x65, 0x78, 0x20, 0x2b, 0x20, 0x31, 0x75, 0x3b, // ationIndex + 1u;
	0x0a, 0x20, 0x20, 0x20, 0x20, 0x20, 0x20, 0x20, 0x20, 0x20, 0x20, 0x20, 0x20, 0x66, 0x6c, 0x6f, // .            flo
	0x61, 0x74, 0x20, 0x5f, 0x33, 0x36, 0x34, 0x20, 0x3d, 0x20, 0x67, 0x73, 0x5f, 0x52, 0x5b, 0x5f, // at _364 = gs_R[_
	0x31, 0x37, 0x35, 0x5d, 0x3b, 0x0a, 0x20, 0x20, 0x20, 0x20, 0x20, 0x20, 0x20, 0x20, 0x20, 0x20, // 175];.          
	0x20, 0x20, 0x66, 0x6c, 0x6f, 0x61, 0x74, 0x20, 0x5f, 0x33, 0x36, 0x37, 0x20, 0x3d, 0x20, 0x67, //   float _367 = g
	0x73, 0x5f, 0x47, 0x5b, 0x5f, 0x31, 0x37, 0x35, 0x5d, 0x3b, 0x0a, 0x20, 0x20, 0x20, 0x20, 0x20, // s_G[_175];.     
	0x20, 0x20, 0x20, 0x20, 0x20, 0x20, 0x20, 0x66, 0x6c, 0x6f, 0x61, 0x74, 0x20, 0x5f, 0x33, 0x37, //        float _37
	0x30, 0x20, 0x3d, 0x20, 0x67, 0x73, 0x5f, 0x42, 0x5b, 0x5f, 0x31, 0x37, 0x35, 0x5d, 0x3b, 0x0a, // 0 = gs_B[_175];.
	0x20, 0x20, 0x20, 0x20, 0x20, 0x20, 0x20, 0x20, 0x20, 0x20, 0x20, 0x20, 0x66, 0x6c, 0x6f, 0x61, //             floa
	0x74, 0x20, 0x5f, 0x33, 0x37, 0x33, 0x20, 0x3d, 0x20, 0x67, 0x73, 0x5f, 0x41, 0x5b, 0x5f, 0x31, // t _373 = gs_A[_1
	0x37, 0x35, 0x5d, 0x3b, 0x0a, 0x20, 0x20, 0x20, 0x20, 0x20, 0x20, 0x20, 0x20, 0x20, 0x20, 0x20, // 75];.           
	0x20, 0x75, 0x69, 0x6e, 0x74, 0x20, 0x5f, 0x31, 0x38, 0x31, 0x20, 0x3d, 0x20, 0x67, 0x6c, 0x5f, //  uint _181 = gl_
	0x4c, 0x6f, 0x63, 0x61, 0x6c, 0x49, 0x6e, 0x76, 0x6f, 0x63, 0x61, 0x74, 0x69, 0x6f, 0x6e, 0x49, // LocalInvocationI
	0x6e, 0x64, 0x65, 0x78, 0x20, 0x2b, 0x20, 0x38, 0x75, 0x3b, 0x0a, 0x20, 0x20, 0x20, 0x20, 0x20, // ndex + 8u;.     
	0x20, 0x20, 0x20, 0x20, 0x20, 0x20, 0x20, 0x66, 0x6c, 0x6f, 0x61, 0x74, 0x20, 0x5f, 0x33, 0x37, //        float _37
	0x39, 0x20, 0x3d, 0x20, 0x67, 0x73, 0x5f, 0x52, 0x5b, 0x5f, 0x31, 0x38, 0x31, 0x5d, 0x3b, 0x0a, // 9 = gs_R[_181];.
	0x20, 0x20, 0x20, 0x20, 0x20, 0x20, 0x20, 0x20, 0x20, 0x20, 0x20, 0x20, 0x66, 0x6c, 0x6f, 0x61, //             floa
	0x74, 0x20, 0x5f, 0x33, 0x38, 0x32, 0x20, 0x3d, 0x20, 0x67, 0x73, 0x5f, 0x47, 0x5b, 0x5f, 0x31, // t _382 = gs_G[_1
	0x38, 0x31, 0x5d, 0x3b, 0x0a, 0x20, 0x20, 0x20, 0x20, 0x20, 0x20, 0x20, 0x20, 0x20, 0x20, 0x20, // 81];.           
	0x20, 0x66, 0x6c, 0x6f, 0x61, 0x74, 0x20, 0x5f, 0x33, 0x38, 0x35, 0x20, 0x3d, 0x20, 0x67, 0x73, //  float _385 = gs
	0x5f, 0x42, 0x5b, 0x5f, 0x31, 0x38, 0x31, 0x5d, 0x3b, 0x0a, 0x20, 0x20, 0x20, 0x20, 0x20, 0x20, // _B[_181];.      
	0x20, 0x20, 0x20, 0x20, 0x20, 0x20, 0x66, 0x6c, 0x6f, 0x61, 0x74, 0x20, 0x5f, 0x33, 0x38, 0x38, //       float _388
	0x20, 0x3d, 0x20, 0x67, 0x73, 0x5f, 0x41, 0x5b, 0x5f, 0x31, 0x38, 0x31, 0x5d, 0x3b, 0x0a, 0x20, //  = gs_A[_181];. 
	0x20, 0x20, 0x20, 0x20, 0x20, 0x20, 0x20, 0x20, 0x20, 0x20, 0x20, 0x75, 0x69, 0x6e, 0x74, 0x20, //            uint 
	0x5f, 0x31, 0x38, 0x36, 0x20, 0x3d, 0x20, 0x67, 0x6c, 0x5f, 0x4c, 0x6f, 0x63, 0x61, 0x6c, 0x49, // _186 = gl_LocalI
	0x6e, 0x76, 0x6f, 0x63, 0x61, 0x74, 0x69, 0x6f, 0x6e, 0x49, 0x6e, 0x64, 0x65, 0x78, 0x20, 0x2b, // nvocationIndex +
	0x20, 0x39, 0x75, 0x3b, 0x0a, 0x20, 0x20, 0x20, 0x20, 0x20, 0x20, 0x20, 0x20, 0x20, 0x20, 0x20, //  9u;.           
	0x20, 0x66, 0x6c, 0x6f, 0x61, 0x74, 0x20, 0x5f, 0x33, 0x39, 0x34, 0x20, 0x3d, 0x20, 0x67, 0x73, //  float _394 = gs
	0x5f, 0x52, 0x5b, 0x5f, 0x31, 0x38, 0x36, 0x5d, 0x3b, 0x0a, 0x20, 0x20, 0x20, 0x20, 0x20, 0x20, // _R[_186];.      
	0x20, 0x20, 0x20, 0x20, 0x20, 0x20, 0x66, 0x6c, 0x6f, 0x61, 0x74, 0x20, 0x5f, 0x33, 0x39, 0x37, //       float _397
	0x20, 0x3d, 0x20, 0x67, 0x73, 0x5f, 0x47, 0x5b, 0x5f, 0x31, 0x38, 0x36, 0x5d, 0x3b, 0x0a, 0x20, //  = gs_G[_186];. 
	0x20, 0x20, 0x20, 0x20, 0x20, 0x20, 0x20, 0x20, 0x20, 0x20, 0x20, 0x66, 0x6c, 0x6f, 0x61, 0x74, //            float
	0x20, 0x5f, 0x34, 0x30, 0x30, 0x20, 0x3d, 0x20, 0x67, 0x73, 0x5f, 0x42, 0x5b, 0x5f, 0x31, 0x38, //  _400 = gs_B[_18
	0x36, 0x5d, 0x3b, 0x0a, 0x20, 0x20, 0x20, 0x20, 0x20, 0x20, 0x20, 0x20, 0x20, 0x20, 0x20, 0x20, // 6];.            
	0x66, 0x6c, 0x6f, 0x61, 0x74, 0x20, 0x5f, 0x34, 0x30, 0x33, 0x20, 0x3d, 0x20, 0x67, 0x73, 0x5f, // float _403 = gs_
	0x41, 0x5b, 0x5f, 0x31, 0x38, 0x36, 0x5d, 0x3b, 0x0a, 0x20, 0x20, 0x20, 0x20, 0x20, 0x20, 0x20, // A[_186];.       
	0x20, 0x20, 0x20, 0x20, 0x20, 0x76, 0x65, 0x63, 0x34, 0x20, 0x5f, 0x31, 0x39, 0x36, 0x20, 0x3d, //      vec4 _196 =
	0x20, 0x28, 0x28, 0x28, 0x5f, 0x31, 0x33, 0x38, 0x20, 0x2b, 0x20, 0x76, 0x65, 0x63, 0x34, 0x28, //  (((_138 + vec4(
	0x5f, 0x33, 0x36, 0x34, 0x2c, 0x20, 0x5f, 0x33, 0x36, 0x37, 0x2c, 0x20, 0x5f, 0x33, 0x37, 0x30, // _364, _367, _370
	0x2c, 0x20, 0x5f, 0x33, 0x37, 0x33, 0x29, 0x29, 0x20, 0x2b, 0x20, 0x76, 0x65, 0x63, 0x34, 0x28, // , _373)) + vec4(
	0x5f, 0x33, 0x37, 0x39, 0x2c, 0x20, 0x5f, 0x33, 0x38, 0x32, 0x2c, 0x20, 0x5f, 0x33, 0x38, 0x35, // _379, _382, _385
	0x2c, 0x20, 0x5f, 0x33, 0x38, 0x38, 0x29, 0x29, 0x20, 0x2b, 0x20, 0x76, 0x65, 0x63, 0x34, 0x28, // , _388)) + vec4(
	0x5f, 0x33, 0x39, 0x34, 0x2c, 0x20, 0x5f, 0x33, 0x39, 0x37, 0x2c, 0x20, 0x5f, 0x34, 0x30, 0x30, // _394, _397, _400
	0x2c, 0x20, 0x5f, 0x34, 0x30, 0x33, 0x29, 0x29, 0x20, 0x2a, 0x20, 0x30, 0x2e, 0x32, 0x35, 0x3b, // , _403)) * 0.25;
	0x0a, 0x20, 0x20, 0x20, 0x20, 0x20, 0x20, 0x20, 0x20, 0x20, 0x20, 0x20, 0x20, 0x69, 0x6d, 0x61, // .            ima
	0x67, 0x65, 0x53, 0x74, 0x6f, 0x72, 0x65, 0x28, 0x73, 0x5f, 0x69, 0x6d, 0x67, 0x4d, 0x69, 0x70, // geStore(s_imgMip
	0x32, 0x2c, 0x20, 0x69, 0x76, 0x65, 0x63, 0x33, 0x28, 0x69, 0x76, 0x65, 0x63, 0x32, 0x28, 0x67, // 2, ivec3(ivec2(g
	0x6c, 0x5f, 0x47, 0x6c, 0x6f, 0x62, 0x61, 0x6c, 0x49, 0x6e, 0x76, 0x6f, 0x63, 0x61, 0x74, 0x69, // l_GlobalInvocati
	0x6f, 0x6e, 0x49, 0x44, 0x2e, 0x78, 0x79, 0x20, 0x2f, 0x20, 0x75, 0x76, 0x65, 0x63, 0x32, 0x28, // onID.xy / uvec2(
	0x32, 0x75, 0x29, 0x29, 0x2c, 0x20, 0x5f, 0x31, 0x34, 0x39, 0x29, 0x2c, 0x20, 0x5f, 0x31, 0x39, // 2u)), _149), _19
	0x36, 0x29, 0x3b, 0x0a, 0x20, 0x20, 0x20, 0x20, 0x20, 0x20, 0x20, 0x20, 0x20, 0x20, 0x20, 0x20, // 6);.            
	0x67, 0x73, 0x5f, 0x52, 0x5b, 0x67, 0x6c, 0x5f, 0x4c, 0x6f, 0x63, 0x61, 0x6c, 0x49, 0x6e, 0x76, // gs_R[gl_LocalInv
	0x6f, 0x63, 0x61, 0x74, 0x69, 0x6f, 0x6e, 0x49, 0x6e, 0x64, 0x65, 0x78, 0x5d, 0x20, 0x3d, 0x20, // ocationIndex] = 
	0x5f, 0x31, 0x39, 0x36, 0x2e, 0x78, 0x3b, 0x0a, 0x20, 0x20, 0x20, 0x20, 0x20, 0x20, 0x20, 0x20, // _196.x;.        
	0x20, 0x20, 0x20, 0x20, 0x67, 0x73, 0x5f, 0x47, 0x5b, 0x67, 0x6c, 0x5f, 0x4c, 0x6f, 0x63, 0x61, //     gs_G[gl_Loca
	0x6c, 0x49, 0x6e, 0x76, 0x6f, 0x63, 0x61, 0x74, 0x69, 0x6f, 0x6e, 0x49, 0x6e, 0x64, 0x65, 0x78, // lInvocationIndex
	0x5d, 0x20, 0x3d, 0x20, 0x5f, 0x31, 0x39, 0x36, 0x2e, 0x79, 0x3b, 0x0a, 0x20, 0x20, 0x20, 0x20, // ] = _196.y;.    
	0x20, 0x20, 0x20, 0x20, 0x20, 0x20, 0x20, 0x20, 0x67, 0x73, 0x5f, 0x42, 0x5b, 0x67, 0x6c, 0x5f, //         gs_B[gl_
	0x4c, 0x6f, 0x63, 0x61, 0x6c, 0x49, 0x6e, 0x76, 0x6f, 0x63, 0x61, 0x74, 0x69, 0x6f, 0x6e, 0x49, // LocalInvocationI
	0x6e, 0x64, 0x65, 0x78, 0x5d, 0x20, 0x3d, 0x20, 0x5f, 0x31, 0x39, 0x36, 0x2e, 0x7a, 0x3b, 0x0a, // ndex] = _196.z;.
	0x20, 0x20, 0x20, 0x20, 0x20, 0x20, 0x20, 0x20, 0x20, 0x20, 0x20, 0x20, 0x67, 0x73, 0x5f, 0x41, //             gs_A
	0x5b, 0x67, 0x6c, 0x5f, 0x4c, 0x6f, 0x63, 0x61, 0x6c, 0x49, 0x6e, 0x76, 0x6f, 0x63, 0x61, 0x74, // [gl_LocalInvocat
	0x69, 0x6f, 0x6e, 0x49, 0x6e, 0x64, 0x65, 0x78, 0x5d, 0x20, 0x3d, 0x20, 0x5f, 0x31, 0x39, 0x36, // ionIndex] = _196
	0x2e, 0x77, 0x3b, 0x0a, 0x20, 0x20, 0x20, 0x20, 0x20, 0x20, 0x20, 0x20, 0x20, 0x20, 0x20, 0x20, // .w;.            
	0x5f, 0x35, 0x34, 0x32, 0x20, 0x3d, 0x20, 0x5f, 0x31, 0x39, 0x36, 0x3b, 0x0a, 0x20, 0x20, 0x20, // _542 = _196;.   
	0x20, 0x20, 0x20, 0x20, 0x20, 0x7d, 0x0a, 0x20, 0x20, 0x20, 0x20, 0x20, 0x20, 0x20, 0x20, 0x65, //      }.        e
	0x6c, 0x73, 0x65, 0x0a, 0x20, 0x20, 0x20, 0x20, 0x20, 0x20, 0x20, 0x20, 0x7b, 0x0a, 0x20, 0x20, // lse.        {.  
	0x20, 0x20, 0x20, 0x20, 0x20, 0x20, 0x20, 0x20, 0x20, 0x20, 0x5f, 0x35, 0x34, 0x32, 0x20, 0x3d, //           _542 =
	0x20, 0x5f, 0x31, 0x33, 0x38, 0x3b, 0x0a, 0x20, 0x20, 0x20, 0x20, 0x20, 0x20, 0x20, 0x20, 0x7d, //  _138;.        }
	0x0a, 0x20, 0x20, 0x20, 0x20, 0x20, 0x20, 0x20, 0x20, 0x69, 0x66, 0x20, 0x28, 0x5f, 0x38, 0x34, // .        if (_84
	0x20, 0x3d, 0x3d, 0x20, 0x32, 0x75, 0x29, 0x0a, 0x20, 0x20, 0x20, 0x20, 0x20, 0x20, 0x20, 0x20, //  == 2u).        
	0x7b, 0x0a, 0x20, 0x20, 0x20, 0x20, 0x20, 0x20, 0x20, 0x20, 0x20, 0x20, 0x20, 0x20, 0x62, 0x72, // {.            br
	0x65, 0x61, 0x6b, 0x3b, 0x0a, 0x20, 0x20, 0x20, 0x20, 0x20, 0x20, 0x20, 0x20, 0x7d, 0x0a, 0x20, // eak;.        }. 
	0x20, 0x20, 0x20, 0x20, 0x20, 0x20, 0x20, 0x62, 0x61, 0x72, 0x72, 0x69, 0x65, 0x72, 0x28, 0x29, //        barrier()
	0x3b, 0x0a, 0x20, 0x20, 0x20, 0x20, 0x20, 0x20, 0x20, 0x20, 0x76, 0x65, 0x63, 0x34, 0x20, 0x5f, // ;.        vec4 _
	0x35, 0x34, 0x33, 0x3b, 0x0a, 0x20, 0x20, 0x20, 0x20, 0x20, 0x20, 0x20, 0x20, 0x69, 0x66, 0x20, // 543;.        if 
	0x28, 0x28, 0x67, 0x6c, 0x5f, 0x4c, 0x6f, 0x63, 0x61, 0x6c, 0x49, 0x6e, 0x76, 0x6f, 0x63, 0x61, // ((gl_LocalInvoca
	0x74, 0x69, 0x6f, 0x6e, 0x49, 0x6e, 0x64, 0x65, 0x78, 0x20, 0x26, 0x20, 0x32, 0x37, 0x75, 0x29, // tionIndex & 27u)
	0x20, 0x3d, 0x3d, 0x20, 0x30, 0x75, 0x29, 0x0a, 0x20, 0x20, 0x20, 0x20, 0x20, 0x20, 0x20, 0x20, //  == 0u).        
	0x7b, 0x0a, 0x20, 0x20, 0x20, 0x20, 0x20, 0x20, 0x20, 0x20, 0x20, 0x20, 0x20, 0x20, 0x75, 0x69, // {.            ui
	0x6e, 0x74, 0x20, 0x5f, 0x32, 0x32, 0x38, 0x20, 0x3d, 0x20, 0x67, 0x6c, 0x5f, 0x4c, 0x6f, 0x63, // nt _228 = gl_Loc
	0x61, 0x6c, 0x49, 0x6e, 0x76, 0x6f, 0x63, 0x61, 0x74, 0x69, 0x6f, 0x6e, 0x49, 0x6e, 0x64, 0x65, // alInvocationInde
	0x78, 0x20, 0x2b, 0x20, 0x32, 0x75, 0x3b, 0x0a, 0x20, 0x20, 0x20, 0x20, 0x20, 0x20, 0x20, 0x20, // x + 2u;.        
	0x20, 0x20, 0x20, 0x20, 0x66, 0x6c, 0x6f, 0x61, 0x74, 0x20, 0x5f, 0x34, 0x32, 0x36, 0x20, 0x3d, //     float _426 =
	0x20, 0x67, 0x73, 0x5f, 0x52, 0x5b, 0x5f, 0x32, 0x32, 0x38, 0x5d, 0x3b, 0x0a, 0x20, 0x20, 0x20, //  gs_R[_228];.   
	0x20, 0x20, 0x20, 0x20, 0x20, 0x20, 0x20, 0x20, 0x20, 0x66, 0x6c, 0x6f, 0x61, 0x74, 0x20, 0x5f, //          float _
	0x34, 0x32, 0x39, 0x20, 0x3d, 0x20, 0x67, 0x73, 0x5f, 0x47, 0x5b, 0x5f, 0x32, 0x32, 0x38, 0x5d, // 429 = gs_G[_228]
	0x3b, 0x0a, 0x20, 0x20, 0x20, 0x20, 0x20, 0x20, 0x20, 0x20, 0x20, 0x20, 0x20, 0x20, 0x66, 0x6c, // ;.            fl
	0x6f, 0x61, 0x74, 0x20, 0x5f, 0x34, 0x33, 0x32, 0x20, 0x3d, 0x20, 0x67, 0x73, 0x5f, 0x42, 0x5b, // oat _432 = gs_B[
	0x5f, 0x32, 0x32, 0x38, 0x5d, 0x3b, 0x0a, 0x20, 0x20, 0x20, 0x20, 0x20, 0x20, 0x20, 0x20, 0x20, // _228];.         
	0x20, 0x20, 0x20, 0x66, 0x6c, 0x6f, 0x61, 0x74, 0x20, 0x5f, 0x34, 0x33, 0x35, 0x20, 0x3d, 0x20, //    float _435 = 
	0x67, 0x73, 0x5f, 0x41, 0x5b, 0x5f, 0x32, 0x32, 0x38, 0x5d, 0x3b, 0x0a, 0x20, 0x20, 0x20, 0x20, // gs_A[_228];.    
	0x20, 0x20, 0x20, 0x20, 0x20, 0x20, 0x20, 0x20, 0x75, 0x69, 0x6e, 0x74, 0x20, 0x5f, 0x32, 0x33, //         uint _23
	0x34, 0x20, 0x3d, 0x20, 0x67, 0x6c, 0x5f, 0x4c, 0x6f, 0x63, 0x61, 0x6c, 0x49, 0x6e, 0x76, 0x6f, // 4 = gl_LocalInvo
	0x63, 0x61, 0x74, 0x69, 0x6f, 0x6e, 0x49, 0x6e, 0x64, 0x65, 0x78, 0x20, 0x2b, 0x20, 0x31, 0x36, // cationIndex + 16
	0x75, 0x3b, 0x0a, 0x20, 0x20, 0x20, 0x20, 0x20, 0x20, 0x20, 0x20, 0x20, 0x20, 0x20, 0x20, 0x66, // u;.            f
	0x6c, 0x6f, 0x61, 0x74, 0x20, 0x5f, 0x34, 0x34, 0x31, 0x20, 0x3d, 0x20, 0x67, 0x73, 0x5f, 0x52, // loat _441 = gs_R
	0x5b, 0x5f, 0x32, 0x33, 0x34, 0x5d, 0x3b, 0x0a, 0x20, 0x20, 0x20, 0x20, 0x20, 0x20, 0x20, 0x20, // [_234];.        
	0x20, 0x20, 0x20, 0x20, 0x66, 0x6c, 0x6f, 0x61, 0x74, 0x20, 0x5f, 0x34, 0x34, 0x34, 0x20, 0x3d, //     float _444 =
	0x20, 0x67, 0x73, 0x5f, 0x47, 0x5b, 0x5f, 0x32, 0x33, 0x34, 0x5d, 0x3b, 0x0a, 0x20, 0x20, 0x20, //  gs_G[_234];.   
	0x20, 0x20, 0x20, 0x20, 0x20, 0x20, 0x20, 0x20, 0x20, 0x66, 0x6c, 0x6f, 0x61, 0x74, 0x20, 0x5f, //          float _
	0x34, 0x34, 0x37, 0x20, 0x3d, 0x20, 0x67, 0x73, 0x5f, 0x42, 0x5b, 0x5f, 0x32, 0x33, 0x34, 0x5d, // 447 = gs_B[_234]
	0x3b, 0x0a, 0x20, 0x20, 0x20, 0x20, 0x20, 0x20, 0x20, 0x20, 0x20, 0x20, 0x20, 0x20, 0x66, 0x6c, // ;.            fl
	0x6f, 0x61, 0x74, 0x20, 0x5f, 0x34, 0x35, 0x30, 0x20, 0x3d, 0x20, 0x67, 0x73, 0x5f, 0x41, 0x5b, // oat _450 = gs_A[
	0x5f, 0x32, 0x33, 0x34, 0x5d, 0x3b, 0x0a, 0x20, 0x20, 0x20, 0x20, 0x20, 0x20, 0x20, 0x20, 0x20, // _234];.         
	0x20, 0x20, 0x20, 0x75, 0x69, 0x6e, 0x74, 0x20, 0x5f, 0x32, 0x34, 0x30, 0x20, 0x3d, 0x20, 0x67, //    uint _240 = g
	0x6c, 0x5f, 0x4c, 0x6f, 0x63, 0x61, 0x6c, 0x49, 0x6e, 0x76, 0x6f, 0x63, 0x61, 0x74, 0x69, 0x6f, // l_LocalInvocatio
	0x6e, 0x49, 0x6e, 0x64, 0x65, 0x78, 0x20, 0x2b, 0x20, 0x31, 0x38, 0x75, 0x3b, 0x0a, 0x20, 0x20, // nIndex + 18u;.  
	0x20, 0x20, 0x20, 0x20, 0x20, 0x20, 0x20, 0x20, 0x20, 0x20, 0x66, 0x6c, 0x6f, 0x61, 0x74, 0x20, //           float 
	0x5f, 0x34, 0x35, 0x36, 0x20, 0x3d, 0x20, 0x67, 0x73, 0x5f, 0x52, 0x5b, 0x5f, 0x32, 0x34, 0x30, // _456 = gs_R[_240
	0x5d, 0x3b, 0x0a, 0x20, 0x20, 0x20, 0x20, 0x20, 0x20, 0x20, 0x20, 0x20, 0x20, 0x20, 0x20, 0x66, // ];.            f
	0x6c, 0x6f, 0x61, 0x74, 0x20, 0x5f, 0x34, 0x35, 0x39, 0x20, 0x3d, 0x20, 0x67, 0x73, 0x5f, 0x47, // loat _459 = gs_G
	0x5b, 0x5f, 0x32, 0x34, 0x30, 0x5d, 0x3b, 0x0a, 0x20, 0x20, 0x20, 0x20, 0x20, 0x20, 0x20, 0x20, // [_240];.        
	0x20, 0x20, 0x20, 0x20, 0x66, 0x6c, 0x6f, 0x61, 0x74, 0x20, 0x5f, 0x34, 0x36, 0x32, 0x20, 0x3d, //     float _462 =
	0x20, 0x67, 0x73, 0x5f, 0x42, 0x5b, 0x5f, 0x32, 0x34, 0x30, 0x5d, 0x3b, 0x0a, 0x20, 0x20, 0x20, //  gs_B[_240];.   
	0x20, 0x20, 0x20, 0x20, 0x20, 0x20, 0x20, 0x20, 0x20, 0x66, 0x6c, 0x6f, 0x61, 0x74, 0x20, 0x5f, //          float _
	0x34, 0x36, 0x35, 0x20, 0x3d, 0x20, 0x67, 0x73, 0x5f, 0x41, 0x5b, 0x5f, 0x32, 0x34, 0x30, 0x5d, // 465 = gs_A[_240]
	0x3b, 0x0a, 0x20, 0x20, 0x20, 0x20, 0x20, 0x20, 0x20, 0x20, 0x20, 0x20, 0x20, 0x20, 0x76, 0x65, // ;.            ve
	0x63, 0x34, 0x20, 0x5f, 0x32, 0x35, 0x30, 0x20, 0x3d, 0x20, 0x28, 0x28, 0x28, 0x5f, 0x35, 0x34, // c4 _250 = (((_54
	0x32, 0x20, 0x2b, 0x20, 0x76, 0x65, 0x63, 0x34, 0x28, 0x5f, 0x34, 0x32, 0x36, 0x2c, 0x20, 0x5f, // 2 + vec4(_426, _
	0x34, 0x32, 0x39, 0x2c, 0x20, 0x5f, 0x34, 0x33, 0x32, 0x2c, 0x20, 0x5f, 0x34, 0x33, 0x35, 0x29, // 429, _432, _435)
	0x29, 0x20, 0x2b, 0x20, 0x76, 0x65, 0x63, 0x34, 0x28, 0x5f, 0x34, 0x34, 0x31, 0x2c, 0x20, 0x5f, // ) + vec4(_441, _
	0x34, 0x34, 0x34, 0x2c, 0x20, 0x5f, 0x34, 0x34, 0x37, 0x2c, 0x20, 0x5f, 0x34, 0x35, 0x30, 0x29, // 444, _447, _450)
	0x29, 0x20, 0x2b, 0x20, 0x76, 0x65, 0x63, 0x34, 0x28, 0x5f, 0x34, 0x35, 0x36, 0x2c, 0x20, 0x5f, // ) + vec4(_456, _
	0x34, 0x35, 0x39, 0x2c, 0x20, 0x5f, 0x34, 0x36, 0x32, 0x2c, 0x20, 0x5f, 0x34, 0x36, 0x35, 0x29, // 459, _462, _465)
	0x29, 0x20, 0x2a, 0x20, 0x30, 0x2e, 0x32, 0x35, 0x3b, 0x0a, 0x20, 0x20, 0x20, 0x20, 0x20, 0x20, // ) * 0.25;.      
	0x20, 0x20, 0x20, 0x20, 0x20, 0x20, 0x69, 0x6d, 0x61, 0x67, 0x65, 0x53, 0x74, 0x6f, 0x72, 0x65, //       imageStore
	0x28, 0x73, 0x5f, 0x69, 0x6d, 0x67, 0x4d, 0x69, 0x70, 0x33, 0x2c, 0x20, 0x69, 0x76, 0x65, 0x63, // (s_imgMip3, ivec
	0x33, 0x28, 0x69, 0x76, 0x65, 0x63, 0x32, 0x28, 0x67, 0x6c, 0x5f, 0x47, 0x6c, 0x6f, 0x62, 0x61, // 3(ivec2(gl_Globa
	0x6c, 0x49, 0x6e, 0x76, 0x6f, 0x63, 0x61, 0x74, 0x69, 0x6f, 0x6e, 0x49, 0x44, 0x2e, 0x78, 0x79, // lInvocationID.xy
	0x20, 0x2f, 0x20, 0x75, 0x76, 0x65, 0x63, 0x32, 0x28, 0x34, 0x75, 0x29, 0x29, 0x2c, 0x20, 0x5f, //  / uvec2(4u)), _
	0x31, 0x34, 0x39, 0x29, 0x2c, 0x20, 0x5f, 0x32, 0x35, 0x30, 0x29, 0x3b, 0x0a, 0x20, 0x20, 0x20, // 149), _250);.   
	0x20, 0x20, 0x20, 0x20, 0x20, 0x20, 0x20, 0x20, 0x20, 0x67, 0x73, 0x5f, 0x52, 0x5b, 0x67, 0x6c, //          gs_R[gl
	0x5f, 0x4c, 0x6f, 0x63, 0x61, 0x6c, 0x49, 0x6e, 0x76, 0x6f, 0x63, 0x61, 0x74, 0x69, 0x6f, 0x6e, // _LocalInvocation
	0x49, 0x6e, 0x64, 0x65, 0x78, 0x5d, 0x20, 0x3d, 0x20, 0x5f, 0x32, 0x35, 0x30, 0x2e, 0x78, 0x3b, // Index] = _250.x;
	0x0a, 0x20, 0x20, 0x20, 0x20, 0x20, 0x20, 0x20, 0x20, 0x20, 0x20, 0x20, 0x20, 0x67, 0x73, 0x5f, // .            gs_
	0x47, 0x5b, 0x67, 0x6c, 0x5f, 0x4c, 0x6f, 0x63, 0x61, 0x6c, 0x49, 0x6e, 0x76, 0x6f, 0x63, 0x61, // G[gl_LocalInvoca
	0x74, 0x69, 0x6f, 0x6e, 0x49, 0x6e, 0x64, 0x65, 0x78, 0x5d, 0x20, 0x3d, 0x20, 0x5f, 0x32, 0x35, // tionIndex] = _25
	0x30, 0x2e, 0x79, 0x3b, 0x0a, 0x20, 0x20, 0x20, 0x20, 0x20, 0x20, 0x20, 0x20, 0x20, 0x20, 0x20, // 0.y;.           
	0x20, 0x67, 0x73, 0x5f, 0x42, 0x5b, 0x67, 0x6c, 0x5f, 0x4c, 0x6f, 0x63, 0x61, 0x6c, 0x49, 0x6e, //  gs_B[gl_LocalIn
	0x76, 0x6f, 0x63, 0x61, 0x74, 0x69, 0x6f, 0x6e, 0x49, 0x6e, 0x64, 0x65, 0x78, 0x5d, 0x20, 0x3d, // vocationIndex] =
	0x20, 0x5f, 0x32, 0x35, 0x30, 0x2e, 0x7a, 0x3b, 0x0a, 0x20, 0x20, 0x20, 0x20, 0x20, 0x20, 0x20, //  _250.z;.       
	0x20, 0x20, 0x20, 0x20, 0x20, 0x67, 0x73, 0x5f, 0x41, 0x5b, 0x67, 0x6c, 0x5f, 0x4c, 0x6f, 0x63, //      gs_A[gl_Loc
	0x61, 0x6c, 0x49, 0x6e, 0x76, 0x6f, 0x63, 0x61, 0x74, 0x69, 0x6f, 0x6e, 0x49, 0x6e, 0x64, 0x65, // alInvocationInde
	0x78, 0x5d, 0x20, 0x3d, 0x20, 0x5f, 0x32, 0x35, 0x30, 0x2e, 0x77, 0x3b, 0x0a, 0x20, 0x20, 0x20, // x] = _250.w;.   
	0x20, 0x20, 0x20, 0x20, 0x20, 0x20, 0x20, 0x20, 0x20, 0x5f, 0x35, 0x34, 0x33, 0x20, 0x3d, 0x20, //          _543 = 
	0x5f, 0x32, 0x35, 0x30, 0x3b, 0x0a, 0x20, 0x20, 0x20, 0x20, 0x20, 0x20, 0x20, 0x20, 0x7d, 0x0a, // _250;.        }.
	0x20, 0x20, 0x20, 0x20, 0x20, 0x20, 0x20, 0x20, 0x65, 0x6c, 0x73, 0x65, 0x0a, 0x20, 0x20, 0x20, //         else.   
	0x20, 0x20, 0x20, 0x20, 0x20, 0x7b, 0x0a, 0x20, 0x20, 0x20, 0x20, 0x20, 0x20, 0x20, 0x20, 0x20, //      {.         
	0x20, 0x20, 0x20, 0x5f, 0x35, 0x34, 0x33, 0x20, 0x3d, 0x20, 0x5f, 0x35, 0x34, 0x32, 0x3b, 0x0a, //    _543 = _542;.
	0x20, 0x20, 0x20, 0x20, 0x20, 0x20, 0x20, 0x20, 0x7d, 0x0a, 0x20, 0x20, 0x20, 0x20, 0x20, 0x20, //         }.      
	0x20, 0x20, 0x69, 0x66, 0x20, 0x28, 0x5f, 0x38, 0x34, 0x20, 0x3d, 0x3d, 0x20, 0x33, 0x75, 0x29, //   if (_84 == 3u)
	0x0a, 0x20, 0x20, 0x20, 0x20, 0x20, 0x20, 0x20, 0x20, 0x7b, 0x0a, 0x20, 0x20, 0x20, 0x20, 0x20, // .        {.     
	0x20, 0x20, 0x20, 0x20, 0x20, 0x20, 0x20, 0x62, 0x72, 0x65, 0x61, 0x6b, 0x3b, 0x0a, 0x20, 0x20, //        break;.  
	0x20, 0x20, 0x20, 0x20, 0x20, 0x20, 0x7d, 0x0a, 0x20, 0x20, 0x20, 0x20, 0x20, 0x20, 0x20, 0x20, //       }.        
	0x62, 0x61, 0x72, 0x72, 0x69, 0x65, 0x72, 0x28, 0x29, 0x3b, 0x0a, 0x20, 0x20, 0x20, 0x20, 0x20, // barrier();.     
	0x20, 0x20, 0x20, 0x69, 0x66, 0x20, 0x28, 0x67, 0x6c, 0x5f, 0x4c, 0x6f, 0x63, 0x61, 0x6c, 0x49, //    if (gl_LocalI
	0x6e, 0x76, 0x6f, 0x63, 0x61, 0x74, 0x69, 0x6f, 0x6e, 0x49, 0x6e, 0x64, 0x65, 0x78, 0x20, 0x3d, // nvocationIndex =
	0x3d, 0x20, 0x30, 0x75, 0x29, 0x0a, 0x20, 0x20, 0x20, 0x20, 0x20, 0x20, 0x20, 0x20, 0x7b, 0x0a, // = 0u).        {.
	0x20, 0x20, 0x20, 0x20, 0x20, 0x20, 0x20, 0x20, 0x20, 0x20, 0x20, 0x20, 0x75, 0x69, 0x6e, 0x74, //             uint
	0x20, 0x5f, 0x32, 0x38, 0x31, 0x20, 0x3d, 0x20, 0x67, 0x6c, 0x5f, 0x4c, 0x6f, 0x63, 0x61, 0x6c, //  _281 = gl_Local
	0x49, 0x6e, 0x76, 0x6f, 0x63, 0x61, 0x74, 0x69, 0x6f, 0x6e, 0x49, 0x6e, 0x64, 0x65, 0x78, 0x20, // InvocationIndex 
	0x2b, 0x20, 0x34, 0x75, 0x3b, 0x0a, 0x20, 0x20, 0x20, 0x20, 0x20, 0x20, 0x20, 0x20, 0x20, 0x20, // + 4u;.          
	0x20, 0x20, 0x75, 0x69, 0x6e, 0x74, 0x20, 0x5f, 0x32, 0x38, 0x37, 0x20, 0x3d, 0x20, 0x67, 0x6c, //   uint _287 = gl
	0x5f, 0x4c, 0x6f, 0x63, 0x61, 0x6c, 0x49, 0x6e, 0x76, 0x6f, 0x63, 0x61, 0x74, 0x69, 0x6f, 0x6e, // _LocalInvocation
	0x49, 0x6e, 0x64, 0x65, 0x78, 0x20, 0x2b, 0x20, 0x33, 0x32, 0x75, 0x3b, 0x0a, 0x20, 0x20, 0x20, // Index + 32u;.   
	0x20, 0x20, 0x20, 0x20, 0x20, 0x20, 0x20, 0x20, 0x20, 0x75, 0x69, 0x6e, 0x74, 0x20, 0x5f, 0x32, //          uint _2
	0x39, 0x33, 0x20, 0x3d, 0x20, 0x67, 0x6c, 0x5f, 0x4c, 0x6f, 0x63, 0x61, 0x6c, 0x49, 0x6e, 0x76, // 93 = gl_LocalInv
	0x6f, 0x63, 0x61, 0x74, 0x69, 0x6f, 0x6e, 0x49, 0x6e, 0x64, 0x65, 0x78, 0x20, 0x2b, 0x20, 0x33, // ocationIndex + 3
	0x36, 0x75, 0x3b, 0x0a, 0x20, 0x20, 0x20, 0x20, 0x20, 0x20, 0x20, 0x20, 0x20, 0x20, 0x20, 0x20, // 6u;.            
	0x69, 0x6d, 0x61, 0x67, 0x65, 0x53, 0x74, 0x6f, 0x72, 0x65, 0x28, 0x73, 0x5f, 0x69, 0x6d, 0x67, // imageStore(s_img
	0x4d, 0x69, 0x70, 0x34, 0x2c, 0x20, 0x69, 0x76, 0x65, 0x63, 0x33, 0x28, 0x69, 0x76, 0x65, 0x63, // Mip4, ivec3(ivec
	0x32, 0x28, 0x67, 0x6c, 0x5f, 0x47, 0x6c, 0x6f, 0x62, 0x61, 0x6c, 0x49, 0x6e, 0x76, 0x6f, 0x63, // 2(gl_GlobalInvoc
	0x61, 0x74, 0x69, 0x6f, 0x6e, 0x49, 0x44, 0x2e, 0x78, 0x79, 0x20, 0x2f, 0x20, 0x75, 0x76, 0x65, // ationID.xy / uve
	0x63, 0x32, 0x28, 0x38, 0x75, 0x29, 0x29, 0x2c, 0x20, 0x5f, 0x31, 0x34, 0x39, 0x29, 0x2c, 0x20, // c2(8u)), _149), 
	0x28, 0x28, 0x28, 0x5f, 0x35, 0x34, 0x33, 0x20, 0x2b, 0x20, 0x76, 0x65, 0x63, 0x34, 0x28, 0x67, // (((_543 + vec4(g
	0x73, 0x5f, 0x52, 0x5b, 0x5f, 0x32, 0x38, 0x31, 0x5d, 0x2c, 0x20, 0x67, 0x73, 0x5f, 0x47, 0x5b, // s_R[_281], gs_G[
	0x5f, 0x32, 0x38, 0x31, 0x5d, 0x2c, 0x20, 0x67, 0x73, 0x5f, 0x42, 0x5b, 0x5f, 0x32, 0x38, 0x31, // _281], gs_B[_281
	0x5d, 0x2c, 0x20, 0x67, 0x73, 0x5f, 0x41, 0x5b, 0x5f, 0x32, 0x38, 0x31, 0x5d, 0x29, 0x29, 0x20, // ], gs_A[_281])) 
	0x2b, 0x20, 0x76, 0x65, 0x63, 0x34, 0x28, 0x67, 0x73, 0x5f, 0x52, 0x5b, 0x5f, 0x32, 0x38, 0x37, // + vec4(gs_R[_287
	0x5d, 0x2c, 0x20, 0x67, 0x73, 0x5f, 0x47, 0x5b, 0x5f, 0x32, 0x38, 0x37, 0x5d, 0x2c, 0x20, 0x67, // ], gs_G[_287], g
	0x73, 0x5f, 0x42, 0x5b, 0x5f, 0x32, 0x38, 0x37, 0x5d, 0x2c, 0x20, 0x67, 0x73, 0x5f, 0x41, 0x5b, // s_B[_287], gs_A[
	0x5f, 0x32, 0x38, 0x37, 0x5d, 0x29, 0x29, 0x20, 0x2b, 0x20, 0x76, 0x65, 0x63, 0x34, 0x28, 0x67, // _287])) + vec4(g
	0x73, 0x5f, 0x52, 0x5b, 0x5f, 0x32, 0x39, 0x33, 0x5d, 0x2c, 0x20, 0x67, 0x73, 0x5f, 0x47, 0x5b, // s_R[_293], gs_G[
	0x5f, 0x32, 0x39, 0x33, 0x5d, 0x2c, 0x20, 0x67, 0x73, 0x5f, 0x42, 0x5b, 0x5f, 0x32, 0x39, 0x33, // _293], gs_B[_293
	0x5d, 0x2c, 0x20, 0x67, 0x73, 0x5f, 0x41, 0x5b, 0x5f, 0x32, 0x39, 0x33, 0x5d, 0x29, 0x29, 0x20, // ], gs_A[_293])) 
	0x2a, 0x20, 0x30, 0x2e, 0x32, 0x35, 0x29, 0x3b, 0x0a, 0x20, 0x20, 0x20, 0x20, 0x20, 0x20, 0x20, // * 0.25);.       
	0x20, 0x7d, 0x0a, 0x20, 0x20, 0x20, 0x20, 0x20, 0x20, 0x20, 0x20, 0x62, 0x72, 0x65, 0x61, 0x6b, //  }.        break
	0x3b, 0x0a, 0x20, 0x20, 0x20, 0x20, 0x7d, 0x20, 0x77, 0x68, 0x69, 0x6c, 0x65, 0x28, 0x66, 0x61, // ;.    } while(fa
	0x6c, 0x73, 0x65, 0x29, 0x3b, 0x0a, 0x7d, 0x0a, 0x0a, 0x00,                                     // lse);.}...
};
static const uint8_t cs_mipgen_oddx_spv[6349] =
{
	0x43, 0x53, 0x48, 0x0b, 0x00, 0x00, 0x00, 0x00, 0x00, 0x00, 0x00, 0x00, 0x06, 0x00, 0x0b, 0x62, // CSH............b
	0x67, 0x66, 0x78, 0x5f, 0x6d, 0x69, 0x70, 0x47, 0x65, 0x6e, 0x02, 0x01, 0x00, 0x00, 0x01, 0x00, // gfx_mipGen......
	0x00, 0x00, 0x00, 0x00, 0x0e, 0x62, 0x67, 0x66, 0x78, 0x5f, 0x74, 0x65, 0x78, 0x4d, 0x69, 0x70, // .....bgfx_texMip
	0x53, 0x72, 0x63, 0x20, 0x00, 0x06, 0x00, 0x00, 0x00, 0x00, 0x03, 0x29, 0x00, 0x09, 0x73, 0x5f, // Src .......)..s_
	0x69, 0x6d, 0x67, 0x4d, 0x69, 0x70, 0x31, 0x01, 0x00, 0x02, 0x00, 0x03, 0x00, 0x00, 0x03, 0x4a, // imgMip1........J
	0x00, 0x09, 0x73, 0x5f, 0x69, 0x6d, 0x67, 0x4d, 0x69, 0x70, 0x32, 0x01, 0x00, 0x03, 0x00, 0x03, // ..s_imgMip2.....
	0x00, 0x00, 0x03, 0x4a, 0x00, 0x09, 0x73, 0x5f, 0x69, 0x6d, 0x67, 0x4d, 0x69, 0x70, 0x33, 0x01, // ...J..s_imgMip3.
	0x00, 0x04, 0x00, 0x03, 0x00, 0x00, 0x03, 0x4a, 0x00, 0x09, 0x73, 0x5f, 0x69, 0x6d, 0x67, 0x4d, // .......J..s_imgM
	0x69, 0x70, 0x34, 0x01, 0x00, 0x05, 0x00, 0x03, 0x00, 0x00, 0x03, 0x4a, 0x00, 0x38, 0x18, 0x00, // ip4........J.8..
	0x00, 0x03, 0x02, 0x23, 0x07, 0x00, 0x00, 0x01, 0x00, 0x0b, 0x00, 0x08, 0x00, 0x9b, 0x03, 0x00, // ...#............
	0x00, 0x00, 0x00, 0x00, 0x00, 0x11, 0x00, 0x02, 0x00, 0x01, 0x00, 0x00, 0x00, 0x0b, 0x00, 0x06, // ................
	0x00, 0x01, 0x00, 0x00, 0x00, 0x47, 0x4c, 0x53, 0x4c, 0x2e, 0x73, 0x74, 0x64, 0x2e, 0x34, 0x35, // .....GLSL.std.45
	0x30, 0x00, 0x00, 0x00, 0x00, 0x0e, 0x00, 0x03, 0x00, 0x00, 0x00, 0x00, 0x00, 0x01, 0x00, 0x00, // 0...............
	0x00, 0x0f, 0x00, 0x07, 0x00, 0x05, 0x00, 0x00, 0x00, 0x04, 0x00, 0x00, 0x00, 0x6d, 0x61, 0x69, // .............mai
	0x6e, 0x00, 0x00, 0x00, 0x00, 0x89, 0x01, 0x00, 0x00, 0x8d, 0x01, 0x00, 0x00, 0x10, 0x00, 0x06, // n...............
	0x00, 0x04, 0x00, 0x00, 0x00, 0x11, 0x00, 0x00, 0x00, 0x08, 0x00, 0x00, 0x00, 0x08, 0x00, 0x00, // ................
	0x00, 0x01, 0x00, 0x00, 0x00, 0x03, 0x00, 0x03, 0x00, 0x05, 0x00, 0x00, 0x00, 0xf4, 0x01, 0x00, // ................
	0x00, 0x05, 0x00, 0x04, 0x00, 0x04, 0x00, 0x00, 0x00, 0x6d, 0x61, 0x69, 0x6e, 0x00, 0x00, 0x00, // .........main...
	0x00, 0x05, 0x00, 0x08, 0x00, 0x35, 0x00, 0x00, 0x00, 0x62, 0x67, 0x66, 0x78, 0x5f, 0x74, 0x65, // .....5...bgfx_te
	0x78, 0x4d, 0x69, 0x70, 0x53, 0x72, 0x63, 0x53, 0x61, 0x6d, 0x70, 0x6c, 0x65, 0x72, 0x00, 0x00, // xMipSrcSampler..
	0x00, 0x05, 0x00, 0x08, 0x00, 0x38, 0x00, 0x00, 0x00, 0x62, 0x67, 0x66, 0x78, 0x5f, 0x74, 0x65, // .....8...bgfx_te
	0x78, 0x4d, 0x69, 0x70, 0x53, 0x72, 0x63, 0x54, 0x65, 0x78, 0x74, 0x75, 0x72, 0x65, 0x00, 0x00, // xMipSrcTexture..
	0x00, 0x05, 0x00, 0x04, 0x00, 0x52, 0x00, 0x00, 0x00, 0x67, 0x73, 0x5f, 0x52, 0x00, 0x00, 0x00, // .....R...gs_R...
	0x00, 0x05, 0x00, 0x04, 0x00, 0x59, 0x00, 0x00, 0x00, 0x67, 0x73, 0x5f, 0x47, 0x00, 0x00, 0x00, // .....Y...gs_G...
	0x00, 0x05, 0x00, 0x04, 0x00, 0x5f, 0x00, 0x00, 0x00, 0x67, 0x73, 0x5f, 0x42, 0x00, 0x00, 0x00, // ....._...gs_B...
	0x00, 0x05, 0x00, 0x04, 0x00, 0x65, 0x00, 0x00, 0x00, 0x67, 0x73, 0x5f, 0x41, 0x00, 0x00, 0x00, // .....e...gs_A...
	0x00, 0x05, 0x00, 0x06, 0x00, 0x83, 0x00, 0x00, 0x00, 0x55, 0x6e, 0x69, 0x66, 0x6f, 0x72, 0x6d, // .........Uniform
	0x42, 0x6c, 0x6f, 0x63, 0x6b, 0x00, 0x00, 0x00, 0x00, 0x06, 0x00, 0x06, 0x00, 0x83, 0x00, 0x00, // Block...........
	0x00, 0x00, 0x00, 0x00, 0x00, 0x62, 0x67, 0x66, 0x78, 0x5f, 0x6d, 0x69, 0x70, 0x47, 0x65, 0x6e, // .....bgfx_mipGen
	0x00, 0x05, 0x00, 0x03, 0x00, 0x85, 0x00, 0x00, 0x00, 0x00, 0x00, 0x00, 0x00, 0x05, 0x00, 0x05, // ................
	0x00, 0xc9, 0x00, 0x00, 0x00, 0x73, 0x5f, 0x69, 0x6d, 0x67, 0x4d, 0x69, 0x70, 0x31, 0x00, 0x00, // .....s_imgMip1..
	0x00, 0x05, 0x00, 0x05, 0x00, 0x03, 0x01, 0x00, 0x00, 0x73, 0x5f, 0x69, 0x6d, 0x67, 0x4d, 0x69, // .........s_imgMi
	0x70, 0x32, 0x00, 0x00, 0x00, 0x05, 0x00, 0x05, 0x00, 0x3d, 0x01, 0x00, 0x00, 0x73, 0x5f, 0x69, // p2.......=...s_i
	0x6d, 0x67, 0x4d, 0x69, 0x70, 0x33, 0x00, 0x00, 0x00, 0x05, 0x00, 0x05, 0x00, 0x76, 0x01, 0x00, // mgMip3.......v..
	0x00, 0x73, 0x5f, 0x69, 0x6d, 0x67, 0x4d, 0x69, 0x70, 0x34, 0x00, 0x00, 0x00, 0x05, 0x00, 0x08, // .s_imgMip4......
	0x00, 0x89, 0x01, 0x00, 0x00, 0x67, 0x6c, 0x5f, 0x4c, 0x6f, 0x63, 0x61, 0x6c, 0x49, 0x6e, 0x76, // .....gl_LocalInv
	0x6f, 0x63, 0x61, 0x74, 0x69, 0x6f, 0x6e, 0x49, 0x6e, 0x64, 0x65, 0x78, 0x00, 0x05, 0x00, 0x08, // ocationIndex....
	0x00, 0x8d, 0x01, 0x00, 0x00, 0x67, 0x6c, 0x5f, 0x47, 0x6c, 0x6f, 0x62, 0x61, 0x6c, 0x49, 0x6e, // .....gl_GlobalIn
	0x76, 0x6f, 0x63, 0x61, 0x74, 0x69, 0x6f, 0x6e, 0x49, 0x44, 0x00, 0x00, 0x00, 0x47, 0x00, 0x04, // vocationID...G..
	0x00, 0x35, 0x00, 0x00, 0x00, 0x21, 0x00, 0x00, 0x00, 0x16, 0x00, 0x00, 0x00, 0x47, 0x00, 0x04, // .5...!.......G..
	0x00, 0x35, 0x00, 0x00, 0x00, 0x22, 0x00, 0x00, 0x00, 0x00, 0x00, 0x00, 0x00, 0x47, 0x00, 0x04, // .5...".......G..
	0x00, 0x38, 0x00, 0x00, 0x00, 0x21, 0x00, 0x00, 0x00, 0x06, 0x00, 0x00, 0x00, 0x47, 0x00, 0x04, // .8...!.......G..
	0x00, 0x38, 0x00, 0x00, 0x00, 0x22, 0x00, 0x00, 0x00, 0x00, 0x00, 0x00, 0x00, 0x47, 0x00, 0x03, // .8...".......G..
	0x00, 0x83, 0x00, 0x00, 0x00, 0x02, 0x00, 0x00, 0x00, 0x48, 0x00, 0x05, 0x00, 0x83, 0x00, 0x00, // .........H......
	0x00, 0x00, 0x00, 0x00, 0x00, 0x23, 0x00, 0x00, 0x00, 0x00, 0x00, 0x00, 0x00, 0x47, 0x00, 0x04, // .....#.......G..
	0x00, 0x85, 0x00, 0x00, 0x00, 0x21, 0x00, 0x00, 0x00, 0x00, 0x00, 0x00, 0x00, 0x47, 0x00, 0x04, // .....!.......G..
	0x00, 0x85, 0x00, 0x00, 0x00, 0x22, 0x00, 0x00, 0x00, 0x00, 0x00, 0x00, 0x00, 0x47, 0x00, 0x03, // .....".......G..
	0x00, 0xc9, 0x00, 0x00, 0x00, 0x19, 0x00, 0x00, 0x00, 0x47, 0x00, 0x04, 0x00, 0xc9, 0x00, 0x00, // .........G......
	0x00, 0x21, 0x00, 0x00, 0x00, 0x02, 0x00, 0x00, 0x00, 0x47, 0x00, 0x04, 0x00, 0xc9, 0x00, 0x00, // .!.......G......
	0x00, 0x22, 0x00, 0x00, 0x00, 0x00, 0x00, 0x00, 0x00, 0x47, 0x00, 0x03, 0x00, 0x03, 0x01, 0x00, // .".......G......
	0x00, 0x19, 0x00, 0x00, 0x00, 0x47, 0x00, 0x04, 0x00, 0x03, 0x01, 0x00, 0x00, 0x21, 0x00, 0x00, // .....G.......!..
	0x00, 0x03, 0x00, 0x00, 0x00, 0x47, 0x00, 0x04, 0x00, 0x03, 0x01, 0x00, 0x00, 0x22, 0x00, 0x00, // .....G......."..
	0x00, 0x00, 0x00, 0x00, 0x00, 0x47, 0x00, 0x03, 0x00, 0x3d, 0x01, 0x00, 0x00, 0x19, 0x00, 0x00, // .....G...=......
	0x00, 0x47, 0x00, 0x04, 0x00, 0x3d, 0x01, 0x00, 0x00, 0x21, 0x00, 0x00, 0x00, 0x04, 0x00, 0x00, // .G...=...!......
	0x00, 0x47, 0x00, 0x04, 0x00, 0x3d, 0x01, 0x00, 0x00, 0x22, 0x00, 0x00, 0x00, 0x00, 0x00, 0x00, // .G...=..."......
	0x00, 0x47, 0x00, 0x03, 0x00, 0x76, 0x01, 0x00, 0x00, 0x19, 0x00, 0x00, 0x00, 0x47, 0x00, 0x04, // .G...v.......G..
	0x00, 0x76, 0x01, 0x00, 0x00, 0x21, 0x00, 0x00, 0x00, 0x05, 0x00, 0x00, 0x00, 0x47, 0x00, 0x04, // .v...!.......G..
	0x00, 0x76, 0x01, 0x00, 0x00, 0x22, 0x00, 0x00, 0x00, 0x00, 0x00, 0x00, 0x00, 0x47, 0x00, 0x04, // .v...".......G..
	0x00, 0x89, 0x01, 0x00, 0x00, 0x0b, 0x00, 0x00, 0x00, 0x1d, 0x00, 0x00, 0x00, 0x47, 0x00, 0x04, // .............G..
	0x00, 0x8d, 0x01, 0x00, 0x00, 0x0b, 0x00, 0x00, 0x00, 0x1c, 0x00, 0x00, 0x00, 0x13, 0x00, 0x02, // ................
	0x00, 0x02, 0x00, 0x00, 0x00, 0x21, 0x00, 0x03, 0x00, 0x03, 0x00, 0x00, 0x00, 0x02, 0x00, 0x00, // .....!..........
	0x00, 0x1a, 0x00, 0x02, 0x00, 0x06, 0x00, 0x00, 0x00, 0x16, 0x00, 0x03, 0x00, 0x07, 0x00, 0x00, // ................
	0x00, 0x20, 0x00, 0x00, 0x00, 0x19, 0x00, 0x09, 0x00, 0x08, 0x00, 0x00, 0x00, 0x07, 0x00, 0x00, // . ..............
	0x00, 0x01, 0x00, 0x00, 0x00, 0x00, 0x00, 0x00, 0x00, 0x01, 0x00, 0x00, 0x00, 0x00, 0x00, 0x00, // ................
	0x00, 0x01, 0x00, 0x00, 0x00, 0x00, 0x00, 0x00, 0x00, 0x17, 0x00, 0x04, 0x00, 0x0b, 0x00, 0x00, // ................
	0x00, 0x07, 0x00, 0x00, 0x00, 0x03, 0x00, 0x00, 0x00, 0x17, 0x00, 0x04, 0x00, 0x0e, 0x00, 0x00, // ................
	0x00, 0x07, 0x00, 0x00, 0x00, 0x04, 0x00, 0x00, 0x00, 0x15, 0x00, 0x04, 0x00, 0x17, 0x00, 0x00, // ................
	0x00, 0x20, 0x00, 0x00, 0x00, 0x01, 0x00, 0x00, 0x00, 0x17, 0x00, 0x04, 0x00, 0x18, 0x00, 0x00, // . ..............
	0x00, 0x17, 0x00, 0x00, 0x00, 0x03, 0x00, 0x00, 0x00, 0x15, 0x00, 0x04, 0x00, 0x21, 0x00, 0x00, // .............!..
	0x00, 0x20, 0x00, 0x00, 0x00, 0x00, 0x00, 0x00, 0x00, 0x20, 0x00, 0x04, 0x00, 0x34, 0x00, 0x00, // . ....... ...4..
	0x00, 0x00, 0x00, 0x00, 0x00, 0x06, 0x00, 0x00, 0x00, 0x3b, 0x00, 0x04, 0x00, 0x34, 0x00, 0x00, // .........;...4..
	0x00, 0x35, 0x00, 0x00, 0x00, 0x00, 0x00, 0x00, 0x00, 0x20, 0x00, 0x04, 0x00, 0x37, 0x00, 0x00, // .5....... ...7..
	0x00, 0x00, 0x00, 0x00, 0x00, 0x08, 0x00, 0x00, 0x00, 0x3b, 0x00, 0x04, 0x00, 0x37, 0x00, 0x00, // .........;...7..
	0x00, 0x38, 0x00, 0x00, 0x00, 0x00, 0x00, 0x00, 0x00, 0x2b, 0x00, 0x04, 0x00, 0x17, 0x00, 0x00, // .8.......+......
	0x00, 0x3f, 0x00, 0x00, 0x00, 0x00, 0x00, 0x00, 0x00, 0x1b, 0x00, 0x03, 0x00, 0x43, 0x00, 0x00, // .?...........C..
	0x00, 0x08, 0x00, 0x00, 0x00, 0x2b, 0x00, 0x04, 0x00, 0x21, 0x00, 0x00, 0x00, 0x4f, 0x00, 0x00, // .....+...!...O..
	0x00, 0x40, 0x00, 0x00, 0x00, 0x1c, 0x00, 0x04, 0x00, 0x50, 0x00, 0x00, 0x00, 0x07, 0x00, 0x00, // .@.......P......
	0x00, 0x4f, 0x00, 0x00, 0x00, 0x20, 0x00, 0x04, 0x00, 0x51, 0x00, 0x00, 0x00, 0x04, 0x00, 0x00, // .O... ...Q......
	0x00, 0x50, 0x00, 0x00, 0x00, 0x3b, 0x00, 0x04, 0x00, 0x51, 0x00, 0x00, 0x00, 0x52, 0x00, 0x00, // .P...;...Q...R..
	0x00, 0x04, 0x00, 0x00, 0x00, 0x2b, 0x00, 0x04, 0x00, 0x21, 0x00, 0x00, 0x00, 0x54, 0x00, 0x00, // .....+...!...T..
	0x00, 0x00, 0x00, 0x00, 0x00, 0x20, 0x00, 0x04, 0x00, 0x57, 0x00, 0x00, 0x00, 0x04, 0x00, 0x00, // ..... ...W......
	0x00, 0x07, 0x00, 0x00, 0x00, 0x3b, 0x00, 0x04, 0x00, 0x51, 0x00, 0x00, 0x00, 0x59, 0x00, 0x00, // .....;...Q...Y..
	0x00, 0x04, 0x00, 0x00, 0x00, 0x2b, 0x00, 0x04, 0x00, 0x21, 0x00, 0x00, 0x00, 0x5b, 0x00, 0x00, // .....+...!...[..
	0x00, 0x01, 0x00, 0x00, 0x00, 0x3b, 0x00, 0x04, 0x00, 0x51, 0x00, 0x00, 0x00, 0x5f, 0x00, 0x00, // .....;...Q..._..
	0x00, 0x04, 0x00, 0x00, 0x00, 0x2b, 0x00, 0x04, 0x00, 0x21, 0x00, 0x00, 0x00, 0x61, 0x00, 0x00, // .....+...!...a..
	0x00, 0x02, 0x00, 0x00, 0x00, 0x3b, 0x00, 0x04, 0x00, 0x51, 0x00, 0x00, 0x00, 0x65, 0x00, 0x00, // .....;...Q...e..
	0x00, 0x04, 0x00, 0x00, 0x00, 0x2b, 0x00, 0x04, 0x00, 0x21, 0x00, 0x00, 0x00, 0x67, 0x00, 0x00, // .....+...!...g..
	0x00, 0x03, 0x00, 0x00, 0x00, 0x17, 0x00, 0x04, 0x00, 0x7d, 0x00, 0x00, 0x00, 0x21, 0x00, 0x00, // .........}...!..
	0x00, 0x03, 0x00, 0x00, 0x00, 0x1e, 0x00, 0x03, 0x00, 0x83, 0x00, 0x00, 0x00, 0x0e, 0x00, 0x00, // ................
	0x00, 0x20, 0x00, 0x04, 0x00, 0x84, 0x00, 0x00, 0x00, 0x02, 0x00, 0x00, 0x00, 0x83, 0x00, 0x00, // . ..............
	0x00, 0x3b, 0x00, 0x04, 0x00, 0x84, 0x00, 0x00, 0x00, 0x85, 0x00, 0x00, 0x00, 0x02, 0x00, 0x00, // .;..............
	0x00, 0x20, 0x00, 0x04, 0x00, 0x86, 0x00, 0x00, 0x00, 0x02, 0x00, 0x00, 0x00, 0x07, 0x00, 0x00, // . ..............
	0x00, 0x17, 0x00, 0x04, 0x00, 0x8e, 0x00, 0x00, 0x00, 0x07, 0x00, 0x00, 0x00, 0x02, 0x00, 0x00, // ................
	0x00, 0x20, 0x00, 0x04, 0x00, 0x91, 0x00, 0x00, 0x00, 0x02, 0x00, 0x00, 0x00, 0x0e, 0x00, 0x00, // . ..............
	0x00, 0x17, 0x00, 0x04, 0x00, 0x9a, 0x00, 0x00, 0x00, 0x21, 0x00, 0x00, 0x00, 0x02, 0x00, 0x00, // .........!......
	0x00, 0x2b, 0x00, 0x04, 0x00, 0x07, 0x00, 0x00, 0x00, 0x9e, 0x00, 0x00, 0x00, 0x00, 0x00, 0x80, // .+..............
	0x3e, 0x2b, 0x00, 0x04, 0x00, 0x07, 0x00, 0x00, 0x00, 0x9f, 0x00, 0x00, 0x00, 0x00, 0x00, 0x00, // >+..............
	0x3f, 0x2c, 0x00, 0x05, 0x00, 0x8e, 0x00, 0x00, 0x00, 0xa0, 0x00, 0x00, 0x00, 0x9e, 0x00, 0x00, // ?,..............
	0x00, 0x9f, 0x00, 0x00, 0x00, 0x2b, 0x00, 0x04, 0x00, 0x07, 0x00, 0x00, 0x00, 0xa5, 0x00, 0x00, // .....+..........
	0x00, 0x00, 0x00, 0x00, 0x00, 0x2c, 0x00, 0x05, 0x00, 0x8e, 0x00, 0x00, 0x00, 0xa6, 0x00, 0x00, // .....,..........
	0x00, 0x9f, 0x00, 0x00, 0x00, 0xa5, 0x00, 0x00, 0x00, 0x19, 0x00, 0x09, 0x00, 0xc7, 0x00, 0x00, // ................
	0x00, 0x07, 0x00, 0x00, 0x00, 0x01, 0x00, 0x00, 0x00, 0x00, 0x00, 0x00, 0x00, 0x01, 0x00, 0x00, // ................
	0x00, 0x00, 0x00, 0x00, 0x00, 0x02, 0x00, 0x00, 0x00, 0x04, 0x00, 0x00, 0x00, 0x20, 0x00, 0x04, // ............. ..
	0x00, 0xc8, 0x00, 0x00, 0x00, 0x00, 0x00, 0x00, 0x00, 0xc7, 0x00, 0x00, 0x00, 0x3b, 0x00, 0x04, // .............;..
	0x00, 0xc8, 0x00, 0x00, 0x00, 0xc9, 0x00, 0x00, 0x00, 0x00, 0x00, 0x00, 0x00, 0x17, 0x00, 0x04, // ................
	0x00, 0xcc, 0x00, 0x00, 0x00, 0x17, 0x00, 0x00, 0x00, 0x02, 0x00, 0x00, 0x00, 0x14, 0x00, 0x02, // ................
	0x00, 0xda, 0x00, 0x00, 0x00, 0x2b, 0x00, 0x04, 0x00, 0x21, 0x00, 0x00, 0x00, 0xe4, 0x00, 0x00, // .....+...!......
	0x00, 0x08, 0x01, 0x00, 0x00, 0x2b, 0x00, 0x04, 0x00, 0x21, 0x00, 0x00, 0x00, 0xe6, 0x00, 0x00, // .....+...!......
	0x00, 0x09, 0x00, 0x00, 0x00, 0x2b, 0x00, 0x04, 0x00, 0x21, 0x00, 0x00, 0x00, 0xf2, 0x00, 0x00, // .....+...!......
	0x00, 0x08, 0x00, 0x00, 0x00, 0x3b, 0x00, 0x04, 0x00, 0xc8, 0x00, 0x00, 0x00, 0x03, 0x01, 0x00, // .....;..........
	0x00, 0x00, 0x00, 0x00, 0x00, 0x2b, 0x00, 0x04, 0x00, 0x21, 0x00, 0x00, 0x00, 0x1f, 0x01, 0x00, // .....+...!......
	0x00, 0x1b, 0x00, 0x00, 0x00, 0x2b, 0x00, 0x04, 0x00, 0x21, 0x00, 0x00, 0x00, 0x2b, 0x01, 0x00, // .....+...!...+..
	0x00, 0x10, 0x00, 0x00, 0x00, 0x2b, 0x00, 0x04, 0x00, 0x21, 0x00, 0x00, 0x00, 0x31, 0x01, 0x00, // .....+...!...1..
	0x00, 0x12, 0x00, 0x00, 0x00, 0x3b, 0x00, 0x04, 0x00, 0xc8, 0x00, 0x00, 0x00, 0x3d, 0x01, 0x00, // .....;.......=..
	0x00, 0x00, 0x00, 0x00, 0x00, 0x2b, 0x00, 0x04, 0x00, 0x21, 0x00, 0x00, 0x00, 0x40, 0x01, 0x00, // .....+...!...@..
	0x00, 0x04, 0x00, 0x00, 0x00, 0x2b, 0x00, 0x04, 0x00, 0x21, 0x00, 0x00, 0x00, 0x64, 0x01, 0x00, // .....+...!...d..
	0x00, 0x20, 0x00, 0x00, 0x00, 0x2b, 0x00, 0x04, 0x00, 0x21, 0x00, 0x00, 0x00, 0x6a, 0x01, 0x00, // . ...+...!...j..
	0x00, 0x24, 0x00, 0x00, 0x00, 0x3b, 0x00, 0x04, 0x00, 0xc8, 0x00, 0x00, 0x00, 0x76, 0x01, 0x00, // .$...;.......v..
	0x00, 0x00, 0x00, 0x00, 0x00, 0x20, 0x00, 0x04, 0x00, 0x88, 0x01, 0x00, 0x00, 0x01, 0x00, 0x00, // ..... ..........
	0x00, 0x17, 0x00, 0x00, 0x00, 0x3b, 0x00, 0x04, 0x00, 0x88, 0x01, 0x00, 0x00, 0x89, 0x01, 0x00, // .....;..........
	0x00, 0x01, 0x00, 0x00, 0x00, 0x20, 0x00, 0x04, 0x00, 0x8c, 0x01, 0x00, 0x00, 0x01, 0x00, 0x00, // ..... ..........
	0x00, 0x18, 0x00, 0x00, 0x00, 0x3b, 0x00, 0x04, 0x00, 0x8c, 0x01, 0x00, 0x00, 0x8d, 0x01, 0x00, // .....;..........
	0x00, 0x01, 0x00, 0x00, 0x00, 0x2c, 0x00, 0x05, 0x00, 0x9a, 0x00, 0x00, 0x00, 0x96, 0x03, 0x00, // .....,..........
	0x00, 0x61, 0x00, 0x00, 0x00, 0x61, 0x00, 0x00, 0x00, 0x2c, 0x00, 0x05, 0x00, 0x9a, 0x00, 0x00, // .a...a...,......
	0x00, 0x97, 0x03, 0x00, 0x00, 0x40, 0x01, 0x00, 0x00, 0x40, 0x01, 0x00, 0x00, 0x2c, 0x00, 0x05, // .....@...@...,..
	0x00, 0x9a, 0x00, 0x00, 0x00, 0x98, 0x03, 0x00, 0x00, 0xf2, 0x00, 0x00, 0x00, 0xf2, 0x00, 0x00, // ................
	0x00, 0x36, 0x00, 0x05, 0x00, 0x02, 0x00, 0x00, 0x00, 0x04, 0x00, 0x00, 0x00, 0x00, 0x00, 0x00, // .6..............
	0x00, 0x03, 0x00, 0x00, 0x00, 0xf8, 0x00, 0x02, 0x00, 0x05, 0x00, 0x00, 0x00, 0x3d, 0x00, 0x04, // .............=..
	0x00, 0x06, 0x00, 0x00, 0x00, 0x36, 0x00, 0x00, 0x00, 0x35, 0x00, 0x00, 0x00, 0x3d, 0x00, 0x04, // .....6...5...=..
	0x00, 0x08, 0x00, 0x00, 0x00, 0x39, 0x00, 0x00, 0x00, 0x38, 0x00, 0x00, 0x00, 0x3d, 0x00, 0x04, // .....9...8...=..
	0x00, 0x17, 0x00, 0x00, 0x00, 0x8a, 0x01, 0x00, 0x00, 0x89, 0x01, 0x00, 0x00, 0x3d, 0x00, 0x04, // .............=..
	0x00, 0x18, 0x00, 0x00, 0x00, 0x8e, 0x01, 0x00, 0x00, 0x8d, 0x01, 0x00, 0x00, 0xf7, 0x00, 0x03, // ................
	0x00, 0x9a, 0x02, 0x00, 0x00, 0x00, 0x00, 0x00, 0x00, 0xfb, 0x00, 0x03, 0x00, 0x54, 0x00, 0x00, // .............T..
	0x00, 0xe2, 0x01, 0x00, 0x00, 0xf8, 0x00, 0x02, 0x00, 0xe2, 0x01, 0x00, 0x00, 0x7c, 0x00, 0x04, // .............|..
	0x00, 0x21, 0x00, 0x00, 0x00, 0xe4, 0x01, 0x00, 0x00, 0x8a, 0x01, 0x00, 0x00, 0x7c, 0x00, 0x04, // .!...........|..
	0x00, 0x7d, 0x00, 0x00, 0x00, 0xe6, 0x01, 0x00, 0x00, 0x8e, 0x01, 0x00, 0x00, 0x41, 0x00, 0x06, // .}...........A..
	0x00, 0x86, 0x00, 0x00, 0x00, 0xe7, 0x01, 0x00, 0x00, 0x85, 0x00, 0x00, 0x00, 0x3f, 0x00, 0x00, // .............?..
	0x00, 0x54, 0x00, 0x00, 0x00, 0x3d, 0x00, 0x04, 0x00, 0x07, 0x00, 0x00, 0x00, 0xe8, 0x01, 0x00, // .T...=..........
	0x00, 0xe7, 0x01, 0x00, 0x00, 0x6d, 0x00, 0x04, 0x00, 0x21, 0x00, 0x00, 0x00, 0xe9, 0x01, 0x00, // .....m...!......
	0x00, 0xe8, 0x01, 0x00, 0x00, 0x41, 0x00, 0x06, 0x00, 0x86, 0x00, 0x00, 0x00, 0xea, 0x01, 0x00, // .....A..........
	0x00, 0x85, 0x00, 0x00, 0x00, 0x3f, 0x00, 0x00, 0x00, 0x5b, 0x00, 0x00, 0x00, 0x3d, 0x00, 0x04, // .....?...[...=..
	0x00, 0x07, 0x00, 0x00, 0x00, 0xeb, 0x01, 0x00, 0x00, 0xea, 0x01, 0x00, 0x00, 0x6d, 0x00, 0x04, // .............m..
	0x00, 0x21, 0x00, 0x00, 0x00, 0xec, 0x01, 0x00, 0x00, 0xeb, 0x01, 0x00, 0x00, 0x41, 0x00, 0x05, // .!...........A..
	0x00, 0x91, 0x00, 0x00, 0x00, 0xed, 0x01, 0x00, 0x00, 0x85, 0x00, 0x00, 0x00, 0x3f, 0x00, 0x00, // .............?..
	0x00, 0x3d, 0x00, 0x04, 0x00, 0x0e, 0x00, 0x00, 0x00, 0xee, 0x01, 0x00, 0x00, 0xed, 0x01, 0x00, // .=..............
	0x00, 0x4f, 0x00, 0x07, 0x00, 0x8e, 0x00, 0x00, 0x00, 0xef, 0x01, 0x00, 0x00, 0xee, 0x01, 0x00, // .O..............
	0x00, 0xee, 0x01, 0x00, 0x00, 0x02, 0x00, 0x00, 0x00, 0x03, 0x00, 0x00, 0x00, 0x51, 0x00, 0x05, // .............Q..
	0x00, 0x21, 0x00, 0x00, 0x00, 0xf1, 0x01, 0x00, 0x00, 0xe6, 0x01, 0x00, 0x00, 0x02, 0x00, 0x00, // .!..............
	0x00, 0x4f, 0x00, 0x07, 0x00, 0x9a, 0x00, 0x00, 0x00, 0xf4, 0x01, 0x00, 0x00, 0xe6, 0x01, 0x00, // .O..............
	0x00, 0xe6, 0x01, 0x00, 0x00, 0x00, 0x00, 0x00, 0x00, 0x01, 0x00, 0x00, 0x00, 0x70, 0x00, 0x04, // .............p..
	0x00, 0x8e, 0x00, 0x00, 0x00, 0xf5, 0x01, 0x00, 0x00, 0xf4, 0x01, 0x00, 0x00, 0x81, 0x00, 0x05, // ................
	0x00, 0x8e, 0x00, 0x00, 0x00, 0xf6, 0x01, 0x00, 0x00, 0xf5, 0x01, 0x00, 0x00, 0xa0, 0x00, 0x00, // ................
	0x00, 0x85, 0x00, 0x05, 0x00, 0x8e, 0x00, 0x00, 0x00, 0xf7, 0x01, 0x00, 0x00, 0xef, 0x01, 0x00, // ................
	0x00, 0xf6, 0x01, 0x00, 0x00, 0x85, 0x00, 0x05, 0x00, 0x8e, 0x00, 0x00, 0x00, 0xf9, 0x01, 0x00, // ................
	0x00, 0xef, 0x01, 0x00, 0x00, 0xa6, 0x00, 0x00, 0x00, 0x70, 0x00, 0x04, 0x00, 0x07, 0x00, 0x00, // .........p......
	0x00, 0xfc, 0x01, 0x00, 0x00, 0xf1, 0x01, 0x00, 0x00, 0x51, 0x00, 0x05, 0x00, 0x07, 0x00, 0x00, // .........Q......
	0x00, 0xfd, 0x01, 0x00, 0x00, 0xf7, 0x01, 0x00, 0x00, 0x00, 0x00, 0x00, 0x00, 0x51, 0x00, 0x05, // .............Q..
	0x00, 0x07, 0x00, 0x00, 0x00, 0xfe, 0x01, 0x00, 0x00, 0xf7, 0x01, 0x00, 0x00, 0x01, 0x00, 0x00, // ................
	0x00, 0x50, 0x00, 0x06, 0x00, 0x0b, 0x00, 0x00, 0x00, 0xff, 0x01, 0x00, 0x00, 0xfd, 0x01, 0x00, // .P..............
	0x00, 0xfe, 0x01, 0x00, 0x00, 0xfc, 0x01, 0x00, 0x00, 0x70, 0x00, 0x04, 0x00, 0x07, 0x00, 0x00, // .........p......
	0x00, 0x01, 0x02, 0x00, 0x00, 0xe9, 0x01, 0x00, 0x00, 0x56, 0x00, 0x05, 0x00, 0x43, 0x00, 0x00, // .........V...C..
	0x00, 0xa1, 0x02, 0x00, 0x00, 0x39, 0x00, 0x00, 0x00, 0x36, 0x00, 0x00, 0x00, 0x58, 0x00, 0x07, // .....9...6...X..
	0x00, 0x0e, 0x00, 0x00, 0x00, 0xa4, 0x02, 0x00, 0x00, 0xa1, 0x02, 0x00, 0x00, 0xff, 0x01, 0x00, // ................
	0x00, 0x02, 0x00, 0x00, 0x00, 0x01, 0x02, 0x00, 0x00, 0x81, 0x00, 0x05, 0x00, 0x8e, 0x00, 0x00, // ................
	0x00, 0x06, 0x02, 0x00, 0x00, 0xf7, 0x01, 0x00, 0x00, 0xf9, 0x01, 0x00, 0x00, 0x51, 0x00, 0x05, // .............Q..
	0x00, 0x07, 0x00, 0x00, 0x00, 0x09, 0x02, 0x00, 0x00, 0x06, 0x02, 0x00, 0x00, 0x00, 0x00, 0x00, // ................
	0x00, 0x51, 0x00, 0x05, 0x00, 0x07, 0x00, 0x00, 0x00, 0x0a, 0x02, 0x00, 0x00, 0x06, 0x02, 0x00, // .Q..............
	0x00, 0x01, 0x00, 0x00, 0x00, 0x50, 0x00, 0x06, 0x00, 0x0b, 0x00, 0x00, 0x00, 0x0b, 0x02, 0x00, // .....P..........
	0x00, 0x09, 0x02, 0x00, 0x00, 0x0a, 0x02, 0x00, 0x00, 0xfc, 0x01, 0x00, 0x00, 0x56, 0x00, 0x05, // .............V..
	0x00, 0x43, 0x00, 0x00, 0x00, 0xab, 0x02, 0x00, 0x00, 0x39, 0x00, 0x00, 0x00, 0x36, 0x00, 0x00, // .C.......9...6..
	0x00, 0x58, 0x00, 0x07, 0x00, 0x0e, 0x00, 0x00, 0x00, 0xae, 0x02, 0x00, 0x00, 0xab, 0x02, 0x00, // .X..............
	0x00, 0x0b, 0x02, 0x00, 0x00, 0x02, 0x00, 0x00, 0x00, 0x01, 0x02, 0x00, 0x00, 0x81, 0x00, 0x05, // ................
	0x00, 0x0e, 0x00, 0x00, 0x00, 0x10, 0x02, 0x00, 0x00, 0xa4, 0x02, 0x00, 0x00, 0xae, 0x02, 0x00, // ................
	0x00, 0x8e, 0x00, 0x05, 0x00, 0x0e, 0x00, 0x00, 0x00, 0x11, 0x02, 0x00, 0x00, 0x10, 0x02, 0x00, // ................
	0x00, 0x9f, 0x00, 0x00, 0x00, 0x7c, 0x00, 0x04, 0x00, 0xcc, 0x00, 0x00, 0x00, 0x14, 0x02, 0x00, // .....|..........
	0x00, 0xf4, 0x01, 0x00, 0x00, 0x7c, 0x00, 0x04, 0x00, 0x17, 0x00, 0x00, 0x00, 0x16, 0x02, 0x00, // .....|..........
	0x00, 0xf1, 0x01, 0x00, 0x00, 0x51, 0x00, 0x05, 0x00, 0x17, 0x00, 0x00, 0x00, 0x17, 0x02, 0x00, // .....Q..........
	0x00, 0x14, 0x02, 0x00, 0x00, 0x00, 0x00, 0x00, 0x00, 0x51, 0x00, 0x05, 0x00, 0x17, 0x00, 0x00, // .........Q......
	0x00, 0x18, 0x02, 0x00, 0x00, 0x14, 0x02, 0x00, 0x00, 0x01, 0x00, 0x00, 0x00, 0x50, 0x00, 0x06, // .............P..
	0x00, 0x18, 0x00, 0x00, 0x00, 0x19, 0x02, 0x00, 0x00, 0x17, 0x02, 0x00, 0x00, 0x18, 0x02, 0x00, // ................
	0x00, 0x16, 0x02, 0x00, 0x00, 0x3d, 0x00, 0x04, 0x00, 0xc7, 0x00, 0x00, 0x00, 0x1a, 0x02, 0x00, // .....=..........
	0x00, 0xc9, 0x00, 0x00, 0x00, 0x63, 0x00, 0x04, 0x00, 0x1a, 0x02, 0x00, 0x00, 0x19, 0x02, 0x00, // .....c..........
	0x00, 0x11, 0x02, 0x00, 0x00, 0xaa, 0x00, 0x05, 0x00, 0xda, 0x00, 0x00, 0x00, 0x1e, 0x02, 0x00, // ................
	0x00, 0xec, 0x01, 0x00, 0x00, 0x5b, 0x00, 0x00, 0x00, 0xf7, 0x00, 0x03, 0x00, 0x20, 0x02, 0x00, // .....[....... ..
	0x00, 0x00, 0x00, 0x00, 0x00, 0xfa, 0x00, 0x04, 0x00, 0x1e, 0x02, 0x00, 0x00, 0x1f, 0x02, 0x00, // ................
	0x00, 0x20, 0x02, 0x00, 0x00, 0xf8, 0x00, 0x02, 0x00, 0x1f, 0x02, 0x00, 0x00, 0xf9, 0x00, 0x02, // . ..............
	0x00, 0x9a, 0x02, 0x00, 0x00, 0xf8, 0x00, 0x02, 0x00, 0x20, 0x02, 0x00, 0x00, 0x51, 0x00, 0x05, // ......... ...Q..
	0x00, 0x07, 0x00, 0x00, 0x00, 0xb8, 0x02, 0x00, 0x00, 0x11, 0x02, 0x00, 0x00, 0x00, 0x00, 0x00, // ................
	0x00, 0x41, 0x00, 0x05, 0x00, 0x57, 0x00, 0x00, 0x00, 0xb9, 0x02, 0x00, 0x00, 0x52, 0x00, 0x00, // .A...W.......R..
	0x00, 0xe4, 0x01, 0x00, 0x00, 0x3e, 0x00, 0x03, 0x00, 0xb9, 0x02, 0x00, 0x00, 0xb8, 0x02, 0x00, // .....>..........
	0x00, 0x51, 0x00, 0x05, 0x00, 0x07, 0x00, 0x00, 0x00, 0xbc, 0x02, 0x00, 0x00, 0x11, 0x02, 0x00, // .Q..............
	0x00, 0x01, 0x00, 0x00, 0x00, 0x41, 0x00, 0x05, 0x00, 0x57, 0x00, 0x00, 0x00, 0xbd, 0x02, 0x00, // .....A...W......
	0x00, 0x59, 0x00, 0x00, 0x00, 0xe4, 0x01, 0x00, 0x00, 0x3e, 0x00, 0x03, 0x00, 0xbd, 0x02, 0x00, // .Y.......>......
	0x00, 0xbc, 0x02, 0x00, 0x00, 0x51, 0x00, 0x05, 0x00, 0x07, 0x00, 0x00, 0x00, 0xc0, 0x02, 0x00, // .....Q..........
	0x00, 0x11, 0x02, 0x00, 0x00, 0x02, 0x00, 0x00, 0x00, 0x41, 0x00, 0x05, 0x00, 0x57, 0x00, 0x00, // .........A...W..
	0x00, 0xc1, 0x02, 0x00, 0x00, 0x5f, 0x00, 0x00, 0x00, 0xe4, 0x01, 0x00, 0x00, 0x3e, 0x00, 0x03, // ....._.......>..
	0x00, 0xc1, 0x02, 0x00, 0x00, 0xc0, 0x02, 0x00, 0x00, 0x51, 0x00, 0x05, 0x00, 0x07, 0x00, 0x00, // .........Q......
	0x00, 0xc4, 0x02, 0x00, 0x00, 0x11, 0x02, 0x00, 0x00, 0x03, 0x00, 0x00, 0x00, 0x41, 0x00, 0x05, // .............A..
	0x00, 0x57, 0x00, 0x00, 0x00, 0xc5, 0x02, 0x00, 0x00, 0x65, 0x00, 0x00, 0x00, 0xe4, 0x01, 0x00, // .W.......e......
	0x00, 0x3e, 0x00, 0x03, 0x00, 0xc5, 0x02, 0x00, 0x00, 0xc4, 0x02, 0x00, 0x00, 0xe0, 0x00, 0x04, // .>..............
	0x00, 0x61, 0x00, 0x00, 0x00, 0x61, 0x00, 0x00, 0x00, 0xe4, 0x00, 0x00, 0x00, 0xc7, 0x00, 0x05, // .a...a..........
	0x00, 0x21, 0x00, 0x00, 0x00, 0x25, 0x02, 0x00, 0x00, 0xe4, 0x01, 0x00, 0x00, 0xe6, 0x00, 0x00, // .!...%..........
	0x00, 0xaa, 0x00, 0x05, 0x00, 0xda, 0x00, 0x00, 0x00, 0x26, 0x02, 0x00, 0x00, 0x25, 0x02, 0x00, // .........&...%..
	0x00, 0x54, 0x00, 0x00, 0x00, 0xf7, 0x00, 0x03, 0x00, 0x49, 0x02, 0x00, 0x00, 0x00, 0x00, 0x00, // .T.......I......
	0x00, 0xfa, 0x00, 0x04, 0x00, 0x26, 0x02, 0x00, 0x00, 0x27, 0x02, 0x00, 0x00, 0x49, 0x02, 0x00, // .....&...'...I..
	0x00, 0xf8, 0x00, 0x02, 0x00, 0x27, 0x02, 0x00, 0x00, 0x80, 0x00, 0x05, 0x00, 0x21, 0x00, 0x00, // .....'.......!..
	0x00, 0x29, 0x02, 0x00, 0x00, 0xe4, 0x01, 0x00, 0x00, 0x5b, 0x00, 0x00, 0x00, 0x41, 0x00, 0x05, // .).......[...A..
	0x00, 0x57, 0x00, 0x00, 0x00, 0xc9, 0x02, 0x00, 0x00, 0x52, 0x00, 0x00, 0x00, 0x29, 0x02, 0x00, // .W.......R...)..
	0x00, 0x3d, 0x00, 0x04, 0x00, 0x07, 0x00, 0x00, 0x00, 0xca, 0x02, 0x00, 0x00, 0xc9, 0x02, 0x00, // .=..............
	0x00, 0x41, 0x00, 0x05, 0x00, 0x57, 0x00, 0x00, 0x00, 0xcc, 0x02, 0x00, 0x00, 0x59, 0x00, 0x00, // .A...W.......Y..
	0x00, 0x29, 0x02, 0x00, 0x00, 0x3d, 0x00, 0x04, 0x00, 0x07, 0x00, 0x00, 0x00, 0xcd, 0x02, 0x00, // .)...=..........
	0x00, 0xcc, 0x02, 0x00, 0x00, 0x41, 0x00, 0x05, 0x00, 0x57, 0x00, 0x00, 0x00, 0xcf, 0x02, 0x00, // .....A...W......
	0x00, 0x5f, 0x00, 0x00, 0x00, 0x29, 0x02, 0x00, 0x00, 0x3d, 0x00, 0x04, 0x00, 0x07, 0x00, 0x00, // ._...)...=......
	0x00, 0xd0, 0x02, 0x00, 0x00, 0xcf, 0x02, 0x00, 0x00, 0x41, 0x00, 0x05, 0x00, 0x57, 0x00, 0x00, // .........A...W..
	0x00, 0xd2, 0x02, 0x00, 0x00, 0x65, 0x00, 0x00, 0x00, 0x29, 0x02, 0x00, 0x00, 0x3d, 0x00, 0x04, // .....e...)...=..
	0x00, 0x07, 0x00, 0x00, 0x00, 0xd3, 0x02, 0x00, 0x00, 0xd2, 0x02, 0x00, 0x00, 0x50, 0x00, 0x07, // .............P..
	0x00, 0x0e, 0x00, 0x00, 0x00, 0xd4, 0x02, 0x00, 0x00, 0xca, 0x02, 0x00, 0x00, 0xcd, 0x02, 0x00, // ................
	0x00, 0xd0, 0x02, 0x00, 0x00, 0xd3, 0x02, 0x00, 0x00, 0x80, 0x00, 0x05, 0x00, 0x21, 0x00, 0x00, // .............!..
	0x00, 0x2c, 0x02, 0x00, 0x00, 0xe4, 0x01, 0x00, 0x00, 0xf2, 0x00, 0x00, 0x00, 0x41, 0x00, 0x05, // .,...........A..
	0x00, 0x57, 0x00, 0x00, 0x00, 0xd8, 0x02, 0x00, 0x00, 0x52, 0x00, 0x00, 0x00, 0x2c, 0x02, 0x00, // .W.......R...,..
	0x00, 0x3d, 0x00, 0x04, 0x00, 0x07, 0x00, 0x00, 0x00, 0xd9, 0x02, 0x00, 0x00, 0xd8, 0x02, 0x00, // .=..............
	0x00, 0x41, 0x00, 0x05, 0x00, 0x57, 0x00, 0x00, 0x00, 0xdb, 0x02, 0x00, 0x00, 0x59, 0x00, 0x00, // .A...W.......Y..
	0x00, 0x2c, 0x02, 0x00, 0x00, 0x3d, 0x00, 0x04, 0x00, 0x07, 0x00, 0x00, 0x00, 0xdc, 0x02, 0x00, // .,...=..........
	0x00, 0xdb, 0x02, 0x00, 0x00, 0x41, 0x00, 0x05, 0x00, 0x57, 0x00, 0x00, 0x00, 0xde, 0x02, 0x00, // .....A...W......
	0x00, 0x5f, 0x00, 0x00, 0x00, 0x2c, 0x02, 0x00, 0x00, 0x3d, 0x00, 0x04, 0x00, 0x07, 0x00, 0x00, // ._...,...=......
	0x00, 0xdf, 0x02, 0x00, 0x00, 0xde, 0x02, 0x00, 0x00, 0x41, 0x00, 0x05, 0x00, 0x57, 0x00, 0x00, // .........A...W..
	0x00, 0xe1, 0x02, 0x00, 0x00, 0x65, 0x00, 0x00, 0x00, 0x2c, 0x02, 0x00, 0x00, 0x3d, 0x00, 0x04, // .....e...,...=..
	0x00, 0x07, 0x00, 0x00, 0x00, 0xe2, 0x02, 0x00, 0x00, 0xe1, 0x02, 0x00, 0x00, 0x50, 0x00, 0x07, // .............P..
	0x00, 0x0e, 0x00, 0x00, 0x00, 0xe3, 0x02, 0x00, 0x00, 0xd9, 0x02, 0x00, 0x00, 0xdc, 0x02, 0x00, // ................
	0x00, 0xdf, 0x02, 0x00, 0x00, 0xe2, 0x02, 0x00, 0x00, 0x80, 0x00, 0x05, 0x00, 0x21, 0x00, 0x00, // .............!..
	0x00, 0x2f, 0x02, 0x00, 0x00, 0xe4, 0x01, 0x00, 0x00, 0xe6, 0x00, 0x00, 0x00, 0x41, 0x00, 0x05, // ./...........A..
	0x00, 0x57, 0x00, 0x00, 0x00, 0xe7, 0x02, 0x00, 0x00, 0x52, 0x00, 0x00, 0x00, 0x2f, 0x02, 0x00, // .W.......R.../..
	0x00, 0x3d, 0x00, 0x04, 0x00, 0x07, 0x00, 0x00, 0x00, 0xe8, 0x02, 0x00, 0x00, 0xe7, 0x02, 0x00, // .=..............
	0x00, 0x41, 0x00, 0x05, 0x00, 0x57, 0x00, 0x00, 0x00, 0xea, 0x02, 0x00, 0x00, 0x59, 0x00, 0x00, // .A...W.......Y..
	0x00, 0x2f, 0x02, 0x00, 0x00, 0x3d, 0x00, 0x04, 0x00, 0x07, 0x00, 0x00, 0x00, 0xeb, 0x02, 0x00, // ./...=..........
	0x00, 0xea, 0x02, 0x00, 0x00, 0x41, 0x00, 0x05, 0x00, 0x57, 0x00, 0x00, 0x00, 0xed, 0x02, 0x00, // .....A...W......
	0x00, 0x5f, 0x00, 0x00, 0x00, 0x2f, 0x02, 0x00, 0x00, 0x3d, 0x00, 0x04, 0x00, 0x07, 0x00, 0x00, // ._.../...=......
	0x00, 0xee, 0x02, 0x00, 0x00, 0xed, 0x02, 0x00, 0x00, 0x41, 0x00, 0x05, 0x00, 0x57, 0x00, 0x00, // .........A...W..
	0x00, 0xf0, 0x02, 0x00, 0x00, 0x65, 0x00, 0x00, 0x00, 0x2f, 0x02, 0x00, 0x00, 0x3d, 0x00, 0x04, // .....e.../...=..
	0x00, 0x07, 0x00, 0x00, 0x00, 0xf1, 0x02, 0x00, 0x00, 0xf0, 0x02, 0x00, 0x00, 0x50, 0x00, 0x07, // .............P..
	0x00, 0x0e, 0x00, 0x00, 0x00, 0xf2, 0x02, 0x00, 0x00, 0xe8, 0x02, 0x00, 0x00, 0xeb, 0x02, 0x00, // ................
	0x00, 0xee, 0x02, 0x00, 0x00, 0xf1, 0x02, 0x00, 0x00, 0x81, 0x00, 0x05, 0x00, 0x0e, 0x00, 0x00, // ................
	0x00, 0x33, 0x02, 0x00, 0x00, 0x11, 0x02, 0x00, 0x00, 0xd4, 0x02, 0x00, 0x00, 0x81, 0x00, 0x05, // .3..............
	0x00, 0x0e, 0x00, 0x00, 0x00, 0x35, 0x02, 0x00, 0x00, 0x33, 0x02, 0x00, 0x00, 0xe3, 0x02, 0x00, // .....5...3......
	0x00, 0x81, 0x00, 0x05, 0x00, 0x0e, 0x00, 0x00, 0x00, 0x37, 0x02, 0x00, 0x00, 0x35, 0x02, 0x00, // .........7...5..
	0x00, 0xf2, 0x02, 0x00, 0x00, 0x8e, 0x00, 0x05, 0x00, 0x0e, 0x00, 0x00, 0x00, 0x38, 0x02, 0x00, // .............8..
	0x00, 0x37, 0x02, 0x00, 0x00, 0x9e, 0x00, 0x00, 0x00, 0x86, 0x00, 0x05, 0x00, 0x9a, 0x00, 0x00, // .7..............
	0x00, 0x3c, 0x02, 0x00, 0x00, 0xf4, 0x01, 0x00, 0x00, 0x96, 0x03, 0x00, 0x00, 0x7c, 0x00, 0x04, // .<...........|..
	0x00, 0xcc, 0x00, 0x00, 0x00, 0x3d, 0x02, 0x00, 0x00, 0x3c, 0x02, 0x00, 0x00, 0x51, 0x00, 0x05, // .....=...<...Q..
	0x00, 0x17, 0x00, 0x00, 0x00, 0x40, 0x02, 0x00, 0x00, 0x3d, 0x02, 0x00, 0x00, 0x00, 0x00, 0x00, // .....@...=......
	0x00, 0x51, 0x00, 0x05, 0x00, 0x17, 0x00, 0x00, 0x00, 0x41, 0x02, 0x00, 0x00, 0x3d, 0x02, 0x00, // .Q.......A...=..
	0x00, 0x01, 0x00, 0x00, 0x00, 0x50, 0x00, 0x06, 0x00, 0x18, 0x00, 0x00, 0x00, 0x42, 0x02, 0x00, // .....P.......B..
	0x00, 0x40, 0x02, 0x00, 0x00, 0x41, 0x02, 0x00, 0x00, 0x16, 0x02, 0x00, 0x00, 0x3d, 0x00, 0x04, // .@...A.......=..
	0x00, 0xc7, 0x00, 0x00, 0x00, 0x43, 0x02, 0x00, 0x00, 0x03, 0x01, 0x00, 0x00, 0x63, 0x00, 0x04, // .....C.......c..
	0x00, 0x43, 0x02, 0x00, 0x00, 0x42, 0x02, 0x00, 0x00, 0x38, 0x02, 0x00, 0x00, 0x51, 0x00, 0x05, // .C...B...8...Q..
	0x00, 0x07, 0x00, 0x00, 0x00, 0xfc, 0x02, 0x00, 0x00, 0x38, 0x02, 0x00, 0x00, 0x00, 0x00, 0x00, // .........8......
	0x00, 0x3e, 0x00, 0x03, 0x00, 0xb9, 0x02, 0x00, 0x00, 0xfc, 0x02, 0x00, 0x00, 0x51, 0x00, 0x05, // .>...........Q..
	0x00, 0x07, 0x00, 0x00, 0x00, 0x00, 0x03, 0x00, 0x00, 0x38, 0x02, 0x00, 0x00, 0x01, 0x00, 0x00, // .........8......
	0x00, 0x3e, 0x00, 0x03, 0x00, 0xbd, 0x02, 0x00, 0x00, 0x00, 0x03, 0x00, 0x00, 0x51, 0x00, 0x05, // .>...........Q..
	0x00, 0x07, 0x00, 0x00, 0x00, 0x04, 0x03, 0x00, 0x00, 0x38, 0x02, 0x00, 0x00, 0x02, 0x00, 0x00, // .........8......
	0x00, 0x3e, 0x00, 0x03, 0x00, 0xc1, 0x02, 0x00, 0x00, 0x04, 0x03, 0x00, 0x00, 0x51, 0x00, 0x05, // .>...........Q..
	0x00, 0x07, 0x00, 0x00, 0x00, 0x08, 0x03, 0x00, 0x00, 0x38, 0x02, 0x00, 0x00, 0x03, 0x00, 0x00, // .........8......
	0x00, 0x3e, 0x00, 0x03, 0x00, 0xc5, 0x02, 0x00, 0x00, 0x08, 0x03, 0x00, 0x00, 0xf9, 0x00, 0x02, // .>..............
	0x00, 0x49, 0x02, 0x00, 0x00, 0xf8, 0x00, 0x02, 0x00, 0x49, 0x02, 0x00, 0x00, 0xf5, 0x00, 0x07, // .I.......I......
	0x00, 0x0e, 0x00, 0x00, 0x00, 0x99, 0x03, 0x00, 0x00, 0x11, 0x02, 0x00, 0x00, 0x20, 0x02, 0x00, // ............. ..
	0x00, 0x38, 0x02, 0x00, 0x00, 0x27, 0x02, 0x00, 0x00, 0xaa, 0x00, 0x05, 0x00, 0xda, 0x00, 0x00, // .8...'..........
	0x00, 0x4b, 0x02, 0x00, 0x00, 0xec, 0x01, 0x00, 0x00, 0x61, 0x00, 0x00, 0x00, 0xf7, 0x00, 0x03, // .K.......a......
	0x00, 0x4d, 0x02, 0x00, 0x00, 0x00, 0x00, 0x00, 0x00, 0xfa, 0x00, 0x04, 0x00, 0x4b, 0x02, 0x00, // .M...........K..
	0x00, 0x4c, 0x02, 0x00, 0x00, 0x4d, 0x02, 0x00, 0x00, 0xf8, 0x00, 0x02, 0x00, 0x4c, 0x02, 0x00, // .L...M.......L..
	0x00, 0xf9, 0x00, 0x02, 0x00, 0x9a, 0x02, 0x00, 0x00, 0xf8, 0x00, 0x02, 0x00, 0x4d, 0x02, 0x00, // .............M..
	0x00, 0xe0, 0x00, 0x04, 0x00, 0x61, 0x00, 0x00, 0x00, 0x61, 0x00, 0x00, 0x00, 0xe4, 0x00, 0x00, // .....a...a......
	0x00, 0xc7, 0x00, 0x05, 0x00, 0x21, 0x00, 0x00, 0x00, 0x4f, 0x02, 0x00, 0x00, 0xe4, 0x01, 0x00, // .....!...O......
	0x00, 0x1f, 0x01, 0x00, 0x00, 0xaa, 0x00, 0x05, 0x00, 0xda, 0x00, 0x00, 0x00, 0x50, 0x02, 0x00, // .............P..
	0x00, 0x4f, 0x02, 0x00, 0x00, 0x54, 0x00, 0x00, 0x00, 0xf7, 0x00, 0x03, 0x00, 0x73, 0x02, 0x00, // .O...T.......s..
	0x00, 0x00, 0x00, 0x00, 0x00, 0xfa, 0x00, 0x04, 0x00, 0x50, 0x02, 0x00, 0x00, 0x51, 0x02, 0x00, // .........P...Q..
	0x00, 0x73, 0x02, 0x00, 0x00, 0xf8, 0x00, 0x02, 0x00, 0x51, 0x02, 0x00, 0x00, 0x80, 0x00, 0x05, // .s.......Q......
	0x00, 0x21, 0x00, 0x00, 0x00, 0x53, 0x02, 0x00, 0x00, 0xe4, 0x01, 0x00, 0x00, 0x61, 0x00, 0x00, // .!...S.......a..
	0x00, 0x41, 0x00, 0x05, 0x00, 0x57, 0x00, 0x00, 0x00, 0x0d, 0x03, 0x00, 0x00, 0x52, 0x00, 0x00, // .A...W.......R..
	0x00, 0x53, 0x02, 0x00, 0x00, 0x3d, 0x00, 0x04, 0x00, 0x07, 0x00, 0x00, 0x00, 0x0e, 0x03, 0x00, // .S...=..........
	0x00, 0x0d, 0x03, 0x00, 0x00, 0x41, 0x00, 0x05, 0x00, 0x57, 0x00, 0x00, 0x00, 0x10, 0x03, 0x00, // .....A...W......
	0x00, 0x59, 0x00, 0x00, 0x00, 0x53, 0x02, 0x00, 0x00, 0x3d, 0x00, 0x04, 0x00, 0x07, 0x00, 0x00, // .Y...S...=......
	0x00, 0x11, 0x03, 0x00, 0x00, 0x10, 0x03, 0x00, 0x00, 0x41, 0x00, 0x05, 0x00, 0x57, 0x00, 0x00, // .........A...W..
	0x00, 0x13, 0x03, 0x00, 0x00, 0x5f, 0x00, 0x00, 0x00, 0x53, 0x02, 0x00, 0x00, 0x3d, 0x00, 0x04, // ....._...S...=..
	0x00, 0x07, 0x00, 0x00, 0x00, 0x14, 0x03, 0x00, 0x00, 0x13, 0x03, 0x00, 0x00, 0x41, 0x00, 0x05, // .............A..
	0x00, 0x57, 0x00, 0x00, 0x00, 0x16, 0x03, 0x00, 0x00, 0x65, 0x00, 0x00, 0x00, 0x53, 0x02, 0x00, // .W.......e...S..
	0x00, 0x3d, 0x00, 0x04, 0x00, 0x07, 0x00, 0x00, 0x00, 0x17, 0x03, 0x00, 0x00, 0x16, 0x03, 0x00, // .=..............
	0x00, 0x50, 0x00, 0x07, 0x00, 0x0e, 0x00, 0x00, 0x00, 0x18, 0x03, 0x00, 0x00, 0x0e, 0x03, 0x00, // .P..............
	0x00, 0x11, 0x03, 0x00, 0x00, 0x14, 0x03, 0x00, 0x00, 0x17, 0x03, 0x00, 0x00, 0x80, 0x00, 0x05, // ................
	0x00, 0x21, 0x00, 0x00, 0x00, 0x56, 0x02, 0x00, 0x00, 0xe4, 0x01, 0x00, 0x00, 0x2b, 0x01, 0x00, // .!...V.......+..
	0x00, 0x41, 0x00, 0x05, 0x00, 0x57, 0x00, 0x00, 0x00, 0x1c, 0x03, 0x00, 0x00, 0x52, 0x00, 0x00, // .A...W.......R..
	0x00, 0x56, 0x02, 0x00, 0x00, 0x3d, 0x00, 0x04, 0x00, 0x07, 0x00, 0x00, 0x00, 0x1d, 0x03, 0x00, // .V...=..........
	0x00, 0x1c, 0x03, 0x00, 0x00, 0x41, 0x00, 0x05, 0x00, 0x57, 0x00, 0x00, 0x00, 0x1f, 0x03, 0x00, // .....A...W......
	0x00, 0x59, 0x00, 0x00, 0x00, 0x56, 0x02, 0x00, 0x00, 0x3d, 0x00, 0x04, 0x00, 0x07, 0x00, 0x00, // .Y...V...=......
	0x00, 0x20, 0x03, 0x00, 0x00, 0x1f, 0x03, 0x00, 0x00, 0x41, 0x00, 0x05, 0x00, 0x57, 0x00, 0x00, // . .......A...W..
	0x00, 0x22, 0x03, 0x00, 0x00, 0x5f, 0x00, 0x00, 0x00, 0x56, 0x02, 0x00, 0x00, 0x3d, 0x00, 0x04, // ."..._...V...=..
	0x00, 0x07, 0x00, 0x00, 0x00, 0x23, 0x03, 0x00, 0x00, 0x22, 0x03, 0x00, 0x00, 0x41, 0x00, 0x05, // .....#..."...A..
	0x00, 0x57, 0x00, 0x00, 0x00, 0x25, 0x03, 0x00, 0x00, 0x65, 0x00, 0x00, 0x00, 0x56, 0x02, 0x00, // .W...%...e...V..
	0x00, 0x3d, 0x00, 0x04, 0x00, 0x07, 0x00, 0x00, 0x00, 0x26, 0x03, 0x00, 0x00, 0x25, 0x03, 0x00, // .=.......&...%..
	0x00, 0x50, 0x00, 0x07, 0x00, 0x0e, 0x00, 0x00, 0x00, 0x27, 0x03, 0x00, 0x00, 0x1d, 0x03, 0x00, // .P.......'......
	0x00, 0x20, 0x03, 0x00, 0x00, 0x23, 0x03, 0x00, 0x00, 0x26, 0x03, 0x00, 0x00, 0x80, 0x00, 0x05, // . ...#...&......
	0x00, 0x21, 0x00, 0x00, 0x00, 0x59, 0x02, 0x00, 0x00, 0xe4, 0x01, 0x00, 0x00, 0x31, 0x01, 0x00, // .!...Y.......1..
	0x00, 0x41, 0x00, 0x05, 0x00, 0x57, 0x00, 0x00, 0x00, 0x2b, 0x03, 0x00, 0x00, 0x52, 0x00, 0x00, // .A...W...+...R..
	0x00, 0x59, 0x02, 0x00, 0x00, 0x3d, 0x00, 0x04, 0x00, 0x07, 0x00, 0x00, 0x00, 0x2c, 0x03, 0x00, // .Y...=.......,..
	0x00, 0x2b, 0x03, 0x00, 0x00, 0x41, 0x00, 0x05, 0x00, 0x57, 0x00, 0x00, 0x00, 0x2e, 0x03, 0x00, // .+...A...W......
	0x00, 0x59, 0x00, 0x00, 0x00, 0x59, 0x02, 0x00, 0x00, 0x3d, 0x00, 0x04, 0x00, 0x07, 0x00, 0x00, // .Y...Y...=......
	0x00, 0x2f, 0x03, 0x00, 0x00, 0x2e, 0x03, 0x00, 0x00, 0x41, 0x00, 0x05, 0x00, 0x57, 0x00, 0x00, // ./.......A...W..
	0x00, 0x31, 0x03, 0x00, 0x00, 0x5f, 0x00, 0x00, 0x00, 0x59, 0x02, 0x00, 0x00, 0x3d, 0x00, 0x04, // .1..._...Y...=..
	0x00, 0x07, 0x00, 0x00, 0x00, 0x32, 0x03, 0x00, 0x00, 0x31, 0x03, 0x00, 0x00, 0x41, 0x00, 0x05, // .....2...1...A..
	0x00, 0x57, 0x00, 0x00, 0x00, 0x34, 0x03, 0x00, 0x00, 0x65, 0x00, 0x00, 0x00, 0x59, 0x02, 0x00, // .W...4...e...Y..
	0x00, 0x3d, 0x00, 0x04, 0x00, 0x07, 0x00, 0x00, 0x00, 0x35, 0x03, 0x00, 0x00, 0x34, 0x03, 0x00, // .=.......5...4..
	0x00, 0x50, 0x00, 0x07, 0x00, 0x0e, 0x00, 0x00, 0x00, 0x36, 0x03, 0x00, 0x00, 0x2c, 0x03, 0x00, // .P.......6...,..
	0x00, 0x2f, 0x03, 0x00, 0x00, 0x32, 0x03, 0x00, 0x00, 0x35, 0x03, 0x00, 0x00, 0x81, 0x00, 0x05, // ./...2...5......
	0x00, 0x0e, 0x00, 0x00, 0x00, 0x5d, 0x02, 0x00, 0x00, 0x99, 0x03, 0x00, 0x00, 0x18, 0x03, 0x00, // .....]..........
	0x00, 0x81, 0x00, 0x05, 0x00, 0x0e, 0x00, 0x00, 0x00, 0x5f, 0x02, 0x00, 0x00, 0x5d, 0x02, 0x00, // ........._...]..
	0x00, 0x27, 0x03, 0x00, 0x00, 0x81, 0x00, 0x05, 0x00, 0x0e, 0x00, 0x00, 0x00, 0x61, 0x02, 0x00, // .'...........a..
	0x00, 0x5f, 0x02, 0x00, 0x00, 0x36, 0x03, 0x00, 0x00, 0x8e, 0x00, 0x05, 0x00, 0x0e, 0x00, 0x00, // ._...6..........
	0x00, 0x62, 0x02, 0x00, 0x00, 0x61, 0x02, 0x00, 0x00, 0x9e, 0x00, 0x00, 0x00, 0x86, 0x00, 0x05, // .b...a..........
	0x00, 0x9a, 0x00, 0x00, 0x00, 0x66, 0x02, 0x00, 0x00, 0xf4, 0x01, 0x00, 0x00, 0x97, 0x03, 0x00, // .....f..........
	0x00, 0x7c, 0x00, 0x04, 0x00, 0xcc, 0x00, 0x00, 0x00, 0x67, 0x02, 0x00, 0x00, 0x66, 0x02, 0x00, // .|.......g...f..
	0x00, 0x51, 0x00, 0x05, 0x00, 0x17, 0x00, 0x00, 0x00, 0x6a, 0x02, 0x00, 0x00, 0x67, 0x02, 0x00, // .Q.......j...g..
	0x00, 0x00, 0x00, 0x00, 0x00, 0x51, 0x00, 0x05, 0x00, 0x17, 0x00, 0x00, 0x00, 0x6b, 0x02, 0x00, // .....Q.......k..
	0x00, 0x67, 0x02, 0x00, 0x00, 0x01, 0x00, 0x00, 0x00, 0x50, 0x00, 0x06, 0x00, 0x18, 0x00, 0x00, // .g.......P......
	0x00, 0x6c, 0x02, 0x00, 0x00, 0x6a, 0x02, 0x00, 0x00, 0x6b, 0x02, 0x00, 0x00, 0x16, 0x02, 0x00, // .l...j...k......
	0x00, 0x3d, 0x00, 0x04, 0x00, 0xc7, 0x00, 0x00, 0x00, 0x6d, 0x02, 0x00, 0x00, 0x3d, 0x01, 0x00, // .=.......m...=..
	0x00, 0x63, 0x00, 0x04, 0x00, 0x6d, 0x02, 0x00, 0x00, 0x6c, 0x02, 0x00, 0x00, 0x62, 0x02, 0x00, // .c...m...l...b..
	0x00, 0x51, 0x00, 0x05, 0x00, 0x07, 0x00, 0x00, 0x00, 0x40, 0x03, 0x00, 0x00, 0x62, 0x02, 0x00, // .Q.......@...b..
	0x00, 0x00, 0x00, 0x00, 0x00, 0x3e, 0x00, 0x03, 0x00, 0xb9, 0x02, 0x00, 0x00, 0x40, 0x03, 0x00, // .....>.......@..
	0x00, 0x51, 0x00, 0x05, 0x00, 0x07, 0x00, 0x00, 0x00, 0x44, 0x03, 0x00, 0x00, 0x62, 0x02, 0x00, // .Q.......D...b..
	0x00, 0x01, 0x00, 0x00, 0x00, 0x3e, 0x00, 0x03, 0x00, 0xbd, 0x02, 0x00, 0x00, 0x44, 0x03, 0x00, // .....>.......D..
	0x00, 0x51, 0x00, 0x05, 0x00, 0x07, 0x00, 0x00, 0x00, 0x48, 0x03, 0x00, 0x00, 0x62, 0x02, 0x00, // .Q.......H...b..
	0x00, 0x02, 0x00, 0x00, 0x00, 0x3e, 0x00, 0x03, 0x00, 0xc1, 0x02, 0x00, 0x00, 0x48, 0x03, 0x00, // .....>.......H..
	0x00, 0x51, 0x00, 0x05, 0x00, 0x07, 0x00, 0x00, 0x00, 0x4c, 0x03, 0x00, 0x00, 0x62, 0x02, 0x00, // .Q.......L...b..
	0x00, 0x03, 0x00, 0x00, 0x00, 0x3e, 0x00, 0x03, 0x00, 0xc5, 0x02, 0x00, 0x00, 0x4c, 0x03, 0x00, // .....>.......L..
	0x00, 0xf9, 0x00, 0x02, 0x00, 0x73, 0x02, 0x00, 0x00, 0xf8, 0x00, 0x02, 0x00, 0x73, 0x02, 0x00, // .....s.......s..
	0x00, 0xf5, 0x00, 0x07, 0x00, 0x0e, 0x00, 0x00, 0x00, 0x9a, 0x03, 0x00, 0x00, 0x99, 0x03, 0x00, // ................
	0x00, 0x4d, 0x02, 0x00, 0x00, 0x62, 0x02, 0x00, 0x00, 0x51, 0x02, 0x00, 0x00, 0xaa, 0x00, 0x05, // .M...b...Q......
	0x00, 0xda, 0x00, 0x00, 0x00, 0x75, 0x02, 0x00, 0x00, 0xec, 0x01, 0x00, 0x00, 0x67, 0x00, 0x00, // .....u.......g..
	0x00, 0xf7, 0x00, 0x03, 0x00, 0x77, 0x02, 0x00, 0x00, 0x00, 0x00, 0x00, 0x00, 0xfa, 0x00, 0x04, // .....w..........
	0x00, 0x75, 0x02, 0x00, 0x00, 0x76, 0x02, 0x00, 0x00, 0x77, 0x02, 0x00, 0x00, 0xf8, 0x00, 0x02, // .u...v...w......
	0x00, 0x76, 0x02, 0x00, 0x00, 0xf9, 0x00, 0x02, 0x00, 0x9a, 0x02, 0x00, 0x00, 0xf8, 0x00, 0x02, // .v..............
	0x00, 0x77, 0x02, 0x00, 0x00, 0xe0, 0x00, 0x04, 0x00, 0x61, 0x00, 0x00, 0x00, 0x61, 0x00, 0x00, // .w.......a...a..
	0x00, 0xe4, 0x00, 0x00, 0x00, 0xaa, 0x00, 0x05, 0x00, 0xda, 0x00, 0x00, 0x00, 0x79, 0x02, 0x00, // .............y..
	0x00, 0xe4, 0x01, 0x00, 0x00, 0x54, 0x00, 0x00, 0x00, 0xf7, 0x00, 0x03, 0x00, 0x99, 0x02, 0x00, // .....T..........
	0x00, 0x00, 0x00, 0x00, 0x00, 0xfa, 0x00, 0x04, 0x00, 0x79, 0x02, 0x00, 0x00, 0x7a, 0x02, 0x00, // .........y...z..
	0x00, 0x99, 0x02, 0x00, 0x00, 0xf8, 0x00, 0x02, 0x00, 0x7a, 0x02, 0x00, 0x00, 0x80, 0x00, 0x05, // .........z......
	0x00, 0x21, 0x00, 0x00, 0x00, 0x7c, 0x02, 0x00, 0x00, 0xe4, 0x01, 0x00, 0x00, 0x40, 0x01, 0x00, // .!...|.......@..
	0x00, 0x41, 0x00, 0x05, 0x00, 0x57, 0x00, 0x00, 0x00, 0x51, 0x03, 0x00, 0x00, 0x52, 0x00, 0x00, // .A...W...Q...R..
	0x00, 0x7c, 0x02, 0x00, 0x00, 0x3d, 0x00, 0x04, 0x00, 0x07, 0x00, 0x00, 0x00, 0x52, 0x03, 0x00, // .|...=.......R..
	0x00, 0x51, 0x03, 0x00, 0x00, 0x41, 0x00, 0x05, 0x00, 0x57, 0x00, 0x00, 0x00, 0x54, 0x03, 0x00, // .Q...A...W...T..
	0x00, 0x59, 0x00, 0x00, 0x00, 0x7c, 0x02, 0x00, 0x00, 0x3d, 0x00, 0x04, 0x00, 0x07, 0x00, 0x00, // .Y...|...=......
	0x00, 0x55, 0x03, 0x00, 0x00, 0x54, 0x03, 0x00, 0x00, 0x41, 0x00, 0x05, 0x00, 0x57, 0x00, 0x00, // .U...T...A...W..
	0x00, 0x57, 0x03, 0x00, 0x00, 0x5f, 0x00, 0x00, 0x00, 0x7c, 0x02, 0x00, 0x00, 0x3d, 0x00, 0x04, // .W..._...|...=..
	0x00, 0x07, 0x00, 0x00, 0x00, 0x58, 0x03, 0x00, 0x00, 0x57, 0x03, 0x00, 0x00, 0x41, 0x00, 0x05, // .....X...W...A..
	0x00, 0x57, 0x00, 0x00, 0x00, 0x5a, 0x03, 0x00, 0x00, 0x65, 0x00, 0x00, 0x00, 0x7c, 0x02, 0x00, // .W...Z...e...|..
	0x00, 0x3d, 0x00, 0x04, 0x00, 0x07, 0x00, 0x00, 0x00, 0x5b, 0x03, 0x00, 0x00, 0x5a, 0x03, 0x00, // .=.......[...Z..
	0x00, 0x50, 0x00, 0x07, 0x00, 0x0e, 0x00, 0x00, 0x00, 0x5c, 0x03, 0x00, 0x00, 0x52, 0x03, 0x00, // .P...........R..
	0x00, 0x55, 0x03, 0x00, 0x00, 0x58, 0x03, 0x00, 0x00, 0x5b, 0x03, 0x00, 0x00, 0x80, 0x00, 0x05, // .U...X...[......
	0x00, 0x21, 0x00, 0x00, 0x00, 0x7f, 0x02, 0x00, 0x00, 0xe4, 0x01, 0x00, 0x00, 0x64, 0x01, 0x00, // .!...........d..
	0x00, 0x41, 0x00, 0x05, 0x00, 0x57, 0x00, 0x00, 0x00, 0x60, 0x03, 0x00, 0x00, 0x52, 0x00, 0x00, // .A...W...`...R..
	0x00, 0x7f, 0x02, 0x00, 0x00, 0x3d, 0x00, 0x04, 0x00, 0x07, 0x00, 0x00, 0x00, 0x61, 0x03, 0x00, // .....=.......a..
	0x00, 0x60, 0x03, 0x00, 0x00, 0x41, 0x00, 0x05, 0x00, 0x57, 0x00, 0x00, 0x00, 0x63, 0x03, 0x00, // .`...A...W...c..
	0x00, 0x59, 0x00, 0x00, 0x00, 0x7f, 0x02, 0x00, 0x00, 0x3d, 0x00, 0x04, 0x00, 0x07, 0x00, 0x00, // .Y.......=......
	0x00, 0x64, 0x03, 0x00, 0x00, 0x63, 0x03, 0x00, 0x00, 0x41, 0x00, 0x05, 0x00, 0x57, 0x00, 0x00, // .d...c...A...W..
	0x00, 0x66, 0x03, 0x00, 0x00, 0x5f, 0x00, 0x00, 0x00, 0x7f, 0x02, 0x00, 0x00, 0x3d, 0x00, 0x04, // .f..._.......=..
	0x00, 0x07, 0x00, 0x00, 0x00, 0x67, 0x03, 0x00, 0x00, 0x66, 0x03, 0x00, 0x00, 0x41, 0x00, 0x05, // .....g...f...A..
	0x00, 0x57, 0x00, 0x00, 0x00, 0x69, 0x03, 0x00, 0x00, 0x65, 0x00, 0x00, 0x00, 0x7f, 0x02, 0x00, // .W...i...e......
	0x00, 0x3d, 0x00, 0x04, 0x00, 0x07, 0x00, 0x00, 0x00, 0x6a, 0x03, 0x00, 0x00, 0x69, 0x03, 0x00, // .=.......j...i..
	0x00, 0x50, 0x00, 0x07, 0x00, 0x0e, 0x00, 0x00, 0x00, 0x6b, 0x03, 0x00, 0x00, 0x61, 0x03, 0x00, // .P.......k...a..
	0x00, 0x64, 0x03, 0x00, 0x00, 0x67, 0x03, 0x00, 0x00, 0x6a, 0x03, 0x00, 0x00, 0x80, 0x00, 0x05, // .d...g...j......
	0x00, 0x21, 0x00, 0x00, 0x00, 0x82, 0x02, 0x00, 0x00, 0xe4, 0x01, 0x00, 0x00, 0x6a, 0x01, 0x00, // .!...........j..
	0x00, 0x41, 0x00, 0x05, 0x00, 0x57, 0x00, 0x00, 0x00, 0x6f, 0x03, 0x00, 0x00, 0x52, 0x00, 0x00, // .A...W...o...R..
	0x00, 0x82, 0x02, 0x00, 0x00, 0x3d, 0x00, 0x04, 0x00, 0x07, 0x00, 0x00, 0x00, 0x70, 0x03, 0x00, // .....=.......p..
	0x00, 0x6f, 0x03, 0x00, 0x00, 0x41, 0x00, 0x05, 0x00, 0x57, 0x00, 0x00, 0x00, 0x72, 0x03, 0x00, // .o...A...W...r..
	0x00, 0x59, 0x00, 0x00, 0x00, 0x82, 0x02, 0x00, 0x00, 0x3d, 0x00, 0x04, 0x00, 0x07, 0x00, 0x00, // .Y.......=......
	0x00, 0x73, 0x03, 0x00, 0x00, 0x72, 0x03, 0x00, 0x00, 0x41, 0x00, 0x05, 0x00, 0x57, 0x00, 0x00, // .s...r...A...W..
	0x00, 0x75, 0x03, 0x00, 0x00, 0x5f, 0x00, 0x00, 0x00, 0x82, 0x02, 0x00, 0x00, 0x3d, 0x00, 0x04, // .u..._.......=..
	0x00, 0x07, 0x00, 0x00, 0x00, 0x76, 0x03, 0x00, 0x00, 0x75, 0x03, 0x00, 0x00, 0x41, 0x00, 0x05, // .....v...u...A..
	0x00, 0x57, 0x00, 0x00, 0x00, 0x78, 0x03, 0x00, 0x00, 0x65, 0x00, 0x00, 0x00, 0x82, 0x02, 0x00, // .W...x...e......
	0x00, 0x3d, 0x00, 0x04, 0x00, 0x07, 0x00, 0x00, 0x00, 0x79, 0x03, 0x00, 0x00, 0x78, 0x03, 0x00, // .=.......y...x..
	0x00, 0x50, 0x00, 0x07, 0x00, 0x0e, 0x00, 0x00, 0x00, 0x7a, 0x03, 0x00, 0x00, 0x70, 0x03, 0x00, // .P.......z...p..
	0x00, 0x73, 0x03, 0x00, 0x00, 0x76, 0x03, 0x00, 0x00, 0x79, 0x03, 0x00, 0x00, 0x81, 0x00, 0x05, // .s...v...y......
	0x00, 0x0e, 0x00, 0x00, 0x00, 0x86, 0x02, 0x00, 0x00, 0x9a, 0x03, 0x00, 0x00, 0x5c, 0x03, 0x00, // ................
	0x00, 0x81, 0x00, 0x05, 0x00, 0x0e, 0x00, 0x00, 0x00, 0x88, 0x02, 0x00, 0x00, 0x86, 0x02, 0x00, // ................
	0x00, 0x6b, 0x03, 0x00, 0x00, 0x81, 0x00, 0x05, 0x00, 0x0e, 0x00, 0x00, 0x00, 0x8a, 0x02, 0x00, // .k..............
	0x00, 0x88, 0x02, 0x00, 0x00, 0x7a, 0x03, 0x00, 0x00, 0x8e, 0x00, 0x05, 0x00, 0x0e, 0x00, 0x00, // .....z..........
	0x00, 0x8b, 0x02, 0x00, 0x00, 0x8a, 0x02, 0x00, 0x00, 0x9e, 0x00, 0x00, 0x00, 0x86, 0x00, 0x05, // ................
	0x00, 0x9a, 0x00, 0x00, 0x00, 0x8f, 0x02, 0x00, 0x00, 0xf4, 0x01, 0x00, 0x00, 0x98, 0x03, 0x00, // ................
	0x00, 0x7c, 0x00, 0x04, 0x00, 0xcc, 0x00, 0x00, 0x00, 0x90, 0x02, 0x00, 0x00, 0x8f, 0x02, 0x00, // .|..............
	0x00, 0x51, 0x00, 0x05, 0x00, 0x17, 0x00, 0x00, 0x00, 0x93, 0x02, 0x00, 0x00, 0x90, 0x02, 0x00, // .Q..............
	0x00, 0x00, 0x00, 0x00, 0x00, 0x51, 0x00, 0x05, 0x00, 0x17, 0x00, 0x00, 0x00, 0x94, 0x02, 0x00, // .....Q..........
	0x00, 0x90, 0x02, 0x00, 0x00, 0x01, 0x00, 0x00, 0x00, 0x50, 0x00, 0x06, 0x00, 0x18, 0x00, 0x00, // .........P......
	0x00, 0x95, 0x02, 0x00, 0x00, 0x93, 0x02, 0x00, 0x00, 0x94, 0x02, 0x00, 0x00, 0x16, 0x02, 0x00, // ................
	0x00, 0x3d, 0x00, 0x04, 0x00, 0xc7, 0x00, 0x00, 0x00, 0x96, 0x02, 0x00, 0x00, 0x76, 0x01, 0x00, // .=...........v..
	0x00, 0x63, 0x00, 0x04, 0x00, 0x96, 0x02, 0x00, 0x00, 0x95, 0x02, 0x00, 0x00, 0x8b, 0x02, 0x00, // .c..............
	0x00, 0xf9, 0x00, 0x02, 0x00, 0x99, 0x02, 0x00, 0x00, 0xf8, 0x00, 0x02, 0x00, 0x99, 0x02, 0x00, // ................
	0x00, 0xf9, 0x00, 0x02, 0x00, 0x9a, 0x02, 0x00, 0x00, 0xf8, 0x00, 0x02, 0x00, 0x9a, 0x02, 0x00, // ................
	0x00, 0xfd, 0x00, 0x01, 0x00, 0x38, 0x00, 0x01, 0x00, 0x00, 0x00, 0x10, 0x00,                   // .....8.......
};
static const uint8_t cs_mipgen_oddx_wgsl[4744] =
{
	0x43, 0x53, 0x48, 0x0b, 0x00, 0x00, 0x00, 0x00, 0x00, 0x00, 0x00, 0x00, 0x06, 0x00, 0x0b, 0x62, // CSH............b
	0x67, 0x66, 0x78, 0x5f, 0x6d, 0x69, 0x70, 0x47, 0x65, 0x6e, 0x02, 0x01, 0x00, 0x00, 0x01, 0x00, // gfx_mipGen......
	0x00, 0x00, 0x00, 0x00, 0x0e, 0x62, 0x67, 0x66, 0x78, 0x5f, 0x74, 0x65, 0x78, 0x4d, 0x69, 0x70, // .....bgfx_texMip
	0x53, 0x72, 0x63, 0x20, 0x00, 0x06, 0x00, 0x00, 0x00, 0x00, 0x03, 0x29, 0x00, 0x09, 0x73, 0x5f, // Src .......)..s_
	0x69, 0x6d, 0x67, 0x4d, 0x69, 0x70, 0x31, 0x01, 0x00, 0x02, 0x00, 0x03, 0x00, 0x00, 0x03, 0x4a, // imgMip1........J
	0x00, 0x09, 0x73, 0x5f, 0x69, 0x6d, 0x67, 0x4d, 0x69, 0x70, 0x32, 0x01, 0x00, 0x03, 0x00, 0x03, // ..s_imgMip2.....
	0x00, 0x00, 0x03, 0x4a, 0x00, 0x09, 0x73, 0x5f, 0x69, 0x6d, 0x67, 0x4d, 0x69, 0x70, 0x33, 0x01, // ...J..s_imgMip3.
	0x00, 0x04, 0x00, 0x03, 0x00, 0x00, 0x03, 0x4a, 0x00, 0x09, 0x73, 0x5f, 0x69, 0x6d, 0x67, 0x4d, // .......J..s_imgM
	0x69, 0x70, 0x34, 0x01, 0x00, 0x05, 0x00, 0x03, 0x00, 0x00, 0x03, 0x4a, 0x00, 0xf1, 0x11, 0x00, // ip4........J....
	0x00, 0x64, 0x69, 0x61, 0x67, 0x6e, 0x6f, 0x73, 0x74, 0x69, 0x63, 0x28, 0x6f, 0x66, 0x66, 0x2c, // .diagnostic(off,
	0x20, 0x64, 0x65, 0x72, 0x69, 0x76, 0x61, 0x74, 0x69, 0x76, 0x65, 0x5f, 0x75, 0x6e, 0x69, 0x66, //  derivative_unif
	0x6f, 0x72, 0x6d, 0x69, 0x74, 0x79, 0x29, 0x3b, 0x0a, 0x64, 0x69, 0x61, 0x67, 0x6e, 0x6f, 0x73, // ormity);.diagnos
	0x74, 0x69, 0x63, 0x28, 0x6f, 0x66, 0x66, 0x2c, 0x20, 0x73, 0x75, 0x62, 0x67, 0x72, 0x6f, 0x75, // tic(off, subgrou
	0x70, 0x5f, 0x75, 0x6e, 0x69, 0x66, 0x6f, 0x72, 0x6d, 0x69, 0x74, 0x79, 0x29, 0x3b, 0x0a, 0x0a, // p_uniformity);..
	0x40, 0x67, 0x72, 0x6f, 0x75, 0x70, 0x28, 0x30, 0x75, 0x29, 0x20, 0x40, 0x62, 0x69, 0x6e, 0x64, // @group(0u) @bind
	0x69, 0x6e, 0x67, 0x28, 0x32, 0x32, 0x75, 0x29, 0x20, 0x76, 0x61, 0x72, 0x20, 0x62, 0x67, 0x66, // ing(22u) var bgf
	0x78, 0x5f, 0x74, 0x65, 0x78, 0x4d, 0x69, 0x70, 0x53, 0x72, 0x63, 0x53, 0x61, 0x6d, 0x70, 0x6c, // x_texMipSrcSampl
	0x65, 0x72, 0x20, 0x3a, 0x20, 0x73, 0x61, 0x6d, 0x70, 0x6c, 0x65, 0x72, 0x3b, 0x0a, 0x0a, 0x40, // er : sampler;..@
	0x67, 0x72, 0x6f, 0x75, 0x70, 0x28, 0x30, 0x75, 0x29, 0x20, 0x40, 0x62, 0x69, 0x6e, 0x64, 0x69, // group(0u) @bindi
	0x6e, 0x67, 0x28, 0x36, 0x75, 0x29, 0x20, 0x76, 0x61, 0x72, 0x20, 0x62, 0x67, 0x66, 0x78, 0x5f, // ng(6u) var bgfx_
	0x74, 0x65, 0x78, 0x4d, 0x69, 0x70, 0x53, 0x72, 0x63, 0x54, 0x65, 0x78, 0x74, 0x75, 0x72, 0x65, // texMipSrcTexture
	0x20, 0x3a, 0x20, 0x74, 0x65, 0x78, 0x74, 0x75, 0x72, 0x65, 0x5f, 0x32, 0x64, 0x5f, 0x61, 0x72, //  : texture_2d_ar
	0x72, 0x61, 0x79, 0x3c, 0x66, 0x33, 0x32, 0x3e, 0x3b, 0x0a, 0x0a, 0x76, 0x61, 0x72, 0x3c, 0x77, // ray<f32>;..var<w
	0x6f, 0x72, 0x6b, 0x67, 0x72, 0x6f, 0x75, 0x70, 0x3e, 0x20, 0x67, 0x73, 0x5f, 0x52, 0x20, 0x3a, // orkgroup> gs_R :
	0x20, 0x61, 0x72, 0x72, 0x61, 0x79, 0x3c, 0x66, 0x33, 0x32, 0x2c, 0x20, 0x36, 0x34, 0x75, 0x3e, //  array<f32, 64u>
	0x3b, 0x0a, 0x0a, 0x76, 0x61, 0x72, 0x3c, 0x77, 0x6f, 0x72, 0x6b, 0x67, 0x72, 0x6f, 0x75, 0x70, // ;..var<workgroup
	0x3e, 0x20, 0x67, 0x73, 0x5f, 0x47, 0x20, 0x3a, 0x20, 0x61, 0x72, 0x72, 0x61, 0x79, 0x3c, 0x66, // > gs_G : array<f
	0x33, 0x32, 0x2c, 0x20, 0x36, 0x34, 0x75, 0x3e, 0x3b, 0x0a, 0x0a, 0x76, 0x61, 0x72, 0x3c, 0x77, // 32, 64u>;..var<w
	0x6f, 0x72, 0x6b, 0x67, 0x72, 0x6f, 0x75, 0x70, 0x3e, 0x20, 0x67, 0x73, 0x5f, 0x42, 0x20, 0x3a, // orkgroup> gs_B :
	0x20, 0x61, 0x72, 0x72, 0x61, 0x79, 0x3c, 0x66, 0x33, 0x32, 0x2c, 0x20, 0x36, 0x34, 0x75, 0x3e, //  array<f32, 64u>
	0x3b, 0x0a, 0x0a, 0x76, 0x61, 0x72, 0x3c, 0x77, 0x6f, 0x72, 0x6b, 0x67, 0x72, 0x6f, 0x75, 0x70, // ;..var<workgroup
	0x3e, 0x20, 0x67, 0x73, 0x5f, 0x41, 0x20, 0x3a, 0x20, 0x61, 0x72, 0x72, 0x61, 0x79, 0x3c, 0x66, // > gs_A : array<f
	0x33, 0x32, 0x2c, 0x20, 0x36, 0x34, 0x75, 0x3e, 0x3b, 0x0a, 0x0a, 0x73, 0x74, 0x72, 0x75, 0x63, // 32, 64u>;..struc
	0x74, 0x20, 0x55, 0x6e, 0x69, 0x66, 0x6f, 0x72, 0x6d, 0x42, 0x6c, 0x6f, 0x63, 0x6b, 0x20, 0x7b, // t UniformBlock {
	0x0a, 0x20, 0x20, 0x62, 0x67, 0x66, 0x78, 0x5f, 0x6d, 0x69, 0x70, 0x47, 0x65, 0x6e, 0x20, 0x3a, // .  bgfx_mipGen :
	0x20, 0x76, 0x65, 0x63, 0x34, 0x3c, 0x66, 0x33, 0x32, 0x3e, 0x2c, 0x0a, 0x7d, 0x0a, 0x0a, 0x40, //  vec4<f32>,.}..@
	0x67, 0x72, 0x6f, 0x75, 0x70, 0x28, 0x30, 0x75, 0x29, 0x20, 0x40, 0x62, 0x69, 0x6e, 0x64, 0x69, // group(0u) @bindi
	0x6e, 0x67, 0x28, 0x30, 0x75, 0x29, 0x20, 0x76, 0x61, 0x72, 0x3c, 0x75, 0x6e, 0x69, 0x66, 0x6f, // ng(0u) var<unifo
	0x72, 0x6d, 0x3e, 0x20, 0x76, 0x20, 0x3a, 0x20, 0x55, 0x6e, 0x69, 0x66, 0x6f, 0x72, 0x6d, 0x42, // rm> v : UniformB
	0x6c, 0x6f, 0x63, 0x6b, 0x3b, 0x0a, 0x0a, 0x40, 0x67, 0x72, 0x6f, 0x75, 0x70, 0x28, 0x30, 0x75, // lock;..@group(0u
	0x29, 0x20, 0x40, 0x62, 0x69, 0x6e, 0x64, 0x69, 0x6e, 0x67, 0x28, 0x32, 0x75, 0x29, 0x20, 0x76, // ) @binding(2u) v
	0x61, 0x72, 0x20, 0x73, 0x5f, 0x69, 0x6d, 0x67, 0x4d, 0x69, 0x70, 0x31, 0x20, 0x3a, 0x20, 0x74, // ar s_imgMip1 : t
	0x65, 0x78, 0x74, 0x75, 0x72, 0x65, 0x5f, 0x73, 0x74, 0x6f, 0x72, 0x61, 0x67, 0x65, 0x5f, 0x32, // exture_storage_2
	0x64, 0x5f, 0x61, 0x72, 0x72, 0x61, 0x79, 0x3c, 0x72, 0x67, 0x62, 0x61, 0x38, 0x75, 0x6e, 0x6f, // d_array<rgba8uno
	0x72, 0x6d, 0x2c, 0x20, 0x77, 0x72, 0x69, 0x74, 0x65, 0x3e, 0x3b, 0x0a, 0x0a, 0x40, 0x67, 0x72, // rm, write>;..@gr
	0x6f, 0x75, 0x70, 0x28, 0x30, 0x75, 0x29, 0x20, 0x40, 0x62, 0x69, 0x6e, 0x64, 0x69, 0x6e, 0x67, // oup(0u) @binding
	0x28, 0x33, 0x75, 0x29, 0x20, 0x76, 0x61, 0x72, 0x20, 0x73, 0x5f, 0x69, 0x6d, 0x67, 0x4d, 0x69, // (3u) var s_imgMi
	0x70, 0x32, 0x20, 0x3a, 0x20, 0x74, 0x65, 0x78, 0x74, 0x75, 0x72, 0x65, 0x5f, 0x73, 0x74, 0x6f, // p2 : texture_sto
	0x72, 0x61, 0x67, 0x65, 0x5f, 0x32, 0x64, 0x5f, 0x61, 0x72, 0x72, 0x61, 0x79, 0x3c, 0x72, 0x67, // rage_2d_array<rg
	0x62, 0x61, 0x38, 0x75, 0x6e, 0x6f, 0x72, 0x6d, 0x2c, 0x20, 0x77, 0x72, 0x69, 0x74, 0x65, 0x3e, // ba8unorm, write>
	0x3b, 0x0a, 0x0a, 0x40, 0x67, 0x72, 0x6f, 0x75, 0x70, 0x28, 0x30, 0x75, 0x29, 0x20, 0x40, 0x62, // ;..@group(0u) @b
	0x69, 0x6e, 0x64, 0x69, 0x6e, 0x67, 0x28, 0x34, 0x75, 0x29, 0x20, 0x76, 0x61, 0x72, 0x20, 0x73, // inding(4u) var s
	0x5f, 0x69, 0x6d, 0x67, 0x4d, 0x69, 0x70, 0x33, 0x20, 0x3a, 0x20, 0x74, 0x65, 0x78, 0x74, 0x75, // _imgMip3 : textu
	0x72, 0x65, 0x5f, 0x73, 0x74, 0x6f, 0x72, 0x61, 0x67, 0x65, 0x5f, 0x32, 0x64, 0x5f, 0x61, 0x72, // re_storage_2d_ar
	0x72, 0x61, 0x79, 0x3c, 0x72, 0x67, 0x62, 0x61, 0x38, 0x75, 0x6e, 0x6f, 0x72, 0x6d, 0x2c, 0x20, // ray<rgba8unorm, 
	0x77, 0x72, 0x69, 0x74, 0x65, 0x3e, 0x3b, 0x0a, 0x0a, 0x40, 0x67, 0x72, 0x6f, 0x75, 0x70, 0x28, // write>;..@group(
	0x30, 0x75, 0x29, 0x20, 0x40, 0x62, 0x69, 0x6e, 0x64, 0x69, 0x6e, 0x67, 0x28, 0x35, 0x75, 0x29, // 0u) @binding(5u)
	0x20, 0x76, 0x61, 0x72, 0x20, 0x73, 0x5f, 0x69, 0x6d, 0x67, 0x4d, 0x69, 0x70, 0x34, 0x20, 0x3a, //  var s_imgMip4 :
	0x20, 0x74, 0x65, 0x78, 0x74, 0x75, 0x72, 0x65, 0x5f, 0x73, 0x74, 0x6f, 0x72, 0x61, 0x67, 0x65, //  texture_storage
	0x5f, 0x32, 0x64, 0x5f, 0x61, 0x72, 0x72, 0x61, 0x79, 0x3c, 0x72, 0x67, 0x62, 0x61, 0x38, 0x75, // _2d_array<rgba8u
	0x6e, 0x6f, 0x72, 0x6d, 0x2c, 0x20, 0x77, 0x72, 0x69, 0x74, 0x65, 0x3e, 0x3b, 0x0a, 0x0a, 0x40, // norm, write>;..@
	0x63, 0x6f, 0x6d, 0x70, 0x75, 0x74, 0x65, 0x20, 0x40, 0x77, 0x6f, 0x72, 0x6b, 0x67, 0x72, 0x6f, // compute @workgro
	0x75, 0x70, 0x5f, 0x73, 0x69, 0x7a, 0x65, 0x28, 0x38, 0x75, 0x2c, 0x20, 0x38, 0x75, 0x2c, 0x20, // up_size(8u, 8u, 
	0x31, 0x75, 0x29, 0x0a, 0x66, 0x6e, 0x20, 0x6d, 0x61, 0x69, 0x6e, 0x28, 0x40, 0x62, 0x75, 0x69, // 1u).fn main(@bui
	0x6c, 0x74, 0x69, 0x6e, 0x28, 0x6c, 0x6f, 0x63, 0x61, 0x6c, 0x5f, 0x69, 0x6e, 0x76, 0x6f, 0x63, // ltin(local_invoc
	0x61, 0x74, 0x69, 0x6f, 0x6e, 0x5f, 0x69, 0x6e, 0x64, 0x65, 0x78, 0x29, 0x20, 0x67, 0x6c, 0x5f, // ation_index) gl_
	0x4c, 0x6f, 0x63, 0x61, 0x6c, 0x49, 0x6e, 0x76, 0x6f, 0x63, 0x61, 0x74, 0x69, 0x6f, 0x6e, 0x49, // LocalInvocationI
	0x6e, 0x64, 0x65, 0x78, 0x20, 0x3a, 0x20, 0x75, 0x33, 0x32, 0x2c, 0x20, 0x40, 0x62, 0x75, 0x69, // ndex : u32, @bui
	0x6c, 0x74, 0x69, 0x6e, 0x28, 0x67, 0x6c, 0x6f, 0x62, 0x61, 0x6c, 0x5f, 0x69, 0x6e, 0x76, 0x6f, // ltin(global_invo
	0x63, 0x61, 0x74, 0x69, 0x6f, 0x6e, 0x5f, 0x69, 0x64, 0x29, 0x20, 0x67, 0x6c, 0x5f, 0x47, 0x6c, // cation_id) gl_Gl
	0x6f, 0x62, 0x61, 0x6c, 0x49, 0x6e, 0x76, 0x6f, 0x63, 0x61, 0x74, 0x69, 0x6f, 0x6e, 0x49, 0x44, // obalInvocationID
	0x20, 0x3a, 0x20, 0x76, 0x65, 0x63, 0x33, 0x3c, 0x75, 0x33, 0x32, 0x3e, 0x29, 0x20, 0x7b, 0x0a, //  : vec3<u32>) {.
	0x20, 0x20, 0x73, 0x77, 0x69, 0x74, 0x63, 0x68, 0x28, 0x30, 0x75, 0x29, 0x20, 0x7b, 0x0a, 0x20, //   switch(0u) {. 
	0x20, 0x20, 0x20, 0x64, 0x65, 0x66, 0x61, 0x75, 0x6c, 0x74, 0x3a, 0x20, 0x7b, 0x0a, 0x20, 0x20, //    default: {.  
	0x20, 0x20, 0x20, 0x20, 0x6c, 0x65, 0x74, 0x20, 0x76, 0x5f, 0x31, 0x20, 0x3d, 0x20, 0x62, 0x69, //     let v_1 = bi
	0x74, 0x63, 0x61, 0x73, 0x74, 0x3c, 0x75, 0x33, 0x32, 0x3e, 0x28, 0x69, 0x33, 0x32, 0x28, 0x67, // tcast<u32>(i32(g
	0x6c, 0x5f, 0x4c, 0x6f, 0x63, 0x61, 0x6c, 0x49, 0x6e, 0x76, 0x6f, 0x63, 0x61, 0x74, 0x69, 0x6f, // l_LocalInvocatio
	0x6e, 0x49, 0x6e, 0x64, 0x65, 0x78, 0x29, 0x29, 0x3b, 0x0a, 0x20, 0x20, 0x20, 0x20, 0x20, 0x20, // nIndex));.      
	0x6c, 0x65, 0x74, 0x20, 0x76, 0x5f, 0x32, 0x20, 0x3d, 0x20, 0x62, 0x69, 0x74, 0x63, 0x61, 0x73, // let v_2 = bitcas
	0x74, 0x3c, 0x76, 0x65, 0x63, 0x33, 0x3c, 0x75, 0x33, 0x32, 0x3e, 0x3e, 0x28, 0x76, 0x65, 0x63, // t<vec3<u32>>(vec
	0x33, 0x3c, 0x69, 0x33, 0x32, 0x3e, 0x28, 0x67, 0x6c, 0x5f, 0x47, 0x6c, 0x6f, 0x62, 0x61, 0x6c, // 3<i32>(gl_Global
	0x49, 0x6e, 0x76, 0x6f, 0x63, 0x61, 0x74, 0x69, 0x6f, 0x6e, 0x49, 0x44, 0x29, 0x29, 0x3b, 0x0a, // InvocationID));.
	0x20, 0x20, 0x20, 0x20, 0x20, 0x20, 0x6c, 0x65, 0x74, 0x20, 0x76, 0x5f, 0x33, 0x20, 0x3d, 0x20, //       let v_3 = 
	0x75, 0x33, 0x32, 0x28, 0x76, 0x2e, 0x62, 0x67, 0x66, 0x78, 0x5f, 0x6d, 0x69, 0x70, 0x47, 0x65, // u32(v.bgfx_mipGe
	0x6e, 0x2e, 0x78, 0x29, 0x3b, 0x0a, 0x20, 0x20, 0x20, 0x20, 0x20, 0x20, 0x6c, 0x65, 0x74, 0x20, // n.x);.      let 
	0x76, 0x5f, 0x34, 0x20, 0x3d, 0x20, 0x75, 0x33, 0x32, 0x28, 0x76, 0x2e, 0x62, 0x67, 0x66, 0x78, // v_4 = u32(v.bgfx
	0x5f, 0x6d, 0x69, 0x70, 0x47, 0x65, 0x6e, 0x2e, 0x79, 0x29, 0x3b, 0x0a, 0x20, 0x20, 0x20, 0x20, // _mipGen.y);.    
	0x20, 0x20, 0x6c, 0x65, 0x74, 0x20, 0x76, 0x5f, 0x35, 0x20, 0x3d, 0x20, 0x76, 0x2e, 0x62, 0x67, //   let v_5 = v.bg
	0x66, 0x78, 0x5f, 0x6d, 0x69, 0x70, 0x47, 0x65, 0x6e, 0x2e, 0x7a, 0x77, 0x3b, 0x0a, 0x20, 0x20, // fx_mipGen.zw;.  
	0x20, 0x20, 0x20, 0x20, 0x6c, 0x65, 0x74, 0x20, 0x76, 0x5f, 0x36, 0x20, 0x3d, 0x20, 0x76, 0x5f, //     let v_6 = v_
	0x32, 0x2e, 0x7a, 0x3b, 0x0a, 0x20, 0x20, 0x20, 0x20, 0x20, 0x20, 0x6c, 0x65, 0x74, 0x20, 0x76, // 2.z;.      let v
	0x5f, 0x37, 0x20, 0x3d, 0x20, 0x76, 0x5f, 0x32, 0x2e, 0x78, 0x79, 0x3b, 0x0a, 0x20, 0x20, 0x20, // _7 = v_2.xy;.   
	0x20, 0x20, 0x20, 0x6c, 0x65, 0x74, 0x20, 0x76, 0x5f, 0x38, 0x20, 0x3d, 0x20, 0x28, 0x76, 0x5f, //    let v_8 = (v_
	0x35, 0x20, 0x2a, 0x20, 0x28, 0x76, 0x65, 0x63, 0x32, 0x3c, 0x66, 0x33, 0x32, 0x3e, 0x28, 0x76, // 5 * (vec2<f32>(v
	0x5f, 0x37, 0x29, 0x20, 0x2b, 0x20, 0x76, 0x65, 0x63, 0x32, 0x3c, 0x66, 0x33, 0x32, 0x3e, 0x28, // _7) + vec2<f32>(
	0x30, 0x2e, 0x32, 0x35, 0x66, 0x2c, 0x20, 0x30, 0x2e, 0x35, 0x66, 0x29, 0x29, 0x29, 0x3b, 0x0a, // 0.25f, 0.5f)));.
	0x20, 0x20, 0x20, 0x20, 0x20, 0x20, 0x6c, 0x65, 0x74, 0x20, 0x76, 0x5f, 0x39, 0x20, 0x3d, 0x20, //       let v_9 = 
	0x66, 0x33, 0x32, 0x28, 0x76, 0x5f, 0x36, 0x29, 0x3b, 0x0a, 0x20, 0x20, 0x20, 0x20, 0x20, 0x20, // f32(v_6);.      
	0x6c, 0x65, 0x74, 0x20, 0x76, 0x5f, 0x31, 0x30, 0x20, 0x3d, 0x20, 0x76, 0x65, 0x63, 0x33, 0x3c, // let v_10 = vec3<
	0x66, 0x33, 0x32, 0x3e, 0x28, 0x76, 0x5f, 0x38, 0x2e, 0x78, 0x2c, 0x20, 0x76, 0x5f, 0x38, 0x2e, // f32>(v_8.x, v_8.
	0x79, 0x2c, 0x20, 0x76, 0x5f, 0x39, 0x29, 0x3b, 0x0a, 0x20, 0x20, 0x20, 0x20, 0x20, 0x20, 0x6c, // y, v_9);.      l
	0x65, 0x74, 0x20, 0x76, 0x5f, 0x31, 0x31, 0x20, 0x3d, 0x20, 0x66, 0x33, 0x32, 0x28, 0x76, 0x5f, // et v_11 = f32(v_
	0x33, 0x29, 0x3b, 0x0a, 0x20, 0x20, 0x20, 0x20, 0x20, 0x20, 0x6c, 0x65, 0x74, 0x20, 0x76, 0x5f, // 3);.      let v_
	0x31, 0x32, 0x20, 0x3d, 0x20, 0x28, 0x76, 0x5f, 0x38, 0x20, 0x2b, 0x20, 0x28, 0x76, 0x5f, 0x35, // 12 = (v_8 + (v_5
	0x20, 0x2a, 0x20, 0x76, 0x65, 0x63, 0x32, 0x3c, 0x66, 0x33, 0x32, 0x3e, 0x28, 0x30, 0x2e, 0x35, //  * vec2<f32>(0.5
	0x66, 0x2c, 0x20, 0x30, 0x2e, 0x30, 0x66, 0x29, 0x29, 0x29, 0x3b, 0x0a, 0x20, 0x20, 0x20, 0x20, // f, 0.0f)));.    
	0x20, 0x20, 0x6c, 0x65, 0x74, 0x20, 0x76, 0x5f, 0x31, 0x33, 0x20, 0x3d, 0x20, 0x76, 0x65, 0x63, //   let v_13 = vec
	0x33, 0x3c, 0x66, 0x33, 0x32, 0x3e, 0x28, 0x76, 0x5f, 0x31, 0x32, 0x2e, 0x78, 0x2c, 0x20, 0x76, // 3<f32>(v_12.x, v
	0x5f, 0x31, 0x32, 0x2e, 0x79, 0x2c, 0x20, 0x76, 0x5f, 0x39, 0x29, 0x3b, 0x0a, 0x20, 0x20, 0x20, // _12.y, v_9);.   
	0x20, 0x20, 0x20, 0x6c, 0x65, 0x74, 0x20, 0x76, 0x5f, 0x31, 0x34, 0x20, 0x3d, 0x20, 0x28, 0x28, //    let v_14 = ((
	0x74, 0x65, 0x78, 0x74, 0x75, 0x72, 0x65, 0x53, 0x61, 0x6d, 0x70, 0x6c, 0x65, 0x4c, 0x65, 0x76, // textureSampleLev
	0x65, 0x6c, 0x28, 0x62, 0x67, 0x66, 0x78, 0x5f, 0x74, 0x65, 0x78, 0x4d, 0x69, 0x70, 0x53, 0x72, // el(bgfx_texMipSr
	0x63, 0x54, 0x65, 0x78, 0x74, 0x75, 0x72, 0x65, 0x2c, 0x20, 0x62, 0x67, 0x66, 0x78, 0x5f, 0x74, // cTexture, bgfx_t
	0x65, 0x78, 0x4d, 0x69, 0x70, 0x53, 0x72, 0x63, 0x53, 0x61, 0x6d, 0x70, 0x6c, 0x65, 0x72, 0x2c, // exMipSrcSampler,
	0x20, 0x76, 0x5f, 0x31, 0x30, 0x2e, 0x78, 0x79, 0x2c, 0x20, 0x69, 0x33, 0x32, 0x28, 0x76, 0x5f, //  v_10.xy, i32(v_
	0x31, 0x30, 0x2e, 0x7a, 0x29, 0x2c, 0x20, 0x76, 0x5f, 0x31, 0x31, 0x29, 0x20, 0x2b, 0x20, 0x74, // 10.z), v_11) + t
	0x65, 0x78, 0x74, 0x75, 0x72, 0x65, 0x53, 0x61, 0x6d, 0x70, 0x6c, 0x65, 0x4c, 0x65, 0x76, 0x65, // extureSampleLeve
	0x6c, 0x28, 0x62, 0x67, 0x66, 0x78, 0x5f, 0x74, 0x65, 0x78, 0x4d, 0x69, 0x70, 0x53, 0x72, 0x63, // l(bgfx_texMipSrc
	0x54, 0x65, 0x78, 0x74, 0x75, 0x72, 0x65, 0x2c, 0x20, 0x62, 0x67, 0x66, 0x78, 0x5f, 0x74, 0x65, // Texture, bgfx_te
	0x78, 0x4d, 0x69, 0x70, 0x53, 0x72, 0x63, 0x53, 0x61, 0x6d, 0x70, 0x6c, 0x65, 0x72, 0x2c, 0x20, // xMipSrcSampler, 
	0x76, 0x5f, 0x31, 0x33, 0x2e, 0x78, 0x79, 0x2c, 0x20, 0x69, 0x33, 0x32, 0x28, 0x76, 0x5f, 0x31, // v_13.xy, i32(v_1
	0x33, 0x2e, 0x7a, 0x29, 0x2c, 0x20, 0x76, 0x5f, 0x31, 0x31, 0x29, 0x29, 0x20, 0x2a, 0x20, 0x30, // 3.z), v_11)) * 0
	0x2e, 0x35, 0x66, 0x29, 0x3b, 0x0a, 0x20, 0x20, 0x20, 0x20, 0x20, 0x20, 0x6c, 0x65, 0x74, 0x20, // .5f);.      let 
	0x76, 0x5f, 0x31, 0x35, 0x20, 0x3d, 0x20, 0x62, 0x69, 0x74, 0x63, 0x61, 0x73, 0x74, 0x3c, 0x76, // v_15 = bitcast<v
	0x65, 0x63, 0x32, 0x3c, 0x69, 0x33, 0x32, 0x3e, 0x3e, 0x28, 0x76, 0x5f, 0x37, 0x29, 0x3b, 0x0a, // ec2<i32>>(v_7);.
	0x20, 0x20, 0x20, 0x20, 0x20, 0x20, 0x6c, 0x65, 0x74, 0x20, 0x76, 0x5f, 0x31, 0x36, 0x20, 0x3d, //       let v_16 =
	0x20, 0x62, 0x69, 0x74, 0x63, 0x61, 0x73, 0x74, 0x3c, 0x69, 0x33, 0x32, 0x3e, 0x28, 0x76, 0x5f, //  bitcast<i32>(v_
	0x36, 0x29, 0x3b, 0x0a, 0x20, 0x20, 0x20, 0x20, 0x20, 0x20, 0x6c, 0x65, 0x74, 0x20, 0x76, 0x5f, // 6);.      let v_
	0x31, 0x37, 0x20, 0x3d, 0x20, 0x76, 0x65, 0x63, 0x33, 0x3c, 0x69, 0x33, 0x32, 0x3e, 0x28, 0x76, // 17 = vec3<i32>(v
	0x5f, 0x31, 0x35, 0x2e, 0x78, 0x2c, 0x20, 0x76, 0x5f, 0x31, 0x35, 0x2e, 0x79, 0x2c, 0x20, 0x76, // _15.x, v_15.y, v
	0x5f, 0x31, 0x36, 0x29, 0x3b, 0x0a, 0x20, 0x20, 0x20, 0x20, 0x20, 0x20, 0x74, 0x65, 0x78, 0x74, // _16);.      text
	0x75, 0x72, 0x65, 0x53, 0x74, 0x6f, 0x72, 0x65, 0x28, 0x73, 0x5f, 0x69, 0x6d, 0x67, 0x4d, 0x69, // ureStore(s_imgMi
	0x70, 0x31, 0x2c, 0x20, 0x76, 0x5f, 0x31, 0x37, 0x2e, 0x78, 0x79, 0x2c, 0x20, 0x76, 0x5f, 0x31, // p1, v_17.xy, v_1
	0x37, 0x2e, 0x7a, 0x2c, 0x20, 0x76, 0x5f, 0x31, 0x34, 0x29, 0x3b, 0x0a, 0x20, 0x20, 0x20, 0x20, // 7.z, v_14);.    
	0x20, 0x20, 0x69, 0x66, 0x20, 0x28, 0x28, 0x76, 0x5f, 0x34, 0x20, 0x3d, 0x3d, 0x20, 0x31, 0x75, //   if ((v_4 == 1u
	0x29, 0x29, 0x20, 0x7b, 0x0a, 0x20, 0x20, 0x20, 0x20, 0x20, 0x20, 0x20, 0x20, 0x62, 0x72, 0x65, // )) {.        bre
	0x61, 0x6b, 0x3b, 0x0a, 0x20, 0x20, 0x20, 0x20, 0x20, 0x20, 0x7d, 0x0a, 0x20, 0x20, 0x20, 0x20, // ak;.      }.    
	0x20, 0x20, 0x6c, 0x65, 0x74, 0x20, 0x76, 0x5f, 0x31, 0x38, 0x20, 0x3d, 0x20, 0x26, 0x28, 0x67, //   let v_18 = &(g
	0x73, 0x5f, 0x52, 0x5b, 0x76, 0x5f, 0x31, 0x5d, 0x29, 0x3b, 0x0a, 0x20, 0x20, 0x20, 0x20, 0x20, // s_R[v_1]);.     
	0x20, 0x2a, 0x28, 0x76, 0x5f, 0x31, 0x38, 0x29, 0x20, 0x3d, 0x20, 0x76, 0x5f, 0x31, 0x34, 0x2e, //  *(v_18) = v_14.
	0x78, 0x3b, 0x0a, 0x20, 0x20, 0x20, 0x20, 0x20, 0x20, 0x6c, 0x65, 0x74, 0x20, 0x76, 0x5f, 0x31, // x;.      let v_1
	0x39, 0x20, 0x3d, 0x20, 0x26, 0x28, 0x67, 0x73, 0x5f, 0x47, 0x5b, 0x76, 0x5f, 0x31, 0x5d, 0x29, // 9 = &(gs_G[v_1])
	0x3b, 0x0a, 0x20, 0x20, 0x20, 0x20, 0x20, 0x20, 0x2a, 0x28, 0x76, 0x5f, 0x31, 0x39, 0x29, 0x20, // ;.      *(v_19) 
	0x3d, 0x20, 0x76, 0x5f, 0x31, 0x34, 0x2e, 0x79, 0x3b, 0x0a, 0x20, 0x20, 0x20, 0x20, 0x20, 0x20, // = v_14.y;.      
	0x6c, 0x65, 0x74, 0x20, 0x76, 0x5f, 0x32, 0x30, 0x20, 0x3d, 0x20, 0x26, 0x28, 0x67, 0x73, 0x5f, // let v_20 = &(gs_
	0x42, 0x5b, 0x76, 0x5f, 0x31, 0x5d, 0x29, 0x3b, 0x0a, 0x20, 0x20, 0x20, 0x20, 0x20, 0x20, 0x2a, // B[v_1]);.      *
	0x28, 0x76, 0x5f, 0x32, 0x30, 0x29, 0x20, 0x3d, 0x20, 0x76, 0x5f, 0x31, 0x34, 0x2e, 0x7a, 0x3b, // (v_20) = v_14.z;
	0x0a, 0x20, 0x20, 0x20, 0x20, 0x20, 0x20, 0x6c, 0x65, 0x74, 0x20, 0x76, 0x5f, 0x32, 0x31, 0x20, // .      let v_21 
	0x3d, 0x20, 0x26, 0x28, 0x67, 0x73, 0x5f, 0x41, 0x5b, 0x76, 0x5f, 0x31, 0x5d, 0x29, 0x3b, 0x0a, // = &(gs_A[v_1]);.
	0x20, 0x20, 0x20, 0x20, 0x20, 0x20, 0x2a, 0x28, 0x76, 0x5f, 0x32, 0x31, 0x29, 0x20, 0x3d, 0x20, //       *(v_21) = 
	0x76, 0x5f, 0x31, 0x34, 0x2e, 0x77, 0x3b, 0x0a, 0x20, 0x20, 0x20, 0x20, 0x20, 0x20, 0x77, 0x6f, // v_14.w;.      wo
	0x72, 0x6b, 0x67, 0x72, 0x6f, 0x75, 0x70, 0x42, 0x61, 0x72, 0x72, 0x69, 0x65, 0x72, 0x28, 0x29, // rkgroupBarrier()
	0x3b, 0x0a, 0x20, 0x20, 0x20, 0x20, 0x20, 0x20, 0x76, 0x61, 0x72, 0x20, 0x76, 0x5f, 0x32, 0x32, // ;.      var v_22
	0x20, 0x3a, 0x20, 0x76, 0x65, 0x63, 0x34, 0x3c, 0x66, 0x33, 0x32, 0x3e, 0x3b, 0x0a, 0x20, 0x20, //  : vec4<f32>;.  
	0x20, 0x20, 0x20, 0x20, 0x69, 0x66, 0x20, 0x28, 0x28, 0x28, 0x76, 0x5f, 0x31, 0x20, 0x26, 0x20, //     if (((v_1 & 
	0x39, 0x75, 0x29, 0x20, 0x3d, 0x3d, 0x20, 0x30, 0x75, 0x29, 0x29, 0x20, 0x7b, 0x0a, 0x20, 0x20, // 9u) == 0u)) {.  
	0x20, 0x20, 0x20, 0x20, 0x20, 0x20, 0x6c, 0x65, 0x74, 0x20, 0x76, 0x5f, 0x32, 0x33, 0x20, 0x3d, //       let v_23 =
	0x20, 0x28, 0x76, 0x5f, 0x31, 0x20, 0x2b, 0x20, 0x31, 0x75, 0x29, 0x3b, 0x0a, 0x20, 0x20, 0x20, //  (v_1 + 1u);.   
	0x20, 0x20, 0x20, 0x20, 0x20, 0x6c, 0x65, 0x74, 0x20, 0x76, 0x5f, 0x32, 0x34, 0x20, 0x3d, 0x20, //      let v_24 = 
	0x76, 0x65, 0x63, 0x34, 0x3c, 0x66, 0x33, 0x32, 0x3e, 0x28, 0x67, 0x73, 0x5f, 0x52, 0x5b, 0x76, // vec4<f32>(gs_R[v
	0x5f, 0x32, 0x33, 0x5d, 0x2c, 0x20, 0x67, 0x73, 0x5f, 0x47, 0x5b, 0x76, 0x5f, 0x32, 0x33, 0x5d, // _23], gs_G[v_23]
	0x2c, 0x20, 0x67, 0x73, 0x5f, 0x42, 0x5b, 0x76, 0x5f, 0x32, 0x33, 0x5d, 0x2c, 0x20, 0x67, 0x73, // , gs_B[v_23], gs
	0x5f, 0x41, 0x5b, 0x76, 0x5f, 0x32, 0x33, 0x5d, 0x29, 0x3b, 0x0a, 0x20, 0x20, 0x20, 0x20, 0x20, // _A[v_23]);.     
	0x20, 0x20, 0x20, 0x6c, 0x65, 0x74, 0x20, 0x76, 0x5f, 0x32, 0x35, 0x20, 0x3d, 0x20, 0x28, 0x76, //    let v_25 = (v
	0x5f, 0x31, 0x20, 0x2b, 0x20, 0x38, 0x75, 0x29, 0x3b, 0x0a, 0x20, 0x20, 0x20, 0x20, 0x20, 0x20, // _1 + 8u);.      
	0x20, 0x20, 0x6c, 0x65, 0x74, 0x20, 0x76, 0x5f, 0x32, 0x36, 0x20, 0x3d, 0x20, 0x76, 0x65, 0x63, //   let v_26 = vec
	0x34, 0x3c, 0x66, 0x33, 0x32, 0x3e, 0x28, 0x67, 0x73, 0x5f, 0x52, 0x5b, 0x76, 0x5f, 0x32, 0x35, // 4<f32>(gs_R[v_25
	0x5d, 0x2c, 0x20, 0x67, 0x73, 0x5f, 0x47, 0x5b, 0x76, 0x5f, 0x32, 0x35, 0x5d, 0x2c, 0x20, 0x67, // ], gs_G[v_25], g
	0x73, 0x5f, 0x42, 0x5b, 0x76, 0x5f, 0x32, 0x35, 0x5d, 0x2c, 0x20, 0x67, 0x73, 0x5f, 0x41, 0x5b, // s_B[v_25], gs_A[
	0x76, 0x5f, 0x32, 0x35, 0x5d, 0x29, 0x3b, 0x0a, 0x20, 0x20, 0x20, 0x20, 0x20, 0x20, 0x20, 0x20, // v_25]);.        
	0x6c, 0x65, 0x74, 0x20, 0x76, 0x5f, 0x32, 0x37, 0x20, 0x3d, 0x20, 0x28, 0x76, 0x5f, 0x31, 0x20, // let v_27 = (v_1 
	0x2b, 0x20, 0x39, 0x75, 0x29, 0x3b, 0x0a, 0x20, 0x20, 0x20, 0x20, 0x20, 0x20, 0x20, 0x20, 0x6c, // + 9u);.        l
	0x65, 0x74, 0x20, 0x76, 0x5f, 0x32, 0x38, 0x20, 0x3d, 0x20, 0x28, 0x28, 0x28, 0x28, 0x76, 0x5f, // et v_28 = ((((v_
	0x31, 0x34, 0x20, 0x2b, 0x20, 0x76, 0x5f, 0x32, 0x34, 0x29, 0x20, 0x2b, 0x20, 0x76, 0x5f, 0x32, // 14 + v_24) + v_2
	0x36, 0x29, 0x20, 0x2b, 0x20, 0x76, 0x65, 0x63, 0x34, 0x3c, 0x66, 0x33, 0x32, 0x3e, 0x28, 0x67, // 6) + vec4<f32>(g
	0x73, 0x5f, 0x52, 0x5b, 0x76, 0x5f, 0x32, 0x37, 0x5d, 0x2c, 0x20, 0x67, 0x73, 0x5f, 0x47, 0x5b, // s_R[v_27], gs_G[
	0x76, 0x5f, 0x32, 0x37, 0x5d, 0x2c, 0x20, 0x67, 0x73, 0x5f, 0x42, 0x5b, 0x76, 0x5f, 0x32, 0x37, // v_27], gs_B[v_27
	0x5d, 0x2c, 0x20, 0x67, 0x73, 0x5f, 0x41, 0x5b, 0x76, 0x5f, 0x32, 0x37, 0x5d, 0x29, 0x29, 0x20, // ], gs_A[v_27])) 
	0x2a, 0x20, 0x30, 0x2e, 0x32, 0x35, 0x66, 0x29, 0x3b, 0x0a, 0x20, 0x20, 0x20, 0x20, 0x20, 0x20, // * 0.25f);.      
	0x20, 0x20, 0x6c, 0x65, 0x74, 0x20, 0x76, 0x5f, 0x32, 0x39, 0x20, 0x3d, 0x20, 0x62, 0x69, 0x74, //   let v_29 = bit
	0x63, 0x61, 0x73, 0x74, 0x3c, 0x76, 0x65, 0x63, 0x32, 0x3c, 0x69, 0x33, 0x32, 0x3e, 0x3e, 0x28, // cast<vec2<i32>>(
	0x28, 0x76, 0x5f, 0x37, 0x20, 0x2f, 0x20, 0x76, 0x65, 0x63, 0x32, 0x3c, 0x75, 0x33, 0x32, 0x3e, // (v_7 / vec2<u32>
	0x28, 0x32, 0x75, 0x29, 0x29, 0x29, 0x3b, 0x0a, 0x20, 0x20, 0x20, 0x20, 0x20, 0x20, 0x20, 0x20, // (2u)));.        
	0x6c, 0x65, 0x74, 0x20, 0x76, 0x5f, 0x33, 0x30, 0x20, 0x3d, 0x20, 0x76, 0x65, 0x63, 0x33, 0x3c, // let v_30 = vec3<
	0x69, 0x33, 0x32, 0x3e, 0x28, 0x76, 0x5f, 0x32, 0x39, 0x2e, 0x78, 0x2c, 0x20, 0x76, 0x5f, 0x32, // i32>(v_29.x, v_2
	0x39, 0x2e, 0x79, 0x2c, 0x20, 0x76, 0x5f, 0x31, 0x36, 0x29, 0x3b, 0x0a, 0x20, 0x20, 0x20, 0x20, // 9.y, v_16);.    
	0x20, 0x20, 0x20, 0x20, 0x74, 0x65, 0x78, 0x74, 0x75, 0x72, 0x65, 0x53, 0x74, 0x6f, 0x72, 0x65, //     textureStore
	0x28, 0x73, 0x5f, 0x69, 0x6d, 0x67, 0x4d, 0x69, 0x70, 0x32, 0x2c, 0x20, 0x76, 0x5f, 0x33, 0x30, // (s_imgMip2, v_30
	0x2e, 0x78, 0x79, 0x2c, 0x20, 0x76, 0x5f, 0x33, 0x30, 0x2e, 0x7a, 0x2c, 0x20, 0x76, 0x5f, 0x32, // .xy, v_30.z, v_2
	0x38, 0x29, 0x3b, 0x0a, 0x20, 0x20, 0x20, 0x20, 0x20, 0x20, 0x20, 0x20, 0x2a, 0x28, 0x76, 0x5f, // 8);.        *(v_
	0x31, 0x38, 0x29, 0x20, 0x3d, 0x20, 0x76, 0x5f, 0x32, 0x38, 0x2e, 0x78, 0x3b, 0x0a, 0x20, 0x20, // 18) = v_28.x;.  
	0x20, 0x20, 0x20, 0x20, 0x20, 0x20, 0x2a, 0x28, 0x76, 0x5f, 0x31, 0x39, 0x29, 0x20, 0x3d, 0x20, //       *(v_19) = 
	0x76, 0x5f, 0x32, 0x38, 0x2e, 0x79, 0x3b, 0x0a, 0x20, 0x20, 0x20, 0x20, 0x20, 0x20, 0x20, 0x20, // v_28.y;.        
	0x2a, 0x28, 0x76, 0x5f, 0x32, 0x30, 0x29, 0x20, 0x3d, 0x20, 0x76, 0x5f, 0x32, 0x38, 0x2e, 0x7a, // *(v_20) = v_28.z
	0x3b, 0x0a, 0x20, 0x20, 0x20, 0x20, 0x20, 0x20, 0x20, 0x20, 0x2a, 0x28, 0x76, 0x5f, 0x32, 0x31, // ;.        *(v_21
	0x29, 0x20, 0x3d, 0x20, 0x76, 0x5f, 0x32, 0x38, 0x2e, 0x77, 0x3b, 0x0a, 0x20, 0x20, 0x20, 0x20, // ) = v_28.w;.    
	0x20, 0x20, 0x20, 0x20, 0x76, 0x5f, 0x32, 0x32, 0x20, 0x3d, 0x20, 0x76, 0x5f, 0x32, 0x38, 0x3b, //     v_22 = v_28;
	0x0a, 0x20, 0x20, 0x20, 0x20, 0x20, 0x20, 0x7d, 0x20, 0x65, 0x6c, 0x73, 0x65, 0x20, 0x7b, 0x0a, // .      } else {.
	0x20, 0x20, 0x20, 0x20, 0x20, 0x20, 0x20, 0x20, 0x76, 0x5f, 0x32, 0x32, 0x20, 0x3d, 0x20, 0x76, //         v_22 = v
	0x5f, 0x31, 0x34, 0x3b, 0x0a, 0x20, 0x20, 0x20, 0x20, 0x20, 0x20, 0x7d, 0x0a, 0x20, 0x20, 0x20, // _14;.      }.   
	0x20, 0x20, 0x20, 0x6c, 0x65, 0x74, 0x20, 0x76, 0x5f, 0x33, 0x31, 0x20, 0x3d, 0x20, 0x76, 0x5f, //    let v_31 = v_
	0x32, 0x32, 0x3b, 0x0a, 0x20, 0x20, 0x20, 0x20, 0x20, 0x20, 0x69, 0x66, 0x20, 0x28, 0x28, 0x76, // 22;.      if ((v
	0x5f, 0x34, 0x20, 0x3d, 0x3d, 0x20, 0x32, 0x75, 0x29, 0x29, 0x20, 0x7b, 0x0a, 0x20, 0x20, 0x20, // _4 == 2u)) {.   
	0x20, 0x20, 0x20, 0x20, 0x20, 0x62, 0x72, 0x65, 0x61, 0x6b, 0x3b, 0x0a, 0x20, 0x20, 0x20, 0x20, //      break;.    
	0x20, 0x20, 0x7d, 0x0a, 0x20, 0x20, 0x20, 0x20, 0x20, 0x20, 0x77, 0x6f, 0x72, 0x6b, 0x67, 0x72, //   }.      workgr
	0x6f, 0x75, 0x70, 0x42, 0x61, 0x72, 0x72, 0x69, 0x65, 0x72, 0x28, 0x29, 0x3b, 0x0a, 0x20, 0x20, // oupBarrier();.  
	0x20, 0x20, 0x20, 0x20, 0x76, 0x61, 0x72, 0x20, 0x76, 0x5f, 0x33, 0x32, 0x20, 0x3a, 0x20, 0x76, //     var v_32 : v
	0x65, 0x63, 0x34, 0x3c, 0x66, 0x33, 0x32, 0x3e, 0x3b, 0x0a, 0x20, 0x20, 0x20, 0x20, 0x20, 0x20, // ec4<f32>;.      
	0x69, 0x66, 0x20, 0x28, 0x28, 0x28, 0x76, 0x5f, 0x31, 0x20, 0x26, 0x20, 0x32, 0x37, 0x75, 0x29, // if (((v_1 & 27u)
	0x20, 0x3d, 0x3d, 0x20, 0x30, 0x75, 0x29, 0x29, 0x20, 0x7b, 0x0a, 0x20, 0x20, 0x20, 0x20, 0x20, //  == 0u)) {.     
	0x20, 0x20, 0x20, 0x6c, 0x65, 0x74, 0x20, 0x76, 0x5f, 0x33, 0x33, 0x20, 0x3d, 0x20, 0x28, 0x76, //    let v_33 = (v
	0x5f, 0x31, 0x20, 0x2b, 0x20, 0x32, 0x75, 0x29, 0x3b, 0x0a, 0x20, 0x20, 0x20, 0x20, 0x20, 0x20, // _1 + 2u);.      
	0x20, 0x20, 0x6c, 0x65, 0x74, 0x20, 0x76, 0x5f, 0x33, 0x34, 0x20, 0x3d, 0x20, 0x76, 0x65, 0x63, //   let v_34 = vec
	0x34, 0x3c, 0x66, 0x33, 0x32, 0x3e, 0x28, 0x67, 0x73, 0x5f, 0x52, 0x5b, 0x76, 0x5f, 0x33, 0x33, // 4<f32>(gs_R[v_33
	0x5d, 0x2c, 0x20, 0x67, 0x73, 0x5f, 0x47, 0x5b, 0x76, 0x5f, 0x33, 0x33, 0x5d, 0x2c, 0x20, 0x67, // ], gs_G[v_33], g
	0x73, 0x5f, 0x42, 0x5b, 0x76, 0x5f, 0x33, 0x33, 0x5d, 0x2c, 0x20, 0x67, 0x73, 0x5f, 0x41, 0x5b, // s_B[v_33], gs_A[
	0x76, 0x5f, 0x33, 0x33, 0x5d, 0x29, 0x3b, 0x0a, 0x20, 0x20, 0x20, 0x20, 0x20, 0x20, 0x20, 0x20, // v_33]);.        
	0x6c, 0x65, 0x74, 0x20, 0x76, 0x5f, 0x33, 0x35, 0x20, 0x3d, 0x20, 0x28, 0x76, 0x5f, 0x31, 0x20, // let v_35 = (v_1 
	0x2b, 0x20, 0x31, 0x36, 0x75, 0x29, 0x3b, 0x0a, 0x20, 0x20, 0x20, 0x20, 0x20, 0x20, 0x20, 0x20, // + 16u);.        
	0x6c, 0x65, 0x74, 0x20, 0x76, 0x5f, 0x33, 0x36, 0x20, 0x3d, 0x20, 0x76, 0x65, 0x63, 0x34, 0x3c, // let v_36 = vec4<
	0x66, 0x33, 0x32, 0x3e, 0x28, 0x67, 0x73, 0x5f, 0x52, 0x5b, 0x76, 0x5f, 0x33, 0x35, 0x5d, 0x2c, // f32>(gs_R[v_35],
	0x20, 0x67, 0x73, 0x5f, 0x47, 0x5b, 0x76, 0x5f, 0x33, 0x35, 0x5d, 0x2c, 0x20, 0x67, 0x73, 0x5f, //  gs_G[v_35], gs_
	0x42, 0x5b, 0x76, 0x5f, 0x33, 0x35, 0x5d, 0x2c, 0x20, 0x67, 0x73, 0x5f, 0x41, 0x5b, 0x76, 0x5f, // B[v_35], gs_A[v_
	0x33, 0x35, 0x5d, 0x29, 0x3b, 0x0a, 0x20, 0x20, 0x20, 0x20, 0x20, 0x20, 0x20, 0x20, 0x6c, 0x65, // 35]);.        le
	0x74, 0x20, 0x76, 0x5f, 0x33, 0x37, 0x20, 0x3d, 0x20, 0x28, 0x76, 0x5f, 0x31, 0x20, 0x2b, 0x20, // t v_37 = (v_1 + 
	0x31, 0x38, 0x75, 0x29, 0x3b, 0x0a, 0x20, 0x20, 0x20, 0x20, 0x20, 0x20, 0x20, 0x20, 0x6c, 0x65, // 18u);.        le
	0x74, 0x20, 0x76, 0x5f, 0x33, 0x38, 0x20, 0x3d, 0x20, 0x28, 0x28, 0x28, 0x28, 0x76, 0x5f, 0x33, // t v_38 = ((((v_3
	0x31, 0x20, 0x2b, 0x20, 0x76, 0x5f, 0x33, 0x34, 0x29, 0x20, 0x2b, 0x20, 0x76, 0x5f, 0x33, 0x36, // 1 + v_34) + v_36
	0x29, 0x20, 0x2b, 0x20, 0x76, 0x65, 0x63, 0x34, 0x3c, 0x66, 0x33, 0x32, 0x3e, 0x28, 0x67, 0x73, // ) + vec4<f32>(gs
	0x5f, 0x52, 0x5b, 0x76, 0x5f, 0x33, 0x37, 0x5d, 0x2c, 0x20, 0x67, 0x73, 0x5f, 0x47, 0x5b, 0x76, // _R[v_37], gs_G[v
	0x5f, 0x33, 0x37, 0x5d, 0x2c, 0x20, 0x67, 0x73, 0x5f, 0x42, 0x5b, 0x76, 0x5f, 0x33, 0x37, 0x5d, // _37], gs_B[v_37]
	0x2c, 0x20, 0x67, 0x73, 0x5f, 0x41, 0x5b, 0x76, 0x5f, 0x33, 0x37, 0x5d, 0x29, 0x29, 0x20, 0x2a, // , gs_A[v_37])) *
	0x20, 0x30, 0x2e, 0x32, 0x35, 0x66, 0x29, 0x3b, 0x0a, 0x20, 0x20, 0x20, 0x20, 0x20, 0x20, 0x20, //  0.25f);.       
	0x20, 0x6c, 0x65, 0x74, 0x20, 0x76, 0x5f, 0x33, 0x39, 0x20, 0x3d, 0x20, 0x62, 0x69, 0x74, 0x63, //  let v_39 = bitc
	0x61, 0x73, 0x74, 0x3c, 0x76, 0x65, 0x63, 0x32, 0x3c, 0x69, 0x33, 0x32, 0x3e, 0x3e, 0x28, 0x28, // ast<vec2<i32>>((
	0x76, 0x5f, 0x37, 0x20, 0x2f, 0x20, 0x76, 0x65, 0x63, 0x32, 0x3c, 0x75, 0x33, 0x32, 0x3e, 0x28, // v_7 / vec2<u32>(
	0x34, 0x75, 0x29, 0x29, 0x29, 0x3b, 0x0a, 0x20, 0x20, 0x20, 0x20, 0x20, 0x20, 0x20, 0x20, 0x6c, // 4u)));.        l
	0x65, 0x74, 0x20, 0x76, 0x5f, 0x34, 0x30, 0x20, 0x3d, 0x20, 0x76, 0x65, 0x63, 0x33, 0x3c, 0x69, // et v_40 = vec3<i
	0x33, 0x32, 0x3e, 0x28, 0x76, 0x5f, 0x33, 0x39, 0x2e, 0x78, 0x2c, 0x20, 0x76, 0x5f, 0x33, 0x39, // 32>(v_39.x, v_39
	0x2e, 0x79, 0x2c, 0x20, 0x76, 0x5f, 0x31, 0x36, 0x29, 0x3b, 0x0a, 0x20, 0x20, 0x20, 0x20, 0x20, // .y, v_16);.     
	0x20, 0x20, 0x20, 0x74, 0x65, 0x78, 0x74, 0x75, 0x72, 0x65, 0x53, 0x74, 0x6f, 0x72, 0x65, 0x28, //    textureStore(
	0x73, 0x5f, 0x69, 0x6d, 0x67, 0x4d, 0x69, 0x70, 0x33, 0x2c, 0x20, 0x76, 0x5f, 0x34, 0x30, 0x2e, // s_imgMip3, v_40.
	0x78, 0x79, 0x2c, 0x20, 0x76, 0x5f, 0x34, 0x30, 0x2e, 0x7a, 0x2c, 0x20, 0x76, 0x5f, 0x33, 0x38, // xy, v_40.z, v_38
	0x29, 0x3b, 0x0a, 0x20, 0x20, 0x20, 0x20, 0x20, 0x20, 0x20, 0x20, 0x2a, 0x28, 0x76, 0x5f, 0x31, // );.        *(v_1
	0x38, 0x29, 0x20, 0x3d, 0x20, 0x76, 0x5f, 0x33, 0x38, 0x2e, 0x78, 0x3b, 0x0a, 0x20, 0x20, 0x20, // 8) = v_38.x;.   
	0x20, 0x20, 0x20, 0x20, 0x20, 0x2a, 0x28, 0x76, 0x5f, 0x31, 0x39, 0x29, 0x20, 0x3d, 0x20, 0x76, //      *(v_19) = v
	0x5f, 0x33, 0x38, 0x2e, 0x79, 0x3b, 0x0a, 0x20, 0x20, 0x20, 0x20, 0x20, 0x20, 0x20, 0x20, 0x2a, // _38.y;.        *
	0x28, 0x76, 0x5f, 0x32, 0x30, 0x29, 0x20, 0x3d, 0x20, 0x76, 0x5f, 0x33, 0x38, 0x2e, 0x7a, 0x3b, // (v_20) = v_38.z;
	0x0a, 0x20, 0x20, 0x20, 0x20, 0x20, 0x20, 0x20, 0x20, 0x2a, 0x28, 0x76, 0x5f, 0x32, 0x31, 0x29, // .        *(v_21)
	0x20, 0x3d, 0x20, 0x76, 0x5f, 0x33, 0x38, 0x2e, 0x77, 0x3b, 0x0a, 0x20, 0x20, 0x20, 0x20, 0x20, //  = v_38.w;.     
	0x20, 0x20, 0x20, 0x76, 0x5f, 0x33, 0x32, 0x20, 0x3d, 0x20, 0x76, 0x5f, 0x33, 0x38, 0x3b, 0x0a, //    v_32 = v_38;.
	0x20, 0x20, 0x20, 0x20, 0x20, 0x20, 0x7d, 0x20, 0x65, 0x6c, 0x73, 0x65, 0x20, 0x7b, 0x0a, 0x20, //       } else {. 
	0x20, 0x20, 0x20, 0x20, 0x20, 0x20, 0x20, 0x76, 0x5f, 0x33, 0x32, 0x20, 0x3d, 0x20, 0x76, 0x5f, //        v_32 = v_
	0x33, 0x31, 0x3b, 0x0a, 0x20, 0x20, 0x20, 0x20, 0x20, 0x20, 0x7d, 0x0a, 0x20, 0x20, 0x20, 0x20, // 31;.      }.    
	0x20, 0x20, 0x6c, 0x65, 0x74, 0x20, 0x76, 0x5f, 0x34, 0x31, 0x20, 0x3d, 0x20, 0x76, 0x5f, 0x33, //   let v_41 = v_3
	0x32, 0x3b, 0x0a, 0x20, 0x20, 0x20, 0x20, 0x20, 0x20, 0x69, 0x66, 0x20, 0x28, 0x28, 0x76, 0x5f, // 2;.      if ((v_
	0x34, 0x20, 0x3d, 0x3d, 0x20, 0x33, 0x75, 0x29, 0x29, 0x20, 0x7b, 0x0a, 0x20, 0x20, 0x20, 0x20, // 4 == 3u)) {.    
	0x20, 0x20, 0x20, 0x20, 0x62, 0x72, 0x65, 0x61, 0x6b, 0x3b, 0x0a, 0x20, 0x20, 0x20, 0x20, 0x20, //     break;.     
	0x20, 0x7d, 0x0a, 0x20, 0x20, 0x20, 0x20, 0x20, 0x20, 0x77, 0x6f, 0x72, 0x6b, 0x67, 0x72, 0x6f, //  }.      workgro
	0x75, 0x70, 0x42, 0x61, 0x72, 0x72, 0x69, 0x65, 0x72, 0x28, 0x29, 0x3b, 0x0a, 0x20, 0x20, 0x20, // upBarrier();.   
	0x20, 0x20, 0x20, 0x69, 0x66, 0x20, 0x28, 0x28, 0x76, 0x5f, 0x31, 0x20, 0x3d, 0x3d, 0x20, 0x30, //    if ((v_1 == 0
	0x75, 0x29, 0x29, 0x20, 0x7b, 0x0a, 0x20, 0x20, 0x20, 0x20, 0x20, 0x20, 0x20, 0x20, 0x6c, 0x65, // u)) {.        le
	0x74, 0x20, 0x76, 0x5f, 0x34, 0x32, 0x20, 0x3d, 0x20, 0x28, 0x76, 0x5f, 0x31, 0x20, 0x2b, 0x20, // t v_42 = (v_1 + 
	0x34, 0x75, 0x29, 0x3b, 0x0a, 0x20, 0x20, 0x20, 0x20, 0x20, 0x20, 0x20, 0x20, 0x6c, 0x65, 0x74, // 4u);.        let
	0x20, 0x76, 0x5f, 0x34, 0x33, 0x20, 0x3d, 0x20, 0x76, 0x65, 0x63, 0x34, 0x3c, 0x66, 0x33, 0x32, //  v_43 = vec4<f32
	0x3e, 0x28, 0x67, 0x73, 0x5f, 0x52, 0x5b, 0x76, 0x5f, 0x34, 0x32, 0x5d, 0x2c, 0x20, 0x67, 0x73, // >(gs_R[v_42], gs
	0x5f, 0x47, 0x5b, 0x76, 0x5f, 0x34, 0x32, 0x5d, 0x2c, 0x20, 0x67, 0x73, 0x5f, 0x42, 0x5b, 0x76, // _G[v_42], gs_B[v
	0x5f, 0x34, 0x32, 0x5d, 0x2c, 0x20, 0x67, 0x73, 0x5f, 0x41, 0x5b, 0x76, 0x5f, 0x34, 0x32, 0x5d, // _42], gs_A[v_42]
	0x29, 0x3b, 0x0a, 0x20, 0x20, 0x20, 0x20, 0x20, 0x20, 0x20, 0x20, 0x6c, 0x65, 0x74, 0x20, 0x76, // );.        let v
	0x5f, 0x34, 0x34, 0x20, 0x3d, 0x20, 0x28, 0x76, 0x5f, 0x31, 0x20, 0x2b, 0x20, 0x33, 0x32, 0x75, // _44 = (v_1 + 32u
	0x29, 0x3b, 0x0a, 0x20, 0x20, 0x20, 0x20, 0x20, 0x20, 0x20, 0x20, 0x6c, 0x65, 0x74, 0x20, 0x76, // );.        let v
	0x5f, 0x34, 0x35, 0x20, 0x3d, 0x20, 0x76, 0x65, 0x63, 0x34, 0x3c, 0x66, 0x33, 0x32, 0x3e, 0x28, // _45 = vec4<f32>(
	0x67, 0x73, 0x5f, 0x52, 0x5b, 0x76, 0x5f, 0x34, 0x34, 0x5d, 0x2c, 0x20, 0x67, 0x73, 0x5f, 0x47, // gs_R[v_44], gs_G
	0x5b, 0x76, 0x5f, 0x34, 0x34, 0x5d, 0x2c, 0x20, 0x67, 0x73, 0x5f, 0x42, 0x5b, 0x76, 0x5f, 0x34, // [v_44], gs_B[v_4
	0x34, 0x5d, 0x2c, 0x20, 0x67, 0x73, 0x5f, 0x41, 0x5b, 0x76, 0x5f, 0x34, 0x34, 0x5d, 0x29, 0x3b, // 4], gs_A[v_44]);
	0x0a, 0x20, 0x20, 0x20, 0x20, 0x20, 0x20, 0x20, 0x20, 0x6c, 0x65, 0x74, 0x20, 0x76, 0x5f, 0x34, // .        let v_4
	0x36, 0x20, 0x3d, 0x20, 0x28, 0x76, 0x5f, 0x31, 0x20, 0x2b, 0x20, 0x33, 0x36, 0x75, 0x29, 0x3b, // 6 = (v_1 + 36u);
	0x0a, 0x20, 0x20, 0x20, 0x20, 0x20, 0x20, 0x20, 0x20, 0x6c, 0x65, 0x74, 0x20, 0x76, 0x5f, 0x34, // .        let v_4
	0x37, 0x20, 0x3d, 0x20, 0x28, 0x28, 0x28, 0x28, 0x76, 0x5f, 0x34, 0x31, 0x20, 0x2b, 0x20, 0x76, // 7 = ((((v_41 + v
	0x5f, 0x34, 0x33, 0x29, 0x20, 0x2b, 0x20, 0x76, 0x5f, 0x34, 0x35, 0x29, 0x20, 0x2b, 0x20, 0x76, // _43) + v_45) + v
	0x65, 0x63, 0x34, 0x3c, 0x66, 0x33, 0x32, 0x3e, 0x28, 0x67, 0x73, 0x5f, 0x52, 0x5b, 0x76, 0x5f, // ec4<f32>(gs_R[v_
	0x34, 0x36, 0x5d, 0x2c, 0x20, 0x67, 0x73, 0x5f, 0x47, 0x5b, 0x76, 0x5f, 0x34, 0x36, 0x5d, 0x2c, // 46], gs_G[v_46],
	0x20, 0x67, 0x73, 0x5f, 0x42, 0x5b, 0x76, 0x5f, 0x34, 0x36, 0x5d, 0x2c, 0x20, 0x67, 0x73, 0x5f, //  gs_B[v_46], gs_
	0x41, 0x5b, 0x76, 0x5f, 0x34, 0x36, 0x5d, 0x29, 0x29, 0x20, 0x2a, 0x20, 0x30, 0x2e, 0x32, 0x35, // A[v_46])) * 0.25
	0x66, 0x29, 0x3b, 0x0a, 0x20, 0x20, 0x20, 0x20, 0x20, 0x20, 0x20, 0x20, 0x6c, 0x65, 0x74, 0x20, // f);.        let 
	0x76, 0x5f, 0x34, 0x38, 0x20, 0x3d, 0x20, 0x62, 0x69, 0x74, 0x63, 0x61, 0x73, 0x74, 0x3c, 0x76, // v_48 = bitcast<v
	0x65, 0x63, 0x32, 0x3c, 0x69, 0x33, 0x32, 0x3e, 0x3e, 0x28, 0x28, 0x76, 0x5f, 0x37, 0x20, 0x2f, // ec2<i32>>((v_7 /
	0x20, 0x76, 0x65, 0x63, 0x32, 0x3c, 0x75, 0x33, 0x32, 0x3e, 0x28, 0x38, 0x75, 0x29, 0x29, 0x29, //  vec2<u32>(8u)))
	0x3b, 0x0a, 0x20, 0x20, 0x20, 0x20, 0x20, 0x20, 0x20, 0x20, 0x6c, 0x65, 0x74, 0x20, 0x76, 0x5f, // ;.        let v_
	0x34, 0x39, 0x20, 0x3d, 0x20, 0x76, 0x65, 0x63, 0x33, 0x3c, 0x69, 0x33, 0x32, 0x3e, 0x28, 0x76, // 49 = vec3<i32>(v
	0x5f, 0x34, 0x38, 0x2e, 0x78, 0x2c, 0x20, 0x76, 0x5f, 0x34, 0x38, 0x2e, 0x79, 0x2c, 0x20, 0x76, // _48.x, v_48.y, v
	0x5f, 0x31, 0x36, 0x29, 0x3b, 0x0a, 0x20, 0x20, 0x20, 0x20, 0x20, 0x20, 0x20, 0x20, 0x74, 0x65, // _16);.        te
	0x78, 0x74, 0x75, 0x72, 0x65, 0x53, 0x74, 0x6f, 0x72, 0x65, 0x28, 0x73, 0x5f, 0x69, 0x6d, 0x67, // xtureStore(s_img
	0x4d, 0x69, 0x70, 0x34, 0x2c, 0x20, 0x76, 0x5f, 0x34, 0x39, 0x2e, 0x78, 0x79, 0x2c, 0x20, 0x76, // Mip4, v_49.xy, v
	0x5f, 0x34, 0x39, 0x2e, 0x7a, 0x2c, 0x20, 0x76, 0x5f, 0x34, 0x37, 0x29, 0x3b, 0x0a, 0x20, 0x20, // _49.z, v_47);.  
	0x20, 0x20, 0x20, 0x20, 0x7d, 0x0a, 0x20, 0x20, 0x20, 0x20, 0x7d, 0x0a, 0x20, 0x20, 0x7d, 0x0a, //     }.    }.  }.
	0x7d, 0x0a, 0x00, 0x00, 0x10, 0x00, 0x10, 0x00,                                                 // }.......
};
static const uint8_t cs_mipgen_oddx_dxbc[3409] =
{
	0x43, 0x53, 0x48, 0x0b, 0x00, 0x00, 0x00, 0x00, 0x00, 0x00, 0x00, 0x00, 0x02, 0x00, 0x0b, 0x62, // CSH............b
	0x67, 0x66, 0x78, 0x5f, 0x6d, 0x69, 0x70, 0x47, 0x65, 0x6e, 0x02, 0x00, 0x00, 0x00, 0x01, 0x00, // gfx_mipGen......
	0x00, 0x00, 0x00, 0x00, 0x0e, 0x62, 0x67, 0x66, 0x78, 0x5f, 0x74, 0x65, 0x78, 0x4d, 0x69, 0x70, // .....bgfx_texMip
	0x53, 0x72, 0x63, 0x20, 0x01, 0x04, 0x00, 0x01, 0x00, 0x00, 0x00, 0x00, 0x00, 0x0c, 0x0d, 0x00, // Src ............
	0x00, 0x44, 0x58, 0x42, 0x43, 0xc4, 0x50, 0x3e, 0x84, 0xfa, 0x4a, 0x31, 0x73, 0x4b, 0xba, 0xc2, // .DXBC.P>..J1sK..
	0xec, 0x6a, 0x7b, 0x5a, 0x88, 0x01, 0x00, 0x00, 0x00, 0x0c, 0x0d, 0x00, 0x00, 0x03, 0x00, 0x00, // .j{Z............
	0x00, 0x2c, 0x00, 0x00, 0x00, 0x3c, 0x00, 0x00, 0x00, 0x4c, 0x00, 0x00, 0x00, 0x49, 0x53, 0x47, // .,...<...L...ISG
	0x4e, 0x08, 0x00, 0x00, 0x00, 0x00, 0x00, 0x00, 0x00, 0x08, 0x00, 0x00, 0x00, 0x4f, 0x53, 0x47, // N............OSG
	0x4e, 0x08, 0x00, 0x00, 0x00, 0x00, 0x00, 0x00, 0x00, 0x08, 0x00, 0x00, 0x00, 0x53, 0x48, 0x45, // N............SHE
	0x58, 0xb8, 0x0c, 0x00, 0x00, 0x50, 0x00, 0x05, 0x00, 0x2e, 0x03, 0x00, 0x00, 0x6a, 0x08, 0x00, // X....P.......j..
	0x01, 0x59, 0x00, 0x00, 0x04, 0x46, 0x8e, 0x20, 0x00, 0x00, 0x00, 0x00, 0x00, 0x01, 0x00, 0x00, // .Y...F. ........
	0x00, 0x5a, 0x00, 0x00, 0x03, 0x00, 0x60, 0x10, 0x00, 0x04, 0x00, 0x00, 0x00, 0x58, 0x40, 0x00, // .Z....`......X@.
	0x04, 0x00, 0x70, 0x10, 0x00, 0x04, 0x00, 0x00, 0x00, 0x55, 0x55, 0x00, 0x00, 0x9c, 0x40, 0x00, // ..p......UU...@.
	0x04, 0x00, 0xe0, 0x11, 0x00, 0x00, 0x00, 0x00, 0x00, 0x11, 0x11, 0x00, 0x00, 0x9c, 0x40, 0x00, // ..............@.
	0x04, 0x00, 0xe0, 0x11, 0x00, 0x01, 0x00, 0x00, 0x00, 0x11, 0x11, 0x00, 0x00, 0x9c, 0x40, 0x00, // ..............@.
	0x04, 0x00, 0xe0, 0x11, 0x00, 0x02, 0x00, 0x00, 0x00, 0x11, 0x11, 0x00, 0x00, 0x9c, 0x40, 0x00, // ..............@.
	0x04, 0x00, 0xe0, 0x11, 0x00, 0x03, 0x00, 0x00, 0x00, 0x11, 0x11, 0x00, 0x00, 0x5f, 0x00, 0x00, // ............._..
	0x02, 0x00, 0x40, 0x02, 0x00, 0x5f, 0x00, 0x00, 0x02, 0x72, 0x00, 0x02, 0x00, 0x68, 0x00, 0x00, // ..@.._...r...h..
	0x02, 0x06, 0x00, 0x00, 0x00, 0xa0, 0x00, 0x00, 0x05, 0x00, 0xf0, 0x11, 0x00, 0x00, 0x00, 0x00, // ................
	0x00, 0x04, 0x00, 0x00, 0x00, 0x40, 0x00, 0x00, 0x00, 0xa0, 0x00, 0x00, 0x05, 0x00, 0xf0, 0x11, // .....@..........
	0x00, 0x01, 0x00, 0x00, 0x00, 0x04, 0x00, 0x00, 0x00, 0x40, 0x00, 0x00, 0x00, 0xa0, 0x00, 0x00, // .........@......
	0x05, 0x00, 0xf0, 0x11, 0x00, 0x02, 0x00, 0x00, 0x00, 0x04, 0x00, 0x00, 0x00, 0x40, 0x00, 0x00, // .............@..
	0x00, 0xa0, 0x00, 0x00, 0x05, 0x00, 0xf0, 0x11, 0x00, 0x03, 0x00, 0x00, 0x00, 0x04, 0x00, 0x00, // ................
	0x00, 0x40, 0x00, 0x00, 0x00, 0x9b, 0x00, 0x00, 0x04, 0x08, 0x00, 0x00, 0x00, 0x08, 0x00, 0x00, // .@..............
	0x00, 0x01, 0x00, 0x00, 0x00, 0x1c, 0x00, 0x00, 0x06, 0x32, 0x00, 0x10, 0x00, 0x00, 0x00, 0x00, // .........2......
	0x00, 0x46, 0x80, 0x20, 0x00, 0x00, 0x00, 0x00, 0x00, 0x00, 0x00, 0x00, 0x00, 0x56, 0x00, 0x00, // .F. .........V..
	0x04, 0x72, 0x00, 0x10, 0x00, 0x01, 0x00, 0x00, 0x00, 0x46, 0x02, 0x02, 0x00, 0x00, 0x00, 0x00, // .r.......F......
	0x0a, 0xc2, 0x00, 0x10, 0x00, 0x00, 0x00, 0x00, 0x00, 0x06, 0x04, 0x10, 0x00, 0x01, 0x00, 0x00, // ................
	0x00, 0x02, 0x40, 0x00, 0x00, 0x00, 0x00, 0x00, 0x00, 0x00, 0x00, 0x00, 0x00, 0x00, 0x00, 0x80, // ..@.............
	0x3e, 0x00, 0x00, 0x00, 0x3f, 0x38, 0x00, 0x00, 0x08, 0x32, 0x00, 0x10, 0x00, 0x01, 0x00, 0x00, // >...?8...2......
	0x00, 0xe6, 0x0a, 0x10, 0x00, 0x00, 0x00, 0x00, 0x00, 0xe6, 0x8a, 0x20, 0x00, 0x00, 0x00, 0x00, // ........... ....
	0x00, 0x00, 0x00, 0x00, 0x00, 0x56, 0x00, 0x00, 0x05, 0x12, 0x00, 0x10, 0x00, 0x00, 0x00, 0x00, // .....V..........
	0x00, 0x0a, 0x00, 0x10, 0x00, 0x00, 0x00, 0x00, 0x00, 0x48, 0x00, 0x00, 0x8d, 0x02, 0x02, 0x00, // .........H......
	0x80, 0x43, 0x55, 0x15, 0x00, 0xf2, 0x00, 0x10, 0x00, 0x02, 0x00, 0x00, 0x00, 0x46, 0x02, 0x10, // .CU..........F..
	0x00, 0x01, 0x00, 0x00, 0x00, 0x46, 0x7e, 0x10, 0x00, 0x04, 0x00, 0x00, 0x00, 0x00, 0x60, 0x10, // .....F~.......`.
	0x00, 0x04, 0x00, 0x00, 0x00, 0x0a, 0x00, 0x10, 0x00, 0x00, 0x00, 0x00, 0x00, 0x32, 0x00, 0x00, // .............2..
	0x0d, 0x32, 0x00, 0x10, 0x00, 0x01, 0x00, 0x00, 0x00, 0xe6, 0x8a, 0x20, 0x00, 0x00, 0x00, 0x00, // .2......... ....
	0x00, 0x00, 0x00, 0x00, 0x00, 0x02, 0x40, 0x00, 0x00, 0x00, 0x00, 0x00, 0x3f, 0x00, 0x00, 0x00, // ......@.....?...
	0x00, 0x00, 0x00, 0x00, 0x00, 0x00, 0x00, 0x00, 0x00, 0x46, 0x00, 0x10, 0x00, 0x01, 0x00, 0x00, // .........F......
	0x00, 0x48, 0x00, 0x00, 0x8d, 0x02, 0x02, 0x00, 0x80, 0x43, 0x55, 0x15, 0x00, 0xf2, 0x00, 0x10, // .H.......CU.....
	0x00, 0x01, 0x00, 0x00, 0x00, 0x46, 0x02, 0x10, 0x00, 0x01, 0x00, 0x00, 0x00, 0x46, 0x7e, 0x10, // .....F.......F~.
	0x00, 0x04, 0x00, 0x00, 0x00, 0x00, 0x60, 0x10, 0x00, 0x04, 0x00, 0x00, 0x00, 0x0a, 0x00, 0x10, // ......`.........
	0x00, 0x00, 0x00, 0x00, 0x00, 0x00, 0x00, 0x00, 0x07, 0xf2, 0x00, 0x10, 0x00, 0x01, 0x00, 0x00, // ................
	0x00, 0x46, 0x0e, 0x10, 0x00, 0x01, 0x00, 0x00, 0x00, 0x46, 0x0e, 0x10, 0x00, 0x02, 0x00, 0x00, // .F.......F......
	0x00, 0x38, 0x00, 0x00, 0x0a, 0xf2, 0x00, 0x10, 0x00, 0x02, 0x00, 0x00, 0x00, 0x46, 0x0e, 0x10, // .8...........F..
	0x00, 0x01, 0x00, 0x00, 0x00, 0x02, 0x40, 0x00, 0x00, 0x00, 0x00, 0x00, 0x3f, 0x00, 0x00, 0x00, // ......@.....?...
	0x3f, 0x00, 0x00, 0x00, 0x3f, 0x00, 0x00, 0x00, 0x3f, 0xa4, 0x00, 0x00, 0x06, 0xf2, 0xe0, 0x11, // ?...?...?.......
	0x00, 0x00, 0x00, 0x00, 0x00, 0x46, 0x0a, 0x02, 0x00, 0x46, 0x0e, 0x10, 0x00, 0x02, 0x00, 0x00, // .....F...F......
	0x00, 0x20, 0x00, 0x00, 0x07, 0x12, 0x00, 0x10, 0x00, 0x00, 0x00, 0x00, 0x00, 0x1a, 0x00, 0x10, // . ..............
	0x00, 0x00, 0x00, 0x00, 0x00, 0x01, 0x40, 0x00, 0x00, 0x01, 0x00, 0x00, 0x00, 0x1f, 0x00, 0x04, // ......@.........
	0x03, 0x0a, 0x00, 0x10, 0x00, 0x00, 0x00, 0x00, 0x00, 0x3e, 0x00, 0x00, 0x01, 0x15, 0x00, 0x00, // .........>......
	0x01, 0xa8, 0x00, 0x00, 0x08, 0x12, 0xf0, 0x11, 0x00, 0x00, 0x00, 0x00, 0x00, 0x0a, 0x40, 0x02, // ..............@.
	0x00, 0x01, 0x40, 0x00, 0x00, 0x00, 0x00, 0x00, 0x00, 0x0a, 0x00, 0x10, 0x00, 0x02, 0x00, 0x00, // ..@.............
	0x00, 0xa8, 0x00, 0x00, 0x08, 0x12, 0xf0, 0x11, 0x00, 0x01, 0x00, 0x00, 0x00, 0x0a, 0x40, 0x02, // ..............@.
	0x00, 0x01, 0x40, 0x00, 0x00, 0x00, 0x00, 0x00, 0x00, 0x1a, 0x00, 0x10, 0x00, 0x02, 0x00, 0x00, // ..@.............
	0x00, 0xa8, 0x00, 0x00, 0x08, 0x12, 0xf0, 0x11, 0x00, 0x02, 0x00, 0x00, 0x00, 0x0a, 0x40, 0x02, // ..............@.
	0x00, 0x01, 0x40, 0x00, 0x00, 0x00, 0x00, 0x00, 0x00, 0x2a, 0x00, 0x10, 0x00, 0x02, 0x00, 0x00, // ..@......*......
	0x00, 0xa8, 0x00, 0x00, 0x08, 0x12, 0xf0, 0x11, 0x00, 0x03, 0x00, 0x00, 0x00, 0x0a, 0x40, 0x02, // ..............@.
	0x00, 0x01, 0x40, 0x00, 0x00, 0x00, 0x00, 0x00, 0x00, 0x3a, 0x00, 0x10, 0x00, 0x02, 0x00, 0x00, // ..@......:......
	0x00, 0xbe, 0x18, 0x00, 0x01, 0x01, 0x00, 0x00, 0x06, 0x12, 0x00, 0x10, 0x00, 0x00, 0x00, 0x00, // ................
	0x00, 0x0a, 0x40, 0x02, 0x00, 0x01, 0x40, 0x00, 0x00, 0x09, 0x00, 0x00, 0x00, 0x1f, 0x00, 0x00, // ..@...@.........
	0x03, 0x0a, 0x00, 0x10, 0x00, 0x00, 0x00, 0x00, 0x00, 0x1e, 0x00, 0x00, 0x09, 0xd2, 0x00, 0x10, // ................
	0x00, 0x00, 0x00, 0x00, 0x00, 0x06, 0x40, 0x02, 0x00, 0x02, 0x40, 0x00, 0x00, 0x01, 0x00, 0x00, // ......@...@.....
	0x00, 0x00, 0x00, 0x00, 0x00, 0x08, 0x00, 0x00, 0x00, 0x09, 0x00, 0x00, 0x00, 0xa7, 0x00, 0x00, // ................
	0x09, 0x12, 0x00, 0x10, 0x00, 0x03, 0x00, 0x00, 0x00, 0x0a, 0x00, 0x10, 0x00, 0x00, 0x00, 0x00, // ................
	0x00, 0x01, 0x40, 0x00, 0x00, 0x00, 0x00, 0x00, 0x00, 0x06, 0xf0, 0x11, 0x00, 0x00, 0x00, 0x00, // ..@.............
	0x00, 0xa7, 0x00, 0x00, 0x09, 0x22, 0x00, 0x10, 0x00, 0x03, 0x00, 0x00, 0x00, 0x0a, 0x00, 0x10, // ....."..........
	0x00, 0x00, 0x00, 0x00, 0x00, 0x01, 0x40, 0x00, 0x00, 0x00, 0x00, 0x00, 0x00, 0x06, 0xf0, 0x11, // ......@.........
	0x00, 0x01, 0x00, 0x00, 0x00, 0xa7, 0x00, 0x00, 0x09, 0x42, 0x00, 0x10, 0x00, 0x03, 0x00, 0x00, // .........B......
	0x00, 0x0a, 0x00, 0x10, 0x00, 0x00, 0x00, 0x00, 0x00, 0x01, 0x40, 0x00, 0x00, 0x00, 0x00, 0x00, // ..........@.....
	0x00, 0x06, 0xf0, 0x11, 0x00, 0x02, 0x00, 0x00, 0x00, 0xa7, 0x00, 0x00, 0x09, 0x82, 0x00, 0x10, // ................
	0x00, 0x03, 0x00, 0x00, 0x00, 0x0a, 0x00, 0x10, 0x00, 0x00, 0x00, 0x00, 0x00, 0x01, 0x40, 0x00, // ..............@.
	0x00, 0x00, 0x00, 0x00, 0x00, 0x06, 0xf0, 0x11, 0x00, 0x03, 0x00, 0x00, 0x00, 0xa7, 0x00, 0x00, // ................
	0x09, 0x12, 0x00, 0x10, 0x00, 0x04, 0x00, 0x00, 0x00, 0x2a, 0x00, 0x10, 0x00, 0x00, 0x00, 0x00, // .........*......
	0x00, 0x01, 0x40, 0x00, 0x00, 0x00, 0x00, 0x00, 0x00, 0x06, 0xf0, 0x11, 0x00, 0x00, 0x00, 0x00, // ..@.............
	0x00, 0xa7, 0x00, 0x00, 0x09, 0x22, 0x00, 0x10, 0x00, 0x04, 0x00, 0x00, 0x00, 0x2a, 0x00, 0x10, // .....".......*..
	0x00, 0x00, 0x00, 0x00, 0x00, 0x01, 0x40, 0x00, 0x00, 0x00, 0x00, 0x00, 0x00, 0x06, 0xf0, 0x11, // ......@.........
	0x00, 0x01, 0x00, 0x00, 0x00, 0xa7, 0x00, 0x00, 0x09, 0x42, 0x00, 0x10, 0x00, 0x04, 0x00, 0x00, // .........B......
	0x00, 0x2a, 0x00, 0x10, 0x00, 0x00, 0x00, 0x00, 0x00, 0x01, 0x40, 0x00, 0x00, 0x00, 0x00, 0x00, // .*........@.....
	0x00, 0x06, 0xf0, 0x11, 0x00, 0x02, 0x00, 0x00, 0x00, 0xa7, 0x00, 0x00, 0x09, 0x82, 0x00, 0x10, // ................
	0x00, 0x04, 0x00, 0x00, 0x00, 0x2a, 0x00, 0x10, 0x00, 0x00, 0x00, 0x00, 0x00, 0x01, 0x40, 0x00, // .....*........@.
	0x00, 0x00, 0x00, 0x00, 0x00, 0x06, 0xf0, 0x11, 0x00, 0x03, 0x00, 0x00, 0x00, 0xa7, 0x00, 0x00, // ................
	0x09, 0x12, 0x00, 0x10, 0x00, 0x05, 0x00, 0x00, 0x00, 0x3a, 0x00, 0x10, 0x00, 0x00, 0x00, 0x00, // .........:......
	0x00, 0x01, 0x40, 0x00, 0x00, 0x00, 0x00, 0x00, 0x00, 0x06, 0xf0, 0x11, 0x00, 0x00, 0x00, 0x00, // ..@.............
	0x00, 0xa7, 0x00, 0x00, 0x09, 0x22, 0x00, 0x10, 0x00, 0x05, 0x00, 0x00, 0x00, 0x3a, 0x00, 0x10, // .....".......:..
	0x00, 0x00, 0x00, 0x00, 0x00, 0x01, 0x40, 0x00, 0x00, 0x00, 0x00, 0x00, 0x00, 0x06, 0xf0, 0x11, // ......@.........
	0x00, 0x01, 0x00, 0x00, 0x00, 0xa7, 0x00, 0x00, 0x09, 0x42, 0x00, 0x10, 0x00, 0x05, 0x00, 0x00, // .........B......
	0x00, 0x3a, 0x00, 0x10, 0x00, 0x00, 0x00, 0x00, 0x00, 0x01, 0x40, 0x00, 0x00, 0x00, 0x00, 0x00, // .:........@.....
	0x00, 0x06, 0xf0, 0x11, 0x00, 0x02, 0x00, 0x00, 0x00, 0xa7, 0x00, 0x00, 0x09, 0x82, 0x00, 0x10, // ................
	0x00, 0x05, 0x00, 0x00, 0x00, 0x3a, 0x00, 0x10, 0x00, 0x00, 0x00, 0x00, 0x00, 0x01, 0x40, 0x00, // .....:........@.
	0x00, 0x00, 0x00, 0x00, 0x00, 0x06, 0xf0, 0x11, 0x00, 0x03, 0x00, 0x00, 0x00, 0x32, 0x00, 0x00, // .............2..
	0x0c, 0xf2, 0x00, 0x10, 0x00, 0x01, 0x00, 0x00, 0x00, 0x46, 0x0e, 0x10, 0x00, 0x01, 0x00, 0x00, // .........F......
	0x00, 0x02, 0x40, 0x00, 0x00, 0x00, 0x00, 0x00, 0x3f, 0x00, 0x00, 0x00, 0x3f, 0x00, 0x00, 0x00, // ..@.....?...?...
	0x3f, 0x00, 0x00, 0x00, 0x3f, 0x46, 0x0e, 0x10, 0x00, 0x03, 0x00, 0x00, 0x00, 0x00, 0x00, 0x00, // ?...?F..........
	0x07, 0xf2, 0x00, 0x10, 0x00, 0x01, 0x00, 0x00, 0x00, 0x46, 0x0e, 0x10, 0x00, 0x04, 0x00, 0x00, // .........F......
	0x00, 0x46, 0x0e, 0x10, 0x00, 0x01, 0x00, 0x00, 0x00, 0x00, 0x00, 0x00, 0x07, 0xf2, 0x00, 0x10, // .F..............
	0x00, 0x01, 0x00, 0x00, 0x00, 0x46, 0x0e, 0x10, 0x00, 0x05, 0x00, 0x00, 0x00, 0x46, 0x0e, 0x10, // .....F.......F..
	0x00, 0x01, 0x00, 0x00, 0x00, 0x38, 0x00, 0x00, 0x0a, 0xf2, 0x00, 0x10, 0x00, 0x02, 0x00, 0x00, // .....8..........
	0x00, 0x46, 0x0e, 0x10, 0x00, 0x01, 0x00, 0x00, 0x00, 0x02, 0x40, 0x00, 0x00, 0x00, 0x00, 0x80, // .F........@.....
	0x3e, 0x00, 0x00, 0x80, 0x3e, 0x00, 0x00, 0x80, 0x3e, 0x00, 0x00, 0x80, 0x3e, 0x55, 0x00, 0x00, // >...>...>...>U..
	0x09, 0x32, 0x00, 0x10, 0x00, 0x01, 0x00, 0x00, 0x00, 0x46, 0x00, 0x02, 0x00, 0x02, 0x40, 0x00, // .2.......F....@.
	0x00, 0x01, 0x00, 0x00, 0x00, 0x01, 0x00, 0x00, 0x00, 0x00, 0x00, 0x00, 0x00, 0x00, 0x00, 0x00, // ................
	0x00, 0x36, 0x00, 0x00, 0x04, 0xc2, 0x00, 0x10, 0x00, 0x01, 0x00, 0x00, 0x00, 0xa6, 0x0a, 0x02, // .6..............
	0x00, 0xa4, 0x00, 0x00, 0x07, 0xf2, 0xe0, 0x11, 0x00, 0x01, 0x00, 0x00, 0x00, 0x46, 0x0e, 0x10, // .............F..
	0x00, 0x01, 0x00, 0x00, 0x00, 0x46, 0x0e, 0x10, 0x00, 0x02, 0x00, 0x00, 0x00, 0xa8, 0x00, 0x00, // .....F..........
	0x08, 0x12, 0xf0, 0x11, 0x00, 0x00, 0x00, 0x00, 0x00, 0x0a, 0x40, 0x02, 0x00, 0x01, 0x40, 0x00, // ..........@...@.
	0x00, 0x00, 0x00, 0x00, 0x00, 0x0a, 0x00, 0x10, 0x00, 0x02, 0x00, 0x00, 0x00, 0xa8, 0x00, 0x00, // ................
	0x08, 0x12, 0xf0, 0x11, 0x00, 0x01, 0x00, 0x00, 0x00, 0x0a, 0x40, 0x02, 0x00, 0x01, 0x40, 0x00, // ..........@...@.
	0x00, 0x00, 0x00, 0x00, 0x00, 0x1a, 0x00, 0x10, 0x00, 0x02, 0x00, 0x00, 0x00, 0xa8, 0x00, 0x00, // ................
	0x08, 0x12, 0xf0, 0x11, 0x00, 0x02, 0x00, 0x00, 0x00, 0x0a, 0x40, 0x02, 0x00, 0x01, 0x40, 0x00, // ..........@...@.
	0x00, 0x00, 0x00, 0x00, 0x00, 0x2a, 0x00, 0x10, 0x00, 0x02, 0x00, 0x00, 0x00, 0xa8, 0x00, 0x00, // .....*..........
	0x08, 0x12, 0xf0, 0x11, 0x00, 0x03, 0x00, 0x00, 0x00, 0x0a, 0x40, 0x02, 0x00, 0x01, 0x40, 0x00, // ..........@...@.
	0x00, 0x00, 0x00, 0x00, 0x00, 0x3a, 0x00, 0x10, 0x00, 0x02, 0x00, 0x00, 0x00, 0x15, 0x00, 0x00, // .....:..........
	0x01, 0x20, 0x00, 0x00, 0x07, 0x12, 0x00, 0x10, 0x00, 0x00, 0x00, 0x00, 0x00, 0x1a, 0x00, 0x10, // . ..............
	0x00, 0x00, 0x00, 0x00, 0x00, 0x01, 0x40, 0x00, 0x00, 0x02, 0x00, 0x00, 0x00, 0x1f, 0x00, 0x04, // ......@.........
	0x03, 0x0a, 0x00, 0x10, 0x00, 0x00, 0x00, 0x00, 0x00, 0x3e, 0x00, 0x00, 0x01, 0x15, 0x00, 0x00, // .........>......
	0x01, 0xbe, 0x18, 0x00, 0x01, 0x01, 0x00, 0x00, 0x06, 0x12, 0x00, 0x10, 0x00, 0x00, 0x00, 0x00, // ................
	0x00, 0x0a, 0x40, 0x02, 0x00, 0x01, 0x40, 0x00, 0x00, 0x1b, 0x00, 0x00, 0x00, 0x1f, 0x00, 0x00, // ..@...@.........
	0x03, 0x0a, 0x00, 0x10, 0x00, 0x00, 0x00, 0x00, 0x00, 0x1e, 0x00, 0x00, 0x09, 0xd2, 0x00, 0x10, // ................
	0x00, 0x00, 0x00, 0x00, 0x00, 0x06, 0x40, 0x02, 0x00, 0x02, 0x40, 0x00, 0x00, 0x02, 0x00, 0x00, // ......@...@.....
	0x00, 0x00, 0x00, 0x00, 0x00, 0x10, 0x00, 0x00, 0x00, 0x12, 0x00, 0x00, 0x00, 0xa7, 0x00, 0x00, // ................
	0x09, 0x12, 0x00, 0x10, 0x00, 0x01, 0x00, 0x00, 0x00, 0x0a, 0x00, 0x10, 0x00, 0x00, 0x00, 0x00, // ................
	0x00, 0x01, 0x40, 0x00, 0x00, 0x00, 0x00, 0x00, 0x00, 0x06, 0xf0, 0x11, 0x00, 0x00, 0x00, 0x00, // ..@.............
	0x00, 0xa7, 0x00, 0x00, 0x09, 0x22, 0x00, 0x10, 0x00, 0x01, 0x00, 0x00, 0x00, 0x0a, 0x00, 0x10, // ....."..........
	0x00, 0x00, 0x00, 0x00, 0x00, 0x01, 0x40, 0x00, 0x00, 0x00, 0x00, 0x00, 0x00, 0x06, 0xf0, 0x11, // ......@.........
	0x00, 0x01, 0x00, 0x00, 0x00, 0xa7, 0x00, 0x00, 0x09, 0x42, 0x00, 0x10, 0x00, 0x01, 0x00, 0x00, // .........B......
	0x00, 0x0a, 0x00, 0x10, 0x00, 0x00, 0x00, 0x00, 0x00, 0x01, 0x40, 0x00, 0x00, 0x00, 0x00, 0x00, // ..........@.....
	0x00, 0x06, 0xf0, 0x11, 0x00, 0x02, 0x00, 0x00, 0x00, 0xa7, 0x00, 0x00, 0x09, 0x82, 0x00, 0x10, // ................
	0x00, 0x01, 0x00, 0x00, 0x00, 0x0a, 0x00, 0x10, 0x00, 0x00, 0x00, 0x00, 0x00, 0x01, 0x40, 0x00, // ..............@.
	0x00, 0x00, 0x00, 0x00, 0x00, 0x06, 0xf0, 0x11, 0x00, 0x03, 0x00, 0x00, 0x00, 0xa7, 0x00, 0x00, // ................
	0x09, 0x12, 0x00, 0x10, 0x00, 0x03, 0x00, 0x00, 0x00, 0x2a, 0x00, 0x10, 0x00, 0x00, 0x00, 0x00, // .........*......
	0x00, 0x01, 0x40, 0x00, 0x00, 0x00, 0x00, 0x00, 0x00, 0x06, 0xf0, 0x11, 0x00, 0x00, 0x00, 0x00, // ..@.............
	0x00, 0xa7, 0x00, 0x00, 0x09, 0x22, 0x00, 0x10, 0x00, 0x03, 0x00, 0x00, 0x00, 0x2a, 0x00, 0x10, // .....".......*..
	0x00, 0x00, 0x00, 0x00, 0x00, 0x01, 0x40, 0x00, 0x00, 0x00, 0x00, 0x00, 0x00, 0x06, 0xf0, 0x11, // ......@.........
	0x00, 0x01, 0x00, 0x00, 0x00, 0xa7, 0x00, 0x00, 0x09, 0x42, 0x00, 0x10, 0x00, 0x03, 0x00, 0x00, // .........B......
	0x00, 0x2a, 0x00, 0x10, 0x00, 0x00, 0x00, 0x00, 0x00, 0x01, 0x40, 0x00, 0x00, 0x00, 0x00, 0x00, // .*........@.....
	0x00, 0x06, 0xf0, 0x11, 0x00, 0x02, 0x00, 0x00, 0x00, 0xa7, 0x00, 0x00, 0x09, 0x82, 0x00, 0x10, // ................
	0x00, 0x03, 0x00, 0x00, 0x00, 0x2a, 0x00, 0x10, 0x00, 0x00, 0x00, 0x00, 0x00, 0x01, 0x40, 0x00, // .....*........@.
	0x00, 0x00, 0x00, 0x00, 0x00, 0x06, 0xf0, 0x11, 0x00, 0x03, 0x00, 0x00, 0x00, 0xa7, 0x00, 0x00, // ................
	0x09, 0x12, 0x00, 0x10, 0x00, 0x04, 0x00, 0x00, 0x00, 0x3a, 0x00, 0x10, 0x00, 0x00, 0x00, 0x00, // .........:......
	0x00, 0x01, 0x40, 0x00, 0x00, 0x00, 0x00, 0x00, 0x00, 0x06, 0xf0, 0x11, 0x00, 0x00, 0x00, 0x00, // ..@.............
	0x00, 0xa7, 0x00, 0x00, 0x09, 0x22, 0x00, 0x10, 0x00, 0x04, 0x00, 0x00, 0x00, 0x3a, 0x00, 0x10, // .....".......:..
	0x00, 0x00, 0x00, 0x00, 0x00, 0x01, 0x40, 0x00, 0x00, 0x00, 0x00, 0x00, 0x00, 0x06, 0xf0, 0x11, // ......@.........
	0x00, 0x01, 0x00, 0x00, 0x00, 0xa7, 0x00, 0x00, 0x09, 0x42, 0x00, 0x10, 0x00, 0x04, 0x00, 0x00, // .........B......
	0x00, 0x3a, 0x00, 0x10, 0x00, 0x00, 0x00, 0x00, 0x00, 0x01, 0x40, 0x00, 0x00, 0x00, 0x00, 0x00, // .:........@.....
	0x00, 0x06, 0xf0, 0x11, 0x00, 0x02, 0x00, 0x00, 0x00, 0xa7, 0x00, 0x00, 0x09, 0x82, 0x00, 0x10, // ................
	0x00, 0x04, 0x00, 0x00, 0x00, 0x3a, 0x00, 0x10, 0x00, 0x00, 0x00, 0x00, 0x00, 0x01, 0x40, 0x00, // .....:........@.
	0x00, 0x00, 0x00, 0x00, 0x00, 0x06, 0xf0, 0x11, 0x00, 0x03, 0x00, 0x00, 0x00, 0x00, 0x00, 0x00, // ................
	0x07, 0xf2, 0x00, 0x10, 0x00, 0x01, 0x00, 0x00, 0x00, 0x46, 0x0e, 0x10, 0x00, 0x01, 0x00, 0x00, // .........F......
	0x00, 0x46, 0x0e, 0x10, 0x00, 0x02, 0x00, 0x00, 0x00, 0x00, 0x00, 0x00, 0x07, 0xf2, 0x00, 0x10, // .F..............
	0x00, 0x01, 0x00, 0x00, 0x00, 0x46, 0x0e, 0x10, 0x00, 0x03, 0x00, 0x00, 0x00, 0x46, 0x0e, 0x10, // .....F.......F..
	0x00, 0x01, 0x00, 0x00, 0x00, 0x00, 0x00, 0x00, 0x07, 0xf2, 0x00, 0x10, 0x00, 0x01, 0x00, 0x00, // ................
	0x00, 0x46, 0x0e, 0x10, 0x00, 0x04, 0x00, 0x00, 0x00, 0x46, 0x0e, 0x10, 0x00, 0x01, 0x00, 0x00, // .F.......F......
	0x00, 0x38, 0x00, 0x00, 0x0a, 0xf2, 0x00, 0x10, 0x00, 0x02, 0x00, 0x00, 0x00, 0x46, 0x0e, 0x10, // .8...........F..
	0x00, 0x01, 0x00, 0x00, 0x00, 0x02, 0x40, 0x00, 0x00, 0x00, 0x00, 0x80, 0x3e, 0x00, 0x00, 0x80, // ......@.....>...
	0x3e, 0x00, 0x00, 0x80, 0x3e, 0x00, 0x00, 0x80, 0x3e, 0x55, 0x00, 0x00, 0x09, 0x32, 0x00, 0x10, // >...>...>U...2..
	0x00, 0x01, 0x00, 0x00, 0x00, 0x46, 0x00, 0x02, 0x00, 0x02, 0x40, 0x00, 0x00, 0x02, 0x00, 0x00, // .....F....@.....
	0x00, 0x02, 0x00, 0x00, 0x00, 0x00, 0x00, 0x00, 0x00, 0x00, 0x00, 0x00, 0x00, 0x36, 0x00, 0x00, // .............6..
	0x04, 0xc2, 0x00, 0x10, 0x00, 0x01, 0x00, 0x00, 0x00, 0xa6, 0x0a, 0x02, 0x00, 0xa4, 0x00, 0x00, // ................
	0x07, 0xf2, 0xe0, 0x11, 0x00, 0x02, 0x00, 0x00, 0x00, 0x46, 0x0e, 0x10, 0x00, 0x01, 0x00, 0x00, // .........F......
	0x00, 0x46, 0x0e, 0x10, 0x00, 0x02, 0x00, 0x00, 0x00, 0xa8, 0x00, 0x00, 0x08, 0x12, 0xf0, 0x11, // .F..............
	0x00, 0x00, 0x00, 0x00, 0x00, 0x0a, 0x40, 0x02, 0x00, 0x01, 0x40, 0x00, 0x00, 0x00, 0x00, 0x00, // ......@...@.....
	0x00, 0x0a, 0x00, 0x10, 0x00, 0x02, 0x00, 0x00, 0x00, 0xa8, 0x00, 0x00, 0x08, 0x12, 0xf0, 0x11, // ................
	0x00, 0x01, 0x00, 0x00, 0x00, 0x0a, 0x40, 0x02, 0x00, 0x01, 0x40, 0x00, 0x00, 0x00, 0x00, 0x00, // ......@...@.....
	0x00, 0x1a, 0x00, 0x10, 0x00, 0x02, 0x00, 0x00, 0x00, 0xa8, 0x00, 0x00, 0x08, 0x12, 0xf0, 0x11, // ................
	0x00, 0x02, 0x00, 0x00, 0x00, 0x0a, 0x40, 0x02, 0x00, 0x01, 0x40, 0x00, 0x00, 0x00, 0x00, 0x00, // ......@...@.....
	0x00, 0x2a, 0x00, 0x10, 0x00, 0x02, 0x00, 0x00, 0x00, 0xa8, 0x00, 0x00, 0x08, 0x12, 0xf0, 0x11, // .*..............
	0x00, 0x03, 0x00, 0x00, 0x00, 0x0a, 0x40, 0x02, 0x00, 0x01, 0x40, 0x00, 0x00, 0x00, 0x00, 0x00, // ......@...@.....
	0x00, 0x3a, 0x00, 0x10, 0x00, 0x02, 0x00, 0x00, 0x00, 0x15, 0x00, 0x00, 0x01, 0x20, 0x00, 0x00, // .:........... ..
	0x07, 0x12, 0x00, 0x10, 0x00, 0x00, 0x00, 0x00, 0x00, 0x1a, 0x00, 0x10, 0x00, 0x00, 0x00, 0x00, // ................
	0x00, 0x01, 0x40, 0x00, 0x00, 0x03, 0x00, 0x00, 0x00, 0x1f, 0x00, 0x04, 0x03, 0x0a, 0x00, 0x10, // ..@.............
	0x00, 0x00, 0x00, 0x00, 0x00, 0x3e, 0x00, 0x00, 0x01, 0x15, 0x00, 0x00, 0x01, 0xbe, 0x18, 0x00, // .....>..........
	0x01, 0x1f, 0x00, 0x00, 0x02, 0x0a, 0x40, 0x02, 0x00, 0xa7, 0x00, 0x00, 0x09, 0x12, 0x00, 0x10, // ......@.........
	0x00, 0x00, 0x00, 0x00, 0x00, 0x01, 0x40, 0x00, 0x00, 0x04, 0x00, 0x00, 0x00, 0x01, 0x40, 0x00, // ......@.......@.
	0x00, 0x00, 0x00, 0x00, 0x00, 0x06, 0xf0, 0x11, 0x00, 0x00, 0x00, 0x00, 0x00, 0xa7, 0x00, 0x00, // ................
	0x09, 0x22, 0x00, 0x10, 0x00, 0x00, 0x00, 0x00, 0x00, 0x01, 0x40, 0x00, 0x00, 0x04, 0x00, 0x00, // ."........@.....
	0x00, 0x01, 0x40, 0x00, 0x00, 0x00, 0x00, 0x00, 0x00, 0x06, 0xf0, 0x11, 0x00, 0x01, 0x00, 0x00, // ..@.............
	0x00, 0xa7, 0x00, 0x00, 0x09, 0x42, 0x00, 0x10, 0x00, 0x00, 0x00, 0x00, 0x00, 0x01, 0x40, 0x00, // .....B........@.
	0x00, 0x04, 0x00, 0x00, 0x00, 0x01, 0x40, 0x00, 0x00, 0x00, 0x00, 0x00, 0x00, 0x06, 0xf0, 0x11, // ......@.........
	0x00, 0x02, 0x00, 0x00, 0x00, 0xa7, 0x00, 0x00, 0x09, 0x82, 0x00, 0x10, 0x00, 0x00, 0x00, 0x00, // ................
	0x00, 0x01, 0x40, 0x00, 0x00, 0x04, 0x00, 0x00, 0x00, 0x01, 0x40, 0x00, 0x00, 0x00, 0x00, 0x00, // ..@.......@.....
	0x00, 0x06, 0xf0, 0x11, 0x00, 0x03, 0x00, 0x00, 0x00, 0xa7, 0x00, 0x00, 0x09, 0x12, 0x00, 0x10, // ................
	0x00, 0x01, 0x00, 0x00, 0x00, 0x01, 0x40, 0x00, 0x00, 0x20, 0x00, 0x00, 0x00, 0x01, 0x40, 0x00, // ......@.. ....@.
	0x00, 0x00, 0x00, 0x00, 0x00, 0x06, 0xf0, 0x11, 0x00, 0x00, 0x00, 0x00, 0x00, 0xa7, 0x00, 0x00, // ................
	0x09, 0x22, 0x00, 0x10, 0x00, 0x01, 0x00, 0x00, 0x00, 0x01, 0x40, 0x00, 0x00, 0x20, 0x00, 0x00, // ."........@.. ..
	0x00, 0x01, 0x40, 0x00, 0x00, 0x00, 0x00, 0x00, 0x00, 0x06, 0xf0, 0x11, 0x00, 0x01, 0x00, 0x00, // ..@.............
	0x00, 0xa7, 0x00, 0x00, 0x09, 0x42, 0x00, 0x10, 0x00, 0x01, 0x00, 0x00, 0x00, 0x01, 0x40, 0x00, // .....B........@.
	0x00, 0x20, 0x00, 0x00, 0x00, 0x01, 0x40, 0x00, 0x00, 0x00, 0x00, 0x00, 0x00, 0x06, 0xf0, 0x11, // . ....@.........
	0x00, 0x02, 0x00, 0x00, 0x00, 0xa7, 0x00, 0x00, 0x09, 0x82, 0x00, 0x10, 0x00, 0x01, 0x00, 0x00, // ................
	0x00, 0x01, 0x40, 0x00, 0x00, 0x20, 0x00, 0x00, 0x00, 0x01, 0x40, 0x00, 0x00, 0x00, 0x00, 0x00, // ..@.. ....@.....
	0x00, 0x06, 0xf0, 0x11, 0x00, 0x03, 0x00, 0x00, 0x00, 0xa7, 0x00, 0x00, 0x09, 0x12, 0x00, 0x10, // ................
	0x00, 0x03, 0x00, 0x00, 0x00, 0x01, 0x40, 0x00, 0x00, 0x24, 0x00, 0x00, 0x00, 0x01, 0x40, 0x00, // ......@..$....@.
	0x00, 0x00, 0x00, 0x00, 0x00, 0x06, 0xf0, 0x11, 0x00, 0x00, 0x00, 0x00, 0x00, 0xa7, 0x00, 0x00, // ................
	0x09, 0x22, 0x00, 0x10, 0x00, 0x03, 0x00, 0x00, 0x00, 0x01, 0x40, 0x00, 0x00, 0x24, 0x00, 0x00, // ."........@..$..
	0x00, 0x01, 0x40, 0x00, 0x00, 0x00, 0x00, 0x00, 0x00, 0x06, 0xf0, 0x11, 0x00, 0x01, 0x00, 0x00, // ..@.............
	0x00, 0xa7, 0x00, 0x00, 0x09, 0x42, 0x00, 0x10, 0x00, 0x03, 0x00, 0x00, 0x00, 0x01, 0x40, 0x00, // .....B........@.
	0x00, 0x24, 0x00, 0x00, 0x00, 0x01, 0x40, 0x00, 0x00, 0x00, 0x00, 0x00, 0x00, 0x06, 0xf0, 0x11, // .$....@.........
	0x00, 0x02, 0x00, 0x00, 0x00, 0xa7, 0x00, 0x00, 0x09, 0x82, 0x00, 0x10, 0x00, 0x03, 0x00, 0x00, // ................
	0x00, 0x01, 0x40, 0x00, 0x00, 0x24, 0x00, 0x00, 0x00, 0x01, 0x40, 0x00, 0x00, 0x00, 0x00, 0x00, // ..@..$....@.....
	0x00, 0x06, 0xf0, 0x11, 0x00, 0x03, 0x00, 0x00, 0x00, 0x00, 0x00, 0x00, 0x07, 0xf2, 0x00, 0x10, // ................
	0x00, 0x00, 0x00, 0x00, 0x00, 0x46, 0x0e, 0x10, 0x00, 0x00, 0x00, 0x00, 0x00, 0x46, 0x0e, 0x10, // .....F.......F..
	0x00, 0x02, 0x00, 0x00, 0x00, 0x00, 0x00, 0x00, 0x07, 0xf2, 0x00, 0x10, 0x00, 0x00, 0x00, 0x00, // ................
	0x00, 0x46, 0x0e, 0x10, 0x00, 0x01, 0x00, 0x00, 0x00, 0x46, 0x0e, 0x10, 0x00, 0x00, 0x00, 0x00, // .F.......F......
	0x00, 0x00, 0x00, 0x00, 0x07, 0xf2, 0x00, 0x10, 0x00, 0x00, 0x00, 0x00, 0x00, 0x46, 0x0e, 0x10, // .............F..
	0x00, 0x03, 0x00, 0x00, 0x00, 0x46, 0x0e, 0x10, 0x00, 0x00, 0x00, 0x00, 0x00, 0x38, 0x00, 0x00, // .....F.......8..
	0x0a, 0xf2, 0x00, 0x10, 0x00, 0x00, 0x00, 0x00, 0x00, 0x46, 0x0e, 0x10, 0x00, 0x00, 0x00, 0x00, // .........F......
	0x00, 0x02, 0x40, 0x00, 0x00, 0x00, 0x00, 0x80, 0x3e, 0x00, 0x00, 0x80, 0x3e, 0x00, 0x00, 0x80, // ..@.....>...>...
	0x3e, 0x00, 0x00, 0x80, 0x3e, 0x55, 0x00, 0x00, 0x09, 0x32, 0x00, 0x10, 0x00, 0x01, 0x00, 0x00, // >...>U...2......
	0x00, 0x46, 0x00, 0x02, 0x00, 0x02, 0x40, 0x00, 0x00, 0x03, 0x00, 0x00, 0x00, 0x03, 0x00, 0x00, // .F....@.........
	0x00, 0x00, 0x00, 0x00, 0x00, 0x00, 0x00, 0x00, 0x00, 0x36, 0x00, 0x00, 0x04, 0xc2, 0x00, 0x10, // .........6......
	0x00, 0x01, 0x00, 0x00, 0x00, 0xa6, 0x0a, 0x02, 0x00, 0xa4, 0x00, 0x00, 0x07, 0xf2, 0xe0, 0x11, // ................
	0x00, 0x03, 0x00, 0x00, 0x00, 0x46, 0x0e, 0x10, 0x00, 0x01, 0x00, 0x00, 0x00, 0x46, 0x0e, 0x10, // .....F.......F..
	0x00, 0x00, 0x00, 0x00, 0x00, 0x15, 0x00, 0x00, 0x01, 0x3e, 0x00, 0x00, 0x01, 0x00, 0x00, 0x10, // .........>......
	0x00,                                                                                           // .
};
static const uint8_t cs_mipgen_oddx_dxil[4005] =
{
	0x43, 0x53, 0x48, 0x0b, 0x00, 0x00, 0x00, 0x00, 0x00, 0x00, 0x00, 0x00, 0x02, 0x00, 0x0b, 0x62, // CSH............b
	0x67, 0x66, 0x78, 0x5f, 0x6d, 0x69, 0x70, 0x47, 0x65, 0x6e, 0x02, 0x00, 0x00, 0x00, 0x01, 0x00, // gfx_mipGen......
	0x00, 0x00, 0x00, 0x00, 0x0e, 0x62, 0x67, 0x66, 0x78, 0x5f, 0x74, 0x65, 0x78, 0x4d, 0x69, 0x70, // .....bgfx_texMip
	0x53, 0x72, 0x63, 0x20, 0x01, 0x04, 0x00, 0x01, 0x00, 0x00, 0x00, 0x00, 0x00, 0x60, 0x0f, 0x00, // Src .........`..
	0x00, 0x44, 0x58, 0x42, 0x43, 0x22, 0x27, 0xdb, 0x14, 0x8a, 0xe0, 0xaf, 0x6b, 0x86, 0x4b, 0x3e, // .DXBC"'.....k.K>
	0xda, 0x21, 0xd9, 0x6f, 0x06, 0x01, 0x00, 0x00, 0x00, 0x60, 0x0f, 0x00, 0x00, 0x07, 0x00, 0x00, // .!.o.....`......
	0x00, 0x3c, 0x00, 0x00, 0x00, 0x4c, 0x00, 0x00, 0x00, 0x5c, 0x00, 0x00, 0x00, 0x6c, 0x00, 0x00, // .<...L.......l..
	0x00, 0x6c, 0x01, 0x00, 0x00, 0xa0, 0x01, 0x00, 0x00, 0xbc, 0x01, 0x00, 0x00, 0x53, 0x46, 0x49, // .l...........SFI
	0x30, 0x08, 0x00, 0x00, 0x00, 0x00, 0x00, 0x00, 0x00, 0x00, 0x00, 0x00, 0x00, 0x49, 0x53, 0x47, // 0............ISG
	0x31, 0x08, 0x00, 0x00, 0x00, 0x00, 0x00, 0x00, 0x00, 0x08, 0x00, 0x00, 0x00, 0x4f, 0x53, 0x47, // 1............OSG
	0x31, 0x08, 0x00, 0x00, 0x00, 0x00, 0x00, 0x00, 0x00, 0x08, 0x00, 0x00, 0x00, 0x50, 0x53, 0x56, // 1............PSV
	0x30, 0xf8, 0x00, 0x00, 0x00, 0x34, 0x00, 0x00, 0x00, 0x00, 0x00, 0x00, 0x00, 0x00, 0x00, 0x00, // 0....4..........
	0x00, 0x00, 0x00, 0x00, 0x00, 0x00, 0x00, 0x00, 0x00, 0x00, 0x00, 0x00, 0x00, 0xff, 0xff, 0xff, // ................
	0xff, 0x05, 0x00, 0x00, 0x00, 0x00, 0x00, 0x00, 0x00, 0x00, 0x00, 0x00, 0x00, 0x08, 0x00, 0x00, // ................
	0x00, 0x08, 0x00, 0x00, 0x00, 0x01, 0x00, 0x00, 0x00, 0x01, 0x00, 0x00, 0x00, 0x07, 0x00, 0x00, // ................
	0x00, 0x18, 0x00, 0x00, 0x00, 0x02, 0x00, 0x00, 0x00, 0x00, 0x00, 0x00, 0x00, 0x00, 0x00, 0x00, // ................
	0x00, 0x00, 0x00, 0x00, 0x00, 0x0d, 0x00, 0x00, 0x00, 0x00, 0x00, 0x00, 0x00, 0x01, 0x00, 0x00, // ................
	0x00, 0x00, 0x00, 0x00, 0x00, 0x04, 0x00, 0x00, 0x00, 0x04, 0x00, 0x00, 0x00, 0x0e, 0x00, 0x00, // ................
	0x00, 0x00, 0x00, 0x00, 0x00, 0x03, 0x00, 0x00, 0x00, 0x00, 0x00, 0x00, 0x00, 0x04, 0x00, 0x00, // ................
	0x00, 0x04, 0x00, 0x00, 0x00, 0x07, 0x00, 0x00, 0x00, 0x00, 0x00, 0x00, 0x00, 0x06, 0x00, 0x00, // ................
	0x00, 0x00, 0x00, 0x00, 0x00, 0x00, 0x00, 0x00, 0x00, 0x00, 0x00, 0x00, 0x00, 0x07, 0x00, 0x00, // ................
	0x00, 0x00, 0x00, 0x00, 0x00, 0x06, 0x00, 0x00, 0x00, 0x00, 0x00, 0x00, 0x00, 0x01, 0x00, 0x00, // ................
	0x00, 0x01, 0x00, 0x00, 0x00, 0x07, 0x00, 0x00, 0x00, 0x00, 0x00, 0x00, 0x00, 0x06, 0x00, 0x00, // ................
	0x00, 0x00, 0x00, 0x00, 0x00, 0x02, 0x00, 0x00, 0x00, 0x02, 0x00, 0x00, 0x00, 0x07, 0x00, 0x00, // ................
	0x00, 0x00, 0x00, 0x00, 0x00, 0x06, 0x00, 0x00, 0x00, 0x00, 0x00, 0x00, 0x00, 0x03, 0x00, 0x00, // ................
	0x00, 0x03, 0x00, 0x00, 0x00, 0x07, 0x00, 0x00, 0x00, 0x00, 0x00, 0x00, 0x00, 0x08, 0x00, 0x00, // ................
	0x00, 0x00, 0x6d, 0x61, 0x69, 0x6e, 0x00, 0x00, 0x00, 0x00, 0x00, 0x00, 0x00, 0x49, 0x4c, 0x44, // ..main.......ILD
	0x4e, 0x2c, 0x00, 0x00, 0x00, 0x00, 0x00, 0x24, 0x00, 0x63, 0x32, 0x62, 0x63, 0x64, 0x30, 0x66, // N,.....$.c2bcd0f
	0x31, 0x37, 0x32, 0x37, 0x36, 0x30, 0x38, 0x30, 0x34, 0x31, 0x32, 0x34, 0x65, 0x62, 0x32, 0x64, // 172760804124eb2d
	0x65, 0x30, 0x30, 0x62, 0x31, 0x32, 0x64, 0x36, 0x39, 0x2e, 0x70, 0x64, 0x62, 0x00, 0x00, 0x00, // e00b12d69.pdb...
	0x00, 0x48, 0x41, 0x53, 0x48, 0x14, 0x00, 0x00, 0x00, 0x00, 0x00, 0x00, 0x00, 0xc2, 0xbc, 0xd0, // .HASH...........
	0xf1, 0x72, 0x76, 0x08, 0x04, 0x12, 0x4e, 0xb2, 0xde, 0x00, 0xb1, 0x2d, 0x69, 0x44, 0x58, 0x49, // .rv...N....-iDXI
	0x4c, 0x9c, 0x0d, 0x00, 0x00, 0x60, 0x00, 0x05, 0x00, 0x67, 0x03, 0x00, 0x00, 0x44, 0x58, 0x49, // L....`...g...DXI
	0x4c, 0x00, 0x01, 0x00, 0x00, 0x10, 0x00, 0x00, 0x00, 0x84, 0x0d, 0x00, 0x00, 0x42, 0x43, 0xc0, // L............BC.
	0xde, 0x21, 0x0c, 0x00, 0x00, 0x5e, 0x03, 0x00, 0x00, 0x0b, 0x82, 0x20, 0x00, 0x02, 0x00, 0x00, // .!...^..... ....
	0x00, 0x13, 0x00, 0x00, 0x00, 0x07, 0x81, 0x23, 0x91, 0x41, 0xc8, 0x04, 0x49, 0x06, 0x10, 0x32, // .......#.A..I..2
	0x39, 0x92, 0x01, 0x84, 0x0c, 0x25, 0x05, 0x08, 0x19, 0x1e, 0x04, 0x8b, 0x62, 0x80, 0x18, 0x45, // 9....%......b..E
	0x02, 0x42, 0x92, 0x0b, 0x42, 0xc4, 0x10, 0x32, 0x14, 0x38, 0x08, 0x18, 0x4b, 0x0a, 0x32, 0x62, // .B..B..2.8..K.2b
	0x88, 0x48, 0x90, 0x14, 0x20, 0x43, 0x46, 0x88, 0xa5, 0x00, 0x19, 0x32, 0x42, 0xe4, 0x48, 0x0e, // .H.. CF....2B.H.
	0x90, 0x11, 0x23, 0xc4, 0x50, 0x41, 0x51, 0x81, 0x8c, 0xe1, 0x83, 0xe5, 0x8a, 0x04, 0x31, 0x46, // ..#.PAQ.......1F
	0x06, 0x51, 0x18, 0x00, 0x00, 0x0b, 0x00, 0x00, 0x00, 0x1b, 0x8c, 0xe0, 0xff, 0xff, 0xff, 0xff, // .Q..............
	0x07, 0x40, 0x02, 0xa8, 0x0d, 0x86, 0xf0, 0xff, 0xff, 0xff, 0xff, 0x03, 0xc0, 0x00, 0xd2, 0x06, // .@..............
	0x63, 0xf8, 0xff, 0xff, 0xff, 0xff, 0x01, 0x90, 0x80, 0x6a, 0x03, 0x41, 0xfc, 0xff, 0xff, 0xff, // c........j.A....
	0xff, 0x00, 0x48, 0x00, 0x00, 0x49, 0x18, 0x00, 0x00, 0x03, 0x00, 0x00, 0x00, 0x13, 0x82, 0x60, // ..H..I.........`
	0x42, 0x20, 0x4c, 0x08, 0x86, 0x09, 0x01, 0x01, 0x00, 0x89, 0x20, 0x00, 0x00, 0x6a, 0x00, 0x00, // B L....... ..j..
	0x00, 0x32, 0x22, 0x88, 0x09, 0x20, 0x64, 0x85, 0x04, 0x13, 0x23, 0xa4, 0x84, 0x04, 0x13, 0x23, // .2".. d...#....#
	0xe3, 0x84, 0xa1, 0x90, 0x14, 0x12, 0x4c, 0x8c, 0x8c, 0x0b, 0x84, 0xc4, 0x4c, 0x10, 0xa4, 0xc1, // ......L.....L...
	0x0c, 0x40, 0x02, 0x01, 0x83, 0x08, 0xc1, 0x30, 0x02, 0x50, 0x82, 0x81, 0x88, 0x39, 0x02, 0x30, // .@.....0.P...9.0
	0x28, 0x82, 0x61, 0xd0, 0x51, 0x06, 0xc3, 0x30, 0x28, 0x29, 0xc3, 0x60, 0x18, 0xb4, 0xdc, 0x34, // (.a.Q..0().`...4
	0x5c, 0xfe, 0x84, 0x3d, 0x84, 0xe4, 0xaf, 0x84, 0xb4, 0x12, 0x93, 0x5f, 0xdc, 0x36, 0x2a, 0x00, // ...=......._.6*.
	0x00, 0x00, 0x8c, 0x39, 0x02, 0x84, 0x9c, 0x7b, 0x86, 0xcb, 0x9f, 0xb0, 0x87, 0x90, 0xfc, 0x10, // ...9...{........
	0x68, 0x86, 0x85, 0x40, 0xc1, 0x53, 0x98, 0xc6, 0x80, 0x20, 0x00, 0x00, 0x00, 0xc3, 0x30, 0x00, // h..@.S... ....0.
	0x8a, 0xca, 0x32, 0x18, 0x90, 0x61, 0x18, 0x00, 0x00, 0x00, 0x0e, 0x4d, 0x47, 0x0d, 0x97, 0x3f, // ..2..a.....MG..?
	0x61, 0x0f, 0x21, 0xf9, 0xdc, 0x46, 0x15, 0x2b, 0x31, 0xf9, 0xc5, 0x6d, 0x23, 0x02, 0x00, 0x00, // a.!..F.+1..m#...
	0xa0, 0x10, 0x95, 0x01, 0x19, 0x64, 0xcd, 0x11, 0x04, 0xc5, 0x80, 0x0c, 0xc7, 0x30, 0x30, 0xca, // .....d.......00.
	0x06, 0x02, 0x86, 0x11, 0x08, 0x60, 0x26, 0x39, 0x18, 0x07, 0x76, 0x08, 0x87, 0x79, 0x98, 0x07, // .....`&9..v..y..
	0x37, 0xa0, 0x85, 0x72, 0xc0, 0x07, 0x7a, 0xa8, 0x07, 0x79, 0x28, 0x07, 0x39, 0x20, 0x85, 0x50, // 7..r..z..y(.9 .P
	0x90, 0x07, 0x79, 0x08, 0x87, 0x7c, 0xe0, 0x03, 0x7b, 0x28, 0x87, 0x71, 0xa0, 0x87, 0x77, 0x90, // ..y..|..{(.q..w.
	0x07, 0x3e, 0x30, 0x07, 0x76, 0x78, 0x87, 0x70, 0xa0, 0x07, 0x36, 0x00, 0x03, 0x3a, 0xf0, 0x03, // .>0.vx.p..6..:..
	0x30, 0xf0, 0x03, 0x3d, 0xd0, 0x83, 0x76, 0x48, 0x07, 0x78, 0x98, 0x87, 0x5f, 0xa0, 0x87, 0x7c, // 0..=..vH.x.._..|
	0x80, 0x87, 0x72, 0x40, 0x81, 0x31, 0xd3, 0x19, 0x8c, 0x03, 0x3b, 0x84, 0xc3, 0x3c, 0xcc, 0x83, // ..r@.1....;..<..
	0x1b, 0xd0, 0x42, 0x39, 0xe0, 0x03, 0x3d, 0xd4, 0x83, 0x3c, 0x94, 0x83, 0x1c, 0x90, 0x42, 0x28, // ..B9..=..<....B(
	0xc8, 0x83, 0x3c, 0x84, 0x43, 0x3e, 0xf0, 0x81, 0x3d, 0x94, 0xc3, 0x38, 0xd0, 0xc3, 0x3b, 0xc8, // ..<.C>..=..8..;.
	0x03, 0x1f, 0x98, 0x03, 0x3b, 0xbc, 0x43, 0x38, 0xd0, 0x03, 0x1b, 0x80, 0x01, 0x1d, 0xf8, 0x01, // ....;.C8........
	0x18, 0xf8, 0x01, 0x12, 0xb8, 0x8e, 0xbc, 0x99, 0xd2, 0x60, 0x1c, 0xd8, 0x21, 0x1c, 0xe6, 0x61, // .........`..!..a
	0x1e, 0xdc, 0x40, 0x16, 0x6e, 0x81, 0x16, 0xca, 0x01, 0x1f, 0xe8, 0xa1, 0x1e, 0xe4, 0xa1, 0x1c, // ..@.n...........
	0xe4, 0x80, 0x14, 0x42, 0x41, 0x1e, 0xe4, 0x21, 0x1c, 0xf2, 0x81, 0x0f, 0xec, 0xa1, 0x1c, 0xc6, // ...BA..!........
	0x81, 0x1e, 0xde, 0x41, 0x1e, 0xf8, 0xc0, 0x1c, 0xd8, 0xe1, 0x1d, 0xc2, 0x81, 0x1e, 0xd8, 0x00, // ...A............
	0x0c, 0xe8, 0xc0, 0x0f, 0xc0, 0xc0, 0x0f, 0x50, 0xc0, 0x11, 0x38, 0x13, 0x42, 0x06, 0xa7, 0xc0, // .......P..8.B...
	0x0e, 0xef, 0x20, 0x0e, 0xe1, 0xc0, 0x0e, 0xf3, 0x80, 0x02, 0x8e, 0xc4, 0x9b, 0xa4, 0x29, 0xa2, // .. ...........).
	0x84, 0xc9, 0x67, 0x01, 0xe6, 0x59, 0x88, 0x88, 0x9d, 0x80, 0x89, 0x40, 0x81, 0x41, 0xe4, 0x14, // ..g..Y.....@.A..
	0xc0, 0x20, 0x02, 0x30, 0xcc, 0x11, 0x80, 0x02, 0x00, 0x13, 0x14, 0x72, 0xc0, 0x87, 0x74, 0x60, // . .0.......r..t`
	0x87, 0x36, 0x68, 0x87, 0x79, 0x68, 0x03, 0x72, 0xc0, 0x87, 0x0d, 0xaf, 0x50, 0x0e, 0x6d, 0xd0, // .6h.yh.r....P.m.
	0x0e, 0x7a, 0x50, 0x0e, 0x6d, 0x00, 0x0f, 0x7a, 0x30, 0x07, 0x72, 0xa0, 0x07, 0x73, 0x20, 0x07, // .zP.m..z0.r..s .
	0x6d, 0x90, 0x0e, 0x71, 0xa0, 0x07, 0x73, 0x20, 0x07, 0x6d, 0x90, 0x0e, 0x78, 0xa0, 0x07, 0x73, // m..q..s .m..x..s
	0x20, 0x07, 0x6d, 0x90, 0x0e, 0x71, 0x60, 0x07, 0x7a, 0x30, 0x07, 0x72, 0xd0, 0x06, 0xe9, 0x30, //  .m..q`.z0.r...0
	0x07, 0x72, 0xa0, 0x07, 0x73, 0x20, 0x07, 0x6d, 0x90, 0x0e, 0x76, 0x40, 0x07, 0x7a, 0x60, 0x07, // .r..s .m..v@.z`.
	0x74, 0xd0, 0x06, 0xe6, 0x10, 0x07, 0x76, 0xa0, 0x07, 0x73, 0x20, 0x07, 0x6d, 0x60, 0x0e, 0x73, // t.....v..s .m`.s
	0x20, 0x07, 0x7a, 0x30, 0x07, 0x72, 0xd0, 0x06, 0xe6, 0x60, 0x07, 0x74, 0xa0, 0x07, 0x76, 0x40, //  .z0.r...`.t..v@
	0x07, 0x6d, 0xe0, 0x0e, 0x78, 0xa0, 0x07, 0x71, 0x60, 0x07, 0x7a, 0x30, 0x07, 0x72, 0xa0, 0x07, // .m..x..q`.z0.r..
	0x76, 0x40, 0x07, 0x3a, 0x0f, 0x24, 0x90, 0x21, 0x23, 0x45, 0x44, 0x00, 0x76, 0x00, 0x30, 0x3b, // v@.:.$.!#ED.v.0;
	0x00, 0x98, 0x1d, 0x00, 0xcc, 0x0e, 0x00, 0x1e, 0xf2, 0x10, 0x00, 0x00, 0x00, 0x00, 0x00, 0x00, // ................
	0x00, 0x00, 0x00, 0x00, 0x30, 0xe4, 0x39, 0x80, 0x00, 0x08, 0x00, 0x00, 0x00, 0x00, 0x00, 0x00, // ....0.9.........
	0x00, 0x60, 0xc8, 0x93, 0x00, 0x01, 0x10, 0x00, 0x00, 0x00, 0x00, 0x00, 0x00, 0x00, 0xc0, 0x90, // .`..............
	0x67, 0x01, 0x02, 0x40, 0x00, 0x00, 0x00, 0x00, 0x00, 0x00, 0x00, 0x80, 0x21, 0x4f, 0x04, 0x04, // g..@........!O..
	0xc0, 0x00, 0x00, 0x00, 0x00, 0x00, 0x00, 0x00, 0x00, 0x43, 0x9e, 0x09, 0x08, 0x00, 0x02, 0x00, // .........C......
	0x00, 0x00, 0x00, 0x00, 0x00, 0x00, 0x86, 0x3c, 0x16, 0x10, 0x00, 0x03, 0x00, 0x00, 0x00, 0x00, // .......<........
	0x00, 0x00, 0x00, 0x0c, 0x79, 0x32, 0x20, 0x00, 0x06, 0x00, 0x00, 0x00, 0x00, 0x00, 0x00, 0x00, // ....y2 .........
	0xc8, 0x02, 0x01, 0x00, 0x00, 0x0e, 0x00, 0x00, 0x00, 0x32, 0x1e, 0x98, 0x14, 0x19, 0x11, 0x4c, // .........2.....L
	0x90, 0x8c, 0x09, 0x26, 0x47, 0xc6, 0x04, 0x43, 0x32, 0x4a, 0x60, 0x04, 0xa0, 0x24, 0x8a, 0xa1, // ...&G..C2J`..$..
	0x10, 0xca, 0xa1, 0x38, 0x8a, 0xa0, 0x0c, 0x0a, 0xa4, 0x20, 0x08, 0x1b, 0x01, 0x20, 0x74, 0x04, // ...8..... ... t.
	0x80, 0xc2, 0x19, 0x00, 0x1a, 0x67, 0x00, 0xa8, 0x9c, 0x01, 0xa0, 0x6f, 0x06, 0x00, 0x00, 0x00, // .....g.....o....
	0x00, 0x79, 0x18, 0x00, 0x00, 0x63, 0x00, 0x00, 0x00, 0x1a, 0x03, 0x4c, 0x90, 0x46, 0x02, 0x13, // .y...c.....L.F..
	0x44, 0x8f, 0x0c, 0x6f, 0xec, 0xed, 0x4d, 0x0c, 0x24, 0xc6, 0x05, 0xc7, 0x45, 0xa6, 0x06, 0xa6, // D..o..M.$...E...
	0xc6, 0x65, 0x46, 0x06, 0x04, 0x45, 0x2c, 0x06, 0xc6, 0x26, 0x2c, 0xc7, 0x26, 0x86, 0x2c, 0x65, // .eF..E,..&,.&.,e
	0x43, 0x10, 0x4c, 0x10, 0x0c, 0x66, 0x82, 0x60, 0x34, 0x1b, 0x84, 0x81, 0x98, 0x20, 0x18, 0xce, // C.L..f.`4.... ..
	0x06, 0x61, 0x30, 0x28, 0x8c, 0xcd, 0x4d, 0x10, 0x8c, 0x67, 0xc3, 0x80, 0x24, 0xc4, 0x04, 0xe1, // .a0(..M..g..$...
	0xe3, 0x08, 0x4c, 0x10, 0x0c, 0x68, 0x82, 0x60, 0x44, 0x1b, 0x04, 0xc2, 0xd8, 0x90, 0x10, 0x0b, // ..L..h.`D.......
	0x43, 0x34, 0x83, 0x43, 0x3c, 0x1b, 0x02, 0x68, 0x82, 0x10, 0x06, 0xd9, 0x04, 0x01, 0xbb, 0x26, // C4.C<..h.......&
	0x08, 0x86, 0xb4, 0x41, 0x20, 0xa8, 0x0d, 0x0b, 0x21, 0x31, 0x04, 0x31, 0x38, 0xd3, 0x34, 0x55, // ...A ...!1.18.4U
	0x1b, 0x96, 0x41, 0x62, 0x88, 0x61, 0x70, 0xa6, 0x69, 0xaa, 0x26, 0x08, 0xc6, 0xb4, 0x61, 0xc1, // ..Ab.ap.i.&...a.
	0x24, 0x86, 0xc0, 0x06, 0x67, 0x9a, 0xa6, 0x6a, 0x82, 0x60, 0x50, 0x1b, 0x16, 0x4d, 0x62, 0x08, // $...g..j.`P..Mb.
	0x6d, 0x70, 0xa6, 0x69, 0xaa, 0x36, 0x10, 0xd6, 0x95, 0x6d, 0x13, 0x84, 0x31, 0xd0, 0x26, 0x08, // mp.i.6...m..1.&.
	0x46, 0xb5, 0x01, 0x21, 0x3a, 0x86, 0x20, 0x06, 0x0f, 0xd8, 0x10, 0x7c, 0x13, 0x84, 0x32, 0xd8, // F..!:. ....|..2.
	0x36, 0x20, 0x44, 0x18, 0x30, 0x44, 0x33, 0x10, 0xc0, 0x86, 0x40, 0x0c, 0x36, 0x10, 0x11, 0x07, // 6 D.0D3...@.6...
	0x06, 0x63, 0x30, 0x41, 0x28, 0x08, 0x12, 0x6d, 0x61, 0x69, 0x6e, 0x13, 0x04, 0xc3, 0xda, 0x30, // .c0A(..main....0
	0x9c, 0xc1, 0x19, 0x0c, 0x1b, 0x84, 0x06, 0x0d, 0x36, 0x14, 0x65, 0x60, 0x06, 0x00, 0x19, 0xa4, // ........6.e`....
	0x01, 0x0b, 0x33, 0xb6, 0xb7, 0x30, 0x3a, 0x3e, 0x6f, 0x6d, 0x6e, 0x69, 0x70, 0x6f, 0x74, 0x65, // ..3..0:>omnipote
	0x6e, 0x74, 0x20, 0x63, 0x68, 0x61, 0x72, 0x8c, 0xa6, 0xd2, 0xda, 0xe0, 0xd8, 0xca, 0x40, 0x86, // nt char.......@.
	0x5e, 0x86, 0x56, 0x56, 0x40, 0xa8, 0x84, 0x82, 0x82, 0x36, 0x04, 0x6d, 0x30, 0x41, 0x40, 0x03, // ^.VV@....6.m0A@.
	0x6c, 0xc3, 0xc0, 0x06, 0x6e, 0xf0, 0x06, 0x1b, 0x86, 0x35, 0x80, 0x83, 0x37, 0xd8, 0x30, 0xc4, // l...n....5..7.0.
	0x41, 0x1c, 0xbc, 0x41, 0x15, 0x36, 0x36, 0xbb, 0x36, 0x97, 0x34, 0xb2, 0x32, 0x37, 0xba, 0x29, // A..A.66.6.4.27.)
	0x41, 0x50, 0x85, 0x0c, 0xcf, 0xc5, 0xae, 0x4c, 0x6e, 0x2e, 0xed, 0xcd, 0x6d, 0x4a, 0x40, 0x34, // AP.....Ln...mJ@4
	0x21, 0xc3, 0x73, 0xb1, 0x0b, 0x63, 0xb3, 0x2b, 0x93, 0x9b, 0x12, 0x18, 0x75, 0xc8, 0xf0, 0x5c, // !.s..c.+....u...
	0xe6, 0xd0, 0xc2, 0xc8, 0xca, 0xe4, 0x9a, 0xde, 0xc8, 0xca, 0xd8, 0xa6, 0x04, 0x49, 0x19, 0x32, // .............I.2
	0x3c, 0x17, 0xb9, 0xb2, 0xb9, 0xb7, 0x3a, 0xb9, 0xb1, 0xb2, 0xb9, 0x29, 0xc1, 0x18, 0xd4, 0x21, // <.....:....)...!
	0xc3, 0x73, 0x29, 0x73, 0xa3, 0x93, 0xcb, 0x83, 0x7a, 0x4b, 0x73, 0xa3, 0x9b, 0x9b, 0x12, 0xa4, // .s)s....zKs.....
	0x01, 0x00, 0x00, 0x00, 0x00, 0x79, 0x18, 0x00, 0x00, 0x51, 0x00, 0x00, 0x00, 0x33, 0x08, 0x80, // .....y...Q...3..
	0x1c, 0xc4, 0xe1, 0x1c, 0x66, 0x14, 0x01, 0x3d, 0x88, 0x43, 0x38, 0x84, 0xc3, 0x8c, 0x42, 0x80, // ....f..=.C8...B.
	0x07, 0x79, 0x78, 0x07, 0x73, 0x98, 0x71, 0x0c, 0xe6, 0x00, 0x0f, 0xed, 0x10, 0x0e, 0xf4, 0x80, // .yx.s.q.........
	0x0e, 0x33, 0x0c, 0x42, 0x1e, 0xc2, 0xc1, 0x1d, 0xce, 0xa1, 0x1c, 0x66, 0x30, 0x05, 0x3d, 0x88, // .3.B.......f0.=.
	0x43, 0x38, 0x84, 0x83, 0x1b, 0xcc, 0x03, 0x3d, 0xc8, 0x43, 0x3d, 0x8c, 0x03, 0x3d, 0xcc, 0x78, // C8.....=.C=..=.x
	0x8c, 0x74, 0x70, 0x07, 0x7b, 0x08, 0x07, 0x79, 0x48, 0x87, 0x70, 0x70, 0x07, 0x7a, 0x70, 0x03, // .tp.{..yH.pp.zp.
	0x76, 0x78, 0x87, 0x70, 0x20, 0x87, 0x19, 0xcc, 0x11, 0x0e, 0xec, 0x90, 0x0e, 0xe1, 0x30, 0x0f, // vx.p .........0.
	0x6e, 0x30, 0x0f, 0xe3, 0xf0, 0x0e, 0xf0, 0x50, 0x0e, 0x33, 0x10, 0xc4, 0x1d, 0xde, 0x21, 0x1c, // n0.....P.3....!.
	0xd8, 0x21, 0x1d, 0xc2, 0x61, 0x1e, 0x66, 0x30, 0x89, 0x3b, 0xbc, 0x83, 0x3b, 0xd0, 0x43, 0x39, // .!..a.f0.;..;.C9
	0xb4, 0x03, 0x3c, 0xbc, 0x83, 0x3c, 0x84, 0x03, 0x3b, 0xcc, 0xf0, 0x14, 0x76, 0x60, 0x07, 0x7b, // ..<..<..;...v`.{
	0x68, 0x07, 0x37, 0x68, 0x87, 0x72, 0x68, 0x07, 0x37, 0x80, 0x87, 0x70, 0x90, 0x87, 0x70, 0x60, // h.7h.rh.7..p..p`
	0x07, 0x76, 0x28, 0x07, 0x76, 0xf8, 0x05, 0x76, 0x78, 0x87, 0x77, 0x80, 0x87, 0x5f, 0x08, 0x87, // .v(.v..vx.w.._..
	0x71, 0x18, 0x87, 0x72, 0x98, 0x87, 0x79, 0x98, 0x81, 0x2c, 0xee, 0xf0, 0x0e, 0xee, 0xe0, 0x0e, // q..r..y..,......
	0xf5, 0xc0, 0x0e, 0xec, 0x30, 0x03, 0x62, 0xc8, 0xa1, 0x1c, 0xe4, 0xa1, 0x1c, 0xcc, 0xa1, 0x1c, // ....0.b.........
	0xe4, 0xa1, 0x1c, 0xdc, 0x61, 0x1c, 0xca, 0x21, 0x1c, 0xc4, 0x81, 0x1d, 0xca, 0x61, 0x06, 0xd6, // ....a..!.....a..
	0x90, 0x43, 0x39, 0xc8, 0x43, 0x39, 0x98, 0x43, 0x39, 0xc8, 0x43, 0x39, 0xb8, 0xc3, 0x38, 0x94, // .C9.C9.C9.C9..8.
	0x43, 0x38, 0x88, 0x03, 0x3b, 0x94, 0xc3, 0x2f, 0xbc, 0x83, 0x3c, 0xfc, 0x82, 0x3b, 0xd4, 0x03, // C8..;../..<..;..
	0x3b, 0xb0, 0xc3, 0x0c, 0xc4, 0x21, 0x07, 0x7c, 0x70, 0x03, 0x7a, 0x28, 0x87, 0x76, 0x80, 0x87, // ;....!.|p.z(.v..
	0x19, 0xd1, 0x43, 0x0e, 0xf8, 0xe0, 0x06, 0xe4, 0x20, 0x0e, 0xe7, 0xe0, 0x06, 0xf6, 0x10, 0x0e, // ..C..... .......
	0xf2, 0xc0, 0x0e, 0xe1, 0x90, 0x0f, 0xef, 0x50, 0x0f, 0xf4, 0x30, 0x83, 0x81, 0xc8, 0x01, 0x1f, // .......P..0.....
	0xdc, 0x40, 0x1c, 0xe4, 0xa1, 0x1c, 0xc2, 0x61, 0x1d, 0xdc, 0x40, 0x1c, 0xe4, 0x01, 0x00, 0x00, // .@.....a..@.....
	0x00, 0x71, 0x20, 0x00, 0x00, 0x30, 0x00, 0x00, 0x00, 0x35, 0xd0, 0x04, 0x7e, 0xe7, 0xf9, 0x37, // .q ..0...5..~..7
	0x08, 0x04, 0xce, 0xa0, 0xc1, 0x66, 0xb0, 0x04, 0x9a, 0xc0, 0xef, 0x3c, 0xff, 0x0a, 0x81, 0xc0, // .....f.....<....
	0x19, 0x34, 0xd8, 0x0c, 0x56, 0x40, 0x13, 0xf8, 0x9d, 0xe7, 0xdf, 0x23, 0x10, 0x38, 0x83, 0x06, // .4..V@.....#.8..
	0x9b, 0xc1, 0x02, 0x68, 0x02, 0xbf, 0xf3, 0xfc, 0x2b, 0x05, 0x02, 0x67, 0xd0, 0x60, 0x33, 0x68, // ...h....+..g.`3h
	0x07, 0xcd, 0x70, 0xf9, 0xce, 0xe3, 0x07, 0x40, 0x14, 0x21, 0x44, 0x64, 0x0a, 0xdb, 0x70, 0xf9, // ..p....@.!Dd..p.
	0xce, 0xe3, 0x0b, 0x01, 0x55, 0x14, 0x44, 0x54, 0x3a, 0xc0, 0x50, 0x12, 0x06, 0x20, 0x60, 0x7e, // ....U.DT:.P.. `~
	0x71, 0xdb, 0xb6, 0x20, 0x0d, 0x97, 0xef, 0x3c, 0xbe, 0x10, 0x11, 0xc0, 0x44, 0x84, 0x40, 0x33, // q.. ...<....D.@3
	0x2c, 0x84, 0x15, 0x88, 0xc1, 0x70, 0xf9, 0xce, 0xe3, 0x17, 0x0b, 0x30, 0x4d, 0x44, 0x43, 0x0c, // ,....p.....0MDC.
	0xed, 0x11, 0x11, 0xc0, 0x20, 0x0e, 0x62, 0x03, 0x46, 0x0e, 0xf5, 0xf8, 0xc8, 0x6d, 0x1b, 0x42, // .... .b.F....m.B
	0x35, 0x5c, 0xbe, 0xf3, 0xf8, 0x12, 0xc0, 0x3c, 0x0b, 0x51, 0x12, 0x15, 0xb1, 0xf8, 0xc5, 0x6d, // 5......<.Q.....m
	0x5b, 0x82, 0x35, 0x5c, 0xbe, 0xf3, 0xf8, 0x13, 0x71, 0x4d, 0x54, 0x44, 0xb0, 0x93, 0x13, 0x11, // [.5.....qMTD....
	0x7e, 0x71, 0xdb, 0x66, 0x20, 0x0d, 0x97, 0xef, 0x3c, 0xfe, 0x74, 0x44, 0x04, 0x30, 0x88, 0x83, // ~q.f ...<.tD.0..
	0x8f, 0xdc, 0xb6, 0x11, 0x10, 0x0c, 0x80, 0x34, 0x00, 0x61, 0x20, 0x00, 0x00, 0x8b, 0x01, 0x00, // .......4.a .....
	0x00, 0x13, 0x04, 0x4a, 0x2c, 0x10, 0x00, 0x00, 0x00, 0x26, 0x00, 0x00, 0x00, 0xe4, 0x14, 0x41, // ...J,....&.....A
	0x19, 0x8c, 0x00, 0x94, 0x07, 0x19, 0x25, 0x57, 0x86, 0x01, 0x05, 0x54, 0x48, 0xa5, 0x1b, 0x50, // ......%W...TH..P
	0xa0, 0x01, 0xc5, 0x37, 0x03, 0x50, 0xc0, 0x01, 0x65, 0x57, 0x36, 0x45, 0x42, 0x4e, 0x09, 0x10, // ...7.P..eW6EBN..
	0x30, 0x46, 0x00, 0x82, 0x20, 0x48, 0x7f, 0x33, 0x00, 0x63, 0x04, 0x20, 0x08, 0x82, 0xf0, 0x37, // 0F.. H.3.c. ...7
	0x46, 0x00, 0x82, 0x20, 0x88, 0x7e, 0x74, 0x0e, 0x75, 0x04, 0x02, 0x60, 0x34, 0x06, 0x34, 0xd4, // F.. .~t.u..`4.4.
	0x11, 0x08, 0x81, 0xd1, 0x18, 0xd0, 0x50, 0x47, 0x20, 0x08, 0x46, 0x63, 0x40, 0x43, 0x1d, 0x81, // ......PG .Fc@C..
	0x30, 0x18, 0x8d, 0x01, 0x0d, 0x75, 0x04, 0x02, 0x60, 0x34, 0xc6, 0x18, 0x0c, 0x75, 0x04, 0x42, // 0....u..`4...u.B
	0x60, 0x34, 0xc6, 0x18, 0x0c, 0x75, 0x04, 0x82, 0x60, 0x34, 0xc6, 0x18, 0x0c, 0x75, 0x04, 0xc2, // `4...u..`4...u..
	0x60, 0x34, 0xc6, 0x18, 0x0c, 0x75, 0x04, 0x02, 0x60, 0x34, 0x06, 0x19, 0x0c, 0x75, 0x04, 0x42, // `4...u..`4...u.B
	0x60, 0x34, 0x06, 0x19, 0x0c, 0x75, 0x04, 0x82, 0x60, 0x34, 0x06, 0x19, 0x0c, 0x75, 0x04, 0xc2, // `4...u..`4...u..
	0x60, 0x34, 0x06, 0x19, 0x00, 0x23, 0x06, 0x09, 0x00, 0x82, 0x60, 0x90, 0xcd, 0x41, 0x17, 0xa9, // `4...#....`..A..
	0x81, 0x1a, 0x9c, 0xc1, 0x88, 0x41, 0x02, 0x80, 0x20, 0x18, 0x64, 0x74, 0xe0, 0x49, 0x6c, 0xc0, // .....A.. .dt.Il.
	0x06, 0x68, 0x30, 0x62, 0x90, 0x00, 0x20, 0x08, 0x06, 0x59, 0x1d, 0x7c, 0x13, 0x1d, 0xd0, 0x41, // .h0b.. ..Y.|...A
	0x1a, 0x8c, 0x18, 0x24, 0x00, 0x08, 0x82, 0x41, 0x66, 0x07, 0x60, 0x40, 0xd1, 0x01, 0x1d, 0xa8, // ...$...Af.`@....
	0xc1, 0x88, 0x41, 0x02, 0x80, 0x20, 0x18, 0x64, 0x77, 0x10, 0x06, 0x63, 0x50, 0x07, 0x72, 0xb0, // ..A.. .dw..cP.r.
	0x06, 0x23, 0x06, 0x09, 0x00, 0x82, 0x60, 0x90, 0xe1, 0x81, 0x18, 0x94, 0x81, 0x1d, 0xcc, 0x01, // .#....`.........
	0x1b, 0x8c, 0x18, 0x24, 0x00, 0x08, 0x82, 0x41, 0x96, 0x07, 0x63, 0x70, 0x06, 0x77, 0x70, 0x07, // ...$...A..cp.wp.
	0x6d, 0x30, 0x62, 0x50, 0x00, 0x20, 0x08, 0x06, 0x07, 0x28, 0x70, 0x23, 0x06, 0x06, 0x00, 0x82, // m0bP. ...(p#....
	0x60, 0x90, 0x80, 0x42, 0x18, 0xe4, 0xc1, 0x88, 0x81, 0x01, 0x80, 0x20, 0x18, 0x24, 0xa1, 0x20, // `..B....... .$. 
	0x06, 0x7b, 0x30, 0x62, 0x60, 0x00, 0x20, 0x08, 0x06, 0x89, 0x28, 0x8c, 0x41, 0x1d, 0x8c, 0x18, // .{0b`. ...(.A...
	0x1c, 0x00, 0x08, 0x82, 0x81, 0xf5, 0x07, 0x5f, 0xc1, 0x07, 0xa3, 0x09, 0x01, 0x70, 0x81, 0x31, // ......._.....p.1
	0xa3, 0x09, 0x43, 0x70, 0x81, 0x31, 0xa3, 0x09, 0x85, 0x30, 0x9a, 0x60, 0x0c, 0xa7, 0x00, 0x75, // ..Cp.1...0.`...u
	0x0a, 0x50, 0x26, 0x84, 0x01, 0x7c, 0x4c, 0x18, 0x03, 0xf8, 0x98, 0x21, 0xc8, 0xc7, 0x0c, 0x41, // .P&..|L....!...A
	0x3e, 0xb7, 0x00, 0x75, 0x0f, 0x50, 0x23, 0x06, 0x0f, 0x00, 0x82, 0x60, 0x10, 0xc1, 0x42, 0x1c, // >..u.P#....`..B.
	0x58, 0x15, 0x31, 0x04, 0x69, 0xb0, 0x0a, 0xab, 0x00, 0x07, 0xc2, 0x68, 0x42, 0x00, 0x8c, 0x26, // X.1.i......hB..&
	0x08, 0xc1, 0x68, 0xc2, 0x20, 0x8c, 0x26, 0x10, 0x83, 0x35, 0x6f, 0x00, 0x1f, 0x83, 0x02, 0xf9, // ..h. .&..5o.....
	0x8c, 0x18, 0x3c, 0x00, 0x08, 0x82, 0x41, 0x74, 0x0b, 0x78, 0xd0, 0x71, 0x81, 0x82, 0xc0, 0x81, // ..<...At.x.q....
	0x2c, 0xc8, 0xc2, 0x1d, 0x24, 0xa3, 0x09, 0x01, 0x30, 0x9a, 0x20, 0x04, 0xa3, 0x09, 0x83, 0x30, // ,...$...0. ....0
	0x9a, 0x40, 0x0c, 0x46, 0x2c, 0xf0, 0x31, 0x62, 0x81, 0x8f, 0x11, 0x0b, 0x7c, 0x8c, 0x58, 0xe0, // .@.F,.1b....|.X.
	0x63, 0x04, 0x1e, 0xc8, 0xc7, 0x88, 0x3c, 0x90, 0x8f, 0x11, 0x7a, 0x20, 0x1f, 0x23, 0xf6, 0x40, // c.....<...z .#.@
	0x3e, 0x23, 0x06, 0x0e, 0x00, 0x82, 0x60, 0x30, 0x8d, 0x83, 0x2a, 0xac, 0x81, 0x19, 0x94, 0x01, // >#....`0..*.....
	0x19, 0x10, 0x83, 0x10, 0xb0, 0xc2, 0x70, 0xc3, 0x07, 0x0e, 0x60, 0x30, 0xcb, 0x90, 0x04, 0xc1, // ......p...`0....
	0x0a, 0x86, 0x76, 0x00, 0x07, 0x34, 0x18, 0x36, 0x20, 0x02, 0x63, 0x00, 0x56, 0x30, 0xb4, 0x43, // ..v..4.6 .c.V0.C
	0x38, 0xa4, 0xc1, 0xb0, 0x01, 0x11, 0x18, 0x03, 0xb0, 0x82, 0xa1, 0x1d, 0xc4, 0x41, 0x0d, 0x86, // 8............A..
	0x0d, 0x88, 0xc0, 0x18, 0x80, 0x15, 0x0c, 0xed, 0x30, 0x0e, 0x6b, 0x30, 0x6c, 0x40, 0x04, 0xc6, // ........0.k0l@..
	0x00, 0x8c, 0x18, 0x18, 0x00, 0x08, 0x82, 0xc1, 0xa2, 0x0e, 0xab, 0x30, 0x0e, 0xc5, 0x06, 0xe3, // ...........0....
	0xa0, 0xc3, 0x0d, 0x41, 0x39, 0x80, 0xc1, 0x2c, 0x83, 0x30, 0x04, 0xe5, 0x06, 0xe7, 0x00, 0x2b, // ...A9..,.0.....+
	0x18, 0xe8, 0xe1, 0x1c, 0x02, 0x0a, 0x80, 0xb1, 0x82, 0xa1, 0x1e, 0xd2, 0x61, 0xa0, 0x00, 0x18, // ............a...
	0x2b, 0x18, 0xec, 0x61, 0x1d, 0x0a, 0x0a, 0x80, 0xb1, 0x82, 0xe1, 0x1e, 0xda, 0xe1, 0xa0, 0x00, // +..a............
	0x18, 0x75, 0x07, 0xe6, 0x00, 0x2b, 0x18, 0xfa, 0x01, 0x1e, 0x02, 0x0a, 0x80, 0xb1, 0x82, 0xc1, // .u...+..........
	0x1f, 0xe4, 0x61, 0xa0, 0x00, 0x18, 0x2b, 0x18, 0xfe, 0x81, 0x1e, 0x0a, 0x0a, 0x80, 0xb1, 0x82, // ..a...+.........
	0x01, 0x24, 0xec, 0xe1, 0xa0, 0x00, 0x18, 0x05, 0x0a, 0xf7, 0x00, 0x2b, 0x18, 0x4c, 0x22, 0x1f, // .$.........+.L".
	0x02, 0x0a, 0x80, 0xb1, 0x82, 0xe1, 0x24, 0xf6, 0x61, 0xa0, 0x00, 0x18, 0x2b, 0x18, 0x50, 0xa2, // ......$.a...+.P.
	0x1f, 0x0a, 0x0a, 0x80, 0xb1, 0x82, 0x21, 0x25, 0xfe, 0xe1, 0xa0, 0x00, 0x18, 0x96, 0x99, 0x01, // ......!%........
	0x7c, 0x0c, 0x33, 0x03, 0xf8, 0xd8, 0x65, 0x06, 0xf0, 0x31, 0xcb, 0x0c, 0xe0, 0x63, 0x04, 0x05, // |.3...e..1...c..
	0x1f, 0x23, 0x26, 0xf8, 0x18, 0x21, 0xc1, 0xc7, 0x88, 0x08, 0x3e, 0x46, 0x3c, 0xf0, 0x31, 0xc2, // .#&..!....>F<.1.
	0x81, 0x8f, 0x11, 0x0d, 0x7c, 0x8c, 0x60, 0xe0, 0x63, 0x44, 0x3a, 0xc8, 0xc7, 0x08, 0x75, 0x90, // ....|.`.cD:...u.
	0x8f, 0x11, 0xeb, 0x20, 0x1f, 0x23, 0xd8, 0x41, 0x3e, 0x85, 0x0b, 0x32, 0x81, 0x85, 0x0b, 0x33, // ... .#.A>..2...3
	0x81, 0x23, 0x06, 0x0e, 0x00, 0x82, 0x60, 0x30, 0xdd, 0x84, 0x3f, 0x80, 0x83, 0x10, 0xe0, 0x82, // .#....`0..?.....
	0x51, 0x10, 0x03, 0x48, 0x0c, 0x1b, 0x10, 0x73, 0x60, 0x0c, 0xc0, 0xb0, 0x01, 0x21, 0x07, 0xc5, // Q..H...s`....!..
	0x00, 0x0c, 0x1b, 0x10, 0x71, 0x40, 0x0c, 0xc0, 0xb0, 0x01, 0x01, 0x07, 0xc3, 0x00, 0xcc, 0x12, // ....q@..........
	0x0c, 0x03, 0x15, 0x00, 0x23, 0xc0, 0x43, 0x30, 0x50, 0x01, 0x30, 0x02, 0x3c, 0x04, 0x03, 0x15, // ....#.C0P.0.<...
	0x00, 0x23, 0xc0, 0x43, 0x30, 0x50, 0x01, 0x30, 0x02, 0x3c, 0x04, 0xc3, 0x0d, 0xb7, 0x10, 0x13, // .#.C0P.0.<......
	0x60, 0x30, 0xcb, 0x90, 0x10, 0xc1, 0x88, 0x81, 0x01, 0x80, 0x20, 0x18, 0x2c, 0x3e, 0xf1, 0x0f, // `0........ .,>..
	0x37, 0x51, 0xe0, 0xa0, 0x0f, 0x3a, 0xdc, 0x10, 0xe4, 0x04, 0x18, 0xcc, 0x32, 0x14, 0x46, 0x50, // 7Q...:......2.FP
	0xe2, 0x40, 0x13, 0xb0, 0x82, 0x01, 0x2d, 0x76, 0x22, 0xa0, 0x00, 0x18, 0x2b, 0x18, 0xd2, 0xa2, // .@....-v"...+...
	0x27, 0x06, 0x0a, 0x80, 0xb1, 0x82, 0x41, 0x2d, 0x7e, 0xa2, 0xa0, 0x00, 0x18, 0x2b, 0x18, 0xd6, // '.....A-~....+..
	0x22, 0x2c, 0x0e, 0x0a, 0x80, 0x51, 0xeb, 0xb0, 0x13, 0xb0, 0x82, 0x21, 0x2e, 0xc8, 0x22, 0xa0, // ",...Q.....!..".
	0x00, 0x18, 0x2b, 0x18, 0xe4, 0xc2, 0x2c, 0x06, 0x0a, 0x80, 0xb1, 0x82, 0x61, 0x2e, 0xd0, 0xa2, // ..+...,.....a...
	0xa0, 0x00, 0x18, 0x2b, 0x18, 0xe8, 0x42, 0x2d, 0x0e, 0x0a, 0x80, 0x51, 0xf4, 0xd0, 0x12, 0xb0, // ...+..B-...Q....
	0x82, 0x41, 0x2f, 0xda, 0x22, 0xa0, 0x00, 0x18, 0x2b, 0x18, 0xf6, 0xe2, 0x2d, 0x06, 0x0a, 0x80, // .A/."...+...-...
	0xb1, 0x82, 0x81, 0x2f, 0xe2, 0xa2, 0xa0, 0x00, 0x18, 0x2b, 0x18, 0xfa, 0x62, 0x2e, 0x0e, 0x0a, // .../.....+..b...
	0x80, 0x61, 0x99, 0x18, 0xc0, 0xc7, 0x30, 0x31, 0x80, 0x8f, 0x5d, 0x62, 0x00, 0x1f, 0xb3, 0xc4, // .a....01..]b....
	0x00, 0x3e, 0x46, 0x50, 0xf0, 0x31, 0x62, 0x82, 0x8f, 0x11, 0x12, 0x7c, 0x8c, 0x88, 0xe0, 0x63, // .>FP.1b....|...c
	0xc4, 0x03, 0x1f, 0x23, 0x1c, 0xf8, 0x18, 0xd1, 0xc0, 0xc7, 0x08, 0x06, 0x3e, 0x46, 0xf4, 0x84, // ...#........>F..
	0x7c, 0x8c, 0xf0, 0x09, 0xf9, 0x18, 0xf1, 0x13, 0xf2, 0x31, 0x02, 0x2c, 0xe4, 0x53, 0x2c, 0xf1, // |........1.,.S,.
	0x17, 0x58, 0x2c, 0x01, 0x1a, 0x38, 0x62, 0xe0, 0x00, 0x20, 0x08, 0x06, 0xd3, 0x6a, 0xc8, 0x45, // .X,..8b.. ...j.E
	0x4d, 0x08, 0x01, 0x4b, 0x18, 0x05, 0x31, 0xd0, 0xc5, 0xb0, 0x01, 0x71, 0x0e, 0xc6, 0x00, 0x0c, // M..K..1....q....
	0x1b, 0x10, 0xe6, 0x50, 0x0c, 0xc0, 0xb0, 0x01, 0x51, 0x0e, 0xc4, 0x00, 0x0c, 0x1b, 0x10, 0xe4, // ...P....Q.......
	0x30, 0x0c, 0xc0, 0x2c, 0x81, 0x31, 0x50, 0x01, 0x30, 0x05, 0x3a, 0x10, 0x03, 0x15, 0x00, 0x53, // 0..,.1P.0.:....S
	0xa0, 0x03, 0x31, 0x50, 0x01, 0x30, 0x05, 0x3a, 0x10, 0x03, 0x15, 0x00, 0x53, 0xa0, 0x03, 0x31, // ..1P.0.:....S..1
	0xdc, 0xb0, 0x12, 0xa4, 0x01, 0x06, 0xb3, 0x0c, 0xc9, 0x11, 0x8c, 0x18, 0x18, 0x00, 0x08, 0x82, // ................
	0xc1, 0x22, 0x1b, 0x73, 0xb1, 0x1a, 0xc3, 0x0d, 0x34, 0xc1, 0x1a, 0x60, 0x30, 0xcb, 0x80, 0x24, // .".s....4..`0..$
	0x01, 0xa1, 0x05, 0x30, 0x08, 0x2d, 0x80, 0x41, 0x68, 0x01, 0x0c, 0x42, 0x0b, 0x60, 0x10, 0x5a, // ...0.-.Ah..B.`.Z
	0x00, 0x83, 0xd0, 0x02, 0x18, 0x84, 0x16, 0xc0, 0x20, 0xb4, 0x00, 0x06, 0xa1, 0x05, 0x30, 0x08, // ........ .....0.
	0x2d, 0x80, 0x41, 0x68, 0x01, 0x0c, 0x42, 0x0b, 0x60, 0x18, 0x23, 0xc1, 0xc7, 0x18, 0x09, 0x3e, // -.Ah..B.`.#....>
	0xc6, 0x48, 0xf0, 0x31, 0x46, 0x82, 0x8f, 0x11, 0x0c, 0x7c, 0x8c, 0x60, 0xe0, 0x63, 0x04, 0x03, // .H.1F....|.`.c..
	0x1f, 0x23, 0x18, 0xf8, 0x18, 0xc1, 0xc0, 0xc7, 0x08, 0x06, 0x3e, 0x46, 0x30, 0xf0, 0x31, 0x82, // .#........>F0.1.
	0x81, 0x8f, 0x11, 0xa1, 0x21, 0x1f, 0x23, 0x44, 0x43, 0x3e, 0x46, 0x8c, 0x86, 0x7c, 0x8c, 0x20, // ....!.#DC>F..|. 
	0x0d, 0xf9, 0x14, 0x5c, 0x88, 0x07, 0x16, 0x5c, 0x8c, 0x07, 0x8e, 0x18, 0x38, 0x00, 0x08, 0x82, // ............8...
	0xc1, 0xf4, 0x1e, 0xb6, 0xa1, 0x17, 0x42, 0x00, 0x17, 0x46, 0x41, 0x0c, 0xb8, 0x31, 0x4b, 0x90, // ......B..FA..1K.
	0x60, 0x40, 0x0c, 0x00, 0x00, 0x44, 0x00, 0x00, 0x00, 0x5b, 0x06, 0x39, 0x08, 0xe2, 0x60, 0xcb, // `@...D...[.9..`.
	0x40, 0x07, 0x41, 0x1c, 0x6c, 0x19, 0xec, 0x20, 0x88, 0x83, 0x2d, 0x03, 0x1e, 0x04, 0x71, 0xb0, // @.A.l.. ..-...q.
	0x65, 0xf8, 0x83, 0x20, 0x0e, 0xb6, 0x0c, 0xa1, 0x10, 0xc4, 0xc1, 0x96, 0x61, 0x14, 0x82, 0x38, // e.. ........a..8
	0xd8, 0x32, 0x94, 0x42, 0x10, 0x07, 0x5b, 0x06, 0x54, 0x08, 0xe2, 0x60, 0xcb, 0xa0, 0x0a, 0x41, // .2.B..[.T..`...A
	0x1c, 0x6c, 0x19, 0x58, 0x21, 0x88, 0x83, 0x2d, 0x83, 0x2b, 0x04, 0x71, 0xb0, 0x65, 0x88, 0x85, // .l.X!..-.+.q.e..
	0x20, 0x0e, 0xb6, 0x0c, 0xb3, 0x10, 0xc4, 0xc1, 0x96, 0xa1, 0x16, 0x82, 0x38, 0xd8, 0x32, 0xdc, //  ...........8.2.
	0x42, 0x10, 0x07, 0x5b, 0x86, 0x75, 0x08, 0xe2, 0x60, 0xcb, 0xc0, 0x0e, 0x41, 0x1c, 0x6c, 0x19, // B..[.u..`...A.l.
	0xda, 0x21, 0x88, 0x83, 0x2d, 0x83, 0x3b, 0x04, 0x71, 0xb0, 0x65, 0xe0, 0x87, 0x20, 0x0e, 0xb6, // .!..-.;.q.e.. ..
	0x0c, 0xfe, 0x10, 0xc4, 0xc1, 0x96, 0x01, 0x24, 0x82, 0x38, 0xd8, 0x32, 0x88, 0x44, 0x10, 0x07, // .......$.8.2.D..
	0x5b, 0x86, 0x92, 0x08, 0xe2, 0x60, 0xcb, 0x70, 0x12, 0x41, 0x1c, 0x6c, 0x19, 0x52, 0x22, 0x88, // [....`.p.A.l.R".
	0x83, 0x2d, 0xc3, 0x4a, 0x04, 0x71, 0xb0, 0x65, 0x70, 0x89, 0x20, 0x0e, 0xb6, 0x0c, 0x30, 0x11, // .-.J.q.ep. ...0.
	0xc4, 0xc1, 0x96, 0x41, 0x26, 0x82, 0x38, 0xd8, 0x32, 0xd0, 0x44, 0x10, 0x07, 0x5b, 0x06, 0xb4, // ...A&.8.2.D..[..
	0x08, 0xe2, 0x60, 0xcb, 0x90, 0x16, 0x41, 0x1c, 0x6c, 0x19, 0xd4, 0x22, 0x88, 0x83, 0x2d, 0xc3, // ..`...A.l.."..-.
	0x5a, 0x04, 0x71, 0xb0, 0x65, 0xb0, 0x8b, 0x20, 0x0e, 0xb6, 0x0c, 0x77, 0x11, 0xc4, 0xc1, 0x96, // Z.q.e.. ...w....
	0x01, 0x2f, 0x82, 0x38, 0xd8, 0x32, 0xe4, 0x45, 0x10, 0x07, 0x5b, 0x06, 0xbd, 0x08, 0xe2, 0x60, // ./.8.2.E..[....`
	0xcb, 0xb0, 0x17, 0x41, 0x1c, 0x6c, 0x19, 0xf8, 0x22, 0x88, 0x83, 0x2d, 0x43, 0x5f, 0x04, 0x71, // ...A.l.."..-C_.q
	0xb0, 0x65, 0xf0, 0x8b, 0x20, 0x0e, 0xb6, 0x0c, 0x7f, 0x11, 0xc4, 0xc1, 0x96, 0x01, 0x34, 0x82, // .e.. .........4.
	0x38, 0xd8, 0x32, 0x84, 0x46, 0x10, 0x07, 0x00, 0x00, 0x00, 0x00, 0x00, 0x00, 0x00, 0x00, 0x00, // 8.2.F...........
	0x00, 0x00, 0x00, 0x10, 0x00,                                                                   // .....
};
static const uint8_t cs_mipgen_oddx_mtl[6080] =
{
	0x43, 0x53, 0x48, 0x0b, 0x00, 0x00, 0x00, 0x00, 0x00, 0x00, 0x00, 0x00, 0x08, 0x00, 0x15, 0x62, // CSH............b
	0x67, 0x66, 0x78, 0x5f, 0x74, 0x65, 0x78, 0x4d, 0x69, 0x70, 0x53, 0x72, 0x63, 0x53, 0x61, 0x6d, // gfx_texMipSrcSam
	0x70, 0x6c, 0x65, 0x72, 0x01, 0x01, 0xff, 0xff, 0x01, 0x00, 0x00, 0x00, 0x00, 0x00, 0x15, 0x62, // pler...........b
	0x67, 0x66, 0x78, 0x5f, 0x74, 0x65, 0x78, 0x4d, 0x69, 0x70, 0x53, 0x72, 0x63, 0x54, 0x65, 0x78, // gfx_texMipSrcTex
	0x74, 0x75, 0x72, 0x65, 0x01, 0x01, 0xff, 0xff, 0x01, 0x00, 0x00, 0x00, 0x00, 0x00, 0x0b, 0x62, // ture...........b
	0x67, 0x66, 0x78, 0x5f, 0x6d, 0x69, 0x70, 0x47, 0x65, 0x6e, 0x02, 0x01, 0x00, 0x00, 0x01, 0x00, // gfx_mipGen......
	0x00, 0x00, 0x00, 0x00, 0x09, 0x73, 0x5f, 0x69, 0x6d, 0x67, 0x4d, 0x69, 0x70, 0x31, 0x01, 0x01, // .....s_imgMip1..
	0xff, 0xff, 0x01, 0x00, 0x00, 0x00, 0x00, 0x00, 0x09, 0x73, 0x5f, 0x69, 0x6d, 0x67, 0x4d, 0x69, // .........s_imgMi
	0x70, 0x32, 0x01, 0x01, 0xff, 0xff, 0x01, 0x00, 0x00, 0x00, 0x00, 0x00, 0x09, 0x73, 0x5f, 0x69, // p2...........s_i
	0x6d, 0x67, 0x4d, 0x69, 0x70, 0x33, 0x01, 0x01, 0xff, 0xff, 0x01, 0x00, 0x00, 0x00, 0x00, 0x00, // mgMip3..........
	0x09, 0x73, 0x5f, 0x69, 0x6d, 0x67, 0x4d, 0x69, 0x70, 0x34, 0x01, 0x01, 0xff, 0xff, 0x01, 0x00, // .s_imgMip4......
	0x00, 0x00, 0x00, 0x00, 0x0e, 0x62, 0x67, 0x66, 0x78, 0x5f, 0x74, 0x65, 0x78, 0x4d, 0x69, 0x70, // .....bgfx_texMip
	0x53, 0x72, 0x63, 0x00, 0x00, 0x00, 0x00, 0x00, 0x00, 0x00, 0x00, 0x00, 0x00, 0x08, 0x00, 0x08, // Src.............
	0x00, 0x01, 0x00, 0xe5, 0x16, 0x00, 0x00, 0x23, 0x70, 0x72, 0x61, 0x67, 0x6d, 0x61, 0x20, 0x63, // .......#pragma c
	0x6c, 0x61, 0x6e, 0x67, 0x20, 0x64, 0x69, 0x61, 0x67, 0x6e, 0x6f, 0x73, 0x74, 0x69, 0x63, 0x20, // lang diagnostic 
	0x69, 0x67, 0x6e, 0x6f, 0x72, 0x65, 0x64, 0x20, 0x22, 0x2d, 0x57, 0x6d, 0x69, 0x73, 0x73, 0x69, // ignored "-Wmissi
	0x6e, 0x67, 0x2d, 0x70, 0x72, 0x6f, 0x74, 0x6f, 0x74, 0x79, 0x70, 0x65, 0x73, 0x22, 0x0a, 0x23, // ng-prototypes".#
	0x70, 0x72, 0x61, 0x67, 0x6d, 0x61, 0x20, 0x63, 0x6c, 0x61, 0x6e, 0x67, 0x20, 0x64, 0x69, 0x61, // pragma clang dia
	0x67, 0x6e, 0x6f, 0x73, 0x74, 0x69, 0x63, 0x20, 0x69, 0x67, 0x6e, 0x6f, 0x72, 0x65, 0x64, 0x20, // gnostic ignored 
	0x22, 0x2d, 0x57, 0x6d, 0x69, 0x73, 0x73, 0x69, 0x6e, 0x67, 0x2d, 0x62, 0x72, 0x61, 0x63, 0x65, // "-Wmissing-brace
	0x73, 0x22, 0x0a, 0x0a, 0x23, 0x69, 0x6e, 0x63, 0x6c, 0x75, 0x64, 0x65, 0x20, 0x3c, 0x6d, 0x65, // s"..#include <me
	0x74, 0x61, 0x6c, 0x5f, 0x73, 0x74, 0x64, 0x6c, 0x69, 0x62, 0x3e, 0x0a, 0x23, 0x69, 0x6e, 0x63, // tal_stdlib>.#inc
	0x6c, 0x75, 0x64, 0x65, 0x20, 0x3c, 0x73, 0x69, 0x6d, 0x64, 0x2f, 0x73, 0x69, 0x6d, 0x64, 0x2e, // lude <simd/simd.
	0x68, 0x3e, 0x0a, 0x0a, 0x75, 0x73, 0x69, 0x6e, 0x67, 0x20, 0x6e, 0x61, 0x6d, 0x65, 0x73, 0x70, // h>..using namesp
	0x61, 0x63, 0x65, 0x20, 0x6d, 0x65, 0x74, 0x61, 0x6c, 0x3b, 0x0a, 0x0a, 0x74, 0x65, 0x6d, 0x70, // ace metal;..temp
	0x6c, 0x61, 0x74, 0x65, 0x3c, 0x74, 0x79, 0x70, 0x65, 0x6e, 0x61, 0x6d, 0x65, 0x20, 0x54, 0x2c, // late<typename T,
	0x20, 0x73, 0x69, 0x7a, 0x65, 0x5f, 0x74, 0x20, 0x4e, 0x75, 0x6d, 0x3e, 0x0a, 0x73, 0x74, 0x72, //  size_t Num>.str
	0x75, 0x63, 0x74, 0x20, 0x73, 0x70, 0x76, 0x55, 0x6e, 0x73, 0x61, 0x66, 0x65, 0x41, 0x72, 0x72, // uct spvUnsafeArr
	0x61, 0x79, 0x0a, 0x7b, 0x0a, 0x20, 0x20, 0x20, 0x20, 0x54, 0x20, 0x65, 0x6c, 0x65, 0x6d, 0x65, // ay.{.    T eleme
	0x6e, 0x74, 0x73, 0x5b, 0x4e, 0x75, 0x6d, 0x20, 0x3f, 0x20, 0x4e, 0x75, 0x6d, 0x20, 0x3a, 0x20, // nts[Num ? Num : 
	0x31, 0x5d, 0x3b, 0x0a, 0x20, 0x20, 0x20, 0x20, 0x0a, 0x20, 0x20, 0x20, 0x20, 0x74, 0x68, 0x72, // 1];.    .    thr
	0x65, 0x61, 0x64, 0x20, 0x54, 0x26, 0x20, 0x6f, 0x70, 0x65, 0x72, 0x61, 0x74, 0x6f, 0x72, 0x20, // ead T& operator 
	0x5b, 0x5d, 0x20, 0x28, 0x73, 0x69, 0x7a, 0x65, 0x5f, 0x74, 0x20, 0x70, 0x6f, 0x73, 0x29, 0x20, // [] (size_t pos) 
	0x74, 0x68, 0x72, 0x65, 0x61, 0x64, 0x0a, 0x20, 0x20, 0x20, 0x20, 0x7b, 0x0a, 0x20, 0x20, 0x20, // thread.    {.   
	0x20, 0x20, 0x20, 0x20, 0x20, 0x72, 0x65, 0x74, 0x75, 0x72, 0x6e, 0x20, 0x65, 0x6c, 0x65, 0x6d, //      return elem
	0x65, 0x6e, 0x74, 0x73, 0x5b, 0x70, 0x6f, 0x73, 0x5d, 0x3b, 0x0a, 0x20, 0x20, 0x20, 0x20, 0x7d, // ents[pos];.    }
	0x0a, 0x20, 0x20, 0x20, 0x20, 0x63, 0x6f, 0x6e, 0x73, 0x74, 0x65, 0x78, 0x70, 0x72, 0x20, 0x63, // .    constexpr c
	0x6f, 0x6e, 0x73, 0x74, 0x20, 0x74, 0x68, 0x72, 0x65, 0x61, 0x64, 0x20, 0x54, 0x26, 0x20, 0x6f, // onst thread T& o
	0x70, 0x65, 0x72, 0x61, 0x74, 0x6f, 0x72, 0x20, 0x5b, 0x5d, 0x20, 0x28, 0x73, 0x69, 0x7a, 0x65, // perator [] (size
	0x5f, 0x74, 0x20, 0x70, 0x6f, 0x73, 0x29, 0x20, 0x63, 0x6f, 0x6e, 0x73, 0x74, 0x20, 0x74, 0x68, // _t pos) const th
	0x72, 0x65, 0x61, 0x64, 0x0a, 0x20, 0x20, 0x20, 0x20, 0x7b, 0x0a, 0x20, 0x20, 0x20, 0x20, 0x20, // read.    {.     
	0x20, 0x20, 0x20, 0x72, 0x65, 0x74, 0x75, 0x72, 0x6e, 0x20, 0x65, 0x6c, 0x65, 0x6d, 0x65, 0x6e, //    return elemen
	0x74, 0x73, 0x5b, 0x70, 0x6f, 0x73, 0x5d, 0x3b, 0x0a, 0x20, 0x20, 0x20, 0x20, 0x7d, 0x0a, 0x20, // ts[pos];.    }. 
	0x20, 0x20, 0x20, 0x0a, 0x20, 0x20, 0x20, 0x20, 0x64, 0x65, 0x76, 0x69, 0x63, 0x65, 0x20, 0x54, //    .    device T
	0x26, 0x20, 0x6f, 0x70, 0x65, 0x72, 0x61, 0x74, 0x6f, 0x72, 0x20, 0x5b, 0x5d, 0x20, 0x28, 0x73, // & operator [] (s
	0x69, 0x7a, 0x65, 0x5f, 0x74, 0x20, 0x70, 0x6f, 0x73, 0x29, 0x20, 0x64, 0x65, 0x76, 0x69, 0x63, // ize_t pos) devic
	0x65, 0x0a, 0x20, 0x20, 0x20, 0x20, 0x7b, 0x0a, 0x20, 0x20, 0x20, 0x20, 0x20, 0x20, 0x20, 0x20, // e.    {.        
	0x72, 0x65, 0x74, 0x75, 0x72, 0x6e, 0x20, 0x65, 0x6c, 0x65, 0x6d, 0x65, 0x6e, 0x74, 0x73, 0x5b, // return elements[
	0x70, 0x6f, 0x73, 0x5d, 0x3b, 0x0a, 0x20, 0x20, 0x20, 0x20, 0x7d, 0x0a, 0x20, 0x20, 0x20, 0x20, // pos];.    }.    
	0x63, 0x6f, 0x6e, 0x73, 0x74, 0x65, 0x78, 0x70, 0x72, 0x20, 0x63, 0x6f, 0x6e, 0x73, 0x74, 0x20, // constexpr const 
	0x64, 0x65, 0x76, 0x69, 0x63, 0x65, 0x20, 0x54, 0x26, 0x20, 0x6f, 0x70, 0x65, 0x72, 0x61, 0x74, // device T& operat
	0x6f, 0x72, 0x20, 0x5b, 0x5d, 0x20, 0x28, 0x73, 0x69, 0x7a, 0x65, 0x5f, 0x74, 0x20, 0x70, 0x6f, // or [] (size_t po
	0x73, 0x29, 0x20, 0x63, 0x6f, 0x6e, 0x73, 0x74, 0x20, 0x64, 0x65, 0x76, 0x69, 0x63, 0x65, 0x0a, // s) const device.
	0x20, 0x20, 0x20, 0x20, 0x7b, 0x0a, 0x20, 0x20, 0x20, 0x20, 0x20, 0x20, 0x20, 0x20, 0x72, 0x65, //     {.        re
	0x74, 0x75, 0x72, 0x6e, 0x20, 0x65, 0x6c, 0x65, 0x6d, 0x65, 0x6e, 0x74, 0x73, 0x5b, 0x70, 0x6f, // turn elements[po
	0x73, 0x5d, 0x3b, 0x0a, 0x20, 0x20, 0x20, 0x20, 0x7d, 0x0a, 0x20, 0x20, 0x20, 0x20, 0x0a, 0x20, // s];.    }.    . 
	0x20, 0x20, 0x20, 0x63, 0x6f, 0x6e, 0x73, 0x74, 0x65, 0x78, 0x70, 0x72, 0x20, 0x63, 0x6f, 0x6e, //    constexpr con
	0x73, 0x74, 0x20, 0x63, 0x6f, 0x6e, 0x73, 0x74, 0x61, 0x6e, 0x74, 0x20, 0x54, 0x26, 0x20, 0x6f, // st constant T& o
	0x70, 0x65, 0x72, 0x61, 0x74, 0x6f, 0x72, 0x20, 0x5b, 0x5d, 0x20, 0x28, 0x73, 0x69, 0x7a, 0x65, // perator [] (size
	0x5f, 0x74, 0x20, 0x70, 0x6f, 0x73, 0x29, 0x20, 0x63, 0x6f, 0x6e, 0x73, 0x74, 0x20, 0x63, 0x6f, // _t pos) const co
	0x6e, 0x73, 0x74, 0x61, 0x6e, 0x74, 0x0a, 0x20, 0x20, 0x20, 0x20, 0x7b, 0x0a, 0x20, 0x20, 0x20, // nstant.    {.   
	0x20, 0x20, 0x20, 0x20, 0x20, 0x72, 0x65, 0x74, 0x75, 0x72, 0x6e, 0x20, 0x65, 0x6c, 0x65, 0x6d, //      return elem
	0x65, 0x6e, 0x74, 0x73, 0x5b, 0x70, 0x6f, 0x73, 0x5d, 0x3b, 0x0a, 0x20, 0x20, 0x20, 0x20, 0x7d, // ents[pos];.    }
	0x0a, 0x20, 0x20, 0x20, 0x20, 0x0a, 0x20, 0x20, 0x20, 0x20, 0x74, 0x68, 0x72, 0x65, 0x61, 0x64, // .    .    thread
	0x67, 0x72, 0x6f, 0x75, 0x70, 0x20, 0x54, 0x26, 0x20, 0x6f, 0x70, 0x65, 0x72, 0x61, 0x74, 0x6f, // group T& operato
	0x72, 0x20, 0x5b, 0x5d, 0x20, 0x28, 0x73, 0x69, 0x7a, 0x65, 0x5f, 0x74, 0x20, 0x70, 0x6f, 0x73, // r [] (size_t pos
	0x29, 0x20, 0x74, 0x68, 0x72, 0x65, 0x61, 0x64, 0x67, 0x72, 0x6f, 0x75, 0x70, 0x0a, 0x20, 0x20, // ) threadgroup.  
	0x20, 0x20, 0x7b, 0x0a, 0x20, 0x20, 0x20, 0x20, 0x20, 0x20, 0x20, 0x20, 0x72, 0x65, 0x74, 0x75, //   {.        retu
	0x72, 0x6e, 0x20, 0x65, 0x6c, 0x65, 0x6d, 0x65, 0x6e, 0x74, 0x73, 0x5b, 0x70, 0x6f, 0x73, 0x5d, // rn elements[pos]
	0x3b, 0x0a, 0x20, 0x20, 0x20, 0x20, 0x7d, 0x0a, 0x20, 0x20, 0x20, 0x20, 0x63, 0x6f, 0x6e, 0x73, // ;.    }.    cons
	0x74, 0x65, 0x78, 0x70, 0x72, 0x20, 0x63, 0x6f, 0x6e, 0x73, 0x74, 0x20, 0x74, 0x68, 0x72, 0x65, // texpr const thre
	0x61, 0x64, 0x67, 0x72, 0x6f, 0x75, 0x70, 0x20, 0x54, 0x26, 0x20, 0x6f, 0x70, 0x65, 0x72, 0x61, // adgroup T& opera
	0x74, 0x6f, 0x72, 0x20, 0x5b, 0x5d, 0x20, 0x28, 0x73, 0x69, 0x7a, 0x65, 0x5f, 0x74, 0x20, 0x70, // tor [] (size_t p
	0x6f, 0x73, 0x29, 0x20, 0x63, 0x6f, 0x6e, 0x73, 0x74, 0x20, 0x74, 0x68, 0x72, 0x65, 0x61, 0x64, // os) const thread
	0x67, 0x72, 0x6f, 0x75, 0x70, 0x0a, 0x20, 0x20, 0x20, 0x20, 0x7b, 0x0a, 0x20, 0x20, 0x20, 0x20, // group.    {.    
	0x20, 0x20, 0x20, 0x20, 0x72, 0x65, 0x74, 0x75, 0x72, 0x6e, 0x20, 0x65, 0x6c, 0x65, 0x6d, 0x65, //     return eleme
	0x6e, 0x74, 0x73, 0x5b, 0x70, 0x6f, 0x73, 0x5d, 0x3b, 0x0a, 0x20, 0x20, 0x20, 0x20, 0x7d, 0x0a, // nts[pos];.    }.
	0x7d, 0x3b, 0x0a, 0x0a, 0x73, 0x74, 0x72, 0x75, 0x63, 0x74, 0x20, 0x5f, 0x47, 0x6c, 0x6f, 0x62, // };..struct _Glob
	0x61, 0x6c, 0x0a, 0x7b, 0x0a, 0x20, 0x20, 0x20, 0x20, 0x66, 0x6c, 0x6f, 0x61, 0x74, 0x34, 0x20, // al.{.    float4 
	0x62, 0x67, 0x66, 0x78, 0x5f, 0x6d, 0x69, 0x70, 0x47, 0x65, 0x6e, 0x3b, 0x0a, 0x7d, 0x3b, 0x0a, // bgfx_mipGen;.};.
	0x0a, 0x6b, 0x65, 0x72, 0x6e, 0x65, 0x6c, 0x20, 0x76, 0x6f, 0x69, 0x64, 0x20, 0x78, 0x6c, 0x61, // .kernel void xla
	0x74, 0x4d, 0x74, 0x6c, 0x4d, 0x61, 0x69, 0x6e, 0x28, 0x63, 0x6f, 0x6e, 0x73, 0x74, 0x61, 0x6e, // tMtlMain(constan
	0x74, 0x20, 0x5f, 0x47, 0x6c, 0x6f, 0x62, 0x61, 0x6c, 0x26, 0x20, 0x5f, 0x6d, 0x74, 0x6c, 0x5f, // t _Global& _mtl_
	0x75, 0x20, 0x5b, 0x5b, 0x62, 0x75, 0x66, 0x66, 0x65, 0x72, 0x28, 0x30, 0x29, 0x5d, 0x5d, 0x2c, // u [[buffer(0)]],
	0x20, 0x74, 0x65, 0x78, 0x74, 0x75, 0x72, 0x65, 0x32, 0x64, 0x5f, 0x61, 0x72, 0x72, 0x61, 0x79, //  texture2d_array
	0x3c, 0x66, 0x6c, 0x6f, 0x61, 0x74, 0x2c, 0x20, 0x61, 0x63, 0x63, 0x65, 0x73, 0x73, 0x3a, 0x3a, // <float, access::
	0x77, 0x72, 0x69, 0x74, 0x65, 0x3e, 0x20, 0x73, 0x5f, 0x69, 0x6d, 0x67, 0x4d, 0x69, 0x70, 0x31, // write> s_imgMip1
	0x20, 0x5b, 0x5b, 0x74, 0x65, 0x78, 0x74, 0x75, 0x72, 0x65, 0x28, 0x30, 0x29, 0x5d, 0x5d, 0x2c, //  [[texture(0)]],
	0x20, 0x74, 0x65, 0x78, 0x74, 0x75, 0x72, 0x65, 0x32, 0x64, 0x5f, 0x61, 0x72, 0x72, 0x61, 0x79, //  texture2d_array
	0x3c, 0x66, 0x6c, 0x6f, 0x61, 0x74, 0x2c, 0x20, 0x61, 0x63, 0x63, 0x65, 0x73, 0x73, 0x3a, 0x3a, // <float, access::
	0x77, 0x72, 0x69, 0x74, 0x65, 0x3e, 0x20, 0x73, 0x5f, 0x69, 0x6d, 0x67, 0x4d, 0x69, 0x70, 0x32, // write> s_imgMip2
	0x20, 0x5b, 0x5b, 0x74, 0x65, 0x78, 0x74, 0x75, 0x72, 0x65, 0x28, 0x31, 0x29, 0x5d, 0x5d, 0x2c, //  [[texture(1)]],
	0x20, 0x74, 0x65, 0x78, 0x74, 0x75, 0x72, 0x65, 0x32, 0x64, 0x5f, 0x61, 0x72, 0x72, 0x61, 0x79, //  texture2d_array
	0x3c, 0x66, 0x6c, 0x6f, 0x61, 0x74, 0x2c, 0x20, 0x61, 0x63, 0x63, 0x65, 0x73, 0x73, 0x3a, 0x3a, // <float, access::
	0x77, 0x72, 0x69, 0x74, 0x65, 0x3e, 0x20, 0x73, 0x5f, 0x69, 0x6d, 0x67, 0x4d, 0x69, 0x70, 0x33, // write> s_imgMip3
	0x20, 0x5b, 0x5b, 0x74, 0x65, 0x78, 0x74, 0x75, 0x72, 0x65, 0x28, 0x32, 0x29, 0x5d, 0x5d, 0x2c, //  [[texture(2)]],
	0x20, 0x74, 0x65, 0x78, 0x74, 0x75, 0x72, 0x65, 0x32, 0x64, 0x5f, 0x61, 0x72, 0x72, 0x61, 0x79, //  texture2d_array
	0x3c, 0x66, 0x6c, 0x6f, 0x61, 0x74, 0x2c, 0x20, 0x61, 0x63, 0x63, 0x65, 0x73, 0x73, 0x3a, 0x3a, // <float, access::
	0x77, 0x72, 0x69, 0x74, 0x65, 0x3e, 0x20, 0x73, 0x5f, 0x69, 0x6d, 0x67, 0x4d, 0x69, 0x70, 0x34, // write> s_imgMip4
	0x20, 0x5b, 0x5b, 0x74, 0x65, 0x78, 0x74, 0x75, 0x72, 0x65, 0x28, 0x33, 0x29, 0x5d, 0x5d, 0x2c, //  [[texture(3)]],
	0x20, 0x74, 0x65, 0x78, 0x74, 0x75, 0x72, 0x65, 0x32, 0x64, 0x5f, 0x61, 0x72, 0x72, 0x61, 0x79, //  texture2d_array
	0x3c, 0x66, 0x6c, 0x6f, 0x61, 0x74, 0x3e, 0x20, 0x62, 0x67, 0x66, 0x78, 0x5f, 0x74, 0x65, 0x78, // <float> bgfx_tex
	0x4d, 0x69, 0x70, 0x53, 0x72, 0x63, 0x20, 0x5b, 0x5b, 0x74, 0x65, 0x78, 0x74, 0x75, 0x72, 0x65, // MipSrc [[texture
	0x28, 0x34, 0x29, 0x5d, 0x5d, 0x2c, 0x20, 0x73, 0x61, 0x6d, 0x70, 0x6c, 0x65, 0x72, 0x20, 0x62, // (4)]], sampler b
	0x67, 0x66, 0x78, 0x5f, 0x74, 0x65, 0x78, 0x4d, 0x69, 0x70, 0x53, 0x72, 0x63, 0x53, 0x61, 0x6d, // gfx_texMipSrcSam
	0x70, 0x6c, 0x65, 0x72, 0x20, 0x5b, 0x5b, 0x73, 0x61, 0x6d, 0x70, 0x6c, 0x65, 0x72, 0x28, 0x34, // pler [[sampler(4
	0x29, 0x5d, 0x5d, 0x2c, 0x20, 0x75, 0x69, 0x6e, 0x74, 0x20, 0x67, 0x6c, 0x5f, 0x4c, 0x6f, 0x63, // )]], uint gl_Loc
	0x61, 0x6c, 0x49, 0x6e, 0x76, 0x6f, 0x63, 0x61, 0x74, 0x69, 0x6f, 0x6e, 0x49, 0x6e, 0x64, 0x65, // alInvocationInde
	0x78, 0x20, 0x5b, 0x5b, 0x74, 0x68, 0x72, 0x65, 0x61, 0x64, 0x5f, 0x69, 0x6e, 0x64, 0x65, 0x78, // x [[thread_index
	0x5f, 0x69, 0x6e, 0x5f, 0x74, 0x68, 0x72, 0x65, 0x61, 0x64, 0x67, 0x72, 0x6f, 0x75, 0x70, 0x5d, // _in_threadgroup]
	0x5d, 0x2c, 0x20, 0x75, 0x69, 0x6e, 0x74, 0x33, 0x20, 0x67, 0x6c, 0x5f, 0x47, 0x6c, 0x6f, 0x62, // ], uint3 gl_Glob
	0x61, 0x6c, 0x49, 0x6e, 0x76, 0x6f, 0x63, 0x61, 0x74, 0x69, 0x6f, 0x6e, 0x49, 0x44, 0x20, 0x5b, // alInvocationID [
	0x5b, 0x74, 0x68, 0x72, 0x65, 0x61, 0x64, 0x5f, 0x70, 0x6f, 0x73, 0x69, 0x74, 0x69, 0x6f, 0x6e, // [thread_position
	0x5f, 0x69, 0x6e, 0x5f, 0x67, 0x72, 0x69, 0x64, 0x5d, 0x5d, 0x29, 0x0a, 0x7b, 0x0a, 0x20, 0x20, // _in_grid]]).{.  
	0x20, 0x20, 0x74, 0x68, 0x72, 0x65, 0x61, 0x64, 0x67, 0x72, 0x6f, 0x75, 0x70, 0x20, 0x73, 0x70, //   threadgroup sp
	0x76, 0x55, 0x6e, 0x73, 0x61, 0x66, 0x65, 0x41, 0x72, 0x72, 0x61, 0x79, 0x3c, 0x66, 0x6c, 0x6f, // vUnsafeArray<flo
	0x61, 0x74, 0x2c, 0x20, 0x36, 0x34, 0x3e, 0x20, 0x67, 0x73, 0x5f, 0x52, 0x3b, 0x0a, 0x20, 0x20, // at, 64> gs_R;.  
	0x20, 0x20, 0x74, 0x68, 0x72, 0x65, 0x61, 0x64, 0x67, 0x72, 0x6f, 0x75, 0x70, 0x20, 0x73, 0x70, //   threadgroup sp
	0x76, 0x55, 0x6e, 0x73, 0x61, 0x66, 0x65, 0x41, 0x72, 0x72, 0x61, 0x79, 0x3c, 0x66, 0x6c, 0x6f, // vUnsafeArray<flo
	0x61, 0x74, 0x2c, 0x20, 0x36, 0x34, 0x3e, 0x20, 0x67, 0x73, 0x5f, 0x47, 0x3b, 0x0a, 0x20, 0x20, // at, 64> gs_G;.  
	0x20, 0x20, 0x74, 0x68, 0x72, 0x65, 0x61, 0x64, 0x67, 0x72, 0x6f, 0x75, 0x70, 0x20, 0x73, 0x70, //   threadgroup sp
	0x76, 0x55, 0x6e, 0x73, 0x61, 0x66, 0x65, 0x41, 0x72, 0x72, 0x61, 0x79, 0x3c, 0x66, 0x6c, 0x6f, // vUnsafeArray<flo
	0x61, 0x74, 0x2c, 0x20, 0x36, 0x34, 0x3e, 0x20, 0x67, 0x73, 0x5f, 0x42, 0x3b, 0x0a, 0x20, 0x20, // at, 64> gs_B;.  
	0x20, 0x20, 0x74, 0x68, 0x72, 0x65, 0x61, 0x64, 0x67, 0x72, 0x6f, 0x75, 0x70, 0x20, 0x73, 0x70, //   threadgroup sp
	0x76, 0x55, 0x6e, 0x73, 0x61, 0x66, 0x65, 0x41, 0x72, 0x72, 0x61, 0x79, 0x3c, 0x66, 0x6c, 0x6f, // vUnsafeArray<flo
	0x61, 0x74, 0x2c, 0x20, 0x36, 0x34, 0x3e, 0x20, 0x67, 0x73, 0x5f, 0x41, 0x3b, 0x0a, 0x20, 0x20, // at, 64> gs_A;.  
	0x20, 0x20, 0x64, 0x6f, 0x0a, 0x20, 0x20, 0x20, 0x20, 0x7b, 0x0a, 0x20, 0x20, 0x20, 0x20, 0x20, //   do.    {.     
	0x20, 0x20, 0x20, 0x75, 0x69, 0x6e, 0x74, 0x20, 0x5f, 0x34, 0x38, 0x34, 0x20, 0x3d, 0x20, 0x75, //    uint _484 = u
	0x69, 0x6e, 0x74, 0x28, 0x69, 0x6e, 0x74, 0x28, 0x67, 0x6c, 0x5f, 0x4c, 0x6f, 0x63, 0x61, 0x6c, // int(int(gl_Local
	0x49, 0x6e, 0x76, 0x6f, 0x63, 0x61, 0x74, 0x69, 0x6f, 0x6e, 0x49, 0x6e, 0x64, 0x65, 0x78, 0x29, // InvocationIndex)
	0x29, 0x3b, 0x0a, 0x20, 0x20, 0x20, 0x20, 0x20, 0x20, 0x20, 0x20, 0x75, 0x69, 0x6e, 0x74, 0x33, // );.        uint3
	0x20, 0x5f, 0x34, 0x38, 0x36, 0x20, 0x3d, 0x20, 0x75, 0x69, 0x6e, 0x74, 0x33, 0x28, 0x69, 0x6e, //  _486 = uint3(in
	0x74, 0x33, 0x28, 0x67, 0x6c, 0x5f, 0x47, 0x6c, 0x6f, 0x62, 0x61, 0x6c, 0x49, 0x6e, 0x76, 0x6f, // t3(gl_GlobalInvo
	0x63, 0x61, 0x74, 0x69, 0x6f, 0x6e, 0x49, 0x44, 0x29, 0x29, 0x3b, 0x0a, 0x20, 0x20, 0x20, 0x20, // cationID));.    
	0x20, 0x20, 0x20, 0x20, 0x75, 0x69, 0x6e, 0x74, 0x20, 0x5f, 0x34, 0x39, 0x32, 0x20, 0x3d, 0x20, //     uint _492 = 
	0x75, 0x69, 0x6e, 0x74, 0x28, 0x5f, 0x6d, 0x74, 0x6c, 0x5f, 0x75, 0x2e, 0x62, 0x67, 0x66, 0x78, // uint(_mtl_u.bgfx
	0x5f, 0x6d, 0x69, 0x70, 0x47, 0x65, 0x6e, 0x2e, 0x79, 0x29, 0x3b, 0x0a, 0x20, 0x20, 0x20, 0x20, // _mipGen.y);.    
	0x20, 0x20, 0x20, 0x20, 0x75, 0x69, 0x6e, 0x74, 0x20, 0x5f, 0x34, 0x39, 0x37, 0x20, 0x3d, 0x20, //     uint _497 = 
	0x5f, 0x34, 0x38, 0x36, 0x2e, 0x7a, 0x3b, 0x0a, 0x20, 0x20, 0x20, 0x20, 0x20, 0x20, 0x20, 0x20, // _486.z;.        
	0x75, 0x69, 0x6e, 0x74, 0x32, 0x20, 0x5f, 0x35, 0x30, 0x30, 0x20, 0x3d, 0x20, 0x5f, 0x34, 0x38, // uint2 _500 = _48
	0x36, 0x2e, 0x78, 0x79, 0x3b, 0x0a, 0x20, 0x20, 0x20, 0x20, 0x20, 0x20, 0x20, 0x20, 0x66, 0x6c, // 6.xy;.        fl
	0x6f, 0x61, 0x74, 0x32, 0x20, 0x5f, 0x35, 0x30, 0x33, 0x20, 0x3d, 0x20, 0x5f, 0x6d, 0x74, 0x6c, // oat2 _503 = _mtl
	0x5f, 0x75, 0x2e, 0x62, 0x67, 0x66, 0x78, 0x5f, 0x6d, 0x69, 0x70, 0x47, 0x65, 0x6e, 0x2e, 0x7a, // _u.bgfx_mipGen.z
	0x77, 0x20, 0x2a, 0x20, 0x28, 0x66, 0x6c, 0x6f, 0x61, 0x74, 0x32, 0x28, 0x5f, 0x35, 0x30, 0x30, // w * (float2(_500
	0x29, 0x20, 0x2b, 0x20, 0x66, 0x6c, 0x6f, 0x61, 0x74, 0x32, 0x28, 0x30, 0x2e, 0x32, 0x35, 0x2c, // ) + float2(0.25,
	0x20, 0x30, 0x2e, 0x35, 0x29, 0x29, 0x3b, 0x0a, 0x20, 0x20, 0x20, 0x20, 0x20, 0x20, 0x20, 0x20, //  0.5));.        
	0x66, 0x6c, 0x6f, 0x61, 0x74, 0x20, 0x5f, 0x35, 0x30, 0x38, 0x20, 0x3d, 0x20, 0x66, 0x6c, 0x6f, // float _508 = flo
	0x61, 0x74, 0x28, 0x5f, 0x34, 0x39, 0x37, 0x29, 0x3b, 0x0a, 0x20, 0x20, 0x20, 0x20, 0x20, 0x20, // at(_497);.      
	0x20, 0x20, 0x66, 0x6c, 0x6f, 0x61, 0x74, 0x33, 0x20, 0x5f, 0x35, 0x31, 0x31, 0x20, 0x3d, 0x20, //   float3 _511 = 
	0x66, 0x6c, 0x6f, 0x61, 0x74, 0x33, 0x28, 0x5f, 0x35, 0x30, 0x33, 0x2c, 0x20, 0x5f, 0x35, 0x30, // float3(_503, _50
	0x38, 0x29, 0x3b, 0x0a, 0x20, 0x20, 0x20, 0x20, 0x20, 0x20, 0x20, 0x20, 0x66, 0x6c, 0x6f, 0x61, // 8);.        floa
	0x74, 0x20, 0x5f, 0x35, 0x31, 0x33, 0x20, 0x3d, 0x20, 0x66, 0x6c, 0x6f, 0x61, 0x74, 0x28, 0x75, // t _513 = float(u
	0x69, 0x6e, 0x74, 0x28, 0x5f, 0x6d, 0x74, 0x6c, 0x5f, 0x75, 0x2e, 0x62, 0x67, 0x66, 0x78, 0x5f, // int(_mtl_u.bgfx_
	0x6d, 0x69, 0x70, 0x47, 0x65, 0x6e, 0x2e, 0x78, 0x29, 0x29, 0x3b, 0x0a, 0x20, 0x20, 0x20, 0x20, // mipGen.x));.    
	0x20, 0x20, 0x20, 0x20, 0x66, 0x6c, 0x6f, 0x61, 0x74, 0x33, 0x20, 0x5f, 0x35, 0x32, 0x33, 0x20, //     float3 _523 
	0x3d, 0x20, 0x66, 0x6c, 0x6f, 0x61, 0x74, 0x33, 0x28, 0x5f, 0x35, 0x30, 0x33, 0x20, 0x2b, 0x20, // = float3(_503 + 
	0x28, 0x5f, 0x6d, 0x74, 0x6c, 0x5f, 0x75, 0x2e, 0x62, 0x67, 0x66, 0x78, 0x5f, 0x6d, 0x69, 0x70, // (_mtl_u.bgfx_mip
	0x47, 0x65, 0x6e, 0x2e, 0x7a, 0x77, 0x20, 0x2a, 0x20, 0x66, 0x6c, 0x6f, 0x61, 0x74, 0x32, 0x28, // Gen.zw * float2(
	0x30, 0x2e, 0x35, 0x2c, 0x20, 0x30, 0x2e, 0x30, 0x29, 0x29, 0x2c, 0x20, 0x5f, 0x35, 0x30, 0x38, // 0.5, 0.0)), _508
	0x29, 0x3b, 0x0a, 0x20, 0x20, 0x20, 0x20, 0x20, 0x20, 0x20, 0x20, 0x66, 0x6c, 0x6f, 0x61, 0x74, // );.        float
	0x34, 0x20, 0x5f, 0x35, 0x32, 0x39, 0x20, 0x3d, 0x20, 0x28, 0x62, 0x67, 0x66, 0x78, 0x5f, 0x74, // 4 _529 = (bgfx_t
	0x65, 0x78, 0x4d, 0x69, 0x70, 0x53, 0x72, 0x63, 0x2e, 0x73, 0x61, 0x6d, 0x70, 0x6c, 0x65, 0x28, // exMipSrc.sample(
	0x62, 0x67, 0x66, 0x78, 0x5f, 0x74, 0x65, 0x78, 0x4d, 0x69, 0x70, 0x53, 0x72, 0x63, 0x53, 0x61, // bgfx_texMipSrcSa
	0x6d, 0x70, 0x6c, 0x65, 0x72, 0x2c, 0x20, 0x5f, 0x35, 0x31, 0x31, 0x2e, 0x78, 0x79, 0x2c, 0x20, // mpler, _511.xy, 
	0x75, 0x69, 0x6e, 0x74, 0x28, 0x72, 0x69, 0x6e, 0x74, 0x28, 0x5f, 0x35, 0x31, 0x31, 0x2e, 0x7a, // uint(rint(_511.z
	0x29, 0x29, 0x2c, 0x20, 0x6c, 0x65, 0x76, 0x65, 0x6c, 0x28, 0x5f, 0x35, 0x31, 0x33, 0x29, 0x29, // )), level(_513))
	0x20, 0x2b, 0x20, 0x62, 0x67, 0x66, 0x78, 0x5f, 0x74, 0x65, 0x78, 0x4d, 0x69, 0x70, 0x53, 0x72, //  + bgfx_texMipSr
	0x63, 0x2e, 0x73, 0x61, 0x6d, 0x70, 0x6c, 0x65, 0x28, 0x62, 0x67, 0x66, 0x78, 0x5f, 0x74, 0x65, // c.sample(bgfx_te
	0x78, 0x4d, 0x69, 0x70, 0x53, 0x72, 0x63, 0x53, 0x61, 0x6d, 0x70, 0x6c, 0x65, 0x72, 0x2c, 0x20, // xMipSrcSampler, 
	0x5f, 0x35, 0x32, 0x33, 0x2e, 0x78, 0x79, 0x2c, 0x20, 0x75, 0x69, 0x6e, 0x74, 0x28, 0x72, 0x69, // _523.xy, uint(ri
	0x6e, 0x74, 0x28, 0x5f, 0x35, 0x32, 0x33, 0x2e, 0x7a, 0x29, 0x29, 0x2c, 0x20, 0x6c, 0x65, 0x76, // nt(_523.z)), lev
	0x65, 0x6c, 0x28, 0x5f, 0x35, 0x31, 0x33, 0x29, 0x29, 0x29, 0x20, 0x2a, 0x20, 0x30, 0x2e, 0x35, // el(_513))) * 0.5
	0x3b, 0x0a, 0x20, 0x20, 0x20, 0x20, 0x20, 0x20, 0x20, 0x20, 0x69, 0x6e, 0x74, 0x20, 0x5f, 0x35, // ;.        int _5
	0x33, 0x34, 0x20, 0x3d, 0x20, 0x69, 0x6e, 0x74, 0x28, 0x5f, 0x34, 0x39, 0x37, 0x29, 0x3b, 0x0a, // 34 = int(_497);.
	0x20, 0x20, 0x20, 0x20, 0x20, 0x20, 0x20, 0x20, 0x69, 0x6e, 0x74, 0x33, 0x20, 0x5f, 0x35, 0x33, //         int3 _53
	0x37, 0x20, 0x3d, 0x20, 0x69, 0x6e, 0x74, 0x33, 0x28, 0x69, 0x6e, 0x74, 0x32, 0x28, 0x5f, 0x35, // 7 = int3(int2(_5
	0x30, 0x30, 0x29, 0x2c, 0x20, 0x5f, 0x35, 0x33, 0x34, 0x29, 0x3b, 0x0a, 0x20, 0x20, 0x20, 0x20, // 00), _534);.    
	0x20, 0x20, 0x20, 0x20, 0x73, 0x5f, 0x69, 0x6d, 0x67, 0x4d, 0x69, 0x70, 0x31, 0x2e, 0x77, 0x72, //     s_imgMip1.wr
	0x69, 0x74, 0x65, 0x28, 0x5f, 0x35, 0x32, 0x39, 0x2c, 0x20, 0x75, 0x69, 0x6e, 0x74, 0x32, 0x28, // ite(_529, uint2(
	0x5f, 0x35, 0x33, 0x37, 0x2e, 0x78, 0x79, 0x29, 0x2c, 0x20, 0x75, 0x69, 0x6e, 0x74, 0x28, 0x5f, // _537.xy), uint(_
	0x35, 0x33, 0x37, 0x2e, 0x7a, 0x29, 0x29, 0x3b, 0x0a, 0x20, 0x20, 0x20, 0x20, 0x20, 0x20, 0x20, // 537.z));.       
	0x20, 0x69, 0x66, 0x20, 0x28, 0x5f, 0x34, 0x39, 0x32, 0x20, 0x3d, 0x3d, 0x20, 0x31, 0x75, 0x29, //  if (_492 == 1u)
	0x0a, 0x20, 0x20, 0x20, 0x20, 0x20, 0x20, 0x20, 0x20, 0x7b, 0x0a, 0x20, 0x20, 0x20, 0x20, 0x20, // .        {.     
	0x20, 0x20, 0x20, 0x20, 0x20, 0x20, 0x20, 0x62, 0x72, 0x65, 0x61, 0x6b, 0x3b, 0x0a, 0x20, 0x20, //        break;.  
	0x20, 0x20, 0x20, 0x20, 0x20, 0x20, 0x7d, 0x0a, 0x20, 0x20, 0x20, 0x20, 0x20, 0x20, 0x20, 0x20, //       }.        
	0x67, 0x73, 0x5f, 0x52, 0x5b, 0x5f, 0x34, 0x38, 0x34, 0x5d, 0x20, 0x3d, 0x20, 0x5f, 0x35, 0x32, // gs_R[_484] = _52
	0x39, 0x2e, 0x78, 0x3b, 0x0a, 0x20, 0x20, 0x20, 0x20, 0x20, 0x20, 0x20, 0x20, 0x67, 0x73, 0x5f, // 9.x;.        gs_
	0x47, 0x5b, 0x5f, 0x34, 0x38, 0x34, 0x5d, 0x20, 0x3d, 0x20, 0x5f, 0x35, 0x32, 0x39, 0x2e, 0x79, // G[_484] = _529.y
	0x3b, 0x0a, 0x20, 0x20, 0x20, 0x20, 0x20, 0x20, 0x20, 0x20, 0x67, 0x73, 0x5f, 0x42, 0x5b, 0x5f, // ;.        gs_B[_
	0x34, 0x38, 0x34, 0x5d, 0x20, 0x3d, 0x20, 0x5f, 0x35, 0x32, 0x39, 0x2e, 0x7a, 0x3b, 0x0a, 0x20, // 484] = _529.z;. 
	0x20, 0x20, 0x20, 0x20, 0x20, 0x20, 0x20, 0x67, 0x73, 0x5f, 0x41, 0x5b, 0x5f, 0x34, 0x38, 0x34, //        gs_A[_484
	0x5d, 0x20, 0x3d, 0x20, 0x5f, 0x35, 0x32, 0x39, 0x2e, 0x77, 0x3b, 0x0a, 0x20, 0x20, 0x20, 0x20, // ] = _529.w;.    
	0x20, 0x20, 0x20, 0x20, 0x74, 0x68, 0x72, 0x65, 0x61, 0x64, 0x67, 0x72, 0x6f, 0x75, 0x70, 0x5f, //     threadgroup_
	0x62, 0x61, 0x72, 0x72, 0x69, 0x65, 0x72, 0x28, 0x6d, 0x65, 0x6d, 0x5f, 0x66, 0x6c, 0x61, 0x67, // barrier(mem_flag
	0x73, 0x3a, 0x3a, 0x6d, 0x65, 0x6d, 0x5f, 0x74, 0x68, 0x72, 0x65, 0x61, 0x64, 0x67, 0x72, 0x6f, // s::mem_threadgro
	0x75, 0x70, 0x29, 0x3b, 0x0a, 0x20, 0x20, 0x20, 0x20, 0x20, 0x20, 0x20, 0x20, 0x66, 0x6c, 0x6f, // up);.        flo
	0x61, 0x74, 0x34, 0x20, 0x5f, 0x39, 0x32, 0x31, 0x3b, 0x0a, 0x20, 0x20, 0x20, 0x20, 0x20, 0x20, // at4 _921;.      
	0x20, 0x20, 0x69, 0x66, 0x20, 0x28, 0x28, 0x5f, 0x34, 0x38, 0x34, 0x20, 0x26, 0x20, 0x39, 0x75, //   if ((_484 & 9u
	0x29, 0x20, 0x3d, 0x3d, 0x20, 0x30, 0x75, 0x29, 0x0a, 0x20, 0x20, 0x20, 0x20, 0x20, 0x20, 0x20, // ) == 0u).       
	0x20, 0x7b, 0x0a, 0x20, 0x20, 0x20, 0x20, 0x20, 0x20, 0x20, 0x20, 0x20, 0x20, 0x20, 0x20, 0x75, //  {.            u
	0x69, 0x6e, 0x74, 0x20, 0x5f, 0x35, 0x35, 0x33, 0x20, 0x3d, 0x20, 0x5f, 0x34, 0x38, 0x34, 0x20, // int _553 = _484 
	0x2b, 0x20, 0x31, 0x75, 0x3b, 0x0a, 0x20, 0x20, 0x20, 0x20, 0x20, 0x20, 0x20, 0x20, 0x20, 0x20, // + 1u;.          
	0x20, 0x20, 0x66, 0x6c, 0x6f, 0x61, 0x74, 0x20, 0x5f, 0x37, 0x31, 0x34, 0x20, 0x3d, 0x20, 0x67, //   float _714 = g
	0x73, 0x5f, 0x52, 0x5b, 0x5f, 0x35, 0x35, 0x33, 0x5d, 0x3b, 0x0a, 0x20, 0x20, 0x20, 0x20, 0x20, // s_R[_553];.     
	0x20, 0x20, 0x20, 0x20, 0x20, 0x20, 0x20, 0x66, 0x6c, 0x6f, 0x61, 0x74, 0x20, 0x5f, 0x37, 0x31, //        float _71
	0x37, 0x20, 0x3d, 0x20, 0x67, 0x73, 0x5f, 0x47, 0x5b, 0x5f, 0x35, 0x35, 0x33, 0x5d, 0x3b, 0x0a, // 7 = gs_G[_553];.
	0x20, 0x20, 0x20, 0x20, 0x20, 0x20, 0x20, 0x20, 0x20, 0x20, 0x20, 0x20, 0x66, 0x6c, 0x6f, 0x61, //             floa
	0x74, 0x20, 0x5f, 0x37, 0x32, 0x30, 0x20, 0x3d, 0x20, 0x67, 0x73, 0x5f, 0x42, 0x5b, 0x5f, 0x35, // t _720 = gs_B[_5
	0x35, 0x33, 0x5d, 0x3b, 0x0a, 0x20, 0x20, 0x20, 0x20, 0x20, 0x20, 0x20, 0x20, 0x20, 0x20, 0x20, // 53];.           
	0x20, 0x66, 0x6c, 0x6f, 0x61, 0x74, 0x20, 0x5f, 0x37, 0x32, 0x33, 0x20, 0x3d, 0x20, 0x67, 0x73, //  float _723 = gs
	0x5f, 0x41, 0x5b, 0x5f, 0x35, 0x35, 0x33, 0x5d, 0x3b, 0x0a, 0x20, 0x20, 0x20, 0x20, 0x20, 0x20, // _A[_553];.      
	0x20, 0x20, 0x20, 0x20, 0x20, 0x20, 0x75, 0x69, 0x6e, 0x74, 0x20, 0x5f, 0x35, 0x35, 0x36, 0x20, //       uint _556 
	0x3d, 0x20, 0x5f, 0x34, 0x38, 0x34, 0x20, 0x2b, 0x20, 0x38, 0x75, 0x3b, 0x0a, 0x20, 0x20, 0x20, // = _484 + 8u;.   
	0x20, 0x20, 0x20, 0x20, 0x20, 0x20, 0x20, 0x20, 0x20, 0x66, 0x6c, 0x6f, 0x61, 0x74, 0x20, 0x5f, //          float _
	0x37, 0x32, 0x39, 0x20, 0x3d, 0x20, 0x67, 0x73, 0x5f, 0x52, 0x5b, 0x5f, 0x35, 0x35, 0x36, 0x5d, // 729 = gs_R[_556]
	0x3b, 0x0a, 0x20, 0x20, 0x20, 0x20, 0x20, 0x20, 0x20, 0x20, 0x20, 0x20, 0x20, 0x20, 0x66, 0x6c, // ;.            fl
	0x6f, 0x61, 0x74, 0x20, 0x5f, 0x37, 0x33, 0x32, 0x20, 0x3d, 0x20, 0x67, 0x73, 0x5f, 0x47, 0x5b, // oat _732 = gs_G[
	0x5f, 0x35, 0x35, 0x36, 0x5d, 0x3b, 0x0a, 0x20, 0x20, 0x20, 0x20, 0x20, 0x20, 0x20, 0x20, 0x20, // _556];.         
	0x20, 0x20, 0x20, 0x66, 0x6c, 0x6f, 0x61, 0x74, 0x20, 0x5f, 0x37, 0x33, 0x35, 0x20, 0x3d, 0x20, //    float _735 = 
	0x67, 0x73, 0x5f, 0x42, 0x5b, 0x5f, 0x35, 0x35, 0x36, 0x5d, 0x3b, 0x0a, 0x20, 0x20, 0x20, 0x20, // gs_B[_556];.    
	0x20, 0x20, 0x20, 0x20, 0x20, 0x20, 0x20, 0x20, 0x66, 0x6c, 0x6f, 0x61, 0x74, 0x20, 0x5f, 0x37, //         float _7
	0x33, 0x38, 0x20, 0x3d, 0x20, 0x67, 0x73, 0x5f, 0x41, 0x5b, 0x5f, 0x35, 0x35, 0x36, 0x5d, 0x3b, // 38 = gs_A[_556];
	0x0a, 0x20, 0x20, 0x20, 0x20, 0x20, 0x20, 0x20, 0x20, 0x20, 0x20, 0x20, 0x20, 0x75, 0x69, 0x6e, // .            uin
	0x74, 0x20, 0x5f, 0x35, 0x35, 0x39, 0x20, 0x3d, 0x20, 0x5f, 0x34, 0x38, 0x34, 0x20, 0x2b, 0x20, // t _559 = _484 + 
	0x39, 0x75, 0x3b, 0x0a, 0x20, 0x20, 0x20, 0x20, 0x20, 0x20, 0x20, 0x20, 0x20, 0x20, 0x20, 0x20, // 9u;.            
	0x66, 0x6c, 0x6f, 0x61, 0x74, 0x20, 0x5f, 0x37, 0x34, 0x34, 0x20, 0x3d, 0x20, 0x67, 0x73, 0x5f, // float _744 = gs_
	0x52, 0x5b, 0x5f, 0x35, 0x35, 0x39, 0x5d, 0x3b, 0x0a, 0x20, 0x20, 0x20, 0x20, 0x20, 0x20, 0x20, // R[_559];.       
	0x20, 0x20, 0x20, 0x20, 0x20, 0x66, 0x6c, 0x6f, 0x61, 0x74, 0x20, 0x5f, 0x37, 0x34, 0x37, 0x20, //      float _747 
	0x3d, 0x20, 0x67, 0x73, 0x5f, 0x47, 0x5b, 0x5f, 0x35, 0x35, 0x39, 0x5d, 0x3b, 0x0a, 0x20, 0x20, // = gs_G[_559];.  
	0x20, 0x20, 0x20, 0x20, 0x20, 0x20, 0x20, 0x20, 0x20, 0x20, 0x66, 0x6c, 0x6f, 0x61, 0x74, 0x20, //           float 
	0x5f, 0x37, 0x35, 0x30, 0x20, 0x3d, 0x20, 0x67, 0x73, 0x5f, 0x42, 0x5b, 0x5f, 0x35, 0x35, 0x39, // _750 = gs_B[_559
	0x5d, 0x3b, 0x0a, 0x20, 0x20, 0x20, 0x20, 0x20, 0x20, 0x20, 0x20, 0x20, 0x20, 0x20, 0x20, 0x66, // ];.            f
	0x6c, 0x6f, 0x61, 0x74, 0x20, 0x5f, 0x37, 0x35, 0x33, 0x20, 0x3d, 0x20, 0x67, 0x73, 0x5f, 0x41, // loat _753 = gs_A
	0x5b, 0x5f, 0x35, 0x35, 0x39, 0x5d, 0x3b, 0x0a, 0x20, 0x20, 0x20, 0x20, 0x20, 0x20, 0x20, 0x20, // [_559];.        
	0x20, 0x20, 0x20, 0x20, 0x66, 0x6c, 0x6f, 0x61, 0x74, 0x34, 0x20, 0x5f, 0x35, 0x36, 0x38, 0x20, //     float4 _568 
	0x3d, 0x20, 0x28, 0x28, 0x28, 0x5f, 0x35, 0x32, 0x39, 0x20, 0x2b, 0x20, 0x66, 0x6c, 0x6f, 0x61, // = (((_529 + floa
	0x74, 0x34, 0x28, 0x5f, 0x37, 0x31, 0x34, 0x2c, 0x20, 0x5f, 0x37, 0x31, 0x37, 0x2c, 0x20, 0x5f, // t4(_714, _717, _
	0x37, 0x32, 0x30, 0x2c, 0x20, 0x5f, 0x37, 0x32, 0x33, 0x29, 0x29, 0x20, 0x2b, 0x20, 0x66, 0x6c, // 720, _723)) + fl
	0x6f, 0x61, 0x74, 0x34, 0x28, 0x5f, 0x37, 0x32, 0x39, 0x2c, 0x20, 0x5f, 0x37, 0x33, 0x32, 0x2c, // oat4(_729, _732,
	0x20, 0x5f, 0x37, 0x33, 0x35, 0x2c, 0x20, 0x5f, 0x37, 0x33, 0x38, 0x29, 0x29, 0x20, 0x2b, 0x20, //  _735, _738)) + 
	0x66, 0x6c, 0x6f, 0x61, 0x74, 0x34, 0x28, 0x5f, 0x37, 0x34, 0x34, 0x2c, 0x20, 0x5f, 0x37, 0x34, // float4(_744, _74
	0x37, 0x2c, 0x20, 0x5f, 0x37, 0x35, 0x30, 0x2c, 0x20, 0x5f, 0x37, 0x35, 0x33, 0x29, 0x29, 0x20, // 7, _750, _753)) 
	0x2a, 0x20, 0x30, 0x2e, 0x32, 0x35, 0x3b, 0x0a, 0x20, 0x20, 0x20, 0x20, 0x20, 0x20, 0x20, 0x20, // * 0.25;.        
	0x20, 0x20, 0x20, 0x20, 0x69, 0x6e, 0x74, 0x33, 0x20, 0x5f, 0x35, 0x37, 0x38, 0x20, 0x3d, 0x20, //     int3 _578 = 
	0x69, 0x6e, 0x74, 0x33, 0x28, 0x69, 0x6e, 0x74, 0x32, 0x28, 0x5f, 0x35, 0x30, 0x30, 0x20, 0x2f, // int3(int2(_500 /
	0x20, 0x75, 0x69, 0x6e, 0x74, 0x32, 0x28, 0x32, 0x75, 0x29, 0x29, 0x2c, 0x20, 0x5f, 0x35, 0x33, //  uint2(2u)), _53
	0x34, 0x29, 0x3b, 0x0a, 0x20, 0x20, 0x20, 0x20, 0x20, 0x20, 0x20, 0x20, 0x20, 0x20, 0x20, 0x20, // 4);.            
	0x73, 0x5f, 0x69, 0x6d, 0x67, 0x4d, 0x69, 0x70, 0x32, 0x2e, 0x77, 0x72, 0x69, 0x74, 0x65, 0x28, // s_imgMip2.write(
	0x5f, 0x35, 0x36, 0x38, 0x2c, 0x20, 0x75, 0x69, 0x6e, 0x74, 0x32, 0x28, 0x5f, 0x35, 0x37, 0x38, // _568, uint2(_578
	0x2e, 0x78, 0x79, 0x29, 0x2c, 0x20, 0x75, 0x69, 0x6e, 0x74, 0x28, 0x5f, 0x35, 0x37, 0x38, 0x2e, // .xy), uint(_578.
	0x7a, 0x29, 0x29, 0x3b, 0x0a, 0x20, 0x20, 0x20, 0x20, 0x20, 0x20, 0x20, 0x20, 0x20, 0x20, 0x20, // z));.           
	0x20, 0x67, 0x73, 0x5f, 0x52, 0x5b, 0x5f, 0x34, 0x38, 0x34, 0x5d, 0x20, 0x3d, 0x20, 0x5f, 0x35, //  gs_R[_484] = _5
	0x36, 0x38, 0x2e, 0x78, 0x3b, 0x0a, 0x20, 0x20, 0x20, 0x20, 0x20, 0x20, 0x20, 0x20, 0x20, 0x20, // 68.x;.          
	0x20, 0x20, 0x67, 0x73, 0x5f, 0x47, 0x5b, 0x5f, 0x34, 0x38, 0x34, 0x5d, 0x20, 0x3d, 0x20, 0x5f, //   gs_G[_484] = _
	0x35, 0x36, 0x38, 0x2e, 0x79, 0x3b, 0x0a, 0x20, 0x20, 0x20, 0x20, 0x20, 0x20, 0x20, 0x20, 0x20, // 568.y;.         
	0x20, 0x20, 0x20, 0x67, 0x73, 0x5f, 0x42, 0x5b, 0x5f, 0x34, 0x38, 0x34, 0x5d, 0x20, 0x3d, 0x20, //    gs_B[_484] = 
	0x5f, 0x35, 0x36, 0x38, 0x2e, 0x7a, 0x3b, 0x0a, 0x20, 0x20, 0x20, 0x20, 0x20, 0x20, 0x20, 0x20, // _568.z;.        
	0x20, 0x20, 0x20, 0x20, 0x67, 0x73, 0x5f, 0x41, 0x5b, 0x5f, 0x34, 0x38, 0x34, 0x5d, 0x20, 0x3d, //     gs_A[_484] =
	0x20, 0x5f, 0x35, 0x36, 0x38, 0x2e, 0x77, 0x3b, 0x0a, 0x20, 0x20, 0x20, 0x20, 0x20, 0x20, 0x20, //  _568.w;.       
	0x20, 0x20, 0x20, 0x20, 0x20, 0x5f, 0x39, 0x32, 0x31, 0x20, 0x3d, 0x20, 0x5f, 0x35, 0x36, 0x38, //      _921 = _568
	0x3b, 0x0a, 0x20, 0x20, 0x20, 0x20, 0x20, 0x20, 0x20, 0x20, 0x7d, 0x0a, 0x20, 0x20, 0x20, 0x20, // ;.        }.    
	0x20, 0x20, 0x20, 0x20, 0x65, 0x6c, 0x73, 0x65, 0x0a, 0x20, 0x20, 0x20, 0x20, 0x20, 0x20, 0x20, //     else.       
	0x20, 0x7b, 0x0a, 0x20, 0x20, 0x20, 0x20, 0x20, 0x20, 0x20, 0x20, 0x20, 0x20, 0x20, 0x20, 0x5f, //  {.            _
	0x39, 0x32, 0x31, 0x20, 0x3d, 0x20, 0x5f, 0x35, 0x32, 0x39, 0x3b, 0x0a, 0x20, 0x20, 0x20, 0x20, // 921 = _529;.    
	0x20, 0x20, 0x20, 0x20, 0x7d, 0x0a, 0x20, 0x20, 0x20, 0x20, 0x20, 0x20, 0x20, 0x20, 0x69, 0x66, //     }.        if
	0x20, 0x28, 0x5f, 0x34, 0x39, 0x32, 0x20, 0x3d, 0x3d, 0x20, 0x32, 0x75, 0x29, 0x0a, 0x20, 0x20, //  (_492 == 2u).  
	0x20, 0x20, 0x20, 0x20, 0x20, 0x20, 0x7b, 0x0a, 0x20, 0x20, 0x20, 0x20, 0x20, 0x20, 0x20, 0x20, //       {.        
	0x20, 0x20, 0x20, 0x20, 0x62, 0x72, 0x65, 0x61, 0x6b, 0x3b, 0x0a, 0x20, 0x20, 0x20, 0x20, 0x20, //     break;.     
	0x20, 0x20, 0x20, 0x7d, 0x0a, 0x20, 0x20, 0x20, 0x20, 0x20, 0x20, 0x20, 0x20, 0x74, 0x68, 0x72, //    }.        thr
	0x65, 0x61, 0x64, 0x67, 0x72, 0x6f, 0x75, 0x70, 0x5f, 0x62, 0x61, 0x72, 0x72, 0x69, 0x65, 0x72, // eadgroup_barrier
	0x28, 0x6d, 0x65, 0x6d, 0x5f, 0x66, 0x6c, 0x61, 0x67, 0x73, 0x3a, 0x3a, 0x6d, 0x65, 0x6d, 0x5f, // (mem_flags::mem_
	0x74, 0x68, 0x72, 0x65, 0x61, 0x64, 0x67, 0x72, 0x6f, 0x75, 0x70, 0x29, 0x3b, 0x0a, 0x20, 0x20, // threadgroup);.  
	0x20, 0x20, 0x20, 0x20, 0x20, 0x20, 0x66, 0x6c, 0x6f, 0x61, 0x74, 0x34, 0x20, 0x5f, 0x39, 0x32, //       float4 _92
	0x32, 0x3b, 0x0a, 0x20, 0x20, 0x20, 0x20, 0x20, 0x20, 0x20, 0x20, 0x69, 0x66, 0x20, 0x28, 0x28, // 2;.        if ((
	0x5f, 0x34, 0x38, 0x34, 0x20, 0x26, 0x20, 0x32, 0x37, 0x75, 0x29, 0x20, 0x3d, 0x3d, 0x20, 0x30, // _484 & 27u) == 0
	0x75, 0x29, 0x0a, 0x20, 0x20, 0x20, 0x20, 0x20, 0x20, 0x20, 0x20, 0x7b, 0x0a, 0x20, 0x20, 0x20, // u).        {.   
	0x20, 0x20, 0x20, 0x20, 0x20, 0x20, 0x20, 0x20, 0x20, 0x75, 0x69, 0x6e, 0x74, 0x20, 0x5f, 0x35, //          uint _5
	0x39, 0x35, 0x20, 0x3d, 0x20, 0x5f, 0x34, 0x38, 0x34, 0x20, 0x2b, 0x20, 0x32, 0x75, 0x3b, 0x0a, // 95 = _484 + 2u;.
	0x20, 0x20, 0x20, 0x20, 0x20, 0x20, 0x20, 0x20, 0x20, 0x20, 0x20, 0x20, 0x66, 0x6c, 0x6f, 0x61, //             floa
	0x74, 0x20, 0x5f, 0x37, 0x38, 0x32, 0x20, 0x3d, 0x20, 0x67, 0x73, 0x5f, 0x52, 0x5b, 0x5f, 0x35, // t _782 = gs_R[_5
	0x39, 0x35, 0x5d, 0x3b, 0x0a, 0x20, 0x20, 0x20, 0x20, 0x20, 0x20, 0x20, 0x20, 0x20, 0x20, 0x20, // 95];.           
	0x20, 0x66, 0x6c, 0x6f, 0x61, 0x74, 0x20, 0x5f, 0x37, 0x38, 0x35, 0x20, 0x3d, 0x20, 0x67, 0x73, //  float _785 = gs
	0x5f, 0x47, 0x5b, 0x5f, 0x35, 0x39, 0x35, 0x5d, 0x3b, 0x0a, 0x20, 0x20, 0x20, 0x20, 0x20, 0x20, // _G[_595];.      
	0x20, 0x20, 0x20, 0x20, 0x20, 0x20, 0x66, 0x6c, 0x6f, 0x61, 0x74, 0x20, 0x5f, 0x37, 0x38, 0x38, //       float _788
	0x20, 0x3d, 0x20, 0x67, 0x73, 0x5f, 0x42, 0x5b, 0x5f, 0x35, 0x39, 0x35, 0x5d, 0x3b, 0x0a, 0x20, //  = gs_B[_595];. 
	0x20, 0x20, 0x20, 0x20, 0x20, 0x20, 0x20, 0x20, 0x20, 0x20, 0x20, 0x66, 0x6c, 0x6f, 0x61, 0x74, //            float
	0x20, 0x5f, 0x37, 0x39, 0x31, 0x20, 0x3d, 0x20, 0x67, 0x73, 0x5f, 0x41, 0x5b, 0x5f, 0x35, 0x39, //  _791 = gs_A[_59
	0x35, 0x5d, 0x3b, 0x0a, 0x20, 0x20, 0x20, 0x20, 0x20, 0x20, 0x20, 0x20, 0x20, 0x20, 0x20, 0x20, // 5];.            
	0x75, 0x69, 0x6e, 0x74, 0x20, 0x5f, 0x35, 0x39, 0x38, 0x20, 0x3d, 0x20, 0x5f, 0x34, 0x38, 0x34, // uint _598 = _484
	0x20, 0x2b, 0x20, 0x31, 0x36, 0x75, 0x3b, 0x0a, 0x20, 0x20, 0x20, 0x20, 0x20, 0x20, 0x20, 0x20, //  + 16u;.        
	0x20, 0x20, 0x20, 0x20, 0x66, 0x6c, 0x6f, 0x61, 0x74, 0x20, 0x5f, 0x37, 0x39, 0x37, 0x20, 0x3d, //     float _797 =
	0x20, 0x67, 0x73, 0x5f, 0x52, 0x5b, 0x5f, 0x35, 0x39, 0x38, 0x5d, 0x3b, 0x0a, 0x20, 0x20, 0x20, //  gs_R[_598];.   
	0x20, 0x20, 0x20, 0x20, 0x20, 0x20, 0x20, 0x20, 0x20, 0x66, 0x6c, 0x6f, 0x61, 0x74, 0x20, 0x5f, //          float _
	0x38, 0x30, 0x30, 0x20, 0x3d, 0x20, 0x67, 0x73, 0x5f, 0x47, 0x5b, 0x5f, 0x35, 0x39, 0x38, 0x5d, // 800 = gs_G[_598]
	0x3b, 0x0a, 0x20, 0x20, 0x20, 0x20, 0x20, 0x20, 0x20, 0x20, 0x20, 0x20, 0x20, 0x20, 0x66, 0x6c, // ;.            fl
	0x6f, 0x61, 0x74, 0x20, 0x5f, 0x38, 0x30, 0x33, 0x20, 0x3d, 0x20, 0x67, 0x73, 0x5f, 0x42, 0x5b, // oat _803 = gs_B[
	0x5f, 0x35, 0x39, 0x38, 0x5d, 0x3b, 0x0a, 0x20, 0x20, 0x20, 0x20, 0x20, 0x20, 0x20, 0x20, 0x20, // _598];.         
	0x20, 0x20, 0x20, 0x66, 0x6c, 0x6f, 0x61, 0x74, 0x20, 0x5f, 0x38, 0x30, 0x36, 0x20, 0x3d, 0x20, //    float _806 = 
	0x67, 0x73, 0x5f, 0x41, 0x5b, 0x5f, 0x35, 0x39, 0x38, 0x5d, 0x3b, 0x0a, 0x20, 0x20, 0x20, 0x20, // gs_A[_598];.    
	0x20, 0x20, 0x20, 0x20, 0x20, 0x20, 0x20, 0x20, 0x75, 0x69, 0x6e, 0x74, 0x20, 0x5f, 0x36, 0x30, //         uint _60
	0x31, 0x20, 0x3d, 0x20, 0x5f, 0x34, 0x38, 0x34, 0x20, 0x2b, 0x20, 0x31, 0x38, 0x75, 0x3b, 0x0a, // 1 = _484 + 18u;.
	0x20, 0x20, 0x20, 0x20, 0x20, 0x20, 0x20, 0x20, 0x20, 0x20, 0x20, 0x20, 0x66, 0x6c, 0x6f, 0x61, //             floa
	0x74, 0x20, 0x5f, 0x38, 0x31, 0x32, 0x20, 0x3d, 0x20, 0x67, 0x73, 0x5f, 0x52, 0x5b, 0x5f, 0x36, // t _812 = gs_R[_6
	0x30, 0x31, 0x5d, 0x3b, 0x0a, 0x20, 0x20, 0x20, 0x20, 0x20, 0x20, 0x20, 0x20, 0x20, 0x20, 0x20, // 01];.           
	0x20, 0x66, 0x6c, 0x6f, 0x61, 0x74, 0x20, 0x5f, 0x38, 0x31, 0x35, 0x20, 0x3d, 0x20, 0x67, 0x73, //  float _815 = gs
	0x5f, 0x47, 0x5b, 0x5f, 0x36, 0x30, 0x31, 0x5d, 0x3b, 0x0a, 0x20, 0x20, 0x20, 0x20, 0x20, 0x20, // _G[_601];.      
	0x20, 0x20, 0x20, 0x20, 0x20, 0x20, 0x66, 0x6c, 0x6f, 0x61, 0x74, 0x20, 0x5f, 0x38, 0x31, 0x38, //       float _818
	0x20, 0x3d, 0x20, 0x67, 0x73, 0x5f, 0x42, 0x5b, 0x5f, 0x36, 0x30, 0x31, 0x5d, 0x3b, 0x0a, 0x20, //  = gs_B[_601];. 
	0x20, 0x20, 0x20, 0x20, 0x20, 0x20, 0x20, 0x20, 0x20, 0x20, 0x20, 0x66, 0x6c, 0x6f, 0x61, 0x74, //            float
	0x20, 0x5f, 0x38, 0x32, 0x31, 0x20, 0x3d, 0x20, 0x67, 0x73, 0x5f, 0x41, 0x5b, 0x5f, 0x36, 0x30, //  _821 = gs_A[_60
	0x31, 0x5d, 0x3b, 0x0a, 0x20, 0x20, 0x20, 0x20, 0x20, 0x20, 0x20, 0x20, 0x20, 0x20, 0x20, 0x20, // 1];.            
	0x66, 0x6c, 0x6f, 0x61, 0x74, 0x34, 0x20, 0x5f, 0x36, 0x31, 0x30, 0x20, 0x3d, 0x20, 0x28, 0x28, // float4 _610 = ((
	0x28, 0x5f, 0x39, 0x32, 0x31, 0x20, 0x2b, 0x20, 0x66, 0x6c, 0x6f, 0x61, 0x74, 0x34, 0x28, 0x5f, // (_921 + float4(_
	0x37, 0x38, 0x32, 0x2c, 0x20, 0x5f, 0x37, 0x38, 0x35, 0x2c, 0x20, 0x5f, 0x37, 0x38, 0x38, 0x2c, // 782, _785, _788,
	0x20, 0x5f, 0x37, 0x39, 0x31, 0x29, 0x29, 0x20, 0x2b, 0x20, 0x66, 0x6c, 0x6f, 0x61, 0x74, 0x34, //  _791)) + float4
	0x28, 0x5f, 0x37, 0x39, 0x37, 0x2c, 0x20, 0x5f, 0x38, 0x30, 0x30, 0x2c, 0x20, 0x5f, 0x38, 0x30, // (_797, _800, _80
	0x33, 0x2c, 0x20, 0x5f, 0x38, 0x30, 0x36, 0x29, 0x29, 0x20, 0x2b, 0x20, 0x66, 0x6c, 0x6f, 0x61, // 3, _806)) + floa
	0x74, 0x34, 0x28, 0x5f, 0x38, 0x31, 0x32, 0x2c, 0x20, 0x5f, 0x38, 0x31, 0x35, 0x2c, 0x20, 0x5f, // t4(_812, _815, _
	0x38, 0x31, 0x38, 0x2c, 0x20, 0x5f, 0x38, 0x32, 0x31, 0x29, 0x29, 0x20, 0x2a, 0x20, 0x30, 0x2e, // 818, _821)) * 0.
	0x32, 0x35, 0x3b, 0x0a, 0x20, 0x20, 0x20, 0x20, 0x20, 0x20, 0x20, 0x20, 0x20, 0x20, 0x20, 0x20, // 25;.            
	0x69, 0x6e, 0x74, 0x33, 0x20, 0x5f, 0x36, 0x32, 0x30, 0x20, 0x3d, 0x20, 0x69, 0x6e, 0x74, 0x33, // int3 _620 = int3
	0x28, 0x69, 0x6e, 0x74, 0x32, 0x28, 0x5f, 0x35, 0x30, 0x30, 0x20, 0x2f, 0x20, 0x75, 0x69, 0x6e, // (int2(_500 / uin
	0x74, 0x32, 0x28, 0x34, 0x75, 0x29, 0x29, 0x2c, 0x20, 0x5f, 0x35, 0x33, 0x34, 0x29, 0x3b, 0x0a, // t2(4u)), _534);.
	0x20, 0x20, 0x20, 0x20, 0x20, 0x20, 0x20, 0x20, 0x20, 0x20, 0x20, 0x20, 0x73, 0x5f, 0x69, 0x6d, //             s_im
	0x67, 0x4d, 0x69, 0x70, 0x33, 0x2e, 0x77, 0x72, 0x69, 0x74, 0x65, 0x28, 0x5f, 0x36, 0x31, 0x30, // gMip3.write(_610
	0x2c, 0x20, 0x75, 0x69, 0x6e, 0x74, 0x32, 0x28, 0x5f, 0x36, 0x32, 0x30, 0x2e, 0x78, 0x79, 0x29, // , uint2(_620.xy)
	0x2c, 0x20, 0x75, 0x69, 0x6e, 0x74, 0x28, 0x5f, 0x36, 0x32, 0x30, 0x2e, 0x7a, 0x29, 0x29, 0x3b, // , uint(_620.z));
	0x0a, 0x20, 0x20, 0x20, 0x20, 0x20, 0x20, 0x20, 0x20, 0x20, 0x20, 0x20, 0x20, 0x67, 0x73, 0x5f, // .            gs_
	0x52, 0x5b, 0x5f, 0x34, 0x38, 0x34, 0x5d, 0x20, 0x3d, 0x20, 0x5f, 0x36, 0x31, 0x30, 0x2e, 0x78, // R[_484] = _610.x
	0x3b, 0x0a, 0x20, 0x20, 0x20, 0x20, 0x20, 0x20, 0x20, 0x20, 0x20, 0x20, 0x20, 0x20, 0x67, 0x73, // ;.            gs
	0x5f, 0x47, 0x5b, 0x5f, 0x34, 0x38, 0x34, 0x5d, 0x20, 0x3d, 0x20, 0x5f, 0x36, 0x31, 0x30, 0x2e, // _G[_484] = _610.
	0x79, 0x3b, 0x0a, 0x20, 0x20, 0x20, 0x20, 0x20, 0x20, 0x20, 0x20, 0x20, 0x20, 0x20, 0x20, 0x67, // y;.            g
	0x73, 0x5f, 0x42, 0x5b, 0x5f, 0x34, 0x38, 0x34, 0x5d, 0x20, 0x3d, 0x20, 0x5f, 0x36, 0x31, 0x30, // s_B[_484] = _610
	0x2e, 0x7a, 0x3b, 0x0a, 0x20, 0x20, 0x20, 0x20, 0x20, 0x20, 0x20, 0x20, 0x20, 0x20, 0x20, 0x20, // .z;.            
	0x67, 0x73, 0x5f, 0x41, 0x5b, 0x5f, 0x34, 0x38, 0x34, 0x5d, 0x20, 0x3d, 0x20, 0x5f, 0x36, 0x31, // gs_A[_484] = _61
	0x30, 0x2e, 0x77, 0x3b, 0x0a, 0x20, 0x20, 0x20, 0x20, 0x20, 0x20, 0x20, 0x20, 0x20, 0x20, 0x20, // 0.w;.           
	0x20, 0x5f, 0x39, 0x32, 0x32, 0x20, 0x3d, 0x20, 0x5f, 0x36, 0x31, 0x30, 0x3b, 0x0a, 0x20, 0x20, //  _922 = _610;.  
	0x20, 0x20, 0x20, 0x20, 0x20, 0x20, 0x7d, 0x0a, 0x20, 0x20, 0x20, 0x20, 0x20, 0x20, 0x20, 0x20, //       }.        
	0x65, 0x6c, 0x73, 0x65, 0x0a, 0x20, 0x20, 0x20, 0x20, 0x20, 0x20, 0x20, 0x20, 0x7b, 0x0a, 0x20, // else.        {. 
	0x20, 0x20, 0x20, 0x20, 0x20, 0x20, 0x20, 0x20, 0x20, 0x20, 0x20, 0x5f, 0x39, 0x32, 0x32, 0x20, //            _922 
	0x3d, 0x20, 0x5f, 0x39, 0x32, 0x31, 0x3b, 0x0a, 0x20, 0x20, 0x20, 0x20, 0x20, 0x20, 0x20, 0x20, // = _921;.        
	0x7d, 0x0a, 0x20, 0x20, 0x20, 0x20, 0x20, 0x20, 0x20, 0x20, 0x69, 0x66, 0x20, 0x28, 0x5f, 0x34, // }.        if (_4
	0x39, 0x32, 0x20, 0x3d, 0x3d, 0x20, 0x33, 0x75, 0x29, 0x0a, 0x20, 0x20, 0x20, 0x20, 0x20, 0x20, // 92 == 3u).      
	0x20, 0x20, 0x7b, 0x0a, 0x20, 0x20, 0x20, 0x20, 0x20, 0x20, 0x20, 0x20, 0x20, 0x20, 0x20, 0x20, //   {.            
	0x62, 0x72, 0x65, 0x61, 0x6b, 0x3b, 0x0a, 0x20, 0x20, 0x20, 0x20, 0x20, 0x20, 0x20, 0x20, 0x7d, // break;.        }
	0x0a, 0x20, 0x20, 0x20, 0x20, 0x20, 0x20, 0x20, 0x20, 0x74, 0x68, 0x72, 0x65, 0x61, 0x64, 0x67, // .        threadg
	0x72, 0x6f, 0x75, 0x70, 0x5f, 0x62, 0x61, 0x72, 0x72, 0x69, 0x65, 0x72, 0x28, 0x6d, 0x65, 0x6d, // roup_barrier(mem
	0x5f, 0x66, 0x6c, 0x61, 0x67, 0x73, 0x3a, 0x3a, 0x6d, 0x65, 0x6d, 0x5f, 0x74, 0x68, 0x72, 0x65, // _flags::mem_thre
	0x61, 0x64, 0x67, 0x72, 0x6f, 0x75, 0x70, 0x29, 0x3b, 0x0a, 0x20, 0x20, 0x20, 0x20, 0x20, 0x20, // adgroup);.      
	0x20, 0x20, 0x69, 0x66, 0x20, 0x28, 0x5f, 0x34, 0x38, 0x34, 0x20, 0x3d, 0x3d, 0x20, 0x30, 0x75, //   if (_484 == 0u
	0x29, 0x0a, 0x20, 0x20, 0x20, 0x20, 0x20, 0x20, 0x20, 0x20, 0x7b, 0x0a, 0x20, 0x20, 0x20, 0x20, // ).        {.    
	0x20, 0x20, 0x20, 0x20, 0x20, 0x20, 0x20, 0x20, 0x75, 0x69, 0x6e, 0x74, 0x20, 0x5f, 0x36, 0x33, //         uint _63
	0x36, 0x20, 0x3d, 0x20, 0x5f, 0x34, 0x38, 0x34, 0x20, 0x2b, 0x20, 0x34, 0x75, 0x3b, 0x0a, 0x20, // 6 = _484 + 4u;. 
	0x20, 0x20, 0x20, 0x20, 0x20, 0x20, 0x20, 0x20, 0x20, 0x20, 0x20, 0x75, 0x69, 0x6e, 0x74, 0x20, //            uint 
	0x5f, 0x36, 0x33, 0x39, 0x20, 0x3d, 0x20, 0x5f, 0x34, 0x38, 0x34, 0x20, 0x2b, 0x20, 0x33, 0x32, // _639 = _484 + 32
	0x75, 0x3b, 0x0a, 0x20, 0x20, 0x20, 0x20, 0x20, 0x20, 0x20, 0x20, 0x20, 0x20, 0x20, 0x20, 0x75, // u;.            u
	0x69, 0x6e, 0x74, 0x20, 0x5f, 0x36, 0x34, 0x32, 0x20, 0x3d, 0x20, 0x5f, 0x34, 0x38, 0x34, 0x20, // int _642 = _484 
	0x2b, 0x20, 0x33, 0x36, 0x75, 0x3b, 0x0a, 0x20, 0x20, 0x20, 0x20, 0x20, 0x20, 0x20, 0x20, 0x20, // + 36u;.         
	0x20, 0x20, 0x20, 0x69, 0x6e, 0x74, 0x33, 0x20, 0x5f, 0x36, 0x36, 0x31, 0x20, 0x3d, 0x20, 0x69, //    int3 _661 = i
	0x6e, 0x74, 0x33, 0x28, 0x69, 0x6e, 0x74, 0x32, 0x28, 0x5f, 0x35, 0x30, 0x30, 0x20, 0x2f, 0x20, // nt3(int2(_500 / 
	0x75, 0x69, 0x6e, 0x74, 0x32, 0x28, 0x38, 0x75, 0x29, 0x29, 0x2c, 0x20, 0x5f, 0x35, 0x33, 0x34, // uint2(8u)), _534
	0x29, 0x3b, 0x0a, 0x20, 0x20, 0x20, 0x20, 0x20, 0x20, 0x20, 0x20, 0x20, 0x20, 0x20, 0x20, 0x73, // );.            s
	0x5f, 0x69, 0x6d, 0x67, 0x4d, 0x69, 0x70, 0x34, 0x2e, 0x77, 0x72, 0x69, 0x74, 0x65, 0x28, 0x28, // _imgMip4.write((
	0x28, 0x28, 0x5f, 0x39, 0x32, 0x32, 0x20, 0x2b, 0x20, 0x66, 0x6c, 0x6f, 0x61, 0x74, 0x34, 0x28, // ((_922 + float4(
	0x67, 0x73, 0x5f, 0x52, 0x5b, 0x5f, 0x36, 0x33, 0x36, 0x5d, 0x2c, 0x20, 0x67, 0x73, 0x5f, 0x47, // gs_R[_636], gs_G
	0x5b, 0x5f, 0x36, 0x33, 0x36, 0x5d, 0x2c, 0x20, 0x67, 0x73, 0x5f, 0x42, 0x5b, 0x5f, 0x36, 0x33, // [_636], gs_B[_63
	0x36, 0x5d, 0x2c, 0x20, 0x67, 0x73, 0x5f, 0x41, 0x5b, 0x5f, 0x36, 0x33, 0x36, 0x5d, 0x29, 0x29, // 6], gs_A[_636]))
	0x20, 0x2b, 0x20, 0x66, 0x6c, 0x6f, 0x61, 0x74, 0x34, 0x28, 0x67, 0x73, 0x5f, 0x52, 0x5b, 0x5f, //  + float4(gs_R[_
	0x36, 0x33, 0x39, 0x5d, 0x2c, 0x20, 0x67, 0x73, 0x5f, 0x47, 0x5b, 0x5f, 0x36, 0x33, 0x39, 0x5d, // 639], gs_G[_639]
	0x2c, 0x20, 0x67, 0x73, 0x5f, 0x42, 0x5b, 0x5f, 0x36, 0x33, 0x39, 0x5d, 0x2c, 0x20, 0x67, 0x73, // , gs_B[_639], gs
	0x5f, 0x41, 0x5b, 0x5f, 0x36, 0x33, 0x39, 0x5d, 0x29, 0x29, 0x20, 0x2b, 0x20, 0x66, 0x6c, 0x6f, // _A[_639])) + flo
	0x61, 0x74, 0x34, 0x28, 0x67, 0x73, 0x5f, 0x52, 0x5b, 0x5f, 0x36, 0x34, 0x32, 0x5d, 0x2c, 0x20, // at4(gs_R[_642], 
	0x67, 0x73, 0x5f, 0x47, 0x5b, 0x5f, 0x36, 0x34, 0x32, 0x5d, 0x2c, 0x20, 0x67, 0x73, 0x5f, 0x42, // gs_G[_642], gs_B
	0x5b, 0x5f, 0x36, 0x34, 0x32, 0x5d, 0x2c, 0x20, 0x67, 0x73, 0x5f, 0x41, 0x5b, 0x5f, 0x36, 0x34, // [_642], gs_A[_64
	0x32, 0x5d, 0x29, 0x29, 0x20, 0x2a, 0x20, 0x30, 0x2e, 0x32, 0x35, 0x2c, 0x20, 0x75, 0x69, 0x6e, // 2])) * 0.25, uin
	0x74, 0x32, 0x28, 0x5f, 0x36, 0x36, 0x31, 0x2e, 0x78, 0x79, 0x29, 0x2c, 0x20, 0x75, 0x69, 0x6e, // t2(_661.xy), uin
	0x74, 0x28, 0x5f, 0x36, 0x36, 0x31, 0x2e, 0x7a, 0x29, 0x29, 0x3b, 0x0a, 0x20, 0x20, 0x20, 0x20, // t(_661.z));.    
	0x20, 0x20, 0x20, 0x20, 0x7d, 0x0a, 0x20, 0x20, 0x20, 0x20, 0x20, 0x20, 0x20, 0x20, 0x62, 0x72, //     }.        br
	0x65, 0x61, 0x6b, 0x3b, 0x0a, 0x20, 0x20, 0x20, 0x20, 0x7d, 0x20, 0x77, 0x68, 0x69, 0x6c, 0x65, // eak;.    } while
	0x28, 0x66, 0x61, 0x6c, 0x73, 0x65, 0x29, 0x3b, 0x0a, 0x7d, 0x0a, 0x0a, 0x00, 0x00, 0x70, 0x00, // (false);.}....p.
};
extern const uint8_t* cs_mipgen_oddx_pssl;
extern const uint32_t cs_mipgen_oddx_pssl_size;
