static const uint8_t cs_mipgen_pow2_glsl[4421] =
{
	0x43, 0x53, 0x48, 0x0b, 0x00, 0x00, 0x00, 0x00, 0x00, 0x00, 0x00, 0x00, 0x02, 0x00, 0x0b, 0x62, // CSH............b
	0x67, 0x66, 0x78, 0x5f, 0x6d, 0x69, 0x70, 0x47, 0x65, 0x6e, 0x02, 0x01, 0x00, 0x00, 0x01, 0x00, // gfx_mipGen......
	0x00, 0x00, 0x00, 0x00, 0x0e, 0x62, 0x67, 0x66, 0x78, 0x5f, 0x74, 0x65, 0x78, 0x4d, 0x69, 0x70, // .....bgfx_texMip
	0x53, 0x72, 0x63, 0x00, 0x01, 0x00, 0x00, 0x01, 0x00, 0x00, 0x00, 0x00, 0x00, 0x03, 0x11, 0x00, // Src.............
	0x00, 0x6c, 0x61, 0x79, 0x6f, 0x75, 0x74, 0x28, 0x6c, 0x6f, 0x63, 0x61, 0x6c, 0x5f, 0x73, 0x69, // .layout(local_si
	0x7a, 0x65, 0x5f, 0x78, 0x20, 0x3d, 0x20, 0x38, 0x2c, 0x20, 0x6c, 0x6f, 0x63, 0x61, 0x6c, 0x5f, // ze_x = 8, local_
	0x73, 0x69, 0x7a, 0x65, 0x5f, 0x79, 0x20, 0x3d, 0x20, 0x38, 0x2c, 0x20, 0x6c, 0x6f, 0x63, 0x61, // size_y = 8, loca
	0x6c, 0x5f, 0x73, 0x69, 0x7a, 0x65, 0x5f, 0x7a, 0x20, 0x3d, 0x20, 0x31, 0x29, 0x20, 0x69, 0x6e, // l_size_z = 1) in
	0x3b, 0x0a, 0x0a, 0x75, 0x6e, 0x69, 0x66, 0x6f, 0x72, 0x6d, 0x20, 0x76, 0x65, 0x63, 0x34, 0x20, // ;..uniform vec4 
	0x62, 0x67, 0x66, 0x78, 0x5f, 0x6d, 0x69, 0x70, 0x47, 0x65, 0x6e, 0x3b, 0x0a, 0x75, 0x6e, 0x69, // bgfx_mipGen;.uni
	0x66, 0x6f, 0x72, 0x6d, 0x20, 0x73, 0x61, 0x6d, 0x70, 0x6c, 0x65, 0x72, 0x32, 0x44, 0x41, 0x72, // form sampler2DAr
	0x72, 0x61, 0x79, 0x20, 0x62, 0x67, 0x66, 0x78, 0x5f, 0x74, 0x65, 0x78, 0x4d, 0x69, 0x70, 0x53, // ray bgfx_texMipS
	0x72, 0x63, 0x3b, 0x0a, 0x6c, 0x61, 0x79, 0x6f, 0x75, 0x74, 0x28, 0x6c, 0x6f, 0x63, 0x61, 0x74, // rc;.layout(locat
	0x69, 0x6f, 0x6e, 0x20, 0x3d, 0x20, 0x30, 0x2c, 0x20, 0x62, 0x69, 0x6e, 0x64, 0x69, 0x6e, 0x67, // ion = 0, binding
	0x20, 0x3d, 0x20, 0x30, 0x2c, 0x20, 0x72, 0x67, 0x62, 0x61, 0x38, 0x29, 0x20, 0x75, 0x6e, 0x69, //  = 0, rgba8) uni
	0x66, 0x6f, 0x72, 0x6d, 0x20, 0x77, 0x72, 0x69, 0x74, 0x65, 0x6f, 0x6e, 0x6c, 0x79, 0x20, 0x69, // form writeonly i
	0x6d, 0x61, 0x67, 0x65, 0x32, 0x44, 0x41, 0x72, 0x72, 0x61, 0x79, 0x20, 0x73, 0x5f, 0x69, 0x6d, // mage2DArray s_im
	0x67, 0x4d, 0x69, 0x70, 0x31, 0x3b, 0x0a, 0x6c, 0x61, 0x79, 0x6f, 0x75, 0x74, 0x28, 0x6c, 0x6f, // gMip1;.layout(lo
	0x63, 0x61, 0x74, 0x69, 0x6f, 0x6e, 0x20, 0x3d, 0x20, 0x31, 0x2c, 0x20, 0x62, 0x69, 0x6e, 0x64, // cation = 1, bind
	0x69, 0x6e, 0x67, 0x20, 0x3d, 0x20, 0x31, 0x2c, 0x20, 0x72, 0x67, 0x62, 0x61, 0x38, 0x29, 0x20, // ing = 1, rgba8) 
	0x75, 0x6e, 0x69, 0x66, 0x6f, 0x72, 0x6d, 0x20, 0x77, 0x72, 0x69, 0x74, 0x65, 0x6f, 0x6e, 0x6c, // uniform writeonl
	0x79, 0x20, 0x69, 0x6d, 0x61, 0x67, 0x65, 0x32, 0x44, 0x41, 0x72, 0x72, 0x61, 0x79, 0x20, 0x73, // y image2DArray s
	0x5f, 0x69, 0x6d, 0x67, 0x4d, 0x69, 0x70, 0x32, 0x3b, 0x0a, 0x6c, 0x61, 0x79, 0x6f, 0x75, 0x74, // _imgMip2;.layout
	0x28, 0x6c, 0x6f, 0x63, 0x61, 0x74, 0x69, 0x6f, 0x6e, 0x20, 0x3d, 0x20, 0x32, 0x2c, 0x20, 0x62, // (location = 2, b
	0x69, 0x6e, 0x64, 0x69, 0x6e, 0x67, 0x20, 0x3d, 0x20, 0x32, 0x2c, 0x20, 0x72, 0x67, 0x62, 0x61, // inding = 2, rgba
	0x38, 0x29, 0x20, 0x75, 0x6e, 0x69, 0x66, 0x6f, 0x72, 0x6d, 0x20, 0x77, 0x72, 0x69, 0x74, 0x65, // 8) uniform write
	0x6f, 0x6e, 0x6c, 0x79, 0x20, 0x69, 0x6d, 0x61, 0x67, 0x65, 0x32, 0x44, 0x41, 0x72, 0x72, 0x61, // only image2DArra
	0x79, 0x20, 0x73, 0x5f, 0x69, 0x6d, 0x67, 0x4d, 0x69, 0x70, 0x33, 0x3b, 0x0a, 0x6c, 0x61, 0x79, // y s_imgMip3;.lay
	0x6f, 0x75, 0x74, 0x28, 0x6c, 0x6f, 0x63, 0x61, 0x74, 0x69, 0x6f, 0x6e, 0x20, 0x3d, 0x20, 0x33, // out(location = 3
	0x2c, 0x20, 0x62, 0x69, 0x6e, 0x64, 0x69, 0x6e, 0x67, 0x20, 0x3d, 0x20, 0x33, 0x2c, 0x20, 0x72, // , binding = 3, r
	0x67, 0x62, 0x61, 0x38, 0x29, 0x20, 0x75, 0x6e, 0x69, 0x66, 0x6f, 0x72, 0x6d, 0x20, 0x77, 0x72, // gba8) uniform wr
	0x69, 0x74, 0x65, 0x6f, 0x6e, 0x6c, 0x79, 0x20, 0x69, 0x6d, 0x61, 0x67, 0x65, 0x32, 0x44, 0x41, // iteonly image2DA
	0x72, 0x72, 0x61, 0x79, 0x20, 0x73, 0x5f, 0x69, 0x6d, 0x67, 0x4d, 0x69, 0x70, 0x34, 0x3b, 0x0a, // rray s_imgMip4;.
	0x0a, 0x73, 0x68, 0x61, 0x72, 0x65, 0x64, 0x20, 0x66, 0x6c, 0x6f, 0x61, 0x74, 0x20, 0x67, 0x73, // .shared float gs
	0x5f, 0x52, 0x5b, 0x36, 0x34, 0x5d, 0x3b, 0x0a, 0x73, 0x68, 0x61, 0x72, 0x65, 0x64, 0x20, 0x66, // _R[64];.shared f
	0x6c, 0x6f, 0x61, 0x74, 0x20, 0x67, 0x73, 0x5f, 0x47, 0x5b, 0x36, 0x34, 0x5d, 0x3b, 0x0a, 0x73, // loat gs_G[64];.s
	0x68, 0x61, 0x72, 0x65, 0x64, 0x20, 0x66, 0x6c, 0x6f, 0x61, 0x74, 0x20, 0x67, 0x73, 0x5f, 0x42, // hared float gs_B
	0x5b, 0x36, 0x34, 0x5d, 0x3b, 0x0a, 0x73, 0x68, 0x61, 0x72, 0x65, 0x64, 0x20, 0x66, 0x6c, 0x6f, // [64];.shared flo
	0x61, 0x74, 0x20, 0x67, 0x73, 0x5f, 0x41, 0x5b, 0x36, 0x34, 0x5d, 0x3b, 0x0a, 0x0a, 0x76, 0x6f, // at gs_A[64];..vo
	0x69, 0x64, 0x20, 0x6d, 0x61, 0x69, 0x6e, 0x28, 0x29, 0x0a, 0x7b, 0x0a, 0x20, 0x20, 0x20, 0x20, // id main().{.    
	0x64, 0x6f, 0x0a, 0x20, 0x20, 0x20, 0x20, 0x7b, 0x0a, 0x20, 0x20, 0x20, 0x20, 0x20, 0x20, 0x20, // do.    {.       
	0x20, 0x75, 0x69, 0x6e, 0x74, 0x20, 0x5f, 0x39, 0x33, 0x20, 0x3d, 0x20, 0x75, 0x69, 0x6e, 0x74, //  uint _93 = uint
	0x28, 0x62, 0x67, 0x66, 0x78, 0x5f, 0x6d, 0x69, 0x70, 0x47, 0x65, 0x6e, 0x2e, 0x79, 0x29, 0x3b, // (bgfx_mipGen.y);
	0x0a, 0x20, 0x20, 0x20, 0x20, 0x20, 0x20, 0x20, 0x20, 0x76, 0x65, 0x63, 0x34, 0x20, 0x5f, 0x31, // .        vec4 _1
	0x32, 0x37, 0x20, 0x3d, 0x20, 0x74, 0x65, 0x78, 0x74, 0x75, 0x72, 0x65, 0x4c, 0x6f, 0x64, 0x28, // 27 = textureLod(
	0x62, 0x67, 0x66, 0x78, 0x5f, 0x74, 0x65, 0x78, 0x4d, 0x69, 0x70, 0x53, 0x72, 0x63, 0x2c, 0x20, // bgfx_texMipSrc, 
	0x76, 0x65, 0x63, 0x33, 0x28, 0x62, 0x67, 0x66, 0x78, 0x5f, 0x6d, 0x69, 0x70, 0x47, 0x65, 0x6e, // vec3(bgfx_mipGen
	0x2e, 0x7a, 0x77, 0x20, 0x2a, 0x20, 0x28, 0x76, 0x65, 0x63, 0x32, 0x28, 0x67, 0x6c, 0x5f, 0x47, // .zw * (vec2(gl_G
	0x6c, 0x6f, 0x62, 0x61, 0x6c, 0x49, 0x6e, 0x76, 0x6f, 0x63, 0x61, 0x74, 0x69, 0x6f, 0x6e, 0x49, // lobalInvocationI
	0x44, 0x2e, 0x78, 0x79, 0x29, 0x20, 0x2b, 0x20, 0x76, 0x65, 0x63, 0x32, 0x28, 0x30, 0x2e, 0x35, // D.xy) + vec2(0.5
	0x29, 0x29, 0x2c, 0x20, 0x66, 0x6c, 0x6f, 0x61, 0x74, 0x28, 0x67, 0x6c, 0x5f, 0x47, 0x6c, 0x6f, // )), float(gl_Glo
	0x62, 0x61, 0x6c, 0x49, 0x6e, 0x76, 0x6f, 0x63, 0x61, 0x74, 0x69, 0x6f, 0x6e, 0x49, 0x44, 0x2e, // balInvocationID.
	0x7a, 0x29, 0x29, 0x2c, 0x20, 0x66, 0x6c, 0x6f, 0x61, 0x74, 0x28, 0x75, 0x69, 0x6e, 0x74, 0x28, // z)), float(uint(
	0x62, 0x67, 0x66, 0x78, 0x5f, 0x6d, 0x69, 0x70, 0x47, 0x65, 0x6e, 0x2e, 0x78, 0x29, 0x29, 0x29, // bgfx_mipGen.x)))
	0x3b, 0x0a, 0x20, 0x20, 0x20, 0x20, 0x20, 0x20, 0x20, 0x20, 0x69, 0x6e, 0x74, 0x20, 0x5f, 0x31, // ;.        int _1
	0x33, 0x38, 0x20, 0x3d, 0x20, 0x69, 0x6e, 0x74, 0x28, 0x67, 0x6c, 0x5f, 0x47, 0x6c, 0x6f, 0x62, // 38 = int(gl_Glob
	0x61, 0x6c, 0x49, 0x6e, 0x76, 0x6f, 0x63, 0x61, 0x74, 0x69, 0x6f, 0x6e, 0x49, 0x44, 0x2e, 0x7a, // alInvocationID.z
	0x29, 0x3b, 0x0a, 0x20, 0x20, 0x20, 0x20, 0x20, 0x20, 0x20, 0x20, 0x69, 0x6d, 0x61, 0x67, 0x65, // );.        image
	0x53, 0x74, 0x6f, 0x72, 0x65, 0x28, 0x73, 0x5f, 0x69, 0x6d, 0x67, 0x4d, 0x69, 0x70, 0x31, 0x2c, // Store(s_imgMip1,
	0x20, 0x69, 0x76, 0x65, 0x63, 0x33, 0x28, 0x69, 0x76, 0x65, 0x63, 0x32, 0x28, 0x67, 0x6c, 0x5f, //  ivec3(ivec2(gl_
	0x47, 0x6c, 0x6f, 0x62, 0x61, 0x6c, 0x49, 0x6e, 0x76, 0x6f, 0x63, 0x61, 0x74, 0x69, 0x6f, 0x6e, // GlobalInvocation
	0x49, 0x44, 0x2e, 0x78, 0x79, 0x29, 0x2c, 0x20, 0x5f, 0x31, 0x33, 0x38, 0x29, 0x2c, 0x20, 0x5f, // ID.xy), _138), _
	0x31, 0x32, 0x37, 0x29, 0x3b, 0x0a, 0x20, 0x20, 0x20, 0x20, 0x20, 0x20, 0x20, 0x20, 0x69, 0x66, // 127);.        if
	0x20, 0x28, 0x5f, 0x39, 0x33, 0x20, 0x3d, 0x3d, 0x20, 0x31, 0x75, 0x29, 0x0a, 0x20, 0x20, 0x20, //  (_93 == 1u).   
	0x20, 0x20, 0x20, 0x20, 0x20, 0x7b, 0x0a, 0x20, 0x20, 0x20, 0x20, 0x20, 0x20, 0x20, 0x20, 0x20, //      {.         
	0x20, 0x20, 0x20, 0x62, 0x72, 0x65, 0x61, 0x6b, 0x3b, 0x0a, 0x20, 0x20, 0x20, 0x20, 0x20, 0x20, //    break;.      
	0x20, 0x20, 0x7d, 0x0a, 0x20, 0x20, 0x20, 0x20, 0x20, 0x20, 0x20, 0x20, 0x67, 0x73, 0x5f, 0x52, //   }.        gs_R
	0x5b, 0x67, 0x6c, 0x5f, 0x4c, 0x6f, 0x63, 0x61, 0x6c, 0x49, 0x6e, 0x76, 0x6f, 0x63, 0x61, 0x74, // [gl_LocalInvocat
	0x69, 0x6f, 0x6e, 0x49, 0x6e, 0x64, 0x65, 0x78, 0x5d, 0x20, 0x3d, 0x20, 0x5f, 0x31, 0x32, 0x37, // ionIndex] = _127
	0x2e, 0x78, 0x3b, 0x0a, 0x20, 0x20, 0x20, 0x20, 0x20, 0x20, 0x20, 0x20, 0x67, 0x73, 0x5f, 0x47, // .x;.        gs_G
	0x5b, 0x67, 0x6c, 0x5f, 0x4c, 0x6f, 0x63, 0x61, 0x6c, 0x49, 0x6e, 0x76, 0x6f, 0x63, 0x61, 0x74, // [gl_LocalInvocat
	0x69, 0x6f, 0x6e, 0x49, 0x6e, 0x64, 0x65, 0x78, 0x5d, 0x20, 0x3d, 0x20, 0x5f, 0x31, 0x32, 0x37, // ionIndex] = _127
	0x2e, 0x79, 0x3b, 0x0a, 0x20, 0x20, 0x20, 0x20, 0x20, 0x20, 0x20, 0x20, 0x67, 0x73, 0x5f, 0x42, // .y;.        gs_B
	0x5b, 0x67, 0x6c, 0x5f, 0x4c, 0x6f, 0x63, 0x61, 0x6c, 0x49, 0x6e, 0x76, 0x6f, 0x63, 0x61, 0x74, // [gl_LocalInvocat
	0x69, 0x6f, 0x6e, 0x49, 0x6e, 0x64, 0x65, 0x78, 0x5d, 0x20, 0x3d, 0x20, 0x5f, 0x31, 0x32, 0x37, // ionIndex] = _127
	0x2e, 0x7a, 0x3b, 0x0a, 0x20, 0x20, 0x20, 0x20, 0x20, 0x20, 0x20, 0x20, 0x67, 0x73, 0x5f, 0x41, // .z;.        gs_A
	0x5b, 0x67, 0x6c, 0x5f, 0x4c, 0x6f, 0x63, 0x61, 0x6c, 0x49, 0x6e, 0x76, 0x6f, 0x63, 0x61, 0x74, // [gl_LocalInvocat
	0x69, 0x6f, 0x6e, 0x49, 0x6e, 0x64, 0x65, 0x78, 0x5d, 0x20, 0x3d, 0x20, 0x5f, 0x31, 0x32, 0x37, // ionIndex] = _127
	0x2e, 0x77, 0x3b, 0x0a, 0x20, 0x20, 0x20, 0x20, 0x20, 0x20, 0x20, 0x20, 0x62, 0x61, 0x72, 0x72, // .w;.        barr
	0x69, 0x65, 0x72, 0x28, 0x29, 0x3b, 0x0a, 0x20, 0x20, 0x20, 0x20, 0x20, 0x20, 0x20, 0x20, 0x76, // ier();.        v
	0x65, 0x63, 0x34, 0x20, 0x5f, 0x35, 0x33, 0x36, 0x3b, 0x0a, 0x20, 0x20, 0x20, 0x20, 0x20, 0x20, // ec4 _536;.      
	0x20, 0x20, 0x69, 0x66, 0x20, 0x28, 0x28, 0x67, 0x6c, 0x5f, 0x4c, 0x6f, 0x63, 0x61, 0x6c, 0x49, //   if ((gl_LocalI
	0x6e, 0x76, 0x6f, 0x63, 0x61, 0x74, 0x69, 0x6f, 0x6e, 0x49, 0x6e, 0x64, 0x65, 0x78, 0x20, 0x26, // nvocationIndex &
	0x20, 0x39, 0x75, 0x29, 0x20, 0x3d, 0x3d, 0x20, 0x30, 0x75, 0x29, 0x0a, 0x20, 0x20, 0x20, 0x20, //  9u) == 0u).    
	0x20, 0x20, 0x20, 0x20, 0x7b, 0x0a, 0x20, 0x20, 0x20, 0x20, 0x20, 0x20, 0x20, 0x20, 0x20, 0x20, //     {.          
	0x20, 0x20, 0x75, 0x69, 0x6e, 0x74, 0x20, 0x5f, 0x31, 0x36, 0x34, 0x20, 0x3d, 0x20, 0x67, 0x6c, //   uint _164 = gl
	0x5f, 0x4c, 0x6f, 0x63, 0x61, 0x6c, 0x49, 0x6e, 0x76, 0x6f, 0x63, 0x61, 0x74, 0x69, 0x6f, 0x6e, // _LocalInvocation
	0x49, 0x6e, 0x64, 0x65, 0x78, 0x20, 0x2b, 0x20, 0x31, 0x75, 0x3b, 0x0a, 0x20, 0x20, 0x20, 0x20, // Index + 1u;.    
	0x20, 0x20, 0x20, 0x20, 0x20, 0x20, 0x20, 0x20, 0x66, 0x6c, 0x6f, 0x61, 0x74, 0x20, 0x5f, 0x33, //         float _3
	0x35, 0x38, 0x20, 0x3d, 0x20, 0x67, 0x73, 0x5f, 0x52, 0x5b, 0x5f, 0x31, 0x36, 0x34, 0x5d, 0x3b, // 58 = gs_R[_164];
	0x0a, 0x20, 0x20, 0x20, 0x20, 0x20, 0x20, 0x20, 0x20, 0x20, 0x20, 0x20, 0x20, 0x66, 0x6c, 0x6f, // .            flo
	0x61, 0x74, 0x20, 0x5f, 0x33, 0x36, 0x31, 0x20, 0x3d, 0x20, 0x67, 0x73, 0x5f, 0x47, 0x5b, 0x5f, // at _361 = gs_G[_
	0x31, 0x36, 0x34, 0x5d, 0x3b, 0x0a, 0x20, 0x20, 0x20, 0x20, 0x20, 0x20, 0x20, 0x20, 0x20, 0x20, // 164];.          
	0x20, 0x20, 0x66, 0x6c, 0x6f, 0x61, 0x74, 0x20, 0x5f, 0x33, 0x36, 0x34, 0x20, 0x3d, 0x20, 0x67, //   float _364 = g
	0x73, 0x5f, 0x42, 0x5b, 0x5f, 0x31, 0x36, 0x34, 0x5d, 0x3b, 0x0a, 0x20, 0x20, 0x20, 0x20, 0x20, // s_B[_164];.     
	0x20, 0x20, 0x20, 0x20, 0x20, 0x20, 0x20, 0x66, 0x6c, 0x6f, 0x61, 0x74, 0x20, 0x5f, 0x33, 0x36, //        float _36
	0x37, 0x20, 0x3d, 0x20, 0x67, 0x73, 0x5f, 0x41, 0x5b, 0x5f, 0x31, 0x36, 0x34, 0x5d, 0x3b, 0x0a, // 7 = gs_A[_164];.
	0x20, 0x20, 0x20, 0x20, 0x20, 0x20, 0x20, 0x20, 0x20, 0x20, 0x20, 0x20, 0x75, 0x69, 0x6e, 0x74, //             uint
	0x20, 0x5f, 0x31, 0x37, 0x30, 0x20, 0x3d, 0x20, 0x67, 0x6c, 0x5f, 0x4c, 0x6f, 0x63, 0x61, 0x6c, //  _170 = gl_Local
	0x49, 0x6e, 0x76, 0x6f, 0x63, 0x61, 0x74, 0x69, 0x6f, 0x6e, 0x49, 0x6e, 0x64, 0x65, 0x78, 0x20, // InvocationIndex 
	0x2b, 0x20, 0x38, 0x75, 0x3b, 0x0a, 0x20, 0x20, 0x20, 0x20, 0x20, 0x20, 0x20, 0x20, 0x20, 0x20, // + 8u;.          
	0x20, 0x20, 0x66, 0x6c, 0x6f, 0x61, 0x74, 0x20, 0x5f, 0x33, 0x37, 0x33, 0x20, 0x3d, 0x20, 0x67, //   float _373 = g
	0x73, 0x5f, 0x52, 0x5b, 0x5f, 0x31, 0x37, 0x30, 0x5d, 0x3b, 0x0a, 0x20, 0x20, 0x20, 0x20, 0x20, // s_R[_170];.     
	0x20, 0x20, 0x20, 0x20, 0x20, 0x20, 0x20, 0x66, 0x6c, 0x6f, 0x61, 0x74, 0x20, 0x5f, 0x33, 0x37, //        float _37
	0x36, 0x20, 0x3d, 0x20, 0x67, 0x73, 0x5f, 0x47, 0x5b, 0x5f, 0x31, 0x37, 0x30, 0x5d, 0x3b, 0x0a, // 6 = gs_G[_170];.
	0x20, 0x20, 0x20, 0x20, 0x20, 0x20, 0x20, 0x20, 0x20, 0x20, 0x20, 0x20, 0x66, 0x6c, 0x6f, 0x61, //             floa
	0x74, 0x20, 0x5f, 0x33, 0x37, 0x39, 0x20, 0x3d, 0x20, 0x67, 0x73, 0x5f, 0x42, 0x5b, 0x5f, 0x31, // t _379 = gs_B[_1
	0x37, 0x30, 0x5d, 0x3b, 0x0a, 0x20, 0x20, 0x20, 0x20, 0x20, 0x20, 0x20, 0x20, 0x20, 0x20, 0x20, // 70];.           
	0x20, 0x66, 0x6c, 0x6f, 0x61, 0x74, 0x20, 0x5f, 0x33, 0x38, 0x32, 0x20, 0x3d, 0x20, 0x67, 0x73, //  float _382 = gs
	0x5f, 0x41, 0x5b, 0x5f, 0x31, 0x37, 0x30, 0x5d, 0x3b, 0x0a, 0x20, 0x20, 0x20, 0x20, 0x20, 0x20, // _A[_170];.      
	0x20, 0x20, 0x20, 0x20, 0x20, 0x20, 0x75, 0x69, 0x6e, 0x74, 0x20, 0x5f, 0x31, 0x37, 0x35, 0x20, //       uint _175 
	0x3d, 0x20, 0x67, 0x6c, 0x5f, 0x4c, 0x6f, 0x63, 0x61, 0x6c, 0x49, 0x6e, 0x76, 0x6f, 0x63, 0x61, // = gl_LocalInvoca
	0x74, 0x69, 0x6f, 0x6e, 0x49, 0x6e, 0x64, 0x65, 0x78, 0x20, 0x2b, 0x20, 0x39, 0x75, 0x3b, 0x0a, // tionIndex + 9u;.
	0x20, 0x20, 0x20, 0x20, 0x20, 0x20, 0x20, 0x20, 0x20, 0x20, 0x20, 0x20, 0x66, 0x6c, 0x6f, 0x61, //             floa
	0x74, 0x20, 0x5f, 0x33, 0x38, 0x38, 0x20, 0x3d, 0x20, 0x67, 0x73, 0x5f, 0x52, 0x5b, 0x5f, 0x31, // t _388 = gs_R[_1
	0x37, 0x35, 0x5d, 0x3b, 0x0a, 0x20, 0x20, 0x20, 0x20, 0x20, 0x20, 0x20, 0x20, 0x20, 0x20, 0x20, // 75];.           
	0x20, 0x66, 0x6c, 0x6f, 0x61, 0x74, 0x20, 0x5f, 0x33, 0x39, 0x31, 0x20, 0x3d, 0x20, 0x67, 0x73, //  float _391 = gs
	0x5f, 0x47, 0x5b, 0x5f, 0x31, 0x37, 0x35, 0x5d, 0x3b, 0x0a, 0x20, 0x20, 0x20, 0x20, 0x20, 0x20, // _G[_175];.      
	0x20, 0x20, 0x20, 0x20, 0x20, 0x20, 0x66, 0x6c, 0x6f, 0x61, 0x74, 0x20, 0x5f, 0x33, 0x39, 0x34, //       float _394
	0x20, 0x3d, 0x20, 0x67, 0x73, 0x5f, 0x42, 0x5b, 0x5f, 0x31, 0x37, 0x35, 0x5d, 0x3b, 0x0a, 0x20, //  = gs_B[_175];. 
	0x20, 0x20, 0x20, 0x20, 0x20, 0x20, 0x20, 0x20, 0x20, 0x20, 0x20, 0x66, 0x6c, 0x6f, 0x61, 0x74, //            float
	0x20, 0x5f, 0x33, 0x39, 0x37, 0x20, 0x3d, 0x20, 0x67, 0x73, 0x5f, 0x41, 0x5b, 0x5f, 0x31, 0x37, //  _397 = gs_A[_17
	0x35, 0x5d, 0x3b, 0x0a, 0x20, 0x20, 0x20, 0x20, 0x20, 0x20, 0x20, 0x20, 0x20, 0x20, 0x20, 0x20, // 5];.            
	0x76, 0x65, 0x63, 0x34, 0x20, 0x5f, 0x31, 0x38, 0x36, 0x20, 0x3d, 0x20, 0x28, 0x28, 0x28, 0x5f, // vec4 _186 = (((_
	0x31, 0x32, 0x37, 0x20, 0x2b, 0x20, 0x76, 0x65, 0x63, 0x34, 0x28, 0x5f, 0x33, 0x35, 0x38, 0x2c, // 127 + vec4(_358,
	0x20, 0x5f, 0x33, 0x36, 0x31, 0x2c, 0x20, 0x5f, 0x33, 0x36, 0x34, 0x2c, 0x20, 0x5f, 0x33, 0x36, //  _361, _364, _36
	0x37, 0x29, 0x29, 0x20, 0x2b, 0x20, 0x76, 0x65, 0x63, 0x34, 0x28, 0x5f, 0x33, 0x37, 0x33, 0x2c, // 7)) + vec4(_373,
	0x20, 0x5f, 0x33, 0x37, 0x36, 0x2c, 0x20, 0x5f, 0x33, 0x37, 0x39, 0x2c, 0x20, 0x5f, 0x33, 0x38, //  _376, _379, _38
	0x32, 0x29, 0x29, 0x20, 0x2b, 0x20, 0x76, 0x65, 0x63, 0x34, 0x28, 0x5f, 0x33, 0x38, 0x38, 0x2c, // 2)) + vec4(_388,
	0x20, 0x5f, 0x33, 0x39, 0x31, 0x2c, 0x20, 0x5f, 0x33, 0x39, 0x34, 0x2c, 0x20, 0x5f, 0x33, 0x39, //  _391, _394, _39
	0x37, 0x29, 0x29, 0x20, 0x2a, 0x20, 0x30, 0x2e, 0x32, 0x35, 0x3b, 0x0a, 0x20, 0x20, 0x20, 0x20, // 7)) * 0.25;.    
	0x20, 0x20, 0x20, 0x20, 0x20, 0x20, 0x20, 0x20, 0x69, 0x6d, 0x61, 0x67, 0x65, 0x53, 0x74, 0x6f, //         imageSto
	0x72, 0x65, 0x28, 0x73, 0x5f, 0x69, 0x6d, 0x67, 0x4d, 0x69, 0x70, 0x32, 0x2c, 0x20, 0x69, 0x76, // re(s_imgMip2, iv
	0x65, 0x63, 0x33, 0x28, 0x69, 0x76, 0x65, 0x63, 0x32, 0x28, 0x67, 0x6c, 0x5f, 0x47, 0x6c, 0x6f, // ec3(ivec2(gl_Glo
	0x62, 0x61, 0x6c, 0x49, 0x6e, 0x76, 0x6f, 0x63, 0x61, 0x74, 0x69, 0x6f, 0x6e, 0x49, 0x44, 0x2e, // balInvocationID.
	0x78, 0x79, 0x20, 0x2f, 0x20, 0x75, 0x76, 0x65, 0x63, 0x32, 0x28, 0x32, 0x75, 0x29, 0x29, 0x2c, // xy / uvec2(2u)),
	0x20, 0x5f, 0x31, 0x33, 0x38, 0x29, 0x2c, 0x20, 0x5f, 0x31, 0x38, 0x36, 0x29, 0x3b, 0x0a, 0x20, //  _138), _186);. 
	0x20, 0x20, 0x20, 0x20, 0x20, 0x20, 0x20, 0x20, 0x20, 0x20, 0x20, 0x67, 0x73, 0x5f, 0x52, 0x5b, //            gs_R[
	0x67, 0x6c, 0x5f, 0x4c, 0x6f, 0x63, 0x61, 0x6c, 0x49, 0x6e, 0x76, 0x6f, 0x63, 0x61, 0x74, 0x69, // gl_LocalInvocati
	0x6f, 0x6e, 0x49, 0x6e, 0x64, 0x65, 0x78, 0x5d, 0x20, 0x3d, 0x20, 0x5f, 0x31, 0x38, 0x36, 0x2e, // onIndex] = _186.
	0x78, 0x3b, 0x0a, 0x20, 0x20, 0x20, 0x20, 0x20, 0x20, 0x20, 0x20, 0x20, 0x20, 0x20, 0x20, 0x67, // x;.            g
	0x73, 0x5f, 0x47, 0x5b, 0x67, 0x6c, 0x5f, 0x4c, 0x6f, 0x63, 0x61, 0x6c, 0x49, 0x6e, 0x76, 0x6f, // s_G[gl_LocalInvo
	0x63, 0x61, 0x74, 0x69, 0x6f, 0x6e, 0x49, 0x6e, 0x64, 0x65, 0x78, 0x5d, 0x20, 0x3d, 0x20, 0x5f, // cationIndex] = _
	0x31, 0x38, 0x36, 0x2e, 0x79, 0x3b, 0x0a, 0x20, 0x20, 0x20, 0x20, 0x20, 0x20, 0x20, 0x20, 0x20, // 186.y;.         
	0x20, 0x20, 0x20, 0x67, 0x73, 0x5f, 0x42, 0x5b, 0x67, 0x6c, 0x5f, 0x4c, 0x6f, 0x63, 0x61, 0x6c, //    gs_B[gl_Local
	0x49, 0x6e, 0x76, 0x6f, 0x63, 0x61, 0x74, 0x69, 0x6f, 0x6e, 0x49, 0x6e, 0x64, 0x65, 0x78, 0x5d, // InvocationIndex]
	0x20, 0x3d, 0x20, 0x5f, 0x31, 0x38, 0x36, 0x2e, 0x7a, 0x3b, 0x0a, 0x20, 0x20, 0x20, 0x20, 0x20, //  = _186.z;.     
	0x20, 0x20, 0x20, 0x20, 0x20, 0x20, 0x20, 0x67, 0x73, 0x5f, 0x41, 0x5b, 0x67, 0x6c, 0x5f, 0x4c, //        gs_A[gl_L
	0x6f, 0x63, 0x61, 0x6c, 0x49, 0x6e, 0x76, 0x6f, 0x63, 0x61, 0x74, 0x69, 0x6f, 0x6e, 0x49, 0x6e, // ocalInvocationIn
	0x64, 0x65, 0x78, 0x5d, 0x20, 0x3d, 0x20, 0x5f, 0x31, 0x38, 0x36, 0x2e, 0x77, 0x3b, 0x0a, 0x20, // dex] = _186.w;. 
	0x20, 0x20, 0x20, 0x20, 0x20, 0x20, 0x20, 0x20, 0x20, 0x20, 0x20, 0x5f, 0x35, 0x33, 0x36, 0x20, //            _536 
	0x3d, 0x20, 0x5f, 0x31, 0x38, 0x36, 0x3b, 0x0a, 0x20, 0x20, 0x20, 0x20, 0x20, 0x20, 0x20, 0x20, // = _186;.        
	0x7d, 0x0a, 0x20, 0x20, 0x20, 0x20, 0x20, 0x20, 0x20, 0x20, 0x65, 0x6c, 0x73, 0x65, 0x0a, 0x20, // }.        else. 
	0x20, 0x20, 0x20, 0x20, 0x20, 0x20, 0x20, 0x7b, 0x0a, 0x20, 0x20, 0x20, 0x20, 0x20, 0x20, 0x20, //        {.       
	0x20, 0x20, 0x20, 0x20, 0x20, 0x5f, 0x35, 0x33, 0x36, 0x20, 0x3d, 0x20, 0x5f, 0x31, 0x32, 0x37, //      _536 = _127
	0x3b, 0x0a, 0x20, 0x20, 0x20, 0x20, 0x20, 0x20, 0x20, 0x20, 0x7d, 0x0a, 0x20, 0x20, 0x20, 0x20, // ;.        }.    
	0x20, 0x20, 0x20, 0x20, 0x69, 0x66, 0x20, 0x28, 0x5f, 0x39, 0x33, 0x20, 0x3d, 0x3d, 0x20, 0x32, //     if (_93 == 2
	0x75, 0x29, 0x0a, 0x20, 0x20, 0x20, 0x20, 0x20, 0x20, 0x20, 0x20, 0x7b, 0x0a, 0x20, 0x20, 0x20, // u).        {.   
	0x20, 0x20, 0x20, 0x20, 0x20, 0x20, 0x20, 0x20, 0x20, 0x62, 0x72, 0x65, 0x61, 0x6b, 0x3b, 0x0a, //          break;.
	0x20, 0x20, 0x20, 0x20, 0x20, 0x20, 0x20, 0x20, 0x7d, 0x0a, 0x20, 0x20, 0x20, 0x20, 0x20, 0x20, //         }.      
	0x20, 0x20, 0x62, 0x61, 0x72, 0x72, 0x69, 0x65, 0x72, 0x28, 0x29, 0x3b, 0x0a, 0x20, 0x20, 0x20, //   barrier();.   
	0x20, 0x20, 0x20, 0x20, 0x20, 0x76, 0x65, 0x63, 0x34, 0x20, 0x5f, 0x35, 0x33, 0x37, 0x3b, 0x0a, //      vec4 _537;.
	0x20, 0x20, 0x20, 0x20, 0x20, 0x20, 0x20, 0x20, 0x69, 0x66, 0x20, 0x28, 0x28, 0x67, 0x6c, 0x5f, //         if ((gl_
	0x4c, 0x6f, 0x63, 0x61, 0x6c, 0x49, 0x6e, 0x76, 0x6f, 0x63, 0x61, 0x74, 0x69, 0x6f, 0x6e, 0x49, // LocalInvocationI
	0x6e, 0x64, 0x65, 0x78, 0x20, 0x26, 0x20, 0x32, 0x37, 0x75, 0x29, 0x20, 0x3d, 0x3d, 0x20, 0x30, // ndex & 27u) == 0
	0x75, 0x29, 0x0a, 0x20, 0x20, 0x20, 0x20, 0x20, 0x20, 0x20, 0x20, 0x7b, 0x0a, 0x20, 0x20, 0x20, // u).        {.   
	0x20, 0x20, 0x20, 0x20, 0x20, 0x20, 0x20, 0x20, 0x20, 0x75, 0x69, 0x6e, 0x74, 0x20, 0x5f, 0x32, //          uint _2
	0x31, 0x38, 0x20, 0x3d, 0x20, 0x67, 0x6c, 0x5f, 0x4c, 0x6f, 0x63, 0x61, 0x6c, 0x49, 0x6e, 0x76, // 18 = gl_LocalInv
	0x6f, 0x63, 0x61, 0x74, 0x69, 0x6f, 0x6e, 0x49, 0x6e, 0x64, 0x65, 0x78, 0x20, 0x2b, 0x20, 0x32, // ocationIndex + 2
	0x75, 0x3b, 0x0a, 0x20, 0x20, 0x20, 0x20, 0x20, 0x20, 0x20, 0x20, 0x20, 0x20, 0x20, 0x20, 0x66, // u;.            f
	0x6c, 0x6f, 0x61, 0x74, 0x20, 0x5f, 0x34, 0x32, 0x30, 0x20, 0x3d, 0x20, 0x67, 0x73, 0x5f, 0x52, // loat _420 = gs_R
	0x5b, 0x5f, 0x32, 0x31, 0x38, 0x5d, 0x3b, 0x0a, 0x20, 0x20, 0x20, 0x20, 0x20, 0x20, 0x20, 0x20, // [_218];.        
	0x20, 0x20, 0x20, 0x20, 0x66, 0x6c, 0x6f, 0x61, 0x74, 0x20, 0x5f, 0x34, 0x32, 0x33, 0x20, 0x3d, //     float _423 =
	0x20, 0x67, 0x73, 0x5f, 0x47, 0x5b, 0x5f, 0x32, 0x31, 0x38, 0x5d, 0x3b, 0x0a, 0x20, 0x20, 0x20, //  gs_G[_218];.   
	0x20, 0x20, 0x20, 0x20, 0x20, 0x20, 0x20, 0x20, 0x20, 0x66, 0x6c, 0x6f, 0x61, 0x74, 0x20, 0x5f, //          float _
	0x34, 0x32, 0x36, 0x20, 0x3d, 0x20, 0x67, 0x73, 0x5f, 0x42, 0x5b, 0x5f, 0x32, 0x31, 0x38, 0x5d, // 426 = gs_B[_218]
	0x3b, 0x0a, 0x20, 0x20, 0x20, 0x20, 0x20, 0x20, 0x20, 0x20, 0x20, 0x20, 0x20, 0x20, 0x66, 0x6c, // ;.            fl
	0x6f, 0x61, 0x74, 0x20, 0x5f, 0x34, 0x32, 0x39, 0x20, 0x3d, 0x20, 0x67, 0x73, 0x5f, 0x41, 0x5b, // oat _429 = gs_A[
	0x5f, 0x32, 0x31, 0x38, 0x5d, 0x3b, 0x0a, 0x20, 0x20, 0x20, 0x20, 0x20, 0x20, 0x20, 0x20, 0x20, // _218];.         
	0x20, 0x20, 0x20, 0x75, 0x69, 0x6e, 0x74, 0x20, 0x5f, 0x32, 0x32, 0x34, 0x20, 0x3d, 0x20, 0x67, //    uint _224 = g
	0x6c, 0x5f, 0x4c, 0x6f, 0x63, 0x61, 0x6c, 0x49, 0x6e, 0x76, 0x6f, 0x63, 0x61, 0x74, 0x69, 0x6f, // l_LocalInvocatio
	0x6e, 0x49, 0x6e, 0x64, 0x65, 0x78, 0x20, 0x2b, 0x20, 0x31, 0x36, 0x75, 0x3b, 0x0a, 0x20, 0x20, // nIndex + 16u;.  
	0x20, 0x20, 0x20, 0x20, 0x20, 0x20, 0x20, 0x20, 0x20, 0x20, 0x66, 0x6c, 0x6f, 0x61, 0x74, 0x20, //           float 
	0x5f, 0x34, 0x33, 0x35, 0x20, 0x3d, 0x20, 0x67, 0x73, 0x5f, 0x52, 0x5b, 0x5f, 0x32, 0x32, 0x34, // _435 = gs_R[_224
	0x5d, 0x3b, 0x0a, 0x20, 0x20, 0x20, 0x20, 0x20, 0x20, 0x20, 0x20, 0x20, 0x20, 0x20, 0x20, 0x66, // ];.            f
	0x6c, 0x6f, 0x61, 0x74, 0x20, 0x5f, 0x34, 0x33, 0x38, 0x20, 0x3d, 0x20, 0x67, 0x73, 0x5f, 0x47, // loat _438 = gs_G
	0x5b, 0x5f, 0x32, 0x32, 0x34, 0x5d, 0x3b, 0x0a, 0x20, 0x20, 0x20, 0x20, 0x20, 0x20, 0x20, 0x20, // [_224];.        
	0x20, 0x20, 0x20, 0x20, 0x66, 0x6c, 0x6f, 0x61, 0x74, 0x20, 0x5f, 0x34, 0x34, 0x31, 0x20, 0x3d, //     float _441 =
	0x20, 0x67, 0x73, 0x5f, 0x42, 0x5b, 0x5f, 0x32, 0x32, 0x34, 0x5d, 0x3b, 0x0a, 0x20, 0x20, 0x20, //  gs_B[_224];.   
	0x20, 0x20, 0x20, 0x20, 0x20, 0x20, 0x20, 0x20, 0x20, 0x66, 0x6c, 0x6f, 0x61, 0x74, 0x20, 0x5f, //          float _
	0x34, 0x34, 0x34, 0x20, 0x3d, 0x20, 0x67, 0x73, 0x5f, 0x41, 0x5b, 0x5f, 0x32, 0x32, 0x34, 0x5d, // 444 = gs_A[_224]
	0x3b, 0x0a, 0x20, 0x20, 0x20, 0x20, 0x20, 0x20, 0x20, 0x20, 0x20, 0x20, 0x20, 0x20, 0x75, 0x69, // ;.            ui
	0x6e, 0x74, 0x20, 0x5f, 0x32, 0x33, 0x30, 0x20, 0x3d, 0x20, 0x67, 0x6c, 0x5f, 0x4c, 0x6f, 0x63, // nt _230 = gl_Loc
	0x61, 0x6c, 0x49, 0x6e, 0x76, 0x6f, 0x63, 0x61, 0x74, 0x69, 0x6f, 0x6e, 0x49, 0x6e, 0x64, 0x65, // alInvocationInde
	0x78, 0x20, 0x2b, 0x20, 0x31, 0x38, 0x75, 0x3b, 0x0a, 0x20, 0x20, 0x20, 0x20, 0x20, 0x20, 0x20, // x + 18u;.       
	0x20, 0x20, 0x20, 0x20, 0x20, 0x66, 0x6c, 0x6f, 0x61, 0x74, 0x20, 0x5f, 0x34, 0x35, 0x30, 0x20, //      float _450 
	0x3d, 0x20, 0x67, 0x73, 0x5f, 0x52, 0x5b, 0x5f, 0x32, 0x33, 0x30, 0x5d, 0x3b, 0x0a, 0x20, 0x20, // = gs_R[_230];.  
	0x20, 0x20, 0x20, 0x20, 0x20, 0x20, 0x20, 0x20, 0x20, 0x20, 0x66, 0x6c, 0x6f, 0x61, 0x74, 0x20, //           float 
	0x5f, 0x34, 0x35, 0x33, 0x20, 0x3d, 0x20, 0x67, 0x73, 0x5f, 0x47, 0x5b, 0x5f, 0x32, 0x33, 0x30, // _453 = gs_G[_230
	0x5d, 0x3b, 0x0a, 0x20, 0x20, 0x20, 0x20, 0x20, 0x20, 0x20, 0x20, 0x20, 0x20, 0x20, 0x20, 0x66, // ];.            f
	0x6c, 0x6f, 0x61, 0x74, 0x20, 0x5f, 0x34, 0x35, 0x36, 0x20, 0x3d, 0x20, 0x67, 0x73, 0x5f, 0x42, // loat _456 = gs_B
	0x5b, 0x5f, 0x32, 0x33, 0x30, 0x5d, 0x3b, 0x0a, 0x20, 0x20, 0x20, 0x20, 0x20, 0x20, 0x20, 0x20, // [_230];.        
	0x20, 0x20, 0x20, 0x20, 0x66, 0x6c, 0x6f, 0x61, 0x74, 0x20, 0x5f, 0x34, 0x35, 0x39, 0x20, 0x3d, //     float _459 =
	0x20, 0x67, 0x73, 0x5f, 0x41, 0x5b, 0x5f, 0x32, 0x33, 0x30, 0x5d, 0x3b, 0x0a, 0x20, 0x20, 0x20, //  gs_A[_230];.   
	0x20, 0x20, 0x20, 0x20, 0x20, 0x20, 0x20, 0x20, 0x20, 0x76, 0x65, 0x63, 0x34, 0x20, 0x5f, 0x32, //          vec4 _2
	0x34, 0x30, 0x20, 0x3d, 0x20, 0x28, 0x28, 0x28, 0x5f, 0x35, 0x33, 0x36, 0x20, 0x2b, 0x20, 0x76, // 40 = (((_536 + v
	0x65, 0x63, 0x34, 0x28, 0x5f, 0x34, 0x32, 0x30, 0x2c, 0x20, 0x5f, 0x34, 0x32, 0x33, 0x2c, 0x20, // ec4(_420, _423, 
	0x5f, 0x34, 0x32, 0x36, 0x2c, 0x20, 0x5f, 0x34, 0x32, 0x39, 0x29, 0x29, 0x20, 0x2b, 0x20, 0x76, // _426, _429)) + v
	0x65, 0x63, 0x34, 0x28, 0x5f, 0x34, 0x33, 0x35, 0x2c, 0x20, 0x5f, 0x34, 0x33, 0x38, 0x2c, 0x20, // ec4(_435, _438, 
	0x5f, 0x34, 0x34, 0x31, 0x2c, 0x20, 0x5f, 0x34, 0x34, 0x34, 0x29, 0x29, 0x20, 0x2b, 0x20, 0x76, // _441, _444)) + v
	0x65, 0x63, 0x34, 0x28, 0x5f, 0x34, 0x35, 0x30, 0x2c, 0x20, 0x5f, 0x34, 0x35, 0x33, 0x2c, 0x20, // ec4(_450, _453, 
	0x5f, 0x34, 0x35, 0x36, 0x2c, 0x20, 0x5f, 0x34, 0x35, 0x39, 0x29, 0x29, 0x20, 0x2a, 0x20, 0x30, // _456, _459)) * 0
	0x2e, 0x32, 0x35, 0x3b, 0x0a, 0x20, 0x20, 0x20, 0x20, 0x20, 0x20, 0x20, 0x20, 0x20, 0x20, 0x20, // .25;.           
	0x20, 0x69, 0x6d, 0x61, 0x67, 0x65, 0x53, 0x74, 0x6f, 0x72, 0x65, 0x28, 0x73, 0x5f, 0x69, 0x6d, //  imageStore(s_im
	0x67, 0x4d, 0x69, 0x70, 0x33, 0x2c, 0x20, 0x69, 0x76, 0x65, 0x63, 0x33, 0x28, 0x69, 0x76, 0x65, // gMip3, ivec3(ive
	0x63, 0x32, 0x28, 0x67, 0x6c, 0x5f, 0x47, 0x6c, 0x6f, 0x62, 0x61, 0x6c, 0x49, 0x6e, 0x76, 0x6f, // c2(gl_GlobalInvo
	0x63, 0x61, 0x74, 0x69, 0x6f, 0x6e, 0x49, 0x44, 0x2e, 0x78, 0x79, 0x20, 0x2f, 0x20, 0x75, 0x76, // cationID.xy / uv
	0x65, 0x63, 0x32, 0x28, 0x34, 0x75, 0x29, 0x29, 0x2c, 0x20, 0x5f, 0x31, 0x33, 0x38, 0x29, 0x2c, // ec2(4u)), _138),
	0x20, 0x5f, 0x32, 0x34, 0x30, 0x29, 0x3b, 0x0a, 0x20, 0x20, 0x20, 0x20, 0x20, 0x20, 0x20, 0x20, //  _240);.        
	0x20, 0x20, 0x20, 0x20, 0x67, 0x73, 0x5f, 0x52, 0x5b, 0x67, 0x6c, 0x5f, 0x4c, 0x6f, 0x63, 0x61, //     gs_R[gl_Loca
	0x6c, 0x49, 0x6e, 0x76, 0x6f, 0x63, 0x61, 0x74, 0x69, 0x6f, 0x6e, 0x49, 0x6e, 0x64, 0x65, 0x78, // lInvocationIndex
	0x5d, 0x20, 0x3d, 0x20, 0x5f, 0x32, 0x34, 0x30, 0x2e, 0x78, 0x3b, 0x0a, 0x20, 0x20, 0x20, 0x20, // ] = _240.x;.    
	0x20, 0x20, 0x20, 0x20, 0x20, 0x20, 0x20, 0x20, 0x67, 0x73, 0x5f, 0x47, 0x5b, 0x67, 0x6c, 0x5f, //         gs_G[gl_
	0x4c, 0x6f, 0x63, 0x61, 0x6c, 0x49, 0x6e, 0x76, 0x6f, 0x63, 0x61, 0x74, 0x69, 0x6f, 0x6e, 0x49, // LocalInvocationI
	0x6e, 0x64, 0x65, 0x78, 0x5d, 0x20, 0x3d, 0x20, 0x5f, 0x32, 0x34, 0x30, 0x2e, 0x79, 0x3b, 0x0a, // ndex] = _240.y;.
	0x20, 0x20, 0x20, 0x20, 0x20, 0x20, 0x20, 0x20, 0x20, 0x20, 0x20, 0x20, 0x67, 0x73, 0x5f, 0x42, //             gs_B
	0x5b, 0x67, 0x6c, 0x5f, 0x4c, 0x6f, 0x63, 0x61, 0x6c, 0x49, 0x6e, 0x76, 0x6f, 0x63, 0x61, 0x74, // [gl_LocalInvocat
	0x69, 0x6f, 0x6e, 0x49, 0x6e, 0x64, 0x65, 0x78, 0x5d, 0x20, 0x3d, 0x20, 0x5f, 0x32, 0x34, 0x30, // ionIndex] = _240
	0x2e, 0x7a, 0x3b, 0x0a, 0x20, 0x20, 0x20, 0x20, 0x20, 0x20, 0x20, 0x20, 0x20, 0x20, 0x20, 0x20, // .z;.            
	0x67, 0x73, 0x5f, 0x41, 0x5b, 0x67, 0x6c, 0x5f, 0x4c, 0x6f, 0x63, 0x61, 0x6c, 0x49, 0x6e, 0x76, // gs_A[gl_LocalInv
	0x6f, 0x63, 0x61, 0x74, 0x69, 0x6f, 0x6e, 0x49, 0x6e, 0x64, 0x65, 0x78, 0x5d, 0x20, 0x3d, 0x20, // ocationIndex] = 
	0x5f, 0x32, 0x34, 0x30, 0x2e, 0x77, 0x3b, 0x0a, 0x20, 0x20, 0x20, 0x20, 0x20, 0x20, 0x20, 0x20, // _240.w;.        
	0x20, 0x20, 0x20, 0x20, 0x5f, 0x35, 0x33, 0x37, 0x20, 0x3d, 0x20, 0x5f, 0x32, 0x34, 0x30, 0x3b, //     _537 = _240;
	0x0a, 0x20, 0x20, 0x20, 0x20, 0x20, 0x20, 0x20, 0x20, 0x7d, 0x0a, 0x20, 0x20, 0x20, 0x20, 0x20, // .        }.     
	0x20, 0x20, 0x20, 0x65, 0x6c, 0x73, 0x65, 0x0a, 0x20, 0x20, 0x20, 0x20, 0x20, 0x20, 0x20, 0x20, //    else.        
	0x7b, 0x0a, 0x20, 0x20, 0x20, 0x20, 0x20, 0x20, 0x20, 0x20, 0x20, 0x20, 0x20, 0x20, 0x5f, 0x35, // {.            _5
	0x33, 0x37, 0x20, 0x3d, 0x20, 0x5f, 0x35, 0x33, 0x36, 0x3b, 0x0a, 0x20, 0x20, 0x20, 0x20, 0x20, // 37 = _536;.     
	0x20, 0x20, 0x20, 0x7d, 0x0a, 0x20, 0x20, 0x20, 0x20, 0x20, 0x20, 0x20, 0x20, 0x69, 0x66, 0x20, //    }.        if 
	0x28, 0x5f, 0x39, 0x33, 0x20, 0x3d, 0x3d, 0x20, 0x33, 0x75, 0x29, 0x0a, 0x20, 0x20, 0x20, 0x20, // (_93 == 3u).    
	0x20, 0x20, 0x20, 0x20, 0x7b, 0x0a, 0x20, 0x20, 0x20, 0x20, 0x20, 0x20, 0x20, 0x20, 0x20, 0x20, //     {.          
	0x20, 0x20, 0x62, 0x72, 0x65, 0x61, 0x6b, 0x3b, 0x0a, 0x20, 0x20, 0x20, 0x20, 0x20, 0x20, 0x20, //   break;.       
	0x20, 0x7d, 0x0a, 0x20, 0x20, 0x20, 0x20, 0x20, 0x20, 0x20, 0x20, 0x62, 0x61, 0x72, 0x72, 0x69, //  }.        barri
	0x65, 0x72, 0x28, 0x29, 0x3b, 0x0a, 0x20, 0x20, 0x20, 0x20, 0x20, 0x20, 0x20, 0x20, 0x69, 0x66, // er();.        if
	0x20, 0x28, 0x67, 0x6c, 0x5f, 0x4c, 0x6f, 0x63, 0x61, 0x6c, 0x49, 0x6e, 0x76, 0x6f, 0x63, 0x61, //  (gl_LocalInvoca
	0x74, 0x69, 0x6f, 0x6e, 0x49, 0x6e, 0x64, 0x65, 0x78, 0x20, 0x3d, 0x3d, 0x20, 0x30, 0x75, 0x29, // tionIndex == 0u)
	0x0a, 0x20, 0x20, 0x20, 0x20, 0x20, 0x20, 0x20, 0x20, 0x7b, 0x0a, 0x20, 0x20, 0x20, 0x20, 0x20, // .        {.     
	0x20, 0x20, 0x20, 0x20, 0x20, 0x20, 0x20, 0x75, 0x69, 0x6e, 0x74, 0x20, 0x5f, 0x32, 0x37, 0x31, //        uint _271
	0x20, 0x3d, 0x20, 0x67, 0x6c, 0x5f, 0x4c, 0x6f, 0x63, 0x61, 0x6c, 0x49, 0x6e, 0x76, 0x6f, 0x63, //  = gl_LocalInvoc
	0x61, 0x74, 0x69, 0x6f, 0x6e, 0x49, 0x6e, 0x64, 0x65, 0x78, 0x20, 0x2b, 0x20, 0x34, 0x75, 0x3b, // ationIndex + 4u;
	0x0a, 0x20, 0x20, 0x20, 0x20, 0x20, 0x20, 0x20, 0x20, 0x20, 0x20, 0x20, 0x20, 0x75, 0x69, 0x6e, // .            uin
	0x74, 0x20, 0x5f, 0x32, 0x37, 0x37, 0x20, 0x3d, 0x20, 0x67, 0x6c, 0x5f, 0x4c, 0x6f, 0x63, 0x61, // t _277 = gl_Loca
	0x6c, 0x49, 0x6e, 0x76, 0x6f, 0x63, 0x61, 0x74, 0x69, 0x6f, 0x6e, 0x49, 0x6e, 0x64, 0x65, 0x78, // lInvocationIndex
	0x20, 0x2b, 0x20, 0x33, 0x32, 0x75, 0x3b, 0x0a, 0x20, 0x20, 0x20, 0x20, 0x20, 0x20, 0x20, 0x20, //  + 32u;.        
	0x20, 0x20, 0x20, 0x20, 0x75, 0x69, 0x6e, 0x74, 0x20, 0x5f, 0x32, 0x38, 0x33, 0x20, 0x3d, 0x20, //     uint _283 = 
	0x67, 0x6c, 0x5f, 0x4c, 0x6f, 0x63, 0x61, 0x6c, 0x49, 0x6e, 0x76, 0x6f, 0x63, 0x61, 0x74, 0x69, // gl_LocalInvocati
	0x6f, 0x6e, 0x49, 0x6e, 0x64, 0x65, 0x78, 0x20, 0x2b, 0x20, 0x33, 0x36, 0x75, 0x3b, 0x0a, 0x20, // onIndex + 36u;. 
	0x20, 0x20, 0x20, 0x20, 0x20, 0x20, 0x20, 0x20, 0x20, 0x20, 0x20, 0x69, 0x6d, 0x61, 0x67, 0x65, //            image
	0x53, 0x74, 0x6f, 0x72, 0x65, 0x28, 0x73, 0x5f, 0x69, 0x6d, 0x67, 0x4d, 0x69, 0x70, 0x34, 0x2c, // Store(s_imgMip4,
	0x20, 0x69, 0x76, 0x65, 0x63, 0x33, 0x28, 0x69, 0x76, 0x65, 0x63, 0x32, 0x28, 0x67, 0x6c, 0x5f, //  ivec3(ivec2(gl_
	0x47, 0x6c, 0x6f, 0x62, 0x61, 0x6c, 0x49, 0x6e, 0x76, 0x6f, 0x63, 0x61, 0x74, 0x69, 0x6f, 0x6e, // GlobalInvocation
	0x49, 0x44, 0x2e, 0x78, 0x79, 0x20, 0x2f, 0x20, 0x75, 0x76, 0x65, 0x63, 0x32, 0x28, 0x38, 0x75, // ID.xy / uvec2(8u
	0x29, 0x29, 0x2c, 0x20, 0x5f, 0x31, 0x33, 0x38, 0x29, 0x2c, 0x20, 0x28, 0x28, 0x28, 0x5f, 0x35, // )), _138), (((_5
	0x33, 0x37, 0x20, 0x2b, 0x20, 0x76, 0x65, 0x63, 0x34, 0x28, 0x67, 0x73, 0x5f, 0x52, 0x5b, 0x5f, // 37 + vec4(gs_R[_
	0x32, 0x37, 0x31, 0x5d, 0x2c, 0x20, 0x67, 0x73, 0x5f, 0x47, 0x5b, 0x5f, 0x32, 0x37, 0x31, 0x5d, // 271], gs_G[_271]
	0x2c, 0x20, 0x67, 0x73, 0x5f, 0x42, 0x5b, 0x5f, 0x32, 0x37, 0x31, 0x5d, 0x2c, 0x20, 0x67, 0x73, // , gs_B[_271], gs
	0x5f, 0x41, 0x5b, 0x5f, 0x32, 0x37, 0x31, 0x5d, 0x29, 0x29, 0x20, 0x2b, 0x20, 0x76, 0x65, 0x63, // _A[_271])) + vec
	0x34, 0x28, 0x67, 0x73, 0x5f, 0x52, 0x5b, 0x5f, 0x32, 0x37, 0x37, 0x5d, 0x2c, 0x20, 0x67, 0x73, // 4(gs_R[_277], gs
	0x5f, 0x47, 0x5b, 0x5f, 0x32, 0x37, 0x37, 0x5d, 0x2c, 0x20, 0x67, 0x73, 0x5f, 0x42, 0x5b, 0x5f, // _G[_277], gs_B[_
	0x32, 0x37, 0x37, 0x5d, 0x2c, 0x20, 0x67, 0x73, 0x5f, 0x41, 0x5b, 0x5f, 0x32, 0x37, 0x37, 0x5d, // 277], gs_A[_277]
	0x29, 0x29, 0x20, 0x2b, 0x20, 0x76, 0x65, 0x63, 0x34, 0x28, 0x67, 0x73, 0x5f, 0x52, 0x5b, 0x5f, // )) + vec4(gs_R[_
	0x32, 0x38, 0x33, 0x5d, 0x2c, 0x20, 0x67, 0x73, 0x5f, 0x47, 0x5b, 0x5f, 0x32, 0x38, 0x33, 0x5d, // 283], gs_G[_283]
	0x2c, 0x20, 0x67, 0x73, 0x5f, 0x42, 0x5b, 0x5f, 0x32, 0x38, 0x33, 0x5d, 0x2c, 0x20, 0x67, 0x73, // , gs_B[_283], gs
	0x5f, 0x41, 0x5b, 0x5f, 0x32, 0x38, 0x33, 0x5d, 0x29, 0x29, 0x20, 0x2a, 0x20, 0x30, 0x2e, 0x32, // _A[_283])) * 0.2
	0x35, 0x29, 0x3b, 0x0a, 0x20, 0x20, 0x20, 0x20, 0x20, 0x20, 0x20, 0x20, 0x7d, 0x0a, 0x20, 0x20, // 5);.        }.  
	0x20, 0x20, 0x20, 0x20, 0x20, 0x20, 0x62, 0x72, 0x65, 0x61, 0x6b, 0x3b, 0x0a, 0x20, 0x20, 0x20, //       break;.   
	0x20, 0x7d, 0x20, 0x77, 0x68, 0x69, 0x6c, 0x65, 0x28, 0x66, 0x61, 0x6c, 0x73, 0x65, 0x29, 0x3b, //  } while(false);
	0x0a, 0x7d, 0x0a, 0x0a, 0x00,                                                                   // .}...
};
static const uint8_t cs_mipgen_pow2_essl[4451] =
{
	0x43, 0x53, 0x48, 0x0b, 0x00, 0x00, 0x00, 0x00, 0x00, 0x00, 0x00, 0x00, 0x02, 0x00, 0x0b, 0x62, // CSH............b
	0x67, 0x66, 0x78, 0x5f, 0x6d, 0x69, 0x70, 0x47, 0x65, 0x6e, 0x02, 0x01, 0x00, 0x00, 0x01, 0x00, // gfx_mipGen......
	0x00, 0x00, 0x00, 0x00, 0x0e, 0x62, 0x67, 0x66, 0x78, 0x5f, 0x74, 0x65, 0x78, 0x4d, 0x69, 0x70, // .....bgfx_texMip
	0x53, 0x72, 0x63, 0x00, 0x01, 0x00, 0x00, 0x01, 0x00, 0x00, 0x00, 0x00, 0x00, 0x21, 0x11, 0x00, // Src..........!..
	0x00, 0x6c, 0x61, 0x79, 0x6f, 0x75, 0x74, 0x28, 0x6c, 0x6f, 0x63, 0x61, 0x6c, 0x5f, 0x73, 0x69, // .layout(local_si
	0x7a, 0x65, 0x5f, 0x78, 0x20, 0x3d, 0x20, 0x38, 0x2c, 0x20, 0x6c, 0x6f, 0x63, 0x61, 0x6c, 0x5f, // ze_x = 8, local_
	0x73, 0x69, 0x7a, 0x65, 0x5f, 0x79, 0x20, 0x3d, 0x20, 0x38, 0x2c, 0x20, 0x6c, 0x6f, 0x63, 0x61, // size_y = 8, loca
	0x6c, 0x5f, 0x73, 0x69, 0x7a, 0x65, 0x5f, 0x7a, 0x20, 0x3d, 0x20, 0x31, 0x29, 0x20, 0x69, 0x6e, // l_size_z = 1) in
	0x3b, 0x0a, 0x0a, 0x75, 0x6e, 0x69, 0x66, 0x6f, 0x72, 0x6d, 0x20, 0x76, 0x65, 0x63, 0x34, 0x20, // ;..uniform vec4 
	0x62, 0x67, 0x66, 0x78, 0x5f, 0x6d, 0x69, 0x70, 0x47, 0x65, 0x6e, 0x3b, 0x0a, 0x75, 0x6e, 0x69, // bgfx_mipGen;.uni
	0x66, 0x6f, 0x72, 0x6d, 0x20, 0x68, 0x69, 0x67, 0x68, 0x70, 0x20, 0x73, 0x61, 0x6d, 0x70, 0x6c, // form highp sampl
	0x65, 0x72, 0x32, 0x44, 0x41, 0x72, 0x72, 0x61, 0x79, 0x20, 0x62, 0x67, 0x66, 0x78, 0x5f, 0x74, // er2DArray bgfx_t
	0x65, 0x78, 0x4d, 0x69, 0x70, 0x53, 0x72, 0x63, 0x3b, 0x0a, 0x6c, 0x61, 0x79, 0x6f, 0x75, 0x74, // exMipSrc;.layout
	0x28, 0x6c, 0x6f, 0x63, 0x61, 0x74, 0x69, 0x6f, 0x6e, 0x20, 0x3d, 0x20, 0x30, 0x2c, 0x20, 0x62, // (location = 0, b
	0x69, 0x6e, 0x64, 0x69, 0x6e, 0x67, 0x20, 0x3d, 0x20, 0x30, 0x2c, 0x20, 0x72, 0x67, 0x62, 0x61, // inding = 0, rgba
	0x38, 0x29, 0x20, 0x75, 0x6e, 0x69, 0x66, 0x6f, 0x72, 0x6d, 0x20, 0x77, 0x72, 0x69, 0x74, 0x65, // 8) uniform write
	0x6f, 0x6e, 0x6c, 0x79, 0x20, 0x68, 0x69, 0x67, 0x68, 0x70, 0x20, 0x69, 0x6d, 0x61, 0x67, 0x65, // only highp image
	0x32, 0x44, 0x41, 0x72, 0x72, 0x61, 0x79, 0x20, 0x73, 0x5f, 0x69, 0x6d, 0x67, 0x4d, 0x69, 0x70, // 2DArray s_imgMip
	0x31, 0x3b, 0x0a, 0x6c, 0x61, 0x79, 0x6f, 0x75, 0x74, 0x28, 0x6c, 0x6f, 0x63, 0x61, 0x74, 0x69, // 1;.layout(locati
	0x6f, 0x6e, 0x20, 0x3d, 0x20, 0x31, 0x2c, 0x20, 0x62, 0x69, 0x6e, 0x64, 0x69, 0x6e, 0x67, 0x20, // on = 1, binding 
	0x3d, 0x20, 0x31, 0x2c, 0x20, 0x72, 0x67, 0x62, 0x61, 0x38, 0x29, 0x20, 0x75, 0x6e, 0x69, 0x66, // = 1, rgba8) unif
	0x6f, 0x72, 0x6d, 0x20, 0x77, 0x72, 0x69, 0x74, 0x65, 0x6f, 0x6e, 0x6c, 0x79, 0x20, 0x68, 0x69, // orm writeonly hi
	0x67, 0x68, 0x70, 0x20, 0x69, 0x6d, 0x61, 0x67, 0x65, 0x32, 0x44, 0x41, 0x72, 0x72, 0x61, 0x79, // ghp image2DArray
	0x20, 0x73, 0x5f, 0x69, 0x6d, 0x67, 0x4d, 0x69, 0x70, 0x32, 0x3b, 0x0a, 0x6c, 0x61, 0x79, 0x6f, //  s_imgMip2;.layo
	0x75, 0x74, 0x28, 0x6c, 0x6f, 0x63, 0x61, 0x74, 0x69, 0x6f, 0x6e, 0x20, 0x3d, 0x20, 0x32, 0x2c, // ut(location = 2,
	0x20, 0x62, 0x69, 0x6e, 0x64, 0x69, 0x6e, 0x67, 0x20, 0x3d, 0x20, 0x32, 0x2c, 0x20, 0x72, 0x67, //  binding = 2, rg
	0x62, 0x61, 0x38, 0x29, 0x20, 0x75, 0x6e, 0x69, 0x66, 0x6f, 0x72, 0x6d, 0x20, 0x77, 0x72, 0x69, // ba8) uniform wri
	0x74, 0x65, 0x6f, 0x6e, 0x6c, 0x79, 0x20, 0x68, 0x69, 0x67, 0x68, 0x70, 0x20, 0x69, 0x6d, 0x61, // teonly highp ima
	0x67, 0x65, 0x32, 0x44, 0x41, 0x72, 0x72, 0x61, 0x79, 0x20, 0x73, 0x5f, 0x69, 0x6d, 0x67, 0x4d, // ge2DArray s_imgM
	0x69, 0x70, 0x33, 0x3b, 0x0a, 0x6c, 0x61, 0x79, 0x6f, 0x75, 0x74, 0x28, 0x6c, 0x6f, 0x63, 0x61, // ip3;.layout(loca
	0x74, 0x69, 0x6f, 0x6e, 0x20, 0x3d, 0x20, 0x33, 0x2c, 0x20, 0x62, 0x69, 0x6e, 0x64, 0x69, 0x6e, // tion = 3, bindin
	0x67, 0x20, 0x3d, 0x20, 0x33, 0x2c, 0x20, 0x72, 0x67, 0x62, 0x61, 0x38, 0x29, 0x20, 0x75, 0x6e, // g = 3, rgba8) un
	0x69, 0x66, 0x6f, 0x72, 0x6d, 0x20, 0x77, 0x72, 0x69, 0x74, 0x65, 0x6f, 0x6e, 0x6c, 0x79, 0x20, // iform writeonly 
	0x68, 0x69, 0x67, 0x68, 0x70, 0x20, 0x69, 0x6d, 0x61, 0x67, 0x65, 0x32, 0x44, 0x41, 0x72, 0x72, // highp image2DArr
	0x61, 0x79, 0x20, 0x73, 0x5f, 0x69, 0x6d, 0x67, 0x4d, 0x69, 0x70, 0x34, 0x3b, 0x0a, 0x0a, 0x73, // ay s_imgMip4;..s
	0x68, 0x61, 0x72, 0x65, 0x64, 0x20, 0x66, 0x6c, 0x6f, 0x61, 0x74, 0x20, 0x67, 0x73, 0x5f, 0x52, // hared float gs_R
	0x5b, 0x36, 0x34, 0x5d, 0x3b, 0x0a, 0x73, 0x68, 0x61, 0x72, 0x65, 0x64, 0x20, 0x66, 0x6c, 0x6f, // [64];.shared flo
	0x61, 0x74, 0x20, 0x67, 0x73, 0x5f, 0x47, 0x5b, 0x36, 0x34, 0x5d, 0x3b, 0x0a, 0x73, 0x68, 0x61, // at gs_G[64];.sha
	0x72, 0x65, 0x64, 0x20, 0x66, 0x6c, 0x6f, 0x61, 0x74, 0x20, 0x67, 0x73, 0x5f, 0x42, 0x5b, 0x36, // red float gs_B[6
	0x34, 0x5d, 0x3b, 0x0a, 0x73, 0x68, 0x61, 0x72, 0x65, 0x64, 0x20, 0x66, 0x6c, 0x6f, 0x61, 0x74, // 4];.shared float
	0x20, 0x67, 0x73, 0x5f, 0x41, 0x5b, 0x36, 0x34, 0x5d, 0x3b, 0x0a, 0x0a, 0x76, 0x6f, 0x69, 0x64, //  gs_A[64];..void
	0x20, 0x6d, 0x61, 0x69, 0x6e, 0x28, 0x29, 0x0a, 0x7b, 0x0a, 0x20, 0x20, 0x20, 0x20, 0x64, 0x6f, //  main().{.    do
	0x0a, 0x20, 0x20, 0x20, 0x20, 0x7b, 0x0a, 0x20, 0x20, 0x20, 0x20, 0x20, 0x20, 0x20, 0x20, 0x75, // .    {.        u
	0x69, 0x6e, 0x74, 0x20, 0x5f, 0x39, 0x33, 0x20, 0x3d, 0x20, 0x75, 0x69, 0x6e, 0x74, 0x28, 0x62, // int _93 = uint(b
	0x67, 0x66, 0x78, 0x5f, 0x6d, 0x69, 0x70, 0x47, 0x65, 0x6e, 0x2e, 0x79, 0x29, 0x3b, 0x0a, 0x20, // gfx_mipGen.y);. 
	0x20, 0x20, 0x20, 0x20, 0x20, 0x20, 0x20, 0x76, 0x65, 0x63, 0x34, 0x20, 0x5f, 0x31, 0x32, 0x37, //        vec4 _127
	0x20, 0x3d, 0x20, 0x74, 0x65, 0x78, 0x74, 0x75, 0x72, 0x65, 0x4c, 0x6f, 0x64, 0x28, 0x62, 0x67, //  = textureLod(bg
	0x66, 0x78, 0x5f, 0x74, 0x65, 0x78, 0x4d, 0x69, 0x70, 0x53, 0x72, 0x63, 0x2c, 0x20, 0x76, 0x65, // fx_texMipSrc, ve
	0x63, 0x33, 0x28, 0x62, 0x67, 0x66, 0x78, 0x5f, 0x6d, 0x69, 0x70, 0x47, 0x65, 0x6e, 0x2e, 0x7a, // c3(bgfx_mipGen.z
	0x77, 0x20, 0x2a, 0x20, 0x28, 0x76, 0x65, 0x63, 0x32, 0x28, 0x67, 0x6c, 0x5f, 0x47, 0x6c, 0x6f, // w * (vec2(gl_Glo
	0x62, 0x61, 0x6c, 0x49, 0x6e, 0x76, 0x6f, 0x63, 0x61, 0x74, 0x69, 0x6f, 0x6e, 0x49, 0x44, 0x2e, // balInvocationID.
	0x78, 0x79, 0x29, 0x20, 0x2b, 0x20, 0x76, 0x65, 0x63, 0x32, 0x28, 0x30, 0x2e, 0x35, 0x29, 0x29, // xy) + vec2(0.5))
	0x2c, 0x20, 0x66, 0x6c, 0x6f, 0x61, 0x74, 0x28, 0x67, 0x6c, 0x5f, 0x47, 0x6c, 0x6f, 0x62, 0x61, // , float(gl_Globa
	0x6c, 0x49, 0x6e, 0x76, 0x6f, 0x63, 0x61, 0x74, 0x69, 0x6f, 0x6e, 0x49, 0x44, 0x2e, 0x7a, 0x29, // lInvocationID.z)
	0x29, 0x2c, 0x20, 0x66, 0x6c, 0x6f, 0x61, 0x74, 0x28, 0x75, 0x69, 0x6e, 0x74, 0x28, 0x62, 0x67, // ), float(uint(bg
	0x66, 0x78, 0x5f, 0x6d, 0x69, 0x70, 0x47, 0x65, 0x6e, 0x2e, 0x78, 0x29, 0x29, 0x29, 0x3b, 0x0a, // fx_mipGen.x)));.
	0x20, 0x20, 0x20, 0x20, 0x20, 0x20, 0x20, 0x20, 0x69, 0x6e, 0x74, 0x20, 0x5f, 0x31, 0x33, 0x38, //         int _138
	0x20, 0x3d, 0x20, 0x69, 0x6e, 0x74, 0x28, 0x67, 0x6c, 0x5f, 0x47, 0x6c, 0x6f, 0x62, 0x61, 0x6c, //  = int(gl_Global
	0x49, 0x6e, 0x76, 0x6f, 0x63, 0x61, 0x74, 0x69, 0x6f, 0x6e, 0x49, 0x44, 0x2e, 0x7a, 0x29, 0x3b, // InvocationID.z);
	0x0a, 0x20, 0x20, 0x20, 0x20, 0x20, 0x20, 0x20, 0x20, 0x69, 0x6d, 0x61, 0x67, 0x65, 0x53, 0x74, // .        imageSt
	0x6f, 0x72, 0x65, 0x28, 0x73, 0x5f, 0x69, 0x6d, 0x67, 0x4d, 0x69, 0x70, 0x31, 0x2c, 0x20, 0x69, // ore(s_imgMip1, i
	0x76, 0x65, 0x63, 0x33, 0x28, 0x69, 0x76, 0x65, 0x63, 0x32, 0x28, 0x67, 0x6c, 0x5f, 0x47, 0x6c, // vec3(ivec2(gl_Gl
	0x6f, 0x62, 0x61, 0x6c, 0x49, 0x6e, 0x76, 0x6f, 0x63, 0x61, 0x74, 0x69, 0x6f, 0x6e, 0x49, 0x44, // obalInvocationID
	0x2e, 0x78, 0x79, 0x29, 0x2c, 0x20, 0x5f, 0x31, 0x33, 0x38, 0x29, 0x2c, 0x20, 0x5f, 0x31, 0x32, // .xy), _138), _12
	0x37, 0x29, 0x3b, 0x0a, 0x20, 0x20, 0x20, 0x20, 0x20, 0x20, 0x20, 0x20, 0x69, 0x66, 0x20, 0x28, // 7);.        if (
	0x5f, 0x39, 0x33, 0x20, 0x3d, 0x3d, 0x20, 0x31, 0x75, 0x29, 0x0a, 0x20, 0x20, 0x20, 0x20, 0x20, // _93 == 1u).     
	0x20, 0x20, 0x20, 0x7b, 0x0a, 0x20, 0x20, 0x20, 0x20, 0x20, 0x20, 0x20, 0x20, 0x20, 0x20, 0x20, //    {.           
	0x20, 0x62, 0x72, 0x65, 0x61, 0x6b, 0x3b, 0x0a, 0x20, 0x20, 0x20, 0x20, 0x20, 0x20, 0x20, 0x20, //  break;.        
	0x7d, 0x0a, 0x20, 0x20, 0x20, 0x20, 0x20, 0x20, 0x20, 0x20, 0x67, 0x73, 0x5f, 0x52, 0x5b, 0x67, // }.        gs_R[g
	0x6c, 0x5f, 0x4c, 0x6f, 0x63, 0x61, 0x6c, 0x49, 0x6e, 0x76, 0x6f, 0x63, 0x61, 0x74, 0x69, 0x6f, // l_LocalInvocatio
	0x6e, 0x49, 0x6e, 0x64, 0x65, 0x78, 0x5d, 0x20, 0x3d, 0x20, 0x5f, 0x31, 0x32, 0x37, 0x2e, 0x78, // nIndex] = _127.x
	0x3b, 0x0a, 0x20, 0x20, 0x20, 0x20, 0x20, 0x20, 0x20, 0x20, 0x67, 0x73, 0x5f, 0x47, 0x5b, 0x67, // ;.        gs_G[g
	0x6c, 0x5f, 0x4c, 0x6f, 0x63, 0x61, 0x6c, 0x49, 0x6e, 0x76, 0x6f, 0x63, 0x61, 0x74, 0x69, 0x6f, // l_LocalInvocatio
	0x6e, 0x49, 0x6e, 0x64, 0x65, 0x78, 0x5d, 0x20, 0x3d, 0x20, 0x5f, 0x31, 0x32, 0x37, 0x2e, 0x79, // nIndex] = _127.y
	0x3b, 0x0a, 0x20, 0x20, 0x20, 0x20, 0x20, 0x20, 0x20, 0x20, 0x67, 0x73, 0x5f, 0x42, 0x5b, 0x67, // ;.        gs_B[g
	0x6c, 0x5f, 0x4c, 0x6f, 0x63, 0x61, 0x6c, 0x49, 0x6e, 0x76, 0x6f, 0x63, 0x61, 0x74, 0x69, 0x6f, // l_LocalInvocatio
	0x6e, 0x49, 0x6e, 0x64, 0x65, 0x78, 0x5d, 0x20, 0x3d, 0x20, 0x5f, 0x31, 0x32, 0x37, 0x2e, 0x7a, // nIndex] = _127.z
	0x3b, 0x0a, 0x20, 0x20, 0x20, 0x20, 0x20, 0x20, 0x20, 0x20, 0x67, 0x73, 0x5f, 0x41, 0x5b, 0x67, // ;.        gs_A[g
	0x6c, 0x5f, 0x4c, 0x6f, 0x63, 0x61, 0x6c, 0x49, 0x6e, 0x76, 0x6f, 0x63, 0x61, 0x74, 0x69, 0x6f, // l_LocalInvocatio
	0x6e, 0x49, 0x6e, 0x64, 0x65, 0x78, 0x5d, 0x20, 0x3d, 0x20, 0x5f, 0x31, 0x32, 0x37, 0x2e, 0x77, // nIndex] = _127.w
	0x3b, 0x0a, 0x20, 0x20, 0x20, 0x20, 0x20, 0x20, 0x20, 0x20, 0x62, 0x61, 0x72, 0x72, 0x69, 0x65, // ;.        barrie
	0x72, 0x28, 0x29, 0x3b, 0x0a, 0x20, 0x20, 0x20, 0x20, 0x20, 0x20, 0x20, 0x20, 0x76, 0x65, 0x63, // r();.        vec
	0x34, 0x20, 0x5f, 0x35, 0x33, 0x36, 0x3b, 0x0a, 0x20, 0x20, 0x20, 0x20, 0x20, 0x20, 0x20, 0x20, // 4 _536;.        
	0x69, 0x66, 0x20, 0x28, 0x28, 0x67, 0x6c, 0x5f, 0x4c, 0x6f, 0x63, 0x61, 0x6c, 0x49, 0x6e, 0x76, // if ((gl_LocalInv
	0x6f, 0x63, 0x61, 0x74, 0x69, 0x6f, 0x6e, 0x49, 0x6e, 0x64, 0x65, 0x78, 0x20, 0x26, 0x20, 0x39, // ocationIndex & 9
	0x75, 0x29, 0x20, 0x3d, 0x3d, 0x20, 0x30, 0x75, 0x29, 0x0a, 0x20, 0x20, 0x20, 0x20, 0x20, 0x20, // u) == 0u).      
	0x20, 0x20, 0x7b, 0x0a, 0x20, 0x20, 0x20, 0x20, 0x20, 0x20, 0x20, 0x20, 0x20, 0x20, 0x20, 0x20, //   {.            
	0x75, 0x69, 0x6e, 0x74, 0x20, 0x5f, 0x31, 0x36, 0x34, 0x20, 0x3d, 0x20, 0x67, 0x6c, 0x5f, 0x4c, // uint _164 = gl_L
	0x6f, 0x63, 0x61, 0x6c, 0x49, 0x6e, 0x76, 0x6f, 0x63, 0x61, 0x74, 0x69, 0x6f, 0x6e, 0x49, 0x6e, // ocalInvocationIn
	0x64, 0x65, 0x78, 0x20, 0x2b, 0x20, 0x31, 0x75, 0x3b, 0x0a, 0x20, 0x20, 0x20, 0x20, 0x20, 0x20, // dex + 1u;.      
	0x20, 0x20, 0x20, 0x20, 0x20, 0x20, 0x66, 0x6c, 0x6f, 0x61, 0x74, 0x20, 0x5f, 0x33, 0x35, 0x38, //       float _358
	0x20, 0x3d, 0x20, 0x67, 0x73, 0x5f, 0x52, 0x5b, 0x5f, 0x31, 0x36, 0x34, 0x5d, 0x3b, 0x0a, 0x20, //  = gs_R[_164];. 
	0x20, 0x20, 0x20, 0x20, 0x20, 0x20, 0x20, 0x20, 0x20, 0x20, 0x20, 0x66, 0x6c, 0x6f, 0x61, 0x74, //            float
	0x20, 0x5f, 0x33, 0x36, 0x31, 0x20, 0x3d, 0x20, 0x67, 0x73, 0x5f, 0x47, 0x5b, 0x5f, 0x31, 0x36, //  _361 = gs_G[_16
	0x34, 0x5d, 0x3b, 0x0a, 0x20, 0x20, 0x20, 0x20, 0x20, 0x20, 0x20, 0x20, 0x20, 0x20, 0x20, 0x20, // 4];.            
	0x66, 0x6c, 0x6f, 0x61, 0x74, 0x20, 0x5f, 0x33, 0x36, 0x34, 0x20, 0x3d, 0x20, 0x67, 0x73, 0x5f, // float _364 = gs_
	0x42, 0x5b, 0x5f, 0x31, 0x36, 0x34, 0x5d, 0x3b, 0x0a, 0x20, 0x20, 0x20, 0x20, 0x20, 0x20, 0x20, // B[_164];.       
	0x20, 0x20, 0x20, 0x20, 0x20, 0x66, 0x6c, 0x6f, 0x61, 0x74, 0x20, 0x5f, 0x33, 0x36, 0x37, 0x20, //      float _367 
	0x3d, 0x20, 0x67, 0x73, 0x5f, 0x41, 0x5b, 0x5f, 0x31, 0x36, 0x34, 0x5d, 0x3b, 0x0a, 0x20, 0x20, // = gs_A[_164];.  
	0x20, 0x20, 0x20, 0x20, 0x20, 0x20, 0x20, 0x20, 0x20, 0x20, 0x75, 0x69, 0x6e, 0x74, 0x20, 0x5f, //           uint _
	0x31, 0x37, 0x30, 0x20, 0x3d, 0x20, 0x67, 0x6c, 0x5f, 0x4c, 0x6f, 0x63, 0x61, 0x6c, 0x49, 0x6e, // 170 = gl_LocalIn
	0x76, 0x6f, 0x63, 0x61, 0x74, 0x69, 0x6f, 0x6e, 0x49, 0x6e, 0x64, 0x65, 0x78, 0x20, 0x2b, 0x20, // vocationIndex + 
	0x38, 0x75, 0x3b, 0x0a, 0x20, 0x20, 0x20, 0x20, 0x20, 0x20, 0x20, 0x20, 0x20, 0x20, 0x20, 0x20, // 8u;.            
	0x66, 0x6c, 0x6f, 0x61, 0x74, 0x20, 0x5f, 0x33, 0x37, 0x33, 0x20, 0x3d, 0x20, 0x67, 0x73, 0x5f, // float _373 = gs_
	0x52, 0x5b, 0x5f, 0x31, 0x37, 0x30, 0x5d, 0x3b, 0x0a, 0x20, 0x20, 0x20, 0x20, 0x20, 0x20, 0x20, // R[_170];.       
	0x20, 0x20, 0x20, 0x20, 0x20, 0x66, 0x6c, 0x6f, 0x61, 0x74, 0x20, 0x5f, 0x33, 0x37, 0x36, 0x20, //      float _376 
	0x3d, 0x20, 0x67, 0x73, 0x5f, 0x47, 0x5b, 0x5f, 0x31, 0x37, 0x30, 0x5d, 0x3b, 0x0a, 0x20, 0x20, // = gs_G[_170];.  
	0x20, 0x20, 0x20, 0x20, 0x20, 0x20, 0x20, 0x20, 0x20, 0x20, 0x66, 0x6c, 0x6f, 0x61, 0x74, 0x20, //           float 
	0x5f, 0x33, 0x37, 0x39, 0x20, 0x3d, 0x20, 0x67, 0x73, 0x5f, 0x42, 0x5b, 0x5f, 0x31, 0x37, 0x30, // _379 = gs_B[_170
	0x5d, 0x3b, 0x0a, 0x20, 0x20, 0x20, 0x20, 0x20, 0x20, 0x20, 0x20, 0x20, 0x20, 0x20, 0x20, 0x66, // ];.            f
	0x6c, 0x6f, 0x61, 0x74, 0x20, 0x5f, 0x33, 0x38, 0x32, 0x20, 0x3d, 0x20, 0x67, 0x73, 0x5f, 0x41, // loat _382 = gs_A
	0x5b, 0x5f, 0x31, 0x37, 0x30, 0x5d, 0x3b, 0x0a, 0x20, 0x20, 0x20, 0x20, 0x20, 0x20, 0x20, 0x20, // [_170];.        
	0x20, 0x20, 0x20, 0x20, 0x75, 0x69, 0x6e, 0x74, 0x20, 0x5f, 0x31, 0x37, 0x35, 0x20, 0x3d, 0x20, //     uint _175 = 
	0x67, 0x6c, 0x5f, 0x4c, 0x6f, 0x63, 0x61, 0x6c, 0x49, 0x6e, 0x76, 0x6f, 0x63, 0x61, 0x74, 0x69, // gl_LocalInvocati
	0x6f, 0x6e, 0x49, 0x6e, 0x64, 0x65, 0x78, 0x20, 0x2b, 0x20, 0x39, 0x75, 0x3b, 0x0a, 0x20, 0x20, // onIndex + 9u;.  
	0x20, 0x20, 0x20, 0x20, 0x20, 0x20, 0x20, 0x20, 0x20, 0x20, 0x66, 0x6c, 0x6f, 0x61, 0x74, 0x20, //           float 
	0x5f, 0x33, 0x38, 0x38, 0x20, 0x3d, 0x20, 0x67, 0x73, 0x5f, 0x52, 0x5b, 0x5f, 0x31, 0x37, 0x35, // _388 = gs_R[_175
	0x5d, 0x3b, 0x0a, 0x20, 0x20, 0x20, 0x20, 0x20, 0x20, 0x20, 0x20, 0x20, 0x20, 0x20, 0x20, 0x66, // ];.            f
	0x6c, 0x6f, 0x61, 0x74, 0x20, 0x5f, 0x33, 0x39, 0x31, 0x20, 0x3d, 0x20, 0x67, 0x73, 0x5f, 0x47, // loat _391 = gs_G
	0x5b, 0x5f, 0x31, 0x37, 0x35, 0x5d, 0x3b, 0x0a, 0x20, 0x20, 0x20, 0x20, 0x20, 0x20, 0x20, 0x20, // [_175];.        
	0x20, 0x20, 0x20, 0x20, 0x66, 0x6c, 0x6f, 0x61, 0x74, 0x20, 0x5f, 0x33, 0x39, 0x34, 0x20, 0x3d, //     float _394 =
	0x20, 0x67, 0x73, 0x5f, 0x42, 0x5b, 0x5f, 0x31, 0x37, 0x35, 0x5d, 0x3b, 0x0a, 0x20, 0x20, 0x20, //  gs_B[_175];.   
	0x20, 0x20, 0x20, 0x20, 0x20, 0x20, 0x20, 0x20, 0x20, 0x66, 0x6c, 0x6f, 0x61, 0x74, 0x20, 0x5f, //          float _
	0x33, 0x39, 0x37, 0x20, 0x3d, 0x20, 0x67, 0x73, 0x5f, 0x41, 0x5b, 0x5f, 0x31, 0x37, 0x35, 0x5d, // 397 = gs_A[_175]
	0x3b, 0x0a, 0x20, 0x20, 0x20, 0x20, 0x20, 0x20, 0x20, 0x20, 0x20, 0x20, 0x20, 0x20, 0x76, 0x65, // ;.            ve
	0x63, 0x34, 0x20, 0x5f, 0x31, 0x38, 0x36, 0x20, 0x3d, 0x20, 0x28, 0x28, 0x28, 0x5f, 0x31, 0x32, // c4 _186 = (((_12
	0x37, 0x20, 0x2b, 0x20, 0x76, 0x65, 0x63, 0x34, 0x28, 0x5f, 0x33, 0x35, 0x38, 0x2c, 0x20, 0x5f, // 7 + vec4(_358, _
	0x33, 0x36, 0x31, 0x2c, 0x20, 0x5f, 0x33, 0x36, 0x34, 0x2c, 0x20, 0x5f, 0x33, 0x36, 0x37, 0x29, // 361, _364, _367)
	0x29, 0x20, 0x2b, 0x20, 0x76, 0x65, 0x63, 0x34, 0x28, 0x5f, 0x33, 0x37, 0x33, 0x2c, 0x20, 0x5f, // ) + vec4(_373, _
	0x33, 0x37, 0x36, 0x2c, 0x20, 0x5f, 0x33, 0x37, 0x39, 0x2c, 0x20, 0x5f, 0x33, 0x38, 0x32, 0x29, // 376, _379, _382)
	0x29, 0x20, 0x2b, 0x20, 0x76, 0x65, 0x63, 0x34, 0x28, 0x5f, 0x33, 0x38, 0x38, 0x2c, 0x20, 0x5f, // ) + vec4(_388, _
	0x33, 0x39, 0x31, 0x2c, 0x20, 0x5f, 0x33, 0x39, 0x34, 0x2c, 0x20, 0x5f, 0x33, 0x39, 0x37, 0x29, // 391, _394, _397)
	0x29, 0x20, 0x2a, 0x20, 0x30, 0x2e, 0x32, 0x35, 0x3b, 0x0a, 0x20, 0x20, 0x20, 0x20, 0x20, 0x20, // ) * 0.25;.      
	0x20, 0x20, 0x20, 0x20, 0x20, 0x20, 0x69, 0x6d, 0x61, 0x67, 0x65, 0x53, 0x74, 0x6f, 0x72, 0x65, //       imageStore
	0x28, 0x73, 0x5f, 0x69, 0x6d, 0x67, 0x4d, 0x69, 0x70, 0x32, 0x2c, 0x20, 0x69, 0x76, 0x65, 0x63, // (s_imgMip2, ivec
	0x33, 0x28, 0x69, 0x76, 0x65, 0x63, 0x32, 0x28, 0x67, 0x6c, 0x5f, 0x47, 0x6c, 0x6f, 0x62, 0x61, // 3(ivec2(gl_Globa
	0x6c, 0x49, 0x6e, 0x76, 0x6f, 0x63, 0x61, 0x74, 0x69, 0x6f, 0x6e, 0x49, 0x44, 0x2e, 0x78, 0x79, // lInvocationID.xy
	0x20, 0x2f, 0x20, 0x75, 0x76, 0x65, 0x63, 0x32, 0x28, 0x32, 0x75, 0x29, 0x29, 0x2c, 0x20, 0x5f, //  / uvec2(2u)), _
	0x31, 0x33, 0x38, 0x29, 0x2c, 0x20, 0x5f, 0x31, 0x38, 0x36, 0x29, 0x3b, 0x0a, 0x20, 0x20, 0x20, // 138), _186);.   
	0x20, 0x20, 0x20, 0x20, 0x20, 0x20, 0x20, 0x20, 0x20, 0x67, 0x73, 0x5f, 0x52, 0x5b, 0x67, 0x6c, //          gs_R[gl
	0x5f, 0x4c, 0x6f, 0x63, 0x61, 0x6c, 0x49, 0x6e, 0x76, 0x6f, 0x63, 0x61, 0x74, 0x69, 0x6f, 0x6e, // _LocalInvocation
	0x49, 0x6e, 0x64, 0x65, 0x78, 0x5d, 0x20, 0x3d, 0x20, 0x5f, 0x31, 0x38, 0x36, 0x2e, 0x78, 0x3b, // Index] = _186.x;
	0x0a, 0x20, 0x20, 0x20, 0x20, 0x20, 0x20, 0x20, 0x20, 0x20, 0x20, 0x20, 0x20, 0x67, 0x73, 0x5f, // .            gs_
	0x47, 0x5b, 0x67, 0x6c, 0x5f, 0x4c, 0x6f, 0x63, 0x61, 0x6c, 0x49, 0x6e, 0x76, 0x6f, 0x63, 0x61, // G[gl_LocalInvoca
	0x74, 0x69, 0x6f, 0x6e, 0x49, 0x6e, 0x64, 0x65, 0x78, 0x5d, 0x20, 0x3d, 0x20, 0x5f, 0x31, 0x38, // tionIndex] = _18
	0x36, 0x2e, 0x79, 0x3b, 0x0a, 0x20, 0x20, 0x20, 0x20, 0x20, 0x20, 0x20, 0x20, 0x20, 0x20, 0x20, // 6.y;.           
	0x20, 0x67, 0x73, 0x5f, 0x42, 0x5b, 0x67, 0x6c, 0x5f, 0x4c, 0x6f, 0x63, 0x61, 0x6c, 0x49, 0x6e, //  gs_B[gl_LocalIn
	0x76, 0x6f, 0x63, 0x61, 0x74, 0x69, 0x6f, 0x6e, 0x49, 0x6e, 0x64, 0x65, 0x78, 0x5d, 0x20, 0x3d, // vocationIndex] =
	0x20, 0x5f, 0x31, 0x38, 0x36, 0x2e, 0x7a, 0x3b, 0x0a, 0x20, 0x20, 0x20, 0x20, 0x20, 0x20, 0x20, //  _186.z;.       
	0x20, 0x20, 0x20, 0x20, 0x20, 0x67, 0x73, 0x5f, 0x41, 0x5b, 0x67, 0x6c, 0x5f, 0x4c, 0x6f, 0x63, //      gs_A[gl_Loc
	0x61, 0x6c, 0x49, 0x6e, 0x76, 0x6f, 0x63, 0x61, 0x74, 0x69, 0x6f, 0x6e, 0x49, 0x6e, 0x64, 0x65, // alInvocationInde
	0x78, 0x5d, 0x20, 0x3d, 0x20, 0x5f, 0x31, 0x38, 0x36, 0x2e, 0x77, 0x3b, 0x0a, 0x20, 0x20, 0x20, // x] = _186.w;.   
	0x20, 0x20, 0x20, 0x20, 0x20, 0x20, 0x20, 0x20, 0x20, 0x5f, 0x35, 0x33, 0x36, 0x20, 0x3d, 0x20, //          _536 = 
	0x5f, 0x31, 0x38, 0x36, 0x3b, 0x0a, 0x20, 0x20, 0x20, 0x20, 0x20, 0x20, 0x20, 0x20, 0x7d, 0x0a, // _186;.        }.
	0x20, 0x20, 0x20, 0x20, 0x20, 0x20, 0x20, 0x20, 0x65, 0x6c, 0x73, 0x65, 0x0a, 0x20, 0x20, 0x20, //         else.   
	0x20, 0x20, 0x20, 0x20, 0x20, 0x7b, 0x0a, 0x20, 0x20, 0x20, 0x20, 0x20, 0x20, 0x20, 0x20, 0x20, //      {.         
	0x20, 0x20, 0x20, 0x5f, 0x35, 0x33, 0x36, 0x20, 0x3d, 0x20, 0x5f, 0x31, 0x32, 0x37, 0x3b, 0x0a, //    _536 = _127;.
	0x20, 0x20, 0x20, 0x20, 0x20, 0x20, 0x20, 0x20, 0x7d, 0x0a, 0x20, 0x20, 0x20, 0x20, 0x20, 0x20, //         }.      
	0x20, 0x20, 0x69, 0x66, 0x20, 0x28, 0x5f, 0x39, 0x33, 0x20, 0x3d, 0x3d, 0x20, 0x32, 0x75, 0x29, //   if (_93 == 2u)
	0x0a, 0x20, 0x20, 0x20, 0x20, 0x20, 0x20, 0x20, 0x20, 0x7b, 0x0a, 0x20, 0x20, 0x20, 0x20, 0x20, // .        {.     
	0x20, 0x20, 0x20, 0x20, 0x20, 0x20, 0x20, 0x62, 0x72, 0x65, 0x61, 0x6b, 0x3b, 0x0a, 0x20, 0x20, //        break;.  
	0x20, 0x20, 0x20, 0x20, 0x20, 0x20, 0x7d, 0x0a, 0x20, 0x20, 0x20, 0x20, 0x20, 0x20, 0x20, 0x20, //       }.        
	0x62, 0x61, 0x72, 0x72, 0x69, 0x65, 0x72, 0x28, 0x29, 0x3b, 0x0a, 0x20, 0x20, 0x20, 0x20, 0x20, // barrier();.     
	0x20, 0x20, 0x20, 0x76, 0x65, 0x63, 0x34, 0x20, 0x5f, 0x35, 0x33, 0x37, 0x3b, 0x0a, 0x20, 0x20, //    vec4 _537;.  
	0x20, 0x20, 0x20, 0x20, 0x20, 0x20, 0x69, 0x66, 0x20, 0x28, 0x28, 0x67, 0x6c, 0x5f, 0x4c, 0x6f, //       if ((gl_Lo
	0x63, 0x61, 0x6c, 0x49, 0x6e, 0x76, 0x6f, 0x63, 0x61, 0x74, 0x69, 0x6f, 0x6e, 0x49, 0x6e, 0x64, // calInvocationInd
	0x65, 0x78, 0x20, 0x26, 0x20, 0x32, 0x37, 0x75, 0x29, 0x20, 0x3d, 0x3d, 0x20, 0x30, 0x75, 0x29, // ex & 27u) == 0u)
	0x0a, 0x20, 0x20, 0x20, 0x20, 0x20, 0x20, 0x20, 0x20, 0x7b, 0x0a, 0x20, 0x20, 0x20, 0x20, 0x20, // .        {.     
	0x20, 0x20, 0x20, 0x20, 0x20, 0x20, 0x20, 0x75, 0x69, 0x6e, 0x74, 0x20, 0x5f, 0x32, 0x31, 0x38, //        uint _218
	0x20, 0x3d, 0x20, 0x67, 0x6c, 0x5f, 0x4c, 0x6f, 0x63, 0x61, 0x6c, 0x49, 0x6e, 0x76, 0x6f, 0x63, //  = gl_LocalInvoc
	0x61, 0x74, 0x69, 0x6f, 0x6e, 0x49, 0x6e, 0x64, 0x65, 0x78, 0x20, 0x2b, 0x20, 0x32, 0x75, 0x3b, // ationIndex + 2u;
	0x0a, 0x20, 0x20, 0x20, 0x20, 0x20, 0x20, 0x20, 0x20, 0x20, 0x20, 0x20, 0x20, 0x66, 0x6c, 0x6f, // .            flo
	0x61, 0x74, 0x20, 0x5f, 0x34, 0x32, 0x30, 0x20, 0x3d, 0x20, 0x67, 0x73, 0x5f, 0x52, 0x5b, 0x5f, // at _420 = gs_R[_
	0x32, 0x31, 0x38, 0x5d, 0x3b, 0x0a, 0x20, 0x20, 0x20, 0x20, 0x20, 0x20, 0x20, 0x20, 0x20, 0x20, // 218];.          
	0x20, 0x20, 0x66, 0x6c, 0x6f, 0x61, 0x74, 0x20, 0x5f, 0x34, 0x32, 0x33, 0x20, 0x3d, 0x20, 0x67, //   float _423 = g
	0x73, 0x5f, 0x47, 0x5b, 0x5f, 0x32, 0x31, 0x38, 0x5d, 0x3b, 0x0a, 0x20, 0x20, 0x20, 0x20, 0x20, // s_G[_218];.     
	0x20, 0x20, 0x20, 0x20, 0x20, 0x20, 0x20, 0x66, 0x6c, 0x6f, 0x61, 0x74, 0x20, 0x5f, 0x34, 0x32, //        float _42
	0x36, 0x20, 0x3d, 0x20, 0x67, 0x73, 0x5f, 0x42, 0x5b, 0x5f, 0x32, 0x31, 0x38, 0x5d, 0x3b, 0x0a, // 6 = gs_B[_218];.
	0x20, 0x20, 0x20, 0x20, 0x20, 0x20, 0x20, 0x20, 0x20, 0x20, 0x20, 0x20, 0x66, 0x6c, 0x6f, 0x61, //             floa
	0x74, 0x20, 0x5f, 0x34, 0x32, 0x39, 0x20, 0x3d, 0x20, 0x67, 0x73, 0x5f, 0x41, 0x5b, 0x5f, 0x32, // t _429 = gs_A[_2
	0x31, 0x38, 0x5d, 0x3b, 0x0a, 0x20, 0x20, 0x20, 0x20, 0x20, 0x20, 0x20, 0x20, 0x20, 0x20, 0x20, // 18];.           
	0x20, 0x75, 0x69, 0x6e, 0x74, 0x20, 0x5f, 0x32, 0x32, 0x34, 0x20, 0x3d, 0x20, 0x67, 0x6c, 0x5f, //  uint _224 = gl_
	0x4c, 0x6f, 0x63, 0x61, 0x6c, 0x49, 0x6e, 0x76, 0x6f, 0x63, 0x61, 0x74, 0x69, 0x6f, 0x6e, 0x49, // LocalInvocationI
	0x6e, 0x64, 0x65, 0x78, 0x20, 0x2b, 0x20, 0x31, 0x36, 0x75, 0x3b, 0x0a, 0x20, 0x20, 0x20, 0x20, // ndex + 16u;.    
	0x20, 0x20, 0x20, 0x20, 0x20, 0x20, 0x20, 0x20, 0x66, 0x6c, 0x6f, 0x61, 0x74, 0x20, 0x5f, 0x34, //         float _4
	0x33, 0x35, 0x20, 0x3d, 0x20, 0x67, 0x73, 0x5f, 0x52, 0x5b, 0x5f, 0x32, 0x32, 0x34, 0x5d, 0x3b, // 35 = gs_R[_224];
	0x0a, 0x20, 0x20, 0x20, 0x20, 0x20, 0x20, 0x20, 0x20, 0x20, 0x20, 0x20, 0x20, 0x66, 0x6c, 0x6f, // .            flo
	0x61, 0x74, 0x20, 0x5f, 0x34, 0x33, 0x38, 0x20, 0x3d, 0x20, 0x67, 0x73, 0x5f, 0x47, 0x5b, 0x5f, // at _438 = gs_G[_
	0x32, 0x32, 0x34, 0x5d, 0x3b, 0x0a, 0x20, 0x20, 0x20, 0x20, 0x20, 0x20, 0x20, 0x20, 0x20, 0x20, // 224];.          
	0x20, 0x20, 0x66, 0x6c, 0x6f, 0x61, 0x74, 0x20, 0x5f, 0x34, 0x34, 0x31, 0x20, 0x3d, 0x20, 0x67, //   float _441 = g
	0x73, 0x5f, 0x42, 0x5b, 0x5f, 0x32, 0x32, 0x34, 0x5d, 0x3b, 0x0a, 0x20, 0x20, 0x20, 0x20, 0x20, // s_B[_224];.     
	0x20, 0x20, 0x20, 0x20, 0x20, 0x20, 0x20, 0x66, 0x6c, 0x6f, 0x61, 0x74, 0x20, 0x5f, 0x34, 0x34, //        float _44
	0x34, 0x20, 0x3d, 0x20, 0x67, 0x73, 0x5f, 0x41, 0x5b, 0x5f, 0x32, 0x32, 0x34, 0x5d, 0x3b, 0x0a, // 4 = gs_A[_224];.
	0x20, 0x20, 0x20, 0x20, 0x20, 0x20, 0x20, 0x20, 0x20, 0x20, 0x20, 0x20, 0x75, 0x69, 0x6e, 0x74, //             uint
	0x20, 0x5f, 0x32, 0x33, 0x30, 0x20, 0x3d, 0x20, 0x67, 0x6c, 0x5f, 0x4c, 0x6f, 0x63, 0x61, 0x6c, //  _230 = gl_Local
	0x49, 0x6e, 0x76, 0x6f, 0x63, 0x61, 0x74, 0x69, 0x6f, 0x6e, 0x49, 0x6e, 0x64, 0x65, 0x78, 0x20, // InvocationIndex 
	0x2b, 0x20, 0x31, 0x38, 0x75, 0x3b, 0x0a, 0x20, 0x20, 0x20, 0x20, 0x20, 0x20, 0x20, 0x20, 0x20, // + 18u;.         
	0x20, 0x20, 0x20, 0x66, 0x6c, 0x6f, 0x61, 0x74, 0x20, 0x5f, 0x34, 0x35, 0x30, 0x20, 0x3d, 0x20, //    float _450 = 
	0x67, 0x73, 0x5f, 0x52, 0x5b, 0x5f, 0x32, 0x33, 0x30, 0x5d, 0x3b, 0x0a, 0x20, 0x20, 0x20, 0x20, // gs_R[_230];.    
	0x20, 0x20, 0x20, 0x20, 0x20, 0x20, 0x20, 0x20, 0x66, 0x6c, 0x6f, 0x61, 0x74, 0x20, 0x5f, 0x34, //         float _4
	0x35, 0x33, 0x20, 0x3d, 0x20, 0x67, 0x73, 0x5f, 0x47, 0x5b, 0x5f, 0x32, 0x33, 0x30, 0x5d, 0x3b, // 53 = gs_G[_230];
	0x0a, 0x20, 0x20, 0x20, 0x20, 0x20, 0x20, 0x20, 0x20, 0x20, 0x20, 0x20, 0x20, 0x66, 0x6c, 0x6f, // .            flo
	0x61, 0x74, 0x20, 0x5f, 0x34, 0x35, 0x36, 0x20, 0x3d, 0x20, 0x67, 0x73, 0x5f, 0x42, 0x5b, 0x5f, // at _456 = gs_B[_
	0x32, 0x33, 0x30, 0x5d, 0x3b, 0x0a, 0x20, 0x20, 0x20, 0x20, 0x20, 0x20, 0x20, 0x20, 0x20, 0x20, // 230];.          
	0x20, 0x20, 0x66, 0x6c, 0x6f, 0x61, 0x74, 0x20, 0x5f, 0x34, 0x35, 0x39, 0x20, 0x3d, 0x20, 0x67, //   float _459 = g
	0x73, 0x5f, 0x41, 0x5b, 0x5f, 0x32, 0x33, 0x30, 0x5d, 0x3b, 0x0a, 0x20, 0x20, 0x20, 0x20, 0x20, // s_A[_230];.     
	0x20, 0x20, 0x20, 0x20, 0x20, 0x20, 0x20, 0x76, 0x65, 0x63, 0x34, 0x20, 0x5f, 0x32, 0x34, 0x30, //        vec4 _240
	0x20, 0x3d, 0x20, 0x28, 0x28, 0x28, 0x5f, 0x35, 0x33, 0x36, 0x20, 0x2b, 0x20, 0x76, 0x65, 0x63, //  = (((_536 + vec
	0x34, 0x28, 0x5f, 0x34, 0x32, 0x30, 0x2c, 0x20, 0x5f, 0x34, 0x32, 0x33, 0x2c, 0x20, 0x5f, 0x34, // 4(_420, _423, _4
	0x32, 0x36, 0x2c, 0x20, 0x5f, 0x34, 0x32, 0x39, 0x29, 0x29, 0x20, 0x2b, 0x20, 0x76, 0x65, 0x63, // 26, _429)) + vec
	0x34, 0x28, 0x5f, 0x34, 0x33, 0x35, 0x2c, 0x20, 0x5f, 0x34, 0x33, 0x38, 0x2c, 0x20, 0x5f, 0x34, // 4(_435, _438, _4
	0x34, 0x31, 0x2c, 0x20, 0x5f, 0x34, 0x34, 0x34, 0x29, 0x29, 0x20, 0x2b, 0x20, 0x76, 0x65, 0x63, // 41, _444)) + vec
	0x34, 0x28, 0x5f, 0x34, 0x35, 0x30, 0x2c, 0x20, 0x5f, 0x34, 0x35, 0x33, 0x2c, 0x20, 0x5f, 0x34, // 4(_450, _453, _4
	0x35, 0x36, 0x2c, 0x20, 0x5f, 0x34, 0x35, 0x39, 0x29, 0x29, 0x20, 0x2a, 0x20, 0x30, 0x2e, 0x32, // 56, _459)) * 0.2
	0x35, 0x3b, 0x0a, 0x20, 0x20, 0x20, 0x20, 0x20, 0x20, 0x20, 0x20, 0x20, 0x20, 0x20, 0x20, 0x69, // 5;.            i
	0x6d, 0x61, 0x67, 0x65, 0x53, 0x74, 0x6f, 0x72, 0x65, 0x28, 0x73, 0x5f, 0x69, 0x6d, 0x67, 0x4d, // mageStore(s_imgM
	0x69, 0x70, 0x33, 0x2c, 0x20, 0x69, 0x76, 0x65, 0x63, 0x33, 0x28, 0x69, 0x76, 0x65, 0x63, 0x32, // ip3, ivec3(ivec2
	0x28, 0x67, 0x6c, 0x5f, 0x47, 0x6c, 0x6f, 0x62, 0x61, 0x6c, 0x49, 0x6e, 0x76, 0x6f, 0x63, 0x61, // (gl_GlobalInvoca
	0x74, 0x69, 0x6f, 0x6e, 0x49, 0x44, 0x2e, 0x78, 0x79, 0x20, 0x2f, 0x20, 0x75, 0x76, 0x65, 0x63, // tionID.xy / uvec
	0x32, 0x28, 0x34, 0x75, 0x29, 0x29, 0x2c, 0x20, 0x5f, 0x31, 0x33, 0x38, 0x29, 0x2c, 0x20, 0x5f, // 2(4u)), _138), _
	0x32, 0x34, 0x30, 0x29, 0x3b, 0x0a, 0x20, 0x20, 0x20, 0x20, 0x20, 0x20, 0x20, 0x20, 0x20, 0x20, // 240);.          
	0x20, 0x20, 0x67, 0x73, 0x5f, 0x52, 0x5b, 0x67, 0x6c, 0x5f, 0x4c, 0x6f, 0x63, 0x61, 0x6c, 0x49, //   gs_R[gl_LocalI
	0x6e, 0x76, 0x6f, 0x63, 0x61, 0x74, 0x69, 0x6f, 0x6e, 0x49, 0x6e, 0x64, 0x65, 0x78, 0x5d, 0x20, // nvocationIndex] 
	0x3d, 0x20, 0x5f, 0x32, 0x34, 0x30, 0x2e, 0x78, 0x3b, 0x0a, 0x20, 0x20, 0x20, 0x20, 0x20, 0x20, // = _240.x;.      
	0x20, 0x20, 0x20, 0x20, 0x20, 0x20, 0x67, 0x73, 0x5f, 0x47, 0x5b, 0x67, 0x6c, 0x5f, 0x4c, 0x6f, //       gs_G[gl_Lo
	0x63, 0x61, 0x6c, 0x49, 0x6e, 0x76, 0x6f, 0x63, 0x61, 0x74, 0x69, 0x6f, 0x6e, 0x49, 0x6e, 0x64, // calInvocationInd
	0x65, 0x78, 0x5d, 0x20, 0x3d, 0x20, 0x5f, 0x32, 0x34, 0x30, 0x2e, 0x79, 0x3b, 0x0a, 0x20, 0x20, // ex] = _240.y;.  
	0x20, 0x20, 0x20, 0x20, 0x20, 0x20, 0x20, 0x20, 0x20, 0x20, 0x67, 0x73, 0x5f, 0x42, 0x5b, 0x67, //           gs_B[g
	0x6c, 0x5f, 0x4c, 0x6f, 0x63, 0x61, 0x6c, 0x49, 0x6e, 0x76, 0x6f, 0x63, 0x61, 0x74, 0x69, 0x6f, // l_LocalInvocatio
	0x6e, 0x49, 0x6e, 0x64, 0x65, 0x78, 0x5d, 0x20, 0x3d, 0x20, 0x5f, 0x32, 0x34, 0x30, 0x2e, 0x7a, // nIndex] = _240.z
	0x3b, 0x0a, 0x20, 0x20, 0x20, 0x20, 0x20, 0x20, 0x20, 0x20, 0x20, 0x20, 0x20, 0x20, 0x67, 0x73, // ;.            gs
	0x5f, 0x41, 0x5b, 0x67, 0x6c, 0x5f, 0x4c, 0x6f, 0x63, 0x61, 0x6c, 0x49, 0x6e, 0x76, 0x6f, 0x63, // _A[gl_LocalInvoc
	0x61, 0x74, 0x69, 0x6f, 0x6e, 0x49, 0x6e, 0x64, 0x65, 0x78, 0x5d, 0x20, 0x3d, 0x20, 0x5f, 0x32, // ationIndex] = _2
	0x34, 0x30, 0x2e, 0x77, 0x3b, 0x0a, 0x20, 0x20, 0x20, 0x20, 0x20, 0x20, 0x20, 0x20, 0x20, 0x20, // 40.w;.          
	0x20, 0x20, 0x5f, 0x35, 0x33, 0x37, 0x20, 0x3d, 0x20, 0x5f, 0x32, 0x34, 0x30, 0x3b, 0x0a, 0x20, //   _537 = _240;. 
	0x20, 0x20, 0x20, 0x20, 0x20, 0x20, 0x20, 0x7d, 0x0a, 0x20, 0x20, 0x20, 0x20, 0x20, 0x20, 0x20, //        }.       
	0x20, 0x65, 0x6c, 0x73, 0x65, 0x0a, 0x20, 0x20, 0x20, 0x20, 0x20, 0x20, 0x20, 0x20, 0x7b, 0x0a, //  else.        {.
	0x20, 0x20, 0x20, 0x20, 0x20, 0x20, 0x20, 0x20, 0x20, 0x20, 0x20, 0x20, 0x5f, 0x35, 0x33, 0x37, //             _537
	0x20, 0x3d, 0x20, 0x5f, 0x35, 0x33, 0x36, 0x3b, 0x0a, 0x20, 0x20, 0x20, 0x20, 0x20, 0x20, 0x20, //  = _536;.       
	0x20, 0x7d, 0x0a, 0x20, 0x20, 0x20, 0x20, 0x20, 0x20, 0x20, 0x20, 0x69, 0x66, 0x20, 0x28, 0x5f, //  }.        if (_
	0x39, 0x33, 0x20, 0x3d, 0x3d, 0x20, 0x33, 0x75, 0x29, 0x0a, 0x20, 0x20, 0x20, 0x20, 0x20, 0x20, // 93 == 3u).      
	0x20, 0x20, 0x7b, 0x0a, 0x20, 0x20, 0x20, 0x20, 0x20, 0x20, 0x20, 0x20, 0x20, 0x20, 0x20, 0x20, //   {.            
	0x62, 0x72, 0x65, 0x61, 0x6b, 0x3b, 0x0a, 0x20, 0x20, 0x20, 0x20, 0x20, 0x20, 0x20, 0x20, 0x7d, // break;.        }
	0x0a, 0x20, 0x20, 0x20, 0x20, 0x20, 0x20, 0x20, 0x20, 0x62, 0x61, 0x72, 0x72, 0x69, 0x65, 0x72, // .        barrier
	0x28, 0x29, 0x3b, 0x0a, 0x20, 0x20, 0x20, 0x20, 0x20, 0x20, 0x20, 0x20, 0x69, 0x66, 0x20, 0x28, // ();.        if (
	0x67, 0x6c, 0x5f, 0x4c, 0x6f, 0x63, 0x61, 0x6c, 0x49, 0x6e, 0x76, 0x6f, 0x63, 0x61, 0x74, 0x69, // gl_LocalInvocati
	0x6f, 0x6e, 0x49, 0x6e, 0x64, 0x65, 0x78, 0x20, 0x3d, 0x3d, 0x20, 0x30, 0x75, 0x29, 0x0a, 0x20, // onIndex == 0u). 
	0x20, 0x20, 0x20, 0x20, 0x20, 0x20, 0x20, 0x7b, 0x0a, 0x20, 0x20, 0x20, 0x20, 0x20, 0x20, 0x20, //        {.       
	0x20, 0x20, 0x20, 0x20, 0x20, 0x75, 0x69, 0x6e, 0x74, 0x20, 0x5f, 0x32, 0x37, 0x31, 0x20, 0x3d, //      uint _271 =
	0x20, 0x67, 0x6c, 0x5f, 0x4c, 0x6f, 0x63, 0x61, 0x6c, 0x49, 0x6e, 0x76, 0x6f, 0x63, 0x61, 0x74, //  gl_LocalInvocat
	0x69, 0x6f, 0x6e, 0x49, 0x6e, 0x64, 0x65, 0x78, 0x20, 0x2b, 0x20, 0x34, 0x75, 0x3b, 0x0a, 0x20, // ionIndex + 4u;. 
	0x20, 0x20, 0x20, 0x20, 0x20, 0x20, 0x20, 0x20, 0x20, 0x20, 0x20, 0x75, 0x69, 0x6e, 0x74, 0x20, //            uint 
	0x5f, 0x32, 0x37, 0x37, 0x20, 0x3d, 0x20, 0x67, 0x6c, 0x5f, 0x4c, 0x6f, 0x63, 0x61, 0x6c, 0x49, // _277 = gl_LocalI
	0x6e, 0x76, 0x6f, 0x63, 0x61, 0x74, 0x69, 0x6f, 0x6e, 0x49, 0x6e, 0x64, 0x65, 0x78, 0x20, 0x2b, // nvocationIndex +
	0x20, 0x33, 0x32, 0x75, 0x3b, 0x0a, 0x20, 0x20, 0x20, 0x20, 0x20, 0x20, 0x20, 0x20, 0x20, 0x20, //  32u;.          
	0x20, 0x20, 0x75, 0x69, 0x6e, 0x74, 0x20, 0x5f, 0x32, 0x38, 0x33, 0x20, 0x3d, 0x20, 0x67, 0x6c, //   uint _283 = gl
	0x5f, 0x4c, 0x6f, 0x63, 0x61, 0x6c, 0x49, 0x6e, 0x76, 0x6f, 0x63, 0x61, 0x74, 0x69, 0x6f, 0x6e, // _LocalInvocation
	0x49, 0x6e, 0x64, 0x65, 0x78, 0x20, 0x2b, 0x20, 0x33, 0x36, 0x75, 0x3b, 0x0a, 0x20, 0x20, 0x20, // Index + 36u;.   
	0x20, 0x20, 0x20, 0x20, 0x20, 0x20, 0x20, 0x20, 0x20, 0x69, 0x6d, 0x61, 0x67, 0x65, 0x53, 0x74, //          imageSt
	0x6f, 0x72, 0x65, 0x28, 0x73, 0x5f, 0x69, 0x6d, 0x67, 0x4d, 0x69, 0x70, 0x34, 0x2c, 0x20, 0x69, // ore(s_imgMip4, i
	0x76, 0x65, 0x63, 0x33, 0x28, 0x69, 0x76, 0x65, 0x63, 0x32, 0x28, 0x67, 0x6c, 0x5f, 0x47, 0x6c, // vec3(ivec2(gl_Gl
	0x6f, 0x62, 0x61, 0x6c, 0x49, 0x6e, 0x76, 0x6f, 0x63, 0x61, 0x74, 0x69, 0x6f, 0x6e, 0x49, 0x44, // obalInvocationID
	0x2e, 0x78, 0x79, 0x20, 0x2f, 0x20, 0x75, 0x76, 0x65, 0x63, 0x32, 0x28, 0x38, 0x75, 0x29, 0x29, // .xy / uvec2(8u))
	0x2c, 0x20, 0x5f, 0x31, 0x33, 0x38, 0x29, 0x2c, 0x20, 0x28, 0x28, 0x28, 0x5f, 0x35, 0x33, 0x37, // , _138), (((_537
	0x20, 0x2b, 0x20, 0x76, 0x65, 0x63, 0x34, 0x28, 0x67, 0x73, 0x5f, 0x52, 0x5b, 0x5f, 0x32, 0x37, //  + vec4(gs_R[_27
	0x31, 0x5d, 0x2c, 0x20, 0x67, 0x73, 0x5f, 0x47, 0x5b, 0x5f, 0x32, 0x37, 0x31, 0x5d, 0x2c, 0x20, // 1], gs_G[_271], 
	0x67, 0x73, 0x5f, 0x42, 0x5b, 0x5f, 0x32, 0x37, 0x31, 0x5d, 0x2c, 0x20, 0x67, 0x73, 0x5f, 0x41, // gs_B[_271], gs_A
	0x5b, 0x5f, 0x32, 0x37, 0x31, 0x5d, 0x29, 0x29, 0x20, 0x2b, 0x20, 0x76, 0x65, 0x63, 0x34, 0x28, // [_271])) + vec4(
	0x67, 0x73, 0x5f, 0x52, 0x5b, 0x5f, 0x32, 0x37, 0x37, 0x5d, 0x2c, 0x20, 0x67, 0x73, 0x5f, 0x47, // gs_R[_277], gs_G
	0x5b, 0x5f, 0x32, 0x37, 0x37, 0x5d, 0x2c, 0x20, 0x67, 0x73, 0x5f, 0x42, 0x5b, 0x5f, 0x32, 0x37, // [_277], gs_B[_27
	0x37, 0x5d, 0x2c, 0x20, 0x67, 0x73, 0x5f, 0x41, 0x5b, 0x5f, 0x32, 0x37, 0x37, 0x5d, 0x29, 0x29, // 7], gs_A[_277]))
	0x20, 0x2b, 0x20, 0x76, 0x65, 0x63, 0x34, 0x28, 0x67, 0x73, 0x5f, 0x52, 0x5b, 0x5f, 0x32, 0x38, //  + vec4(gs_R[_28
	0x33, 0x5d, 0x2c, 0x20, 0x67, 0x73, 0x5f, 0x47, 0x5b, 0x5f, 0x32, 0x38, 0x33, 0x5d, 0x2c, 0x20, // 3], gs_G[_283], 
	0x67, 0x73, 0x5f, 0x42, 0x5b, 0x5f, 0x32, 0x38, 0x33, 0x5d, 0x2c, 0x20, 0x67, 0x73, 0x5f, 0x41, // gs_B[_283], gs_A
	0x5b, 0x5f, 0x32, 0x38, 0x33, 0x5d, 0x29, 0x29, 0x20, 0x2a, 0x20, 0x30, 0x2e, 0x32, 0x35, 0x29, // [_283])) * 0.25)
	0x3b, 0x0a, 0x20, 0x20, 0x20, 0x20, 0x20, 0x20, 0x20, 0x20, 0x7d, 0x0a, 0x20, 0x20, 0x20, 0x20, // ;.        }.    
	0x20, 0x20, 0x20, 0x20, 0x62, 0x72, 0x65, 0x61, 0x6b, 0x3b, 0x0a, 0x20, 0x20, 0x20, 0x20, 0x7d, //     break;.    }
	0x20, 0x77, 0x68, 0x69, 0x6c, 0x65, 0x28, 0x66, 0x61, 0x6c, 0x73, 0x65, 0x29, 0x3b, 0x0a, 0x7d, //  while(false);.}
	0x0a, 0x0a, 0x00,                                                                               // ...
};
static const uint8_t cs_mipgen_pow2_spv[6121] =
{
	0x43, 0x53, 0x48, 0x0b, 0x00, 0x00, 0x00, 0x00, 0x00, 0x00, 0x00, 0x00, 0x06, 0x00, 0x0b, 0x62, // CSH............b
	0x67, 0x66, 0x78, 0x5f, 0x6d, 0x69, 0x70, 0x47, 0x65, 0x6e, 0x02, 0x01, 0x00, 0x00, 0x01, 0x00, // gfx_mipGen......
	0x00, 0x00, 0x00, 0x00, 0x0e, 0x62, 0x67, 0x66, 0x78, 0x5f, 0x74, 0x65, 0x78, 0x4d, 0x69, 0x70, // .....bgfx_texMip
	0x53, 0x72, 0x63, 0x20, 0x00, 0x06, 0x00, 0x00, 0x00, 0x00, 0x03, 0x29, 0x00, 0x09, 0x73, 0x5f, // Src .......)..s_
	0x69, 0x6d, 0x67, 0x4d, 0x69, 0x70, 0x31, 0x01, 0x00, 0x02, 0x00, 0x03, 0x00, 0x00, 0x03, 0x4a, // imgMip1........J
	0x00, 0x09, 0x73, 0x5f, 0x69, 0x6d, 0x67, 0x4d, 0x69, 0x70, 0x32, 0x01, 0x00, 0x03, 0x00, 0x03, // ..s_imgMip2.....
	0x00, 0x00, 0x03, 0x4a, 0x00, 0x09, 0x73, 0x5f, 0x69, 0x6d, 0x67, 0x4d, 0x69, 0x70, 0x33, 0x01, // ...J..s_imgMip3.
	0x00, 0x04, 0x00, 0x03, 0x00, 0x00, 0x03, 0x4a, 0x00, 0x09, 0x73, 0x5f, 0x69, 0x6d, 0x67, 0x4d, // .......J..s_imgM
	0x69, 0x70, 0x34, 0x01, 0x00, 0x05, 0x00, 0x03, 0x00, 0x00, 0x03, 0x4a, 0x00, 0x54, 0x17, 0x00, // ip4........J.T..
	0x00, 0x03, 0x02, 0x23, 0x07, 0x00, 0x00, 0x01, 0x00, 0x0b, 0x00, 0x08, 0x00, 0x73, 0x03, 0x00, // ...#.........s..
	0x00, 0x00, 0x00, 0x00, 0x00, 0x11, 0x00, 0x02, 0x00, 0x01, 0x00, 0x00, 0x00, 0x0b, 0x00, 0x06, // ................
	0x00, 0x01, 0x00, 0x00, 0x00, 0x47, 0x4c, 0x53, 0x4c, 0x2e, 0x73, 0x74, 0x64, 0x2e, 0x34, 0x35, // .....GLSL.std.45
	0x30, 0x00, 0x00, 0x00, 0x00, 0x0e, 0x00, 0x03, 0x00, 0x00, 0x00, 0x00, 0x00, 0x01, 0x00, 0x00, // 0...............
	0x00, 0x0f, 0x00, 0x07, 0x00, 0x05, 0x00, 0x00, 0x00, 0x04, 0x00, 0x00, 0x00, 0x6d, 0x61, 0x69, // .............mai
	0x6e, 0x00, 0x00, 0x00, 0x00, 0x7c, 0x01, 0x00, 0x00, 0x80, 0x01, 0x00, 0x00, 0x10, 0x00, 0x06, // n....|..........
	0x00, 0x04, 0x00, 0x00, 0x00, 0x11, 0x00, 0x00, 0x00, 0x08, 0x00, 0x00, 0x00, 0x08, 0x00, 0x00, // ................
	0x00, 0x01, 0x00, 0x00, 0x00, 0x03, 0x00, 0x03, 0x00, 0x05, 0x00, 0x00, 0x00, 0xf4, 0x01, 0x00, // ................
	0x00, 0x05, 0x00, 0x04, 0x00, 0x04, 0x00, 0x00, 0x00, 0x6d, 0x61, 0x69, 0x6e, 0x00, 0x00, 0x00, // .........main...
	0x00, 0x05, 0x00, 0x08, 0x00, 0x3a, 0x00, 0x00, 0x00, 0x62, 0x67, 0x66, 0x78, 0x5f, 0x74, 0x65, // .....:...bgfx_te
	0x78, 0x4d, 0x69, 0x70, 0x53, 0x72, 0x63, 0x53, 0x61, 0x6d, 0x70, 0x6c, 0x65, 0x72, 0x00, 0x00, // xMipSrcSampler..
	0x00, 0x05, 0x00, 0x08, 0x00, 0x3d, 0x00, 0x00, 0x00, 0x62, 0x67, 0x66, 0x78, 0x5f, 0x74, 0x65, // .....=...bgfx_te
	0x78, 0x4d, 0x69, 0x70, 0x53, 0x72, 0x63, 0x54, 0x65, 0x78, 0x74, 0x75, 0x72, 0x65, 0x00, 0x00, // xMipSrcTexture..
	0x00, 0x05, 0x00, 0x04, 0x00, 0x5b, 0x00, 0x00, 0x00, 0x67, 0x73, 0x5f, 0x52, 0x00, 0x00, 0x00, // .....[...gs_R...
	0x00, 0x05, 0x00, 0x04, 0x00, 0x62, 0x00, 0x00, 0x00, 0x67, 0x73, 0x5f, 0x47, 0x00, 0x00, 0x00, // .....b...gs_G...
	0x00, 0x05, 0x00, 0x04, 0x00, 0x68, 0x00, 0x00, 0x00, 0x67, 0x73, 0x5f, 0x42, 0x00, 0x00, 0x00, // .....h...gs_B...
	0x00, 0x05, 0x00, 0x04, 0x00, 0x6e, 0x00, 0x00, 0x00, 0x67, 0x73, 0x5f, 0x41, 0x00, 0x00, 0x00, // .....n...gs_A...
	0x00, 0x05, 0x00, 0x06, 0x00, 0x8c, 0x00, 0x00, 0x00, 0x55, 0x6e, 0x69, 0x66, 0x6f, 0x72, 0x6d, // .........Uniform
	0x42, 0x6c, 0x6f, 0x63, 0x6b, 0x00, 0x00, 0x00, 0x00, 0x06, 0x00, 0x06, 0x00, 0x8c, 0x00, 0x00, // Block...........
	0x00, 0x00, 0x00, 0x00, 0x00, 0x62, 0x67, 0x66, 0x78, 0x5f, 0x6d, 0x69, 0x70, 0x47, 0x65, 0x6e, // .....bgfx_mipGen
	0x00, 0x05, 0x00, 0x03, 0x00, 0x8e, 0x00, 0x00, 0x00, 0x00, 0x00, 0x00, 0x00, 0x05, 0x00, 0x05, // ................
	0x00, 0xbb, 0x00, 0x00, 0x00, 0x73, 0x5f, 0x69, 0x6d, 0x67, 0x4d, 0x69, 0x70, 0x31, 0x00, 0x00, // .....s_imgMip1..
	0x00, 0x05, 0x00, 0x05, 0x00, 0xf6, 0x00, 0x00, 0x00, 0x73, 0x5f, 0x69, 0x6d, 0x67, 0x4d, 0x69, // .........s_imgMi
	0x70, 0x32, 0x00, 0x00, 0x00, 0x05, 0x00, 0x05, 0x00, 0x30, 0x01, 0x00, 0x00, 0x73, 0x5f, 0x69, // p2.......0...s_i
	0x6d, 0x67, 0x4d, 0x69, 0x70, 0x33, 0x00, 0x00, 0x00, 0x05, 0x00, 0x05, 0x00, 0x69, 0x01, 0x00, // mgMip3.......i..
	0x00, 0x73, 0x5f, 0x69, 0x6d, 0x67, 0x4d, 0x69, 0x70, 0x34, 0x00, 0x00, 0x00, 0x05, 0x00, 0x08, // .s_imgMip4......
	0x00, 0x7c, 0x01, 0x00, 0x00, 0x67, 0x6c, 0x5f, 0x4c, 0x6f, 0x63, 0x61, 0x6c, 0x49, 0x6e, 0x76, // .|...gl_LocalInv
	0x6f, 0x63, 0x61, 0x74, 0x69, 0x6f, 0x6e, 0x49, 0x6e, 0x64, 0x65, 0x78, 0x00, 0x05, 0x00, 0x08, // ocationIndex....
	0x00, 0x80, 0x01, 0x00, 0x00, 0x67, 0x6c, 0x5f, 0x47, 0x6c, 0x6f, 0x62, 0x61, 0x6c, 0x49, 0x6e, // .....gl_GlobalIn
	0x76, 0x6f, 0x63, 0x61, 0x74, 0x69, 0x6f, 0x6e, 0x49, 0x44, 0x00, 0x00, 0x00, 0x47, 0x00, 0x04, // vocationID...G..
	0x00, 0x3a, 0x00, 0x00, 0x00, 0x21, 0x00, 0x00, 0x00, 0x16, 0x00, 0x00, 0x00, 0x47, 0x00, 0x04, // .:...!.......G..
	0x00, 0x3a, 0x00, 0x00, 0x00, 0x22, 0x00, 0x00, 0x00, 0x00, 0x00, 0x00, 0x00, 0x47, 0x00, 0x04, // .:...".......G..
	0x00, 0x3d, 0x00, 0x00, 0x00, 0x21, 0x00, 0x00, 0x00, 0x06, 0x00, 0x00, 0x00, 0x47, 0x00, 0x04, // .=...!.......G..
	0x00, 0x3d, 0x00, 0x00, 0x00, 0x22, 0x00, 0x00, 0x00, 0x00, 0x00, 0x00, 0x00, 0x47, 0x00, 0x03, // .=...".......G..
	0x00, 0x8c, 0x00, 0x00, 0x00, 0x02, 0x00, 0x00, 0x00, 0x48, 0x00, 0x05, 0x00, 0x8c, 0x00, 0x00, // .........H......
	0x00, 0x00, 0x00, 0x00, 0x00, 0x23, 0x00, 0x00, 0x00, 0x00, 0x00, 0x00, 0x00, 0x47, 0x00, 0x04, // .....#.......G..
	0x00, 0x8e, 0x00, 0x00, 0x00, 0x21, 0x00, 0x00, 0x00, 0x00, 0x00, 0x00, 0x00, 0x47, 0x00, 0x04, // .....!.......G..
	0x00, 0x8e, 0x00, 0x00, 0x00, 0x22, 0x00, 0x00, 0x00, 0x00, 0x00, 0x00, 0x00, 0x47, 0x00, 0x03, // .....".......G..
	0x00, 0xbb, 0x00, 0x00, 0x00, 0x19, 0x00, 0x00, 0x00, 0x47, 0x00, 0x04, 0x00, 0xbb, 0x00, 0x00, // .........G......
	0x00, 0x21, 0x00, 0x00, 0x00, 0x02, 0x00, 0x00, 0x00, 0x47, 0x00, 0x04, 0x00, 0xbb, 0x00, 0x00, // .!.......G......
	0x00, 0x22, 0x00, 0x00, 0x00, 0x00, 0x00, 0x00, 0x00, 0x47, 0x00, 0x03, 0x00, 0xf6, 0x00, 0x00, // .".......G......
	0x00, 0x19, 0x00, 0x00, 0x00, 0x47, 0x00, 0x04, 0x00, 0xf6, 0x00, 0x00, 0x00, 0x21, 0x00, 0x00, // .....G.......!..
	0x00, 0x03, 0x00, 0x00, 0x00, 0x47, 0x00, 0x04, 0x00, 0xf6, 0x00, 0x00, 0x00, 0x22, 0x00, 0x00, // .....G......."..
	0x00, 0x00, 0x00, 0x00, 0x00, 0x47, 0x00, 0x03, 0x00, 0x30, 0x01, 0x00, 0x00, 0x19, 0x00, 0x00, // .....G...0......
	0x00, 0x47, 0x00, 0x04, 0x00, 0x30, 0x01, 0x00, 0x00, 0x21, 0x00, 0x00, 0x00, 0x04, 0x00, 0x00, // .G...0...!......
	0x00, 0x47, 0x00, 0x04, 0x00, 0x30, 0x01, 0x00, 0x00, 0x22, 0x00, 0x00, 0x00, 0x00, 0x00, 0x00, // .G...0..."......
	0x00, 0x47, 0x00, 0x03, 0x00, 0x69, 0x01, 0x00, 0x00, 0x19, 0x00, 0x00, 0x00, 0x47, 0x00, 0x04, // .G...i.......G..
	0x00, 0x69, 0x01, 0x00, 0x00, 0x21, 0x00, 0x00, 0x00, 0x05, 0x00, 0x00, 0x00, 0x47, 0x00, 0x04, // .i...!.......G..
	0x00, 0x69, 0x01, 0x00, 0x00, 0x22, 0x00, 0x00, 0x00, 0x00, 0x00, 0x00, 0x00, 0x47, 0x00, 0x04, // .i...".......G..
	0x00, 0x7c, 0x01, 0x00, 0x00, 0x0b, 0x00, 0x00, 0x00, 0x1d, 0x00, 0x00, 0x00, 0x47, 0x00, 0x04, // .|...........G..
	0x00, 0x80, 0x01, 0x00, 0x00, 0x0b, 0x00, 0x00, 0x00, 0x1c, 0x00, 0x00, 0x00, 0x13, 0x00, 0x02, // ................
	0x00, 0x02, 0x00, 0x00, 0x00, 0x21, 0x00, 0x03, 0x00, 0x03, 0x00, 0x00, 0x00, 0x02, 0x00, 0x00, // .....!..........
	0x00, 0x1a, 0x00, 0x02, 0x00, 0x06, 0x00, 0x00, 0x00, 0x16, 0x00, 0x03, 0x00, 0x07, 0x00, 0x00, // ................
	0x00, 0x20, 0x00, 0x00, 0x00, 0x19, 0x00, 0x09, 0x00, 0x08, 0x00, 0x00, 0x00, 0x07, 0x00, 0x00, // . ..............
	0x00, 0x01, 0x00, 0x00, 0x00, 0x00, 0x00, 0x00, 0x00, 0x01, 0x00, 0x00, 0x00, 0x00, 0x00, 0x00, // ................
	0x00, 0x01, 0x00, 0x00, 0x00, 0x00, 0x00, 0x00, 0x00, 0x17, 0x00, 0x04, 0x00, 0x0b, 0x00, 0x00, // ................
	0x00, 0x07, 0x00, 0x00, 0x00, 0x03, 0x00, 0x00, 0x00, 0x17, 0x00, 0x04, 0x00, 0x0e, 0x00, 0x00, // ................
	0x00, 0x07, 0x00, 0x00, 0x00, 0x04, 0x00, 0x00, 0x00, 0x17, 0x00, 0x04, 0x00, 0x15, 0x00, 0x00, // ................
	0x00, 0x07, 0x00, 0x00, 0x00, 0x02, 0x00, 0x00, 0x00, 0x15, 0x00, 0x04, 0x00, 0x1c, 0x00, 0x00, // ................
	0x00, 0x20, 0x00, 0x00, 0x00, 0x01, 0x00, 0x00, 0x00, 0x17, 0x00, 0x04, 0x00, 0x1d, 0x00, 0x00, // . ..............
	0x00, 0x1c, 0x00, 0x00, 0x00, 0x03, 0x00, 0x00, 0x00, 0x15, 0x00, 0x04, 0x00, 0x26, 0x00, 0x00, // .............&..
	0x00, 0x20, 0x00, 0x00, 0x00, 0x00, 0x00, 0x00, 0x00, 0x20, 0x00, 0x04, 0x00, 0x39, 0x00, 0x00, // . ....... ...9..
	0x00, 0x00, 0x00, 0x00, 0x00, 0x06, 0x00, 0x00, 0x00, 0x3b, 0x00, 0x04, 0x00, 0x39, 0x00, 0x00, // .........;...9..
	0x00, 0x3a, 0x00, 0x00, 0x00, 0x00, 0x00, 0x00, 0x00, 0x20, 0x00, 0x04, 0x00, 0x3c, 0x00, 0x00, // .:....... ...<..
	0x00, 0x00, 0x00, 0x00, 0x00, 0x08, 0x00, 0x00, 0x00, 0x3b, 0x00, 0x04, 0x00, 0x3c, 0x00, 0x00, // .........;...<..
	0x00, 0x3d, 0x00, 0x00, 0x00, 0x00, 0x00, 0x00, 0x00, 0x2b, 0x00, 0x04, 0x00, 0x1c, 0x00, 0x00, // .=.......+......
	0x00, 0x44, 0x00, 0x00, 0x00, 0x00, 0x00, 0x00, 0x00, 0x1b, 0x00, 0x03, 0x00, 0x48, 0x00, 0x00, // .D...........H..
	0x00, 0x08, 0x00, 0x00, 0x00, 0x2b, 0x00, 0x04, 0x00, 0x26, 0x00, 0x00, 0x00, 0x58, 0x00, 0x00, // .....+...&...X..
	0x00, 0x40, 0x00, 0x00, 0x00, 0x1c, 0x00, 0x04, 0x00, 0x59, 0x00, 0x00, 0x00, 0x07, 0x00, 0x00, // .@.......Y......
	0x00, 0x58, 0x00, 0x00, 0x00, 0x20, 0x00, 0x04, 0x00, 0x5a, 0x00, 0x00, 0x00, 0x04, 0x00, 0x00, // .X... ...Z......
	0x00, 0x59, 0x00, 0x00, 0x00, 0x3b, 0x00, 0x04, 0x00, 0x5a, 0x00, 0x00, 0x00, 0x5b, 0x00, 0x00, // .Y...;...Z...[..
	0x00, 0x04, 0x00, 0x00, 0x00, 0x2b, 0x00, 0x04, 0x00, 0x26, 0x00, 0x00, 0x00, 0x5d, 0x00, 0x00, // .....+...&...]..
	0x00, 0x00, 0x00, 0x00, 0x00, 0x20, 0x00, 0x04, 0x00, 0x60, 0x00, 0x00, 0x00, 0x04, 0x00, 0x00, // ..... ...`......
	0x00, 0x07, 0x00, 0x00, 0x00, 0x3b, 0x00, 0x04, 0x00, 0x5a, 0x00, 0x00, 0x00, 0x62, 0x00, 0x00, // .....;...Z...b..
	0x00, 0x04, 0x00, 0x00, 0x00, 0x2b, 0x00, 0x04, 0x00, 0x26, 0x00, 0x00, 0x00, 0x64, 0x00, 0x00, // .....+...&...d..
	0x00, 0x01, 0x00, 0x00, 0x00, 0x3b, 0x00, 0x04, 0x00, 0x5a, 0x00, 0x00, 0x00, 0x68, 0x00, 0x00, // .....;...Z...h..
	0x00, 0x04, 0x00, 0x00, 0x00, 0x2b, 0x00, 0x04, 0x00, 0x26, 0x00, 0x00, 0x00, 0x6a, 0x00, 0x00, // .....+...&...j..
	0x00, 0x02, 0x00, 0x00, 0x00, 0x3b, 0x00, 0x04, 0x00, 0x5a, 0x00, 0x00, 0x00, 0x6e, 0x00, 0x00, // .....;...Z...n..
	0x00, 0x04, 0x00, 0x00, 0x00, 0x2b, 0x00, 0x04, 0x00, 0x26, 0x00, 0x00, 0x00, 0x70, 0x00, 0x00, // .....+...&...p..
	0x00, 0x03, 0x00, 0x00, 0x00, 0x17, 0x00, 0x04, 0x00, 0x86, 0x00, 0x00, 0x00, 0x26, 0x00, 0x00, // .............&..
	0x00, 0x03, 0x00, 0x00, 0x00, 0x1e, 0x00, 0x03, 0x00, 0x8c, 0x00, 0x00, 0x00, 0x0e, 0x00, 0x00, // ................
	0x00, 0x20, 0x00, 0x04, 0x00, 0x8d, 0x00, 0x00, 0x00, 0x02, 0x00, 0x00, 0x00, 0x8c, 0x00, 0x00, // . ..............
	0x00, 0x3b, 0x00, 0x04, 0x00, 0x8d, 0x00, 0x00, 0x00, 0x8e, 0x00, 0x00, 0x00, 0x02, 0x00, 0x00, // .;..............
	0x00, 0x20, 0x00, 0x04, 0x00, 0x8f, 0x00, 0x00, 0x00, 0x02, 0x00, 0x00, 0x00, 0x07, 0x00, 0x00, // . ..............
	0x00, 0x20, 0x00, 0x04, 0x00, 0x99, 0x00, 0x00, 0x00, 0x02, 0x00, 0x00, 0x00, 0x0e, 0x00, 0x00, // . ..............
	0x00, 0x17, 0x00, 0x04, 0x00, 0xa2, 0x00, 0x00, 0x00, 0x26, 0x00, 0x00, 0x00, 0x02, 0x00, 0x00, // .........&......
	0x00, 0x2b, 0x00, 0x04, 0x00, 0x07, 0x00, 0x00, 0x00, 0xa6, 0x00, 0x00, 0x00, 0x00, 0x00, 0x00, // .+..............
	0x3f, 0x19, 0x00, 0x09, 0x00, 0xb9, 0x00, 0x00, 0x00, 0x07, 0x00, 0x00, 0x00, 0x01, 0x00, 0x00, // ?...............
	0x00, 0x00, 0x00, 0x00, 0x00, 0x01, 0x00, 0x00, 0x00, 0x00, 0x00, 0x00, 0x00, 0x02, 0x00, 0x00, // ................
	0x00, 0x04, 0x00, 0x00, 0x00, 0x20, 0x00, 0x04, 0x00, 0xba, 0x00, 0x00, 0x00, 0x00, 0x00, 0x00, // ..... ..........
	0x00, 0xb9, 0x00, 0x00, 0x00, 0x3b, 0x00, 0x04, 0x00, 0xba, 0x00, 0x00, 0x00, 0xbb, 0x00, 0x00, // .....;..........
	0x00, 0x00, 0x00, 0x00, 0x00, 0x17, 0x00, 0x04, 0x00, 0xbe, 0x00, 0x00, 0x00, 0x1c, 0x00, 0x00, // ................
	0x00, 0x02, 0x00, 0x00, 0x00, 0x14, 0x00, 0x02, 0x00, 0xcc, 0x00, 0x00, 0x00, 0x2b, 0x00, 0x04, // .............+..
	0x00, 0x26, 0x00, 0x00, 0x00, 0xd6, 0x00, 0x00, 0x00, 0x08, 0x01, 0x00, 0x00, 0x2b, 0x00, 0x04, // .&...........+..
	0x00, 0x26, 0x00, 0x00, 0x00, 0xd8, 0x00, 0x00, 0x00, 0x09, 0x00, 0x00, 0x00, 0x2b, 0x00, 0x04, // .&...........+..
	0x00, 0x26, 0x00, 0x00, 0x00, 0xe4, 0x00, 0x00, 0x00, 0x08, 0x00, 0x00, 0x00, 0x2b, 0x00, 0x04, // .&...........+..
	0x00, 0x07, 0x00, 0x00, 0x00, 0xed, 0x00, 0x00, 0x00, 0x00, 0x00, 0x80, 0x3e, 0x3b, 0x00, 0x04, // ............>;..
	0x00, 0xba, 0x00, 0x00, 0x00, 0xf6, 0x00, 0x00, 0x00, 0x00, 0x00, 0x00, 0x00, 0x2b, 0x00, 0x04, // .............+..
	0x00, 0x26, 0x00, 0x00, 0x00, 0x12, 0x01, 0x00, 0x00, 0x1b, 0x00, 0x00, 0x00, 0x2b, 0x00, 0x04, // .&...........+..
	0x00, 0x26, 0x00, 0x00, 0x00, 0x1e, 0x01, 0x00, 0x00, 0x10, 0x00, 0x00, 0x00, 0x2b, 0x00, 0x04, // .&...........+..
	0x00, 0x26, 0x00, 0x00, 0x00, 0x24, 0x01, 0x00, 0x00, 0x12, 0x00, 0x00, 0x00, 0x3b, 0x00, 0x04, // .&...$.......;..
	0x00, 0xba, 0x00, 0x00, 0x00, 0x30, 0x01, 0x00, 0x00, 0x00, 0x00, 0x00, 0x00, 0x2b, 0x00, 0x04, // .....0.......+..
	0x00, 0x26, 0x00, 0x00, 0x00, 0x33, 0x01, 0x00, 0x00, 0x04, 0x00, 0x00, 0x00, 0x2b, 0x00, 0x04, // .&...3.......+..
	0x00, 0x26, 0x00, 0x00, 0x00, 0x57, 0x01, 0x00, 0x00, 0x20, 0x00, 0x00, 0x00, 0x2b, 0x00, 0x04, // .&...W... ...+..
	0x00, 0x26, 0x00, 0x00, 0x00, 0x5d, 0x01, 0x00, 0x00, 0x24, 0x00, 0x00, 0x00, 0x3b, 0x00, 0x04, // .&...]...$...;..
	0x00, 0xba, 0x00, 0x00, 0x00, 0x69, 0x01, 0x00, 0x00, 0x00, 0x00, 0x00, 0x00, 0x20, 0x00, 0x04, // .....i....... ..
	0x00, 0x7b, 0x01, 0x00, 0x00, 0x01, 0x00, 0x00, 0x00, 0x1c, 0x00, 0x00, 0x00, 0x3b, 0x00, 0x04, // .{...........;..
	0x00, 0x7b, 0x01, 0x00, 0x00, 0x7c, 0x01, 0x00, 0x00, 0x01, 0x00, 0x00, 0x00, 0x20, 0x00, 0x04, // .{...|....... ..
	0x00, 0x7f, 0x01, 0x00, 0x00, 0x01, 0x00, 0x00, 0x00, 0x1d, 0x00, 0x00, 0x00, 0x3b, 0x00, 0x04, // .............;..
	0x00, 0x7f, 0x01, 0x00, 0x00, 0x80, 0x01, 0x00, 0x00, 0x01, 0x00, 0x00, 0x00, 0x2c, 0x00, 0x05, // .............,..
	0x00, 0x15, 0x00, 0x00, 0x00, 0x6d, 0x03, 0x00, 0x00, 0xa6, 0x00, 0x00, 0x00, 0xa6, 0x00, 0x00, // .....m..........
	0x00, 0x2c, 0x00, 0x05, 0x00, 0xa2, 0x00, 0x00, 0x00, 0x6e, 0x03, 0x00, 0x00, 0x6a, 0x00, 0x00, // .,.......n...j..
	0x00, 0x6a, 0x00, 0x00, 0x00, 0x2c, 0x00, 0x05, 0x00, 0xa2, 0x00, 0x00, 0x00, 0x6f, 0x03, 0x00, // .j...,.......o..
	0x00, 0x33, 0x01, 0x00, 0x00, 0x33, 0x01, 0x00, 0x00, 0x2c, 0x00, 0x05, 0x00, 0xa2, 0x00, 0x00, // .3...3...,......
	0x00, 0x70, 0x03, 0x00, 0x00, 0xe4, 0x00, 0x00, 0x00, 0xe4, 0x00, 0x00, 0x00, 0x36, 0x00, 0x05, // .p...........6..
	0x00, 0x02, 0x00, 0x00, 0x00, 0x04, 0x00, 0x00, 0x00, 0x00, 0x00, 0x00, 0x00, 0x03, 0x00, 0x00, // ................
	0x00, 0xf8, 0x00, 0x02, 0x00, 0x05, 0x00, 0x00, 0x00, 0x3d, 0x00, 0x04, 0x00, 0x06, 0x00, 0x00, // .........=......
	0x00, 0x3b, 0x00, 0x00, 0x00, 0x3a, 0x00, 0x00, 0x00, 0x3d, 0x00, 0x04, 0x00, 0x08, 0x00, 0x00, // .;...:...=......
	0x00, 0x3e, 0x00, 0x00, 0x00, 0x3d, 0x00, 0x00, 0x00, 0x3d, 0x00, 0x04, 0x00, 0x1c, 0x00, 0x00, // .>...=...=......
	0x00, 0x7d, 0x01, 0x00, 0x00, 0x7c, 0x01, 0x00, 0x00, 0x3d, 0x00, 0x04, 0x00, 0x1d, 0x00, 0x00, // .}...|...=......
	0x00, 0x81, 0x01, 0x00, 0x00, 0x80, 0x01, 0x00, 0x00, 0xf7, 0x00, 0x03, 0x00, 0x7b, 0x02, 0x00, // .............{..
	0x00, 0x00, 0x00, 0x00, 0x00, 0xfb, 0x00, 0x03, 0x00, 0x5d, 0x00, 0x00, 0x00, 0xd2, 0x01, 0x00, // .........]......
	0x00, 0xf8, 0x00, 0x02, 0x00, 0xd2, 0x01, 0x00, 0x00, 0x7c, 0x00, 0x04, 0x00, 0x26, 0x00, 0x00, // .........|...&..
	0x00, 0xd4, 0x01, 0x00, 0x00, 0x7d, 0x01, 0x00, 0x00, 0x7c, 0x00, 0x04, 0x00, 0x86, 0x00, 0x00, // .....}...|......
	0x00, 0xd6, 0x01, 0x00, 0x00, 0x81, 0x01, 0x00, 0x00, 0x41, 0x00, 0x06, 0x00, 0x8f, 0x00, 0x00, // .........A......
	0x00, 0xd7, 0x01, 0x00, 0x00, 0x8e, 0x00, 0x00, 0x00, 0x44, 0x00, 0x00, 0x00, 0x5d, 0x00, 0x00, // .........D...]..
	0x00, 0x3d, 0x00, 0x04, 0x00, 0x07, 0x00, 0x00, 0x00, 0xd8, 0x01, 0x00, 0x00, 0xd7, 0x01, 0x00, // .=..............
	0x00, 0x6d, 0x00, 0x04, 0x00, 0x26, 0x00, 0x00, 0x00, 0xd9, 0x01, 0x00, 0x00, 0xd8, 0x01, 0x00, // .m...&..........
	0x00, 0x41, 0x00, 0x06, 0x00, 0x8f, 0x00, 0x00, 0x00, 0xda, 0x01, 0x00, 0x00, 0x8e, 0x00, 0x00, // .A..............
	0x00, 0x44, 0x00, 0x00, 0x00, 0x64, 0x00, 0x00, 0x00, 0x3d, 0x00, 0x04, 0x00, 0x07, 0x00, 0x00, // .D...d...=......
	0x00, 0xdb, 0x01, 0x00, 0x00, 0xda, 0x01, 0x00, 0x00, 0x6d, 0x00, 0x04, 0x00, 0x26, 0x00, 0x00, // .........m...&..
	0x00, 0xdc, 0x01, 0x00, 0x00, 0xdb, 0x01, 0x00, 0x00, 0x41, 0x00, 0x05, 0x00, 0x99, 0x00, 0x00, // .........A......
	0x00, 0xdd, 0x01, 0x00, 0x00, 0x8e, 0x00, 0x00, 0x00, 0x44, 0x00, 0x00, 0x00, 0x3d, 0x00, 0x04, // .........D...=..
	0x00, 0x0e, 0x00, 0x00, 0x00, 0xde, 0x01, 0x00, 0x00, 0xdd, 0x01, 0x00, 0x00, 0x4f, 0x00, 0x07, // .............O..
	0x00, 0x15, 0x00, 0x00, 0x00, 0xdf, 0x01, 0x00, 0x00, 0xde, 0x01, 0x00, 0x00, 0xde, 0x01, 0x00, // ................
	0x00, 0x02, 0x00, 0x00, 0x00, 0x03, 0x00, 0x00, 0x00, 0x51, 0x00, 0x05, 0x00, 0x26, 0x00, 0x00, // .........Q...&..
	0x00, 0xe1, 0x01, 0x00, 0x00, 0xd6, 0x01, 0x00, 0x00, 0x02, 0x00, 0x00, 0x00, 0x4f, 0x00, 0x07, // .............O..
	0x00, 0xa2, 0x00, 0x00, 0x00, 0xe4, 0x01, 0x00, 0x00, 0xd6, 0x01, 0x00, 0x00, 0xd6, 0x01, 0x00, // ................
	0x00, 0x00, 0x00, 0x00, 0x00, 0x01, 0x00, 0x00, 0x00, 0x70, 0x00, 0x04, 0x00, 0x15, 0x00, 0x00, // .........p......
	0x00, 0xe5, 0x01, 0x00, 0x00, 0xe4, 0x01, 0x00, 0x00, 0x81, 0x00, 0x05, 0x00, 0x15, 0x00, 0x00, // ................
	0x00, 0xe7, 0x01, 0x00, 0x00, 0xe5, 0x01, 0x00, 0x00, 0x6d, 0x03, 0x00, 0x00, 0x85, 0x00, 0x05, // .........m......
	0x00, 0x15, 0x00, 0x00, 0x00, 0xe8, 0x01, 0x00, 0x00, 0xdf, 0x01, 0x00, 0x00, 0xe7, 0x01, 0x00, // ................
	0x00, 0x70, 0x00, 0x04, 0x00, 0x07, 0x00, 0x00, 0x00, 0xeb, 0x01, 0x00, 0x00, 0xe1, 0x01, 0x00, // .p..............
	0x00, 0x51, 0x00, 0x05, 0x00, 0x07, 0x00, 0x00, 0x00, 0xec, 0x01, 0x00, 0x00, 0xe8, 0x01, 0x00, // .Q..............
	0x00, 0x00, 0x00, 0x00, 0x00, 0x51, 0x00, 0x05, 0x00, 0x07, 0x00, 0x00, 0x00, 0xed, 0x01, 0x00, // .....Q..........
	0x00, 0xe8, 0x01, 0x00, 0x00, 0x01, 0x00, 0x00, 0x00, 0x50, 0x00, 0x06, 0x00, 0x0b, 0x00, 0x00, // .........P......
	0x00, 0xee, 0x01, 0x00, 0x00, 0xec, 0x01, 0x00, 0x00, 0xed, 0x01, 0x00, 0x00, 0xeb, 0x01, 0x00, // ................
	0x00, 0x70, 0x00, 0x04, 0x00, 0x07, 0x00, 0x00, 0x00, 0xf0, 0x01, 0x00, 0x00, 0xd9, 0x01, 0x00, // .p..............
	0x00, 0x56, 0x00, 0x05, 0x00, 0x48, 0x00, 0x00, 0x00, 0x86, 0x02, 0x00, 0x00, 0x3e, 0x00, 0x00, // .V...H.......>..
	0x00, 0x3b, 0x00, 0x00, 0x00, 0x58, 0x00, 0x07, 0x00, 0x0e, 0x00, 0x00, 0x00, 0x89, 0x02, 0x00, // .;...X..........
	0x00, 0x86, 0x02, 0x00, 0x00, 0xee, 0x01, 0x00, 0x00, 0x02, 0x00, 0x00, 0x00, 0xf0, 0x01, 0x00, // ................
	0x00, 0x7c, 0x00, 0x04, 0x00, 0xbe, 0x00, 0x00, 0x00, 0xf5, 0x01, 0x00, 0x00, 0xe4, 0x01, 0x00, // .|..............
	0x00, 0x7c, 0x00, 0x04, 0x00, 0x1c, 0x00, 0x00, 0x00, 0xf7, 0x01, 0x00, 0x00, 0xe1, 0x01, 0x00, // .|..............
	0x00, 0x51, 0x00, 0x05, 0x00, 0x1c, 0x00, 0x00, 0x00, 0xf8, 0x01, 0x00, 0x00, 0xf5, 0x01, 0x00, // .Q..............
	0x00, 0x00, 0x00, 0x00, 0x00, 0x51, 0x00, 0x05, 0x00, 0x1c, 0x00, 0x00, 0x00, 0xf9, 0x01, 0x00, // .....Q..........
	0x00, 0xf5, 0x01, 0x00, 0x00, 0x01, 0x00, 0x00, 0x00, 0x50, 0x00, 0x06, 0x00, 0x1d, 0x00, 0x00, // .........P......
	0x00, 0xfa, 0x01, 0x00, 0x00, 0xf8, 0x01, 0x00, 0x00, 0xf9, 0x01, 0x00, 0x00, 0xf7, 0x01, 0x00, // ................
	0x00, 0x3d, 0x00, 0x04, 0x00, 0xb9, 0x00, 0x00, 0x00, 0xfb, 0x01, 0x00, 0x00, 0xbb, 0x00, 0x00, // .=..............
	0x00, 0x63, 0x00, 0x04, 0x00, 0xfb, 0x01, 0x00, 0x00, 0xfa, 0x01, 0x00, 0x00, 0x89, 0x02, 0x00, // .c..............
	0x00, 0xaa, 0x00, 0x05, 0x00, 0xcc, 0x00, 0x00, 0x00, 0xff, 0x01, 0x00, 0x00, 0xdc, 0x01, 0x00, // ................
	0x00, 0x64, 0x00, 0x00, 0x00, 0xf7, 0x00, 0x03, 0x00, 0x01, 0x02, 0x00, 0x00, 0x00, 0x00, 0x00, // .d..............
	0x00, 0xfa, 0x00, 0x04, 0x00, 0xff, 0x01, 0x00, 0x00, 0x00, 0x02, 0x00, 0x00, 0x01, 0x02, 0x00, // ................
	0x00, 0xf8, 0x00, 0x02, 0x00, 0x00, 0x02, 0x00, 0x00, 0xf9, 0x00, 0x02, 0x00, 0x7b, 0x02, 0x00, // .............{..
	0x00, 0xf8, 0x00, 0x02, 0x00, 0x01, 0x02, 0x00, 0x00, 0x51, 0x00, 0x05, 0x00, 0x07, 0x00, 0x00, // .........Q......
	0x00, 0x93, 0x02, 0x00, 0x00, 0x89, 0x02, 0x00, 0x00, 0x00, 0x00, 0x00, 0x00, 0x41, 0x00, 0x05, // .............A..
	0x00, 0x60, 0x00, 0x00, 0x00, 0x94, 0x02, 0x00, 0x00, 0x5b, 0x00, 0x00, 0x00, 0xd4, 0x01, 0x00, // .`.......[......
	0x00, 0x3e, 0x00, 0x03, 0x00, 0x94, 0x02, 0x00, 0x00, 0x93, 0x02, 0x00, 0x00, 0x51, 0x00, 0x05, // .>...........Q..
	0x00, 0x07, 0x00, 0x00, 0x00, 0x97, 0x02, 0x00, 0x00, 0x89, 0x02, 0x00, 0x00, 0x01, 0x00, 0x00, // ................
	0x00, 0x41, 0x00, 0x05, 0x00, 0x60, 0x00, 0x00, 0x00, 0x98, 0x02, 0x00, 0x00, 0x62, 0x00, 0x00, // .A...`.......b..
	0x00, 0xd4, 0x01, 0x00, 0x00, 0x3e, 0x00, 0x03, 0x00, 0x98, 0x02, 0x00, 0x00, 0x97, 0x02, 0x00, // .....>..........
	0x00, 0x51, 0x00, 0x05, 0x00, 0x07, 0x00, 0x00, 0x00, 0x9b, 0x02, 0x00, 0x00, 0x89, 0x02, 0x00, // .Q..............
	0x00, 0x02, 0x00, 0x00, 0x00, 0x41, 0x00, 0x05, 0x00, 0x60, 0x00, 0x00, 0x00, 0x9c, 0x02, 0x00, // .....A...`......
	0x00, 0x68, 0x00, 0x00, 0x00, 0xd4, 0x01, 0x00, 0x00, 0x3e, 0x00, 0x03, 0x00, 0x9c, 0x02, 0x00, // .h.......>......
	0x00, 0x9b, 0x02, 0x00, 0x00, 0x51, 0x00, 0x05, 0x00, 0x07, 0x00, 0x00, 0x00, 0x9f, 0x02, 0x00, // .....Q..........
	0x00, 0x89, 0x02, 0x00, 0x00, 0x03, 0x00, 0x00, 0x00, 0x41, 0x00, 0x05, 0x00, 0x60, 0x00, 0x00, // .........A...`..
	0x00, 0xa0, 0x02, 0x00, 0x00, 0x6e, 0x00, 0x00, 0x00, 0xd4, 0x01, 0x00, 0x00, 0x3e, 0x00, 0x03, // .....n.......>..
	0x00, 0xa0, 0x02, 0x00, 0x00, 0x9f, 0x02, 0x00, 0x00, 0xe0, 0x00, 0x04, 0x00, 0x6a, 0x00, 0x00, // .............j..
	0x00, 0x6a, 0x00, 0x00, 0x00, 0xd6, 0x00, 0x00, 0x00, 0xc7, 0x00, 0x05, 0x00, 0x26, 0x00, 0x00, // .j...........&..
	0x00, 0x06, 0x02, 0x00, 0x00, 0xd4, 0x01, 0x00, 0x00, 0xd8, 0x00, 0x00, 0x00, 0xaa, 0x00, 0x05, // ................
	0x00, 0xcc, 0x00, 0x00, 0x00, 0x07, 0x02, 0x00, 0x00, 0x06, 0x02, 0x00, 0x00, 0x5d, 0x00, 0x00, // .............]..
	0x00, 0xf7, 0x00, 0x03, 0x00, 0x2a, 0x02, 0x00, 0x00, 0x00, 0x00, 0x00, 0x00, 0xfa, 0x00, 0x04, // .....*..........
	0x00, 0x07, 0x02, 0x00, 0x00, 0x08, 0x02, 0x00, 0x00, 0x2a, 0x02, 0x00, 0x00, 0xf8, 0x00, 0x02, // .........*......
	0x00, 0x08, 0x02, 0x00, 0x00, 0x80, 0x00, 0x05, 0x00, 0x26, 0x00, 0x00, 0x00, 0x0a, 0x02, 0x00, // .........&......
	0x00, 0xd4, 0x01, 0x00, 0x00, 0x64, 0x00, 0x00, 0x00, 0x41, 0x00, 0x05, 0x00, 0x60, 0x00, 0x00, // .....d...A...`..
	0x00, 0xa4, 0x02, 0x00, 0x00, 0x5b, 0x00, 0x00, 0x00, 0x0a, 0x02, 0x00, 0x00, 0x3d, 0x00, 0x04, // .....[.......=..
	0x00, 0x07, 0x00, 0x00, 0x00, 0xa5, 0x02, 0x00, 0x00, 0xa4, 0x02, 0x00, 0x00, 0x41, 0x00, 0x05, // .............A..
	0x00, 0x60, 0x00, 0x00, 0x00, 0xa7, 0x02, 0x00, 0x00, 0x62, 0x00, 0x00, 0x00, 0x0a, 0x02, 0x00, // .`.......b......
	0x00, 0x3d, 0x00, 0x04, 0x00, 0x07, 0x00, 0x00, 0x00, 0xa8, 0x02, 0x00, 0x00, 0xa7, 0x02, 0x00, // .=..............
	0x00, 0x41, 0x00, 0x05, 0x00, 0x60, 0x00, 0x00, 0x00, 0xaa, 0x02, 0x00, 0x00, 0x68, 0x00, 0x00, // .A...`.......h..
	0x00, 0x0a, 0x02, 0x00, 0x00, 0x3d, 0x00, 0x04, 0x00, 0x07, 0x00, 0x00, 0x00, 0xab, 0x02, 0x00, // .....=..........
	0x00, 0xaa, 0x02, 0x00, 0x00, 0x41, 0x00, 0x05, 0x00, 0x60, 0x00, 0x00, 0x00, 0xad, 0x02, 0x00, // .....A...`......
	0x00, 0x6e, 0x00, 0x00, 0x00, 0x0a, 0x02, 0x00, 0x00, 0x3d, 0x00, 0x04, 0x00, 0x07, 0x00, 0x00, // .n.......=......
	0x00, 0xae, 0x02, 0x00, 0x00, 0xad, 0x02, 0x00, 0x00, 0x50, 0x00, 0x07, 0x00, 0x0e, 0x00, 0x00, // .........P......
	0x00, 0xaf, 0x02, 0x00, 0x00, 0xa5, 0x02, 0x00, 0x00, 0xa8, 0x02, 0x00, 0x00, 0xab, 0x02, 0x00, // ................
	0x00, 0xae, 0x02, 0x00, 0x00, 0x80, 0x00, 0x05, 0x00, 0x26, 0x00, 0x00, 0x00, 0x0d, 0x02, 0x00, // .........&......
	0x00, 0xd4, 0x01, 0x00, 0x00, 0xe4, 0x00, 0x00, 0x00, 0x41, 0x00, 0x05, 0x00, 0x60, 0x00, 0x00, // .........A...`..
	0x00, 0xb3, 0x02, 0x00, 0x00, 0x5b, 0x00, 0x00, 0x00, 0x0d, 0x02, 0x00, 0x00, 0x3d, 0x00, 0x04, // .....[.......=..
	0x00, 0x07, 0x00, 0x00, 0x00, 0xb4, 0x02, 0x00, 0x00, 0xb3, 0x02, 0x00, 0x00, 0x41, 0x00, 0x05, // .............A..
	0x00, 0x60, 0x00, 0x00, 0x00, 0xb6, 0x02, 0x00, 0x00, 0x62, 0x00, 0x00, 0x00, 0x0d, 0x02, 0x00, // .`.......b......
	0x00, 0x3d, 0x00, 0x04, 0x00, 0x07, 0x00, 0x00, 0x00, 0xb7, 0x02, 0x00, 0x00, 0xb6, 0x02, 0x00, // .=..............
	0x00, 0x41, 0x00, 0x05, 0x00, 0x60, 0x00, 0x00, 0x00, 0xb9, 0x02, 0x00, 0x00, 0x68, 0x00, 0x00, // .A...`.......h..
	0x00, 0x0d, 0x02, 0x00, 0x00, 0x3d, 0x00, 0x04, 0x00, 0x07, 0x00, 0x00, 0x00, 0xba, 0x02, 0x00, // .....=..........
	0x00, 0xb9, 0x02, 0x00, 0x00, 0x41, 0x00, 0x05, 0x00, 0x60, 0x00, 0x00, 0x00, 0xbc, 0x02, 0x00, // .....A...`......
	0x00, 0x6e, 0x00, 0x00, 0x00, 0x0d, 0x02, 0x00, 0x00, 0x3d, 0x00, 0x04, 0x00, 0x07, 0x00, 0x00, // .n.......=......
	0x00, 0xbd, 0x02, 0x00, 0x00, 0xbc, 0x02, 0x00, 0x00, 0x50, 0x00, 0x07, 0x00, 0x0e, 0x00, 0x00, // .........P......
	0x00, 0xbe, 0x02, 0x00, 0x00, 0xb4, 0x02, 0x00, 0x00, 0xb7, 0x02, 0x00, 0x00, 0xba, 0x02, 0x00, // ................
	0x00, 0xbd, 0x02, 0x00, 0x00, 0x80, 0x00, 0x05, 0x00, 0x26, 0x00, 0x00, 0x00, 0x10, 0x02, 0x00, // .........&......
	0x00, 0xd4, 0x01, 0x00, 0x00, 0xd8, 0x00, 0x00, 0x00, 0x41, 0x00, 0x05, 0x00, 0x60, 0x00, 0x00, // .........A...`..
	0x00, 0xc2, 0x02, 0x00, 0x00, 0x5b, 0x00, 0x00, 0x00, 0x10, 0x02, 0x00, 0x00, 0x3d, 0x00, 0x04, // .....[.......=..
	0x00, 0x07, 0x00, 0x00, 0x00, 0xc3, 0x02, 0x00, 0x00, 0xc2, 0x02, 0x00, 0x00, 0x41, 0x00, 0x05, // .............A..
	0x00, 0x60, 0x00, 0x00, 0x00, 0xc5, 0x02, 0x00, 0x00, 0x62, 0x00, 0x00, 0x00, 0x10, 0x02, 0x00, // .`.......b......
	0x00, 0x3d, 0x00, 0x04, 0x00, 0x07, 0x00, 0x00, 0x00, 0xc6, 0x02, 0x00, 0x00, 0xc5, 0x02, 0x00, // .=..............
	0x00, 0x41, 0x00, 0x05, 0x00, 0x60, 0x00, 0x00, 0x00, 0xc8, 0x02, 0x00, 0x00, 0x68, 0x00, 0x00, // .A...`.......h..
	0x00, 0x10, 0x02, 0x00, 0x00, 0x3d, 0x00, 0x04, 0x00, 0x07, 0x00, 0x00, 0x00, 0xc9, 0x02, 0x00, // .....=..........
	0x00, 0xc8, 0x02, 0x00, 0x00, 0x41, 0x00, 0x05, 0x00, 0x60, 0x00, 0x00, 0x00, 0xcb, 0x02, 0x00, // .....A...`......
	0x00, 0x6e, 0x00, 0x00, 0x00, 0x10, 0x02, 0x00, 0x00, 0x3d, 0x00, 0x04, 0x00, 0x07, 0x00, 0x00, // .n.......=......
	0x00, 0xcc, 0x02, 0x00, 0x00, 0xcb, 0x02, 0x00, 0x00, 0x50, 0x00, 0x07, 0x00, 0x0e, 0x00, 0x00, // .........P......
	0x00, 0xcd, 0x02, 0x00, 0x00, 0xc3, 0x02, 0x00, 0x00, 0xc6, 0x02, 0x00, 0x00, 0xc9, 0x02, 0x00, // ................
	0x00, 0xcc, 0x02, 0x00, 0x00, 0x81, 0x00, 0x05, 0x00, 0x0e, 0x00, 0x00, 0x00, 0x14, 0x02, 0x00, // ................
	0x00, 0x89, 0x02, 0x00, 0x00, 0xaf, 0x02, 0x00, 0x00, 0x81, 0x00, 0x05, 0x00, 0x0e, 0x00, 0x00, // ................
	0x00, 0x16, 0x02, 0x00, 0x00, 0x14, 0x02, 0x00, 0x00, 0xbe, 0x02, 0x00, 0x00, 0x81, 0x00, 0x05, // ................
	0x00, 0x0e, 0x00, 0x00, 0x00, 0x18, 0x02, 0x00, 0x00, 0x16, 0x02, 0x00, 0x00, 0xcd, 0x02, 0x00, // ................
	0x00, 0x8e, 0x00, 0x05, 0x00, 0x0e, 0x00, 0x00, 0x00, 0x19, 0x02, 0x00, 0x00, 0x18, 0x02, 0x00, // ................
	0x00, 0xed, 0x00, 0x00, 0x00, 0x86, 0x00, 0x05, 0x00, 0xa2, 0x00, 0x00, 0x00, 0x1d, 0x02, 0x00, // ................
	0x00, 0xe4, 0x01, 0x00, 0x00, 0x6e, 0x03, 0x00, 0x00, 0x7c, 0x00, 0x04, 0x00, 0xbe, 0x00, 0x00, // .....n...|......
	0x00, 0x1e, 0x02, 0x00, 0x00, 0x1d, 0x02, 0x00, 0x00, 0x51, 0x00, 0x05, 0x00, 0x1c, 0x00, 0x00, // .........Q......
	0x00, 0x21, 0x02, 0x00, 0x00, 0x1e, 0x02, 0x00, 0x00, 0x00, 0x00, 0x00, 0x00, 0x51, 0x00, 0x05, // .!...........Q..
	0x00, 0x1c, 0x00, 0x00, 0x00, 0x22, 0x02, 0x00, 0x00, 0x1e, 0x02, 0x00, 0x00, 0x01, 0x00, 0x00, // ....."..........
	0x00, 0x50, 0x00, 0x06, 0x00, 0x1d, 0x00, 0x00, 0x00, 0x23, 0x02, 0x00, 0x00, 0x21, 0x02, 0x00, // .P.......#...!..
	0x00, 0x22, 0x02, 0x00, 0x00, 0xf7, 0x01, 0x00, 0x00, 0x3d, 0x00, 0x04, 0x00, 0xb9, 0x00, 0x00, // .".......=......
	0x00, 0x24, 0x02, 0x00, 0x00, 0xf6, 0x00, 0x00, 0x00, 0x63, 0x00, 0x04, 0x00, 0x24, 0x02, 0x00, // .$.......c...$..
	0x00, 0x23, 0x02, 0x00, 0x00, 0x19, 0x02, 0x00, 0x00, 0x51, 0x00, 0x05, 0x00, 0x07, 0x00, 0x00, // .#.......Q......
	0x00, 0xd7, 0x02, 0x00, 0x00, 0x19, 0x02, 0x00, 0x00, 0x00, 0x00, 0x00, 0x00, 0x3e, 0x00, 0x03, // .............>..
	0x00, 0x94, 0x02, 0x00, 0x00, 0xd7, 0x02, 0x00, 0x00, 0x51, 0x00, 0x05, 0x00, 0x07, 0x00, 0x00, // .........Q......
	0x00, 0xdb, 0x02, 0x00, 0x00, 0x19, 0x02, 0x00, 0x00, 0x01, 0x00, 0x00, 0x00, 0x3e, 0x00, 0x03, // .............>..
	0x00, 0x98, 0x02, 0x00, 0x00, 0xdb, 0x02, 0x00, 0x00, 0x51, 0x00, 0x05, 0x00, 0x07, 0x00, 0x00, // .........Q......
	0x00, 0xdf, 0x02, 0x00, 0x00, 0x19, 0x02, 0x00, 0x00, 0x02, 0x00, 0x00, 0x00, 0x3e, 0x00, 0x03, // .............>..
	0x00, 0x9c, 0x02, 0x00, 0x00, 0xdf, 0x02, 0x00, 0x00, 0x51, 0x00, 0x05, 0x00, 0x07, 0x00, 0x00, // .........Q......
	0x00, 0xe3, 0x02, 0x00, 0x00, 0x19, 0x02, 0x00, 0x00, 0x03, 0x00, 0x00, 0x00, 0x3e, 0x00, 0x03, // .............>..
	0x00, 0xa0, 0x02, 0x00, 0x00, 0xe3, 0x02, 0x00, 0x00, 0xf9, 0x00, 0x02, 0x00, 0x2a, 0x02, 0x00, // .............*..
	0x00, 0xf8, 0x00, 0x02, 0x00, 0x2a, 0x02, 0x00, 0x00, 0xf5, 0x00, 0x07, 0x00, 0x0e, 0x00, 0x00, // .....*..........
	0x00, 0x71, 0x03, 0x00, 0x00, 0x89, 0x02, 0x00, 0x00, 0x01, 0x02, 0x00, 0x00, 0x19, 0x02, 0x00, // .q..............
	0x00, 0x08, 0x02, 0x00, 0x00, 0xaa, 0x00, 0x05, 0x00, 0xcc, 0x00, 0x00, 0x00, 0x2c, 0x02, 0x00, // .............,..
	0x00, 0xdc, 0x01, 0x00, 0x00, 0x6a, 0x00, 0x00, 0x00, 0xf7, 0x00, 0x03, 0x00, 0x2e, 0x02, 0x00, // .....j..........
	0x00, 0x00, 0x00, 0x00, 0x00, 0xfa, 0x00, 0x04, 0x00, 0x2c, 0x02, 0x00, 0x00, 0x2d, 0x02, 0x00, // .........,...-..
	0x00, 0x2e, 0x02, 0x00, 0x00, 0xf8, 0x00, 0x02, 0x00, 0x2d, 0x02, 0x00, 0x00, 0xf9, 0x00, 0x02, // .........-......
	0x00, 0x7b, 0x02, 0x00, 0x00, 0xf8, 0x00, 0x02, 0x00, 0x2e, 0x02, 0x00, 0x00, 0xe0, 0x00, 0x04, // .{..............
	0x00, 0x6a, 0x00, 0x00, 0x00, 0x6a, 0x00, 0x00, 0x00, 0xd6, 0x00, 0x00, 0x00, 0xc7, 0x00, 0x05, // .j...j..........
	0x00, 0x26, 0x00, 0x00, 0x00, 0x30, 0x02, 0x00, 0x00, 0xd4, 0x01, 0x00, 0x00, 0x12, 0x01, 0x00, // .&...0..........
	0x00, 0xaa, 0x00, 0x05, 0x00, 0xcc, 0x00, 0x00, 0x00, 0x31, 0x02, 0x00, 0x00, 0x30, 0x02, 0x00, // .........1...0..
	0x00, 0x5d, 0x00, 0x00, 0x00, 0xf7, 0x00, 0x03, 0x00, 0x54, 0x02, 0x00, 0x00, 0x00, 0x00, 0x00, // .].......T......
	0x00, 0xfa, 0x00, 0x04, 0x00, 0x31, 0x02, 0x00, 0x00, 0x32, 0x02, 0x00, 0x00, 0x54, 0x02, 0x00, // .....1...2...T..
	0x00, 0xf8, 0x00, 0x02, 0x00, 0x32, 0x02, 0x00, 0x00, 0x80, 0x00, 0x05, 0x00, 0x26, 0x00, 0x00, // .....2.......&..
	0x00, 0x34, 0x02, 0x00, 0x00, 0xd4, 0x01, 0x00, 0x00, 0x6a, 0x00, 0x00, 0x00, 0x41, 0x00, 0x05, // .4.......j...A..
	0x00, 0x60, 0x00, 0x00, 0x00, 0xe8, 0x02, 0x00, 0x00, 0x5b, 0x00, 0x00, 0x00, 0x34, 0x02, 0x00, // .`.......[...4..
	0x00, 0x3d, 0x00, 0x04, 0x00, 0x07, 0x00, 0x00, 0x00, 0xe9, 0x02, 0x00, 0x00, 0xe8, 0x02, 0x00, // .=..............
	0x00, 0x41, 0x00, 0x05, 0x00, 0x60, 0x00, 0x00, 0x00, 0xeb, 0x02, 0x00, 0x00, 0x62, 0x00, 0x00, // .A...`.......b..
	0x00, 0x34, 0x02, 0x00, 0x00, 0x3d, 0x00, 0x04, 0x00, 0x07, 0x00, 0x00, 0x00, 0xec, 0x02, 0x00, // .4...=..........
	0x00, 0xeb, 0x02, 0x00, 0x00, 0x41, 0x00, 0x05, 0x00, 0x60, 0x00, 0x00, 0x00, 0xee, 0x02, 0x00, // .....A...`......
	0x00, 0x68, 0x00, 0x00, 0x00, 0x34, 0x02, 0x00, 0x00, 0x3d, 0x00, 0x04, 0x00, 0x07, 0x00, 0x00, // .h...4...=......
	0x00, 0xef, 0x02, 0x00, 0x00, 0xee, 0x02, 0x00, 0x00, 0x41, 0x00, 0x05, 0x00, 0x60, 0x00, 0x00, // .........A...`..
	0x00, 0xf1, 0x02, 0x00, 0x00, 0x6e, 0x00, 0x00, 0x00, 0x34, 0x02, 0x00, 0x00, 0x3d, 0x00, 0x04, // .....n...4...=..
	0x00, 0x07, 0x00, 0x00, 0x00, 0xf2, 0x02, 0x00, 0x00, 0xf1, 0x02, 0x00, 0x00, 0x50, 0x00, 0x07, // .............P..
	0x00, 0x0e, 0x00, 0x00, 0x00, 0xf3, 0x02, 0x00, 0x00, 0xe9, 0x02, 0x00, 0x00, 0xec, 0x02, 0x00, // ................
	0x00, 0xef, 0x02, 0x00, 0x00, 0xf2, 0x02, 0x00, 0x00, 0x80, 0x00, 0x05, 0x00, 0x26, 0x00, 0x00, // .............&..
	0x00, 0x37, 0x02, 0x00, 0x00, 0xd4, 0x01, 0x00, 0x00, 0x1e, 0x01, 0x00, 0x00, 0x41, 0x00, 0x05, // .7...........A..
	0x00, 0x60, 0x00, 0x00, 0x00, 0xf7, 0x02, 0x00, 0x00, 0x5b, 0x00, 0x00, 0x00, 0x37, 0x02, 0x00, // .`.......[...7..
	0x00, 0x3d, 0x00, 0x04, 0x00, 0x07, 0x00, 0x00, 0x00, 0xf8, 0x02, 0x00, 0x00, 0xf7, 0x02, 0x00, // .=..............
	0x00, 0x41, 0x00, 0x05, 0x00, 0x60, 0x00, 0x00, 0x00, 0xfa, 0x02, 0x00, 0x00, 0x62, 0x00, 0x00, // .A...`.......b..
	0x00, 0x37, 0x02, 0x00, 0x00, 0x3d, 0x00, 0x04, 0x00, 0x07, 0x00, 0x00, 0x00, 0xfb, 0x02, 0x00, // .7...=..........
	0x00, 0xfa, 0x02, 0x00, 0x00, 0x41, 0x00, 0x05, 0x00, 0x60, 0x00, 0x00, 0x00, 0xfd, 0x02, 0x00, // .....A...`......
	0x00, 0x68, 0x00, 0x00, 0x00, 0x37, 0x02, 0x00, 0x00, 0x3d, 0x00, 0x04, 0x00, 0x07, 0x00, 0x00, // .h...7...=......
	0x00, 0xfe, 0x02, 0x00, 0x00, 0xfd, 0x02, 0x00, 0x00, 0x41, 0x00, 0x05, 0x00, 0x60, 0x00, 0x00, // .........A...`..
	0x00, 0x00, 0x03, 0x00, 0x00, 0x6e, 0x00, 0x00, 0x00, 0x37, 0x02, 0x00, 0x00, 0x3d, 0x00, 0x04, // .....n...7...=..
	0x00, 0x07, 0x00, 0x00, 0x00, 0x01, 0x03, 0x00, 0x00, 0x00, 0x03, 0x00, 0x00, 0x50, 0x00, 0x07, // .............P..
	0x00, 0x0e, 0x00, 0x00, 0x00, 0x02, 0x03, 0x00, 0x00, 0xf8, 0x02, 0x00, 0x00, 0xfb, 0x02, 0x00, // ................
	0x00, 0xfe, 0x02, 0x00, 0x00, 0x01, 0x03, 0x00, 0x00, 0x80, 0x00, 0x05, 0x00, 0x26, 0x00, 0x00, // .............&..
	0x00, 0x3a, 0x02, 0x00, 0x00, 0xd4, 0x01, 0x00, 0x00, 0x24, 0x01, 0x00, 0x00, 0x41, 0x00, 0x05, // .:.......$...A..
	0x00, 0x60, 0x00, 0x00, 0x00, 0x06, 0x03, 0x00, 0x00, 0x5b, 0x00, 0x00, 0x00, 0x3a, 0x02, 0x00, // .`.......[...:..
	0x00, 0x3d, 0x00, 0x04, 0x00, 0x07, 0x00, 0x00, 0x00, 0x07, 0x03, 0x00, 0x00, 0x06, 0x03, 0x00, // .=..............
	0x00, 0x41, 0x00, 0x05, 0x00, 0x60, 0x00, 0x00, 0x00, 0x09, 0x03, 0x00, 0x00, 0x62, 0x00, 0x00, // .A...`.......b..
	0x00, 0x3a, 0x02, 0x00, 0x00, 0x3d, 0x00, 0x04, 0x00, 0x07, 0x00, 0x00, 0x00, 0x0a, 0x03, 0x00, // .:...=..........
	0x00, 0x09, 0x03, 0x00, 0x00, 0x41, 0x00, 0x05, 0x00, 0x60, 0x00, 0x00, 0x00, 0x0c, 0x03, 0x00, // .....A...`......
	0x00, 0x68, 0x00, 0x00, 0x00, 0x3a, 0x02, 0x00, 0x00, 0x3d, 0x00, 0x04, 0x00, 0x07, 0x00, 0x00, // .h...:...=......
	0x00, 0x0d, 0x03, 0x00, 0x00, 0x0c, 0x03, 0x00, 0x00, 0x41, 0x00, 0x05, 0x00, 0x60, 0x00, 0x00, // .........A...`..
	0x00, 0x0f, 0x03, 0x00, 0x00, 0x6e, 0x00, 0x00, 0x00, 0x3a, 0x02, 0x00, 0x00, 0x3d, 0x00, 0x04, // .....n...:...=..
	0x00, 0x07, 0x00, 0x00, 0x00, 0x10, 0x03, 0x00, 0x00, 0x0f, 0x03, 0x00, 0x00, 0x50, 0x00, 0x07, // .............P..
	0x00, 0x0e, 0x00, 0x00, 0x00, 0x11, 0x03, 0x00, 0x00, 0x07, 0x03, 0x00, 0x00, 0x0a, 0x03, 0x00, // ................
	0x00, 0x0d, 0x03, 0x00, 0x00, 0x10, 0x03, 0x00, 0x00, 0x81, 0x00, 0x05, 0x00, 0x0e, 0x00, 0x00, // ................
	0x00, 0x3e, 0x02, 0x00, 0x00, 0x71, 0x03, 0x00, 0x00, 0xf3, 0x02, 0x00, 0x00, 0x81, 0x00, 0x05, // .>...q..........
	0x00, 0x0e, 0x00, 0x00, 0x00, 0x40, 0x02, 0x00, 0x00, 0x3e, 0x02, 0x00, 0x00, 0x02, 0x03, 0x00, // .....@...>......
	0x00, 0x81, 0x00, 0x05, 0x00, 0x0e, 0x00, 0x00, 0x00, 0x42, 0x02, 0x00, 0x00, 0x40, 0x02, 0x00, // .........B...@..
	0x00, 0x11, 0x03, 0x00, 0x00, 0x8e, 0x00, 0x05, 0x00, 0x0e, 0x00, 0x00, 0x00, 0x43, 0x02, 0x00, // .............C..
	0x00, 0x42, 0x02, 0x00, 0x00, 0xed, 0x00, 0x00, 0x00, 0x86, 0x00, 0x05, 0x00, 0xa2, 0x00, 0x00, // .B..............
	0x00, 0x47, 0x02, 0x00, 0x00, 0xe4, 0x01, 0x00, 0x00, 0x6f, 0x03, 0x00, 0x00, 0x7c, 0x00, 0x04, // .G.......o...|..
	0x00, 0xbe, 0x00, 0x00, 0x00, 0x48, 0x02, 0x00, 0x00, 0x47, 0x02, 0x00, 0x00, 0x51, 0x00, 0x05, // .....H...G...Q..
	0x00, 0x1c, 0x00, 0x00, 0x00, 0x4b, 0x02, 0x00, 0x00, 0x48, 0x02, 0x00, 0x00, 0x00, 0x00, 0x00, // .....K...H......
	0x00, 0x51, 0x00, 0x05, 0x00, 0x1c, 0x00, 0x00, 0x00, 0x4c, 0x02, 0x00, 0x00, 0x48, 0x02, 0x00, // .Q.......L...H..
	0x00, 0x01, 0x00, 0x00, 0x00, 0x50, 0x00, 0x06, 0x00, 0x1d, 0x00, 0x00, 0x00, 0x4d, 0x02, 0x00, // .....P.......M..
	0x00, 0x4b, 0x02, 0x00, 0x00, 0x4c, 0x02, 0x00, 0x00, 0xf7, 0x01, 0x00, 0x00, 0x3d, 0x00, 0x04, // .K...L.......=..
	0x00, 0xb9, 0x00, 0x00, 0x00, 0x4e, 0x02, 0x00, 0x00, 0x30, 0x01, 0x00, 0x00, 0x63, 0x00, 0x04, // .....N...0...c..
	0x00, 0x4e, 0x02, 0x00, 0x00, 0x4d, 0x02, 0x00, 0x00, 0x43, 0x02, 0x00, 0x00, 0x51, 0x00, 0x05, // .N...M...C...Q..
	0x00, 0x07, 0x00, 0x00, 0x00, 0x1b, 0x03, 0x00, 0x00, 0x43, 0x02, 0x00, 0x00, 0x00, 0x00, 0x00, // .........C......
	0x00, 0x3e, 0x00, 0x03, 0x00, 0x94, 0x02, 0x00, 0x00, 0x1b, 0x03, 0x00, 0x00, 0x51, 0x00, 0x05, // .>...........Q..
	0x00, 0x07, 0x00, 0x00, 0x00, 0x1f, 0x03, 0x00, 0x00, 0x43, 0x02, 0x00, 0x00, 0x01, 0x00, 0x00, // .........C......
	0x00, 0x3e, 0x00, 0x03, 0x00, 0x98, 0x02, 0x00, 0x00, 0x1f, 0x03, 0x00, 0x00, 0x51, 0x00, 0x05, // .>...........Q..
	0x00, 0x07, 0x00, 0x00, 0x00, 0x23, 0x03, 0x00, 0x00, 0x43, 0x02, 0x00, 0x00, 0x02, 0x00, 0x00, // .....#...C......
	0x00, 0x3e, 0x00, 0x03, 0x00, 0x9c, 0x02, 0x00, 0x00, 0x23, 0x03, 0x00, 0x00, 0x51, 0x00, 0x05, // .>.......#...Q..
	0x00, 0x07, 0x00, 0x00, 0x00, 0x27, 0x03, 0x00, 0x00, 0x43, 0x02, 0x00, 0x00, 0x03, 0x00, 0x00, // .....'...C......
	0x00, 0x3e, 0x00, 0x03, 0x00, 0xa0, 0x02, 0x00, 0x00, 0x27, 0x03, 0x00, 0x00, 0xf9, 0x00, 0x02, // .>.......'......
	0x00, 0x54, 0x02, 0x00, 0x00, 0xf8, 0x00, 0x02, 0x00, 0x54, 0x02, 0x00, 0x00, 0xf5, 0x00, 0x07, // .T.......T......
	0x00, 0x0e, 0x00, 0x00, 0x00, 0x72, 0x03, 0x00, 0x00, 0x71, 0x03, 0x00, 0x00, 0x2e, 0x02, 0x00, // .....r...q......
	0x00, 0x43, 0x02, 0x00, 0x00, 0x32, 0x02, 0x00, 0x00, 0xaa, 0x00, 0x05, 0x00, 0xcc, 0x00, 0x00, // .C...2..........
	0x00, 0x56, 0x02, 0x00, 0x00, 0xdc, 0x01, 0x00, 0x00, 0x70, 0x00, 0x00, 0x00, 0xf7, 0x00, 0x03, // .V.......p......
	0x00, 0x58, 0x02, 0x00, 0x00, 0x00, 0x00, 0x00, 0x00, 0xfa, 0x00, 0x04, 0x00, 0x56, 0x02, 0x00, // .X...........V..
	0x00, 0x57, 0x02, 0x00, 0x00, 0x58, 0x02, 0x00, 0x00, 0xf8, 0x00, 0x02, 0x00, 0x57, 0x02, 0x00, // .W...X.......W..
	0x00, 0xf9, 0x00, 0x02, 0x00, 0x7b, 0x02, 0x00, 0x00, 0xf8, 0x00, 0x02, 0x00, 0x58, 0x02, 0x00, // .....{.......X..
	0x00, 0xe0, 0x00, 0x04, 0x00, 0x6a, 0x00, 0x00, 0x00, 0x6a, 0x00, 0x00, 0x00, 0xd6, 0x00, 0x00, // .....j...j......
	0x00, 0xaa, 0x00, 0x05, 0x00, 0xcc, 0x00, 0x00, 0x00, 0x5a, 0x02, 0x00, 0x00, 0xd4, 0x01, 0x00, // .........Z......
	0x00, 0x5d, 0x00, 0x00, 0x00, 0xf7, 0x00, 0x03, 0x00, 0x7a, 0x02, 0x00, 0x00, 0x00, 0x00, 0x00, // .].......z......
	0x00, 0xfa, 0x00, 0x04, 0x00, 0x5a, 0x02, 0x00, 0x00, 0x5b, 0x02, 0x00, 0x00, 0x7a, 0x02, 0x00, // .....Z...[...z..
	0x00, 0xf8, 0x00, 0x02, 0x00, 0x5b, 0x02, 0x00, 0x00, 0x80, 0x00, 0x05, 0x00, 0x26, 0x00, 0x00, // .....[.......&..
	0x00, 0x5d, 0x02, 0x00, 0x00, 0xd4, 0x01, 0x00, 0x00, 0x33, 0x01, 0x00, 0x00, 0x41, 0x00, 0x05, // .].......3...A..
	0x00, 0x60, 0x00, 0x00, 0x00, 0x2c, 0x03, 0x00, 0x00, 0x5b, 0x00, 0x00, 0x00, 0x5d, 0x02, 0x00, // .`...,...[...]..
	0x00, 0x3d, 0x00, 0x04, 0x00, 0x07, 0x00, 0x00, 0x00, 0x2d, 0x03, 0x00, 0x00, 0x2c, 0x03, 0x00, // .=.......-...,..
	0x00, 0x41, 0x00, 0x05, 0x00, 0x60, 0x00, 0x00, 0x00, 0x2f, 0x03, 0x00, 0x00, 0x62, 0x00, 0x00, // .A...`.../...b..
	0x00, 0x5d, 0x02, 0x00, 0x00, 0x3d, 0x00, 0x04, 0x00, 0x07, 0x00, 0x00, 0x00, 0x30, 0x03, 0x00, // .]...=.......0..
	0x00, 0x2f, 0x03, 0x00, 0x00, 0x41, 0x00, 0x05, 0x00, 0x60, 0x00, 0x00, 0x00, 0x32, 0x03, 0x00, // ./...A...`...2..
	0x00, 0x68, 0x00, 0x00, 0x00, 0x5d, 0x02, 0x00, 0x00, 0x3d, 0x00, 0x04, 0x00, 0x07, 0x00, 0x00, // .h...]...=......
	0x00, 0x33, 0x03, 0x00, 0x00, 0x32, 0x03, 0x00, 0x00, 0x41, 0x00, 0x05, 0x00, 0x60, 0x00, 0x00, // .3...2...A...`..
	0x00, 0x35, 0x03, 0x00, 0x00, 0x6e, 0x00, 0x00, 0x00, 0x5d, 0x02, 0x00, 0x00, 0x3d, 0x00, 0x04, // .5...n...]...=..
	0x00, 0x07, 0x00, 0x00, 0x00, 0x36, 0x03, 0x00, 0x00, 0x35, 0x03, 0x00, 0x00, 0x50, 0x00, 0x07, // .....6...5...P..
	0x00, 0x0e, 0x00, 0x00, 0x00, 0x37, 0x03, 0x00, 0x00, 0x2d, 0x03, 0x00, 0x00, 0x30, 0x03, 0x00, // .....7...-...0..
	0x00, 0x33, 0x03, 0x00, 0x00, 0x36, 0x03, 0x00, 0x00, 0x80, 0x00, 0x05, 0x00, 0x26, 0x00, 0x00, // .3...6.......&..
	0x00, 0x60, 0x02, 0x00, 0x00, 0xd4, 0x01, 0x00, 0x00, 0x57, 0x01, 0x00, 0x00, 0x41, 0x00, 0x05, // .`.......W...A..
	0x00, 0x60, 0x00, 0x00, 0x00, 0x3b, 0x03, 0x00, 0x00, 0x5b, 0x00, 0x00, 0x00, 0x60, 0x02, 0x00, // .`...;...[...`..
	0x00, 0x3d, 0x00, 0x04, 0x00, 0x07, 0x00, 0x00, 0x00, 0x3c, 0x03, 0x00, 0x00, 0x3b, 0x03, 0x00, // .=.......<...;..
	0x00, 0x41, 0x00, 0x05, 0x00, 0x60, 0x00, 0x00, 0x00, 0x3e, 0x03, 0x00, 0x00, 0x62, 0x00, 0x00, // .A...`...>...b..
	0x00, 0x60, 0x02, 0x00, 0x00, 0x3d, 0x00, 0x04, 0x00, 0x07, 0x00, 0x00, 0x00, 0x3f, 0x03, 0x00, // .`...=.......?..
	0x00, 0x3e, 0x03, 0x00, 0x00, 0x41, 0x00, 0x05, 0x00, 0x60, 0x00, 0x00, 0x00, 0x41, 0x03, 0x00, // .>...A...`...A..
	0x00, 0x68, 0x00, 0x00, 0x00, 0x60, 0x02, 0x00, 0x00, 0x3d, 0x00, 0x04, 0x00, 0x07, 0x00, 0x00, // .h...`...=......
	0x00, 0x42, 0x03, 0x00, 0x00, 0x41, 0x03, 0x00, 0x00, 0x41, 0x00, 0x05, 0x00, 0x60, 0x00, 0x00, // .B...A...A...`..
	0x00, 0x44, 0x03, 0x00, 0x00, 0x6e, 0x00, 0x00, 0x00, 0x60, 0x02, 0x00, 0x00, 0x3d, 0x00, 0x04, // .D...n...`...=..
	0x00, 0x07, 0x00, 0x00, 0x00, 0x45, 0x03, 0x00, 0x00, 0x44, 0x03, 0x00, 0x00, 0x50, 0x00, 0x07, // .....E...D...P..
	0x00, 0x0e, 0x00, 0x00, 0x00, 0x46, 0x03, 0x00, 0x00, 0x3c, 0x03, 0x00, 0x00, 0x3f, 0x03, 0x00, // .....F...<...?..
	0x00, 0x42, 0x03, 0x00, 0x00, 0x45, 0x03, 0x00, 0x00, 0x80, 0x00, 0x05, 0x00, 0x26, 0x00, 0x00, // .B...E.......&..
	0x00, 0x63, 0x02, 0x00, 0x00, 0xd4, 0x01, 0x00, 0x00, 0x5d, 0x01, 0x00, 0x00, 0x41, 0x00, 0x05, // .c.......]...A..
	0x00, 0x60, 0x00, 0x00, 0x00, 0x4a, 0x03, 0x00, 0x00, 0x5b, 0x00, 0x00, 0x00, 0x63, 0x02, 0x00, // .`...J...[...c..
	0x00, 0x3d, 0x00, 0x04, 0x00, 0x07, 0x00, 0x00, 0x00, 0x4b, 0x03, 0x00, 0x00, 0x4a, 0x03, 0x00, // .=.......K...J..
	0x00, 0x41, 0x00, 0x05, 0x00, 0x60, 0x00, 0x00, 0x00, 0x4d, 0x03, 0x00, 0x00, 0x62, 0x00, 0x00, // .A...`...M...b..
	0x00, 0x63, 0x02, 0x00, 0x00, 0x3d, 0x00, 0x04, 0x00, 0x07, 0x00, 0x00, 0x00, 0x4e, 0x03, 0x00, // .c...=.......N..
	0x00, 0x4d, 0x03, 0x00, 0x00, 0x41, 0x00, 0x05, 0x00, 0x60, 0x00, 0x00, 0x00, 0x50, 0x03, 0x00, // .M...A...`...P..
	0x00, 0x68, 0x00, 0x00, 0x00, 0x63, 0x02, 0x00, 0x00, 0x3d, 0x00, 0x04, 0x00, 0x07, 0x00, 0x00, // .h...c...=......
	0x00, 0x51, 0x03, 0x00, 0x00, 0x50, 0x03, 0x00, 0x00, 0x41, 0x00, 0x05, 0x00, 0x60, 0x00, 0x00, // .Q...P...A...`..
	0x00, 0x53, 0x03, 0x00, 0x00, 0x6e, 0x00, 0x00, 0x00, 0x63, 0x02, 0x00, 0x00, 0x3d, 0x00, 0x04, // .S...n...c...=..
	0x00, 0x07, 0x00, 0x00, 0x00, 0x54, 0x03, 0x00, 0x00, 0x53, 0x03, 0x00, 0x00, 0x50, 0x00, 0x07, // .....T...S...P..
	0x00, 0x0e, 0x00, 0x00, 0x00, 0x55, 0x03, 0x00, 0x00, 0x4b, 0x03, 0x00, 0x00, 0x4e, 0x03, 0x00, // .....U...K...N..
	0x00, 0x51, 0x03, 0x00, 0x00, 0x54, 0x03, 0x00, 0x00, 0x81, 0x00, 0x05, 0x00, 0x0e, 0x00, 0x00, // .Q...T..........
	0x00, 0x67, 0x02, 0x00, 0x00, 0x72, 0x03, 0x00, 0x00, 0x37, 0x03, 0x00, 0x00, 0x81, 0x00, 0x05, // .g...r...7......
	0x00, 0x0e, 0x00, 0x00, 0x00, 0x69, 0x02, 0x00, 0x00, 0x67, 0x02, 0x00, 0x00, 0x46, 0x03, 0x00, // .....i...g...F..
	0x00, 0x81, 0x00, 0x05, 0x00, 0x0e, 0x00, 0x00, 0x00, 0x6b, 0x02, 0x00, 0x00, 0x69, 0x02, 0x00, // .........k...i..
	0x00, 0x55, 0x03, 0x00, 0x00, 0x8e, 0x00, 0x05, 0x00, 0x0e, 0x00, 0x00, 0x00, 0x6c, 0x02, 0x00, // .U...........l..
	0x00, 0x6b, 0x02, 0x00, 0x00, 0xed, 0x00, 0x00, 0x00, 0x86, 0x00, 0x05, 0x00, 0xa2, 0x00, 0x00, // .k..............
	0x00, 0x70, 0x02, 0x00, 0x00, 0xe4, 0x01, 0x00, 0x00, 0x70, 0x03, 0x00, 0x00, 0x7c, 0x00, 0x04, // .p.......p...|..
	0x00, 0xbe, 0x00, 0x00, 0x00, 0x71, 0x02, 0x00, 0x00, 0x70, 0x02, 0x00, 0x00, 0x51, 0x00, 0x05, // .....q...p...Q..
	0x00, 0x1c, 0x00, 0x00, 0x00, 0x74, 0x02, 0x00, 0x00, 0x71, 0x02, 0x00, 0x00, 0x00, 0x00, 0x00, // .....t...q......
	0x00, 0x51, 0x00, 0x05, 0x00, 0x1c, 0x00, 0x00, 0x00, 0x75, 0x02, 0x00, 0x00, 0x71, 0x02, 0x00, // .Q.......u...q..
	0x00, 0x01, 0x00, 0x00, 0x00, 0x50, 0x00, 0x06, 0x00, 0x1d, 0x00, 0x00, 0x00, 0x76, 0x02, 0x00, // .....P.......v..
	0x00, 0x74, 0x02, 0x00, 0x00, 0x75, 0x02, 0x00, 0x00, 0xf7, 0x01, 0x00, 0x00, 0x3d, 0x00, 0x04, // .t...u.......=..
	0x00, 0xb9, 0x00, 0x00, 0x00, 0x77, 0x02, 0x00, 0x00, 0x69, 0x01, 0x00, 0x00, 0x63, 0x00, 0x04, // .....w...i...c..
	0x00, 0x77, 0x02, 0x00, 0x00, 0x76, 0x02, 0x00, 0x00, 0x6c, 0x02, 0x00, 0x00, 0xf9, 0x00, 0x02, // .w...v...l......
	0x00, 0x7a, 0x02, 0x00, 0x00, 0xf8, 0x00, 0x02, 0x00, 0x7a, 0x02, 0x00, 0x00, 0xf9, 0x00, 0x02, // .z.......z......
	0x00, 0x7b, 0x02, 0x00, 0x00, 0xf8, 0x00, 0x02, 0x00, 0x7b, 0x02, 0x00, 0x00, 0xfd, 0x00, 0x01, // .{.......{......
	0x00, 0x38, 0x00, 0x01, 0x00, 0x00, 0x00, 0x10, 0x00,                                           // .8.......
};
static const uint8_t cs_mipgen_pow2_wgsl[4450] =
{
	0x43, 0x53, 0x48, 0x0b, 0x00, 0x00, 0x00, 0x00, 0x00, 0x00, 0x00, 0x00, 0x06, 0x00, 0x0b, 0x62, // CSH............b
	0x67, 0x66, 0x78, 0x5f, 0x6d, 0x69, 0x70, 0x47, 0x65, 0x6e, 0x02, 0x01, 0x00, 0x00, 0x01, 0x00, // gfx_mipGen......
	0x00, 0x00, 0x00, 0x00, 0x0e, 0x62, 0x67, 0x66, 0x78, 0x5f, 0x74, 0x65, 0x78, 0x4d, 0x69, 0x70, // .....bgfx_texMip
	0x53, 0x72, 0x63, 0x20, 0x00, 0x06, 0x00, 0x00, 0x00, 0x00, 0x03, 0x29, 0x00, 0x09, 0x73, 0x5f, // Src .......)..s_
	0x69, 0x6d, 0x67, 0x4d, 0x69, 0x70, 0x31, 0x01, 0x00, 0x02, 0x00, 0x03, 0x00, 0x00, 0x03, 0x4a, // imgMip1........J
	0x00, 0x09, 0x73, 0x5f, 0x69, 0x6d, 0x67, 0x4d, 0x69, 0x70, 0x32, 0x01, 0x00, 0x03, 0x00, 0x03, // ..s_imgMip2.....
	0x00, 0x00, 0x03, 0x4a, 0x00, 0x09, 0x73, 0x5f, 0x69, 0x6d, 0x67, 0x4d, 0x69, 0x70, 0x33, 0x01, // ...J..s_imgMip3.
	0x00, 0x04, 0x00, 0x03, 0x00, 0x00, 0x03, 0x4a, 0x00, 0x09, 0x73, 0x5f, 0x69, 0x6d, 0x67, 0x4d, // .......J..s_imgM
	0x69, 0x70, 0x34, 0x01, 0x00, 0x05, 0x00, 0x03, 0x00, 0x00, 0x03, 0x4a, 0x00, 0xcb, 0x10, 0x00, // ip4........J....
	0x00, 0x64, 0x69, 0x61, 0x67, 0x6e, 0x6f, 0x73, 0x74, 0x69, 0x63, 0x28, 0x6f, 0x66, 0x66, 0x2c, // .diagnostic(off,
	0x20, 0x64, 0x65, 0x72, 0x69, 0x76, 0x61, 0x74, 0x69, 0x76, 0x65, 0x5f, 0x75, 0x6e, 0x69, 0x66, //  derivative_unif
	0x6f, 0x72, 0x6d, 0x69, 0x74, 0x79, 0x29, 0x3b, 0x0a, 0x64, 0x69, 0x61, 0x67, 0x6e, 0x6f, 0x73, // ormity);.diagnos
	0x74, 0x69, 0x63, 0x28, 0x6f, 0x66, 0x66, 0x2c, 0x20, 0x73, 0x75, 0x62, 0x67, 0x72, 0x6f, 0x75, // tic(off, subgrou
	0x70, 0x5f, 0x75, 0x6e, 0x69, 0x66, 0x6f, 0x72, 0x6d, 0x69, 0x74, 0x79, 0x29, 0x3b, 0x0a, 0x0a, // p_uniformity);..
	0x40, 0x67, 0x72, 0x6f, 0x75, 0x70, 0x28, 0x30, 0x75, 0x29, 0x20, 0x40, 0x62, 0x69, 0x6e, 0x64, // @group(0u) @bind
	0x69, 0x6e, 0x67, 0x28, 0x32, 0x32, 0x75, 0x29, 0x20, 0x76, 0x61, 0x72, 0x20, 0x62, 0x67, 0x66, // ing(22u) var bgf
	0x78, 0x5f, 0x74, 0x65, 0x78, 0x4d, 0x69, 0x70, 0x53, 0x72, 0x63, 0x53, 0x61, 0x6d, 0x70, 0x6c, // x_texMipSrcSampl
	0x65, 0x72, 0x20, 0x3a, 0x20, 0x73, 0x61, 0x6d, 0x70, 0x6c, 0x65, 0x72, 0x3b, 0x0a, 0x0a, 0x40, // er : sampler;..@
	0x67, 0x72, 0x6f, 0x75, 0x70, 0x28, 0x30, 0x75, 0x29, 0x20, 0x40, 0x62, 0x69, 0x6e, 0x64, 0x69, // group(0u) @bindi
	0x6e, 0x67, 0x28, 0x36, 0x75, 0x29, 0x20, 0x76, 0x61, 0x72, 0x20, 0x62, 0x67, 0x66, 0x78, 0x5f, // ng(6u) var bgfx_
	0x74, 0x65, 0x78, 0x4d, 0x69, 0x70, 0x53, 0x72, 0x63, 0x54, 0x65, 0x78, 0x74, 0x75, 0x72, 0x65, // texMipSrcTexture
	0x20, 0x3a, 0x20, 0x74, 0x65, 0x78, 0x74, 0x75, 0x72, 0x65, 0x5f, 0x32, 0x64, 0x5f, 0x61, 0x72, //  : texture_2d_ar
	0x72, 0x61, 0x79, 0x3c, 0x66, 0x33, 0x32, 0x3e, 0x3b, 0x0a, 0x0a, 0x76, 0x61, 0x72, 0x3c, 0x77, // ray<f32>;..var<w
	0x6f, 0x72, 0x6b, 0x67, 0x72, 0x6f, 0x75, 0x70, 0x3e, 0x20, 0x67, 0x73, 0x5f, 0x52, 0x20, 0x3a, // orkgroup> gs_R :
	0x20, 0x61, 0x72, 0x72, 0x61, 0x79, 0x3c, 0x66, 0x33, 0x32, 0x2c, 0x20, 0x36, 0x34, 0x75, 0x3e, //  array<f32, 64u>
	0x3b, 0x0a, 0x0a, 0x76, 0x61, 0x72, 0x3c, 0x77, 0x6f, 0x72, 0x6b, 0x67, 0x72, 0x6f, 0x75, 0x70, // ;..var<workgroup
	0x3e, 0x20, 0x67, 0x73, 0x5f, 0x47, 0x20, 0x3a, 0x20, 0x61, 0x72, 0x72, 0x61, 0x79, 0x3c, 0x66, // > gs_G : array<f
	0x33, 0x32, 0x2c, 0x20, 0x36, 0x34, 0x75, 0x3e, 0x3b, 0x0a, 0x0a, 0x76, 0x61, 0x72, 0x3c, 0x77, // 32, 64u>;..var<w
	0x6f, 0x72, 0x6b, 0x67, 0x72, 0x6f, 0x75, 0x70, 0x3e, 0x20, 0x67, 0x73, 0x5f, 0x42, 0x20, 0x3a, // orkgroup> gs_B :
	0x20, 0x61, 0x72, 0x72, 0x61, 0x79, 0x3c, 0x66, 0x33, 0x32, 0x2c, 0x20, 0x36, 0x34, 0x75, 0x3e, //  array<f32, 64u>
	0x3b, 0x0a, 0x0a, 0x76, 0x61, 0x72, 0x3c, 0x77, 0x6f, 0x72, 0x6b, 0x67, 0x72, 0x6f, 0x75, 0x70, // ;..var<workgroup
	0x3e, 0x20, 0x67, 0x73, 0x5f, 0x41, 0x20, 0x3a, 0x20, 0x61, 0x72, 0x72, 0x61, 0x79, 0x3c, 0x66, // > gs_A : array<f
	0x33, 0x32, 0x2c, 0x20, 0x36, 0x34, 0x75, 0x3e, 0x3b, 0x0a, 0x0a, 0x73, 0x74, 0x72, 0x75, 0x63, // 32, 64u>;..struc
	0x74, 0x20, 0x55, 0x6e, 0x69, 0x66, 0x6f, 0x72, 0x6d, 0x42, 0x6c, 0x6f, 0x63, 0x6b, 0x20, 0x7b, // t UniformBlock {
	0x0a, 0x20, 0x20, 0x62, 0x67, 0x66, 0x78, 0x5f, 0x6d, 0x69, 0x70, 0x47, 0x65, 0x6e, 0x20, 0x3a, // .  bgfx_mipGen :
	0x20, 0x76, 0x65, 0x63, 0x34, 0x3c, 0x66, 0x33, 0x32, 0x3e, 0x2c, 0x0a, 0x7d, 0x0a, 0x0a, 0x40, //  vec4<f32>,.}..@
	0x67, 0x72, 0x6f, 0x75, 0x70, 0x28, 0x30, 0x75, 0x29, 0x20, 0x40, 0x62, 0x69, 0x6e, 0x64, 0x69, // group(0u) @bindi
	0x6e, 0x67, 0x28, 0x30, 0x75, 0x29, 0x20, 0x76, 0x61, 0x72, 0x3c, 0x75, 0x6e, 0x69, 0x66, 0x6f, // ng(0u) var<unifo
	0x72, 0x6d, 0x3e, 0x20, 0x76, 0x20, 0x3a, 0x20, 0x55, 0x6e, 0x69, 0x66, 0x6f, 0x72, 0x6d, 0x42, // rm> v : UniformB
	0x6c, 0x6f, 0x63, 0x6b, 0x3b, 0x0a, 0x0a, 0x40, 0x67, 0x72, 0x6f, 0x75, 0x70, 0x28, 0x30, 0x75, // lock;..@group(0u
	0x29, 0x20, 0x40, 0x62, 0x69, 0x6e, 0x64, 0x69, 0x6e, 0x67, 0x28, 0x32, 0x75, 0x29, 0x20, 0x76, // ) @binding(2u) v
	0x61, 0x72, 0x20, 0x73, 0x5f, 0x69, 0x6d, 0x67, 0x4d, 0x69, 0x70, 0x31, 0x20, 0x3a, 0x20, 0x74, // ar s_imgMip1 : t
	0x65, 0x78, 0x74, 0x75, 0x72, 0x65, 0x5f, 0x73, 0x74, 0x6f, 0x72, 0x61, 0x67, 0x65, 0x5f, 0x32, // exture_storage_2
	0x64, 0x5f, 0x61, 0x72, 0x72, 0x61, 0x79, 0x3c, 0x72, 0x67, 0x62, 0x61, 0x38, 0x75, 0x6e, 0x6f, // d_array<rgba8uno
	0x72, 0x6d, 0x2c, 0x20, 0x77, 0x72, 0x69, 0x74, 0x65, 0x3e, 0x3b, 0x0a, 0x0a, 0x40, 0x67, 0x72, // rm, write>;..@gr
	0x6f, 0x75, 0x70, 0x28, 0x30, 0x75, 0x29, 0x20, 0x40, 0x62, 0x69, 0x6e, 0x64, 0x69, 0x6e, 0x67, // oup(0u) @binding
	0x28, 0x33, 0x75, 0x29, 0x20, 0x76, 0x61, 0x72, 0x20, 0x73, 0x5f, 0x69, 0x6d, 0x67, 0x4d, 0x69, // (3u) var s_imgMi
	0x70, 0x32, 0x20, 0x3a, 0x20, 0x74, 0x65, 0x78, 0x74, 0x75, 0x72, 0x65, 0x5f, 0x73, 0x74, 0x6f, // p2 : texture_sto
	0x72, 0x61, 0x67, 0x65, 0x5f, 0x32, 0x64, 0x5f, 0x61, 0x72, 0x72, 0x61, 0x79, 0x3c, 0x72, 0x67, // rage_2d_array<rg
	0x62, 0x61, 0x38, 0x75, 0x6e, 0x6f, 0x72, 0x6d, 0x2c, 0x20, 0x77, 0x72, 0x69, 0x74, 0x65, 0x3e, // ba8unorm, write>
	0x3b, 0x0a, 0x0a, 0x40, 0x67, 0x72, 0x6f, 0x75, 0x70, 0x28, 0x30, 0x75, 0x29, 0x20, 0x40, 0x62, // ;..@group(0u) @b
	0x69, 0x6e, 0x64, 0x69, 0x6e, 0x67, 0x28, 0x34, 0x75, 0x29, 0x20, 0x76, 0x61, 0x72, 0x20, 0x73, // inding(4u) var s
	0x5f, 0x69, 0x6d, 0x67, 0x4d, 0x69, 0x70, 0x33, 0x20, 0x3a, 0x20, 0x74, 0x65, 0x78, 0x74, 0x75, // _imgMip3 : textu
	0x72, 0x65, 0x5f, 0x73, 0x74, 0x6f, 0x72, 0x61, 0x67, 0x65, 0x5f, 0x32, 0x64, 0x5f, 0x61, 0x72, // re_storage_2d_ar
	0x72, 0x61, 0x79, 0x3c, 0x72, 0x67, 0x62, 0x61, 0x38, 0x75, 0x6e, 0x6f, 0x72, 0x6d, 0x2c, 0x20, // ray<rgba8unorm, 
	0x77, 0x72, 0x69, 0x74, 0x65, 0x3e, 0x3b, 0x0a, 0x0a, 0x40, 0x67, 0x72, 0x6f, 0x75, 0x70, 0x28, // write>;..@group(
	0x30, 0x75, 0x29, 0x20, 0x40, 0x62, 0x69, 0x6e, 0x64, 0x69, 0x6e, 0x67, 0x28, 0x35, 0x75, 0x29, // 0u) @binding(5u)
	0x20, 0x76, 0x61, 0x72, 0x20, 0x73, 0x5f, 0x69, 0x6d, 0x67, 0x4d, 0x69, 0x70, 0x34, 0x20, 0x3a, //  var s_imgMip4 :
	0x20, 0x74, 0x65, 0x78, 0x74, 0x75, 0x72, 0x65, 0x5f, 0x73, 0x74, 0x6f, 0x72, 0x61, 0x67, 0x65, //  texture_storage
	0x5f, 0x32, 0x64, 0x5f, 0x61, 0x72, 0x72, 0x61, 0x79, 0x3c, 0x72, 0x67, 0x62, 0x61, 0x38, 0x75, // _2d_array<rgba8u
	0x6e, 0x6f, 0x72, 0x6d, 0x2c, 0x20, 0x77, 0x72, 0x69, 0x74, 0x65, 0x3e, 0x3b, 0x0a, 0x0a, 0x40, // norm, write>;..@
	0x63, 0x6f, 0x6d, 0x70, 0x75, 0x74, 0x65, 0x20, 0x40, 0x77, 0x6f, 0x72, 0x6b, 0x67, 0x72, 0x6f, // compute @workgro
	0x75, 0x70, 0x5f, 0x73, 0x69, 0x7a, 0x65, 0x28, 0x38, 0x75, 0x2c, 0x20, 0x38, 0x75, 0x2c, 0x20, // up_size(8u, 8u, 
	0x31, 0x75, 0x29, 0x0a, 0x66, 0x6e, 0x20, 0x6d, 0x61, 0x69, 0x6e, 0x28, 0x40, 0x62, 0x75, 0x69, // 1u).fn main(@bui
	0x6c, 0x74, 0x69, 0x6e, 0x28, 0x6c, 0x6f, 0x63, 0x61, 0x6c, 0x5f, 0x69, 0x6e, 0x76, 0x6f, 0x63, // ltin(local_invoc
	0x61, 0x74, 0x69, 0x6f, 0x6e, 0x5f, 0x69, 0x6e, 0x64, 0x65, 0x78, 0x29, 0x20, 0x67, 0x6c, 0x5f, // ation_index) gl_
	0x4c, 0x6f, 0x63, 0x61, 0x6c, 0x49, 0x6e, 0x76, 0x6f, 0x63, 0x61, 0x74, 0x69, 0x6f, 0x6e, 0x49, // LocalInvocationI
	0x6e, 0x64, 0x65, 0x78, 0x20, 0x3a, 0x20, 0x75, 0x33, 0x32, 0x2c, 0x20, 0x40, 0x62, 0x75, 0x69, // ndex : u32, @bui
	0x6c, 0x74, 0x69, 0x6e, 0x28, 0x67, 0x6c, 0x6f, 0x62, 0x61, 0x6c, 0x5f, 0x69, 0x6e, 0x76, 0x6f, // ltin(global_invo
	0x63, 0x61, 0x74, 0x69, 0x6f, 0x6e, 0x5f, 0x69, 0x64, 0x29, 0x20, 0x67, 0x6c, 0x5f, 0x47, 0x6c, // cation_id) gl_Gl
	0x6f, 0x62, 0x61, 0x6c, 0x49, 0x6e, 0x76, 0x6f, 0x63, 0x61, 0x74, 0x69, 0x6f, 0x6e, 0x49, 0x44, // obalInvocationID
	0x20, 0x3a, 0x20, 0x76, 0x65, 0x63, 0x33, 0x3c, 0x75, 0x33, 0x32, 0x3e, 0x29, 0x20, 0x7b, 0x0a, //  : vec3<u32>) {.
	0x20, 0x20, 0x73, 0x77, 0x69, 0x74, 0x63, 0x68, 0x28, 0x30, 0x75, 0x29, 0x20, 0x7b, 0x0a, 0x20, //   switch(0u) {. 
	0x20, 0x20, 0x20, 0x64, 0x65, 0x66, 0x61, 0x75, 0x6c, 0x74, 0x3a, 0x20, 0x7b, 0x0a, 0x20, 0x20, //    default: {.  
	0x20, 0x20, 0x20, 0x20, 0x6c, 0x65, 0x74, 0x20, 0x76, 0x5f, 0x31, 0x20, 0x3d, 0x20, 0x62, 0x69, //     let v_1 = bi
	0x74, 0x63, 0x61, 0x73, 0x74, 0x3c, 0x75, 0x33, 0x32, 0x3e, 0x28, 0x69, 0x33, 0x32, 0x28, 0x67, // tcast<u32>(i32(g
	0x6c, 0x5f, 0x4c, 0x6f, 0x63, 0x61, 0x6c, 0x49, 0x6e, 0x76, 0x6f, 0x63, 0x61, 0x74, 0x69, 0x6f, // l_LocalInvocatio
	0x6e, 0x49, 0x6e, 0x64, 0x65, 0x78, 0x29, 0x29, 0x3b, 0x0a, 0x20, 0x20, 0x20, 0x20, 0x20, 0x20, // nIndex));.      
	0x6c, 0x65, 0x74, 0x20, 0x76, 0x5f, 0x32, 0x20, 0x3d, 0x20, 0x62, 0x69, 0x74, 0x63, 0x61, 0x73, // let v_2 = bitcas
	0x74, 0x3c, 0x76, 0x65, 0x63, 0x33, 0x3c, 0x75, 0x33, 0x32, 0x3e, 0x3e, 0x28, 0x76, 0x65, 0x63, // t<vec3<u32>>(vec
	0x33, 0x3c, 0x69, 0x33, 0x32, 0x3e, 0x28, 0x67, 0x6c, 0x5f, 0x47, 0x6c, 0x6f, 0x62, 0x61, 0x6c, // 3<i32>(gl_Global
	0x49, 0x6e, 0x76, 0x6f, 0x63, 0x61, 0x74, 0x69, 0x6f, 0x6e, 0x49, 0x44, 0x29, 0x29, 0x3b, 0x0a, // InvocationID));.
	0x20, 0x20, 0x20, 0x20, 0x20, 0x20, 0x6c, 0x65, 0x74, 0x20, 0x76, 0x5f, 0x33, 0x20, 0x3d, 0x20, //       let v_3 = 
	0x75, 0x33, 0x32, 0x28, 0x76, 0x2e, 0x62, 0x67, 0x66, 0x78, 0x5f, 0x6d, 0x69, 0x70, 0x47, 0x65, // u32(v.bgfx_mipGe
	0x6e, 0x2e, 0x78, 0x29, 0x3b, 0x0a, 0x20, 0x20, 0x20, 0x20, 0x20, 0x20, 0x6c, 0x65, 0x74, 0x20, // n.x);.      let 
	0x76, 0x5f, 0x34, 0x20, 0x3d, 0x20, 0x75, 0x33, 0x32, 0x28, 0x76, 0x2e, 0x62, 0x67, 0x66, 0x78, // v_4 = u32(v.bgfx
	0x5f, 0x6d, 0x69, 0x70, 0x47, 0x65, 0x6e, 0x2e, 0x79, 0x29, 0x3b, 0x0a, 0x20, 0x20, 0x20, 0x20, // _mipGen.y);.    
	0x20, 0x20, 0x6c, 0x65, 0x74, 0x20, 0x76, 0x5f, 0x35, 0x20, 0x3d, 0x20, 0x76, 0x5f, 0x32, 0x2e, //   let v_5 = v_2.
	0x7a, 0x3b, 0x0a, 0x20, 0x20, 0x20, 0x20, 0x20, 0x20, 0x6c, 0x65, 0x74, 0x20, 0x76, 0x5f, 0x36, // z;.      let v_6
	0x20, 0x3d, 0x20, 0x76, 0x5f, 0x32, 0x2e, 0x78, 0x79, 0x3b, 0x0a, 0x20, 0x20, 0x20, 0x20, 0x20, //  = v_2.xy;.     
	0x20, 0x6c, 0x65, 0x74, 0x20, 0x76, 0x5f, 0x37, 0x20, 0x3d, 0x20, 0x28, 0x76, 0x2e, 0x62, 0x67, //  let v_7 = (v.bg
	0x66, 0x78, 0x5f, 0x6d, 0x69, 0x70, 0x47, 0x65, 0x6e, 0x2e, 0x7a, 0x77, 0x20, 0x2a, 0x20, 0x28, // fx_mipGen.zw * (
	0x76, 0x65, 0x63, 0x32, 0x3c, 0x66, 0x33, 0x32, 0x3e, 0x28, 0x76, 0x5f, 0x36, 0x29, 0x20, 0x2b, // vec2<f32>(v_6) +
	0x20, 0x76, 0x65, 0x63, 0x32, 0x3c, 0x66, 0x33, 0x32, 0x3e, 0x28, 0x30, 0x2e, 0x35, 0x66, 0x29, //  vec2<f32>(0.5f)
	0x29, 0x29, 0x3b, 0x0a, 0x20, 0x20, 0x20, 0x20, 0x20, 0x20, 0x6c, 0x65, 0x74, 0x20, 0x76, 0x5f, // ));.      let v_
	0x38, 0x20, 0x3d, 0x20, 0x76, 0x65, 0x63, 0x33, 0x3c, 0x66, 0x33, 0x32, 0x3e, 0x28, 0x76, 0x5f, // 8 = vec3<f32>(v_
	0x37, 0x2e, 0x78, 0x2c, 0x20, 0x76, 0x5f, 0x37, 0x2e, 0x79, 0x2c, 0x20, 0x66, 0x33, 0x32, 0x28, // 7.x, v_7.y, f32(
	0x76, 0x5f, 0x35, 0x29, 0x29, 0x3b, 0x0a, 0x20, 0x20, 0x20, 0x20, 0x20, 0x20, 0x6c, 0x65, 0x74, // v_5));.      let
	0x20, 0x76, 0x5f, 0x39, 0x20, 0x3d, 0x20, 0x74, 0x65, 0x78, 0x74, 0x75, 0x72, 0x65, 0x53, 0x61, //  v_9 = textureSa
	0x6d, 0x70, 0x6c, 0x65, 0x4c, 0x65, 0x76, 0x65, 0x6c, 0x28, 0x62, 0x67, 0x66, 0x78, 0x5f, 0x74, // mpleLevel(bgfx_t
	0x65, 0x78, 0x4d, 0x69, 0x70, 0x53, 0x72, 0x63, 0x54, 0x65, 0x78, 0x74, 0x75, 0x72, 0x65, 0x2c, // exMipSrcTexture,
	0x20, 0x62, 0x67, 0x66, 0x78, 0x5f, 0x74, 0x65, 0x78, 0x4d, 0x69, 0x70, 0x53, 0x72, 0x63, 0x53, //  bgfx_texMipSrcS
	0x61, 0x6d, 0x70, 0x6c, 0x65, 0x72, 0x2c, 0x20, 0x76, 0x5f, 0x38, 0x2e, 0x78, 0x79, 0x2c, 0x20, // ampler, v_8.xy, 
	0x69, 0x33, 0x32, 0x28, 0x76, 0x5f, 0x38, 0x2e, 0x7a, 0x29, 0x2c, 0x20, 0x66, 0x33, 0x32, 0x28, // i32(v_8.z), f32(
	0x76, 0x5f, 0x33, 0x29, 0x29, 0x3b, 0x0a, 0x20, 0x20, 0x20, 0x20, 0x20, 0x20, 0x6c, 0x65, 0x74, // v_3));.      let
	0x20, 0x76, 0x5f, 0x31, 0x30, 0x20, 0x3d, 0x20, 0x62, 0x69, 0x74, 0x63, 0x61, 0x73, 0x74, 0x3c, //  v_10 = bitcast<
	0x76, 0x65, 0x63, 0x32, 0x3c, 0x69, 0x33, 0x32, 0x3e, 0x3e, 0x28, 0x76, 0x5f, 0x36, 0x29, 0x3b, // vec2<i32>>(v_6);
	0x0a, 0x20, 0x20, 0x20, 0x20, 0x20, 0x20, 0x6c, 0x65, 0x74, 0x20, 0x76, 0x5f, 0x31, 0x31, 0x20, // .      let v_11 
	0x3d, 0x20, 0x62, 0x69, 0x74, 0x63, 0x61, 0x73, 0x74, 0x3c, 0x69, 0x33, 0x32, 0x3e, 0x28, 0x76, // = bitcast<i32>(v
	0x5f, 0x35, 0x29, 0x3b, 0x0a, 0x20, 0x20, 0x20, 0x20, 0x20, 0x20, 0x6c, 0x65, 0x74, 0x20, 0x76, // _5);.      let v
	0x5f, 0x31, 0x32, 0x20, 0x3d, 0x20, 0x76, 0x65, 0x63, 0x33, 0x3c, 0x69, 0x33, 0x32, 0x3e, 0x28, // _12 = vec3<i32>(
	0x76, 0x5f, 0x31, 0x30, 0x2e, 0x78, 0x2c, 0x20, 0x76, 0x5f, 0x31, 0x30, 0x2e, 0x79, 0x2c, 0x20, // v_10.x, v_10.y, 
	0x76, 0x5f, 0x31, 0x31, 0x29, 0x3b, 0x0a, 0x20, 0x20, 0x20, 0x20, 0x20, 0x20, 0x74, 0x65, 0x78, // v_11);.      tex
	0x74, 0x75, 0x72, 0x65, 0x53, 0x74, 0x6f, 0x72, 0x65, 0x28, 0x73, 0x5f, 0x69, 0x6d, 0x67, 0x4d, // tureStore(s_imgM
	0x69, 0x70, 0x31, 0x2c, 0x20, 0x76, 0x5f, 0x31, 0x32, 0x2e, 0x78, 0x79, 0x2c, 0x20, 0x76, 0x5f, // ip1, v_12.xy, v_
	0x31, 0x32, 0x2e, 0x7a, 0x2c, 0x20, 0x76, 0x5f, 0x39, 0x29, 0x3b, 0x0a, 0x20, 0x20, 0x20, 0x20, // 12.z, v_9);.    
	0x20, 0x20, 0x69, 0x66, 0x20, 0x28, 0x28, 0x76, 0x5f, 0x34, 0x20, 0x3d, 0x3d, 0x20, 0x31, 0x75, //   if ((v_4 == 1u
	0x29, 0x29, 0x20, 0x7b, 0x0a, 0x20, 0x20, 0x20, 0x20, 0x20, 0x20, 0x20, 0x20, 0x62, 0x72, 0x65, // )) {.        bre
	0x61, 0x6b, 0x3b, 0x0a, 0x20, 0x20, 0x20, 0x20, 0x20, 0x20, 0x7d, 0x0a, 0x20, 0x20, 0x20, 0x20, // ak;.      }.    
	0x20, 0x20, 0x6c, 0x65, 0x74, 0x20, 0x76, 0x5f, 0x31, 0x33, 0x20, 0x3d, 0x20, 0x26, 0x28, 0x67, //   let v_13 = &(g
	0x73, 0x5f, 0x52, 0x5b, 0x76, 0x5f, 0x31, 0x5d, 0x29, 0x3b, 0x0a, 0x20, 0x20, 0x20, 0x20, 0x20, // s_R[v_1]);.     
	0x20, 0x2a, 0x28, 0x76, 0x5f, 0x31, 0x33, 0x29, 0x20, 0x3d, 0x20, 0x76, 0x5f, 0x39, 0x2e, 0x78, //  *(v_13) = v_9.x
	0x3b, 0x0a, 0x20, 0x20, 0x20, 0x20, 0x20, 0x20, 0x6c, 0x65, 0x74, 0x20, 0x76, 0x5f, 0x31, 0x34, // ;.      let v_14
	0x20, 0x3d, 0x20, 0x26, 0x28, 0x67, 0x73, 0x5f, 0x47, 0x5b, 0x76, 0x5f, 0x31, 0x5d, 0x29, 0x3b, //  = &(gs_G[v_1]);
	0x0a, 0x20, 0x20, 0x20, 0x20, 0x20, 0x20, 0x2a, 0x28, 0x76, 0x5f, 0x31, 0x34, 0x29, 0x20, 0x3d, // .      *(v_14) =
	0x20, 0x76, 0x5f, 0x39, 0x2e, 0x79, 0x3b, 0x0a, 0x20, 0x20, 0x20, 0x20, 0x20, 0x20, 0x6c, 0x65, //  v_9.y;.      le
	0x74, 0x20, 0x76, 0x5f, 0x31, 0x35, 0x20, 0x3d, 0x20, 0x26, 0x28, 0x67, 0x73, 0x5f, 0x42, 0x5b, // t v_15 = &(gs_B[
	0x76, 0x5f, 0x31, 0x5d, 0x29, 0x3b, 0x0a, 0x20, 0x20, 0x20, 0x20, 0x20, 0x20, 0x2a, 0x28, 0x76, // v_1]);.      *(v
	0x5f, 0x31, 0x35, 0x29, 0x20, 0x3d, 0x20, 0x76, 0x5f, 0x39, 0x2e, 0x7a, 0x3b, 0x0a, 0x20, 0x20, // _15) = v_9.z;.  
	0x20, 0x20, 0x20, 0x20, 0x6c, 0x65, 0x74, 0x20, 0x76, 0x5f, 0x31, 0x36, 0x20, 0x3d, 0x20, 0x26, //     let v_16 = &
	0x28, 0x67, 0x73, 0x5f, 0x41, 0x5b, 0x76, 0x5f, 0x31, 0x5d, 0x29, 0x3b, 0x0a, 0x20, 0x20, 0x20, // (gs_A[v_1]);.   
	0x20, 0x20, 0x20, 0x2a, 0x28, 0x76, 0x5f, 0x31, 0x36, 0x29, 0x20, 0x3d, 0x20, 0x76, 0x5f, 0x39, //    *(v_16) = v_9
	0x2e, 0x77, 0x3b, 0x0a, 0x20, 0x20, 0x20, 0x20, 0x20, 0x20, 0x77, 0x6f, 0x72, 0x6b, 0x67, 0x72, // .w;.      workgr
	0x6f, 0x75, 0x70, 0x42, 0x61, 0x72, 0x72, 0x69, 0x65, 0x72, 0x28, 0x29, 0x3b, 0x0a, 0x20, 0x20, // oupBarrier();.  
	0x20, 0x20, 0x20, 0x20, 0x76, 0x61, 0x72, 0x20, 0x76, 0x5f, 0x31, 0x37, 0x20, 0x3a, 0x20, 0x76, //     var v_17 : v
	0x65, 0x63, 0x34, 0x3c, 0x66, 0x33, 0x32, 0x3e, 0x3b, 0x0a, 0x20, 0x20, 0x20, 0x20, 0x20, 0x20, // ec4<f32>;.      
	0x69, 0x66, 0x20, 0x28, 0x28, 0x28, 0x76, 0x5f, 0x31, 0x20, 0x26, 0x20, 0x39, 0x75, 0x29, 0x20, // if (((v_1 & 9u) 
	0x3d, 0x3d, 0x20, 0x30, 0x75, 0x29, 0x29, 0x20, 0x7b, 0x0a, 0x20, 0x20, 0x20, 0x20, 0x20, 0x20, // == 0u)) {.      
	0x20, 0x20, 0x6c, 0x65, 0x74, 0x20, 0x76, 0x5f, 0x31, 0x38, 0x20, 0x3d, 0x20, 0x28, 0x76, 0x5f, //   let v_18 = (v_
	0x31, 0x20, 0x2b, 0x20, 0x31, 0x75, 0x29, 0x3b, 0x0a, 0x20, 0x20, 0x20, 0x20, 0x20, 0x20, 0x20, // 1 + 1u);.       
	0x20, 0x6c, 0x65, 0x74, 0x20, 0x76, 0x5f, 0x31, 0x39, 0x20, 0x3d, 0x20, 0x76, 0x65, 0x63, 0x34, //  let v_19 = vec4
	0x3c, 0x66, 0x33, 0x32, 0x3e, 0x28, 0x67, 0x73, 0x5f, 0x52, 0x5b, 0x76, 0x5f, 0x31, 0x38, 0x5d, // <f32>(gs_R[v_18]
	0x2c, 0x20, 0x67, 0x73, 0x5f, 0x47, 0x5b, 0x76, 0x5f, 0x31, 0x38, 0x5d, 0x2c, 0x20, 0x67, 0x73, // , gs_G[v_18], gs
	0x5f, 0x42, 0x5b, 0x76, 0x5f, 0x31, 0x38, 0x5d, 0x2c, 0x20, 0x67, 0x73, 0x5f, 0x41, 0x5b, 0x76, // _B[v_18], gs_A[v
	0x5f, 0x31, 0x38, 0x5d, 0x29, 0x3b, 0x0a, 0x20, 0x20, 0x20, 0x20, 0x20, 0x20, 0x20, 0x20, 0x6c, // _18]);.        l
	0x65, 0x74, 0x20, 0x76, 0x5f, 0x32, 0x30, 0x20, 0x3d, 0x20, 0x28, 0x76, 0x5f, 0x31, 0x20, 0x2b, // et v_20 = (v_1 +
	0x20, 0x38, 0x75, 0x29, 0x3b, 0x0a, 0x20, 0x20, 0x20, 0x20, 0x20, 0x20, 0x20, 0x20, 0x6c, 0x65, //  8u);.        le
	0x74, 0x20, 0x76, 0x5f, 0x32, 0x31, 0x20, 0x3d, 0x20, 0x76, 0x65, 0x63, 0x34, 0x3c, 0x66, 0x33, // t v_21 = vec4<f3
	0x32, 0x3e, 0x28, 0x67, 0x73, 0x5f, 0x52, 0x5b, 0x76, 0x5f, 0x32, 0x30, 0x5d, 0x2c, 0x20, 0x67, // 2>(gs_R[v_20], g
	0x73, 0x5f, 0x47, 0x5b, 0x76, 0x5f, 0x32, 0x30, 0x5d, 0x2c, 0x20, 0x67, 0x73, 0x5f, 0x42, 0x5b, // s_G[v_20], gs_B[
	0x76, 0x5f, 0x32, 0x30, 0x5d, 0x2c, 0x20, 0x67, 0x73, 0x5f, 0x41, 0x5b, 0x76, 0x5f, 0x32, 0x30, // v_20], gs_A[v_20
	0x5d, 0x29, 0x3b, 0x0a, 0x20, 0x20, 0x20, 0x20, 0x20, 0x20, 0x20, 0x20, 0x6c, 0x65, 0x74, 0x20, // ]);.        let 
	0x76, 0x5f, 0x32, 0x32, 0x20, 0x3d, 0x20, 0x28, 0x76, 0x5f, 0x31, 0x20, 0x2b, 0x20, 0x39, 0x75, // v_22 = (v_1 + 9u
	0x29, 0x3b, 0x0a, 0x20, 0x20, 0x20, 0x20, 0x20, 0x20, 0x20, 0x20, 0x6c, 0x65, 0x74, 0x20, 0x76, // );.        let v
	0x5f, 0x32, 0x33, 0x20, 0x3d, 0x20, 0x28, 0x28, 0x28, 0x28, 0x76, 0x5f, 0x39, 0x20, 0x2b, 0x20, // _23 = ((((v_9 + 
	0x76, 0x5f, 0x31, 0x39, 0x29, 0x20, 0x2b, 0x20, 0x76, 0x5f, 0x32, 0x31, 0x29, 0x20, 0x2b, 0x20, // v_19) + v_21) + 
	0x76, 0x65, 0x63, 0x34, 0x3c, 0x66, 0x33, 0x32, 0x3e, 0x28, 0x67, 0x73, 0x5f, 0x52, 0x5b, 0x76, // vec4<f32>(gs_R[v
	0x5f, 0x32, 0x32, 0x5d, 0x2c, 0x20, 0x67, 0x73, 0x5f, 0x47, 0x5b, 0x76, 0x5f, 0x32, 0x32, 0x5d, // _22], gs_G[v_22]
	0x2c, 0x20, 0x67, 0x73, 0x5f, 0x42, 0x5b, 0x76, 0x5f, 0x32, 0x32, 0x5d, 0x2c, 0x20, 0x67, 0x73, // , gs_B[v_22], gs
	0x5f, 0x41, 0x5b, 0x76, 0x5f, 0x32, 0x32, 0x5d, 0x29, 0x29, 0x20, 0x2a, 0x20, 0x30, 0x2e, 0x32, // _A[v_22])) * 0.2
	0x35, 0x66, 0x29, 0x3b, 0x0a, 0x20, 0x20, 0x20, 0x20, 0x20, 0x20, 0x20, 0x20, 0x6c, 0x65, 0x74, // 5f);.        let
	0x20, 0x76, 0x5f, 0x32, 0x34, 0x20, 0x3d, 0x20, 0x62, 0x69, 0x74, 0x63, 0x61, 0x73, 0x74, 0x3c, //  v_24 = bitcast<
	0x76, 0x65, 0x63, 0x32, 0x3c, 0x69, 0x33, 0x32, 0x3e, 0x3e, 0x28, 0x28, 0x76, 0x5f, 0x36, 0x20, // vec2<i32>>((v_6 
	0x2f, 0x20, 0x76, 0x65, 0x63, 0x32, 0x3c, 0x75, 0x33, 0x32, 0x3e, 0x28, 0x32, 0x75, 0x29, 0x29, // / vec2<u32>(2u))
	0x29, 0x3b, 0x0a, 0x20, 0x20, 0x20, 0x20, 0x20, 0x20, 0x20, 0x20, 0x6c, 0x65, 0x74, 0x20, 0x76, // );.        let v
	0x5f, 0x32, 0x35, 0x20, 0x3d, 0x20, 0x76, 0x65, 0x63, 0x33, 0x3c, 0x69, 0x33, 0x32, 0x3e, 0x28, // _25 = vec3<i32>(
	0x76, 0x5f, 0x32, 0x34, 0x2e, 0x78, 0x2c, 0x20, 0x76, 0x5f, 0x32, 0x34, 0x2e, 0x79, 0x2c, 0x20, // v_24.x, v_24.y, 
	0x76, 0x5f, 0x31, 0x31, 0x29, 0x3b, 0x0a, 0x20, 0x20, 0x20, 0x20, 0x20, 0x20, 0x20, 0x20, 0x74, // v_11);.        t
	0x65, 0x78, 0x74, 0x75, 0x72, 0x65, 0x53, 0x74, 0x6f, 0x72, 0x65, 0x28, 0x73, 0x5f, 0x69, 0x6d, // extureStore(s_im
	0x67, 0x4d, 0x69, 0x70, 0x32, 0x2c, 0x20, 0x76, 0x5f, 0x32, 0x35, 0x2e, 0x78, 0x79, 0x2c, 0x20, // gMip2, v_25.xy, 
	0x76, 0x5f, 0x32, 0x35, 0x2e, 0x7a, 0x2c, 0x20, 0x76, 0x5f, 0x32, 0x33, 0x29, 0x3b, 0x0a, 0x20, // v_25.z, v_23);. 
	0x20, 0x20, 0x20, 0x20, 0x20, 0x20, 0x20, 0x2a, 0x28, 0x76, 0x5f, 0x31, 0x33, 0x29, 0x20, 0x3d, //        *(v_13) =
	0x20, 0x76, 0x5f, 0x32, 0x33, 0x2e, 0x78, 0x3b, 0x0a, 0x20, 0x20, 0x20, 0x20, 0x20, 0x20, 0x20, //  v_23.x;.       
	0x20, 0x2a, 0x28, 0x76, 0x5f, 0x31, 0x34, 0x29, 0x20, 0x3d, 0x20, 0x76, 0x5f, 0x32, 0x33, 0x2e, //  *(v_14) = v_23.
	0x79, 0x3b, 0x0a, 0x20, 0x20, 0x20, 0x20, 0x20, 0x20, 0x20, 0x20, 0x2a, 0x28, 0x76, 0x5f, 0x31, // y;.        *(v_1
	0x35, 0x29, 0x20, 0x3d, 0x20, 0x76, 0x5f, 0x32, 0x33, 0x2e, 0x7a, 0x3b, 0x0a, 0x20, 0x20, 0x20, // 5) = v_23.z;.   
	0x20, 0x20, 0x20, 0x20, 0x20, 0x2a, 0x28, 0x76, 0x5f, 0x31, 0x36, 0x29, 0x20, 0x3d, 0x20, 0x76, //      *(v_16) = v
	0x5f, 0x32, 0x33, 0x2e, 0x77, 0x3b, 0x0a, 0x20, 0x20, 0x20, 0x20, 0x20, 0x20, 0x20, 0x20, 0x76, // _23.w;.        v
	0x5f, 0x31, 0x37, 0x20, 0x3d, 0x20, 0x76, 0x5f, 0x32, 0x33, 0x3b, 0x0a, 0x20, 0x20, 0x20, 0x20, // _17 = v_23;.    
	0x20, 0x20, 0x7d, 0x20, 0x65, 0x6c, 0x73, 0x65, 0x20, 0x7b, 0x0a, 0x20, 0x20, 0x20, 0x20, 0x20, //   } else {.     
	0x20, 0x20, 0x20, 0x76, 0x5f, 0x31, 0x37, 0x20, 0x3d, 0x20, 0x76, 0x5f, 0x39, 0x3b, 0x0a, 0x20, //    v_17 = v_9;. 
	0x20, 0x20, 0x20, 0x20, 0x20, 0x7d, 0x0a, 0x20, 0x20, 0x20, 0x20, 0x20, 0x20, 0x6c, 0x65, 0x74, //      }.      let
	0x20, 0x76, 0x5f, 0x32, 0x36, 0x20, 0x3d, 0x20, 0x76, 0x5f, 0x31, 0x37, 0x3b, 0x0a, 0x20, 0x20, //  v_26 = v_17;.  
	0x20, 0x20, 0x20, 0x20, 0x69, 0x66, 0x20, 0x28, 0x28, 0x76, 0x5f, 0x34, 0x20, 0x3d, 0x3d, 0x20, //     if ((v_4 == 
	0x32, 0x75, 0x29, 0x29, 0x20, 0x7b, 0x0a, 0x20, 0x20, 0x20, 0x20, 0x20, 0x20, 0x20, 0x20, 0x62, // 2u)) {.        b
	0x72, 0x65, 0x61, 0x6b, 0x3b, 0x0a, 0x20, 0x20, 0x20, 0x20, 0x20, 0x20, 0x7d, 0x0a, 0x20, 0x20, // reak;.      }.  
	0x20, 0x20, 0x20, 0x20, 0x77, 0x6f, 0x72, 0x6b, 0x67, 0x72, 0x6f, 0x75, 0x70, 0x42, 0x61, 0x72, //     workgroupBar
	0x72, 0x69, 0x65, 0x72, 0x28, 0x29, 0x3b, 0x0a, 0x20, 0x20, 0x20, 0x20, 0x20, 0x20, 0x76, 0x61, // rier();.      va
	0x72, 0x20, 0x76, 0x5f, 0x32, 0x37, 0x20, 0x3a, 0x20, 0x76, 0x65, 0x63, 0x34, 0x3c, 0x66, 0x33, // r v_27 : vec4<f3
	0x32, 0x3e, 0x3b, 0x0a, 0x20, 0x20, 0x20, 0x20, 0x20, 0x20, 0x69, 0x66, 0x20, 0x28, 0x28, 0x28, // 2>;.      if (((
	0x76, 0x5f, 0x31, 0x20, 0x26, 0x20, 0x32, 0x37, 0x75, 0x29, 0x20, 0x3d, 0x3d, 0x20, 0x30, 0x75, // v_1 & 27u) == 0u
	0x29, 0x29, 0x20, 0x7b, 0x0a, 0x20, 0x20, 0x20, 0x20, 0x20, 0x20, 0x20, 0x20, 0x6c, 0x65, 0x74, // )) {.        let
	0x20, 0x76, 0x5f, 0x32, 0x38, 0x20, 0x3d, 0x20, 0x28, 0x76, 0x5f, 0x31, 0x20, 0x2b, 0x20, 0x32, //  v_28 = (v_1 + 2
	0x75, 0x29, 0x3b, 0x0a, 0x20, 0x20, 0x20, 0x20, 0x20, 0x20, 0x20, 0x20, 0x6c, 0x65, 0x74, 0x20, // u);.        let 
	0x76, 0x5f, 0x32, 0x39, 0x20, 0x3d, 0x20, 0x76, 0x65, 0x63, 0x34, 0x3c, 0x66, 0x33, 0x32, 0x3e, // v_29 = vec4<f32>
	0x28, 0x67, 0x73, 0x5f, 0x52, 0x5b, 0x76, 0x5f, 0x32, 0x38, 0x5d, 0x2c, 0x20, 0x67, 0x73, 0x5f, // (gs_R[v_28], gs_
	0x47, 0x5b, 0x76, 0x5f, 0x32, 0x38, 0x5d, 0x2c, 0x20, 0x67, 0x73, 0x5f, 0x42, 0x5b, 0x76, 0x5f, // G[v_28], gs_B[v_
	0x32, 0x38, 0x5d, 0x2c, 0x20, 0x67, 0x73, 0x5f, 0x41, 0x5b, 0x76, 0x5f, 0x32, 0x38, 0x5d, 0x29, // 28], gs_A[v_28])
	0x3b, 0x0a, 0x20, 0x20, 0x20, 0x20, 0x20, 0x20, 0x20, 0x20, 0x6c, 0x65, 0x74, 0x20, 0x76, 0x5f, // ;.        let v_
	0x33, 0x30, 0x20, 0x3d, 0x20, 0x28, 0x76, 0x5f, 0x31, 0x20, 0x2b, 0x20, 0x31, 0x36, 0x75, 0x29, // 30 = (v_1 + 16u)
	0x3b, 0x0a, 0x20, 0x20, 0x20, 0x20, 0x20, 0x20, 0x20, 0x20, 0x6c, 0x65, 0x74, 0x20, 0x76, 0x5f, // ;.        let v_
	0x33, 0x31, 0x20, 0x3d, 0x20, 0x76, 0x65, 0x63, 0x34, 0x3c, 0x66, 0x33, 0x32, 0x3e, 0x28, 0x67, // 31 = vec4<f32>(g
	0x73, 0x5f, 0x52, 0x5b, 0x76, 0x5f, 0x33, 0x30, 0x5d, 0x2c, 0x20, 0x67, 0x73, 0x5f, 0x47, 0x5b, // s_R[v_30], gs_G[
	0x76, 0x5f, 0x33, 0x30, 0x5d, 0x2c, 0x20, 0x67, 0x73, 0x5f, 0x42, 0x5b, 0x76, 0x5f, 0x33, 0x30, // v_30], gs_B[v_30
	0x5d, 0x2c, 0x20, 0x67, 0x73, 0x5f, 0x41, 0x5b, 0x76, 0x5f, 0x33, 0x30, 0x5d, 0x29, 0x3b, 0x0a, // ], gs_A[v_30]);.
	0x20, 0x20, 0x20, 0x20, 0x20, 0x20, 0x20, 0x20, 0x6c, 0x65, 0x74, 0x20, 0x76, 0x5f, 0x33, 0x32, //         let v_32
	0x20, 0x3d, 0x20, 0x28, 0x76, 0x5f, 0x31, 0x20, 0x2b, 0x20, 0x31, 0x38, 0x75, 0x29, 0x3b, 0x0a, //  = (v_1 + 18u);.
	0x20, 0x20, 0x20, 0x20, 0x20, 0x20, 0x20, 0x20, 0x6c, 0x65, 0x74, 0x20, 0x76, 0x5f, 0x33, 0x33, //         let v_33
	0x20, 0x3d, 0x20, 0x28, 0x28, 0x28, 0x28, 0x76, 0x5f, 0x32, 0x36, 0x20, 0x2b, 0x20, 0x76, 0x5f, //  = ((((v_26 + v_
	0x32, 0x39, 0x29, 0x20, 0x2b, 0x20, 0x76, 0x5f, 0x33, 0x31, 0x29, 0x20, 0x2b, 0x20, 0x76, 0x65, // 29) + v_31) + ve
	0x63, 0x34, 0x3c, 0x66, 0x33, 0x32, 0x3e, 0x28, 0x67, 0x73, 0x5f, 0x52, 0x5b, 0x76, 0x5f, 0x33, // c4<f32>(gs_R[v_3
	0x32, 0x5d, 0x2c, 0x20, 0x67, 0x73, 0x5f, 0x47, 0x5b, 0x76, 0x5f, 0x33, 0x32, 0x5d, 0x2c, 0x20, // 2], gs_G[v_32], 
	0x67, 0x73, 0x5f, 0x42, 0x5b, 0x76, 0x5f, 0x33, 0x32, 0x5d, 0x2c, 0x20, 0x67, 0x73, 0x5f, 0x41, // gs_B[v_32], gs_A
	0x5b, 0x76, 0x5f, 0x33, 0x32, 0x5d, 0x29, 0x29, 0x20, 0x2a, 0x20, 0x30, 0x2e, 0x32, 0x35, 0x66, // [v_32])) * 0.25f
	0x29, 0x3b, 0x0a, 0x20, 0x20, 0x20, 0x20, 0x20, 0x20, 0x20, 0x20, 0x6c, 0x65, 0x74, 0x20, 0x76, // );.        let v
	0x5f, 0x33, 0x34, 0x20, 0x3d, 0x20, 0x62, 0x69, 0x74, 0x63, 0x61, 0x73, 0x74, 0x3c, 0x76, 0x65, // _34 = bitcast<ve
	0x63, 0x32, 0x3c, 0x69, 0x33, 0x32, 0x3e, 0x3e, 0x28, 0x28, 0x76, 0x5f, 0x36, 0x20, 0x2f, 0x20, // c2<i32>>((v_6 / 
	0x76, 0x65, 0x63, 0x32, 0x3c, 0x75, 0x33, 0x32, 0x3e, 0x28, 0x34, 0x75, 0x29, 0x29, 0x29, 0x3b, // vec2<u32>(4u)));
	0x0a, 0x20, 0x20, 0x20, 0x20, 0x20, 0x20, 0x20, 0x20, 0x6c, 0x65, 0x74, 0x20, 0x76, 0x5f, 0x33, // .        let v_3
	0x35, 0x20, 0x3d, 0x20, 0x76, 0x65, 0x63, 0x33, 0x3c, 0x69, 0x33, 0x32, 0x3e, 0x28, 0x76, 0x5f, // 5 = vec3<i32>(v_
	0x33, 0x34, 0x2e, 0x78, 0x2c, 0x20, 0x76, 0x5f, 0x33, 0x34, 0x2e, 0x79, 0x2c, 0x20, 0x76, 0x5f, // 34.x, v_34.y, v_
	0x31, 0x31, 0x29, 0x3b, 0x0a, 0x20, 0x20, 0x20, 0x20, 0x20, 0x20, 0x20, 0x20, 0x74, 0x65, 0x78, // 11);.        tex
	0x74, 0x75, 0x72, 0x65, 0x53, 0x74, 0x6f, 0x72, 0x65, 0x28, 0x73, 0x5f, 0x69, 0x6d, 0x67, 0x4d, // tureStore(s_imgM
	0x69, 0x70, 0x33, 0x2c, 0x20, 0x76, 0x5f, 0x33, 0x35, 0x2e, 0x78, 0x79, 0x2c, 0x20, 0x76, 0x5f, // ip3, v_35.xy, v_
	0x33, 0x35, 0x2e, 0x7a, 0x2c, 0x20, 0x76, 0x5f, 0x33, 0x33, 0x29, 0x3b, 0x0a, 0x20, 0x20, 0x20, // 35.z, v_33);.   
	0x20, 0x20, 0x20, 0x20, 0x20, 0x2a, 0x28, 0x76, 0x5f, 0x31, 0x33, 0x29, 0x20, 0x3d, 0x20, 0x76, //      *(v_13) = v
	0x5f, 0x33, 0x33, 0x2e, 0x78, 0x3b, 0x0a, 0x20, 0x20, 0x20, 0x20, 0x20, 0x20, 0x20, 0x20, 0x2a, // _33.x;.        *
	0x28, 0x76, 0x5f, 0x31, 0x34, 0x29, 0x20, 0x3d, 0x20, 0x76, 0x5f, 0x33, 0x33, 0x2e, 0x79, 0x3b, // (v_14) = v_33.y;
	0x0a, 0x20, 0x20, 0x20, 0x20, 0x20, 0x20, 0x20, 0x20, 0x2a, 0x28, 0x76, 0x5f, 0x31, 0x35, 0x29, // .        *(v_15)
	0x20, 0x3d, 0x20, 0x76, 0x5f, 0x33, 0x33, 0x2e, 0x7a, 0x3b, 0x0a, 0x20, 0x20, 0x20, 0x20, 0x20, //  = v_33.z;.     
	0x20, 0x20, 0x20, 0x2a, 0x28, 0x76, 0x5f, 0x31, 0x36, 0x29, 0x20, 0x3d, 0x20, 0x76, 0x5f, 0x33, //    *(v_16) = v_3
	0x33, 0x2e, 0x77, 0x3b, 0x0a, 0x20, 0x20, 0x20, 0x20, 0x20, 0x20, 0x20, 0x20, 0x76, 0x5f, 0x32, // 3.w;.        v_2
	0x37, 0x20, 0x3d, 0x20, 0x76, 0x5f, 0x33, 0x33, 0x3b, 0x0a, 0x20, 0x20, 0x20, 0x20, 0x20, 0x20, // 7 = v_33;.      
	0x7d, 0x20, 0x65, 0x6c, 0x73, 0x65, 0x20, 0x7b, 0x0a, 0x20, 0x20, 0x20, 0x20, 0x20, 0x20, 0x20, // } else {.       
	0x20, 0x76, 0x5f, 0x32, 0x37, 0x20, 0x3d, 0x20, 0x76, 0x5f, 0x32, 0x36, 0x3b, 0x0a, 0x20, 0x20, //  v_27 = v_26;.  
	0x20, 0x20, 0x20, 0x20, 0x7d, 0x0a, 0x20, 0x20, 0x20, 0x20, 0x20, 0x20, 0x6c, 0x65, 0x74, 0x20, //     }.      let 
	0x76, 0x5f, 0x33, 0x36, 0x20, 0x3d, 0x20, 0x76, 0x5f, 0x32, 0x37, 0x3b, 0x0a, 0x20, 0x20, 0x20, // v_36 = v_27;.   
	0x20, 0x20, 0x20, 0x69, 0x66, 0x20, 0x28, 0x28, 0x76, 0x5f, 0x34, 0x20, 0x3d, 0x3d, 0x20, 0x33, //    if ((v_4 == 3
	0x75, 0x29, 0x29, 0x20, 0x7b, 0x0a, 0x20, 0x20, 0x20, 0x20, 0x20, 0x20, 0x20, 0x20, 0x62, 0x72, // u)) {.        br
	0x65, 0x61, 0x6b, 0x3b, 0x0a, 0x20, 0x20, 0x20, 0x20, 0x20, 0x20, 0x7d, 0x0a, 0x20, 0x20, 0x20, // eak;.      }.   
	0x20, 0x20, 0x20, 0x77, 0x6f, 0x72, 0x6b, 0x67, 0x72, 0x6f, 0x75, 0x70, 0x42, 0x61, 0x72, 0x72, //    workgroupBarr
	0x69, 0x65, 0x72, 0x28, 0x29, 0x3b, 0x0a, 0x20, 0x20, 0x20, 0x20, 0x20, 0x20, 0x69, 0x66, 0x20, // ier();.      if 
	0x28, 0x28, 0x76, 0x5f, 0x31, 0x20, 0x3d, 0x3d, 0x20, 0x30, 0x75, 0x29, 0x29, 0x20, 0x7b, 0x0a, // ((v_1 == 0u)) {.
	0x20, 0x20, 0x20, 0x20, 0x20, 0x20, 0x20, 0x20, 0x6c, 0x65, 0x74, 0x20, 0x76, 0x5f, 0x33, 0x37, //         let v_37
	0x20, 0x3d, 0x20, 0x28, 0x76, 0x5f, 0x31, 0x20, 0x2b, 0x20, 0x34, 0x75, 0x29, 0x3b, 0x0a, 0x20, //  = (v_1 + 4u);. 
	0x20, 0x20, 0x20, 0x20, 0x20, 0x20, 0x20, 0x6c, 0x65, 0x74, 0x20, 0x76, 0x5f, 0x33, 0x38, 0x20, //        let v_38 
	0x3d, 0x20, 0x76, 0x65, 0x63, 0x34, 0x3c, 0x66, 0x33, 0x32, 0x3e, 0x28, 0x67, 0x73, 0x5f, 0x52, // = vec4<f32>(gs_R
	0x5b, 0x76, 0x5f, 0x33, 0x37, 0x5d, 0x2c, 0x20, 0x67, 0x73, 0x5f, 0x47, 0x5b, 0x76, 0x5f, 0x33, // [v_37], gs_G[v_3
	0x37, 0x5d, 0x2c, 0x20, 0x67, 0x73, 0x5f, 0x42, 0x5b, 0x76, 0x5f, 0x33, 0x37, 0x5d, 0x2c, 0x20, // 7], gs_B[v_37], 
	0x67, 0x73, 0x5f, 0x41, 0x5b, 0x76, 0x5f, 0x33, 0x37, 0x5d, 0x29, 0x3b, 0x0a, 0x20, 0x20, 0x20, // gs_A[v_37]);.   
	0x20, 0x20, 0x20, 0x20, 0x20, 0x6c, 0x65, 0x74, 0x20, 0x76, 0x5f, 0x33, 0x39, 0x20, 0x3d, 0x20, //      let v_39 = 
	0x28, 0x76, 0x5f, 0x31, 0x20, 0x2b, 0x20, 0x33, 0x32, 0x75, 0x29, 0x3b, 0x0a, 0x20, 0x20, 0x20, // (v_1 + 32u);.   
	0x20, 0x20, 0x20, 0x20, 0x20, 0x6c, 0x65, 0x74, 0x20, 0x76, 0x5f, 0x34, 0x30, 0x20, 0x3d, 0x20, //      let v_40 = 
	0x76, 0x65, 0x63, 0x34, 0x3c, 0x66, 0x33, 0x32, 0x3e, 0x28, 0x67, 0x73, 0x5f, 0x52, 0x5b, 0x76, // vec4<f32>(gs_R[v
	0x5f, 0x33, 0x39, 0x5d, 0x2c, 0x20, 0x67, 0x73, 0x5f, 0x47, 0x5b, 0x76, 0x5f, 0x33, 0x39, 0x5d, // _39], gs_G[v_39]
	0x2c, 0x20, 0x67, 0x73, 0x5f, 0x42, 0x5b, 0x76, 0x5f, 0x33, 0x39, 0x5d, 0x2c, 0x20, 0x67, 0x73, // , gs_B[v_39], gs
	0x5f, 0x41, 0x5b, 0x76, 0x5f, 0x33, 0x39, 0x5d, 0x29, 0x3b, 0x0a, 0x20, 0x20, 0x20, 0x20, 0x20, // _A[v_39]);.     
	0x20, 0x20, 0x20, 0x6c, 0x65, 0x74, 0x20, 0x76, 0x5f, 0x34, 0x31, 0x20, 0x3d, 0x20, 0x28, 0x76, //    let v_41 = (v
	0x5f, 0x31, 0x20, 0x2b, 0x20, 0x33, 0x36, 0x75, 0x29, 0x3b, 0x0a, 0x20, 0x20, 0x20, 0x20, 0x20, // _1 + 36u);.     
	0x20, 0x20, 0x20, 0x6c, 0x65, 0x74, 0x20, 0x76, 0x5f, 0x34, 0x32, 0x20, 0x3d, 0x20, 0x28, 0x28, //    let v_42 = ((
	0x28, 0x28, 0x76, 0x5f, 0x33, 0x36, 0x20, 0x2b, 0x20, 0x76, 0x5f, 0x33, 0x38, 0x29, 0x20, 0x2b, // ((v_36 + v_38) +
	0x20, 0x76, 0x5f, 0x34, 0x30, 0x29, 0x20, 0x2b, 0x20, 0x76, 0x65, 0x63, 0x34, 0x3c, 0x66, 0x33, //  v_40) + vec4<f3
	0x32, 0x3e, 0x28, 0x67, 0x73, 0x5f, 0x52, 0x5b, 0x76, 0x5f, 0x34, 0x31, 0x5d, 0x2c, 0x20, 0x67, // 2>(gs_R[v_41], g
	0x73, 0x5f, 0x47, 0x5b, 0x76, 0x5f, 0x34, 0x31, 0x5d, 0x2c, 0x20, 0x67, 0x73, 0x5f, 0x42, 0x5b, // s_G[v_41], gs_B[
	0x76, 0x5f, 0x34, 0x31, 0x5d, 0x2c, 0x20, 0x67, 0x73, 0x5f, 0x41, 0x5b, 0x76, 0x5f, 0x34, 0x31, // v_41], gs_A[v_41
	0x5d, 0x29, 0x29, 0x20, 0x2a, 0x20, 0x30, 0x2e, 0x32, 0x35, 0x66, 0x29, 0x3b, 0x0a, 0x20, 0x20, // ])) * 0.25f);.  
	0x20, 0x20, 0x20, 0x20, 0x20, 0x20, 0x6c, 0x65, 0x74, 0x20, 0x76, 0x5f, 0x34, 0x33, 0x20, 0x3d, //       let v_43 =
	0x20, 0x62, 0x69, 0x74, 0x63, 0x61, 0x73, 0x74, 0x3c, 0x76, 0x65, 0x63, 0x32, 0x3c, 0x69, 0x33, //  bitcast<vec2<i3
	0x32, 0x3e, 0x3e, 0x28, 0x28, 0x76, 0x5f, 0x36, 0x20, 0x2f, 0x20, 0x76, 0x65, 0x63, 0x32, 0x3c, // 2>>((v_6 / vec2<
	0x75, 0x33, 0x32, 0x3e, 0x28, 0x38, 0x75, 0x29, 0x29, 0x29, 0x3b, 0x0a, 0x20, 0x20, 0x20, 0x20, // u32>(8u)));.    
	0x20, 0x20, 0x20, 0x20, 0x6c, 0x65, 0x74, 0x20, 0x76, 0x5f, 0x34, 0x34, 0x20, 0x3d, 0x20, 0x76, //     let v_44 = v
	0x65, 0x63, 0x33, 0x3c, 0x69, 0x33, 0x32, 0x3e, 0x28, 0x76, 0x5f, 0x34, 0x33, 0x2e, 0x78, 0x2c, // ec3<i32>(v_43.x,
	0x20, 0x76, 0x5f, 0x34, 0x33, 0x2e, 0x79, 0x2c, 0x20, 0x76, 0x5f, 0x31, 0x31, 0x29, 0x3b, 0x0a, //  v_43.y, v_11);.
	0x20, 0x20, 0x20, 0x20, 0x20, 0x20, 0x20, 0x20, 0x74, 0x65, 0x78, 0x74, 0x75, 0x72, 0x65, 0x53, //         textureS
	0x74, 0x6f, 0x72, 0x65, 0x28, 0x73, 0x5f, 0x69, 0x6d, 0x67, 0x4d, 0x69, 0x70, 0x34, 0x2c, 0x20, // tore(s_imgMip4, 
	0x76, 0x5f, 0x34, 0x34, 0x2e, 0x78, 0x79, 0x2c, 0x20, 0x76, 0x5f, 0x34, 0x34, 0x2e, 0x7a, 0x2c, // v_44.xy, v_44.z,
	0x20, 0x76, 0x5f, 0x34, 0x32, 0x29, 0x3b, 0x0a, 0x20, 0x20, 0x20, 0x20, 0x20, 0x20, 0x7d, 0x0a, //  v_42);.      }.
	0x20, 0x20, 0x20, 0x20, 0x7d, 0x0a, 0x20, 0x20, 0x7d, 0x0a, 0x7d, 0x0a, 0x00, 0x00, 0x10, 0x00, //     }.  }.}.....
	0x10, 0x00,                                                                                     // ..
};
static const uint8_t cs_mipgen_pow2_dxbc[3217] =
{
	0x43, 0x53, 0x48, 0x0b, 0x00, 0x00, 0x00, 0x00, 0x00, 0x00, 0x00, 0x00, 0x02, 0x00, 0x0b, 0x62, // CSH............b
	0x67, 0x66, 0x78, 0x5f, 0x6d, 0x69, 0x70, 0x47, 0x65, 0x6e, 0x02, 0x00, 0x00, 0x00, 0x01, 0x00, // gfx_mipGen......
	0x00, 0x00, 0x00, 0x00, 0x0e, 0x62, 0x67, 0x66, 0x78, 0x5f, 0x74, 0x65, 0x78, 0x4d, 0x69, 0x70, // .....bgfx_texMip
	0x53, 0x72, 0x63, 0x20, 0x01, 0x04, 0x00, 0x01, 0x00, 0x00, 0x00, 0x00, 0x00, 0x4c, 0x0c, 0x00, // Src .........L..
	0x00, 0x44, 0x58, 0x42, 0x43, 0x3d, 0x35, 0x0e, 0x88, 0x0b, 0xbd, 0x2a, 0x7b, 0x47, 0xa2, 0x1f, // .DXBC=5....*{G..
	0x4a, 0xce, 0x6c, 0x8e, 0x87, 0x01, 0x00, 0x00, 0x00, 0x4c, 0x0c, 0x00, 0x00, 0x03, 0x00, 0x00, // J.l......L......
	0x00, 0x2c, 0x00, 0x00, 0x00, 0x3c, 0x00, 0x00, 0x00, 0x4c, 0x00, 0x00, 0x00, 0x49, 0x53, 0x47, // .,...<...L...ISG
	0x4e, 0x08, 0x00, 0x00, 0x00, 0x00, 0x00, 0x00, 0x00, 0x08, 0x00, 0x00, 0x00, 0x4f, 0x53, 0x47, // N............OSG
	0x4e, 0x08, 0x00, 0x00, 0x00, 0x00, 0x00, 0x00, 0x00, 0x08, 0x00, 0x00, 0x00, 0x53, 0x48, 0x45, // N............SHE
	0x58, 0xf8, 0x0b, 0x00, 0x00, 0x50, 0x00, 0x05, 0x00, 0xfe, 0x02, 0x00, 0x00, 0x6a, 0x08, 0x00, // X....P.......j..
	0x01, 0x59, 0x00, 0x00, 0x04, 0x46, 0x8e, 0x20, 0x00, 0x00, 0x00, 0x00, 0x00, 0x01, 0x00, 0x00, // .Y...F. ........
	0x00, 0x5a, 0x00, 0x00, 0x03, 0x00, 0x60, 0x10, 0x00, 0x04, 0x00, 0x00, 0x00, 0x58, 0x40, 0x00, // .Z....`......X@.
	0x04, 0x00, 0x70, 0x10, 0x00, 0x04, 0x00, 0x00, 0x00, 0x55, 0x55, 0x00, 0x00, 0x9c, 0x40, 0x00, // ..p......UU...@.
	0x04, 0x00, 0xe0, 0x11, 0x00, 0x00, 0x00, 0x00, 0x00, 0x11, 0x11, 0x00, 0x00, 0x9c, 0x40, 0x00, // ..............@.
	0x04, 0x00, 0xe0, 0x11, 0x00, 0x01, 0x00, 0x00, 0x00, 0x11, 0x11, 0x00, 0x00, 0x9c, 0x40, 0x00, // ..............@.
	0x04, 0x00, 0xe0, 0x11, 0x00, 0x02, 0x00, 0x00, 0x00, 0x11, 0x11, 0x00, 0x00, 0x9c, 0x40, 0x00, // ..............@.
	0x04, 0x00, 0xe0, 0x11, 0x00, 0x03, 0x00, 0x00, 0x00, 0x11, 0x11, 0x00, 0x00, 0x5f, 0x00, 0x00, // ............._..
	0x02, 0x00, 0x40, 0x02, 0x00, 0x5f, 0x00, 0x00, 0x02, 0x72, 0x00, 0x02, 0x00, 0x68, 0x00, 0x00, // ..@.._...r...h..
	0x02, 0x05, 0x00, 0x00, 0x00, 0xa0, 0x00, 0x00, 0x05, 0x00, 0xf0, 0x11, 0x00, 0x00, 0x00, 0x00, // ................
	0x00, 0x04, 0x00, 0x00, 0x00, 0x40, 0x00, 0x00, 0x00, 0xa0, 0x00, 0x00, 0x05, 0x00, 0xf0, 0x11, // .....@..........
	0x00, 0x01, 0x00, 0x00, 0x00, 0x04, 0x00, 0x00, 0x00, 0x40, 0x00, 0x00, 0x00, 0xa0, 0x00, 0x00, // .........@......
	0x05, 0x00, 0xf0, 0x11, 0x00, 0x02, 0x00, 0x00, 0x00, 0x04, 0x00, 0x00, 0x00, 0x40, 0x00, 0x00, // .............@..
	0x00, 0xa0, 0x00, 0x00, 0x05, 0x00, 0xf0, 0x11, 0x00, 0x03, 0x00, 0x00, 0x00, 0x04, 0x00, 0x00, // ................
	0x00, 0x40, 0x00, 0x00, 0x00, 0x9b, 0x00, 0x00, 0x04, 0x08, 0x00, 0x00, 0x00, 0x08, 0x00, 0x00, // .@..............
	0x00, 0x01, 0x00, 0x00, 0x00, 0x1c, 0x00, 0x00, 0x06, 0x32, 0x00, 0x10, 0x00, 0x00, 0x00, 0x00, // .........2......
	0x00, 0x46, 0x80, 0x20, 0x00, 0x00, 0x00, 0x00, 0x00, 0x00, 0x00, 0x00, 0x00, 0x56, 0x00, 0x00, // .F. .........V..
	0x04, 0x72, 0x00, 0x10, 0x00, 0x01, 0x00, 0x00, 0x00, 0x46, 0x02, 0x02, 0x00, 0x00, 0x00, 0x00, // .r.......F......
	0x0a, 0xc2, 0x00, 0x10, 0x00, 0x00, 0x00, 0x00, 0x00, 0x06, 0x04, 0x10, 0x00, 0x01, 0x00, 0x00, // ................
	0x00, 0x02, 0x40, 0x00, 0x00, 0x00, 0x00, 0x00, 0x00, 0x00, 0x00, 0x00, 0x00, 0x00, 0x00, 0x00, // ..@.............
	0x3f, 0x00, 0x00, 0x00, 0x3f, 0x38, 0x00, 0x00, 0x08, 0x32, 0x00, 0x10, 0x00, 0x01, 0x00, 0x00, // ?...?8...2......
	0x00, 0xe6, 0x0a, 0x10, 0x00, 0x00, 0x00, 0x00, 0x00, 0xe6, 0x8a, 0x20, 0x00, 0x00, 0x00, 0x00, // ........... ....
	0x00, 0x00, 0x00, 0x00, 0x00, 0x56, 0x00, 0x00, 0x05, 0x12, 0x00, 0x10, 0x00, 0x00, 0x00, 0x00, // .....V..........
	0x00, 0x0a, 0x00, 0x10, 0x00, 0x00, 0x00, 0x00, 0x00, 0x48, 0x00, 0x00, 0x8d, 0x02, 0x02, 0x00, // .........H......
	0x80, 0x43, 0x55, 0x15, 0x00, 0xf2, 0x00, 0x10, 0x00, 0x01, 0x00, 0x00, 0x00, 0x46, 0x02, 0x10, // .CU..........F..
	0x00, 0x01, 0x00, 0x00, 0x00, 0x46, 0x7e, 0x10, 0x00, 0x04, 0x00, 0x00, 0x00, 0x00, 0x60, 0x10, // .....F~.......`.
	0x00, 0x04, 0x00, 0x00, 0x00, 0x0a, 0x00, 0x10, 0x00, 0x00, 0x00, 0x00, 0x00, 0xa4, 0x00, 0x00, // ................
	0x06, 0xf2, 0xe0, 0x11, 0x00, 0x00, 0x00, 0x00, 0x00, 0x46, 0x0a, 0x02, 0x00, 0x46, 0x0e, 0x10, // .........F...F..
	0x00, 0x01, 0x00, 0x00, 0x00, 0x20, 0x00, 0x00, 0x07, 0x12, 0x00, 0x10, 0x00, 0x00, 0x00, 0x00, // ..... ..........
	0x00, 0x1a, 0x00, 0x10, 0x00, 0x00, 0x00, 0x00, 0x00, 0x01, 0x40, 0x00, 0x00, 0x01, 0x00, 0x00, // ..........@.....
	0x00, 0x1f, 0x00, 0x04, 0x03, 0x0a, 0x00, 0x10, 0x00, 0x00, 0x00, 0x00, 0x00, 0x3e, 0x00, 0x00, // .............>..
	0x01, 0x15, 0x00, 0x00, 0x01, 0xa8, 0x00, 0x00, 0x08, 0x12, 0xf0, 0x11, 0x00, 0x00, 0x00, 0x00, // ................
	0x00, 0x0a, 0x40, 0x02, 0x00, 0x01, 0x40, 0x00, 0x00, 0x00, 0x00, 0x00, 0x00, 0x0a, 0x00, 0x10, // ..@...@.........
	0x00, 0x01, 0x00, 0x00, 0x00, 0xa8, 0x00, 0x00, 0x08, 0x12, 0xf0, 0x11, 0x00, 0x01, 0x00, 0x00, // ................
	0x00, 0x0a, 0x40, 0x02, 0x00, 0x01, 0x40, 0x00, 0x00, 0x00, 0x00, 0x00, 0x00, 0x1a, 0x00, 0x10, // ..@...@.........
	0x00, 0x01, 0x00, 0x00, 0x00, 0xa8, 0x00, 0x00, 0x08, 0x12, 0xf0, 0x11, 0x00, 0x02, 0x00, 0x00, // ................
	0x00, 0x0a, 0x40, 0x02, 0x00, 0x01, 0x40, 0x00, 0x00, 0x00, 0x00, 0x00, 0x00, 0x2a, 0x00, 0x10, // ..@...@......*..
	0x00, 0x01, 0x00, 0x00, 0x00, 0xa8, 0x00, 0x00, 0x08, 0x12, 0xf0, 0x11, 0x00, 0x03, 0x00, 0x00, // ................
	0x00, 0x0a, 0x40, 0x02, 0x00, 0x01, 0x40, 0x00, 0x00, 0x00, 0x00, 0x00, 0x00, 0x3a, 0x00, 0x10, // ..@...@......:..
	0x00, 0x01, 0x00, 0x00, 0x00, 0xbe, 0x18, 0x00, 0x01, 0x01, 0x00, 0x00, 0x06, 0x12, 0x00, 0x10, // ................
	0x00, 0x00, 0x00, 0x00, 0x00, 0x0a, 0x40, 0x02, 0x00, 0x01, 0x40, 0x00, 0x00, 0x09, 0x00, 0x00, // ......@...@.....
	0x00, 0x1f, 0x00, 0x00, 0x03, 0x0a, 0x00, 0x10, 0x00, 0x00, 0x00, 0x00, 0x00, 0x1e, 0x00, 0x00, // ................
	0x09, 0xd2, 0x00, 0x10, 0x00, 0x00, 0x00, 0x00, 0x00, 0x06, 0x40, 0x02, 0x00, 0x02, 0x40, 0x00, // ..........@...@.
	0x00, 0x01, 0x00, 0x00, 0x00, 0x00, 0x00, 0x00, 0x00, 0x08, 0x00, 0x00, 0x00, 0x09, 0x00, 0x00, // ................
	0x00, 0xa7, 0x00, 0x00, 0x09, 0x12, 0x00, 0x10, 0x00, 0x02, 0x00, 0x00, 0x00, 0x0a, 0x00, 0x10, // ................
	0x00, 0x00, 0x00, 0x00, 0x00, 0x01, 0x40, 0x00, 0x00, 0x00, 0x00, 0x00, 0x00, 0x06, 0xf0, 0x11, // ......@.........
	0x00, 0x00, 0x00, 0x00, 0x00, 0xa7, 0x00, 0x00, 0x09, 0x22, 0x00, 0x10, 0x00, 0x02, 0x00, 0x00, // ........."......
	0x00, 0x0a, 0x00, 0x10, 0x00, 0x00, 0x00, 0x00, 0x00, 0x01, 0x40, 0x00, 0x00, 0x00, 0x00, 0x00, // ..........@.....
	0x00, 0x06, 0xf0, 0x11, 0x00, 0x01, 0x00, 0x00, 0x00, 0xa7, 0x00, 0x00, 0x09, 0x42, 0x00, 0x10, // .............B..
	0x00, 0x02, 0x00, 0x00, 0x00, 0x0a, 0x00, 0x10, 0x00, 0x00, 0x00, 0x00, 0x00, 0x01, 0x40, 0x00, // ..............@.
	0x00, 0x00, 0x00, 0x00, 0x00, 0x06, 0xf0, 0x11, 0x00, 0x02, 0x00, 0x00, 0x00, 0xa7, 0x00, 0x00, // ................
	0x09, 0x82, 0x00, 0x10, 0x00, 0x02, 0x00, 0x00, 0x00, 0x0a, 0x00, 0x10, 0x00, 0x00, 0x00, 0x00, // ................
	0x00, 0x01, 0x40, 0x00, 0x00, 0x00, 0x00, 0x00, 0x00, 0x06, 0xf0, 0x11, 0x00, 0x03, 0x00, 0x00, // ..@.............
	0x00, 0xa7, 0x00, 0x00, 0x09, 0x12, 0x00, 0x10, 0x00, 0x03, 0x00, 0x00, 0x00, 0x2a, 0x00, 0x10, // .............*..
	0x00, 0x00, 0x00, 0x00, 0x00, 0x01, 0x40, 0x00, 0x00, 0x00, 0x00, 0x00, 0x00, 0x06, 0xf0, 0x11, // ......@.........
	0x00, 0x00, 0x00, 0x00, 0x00, 0xa7, 0x00, 0x00, 0x09, 0x22, 0x00, 0x10, 0x00, 0x03, 0x00, 0x00, // ........."......
	0x00, 0x2a, 0x00, 0x10, 0x00, 0x00, 0x00, 0x00, 0x00, 0x01, 0x40, 0x00, 0x00, 0x00, 0x00, 0x00, // .*........@.....
	0x00, 0x06, 0xf0, 0x11, 0x00, 0x01, 0x00, 0x00, 0x00, 0xa7, 0x00, 0x00, 0x09, 0x42, 0x00, 0x10, // .............B..
	0x00, 0x03, 0x00, 0x00, 0x00, 0x2a, 0x00, 0x10, 0x00, 0x00, 0x00, 0x00, 0x00, 0x01, 0x40, 0x00, // .....*........@.
	0x00, 0x00, 0x00, 0x00, 0x00, 0x06, 0xf0, 0x11, 0x00, 0x02, 0x00, 0x00, 0x00, 0xa7, 0x00, 0x00, // ................
	0x09, 0x82, 0x00, 0x10, 0x00, 0x03, 0x00, 0x00, 0x00, 0x2a, 0x00, 0x10, 0x00, 0x00, 0x00, 0x00, // .........*......
	0x00, 0x01, 0x40, 0x00, 0x00, 0x00, 0x00, 0x00, 0x00, 0x06, 0xf0, 0x11, 0x00, 0x03, 0x00, 0x00, // ..@.............
	0x00, 0xa7, 0x00, 0x00, 0x09, 0x12, 0x00, 0x10, 0x00, 0x04, 0x00, 0x00, 0x00, 0x3a, 0x00, 0x10, // .............:..
	0x00, 0x00, 0x00, 0x00, 0x00, 0x01, 0x40, 0x00, 0x00, 0x00, 0x00, 0x00, 0x00, 0x06, 0xf0, 0x11, // ......@.........
	0x00, 0x00, 0x00, 0x00, 0x00, 0xa7, 0x00, 0x00, 0x09, 0x22, 0x00, 0x10, 0x00, 0x04, 0x00, 0x00, // ........."......
	0x00, 0x3a, 0x00, 0x10, 0x00, 0x00, 0x00, 0x00, 0x00, 0x01, 0x40, 0x00, 0x00, 0x00, 0x00, 0x00, // .:........@.....
	0x00, 0x06, 0xf0, 0x11, 0x00, 0x01, 0x00, 0x00, 0x00, 0xa7, 0x00, 0x00, 0x09, 0x42, 0x00, 0x10, // .............B..
	0x00, 0x04, 0x00, 0x00, 0x00, 0x3a, 0x00, 0x10, 0x00, 0x00, 0x00, 0x00, 0x00, 0x01, 0x40, 0x00, // .....:........@.
	0x00, 0x00, 0x00, 0x00, 0x00, 0x06, 0xf0, 0x11, 0x00, 0x02, 0x00, 0x00, 0x00, 0xa7, 0x00, 0x00, // ................
	0x09, 0x82, 0x00, 0x10, 0x00, 0x04, 0x00, 0x00, 0x00, 0x3a, 0x00, 0x10, 0x00, 0x00, 0x00, 0x00, // .........:......
	0x00, 0x01, 0x40, 0x00, 0x00, 0x00, 0x00, 0x00, 0x00, 0x06, 0xf0, 0x11, 0x00, 0x03, 0x00, 0x00, // ..@.............
	0x00, 0x00, 0x00, 0x00, 0x07, 0xf2, 0x00, 0x10, 0x00, 0x02, 0x00, 0x00, 0x00, 0x46, 0x0e, 0x10, // .............F..
	0x00, 0x01, 0x00, 0x00, 0x00, 0x46, 0x0e, 0x10, 0x00, 0x02, 0x00, 0x00, 0x00, 0x00, 0x00, 0x00, // .....F..........
	0x07, 0xf2, 0x00, 0x10, 0x00, 0x02, 0x00, 0x00, 0x00, 0x46, 0x0e, 0x10, 0x00, 0x03, 0x00, 0x00, // .........F......
	0x00, 0x46, 0x0e, 0x10, 0x00, 0x02, 0x00, 0x00, 0x00, 0x00, 0x00, 0x00, 0x07, 0xf2, 0x00, 0x10, // .F..............
	0x00, 0x02, 0x00, 0x00, 0x00, 0x46, 0x0e, 0x10, 0x00, 0x04, 0x00, 0x00, 0x00, 0x46, 0x0e, 0x10, // .....F.......F..
	0x00, 0x02, 0x00, 0x00, 0x00, 0x38, 0x00, 0x00, 0x0a, 0xf2, 0x00, 0x10, 0x00, 0x01, 0x00, 0x00, // .....8..........
	0x00, 0x46, 0x0e, 0x10, 0x00, 0x02, 0x00, 0x00, 0x00, 0x02, 0x40, 0x00, 0x00, 0x00, 0x00, 0x80, // .F........@.....
	0x3e, 0x00, 0x00, 0x80, 0x3e, 0x00, 0x00, 0x80, 0x3e, 0x00, 0x00, 0x80, 0x3e, 0x55, 0x00, 0x00, // >...>...>...>U..
	0x09, 0x32, 0x00, 0x10, 0x00, 0x02, 0x00, 0x00, 0x00, 0x46, 0x00, 0x02, 0x00, 0x02, 0x40, 0x00, // .2.......F....@.
	0x00, 0x01, 0x00, 0x00, 0x00, 0x01, 0x00, 0x00, 0x00, 0x00, 0x00, 0x00, 0x00, 0x00, 0x00, 0x00, // ................
	0x00, 0x36, 0x00, 0x00, 0x04, 0xc2, 0x00, 0x10, 0x00, 0x02, 0x00, 0x00, 0x00, 0xa6, 0x0a, 0x02, // .6..............
	0x00, 0xa4, 0x00, 0x00, 0x07, 0xf2, 0xe0, 0x11, 0x00, 0x01, 0x00, 0x00, 0x00, 0x46, 0x0e, 0x10, // .............F..
	0x00, 0x02, 0x00, 0x00, 0x00, 0x46, 0x0e, 0x10, 0x00, 0x01, 0x00, 0x00, 0x00, 0xa8, 0x00, 0x00, // .....F..........
	0x08, 0x12, 0xf0, 0x11, 0x00, 0x00, 0x00, 0x00, 0x00, 0x0a, 0x40, 0x02, 0x00, 0x01, 0x40, 0x00, // ..........@...@.
	0x00, 0x00, 0x00, 0x00, 0x00, 0x0a, 0x00, 0x10, 0x00, 0x01, 0x00, 0x00, 0x00, 0xa8, 0x00, 0x00, // ................
	0x08, 0x12, 0xf0, 0x11, 0x00, 0x01, 0x00, 0x00, 0x00, 0x0a, 0x40, 0x02, 0x00, 0x01, 0x40, 0x00, // ..........@...@.
	0x00, 0x00, 0x00, 0x00, 0x00, 0x1a, 0x00, 0x10, 0x00, 0x01, 0x00, 0x00, 0x00, 0xa8, 0x00, 0x00, // ................
	0x08, 0x12, 0xf0, 0x11, 0x00, 0x02, 0x00, 0x00, 0x00, 0x0a, 0x40, 0x02, 0x00, 0x01, 0x40, 0x00, // ..........@...@.
	0x00, 0x00, 0x00, 0x00, 0x00, 0x2a, 0x00, 0x10, 0x00, 0x01, 0x00, 0x00, 0x00, 0xa8, 0x00, 0x00, // .....*..........
	0x08, 0x12, 0xf0, 0x11, 0x00, 0x03, 0x00, 0x00, 0x00, 0x0a, 0x40, 0x02, 0x00, 0x01, 0x40, 0x00, // ..........@...@.
	0x00, 0x00, 0x00, 0x00, 0x00, 0x3a, 0x00, 0x10, 0x00, 0x01, 0x00, 0x00, 0x00, 0x15, 0x00, 0x00, // .....:..........
	0x01, 0x20, 0x00, 0x00, 0x07, 0x12, 0x00, 0x10, 0x00, 0x00, 0x00, 0x00, 0x00, 0x1a, 0x00, 0x10, // . ..............
	0x00, 0x00, 0x00, 0x00, 0x00, 0x01, 0x40, 0x00, 0x00, 0x02, 0x00, 0x00, 0x00, 0x1f, 0x00, 0x04, // ......@.........
	0x03, 0x0a, 0x00, 0x10, 0x00, 0x00, 0x00, 0x00, 0x00, 0x3e, 0x00, 0x00, 0x01, 0x15, 0x00, 0x00, // .........>......
	0x01, 0xbe, 0x18, 0x00, 0x01, 0x01, 0x00, 0x00, 0x06, 0x12, 0x00, 0x10, 0x00, 0x00, 0x00, 0x00, // ................
	0x00, 0x0a, 0x40, 0x02, 0x00, 0x01, 0x40, 0x00, 0x00, 0x1b, 0x00, 0x00, 0x00, 0x1f, 0x00, 0x00, // ..@...@.........
	0x03, 0x0a, 0x00, 0x10, 0x00, 0x00, 0x00, 0x00, 0x00, 0x1e, 0x00, 0x00, 0x09, 0xd2, 0x00, 0x10, // ................
	0x00, 0x00, 0x00, 0x00, 0x00, 0x06, 0x40, 0x02, 0x00, 0x02, 0x40, 0x00, 0x00, 0x02, 0x00, 0x00, // ......@...@.....
	0x00, 0x00, 0x00, 0x00, 0x00, 0x10, 0x00, 0x00, 0x00, 0x12, 0x00, 0x00, 0x00, 0xa7, 0x00, 0x00, // ................
	0x09, 0x12, 0x00, 0x10, 0x00, 0x02, 0x00, 0x00, 0x00, 0x0a, 0x00, 0x10, 0x00, 0x00, 0x00, 0x00, // ................
	0x00, 0x01, 0x40, 0x00, 0x00, 0x00, 0x00, 0x00, 0x00, 0x06, 0xf0, 0x11, 0x00, 0x00, 0x00, 0x00, // ..@.............
	0x00, 0xa7, 0x00, 0x00, 0x09, 0x22, 0x00, 0x10, 0x00, 0x02, 0x00, 0x00, 0x00, 0x0a, 0x00, 0x10, // ....."..........
	0x00, 0x00, 0x00, 0x00, 0x00, 0x01, 0x40, 0x00, 0x00, 0x00, 0x00, 0x00, 0x00, 0x06, 0xf0, 0x11, // ......@.........
	0x00, 0x01, 0x00, 0x00, 0x00, 0xa7, 0x00, 0x00, 0x09, 0x42, 0x00, 0x10, 0x00, 0x02, 0x00, 0x00, // .........B......
	0x00, 0x0a, 0x00, 0x10, 0x00, 0x00, 0x00, 0x00, 0x00, 0x01, 0x40, 0x00, 0x00, 0x00, 0x00, 0x00, // ..........@.....
	0x00, 0x06, 0xf0, 0x11, 0x00, 0x02, 0x00, 0x00, 0x00, 0xa7, 0x00, 0x00, 0x09, 0x82, 0x00, 0x10, // ................
	0x00, 0x02, 0x00, 0x00, 0x00, 0x0a, 0x00, 0x10, 0x00, 0x00, 0x00, 0x00, 0x00, 0x01, 0x40, 0x00, // ..............@.
	0x00, 0x00, 0x00, 0x00, 0x00, 0x06, 0xf0, 0x11, 0x00, 0x03, 0x00, 0x00, 0x00, 0xa7, 0x00, 0x00, // ................
	0x09, 0x12, 0x00, 0x10, 0x00, 0x03, 0x00, 0x00, 0x00, 0x2a, 0x00, 0x10, 0x00, 0x00, 0x00, 0x00, // .........*......
	0x00, 0x01, 0x40, 0x00, 0x00, 0x00, 0x00, 0x00, 0x00, 0x06, 0xf0, 0x11, 0x00, 0x00, 0x00, 0x00, // ..@.............
	0x00, 0xa7, 0x00, 0x00, 0x09, 0x22, 0x00, 0x10, 0x00, 0x03, 0x00, 0x00, 0x00, 0x2a, 0x00, 0x10, // .....".......*..
	0x00, 0x00, 0x00, 0x00, 0x00, 0x01, 0x40, 0x00, 0x00, 0x00, 0x00, 0x00, 0x00, 0x06, 0xf0, 0x11, // ......@.........
	0x00, 0x01, 0x00, 0x00, 0x00, 0xa7, 0x00, 0x00, 0x09, 0x42, 0x00, 0x10, 0x00, 0x03, 0x00, 0x00, // .........B......
	0x00, 0x2a, 0x00, 0x10, 0x00, 0x00, 0x00, 0x00, 0x00, 0x01, 0x40, 0x00, 0x00, 0x00, 0x00, 0x00, // .*........@.....
	0x00, 0x06, 0xf0, 0x11, 0x00, 0x02, 0x00, 0x00, 0x00, 0xa7, 0x00, 0x00, 0x09, 0x82, 0x00, 0x10, // ................
	0x00, 0x03, 0x00, 0x00, 0x00, 0x2a, 0x00, 0x10, 0x00, 0x00, 0x00, 0x00, 0x00, 0x01, 0x40, 0x00, // .....*........@.
	0x00, 0x00, 0x00, 0x00, 0x00, 0x06, 0xf0, 0x11, 0x00, 0x03, 0x00, 0x00, 0x00, 0xa7, 0x00, 0x00, // ................
	0x09, 0x12, 0x00, 0x10, 0x00, 0x04, 0x00, 0x00, 0x00, 0x3a, 0x00, 0x10, 0x00, 0x00, 0x00, 0x00, // .........:......
	0x00, 0x01, 0x40, 0x00, 0x00, 0x00, 0x00, 0x00, 0x00, 0x06, 0xf0, 0x11, 0x00, 0x00, 0x00, 0x00, // ..@.............
	0x00, 0xa7, 0x00, 0x00, 0x09, 0x22, 0x00, 0x10, 0x00, 0x04, 0x00, 0x00, 0x00, 0x3a, 0x00, 0x10, // .....".......:..
	0x00, 0x00, 0x00, 0x00, 0x00, 0x01, 0x40, 0x00, 0x00, 0x00, 0x00, 0x00, 0x00, 0x06, 0xf0, 0x11, // ......@.........
	0x00, 0x01, 0x00, 0x00, 0x00, 0xa7, 0x00, 0x00, 0x09, 0x42, 0x00, 0x10, 0x00, 0x04, 0x00, 0x00, // .........B......
	0x00, 0x3a, 0x00, 0x10, 0x00, 0x00, 0x00, 0x00, 0x00, 0x01, 0x40, 0x00, 0x00, 0x00, 0x00, 0x00, // .:........@.....
	0x00, 0x06, 0xf0, 0x11, 0x00, 0x02, 0x00, 0x00, 0x00, 0xa7, 0x00, 0x00, 0x09, 0x82, 0x00, 0x10, // ................
	0x00, 0x04, 0x00, 0x00, 0x00, 0x3a, 0x00, 0x10, 0x00, 0x00, 0x00, 0x00, 0x00, 0x01, 0x40, 0x00, // .....:........@.
	0x00, 0x00, 0x00, 0x00, 0x00, 0x06, 0xf0, 0x11, 0x00, 0x03, 0x00, 0x00, 0x00, 0x00, 0x00, 0x00, // ................
	0x07, 0xf2, 0x00, 0x10, 0x00, 0x02, 0x00, 0x00, 0x00, 0x46, 0x0e, 0x10, 0x00, 0x01, 0x00, 0x00, // .........F......
	0x00, 0x46, 0x0e, 0x10, 0x00, 0x02, 0x00, 0x00, 0x00, 0x00, 0x00, 0x00, 0x07, 0xf2, 0x00, 0x10, // .F..............
	0x00, 0x02, 0x00, 0x00, 0x00, 0x46, 0x0e, 0x10, 0x00, 0x03, 0x00, 0x00, 0x00, 0x46, 0x0e, 0x10, // .....F.......F..
	0x00, 0x02, 0x00, 0x00, 0x00, 0x00, 0x00, 0x00, 0x07, 0xf2, 0x00, 0x10, 0x00, 0x02, 0x00, 0x00, // ................
	0x00, 0x46, 0x0e, 0x10, 0x00, 0x04, 0x00, 0x00, 0x00, 0x46, 0x0e, 0x10, 0x00, 0x02, 0x00, 0x00, // .F.......F......
	0x00, 0x38, 0x00, 0x00, 0x0a, 0xf2, 0x00, 0x10, 0x00, 0x01, 0x00, 0x00, 0x00, 0x46, 0x0e, 0x10, // .8...........F..
	0x00, 0x02, 0x00, 0x00, 0x00, 0x02, 0x40, 0x00, 0x00, 0x00, 0x00, 0x80, 0x3e, 0x00, 0x00, 0x80, // ......@.....>...
	0x3e, 0x00, 0x00, 0x80, 0x3e, 0x00, 0x00, 0x80, 0x3e, 0x55, 0x00, 0x00, 0x09, 0x32, 0x00, 0x10, // >...>...>U...2..
	0x00, 0x02, 0x00, 0x00, 0x00, 0x46, 0x00, 0x02, 0x00, 0x02, 0x40, 0x00, 0x00, 0x02, 0x00, 0x00, // .....F....@.....
	0x00, 0x02, 0x00, 0x00, 0x00, 0x00, 0x00, 0x00, 0x00, 0x00, 0x00, 0x00, 0x00, 0x36, 0x00, 0x00, // .............6..
	0x04, 0xc2, 0x00, 0x10, 0x00, 0x02, 0x00, 0x00, 0x00, 0xa6, 0x0a, 0x02, 0x00, 0xa4, 0x00, 0x00, // ................
	0x07, 0xf2, 0xe0, 0x11, 0x00, 0x02, 0x00, 0x00, 0x00, 0x46, 0x0e, 0x10, 0x00, 0x02, 0x00, 0x00, // .........F......
	0x00, 0x46, 0x0e, 0x10, 0x00, 0x01, 0x00, 0x00, 0x00, 0xa8, 0x00, 0x00, 0x08, 0x12, 0xf0, 0x11, // .F..............
	0x00, 0x00, 0x00, 0x00, 0x00, 0x0a, 0x40, 0x02, 0x00, 0x01, 0x40, 0x00, 0x00, 0x00, 0x00, 0x00, // ......@...@.....
	0x00, 0x0a, 0x00, 0x10, 0x00, 0x01, 0x00, 0x00, 0x00, 0xa8, 0x00, 0x00, 0x08, 0x12, 0xf0, 0x11, // ................
	0x00, 0x01, 0x00, 0x00, 0x00, 0x0a, 0x40, 0x02, 0x00, 0x01, 0x40, 0x00, 0x00, 0x00, 0x00, 0x00, // ......@...@.....
	0x00, 0x1a, 0x00, 0x10, 0x00, 0x01, 0x00, 0x00, 0x00, 0xa8, 0x00, 0x00, 0x08, 0x12, 0xf0, 0x11, // ................
	0x00, 0x02, 0x00, 0x00, 0x00, 0x0a, 0x40, 0x02, 0x00, 0x01, 0x40, 0x00, 0x00, 0x00, 0x00, 0x00, // ......@...@.....
	0x00, 0x2a, 0x00, 0x10, 0x00, 0x01, 0x00, 0x00, 0x00, 0xa8, 0x00, 0x00, 0x08, 0x12, 0xf0, 0x11, // .*..............
	0x00, 0x03, 0x00, 0x00, 0x00, 0x0a, 0x40, 0x02, 0x00, 0x01, 0x40, 0x00, 0x00, 0x00, 0x00, 0x00, // ......@...@.....
	0x00, 0x3a, 0x00, 0x10, 0x00, 0x01, 0x00, 0x00, 0x00, 0x15, 0x00, 0x00, 0x01, 0x20, 0x00, 0x00, // .:........... ..
	0x07, 0x12, 0x00, 0x10, 0x00, 0x00, 0x00, 0x00, 0x00, 0x1a, 0x00, 0x10, 0x00, 0x00, 0x00, 0x00, // ................
	0x00, 0x01, 0x40, 0x00, 0x00, 0x03, 0x00, 0x00, 0x00, 0x1f, 0x00, 0x04, 0x03, 0x0a, 0x00, 0x10, // ..@.............
	0x00, 0x00, 0x00, 0x00, 0x00, 0x3e, 0x00, 0x00, 0x01, 0x15, 0x00, 0x00, 0x01, 0xbe, 0x18, 0x00, // .....>..........
	0x01, 0x1f, 0x00, 0x00, 0x02, 0x0a, 0x40, 0x02, 0x00, 0xa7, 0x00, 0x00, 0x09, 0x12, 0x00, 0x10, // ......@.........
	0x00, 0x00, 0x00, 0x00, 0x00, 0x01, 0x40, 0x00, 0x00, 0x04, 0x00, 0x00, 0x00, 0x01, 0x40, 0x00, // ......@.......@.
	0x00, 0x00, 0x00, 0x00, 0x00, 0x06, 0xf0, 0x11, 0x00, 0x00, 0x00, 0x00, 0x00, 0xa7, 0x00, 0x00, // ................
	0x09, 0x22, 0x00, 0x10, 0x00, 0x00, 0x00, 0x00, 0x00, 0x01, 0x40, 0x00, 0x00, 0x04, 0x00, 0x00, // ."........@.....
	0x00, 0x01, 0x40, 0x00, 0x00, 0x00, 0x00, 0x00, 0x00, 0x06, 0xf0, 0x11, 0x00, 0x01, 0x00, 0x00, // ..@.............
	0x00, 0xa7, 0x00, 0x00, 0x09, 0x42, 0x00, 0x10, 0x00, 0x00, 0x00, 0x00, 0x00, 0x01, 0x40, 0x00, // .....B........@.
	0x00, 0x04, 0x00, 0x00, 0x00, 0x01, 0x40, 0x00, 0x00, 0x00, 0x00, 0x00, 0x00, 0x06, 0xf0, 0x11, // ......@.........
	0x00, 0x02, 0x00, 0x00, 0x00, 0xa7, 0x00, 0x00, 0x09, 0x82, 0x00, 0x10, 0x00, 0x00, 0x00, 0x00, // ................
	0x00, 0x01, 0x40, 0x00, 0x00, 0x04, 0x00, 0x00, 0x00, 0x01, 0x40, 0x00, 0x00, 0x00, 0x00, 0x00, // ..@.......@.....
	0x00, 0x06, 0xf0, 0x11, 0x00, 0x03, 0x00, 0x00, 0x00, 0xa7, 0x00, 0x00, 0x09, 0x12, 0x00, 0x10, // ................
	0x00, 0x02, 0x00, 0x00, 0x00, 0x01, 0x40, 0x00, 0x00, 0x20, 0x00, 0x00, 0x00, 0x01, 0x40, 0x00, // ......@.. ....@.
	0x00, 0x00, 0x00, 0x00, 0x00, 0x06, 0xf0, 0x11, 0x00, 0x00, 0x00, 0x00, 0x00, 0xa7, 0x00, 0x00, // ................
	0x09, 0x22, 0x00, 0x10, 0x00, 0x02, 0x00, 0x00, 0x00, 0x01, 0x40, 0x00, 0x00, 0x20, 0x00, 0x00, // ."........@.. ..
	0x00, 0x01, 0x40, 0x00, 0x00, 0x00, 0x00, 0x00, 0x00, 0x06, 0xf0, 0x11, 0x00, 0x01, 0x00, 0x00, // ..@.............
	0x00, 0xa7, 0x00, 0x00, 0x09, 0x42, 0x00, 0x10, 0x00, 0x02, 0x00, 0x00, 0x00, 0x01, 0x40, 0x00, // .....B........@.
	0x00, 0x20, 0x00, 0x00, 0x00, 0x01, 0x40, 0x00, 0x00, 0x00, 0x00, 0x00, 0x00, 0x06, 0xf0, 0x11, // . ....@.........
	0x00, 0x02, 0x00, 0x00, 0x00, 0xa7, 0x00, 0x00, 0x09, 0x82, 0x00, 0x10, 0x00, 0x02, 0x00, 0x00, // ................
	0x00, 0x01, 0x40, 0x00, 0x00, 0x20, 0x00, 0x00, 0x00, 0x01, 0x40, 0x00, 0x00, 0x00, 0x00, 0x00, // ..@.. ....@.....
	0x00, 0x06, 0xf0, 0x11, 0x00, 0x03, 0x00, 0x00, 0x00, 0xa7, 0x00, 0x00, 0x09, 0x12, 0x00, 0x10, // ................
	0x00, 0x03, 0x00, 0x00, 0x00, 0x01, 0x40, 0x00, 0x00, 0x24, 0x00, 0x00, 0x00, 0x01, 0x40, 0x00, // ......@..$....@.
	0x00, 0x00, 0x00, 0x00, 0x00, 0x06, 0xf0, 0x11, 0x00, 0x00, 0x00, 0x00, 0x00, 0xa7, 0x00, 0x00, // ................
	0x09, 0x22, 0x00, 0x10, 0x00, 0x03, 0x00, 0x00, 0x00, 0x01, 0x40, 0x00, 0x00, 0x24, 0x00, 0x00, // ."........@..$..
	0x00, 0x01, 0x40, 0x00, 0x00, 0x00, 0x00, 0x00, 0x00, 0x06, 0xf0, 0x11, 0x00, 0x01, 0x00, 0x00, // ..@.............
	0x00, 0xa7, 0x00, 0x00, 0x09, 0x42, 0x00, 0x10, 0x00, 0x03, 0x00, 0x00, 0x00, 0x01, 0x40, 0x00, // .....B........@.
	0x00, 0x24, 0x00, 0x00, 0x00, 0x01, 0x40, 0x00, 0x00, 0x00, 0x00, 0x00, 0x00, 0x06, 0xf0, 0x11, // .$....@.........
	0x00, 0x02, 0x00, 0x00, 0x00, 0xa7, 0x00, 0x00, 0x09, 0x82, 0x00, 0x10, 0x00, 0x03, 0x00, 0x00, // ................
	0x00, 0x01, 0x40, 0x00, 0x00, 0x24, 0x00, 0x00, 0x00, 0x01, 0x40, 0x00, 0x00, 0x00, 0x00, 0x00, // ..@..$....@.....
	0x00, 0x06, 0xf0, 0x11, 0x00, 0x03, 0x00, 0x00, 0x00, 0x00, 0x00, 0x00, 0x07, 0xf2, 0x00, 0x10, // ................
	0x00, 0x00, 0x00, 0x00, 0x00, 0x46, 0x0e, 0x10, 0x00, 0x00, 0x00, 0x00, 0x00, 0x46, 0x0e, 0x10, // .....F.......F..
	0x00, 0x01, 0x00, 0x00, 0x00, 0x00, 0x00, 0x00, 0x07, 0xf2, 0x00, 0x10, 0x00, 0x00, 0x00, 0x00, // ................
	0x00, 0x46, 0x0e, 0x10, 0x00, 0x02, 0x00, 0x00, 0x00, 0x46, 0x0e, 0x10, 0x00, 0x00, 0x00, 0x00, // .F.......F......
	0x00, 0x00, 0x00, 0x00, 0x07, 0xf2, 0x00, 0x10, 0x00, 0x00, 0x00, 0x00, 0x00, 0x46, 0x0e, 0x10, // .............F..
	0x00, 0x03, 0x00, 0x00, 0x00, 0x46, 0x0e, 0x10, 0x00, 0x00, 0x00, 0x00, 0x00, 0x38, 0x00, 0x00, // .....F.......8..
	0x0a, 0xf2, 0x00, 0x10, 0x00, 0x00, 0x00, 0x00, 0x00, 0x46, 0x0e, 0x10, 0x00, 0x00, 0x00, 0x00, // .........F......
	0x00, 0x02, 0x40, 0x00, 0x00, 0x00, 0x00, 0x80, 0x3e, 0x00, 0x00, 0x80, 0x3e, 0x00, 0x00, 0x80, // ..@.....>...>...
	0x3e, 0x00, 0x00, 0x80, 0x3e, 0x55, 0x00, 0x00, 0x09, 0x32, 0x00, 0x10, 0x00, 0x01, 0x00, 0x00, // >...>U...2......
	0x00, 0x46, 0x00, 0x02, 0x00, 0x02, 0x40, 0x00, 0x00, 0x03, 0x00, 0x00, 0x00, 0x03, 0x00, 0x00, // .F....@.........
	0x00, 0x00, 0x00, 0x00, 0x00, 0x00, 0x00, 0x00, 0x00, 0x36, 0x00, 0x00, 0x04, 0xc2, 0x00, 0x10, // .........6......
	0x00, 0x01, 0x00, 0x00, 0x00, 0xa6, 0x0a, 0x02, 0x00, 0xa4, 0x00, 0x00, 0x07, 0xf2, 0xe0, 0x11, // ................
	0x00, 0x03, 0x00, 0x00, 0x00, 0x46, 0x0e, 0x10, 0x00, 0x01, 0x00, 0x00, 0x00, 0x46, 0x0e, 0x10, // .....F.......F..
	0x00, 0x00, 0x00, 0x00, 0x00, 0x15, 0x00, 0x00, 0x01, 0x3e, 0x00, 0x00, 0x01, 0x00, 0x00, 0x10, // .........>......
	0x00,                                                                                           // .
};
static const uint8_t cs_mipgen_pow2_dxil[3921] =
{
	0x43, 0x53, 0x48, 0x0b, 0x00, 0x00, 0x00, 0x00, 0x00, 0x00, 0x00, 0x00, 0x02, 0x00, 0x0b, 0x62, // CSH............b
	0x67, 0x66, 0x78, 0x5f, 0x6d, 0x69, 0x70, 0x47, 0x65, 0x6e, 0x02, 0x00, 0x00, 0x00, 0x01, 0x00, // gfx_mipGen......
	0x00, 0x00, 0x00, 0x00, 0x0e, 0x62, 0x67, 0x66, 0x78, 0x5f, 0x74, 0x65, 0x78, 0x4d, 0x69, 0x70, // .....bgfx_texMip
	0x53, 0x72, 0x63, 0x20, 0x01, 0x04, 0x00, 0x01, 0x00, 0x00, 0x00, 0x00, 0x00, 0x0c, 0x0f, 0x00, // Src ............
	0x00, 0x44, 0x58, 0x42, 0x43, 0xb7, 0x1b, 0x44, 0xe1, 0x01, 0x73, 0x5b, 0x5e, 0xf0, 0xa2, 0xc3, // .DXBC..D..s[^...
	0xa5, 0xdb, 0x03, 0x3f, 0xcb, 0x01, 0x00, 0x00, 0x00, 0x0c, 0x0f, 0x00, 0x00, 0x07, 0x00, 0x00, // ...?............
	0x00, 0x3c, 0x00, 0x00, 0x00, 0x4c, 0x00, 0x00, 0x00, 0x5c, 0x00, 0x00, 0x00, 0x6c, 0x00, 0x00, // .<...L.......l..
	0x00, 0x6c, 0x01, 0x00, 0x00, 0xa0, 0x01, 0x00, 0x00, 0xbc, 0x01, 0x00, 0x00, 0x53, 0x46, 0x49, // .l...........SFI
	0x30, 0x08, 0x00, 0x00, 0x00, 0x00, 0x00, 0x00, 0x00, 0x00, 0x00, 0x00, 0x00, 0x49, 0x53, 0x47, // 0............ISG
	0x31, 0x08, 0x00, 0x00, 0x00, 0x00, 0x00, 0x00, 0x00, 0x08, 0x00, 0x00, 0x00, 0x4f, 0x53, 0x47, // 1............OSG
	0x31, 0x08, 0x00, 0x00, 0x00, 0x00, 0x00, 0x00, 0x00, 0x08, 0x00, 0x00, 0x00, 0x50, 0x53, 0x56, // 1............PSV
	0x30, 0xf8, 0x00, 0x00, 0x00, 0x34, 0x00, 0x00, 0x00, 0x00, 0x00, 0x00, 0x00, 0x00, 0x00, 0x00, // 0....4..........
	0x00, 0x00, 0x00, 0x00, 0x00, 0x00, 0x00, 0x00, 0x00, 0x00, 0x00, 0x00, 0x00, 0xff, 0xff, 0xff, // ................
	0xff, 0x05, 0x00, 0x00, 0x00, 0x00, 0x00, 0x00, 0x00, 0x00, 0x00, 0x00, 0x00, 0x08, 0x00, 0x00, // ................
	0x00, 0x08, 0x00, 0x00, 0x00, 0x01, 0x00, 0x00, 0x00, 0x01, 0x00, 0x00, 0x00, 0x07, 0x00, 0x00, // ................
	0x00, 0x18, 0x00, 0x00, 0x00, 0x02, 0x00, 0x00, 0x00, 0x00, 0x00, 0x00, 0x00, 0x00, 0x00, 0x00, // ................
	0x00, 0x00, 0x00, 0x00, 0x00, 0x0d, 0x00, 0x00, 0x00, 0x00, 0x00, 0x00, 0x00, 0x01, 0x00, 0x00, // ................
	0x00, 0x00, 0x00, 0x00, 0x00, 0x04, 0x00, 0x00, 0x00, 0x04, 0x00, 0x00, 0x00, 0x0e, 0x00, 0x00, // ................
	0x00, 0x00, 0x00, 0x00, 0x00, 0x03, 0x00, 0x00, 0x00, 0x00, 0x00, 0x00, 0x00, 0x04, 0x00, 0x00, // ................
	0x00, 0x04, 0x00, 0x00, 0x00, 0x07, 0x00, 0x00, 0x00, 0x00, 0x00, 0x00, 0x00, 0x06, 0x00, 0x00, // ................
	0x00, 0x00, 0x00, 0x00, 0x00, 0x00, 0x00, 0x00, 0x00, 0x00, 0x00, 0x00, 0x00, 0x07, 0x00, 0x00, // ................
	0x00, 0x00, 0x00, 0x00, 0x00, 0x06, 0x00, 0x00, 0x00, 0x00, 0x00, 0x00, 0x00, 0x01, 0x00, 0x00, // ................
	0x00, 0x01, 0x00, 0x00, 0x00, 0x07, 0x00, 0x00, 0x00, 0x00, 0x00, 0x00, 0x00, 0x06, 0x00, 0x00, // ................
	0x00, 0x00, 0x00, 0x00, 0x00, 0x02, 0x00, 0x00, 0x00, 0x02, 0x00, 0x00, 0x00, 0x07, 0x00, 0x00, // ................
	0x00, 0x00, 0x00, 0x00, 0x00, 0x06, 0x00, 0x00, 0x00, 0x00, 0x00, 0x00, 0x00, 0x03, 0x00, 0x00, // ................
	0x00, 0x03, 0x00, 0x00, 0x00, 0x07, 0x00, 0x00, 0x00, 0x00, 0x00, 0x00, 0x00, 0x08, 0x00, 0x00, // ................
	0x00, 0x00, 0x6d, 0x61, 0x69, 0x6e, 0x00, 0x00, 0x00, 0x00, 0x00, 0x00, 0x00, 0x49, 0x4c, 0x44, // ..main.......ILD
	0x4e, 0x2c, 0x00, 0x00, 0x00, 0x00, 0x00, 0x24, 0x00, 0x38, 0x62, 0x63, 0x32, 0x38, 0x39, 0x66, // N,.....$.8bc289f
	0x39, 0x64, 0x30, 0x61, 0x38, 0x34, 0x61, 0x64, 0x35, 0x38, 0x39, 0x36, 0x35, 0x30, 0x35, 0x62, // 9d0a84ad5896505b
	0x33, 0x31, 0x39, 0x38, 0x31, 0x39, 0x32, 0x65, 0x62, 0x2e, 0x70, 0x64, 0x62, 0x00, 0x00, 0x00, // 3198192eb.pdb...
	0x00, 0x48, 0x41, 0x53, 0x48, 0x14, 0x00, 0x00, 0x00, 0x00, 0x00, 0x00, 0x00, 0x8b, 0xc2, 0x89, // .HASH...........
	0xf9, 0xd0, 0xa8, 0x4a, 0xd5, 0x89, 0x65, 0x05, 0xb3, 0x19, 0x81, 0x92, 0xeb, 0x44, 0x58, 0x49, // ...J..e......DXI
	0x4c, 0x48, 0x0d, 0x00, 0x00, 0x60, 0x00, 0x05, 0x00, 0x52, 0x03, 0x00, 0x00, 0x44, 0x58, 0x49, // LH...`...R...DXI
	0x4c, 0x00, 0x01, 0x00, 0x00, 0x10, 0x00, 0x00, 0x00, 0x30, 0x0d, 0x00, 0x00, 0x42, 0x43, 0xc0, // L........0...BC.
	0xde, 0x21, 0x0c, 0x00, 0x00, 0x49, 0x03, 0x00, 0x00, 0x0b, 0x82, 0x20, 0x00, 0x02, 0x00, 0x00, // .!...I..... ....
	0x00, 0x13, 0x00, 0x00, 0x00, 0x07, 0x81, 0x23, 0x91, 0x41, 0xc8, 0x04, 0x49, 0x06, 0x10, 0x32, // .......#.A..I..2
	0x39, 0x92, 0x01, 0x84, 0x0c, 0x25, 0x05, 0x08, 0x19, 0x1e, 0x04, 0x8b, 0x62, 0x80, 0x18, 0x45, // 9....%......b..E
	0x02, 0x42, 0x92, 0x0b, 0x42, 0xc4, 0x10, 0x32, 0x14, 0x38, 0x08, 0x18, 0x4b, 0x0a, 0x32, 0x62, // .B..B..2.8..K.2b
	0x88, 0x48, 0x90, 0x14, 0x20, 0x43, 0x46, 0x88, 0xa5, 0x00, 0x19, 0x32, 0x42, 0xe4, 0x48, 0x0e, // .H.. CF....2B.H.
	0x90, 0x11, 0x23, 0xc4, 0x50, 0x41, 0x51, 0x81, 0x8c, 0xe1, 0x83, 0xe5, 0x8a, 0x04, 0x31, 0x46, // ..#.PAQ.......1F
	0x06, 0x51, 0x18, 0x00, 0x00, 0x0b, 0x00, 0x00, 0x00, 0x1b, 0x8c, 0xe0, 0xff, 0xff, 0xff, 0xff, // .Q..............
	0x07, 0x40, 0x02, 0xa8, 0x0d, 0x86, 0xf0, 0xff, 0xff, 0xff, 0xff, 0x03, 0xc0, 0x00, 0xd2, 0x06, // .@..............
	0x63, 0xf8, 0xff, 0xff, 0xff, 0xff, 0x01, 0x90, 0x80, 0x6a, 0x03, 0x41, 0xfc, 0xff, 0xff, 0xff, // c........j.A....
	0xff, 0x00, 0x48, 0x00, 0x00, 0x49, 0x18, 0x00, 0x00, 0x03, 0x00, 0x00, 0x00, 0x13, 0x82, 0x60, // ..H..I.........`
	0x42, 0x20, 0x4c, 0x08, 0x86, 0x09, 0x01, 0x01, 0x00, 0x89, 0x20, 0x00, 0x00, 0x6a, 0x00, 0x00, // B L....... ..j..
	0x00, 0x32, 0x22, 0x88, 0x09, 0x20, 0x64, 0x85, 0x04, 0x13, 0x23, 0xa4, 0x84, 0x04, 0x13, 0x23, // .2".. d...#....#
	0xe3, 0x84, 0xa1, 0x90, 0x14, 0x12, 0x4c, 0x8c, 0x8c, 0x0b, 0x84, 0xc4, 0x4c, 0x10, 0xa4, 0xc1, // ......L.....L...
	0x0c, 0x40, 0x02, 0x01, 0x83, 0x08, 0xc1, 0x30, 0x02, 0x50, 0x82, 0x81, 0x88, 0x39, 0x02, 0x30, // .@.....0.P...9.0
	0x28, 0x82, 0x61, 0xd0, 0x51, 0x06, 0xc3, 0x30, 0x28, 0x29, 0xc3, 0x60, 0x18, 0xb4, 0xdc, 0x34, // (.a.Q..0().`...4
	0x5c, 0xfe, 0x84, 0x3d, 0x84, 0xe4, 0xaf, 0x84, 0xb4, 0x12, 0x93, 0x5f, 0xdc, 0x36, 0x2a, 0x00, // ...=......._.6*.
	0x00, 0x00, 0x8c, 0x39, 0x02, 0x84, 0x9c, 0x7b, 0x86, 0xcb, 0x9f, 0xb0, 0x87, 0x90, 0xfc, 0x10, // ...9...{........
	0x68, 0x86, 0x85, 0x40, 0xc1, 0x53, 0x98, 0xc6, 0x80, 0x20, 0x00, 0x00, 0x00, 0xc3, 0x30, 0x00, // h..@.S... ....0.
	0x8a, 0xca, 0x32, 0x18, 0x90, 0x61, 0x18, 0x00, 0x00, 0x00, 0x0e, 0x4d, 0x47, 0x0d, 0x97, 0x3f, // ..2..a.....MG..?
	0x61, 0x0f, 0x21, 0xf9, 0xdc, 0x46, 0x15, 0x2b, 0x31, 0xf9, 0xc5, 0x6d, 0x23, 0x02, 0x00, 0x00, // a.!..F.+1..m#...
	0xa0, 0x10, 0x95, 0x01, 0x19, 0x64, 0xcd, 0x11, 0x04, 0xc5, 0x80, 0x0c, 0xc7, 0x30, 0x30, 0xca, // .....d.......00.
	0x06, 0x02, 0x86, 0x11, 0x08, 0x60, 0x26, 0x39, 0x18, 0x07, 0x76, 0x08, 0x87, 0x79, 0x98, 0x07, // .....`&9..v..y..
	0x37, 0xa0, 0x85, 0x72, 0xc0, 0x07, 0x7a, 0xa8, 0x07, 0x79, 0x28, 0x07, 0x39, 0x20, 0x85, 0x50, // 7..r..z..y(.9 .P
	0x90, 0x07, 0x79, 0x08, 0x87, 0x7c, 0xe0, 0x03, 0x7b, 0x28, 0x87, 0x71, 0xa0, 0x87, 0x77, 0x90, // ..y..|..{(.q..w.
	0x07, 0x3e, 0x30, 0x07, 0x76, 0x78, 0x87, 0x70, 0xa0, 0x07, 0x36, 0x00, 0x03, 0x3a, 0xf0, 0x03, // .>0.vx.p..6..:..
	0x30, 0xf0, 0x03, 0x3d, 0xd0, 0x83, 0x76, 0x48, 0x07, 0x78, 0x98, 0x87, 0x5f, 0xa0, 0x87, 0x7c, // 0..=..vH.x.._..|
	0x80, 0x87, 0x72, 0x40, 0x81, 0x31, 0xd3, 0x19, 0x8c, 0x03, 0x3b, 0x84, 0xc3, 0x3c, 0xcc, 0x83, // ..r@.1....;..<..
	0x1b, 0xd0, 0x42, 0x39, 0xe0, 0x03, 0x3d, 0xd4, 0x83, 0x3c, 0x94, 0x83, 0x1c, 0x90, 0x42, 0x28, // ..B9..=..<....B(
	0xc8, 0x83, 0x3c, 0x84, 0x43, 0x3e, 0xf0, 0x81, 0x3d, 0x94, 0xc3, 0x38, 0xd0, 0xc3, 0x3b, 0xc8, // ..<.C>..=..8..;.
	0x03, 0x1f, 0x98, 0x03, 0x3b, 0xbc, 0x43, 0x38, 0xd0, 0x03, 0x1b, 0x80, 0x01, 0x1d, 0xf8, 0x01, // ....;.C8........
	0x18, 0xf8, 0x01, 0x12, 0xb8, 0x8e, 0xbc, 0x99, 0xd2, 0x60, 0x1c, 0xd8, 0x21, 0x1c, 0xe6, 0x61, // .........`..!..a
	0x1e, 0xdc, 0x40, 0x16, 0x6e, 0x81, 0x16, 0xca, 0x01, 0x1f, 0xe8, 0xa1, 0x1e, 0xe4, 0xa1, 0x1c, // ..@.n...........
	0xe4, 0x80, 0x14, 0x42, 0x41, 0x1e, 0xe4, 0x21, 0x1c, 0xf2, 0x81, 0x0f, 0xec, 0xa1, 0x1c, 0xc6, // ...BA..!........
	0x81, 0x1e, 0xde, 0x41, 0x1e, 0xf8, 0xc0, 0x1c, 0xd8, 0xe1, 0x1d, 0xc2, 0x81, 0x1e, 0xd8, 0x00, // ...A............
	0x0c, 0xe8, 0xc0, 0x0f, 0xc0, 0xc0, 0x0f, 0x50, 0xc0, 0x11, 0x38, 0x13, 0x42, 0x06, 0xa7, 0xc0, // .......P..8.B...
	0x0e, 0xef, 0x20, 0x0e, 0xe1, 0xc0, 0x0e, 0xf3, 0x80, 0x02, 0x8e, 0xc4, 0x9b, 0xa4, 0x29, 0xa2, // .. ...........).
	0x84, 0xc9, 0x67, 0x01, 0xe6, 0x59, 0x88, 0x88, 0x9d, 0x80, 0x89, 0x40, 0x81, 0x41, 0xe4, 0x14, // ..g..Y.....@.A..
	0xc0, 0x20, 0x02, 0x30, 0xcc, 0x11, 0x80, 0x02, 0x00, 0x13, 0x14, 0x72, 0xc0, 0x87, 0x74, 0x60, // . .0.......r..t`
	0x87, 0x36, 0x68, 0x87, 0x79, 0x68, 0x03, 0x72, 0xc0, 0x87, 0x0d, 0xaf, 0x50, 0x0e, 0x6d, 0xd0, // .6h.yh.r....P.m.
	0x0e, 0x7a, 0x50, 0x0e, 0x6d, 0x00, 0x0f, 0x7a, 0x30, 0x07, 0x72, 0xa0, 0x07, 0x73, 0x20, 0x07, // .zP.m..z0.r..s .
	0x6d, 0x90, 0x0e, 0x71, 0xa0, 0x07, 0x73, 0x20, 0x07, 0x6d, 0x90, 0x0e, 0x78, 0xa0, 0x07, 0x73, // m..q..s .m..x..s
	0x20, 0x07, 0x6d, 0x90, 0x0e, 0x71, 0x60, 0x07, 0x7a, 0x30, 0x07, 0x72, 0xd0, 0x06, 0xe9, 0x30, //  .m..q`.z0.r...0
	0x07, 0x72, 0xa0, 0x07, 0x73, 0x20, 0x07, 0x6d, 0x90, 0x0e, 0x76, 0x40, 0x07, 0x7a, 0x60, 0x07, // .r..s .m..v@.z`.
	0x74, 0xd0, 0x06, 0xe6, 0x10, 0x07, 0x76, 0xa0, 0x07, 0x73, 0x20, 0x07, 0x6d, 0x60, 0x0e, 0x73, // t.....v..s .m`.s
	0x20, 0x07, 0x7a, 0x30, 0x07, 0x72, 0xd0, 0x06, 0xe6, 0x60, 0x07, 0x74, 0xa0, 0x07, 0x76, 0x40, //  .z0.r...`.t..v@
	0x07, 0x6d, 0xe0, 0x0e, 0x78, 0xa0, 0x07, 0x71, 0x60, 0x07, 0x7a, 0x30, 0x07, 0x72, 0xa0, 0x07, // .m..x..q`.z0.r..
	0x76, 0x40, 0x07, 0x3a, 0x0f, 0x24, 0x90, 0x21, 0x23, 0x45, 0x44, 0x00, 0x76, 0x00, 0x30, 0x3b, // v@.:.$.!#ED.v.0;
	0x00, 0x98, 0x1d, 0x00, 0xcc, 0x0e, 0x00, 0x1e, 0xf2, 0x10, 0x00, 0x00, 0x00, 0x00, 0x00, 0x00, // ................
	0x00, 0x00, 0x00, 0x00, 0x30, 0xe4, 0x39, 0x80, 0x00, 0x08, 0x00, 0x00, 0x00, 0x00, 0x00, 0x00, // ....0.9.........
	0x00, 0x60, 0xc8, 0x93, 0x00, 0x01, 0x10, 0x00, 0x00, 0x00, 0x00, 0x00, 0x00, 0x00, 0xc0, 0x90, // .`..............
	0x67, 0x01, 0x02, 0x40, 0x00, 0x00, 0x00, 0x00, 0x00, 0x00, 0x00, 0x80, 0x21, 0x4f, 0x04, 0x04, // g..@........!O..
	0xc0, 0x00, 0x00, 0x00, 0x00, 0x00, 0x00, 0x00, 0x00, 0x43, 0x9e, 0x09, 0x08, 0x00, 0x02, 0x00, // .........C......
	0x00, 0x00, 0x00, 0x00, 0x00, 0x00, 0x86, 0x3c, 0x16, 0x10, 0x00, 0x03, 0x00, 0x00, 0x00, 0x00, // .......<........
	0x00, 0x00, 0x00, 0x0c, 0x79, 0x32, 0x20, 0x00, 0x06, 0x00, 0x00, 0x00, 0x00, 0x00, 0x00, 0x00, // ....y2 .........
	0xc8, 0x02, 0x01, 0x00, 0x00, 0x0e, 0x00, 0x00, 0x00, 0x32, 0x1e, 0x98, 0x14, 0x19, 0x11, 0x4c, // .........2.....L
	0x90, 0x8c, 0x09, 0x26, 0x47, 0xc6, 0x04, 0x43, 0x32, 0x4a, 0x60, 0x04, 0xa0, 0x24, 0x8a, 0xa1, // ...&G..C2J`..$..
	0x10, 0xca, 0xa1, 0x38, 0x8a, 0xa0, 0x0c, 0x0a, 0xa4, 0x20, 0x08, 0x1b, 0x01, 0x20, 0x74, 0x04, // ...8..... ... t.
	0x80, 0xc2, 0x19, 0x00, 0x1a, 0x67, 0x00, 0xa8, 0x9c, 0x01, 0xa0, 0x6f, 0x06, 0x00, 0x00, 0x00, // .....g.....o....
	0x00, 0x79, 0x18, 0x00, 0x00, 0x63, 0x00, 0x00, 0x00, 0x1a, 0x03, 0x4c, 0x90, 0x46, 0x02, 0x13, // .y...c.....L.F..
	0x44, 0x8f, 0x0c, 0x6f, 0xec, 0xed, 0x4d, 0x0c, 0x24, 0xc6, 0x05, 0xc7, 0x45, 0xa6, 0x06, 0xa6, // D..o..M.$...E...
	0xc6, 0x65, 0x46, 0x06, 0x04, 0x45, 0x2c, 0x06, 0xc6, 0x26, 0x2c, 0xc7, 0x26, 0x86, 0x2c, 0x65, // .eF..E,..&,.&.,e
	0x43, 0x10, 0x4c, 0x10, 0x0c, 0x66, 0x82, 0x60, 0x34, 0x1b, 0x84, 0x81, 0x98, 0x20, 0x18, 0xce, // C.L..f.`4.... ..
	0x06, 0x61, 0x30, 0x28, 0x8c, 0xcd, 0x4d, 0x10, 0x8c, 0x67, 0xc3, 0x80, 0x24, 0xc4, 0x04, 0xe1, // .a0(..M..g..$...
	0xe3, 0x08, 0x4c, 0x10, 0x0c, 0x68, 0x82, 0x60, 0x44, 0x1b, 0x04, 0xc2, 0xd8, 0x90, 0x10, 0x0b, // ..L..h.`D.......
	0x43, 0x34, 0x83, 0x43, 0x3c, 0x1b, 0x02, 0x68, 0x82, 0x10, 0x06, 0xd9, 0x04, 0x01, 0xbb, 0x26, // C4.C<..h.......&
	0x08, 0x86, 0xb4, 0x41, 0x20, 0xa8, 0x0d, 0x0b, 0x21, 0x31, 0x04, 0x31, 0x38, 0xd3, 0x34, 0x55, // ...A ...!1.18.4U
	0x1b, 0x96, 0x41, 0x62, 0x88, 0x61, 0x70, 0xa6, 0x69, 0xaa, 0x26, 0x08, 0xc6, 0xb4, 0x61, 0xc1, // ..Ab.ap.i.&...a.
	0x24, 0x86, 0xc0, 0x06, 0x67, 0x9a, 0xa6, 0x6a, 0x82, 0x60, 0x50, 0x1b, 0x16, 0x4d, 0x62, 0x08, // $...g..j.`P..Mb.
	0x6d, 0x70, 0xa6, 0x69, 0xaa, 0x36, 0x10, 0xd6, 0x95, 0x6d, 0x13, 0x84, 0x31, 0xd0, 0x26, 0x08, // mp.i.6...m..1.&.
	0x46, 0xb5, 0x01, 0x21, 0x3a, 0x86, 0x20, 0x06, 0x0f, 0xd8, 0x10, 0x7c, 0x13, 0x84, 0x32, 0xd8, // F..!:. ....|..2.
	0x36, 0x20, 0x44, 0x18, 0x30, 0x44, 0x33, 0x10, 0xc0, 0x86, 0x40, 0x0c, 0x36, 0x10, 0x11, 0x07, // 6 D.0D3...@.6...
	0x06, 0x63, 0x30, 0x41, 0x28, 0x08, 0x12, 0x6d, 0x61, 0x69, 0x6e, 0x13, 0x04, 0xc3, 0xda, 0x30, // .c0A(..main....0
	0x9c, 0xc1, 0x19, 0x0c, 0x1b, 0x84, 0x06, 0x0d, 0x36, 0x14, 0x65, 0x60, 0x06, 0x00, 0x19, 0xa4, // ........6.e`....
	0x01, 0x0b, 0x33, 0xb6, 0xb7, 0x30, 0x3a, 0x3e, 0x6f, 0x6d, 0x6e, 0x69, 0x70, 0x6f, 0x74, 0x65, // ..3..0:>omnipote
	0x6e, 0x74, 0x20, 0x63, 0x68, 0x61, 0x72, 0x8c, 0xa6, 0xd2, 0xda, 0xe0, 0xd8, 0xca, 0x40, 0x86, // nt char.......@.
	0x5e, 0x86, 0x56, 0x56, 0x40, 0xa8, 0x84, 0x82, 0x82, 0x36, 0x04, 0x6d, 0x30, 0x41, 0x40, 0x03, // ^.VV@....6.m0A@.
	0x6c, 0xc3, 0xc0, 0x06, 0x6e, 0xf0, 0x06, 0x1b, 0x86, 0x35, 0x80, 0x83, 0x37, 0xd8, 0x30, 0xc4, // l...n....5..7.0.
	0x41, 0x1c, 0xbc, 0x41, 0x15, 0x36, 0x36, 0xbb, 0x36, 0x97, 0x34, 0xb2, 0x32, 0x37, 0xba, 0x29, // A..A.66.6.4.27.)
	0x41, 0x50, 0x85, 0x0c, 0xcf, 0xc5, 0xae, 0x4c, 0x6e, 0x2e, 0xed, 0xcd, 0x6d, 0x4a, 0x40, 0x34, // AP.....Ln...mJ@4
	0x21, 0xc3, 0x73, 0xb1, 0x0b, 0x63, 0xb3, 0x2b, 0x93, 0x9b, 0x12, 0x18, 0x75, 0xc8, 0xf0, 0x5c, // !.s..c.+....u...
	0xe6, 0xd0, 0xc2, 0xc8, 0xca, 0xe4, 0x9a, 0xde, 0xc8, 0xca, 0xd8, 0xa6, 0x04, 0x49, 0x19, 0x32, // .............I.2
	0x3c, 0x17, 0xb9, 0xb2, 0xb9, 0xb7, 0x3a, 0xb9, 0xb1, 0xb2, 0xb9, 0x29, 0xc1, 0x18, 0xd4, 0x21, // <.....:....)...!
	0xc3, 0x73, 0x29, 0x73, 0xa3, 0x93, 0xcb, 0x83, 0x7a, 0x4b, 0x73, 0xa3, 0x9b, 0x9b, 0x12, 0xa4, // .s)s....zKs.....
	0x01, 0x00, 0x00, 0x00, 0x00, 0x79, 0x18, 0x00, 0x00, 0x51, 0x00, 0x00, 0x00, 0x33, 0x08, 0x80, // .....y...Q...3..
	0x1c, 0xc4, 0xe1, 0x1c, 0x66, 0x14, 0x01, 0x3d, 0x88, 0x43, 0x38, 0x84, 0xc3, 0x8c, 0x42, 0x80, // ....f..=.C8...B.
	0x07, 0x79, 0x78, 0x07, 0x73, 0x98, 0x71, 0x0c, 0xe6, 0x00, 0x0f, 0xed, 0x10, 0x0e, 0xf4, 0x80, // .yx.s.q.........
	0x0e, 0x33, 0x0c, 0x42, 0x1e, 0xc2, 0xc1, 0x1d, 0xce, 0xa1, 0x1c, 0x66, 0x30, 0x05, 0x3d, 0x88, // .3.B.......f0.=.
	0x43, 0x38, 0x84, 0x83, 0x1b, 0xcc, 0x03, 0x3d, 0xc8, 0x43, 0x3d, 0x8c, 0x03, 0x3d, 0xcc, 0x78, // C8.....=.C=..=.x
	0x8c, 0x74, 0x70, 0x07, 0x7b, 0x08, 0x07, 0x79, 0x48, 0x87, 0x70, 0x70, 0x07, 0x7a, 0x70, 0x03, // .tp.{..yH.pp.zp.
	0x76, 0x78, 0x87, 0x70, 0x20, 0x87, 0x19, 0xcc, 0x11, 0x0e, 0xec, 0x90, 0x0e, 0xe1, 0x30, 0x0f, // vx.p .........0.
	0x6e, 0x30, 0x0f, 0xe3, 0xf0, 0x0e, 0xf0, 0x50, 0x0e, 0x33, 0x10, 0xc4, 0x1d, 0xde, 0x21, 0x1c, // n0.....P.3....!.
	0xd8, 0x21, 0x1d, 0xc2, 0x61, 0x1e, 0x66, 0x30, 0x89, 0x3b, 0xbc, 0x83, 0x3b, 0xd0, 0x43, 0x39, // .!..a.f0.;..;.C9
	0xb4, 0x03, 0x3c, 0xbc, 0x83, 0x3c, 0x84, 0x03, 0x3b, 0xcc, 0xf0, 0x14, 0x76, 0x60, 0x07, 0x7b, // ..<..<..;...v`.{
	0x68, 0x07, 0x37, 0x68, 0x87, 0x72, 0x68, 0x07, 0x37, 0x80, 0x87, 0x70, 0x90, 0x87, 0x70, 0x60, // h.7h.rh.7..p..p`
	0x07, 0x76, 0x28, 0x07, 0x76, 0xf8, 0x05, 0x76, 0x78, 0x87, 0x77, 0x80, 0x87, 0x5f, 0x08, 0x87, // .v(.v..vx.w.._..
	0x71, 0x18, 0x87, 0x72, 0x98, 0x87, 0x79, 0x98, 0x81, 0x2c, 0xee, 0xf0, 0x0e, 0xee, 0xe0, 0x0e, // q..r..y..,......
	0xf5, 0xc0, 0x0e, 0xec, 0x30, 0x03, 0x62, 0xc8, 0xa1, 0x1c, 0xe4, 0xa1, 0x1c, 0xcc, 0xa1, 0x1c, // ....0.b.........
	0xe4, 0xa1, 0x1c, 0xdc, 0x61, 0x1c, 0xca, 0x21, 0x1c, 0xc4, 0x81, 0x1d, 0xca, 0x61, 0x06, 0xd6, // ....a..!.....a..
	0x90, 0x43, 0x39, 0xc8, 0x43, 0x39, 0x98, 0x43, 0x39, 0xc8, 0x43, 0x39, 0xb8, 0xc3, 0x38, 0x94, // .C9.C9.C9.C9..8.
	0x43, 0x38, 0x88, 0x03, 0x3b, 0x94, 0xc3, 0x2f, 0xbc, 0x83, 0x3c, 0xfc, 0x82, 0x3b, 0xd4, 0x03, // C8..;../..<..;..
	0x3b, 0xb0, 0xc3, 0x0c, 0xc4, 0x21, 0x07, 0x7c, 0x70, 0x03, 0x7a, 0x28, 0x87, 0x76, 0x80, 0x87, // ;....!.|p.z(.v..
	0x19, 0xd1, 0x43, 0x0e, 0xf8, 0xe0, 0x06, 0xe4, 0x20, 0x0e, 0xe7, 0xe0, 0x06, 0xf6, 0x10, 0x0e, // ..C..... .......
	0xf2, 0xc0, 0x0e, 0xe1, 0x90, 0x0f, 0xef, 0x50, 0x0f, 0xf4, 0x30, 0x83, 0x81, 0xc8, 0x01, 0x1f, // .......P..0.....
	0xdc, 0x40, 0x1c, 0xe4, 0xa1, 0x1c, 0xc2, 0x61, 0x1d, 0xdc, 0x40, 0x1c, 0xe4, 0x01, 0x00, 0x00, // .@.....a..@.....
	0x00, 0x71, 0x20, 0x00, 0x00, 0x30, 0x00, 0x00, 0x00, 0x35, 0xd0, 0x04, 0x7e, 0xe7, 0xf9, 0x37, // .q ..0...5..~..7
	0x08, 0x04, 0xce, 0xa0, 0xc1, 0x66, 0xb0, 0x04, 0x9a, 0xc0, 0xef, 0x3c, 0xff, 0x0a, 0x81, 0xc0, // .....f.....<....
	0x19, 0x34, 0xd8, 0x0c, 0x56, 0x40, 0x13, 0xf8, 0x9d, 0xe7, 0xdf, 0x23, 0x10, 0x38, 0x83, 0x06, // .4..V@.....#.8..
	0x9b, 0xc1, 0x02, 0x68, 0x02, 0xbf, 0xf3, 0xfc, 0x2b, 0x05, 0x02, 0x67, 0xd0, 0x60, 0x33, 0x68, // ...h....+..g.`3h
	0x07, 0xcd, 0x70, 0xf9, 0xce, 0xe3, 0x07, 0x40, 0x14, 0x21, 0x44, 0x64, 0x0a, 0xdb, 0x70, 0xf9, // ..p....@.!Dd..p.
	0xce, 0xe3, 0x0b, 0x01, 0x55, 0x14, 0x44, 0x54, 0x3a, 0xc0, 0x50, 0x12, 0x06, 0x20, 0x60, 0x7e, // ....U.DT:.P.. `~
	0x71, 0xdb, 0xb6, 0x20, 0x0d, 0x97, 0xef, 0x3c, 0xbe, 0x10, 0x11, 0xc0, 0x44, 0x84, 0x40, 0x33, // q.. ...<....D.@3
	0x2c, 0x84, 0x15, 0x88, 0xc1, 0x70, 0xf9, 0xce, 0xe3, 0x17, 0x0b, 0x30, 0x4d, 0x44, 0x43, 0x0c, // ,....p.....0MDC.
	0xed, 0x11, 0x11, 0xc0, 0x20, 0x0e, 0x62, 0x03, 0x46, 0x0e, 0xf5, 0xf8, 0xc8, 0x6d, 0x1b, 0x42, // .... .b.F....m.B
	0x35, 0x5c, 0xbe, 0xf3, 0xf8, 0x12, 0xc0, 0x3c, 0x0b, 0x51, 0x12, 0x15, 0xb1, 0xf8, 0xc5, 0x6d, // 5......<.Q.....m
	0x5b, 0x82, 0x35, 0x5c, 0xbe, 0xf3, 0xf8, 0x13, 0x71, 0x4d, 0x54, 0x44, 0xb0, 0x93, 0x13, 0x11, // [.5.....qMTD....
	0x7e, 0x71, 0xdb, 0x66, 0x20, 0x0d, 0x97, 0xef, 0x3c, 0xfe, 0x74, 0x44, 0x04, 0x30, 0x88, 0x83, // ~q.f ...<.tD.0..
	0x8f, 0xdc, 0xb6, 0x11, 0x10, 0x0c, 0x80, 0x34, 0x00, 0x61, 0x20, 0x00, 0x00, 0x76, 0x01, 0x00, // .......4.a ..v..
	0x00, 0x13, 0x04, 0x4a, 0x2c, 0x10, 0x00, 0x00, 0x00, 0x25, 0x00, 0x00, 0x00, 0xe4, 0x14, 0x41, // ...J,....%.....A
	0x19, 0x8c, 0x00, 0x90, 0x51, 0x72, 0x65, 0x18, 0x50, 0x40, 0x85, 0x54, 0xba, 0x01, 0x05, 0x1a, // ....Qre.P@.T....
	0x50, 0xc0, 0x01, 0x65, 0x57, 0x7c, 0x33, 0x00, 0x65, 0x53, 0x24, 0xe4, 0x94, 0x40, 0x79, 0x10, // P..eW|3.eS$..@y.
	0x30, 0x03, 0x30, 0x46, 0x00, 0x82, 0x20, 0x08, 0x7f, 0x63, 0x04, 0x20, 0x08, 0x82, 0xe8, 0x47, // 0.0F.. ..c. ...G
	0xe7, 0x50, 0x47, 0x20, 0x00, 0x46, 0x63, 0x40, 0x43, 0x1d, 0x81, 0x10, 0x18, 0x8d, 0x01, 0x0d, // .PG .Fc@C.......
	0x75, 0x04, 0x82, 0x60, 0x34, 0x06, 0x34, 0xd4, 0x11, 0x08, 0x83, 0xd1, 0x18, 0xd0, 0x50, 0x47, // u..`4.4.......PG
	0x20, 0x00, 0x46, 0x63, 0x88, 0xc1, 0x50, 0x47, 0x20, 0x04, 0x46, 0x63, 0x88, 0xc1, 0x50, 0x47, //  .Fc..PG .Fc..PG
	0x20, 0x08, 0x46, 0x63, 0x88, 0xc1, 0x50, 0x47, 0x20, 0x0c, 0x46, 0x63, 0x88, 0xc1, 0x50, 0x47, //  .Fc..PG .Fc..PG
	0x20, 0x00, 0x46, 0x63, 0x8c, 0xc1, 0x50, 0x47, 0x20, 0x04, 0x46, 0x63, 0x8c, 0xc1, 0x50, 0x47, //  .Fc..PG .Fc..PG
	0x20, 0x08, 0x46, 0x63, 0x8c, 0xc1, 0x50, 0x47, 0x20, 0x0c, 0x46, 0x63, 0x8c, 0x01, 0x00, 0x00, //  .Fc..PG .Fc....
	0x00, 0x23, 0x06, 0x09, 0x00, 0x82, 0x60, 0x90, 0xc9, 0x41, 0x17, 0xa5, 0x41, 0x1a, 0x98, 0xc1, // .#....`..A..A...
	0x88, 0x41, 0x02, 0x80, 0x20, 0x18, 0x64, 0x73, 0xe0, 0x49, 0x6b, 0xb0, 0x06, 0x67, 0x30, 0x62, // .A.. .ds.Ik..g0b
	0x90, 0x00, 0x20, 0x08, 0x06, 0x19, 0x1d, 0x7c, 0xd3, 0x1c, 0xcc, 0x01, 0x1a, 0x8c, 0x18, 0x24, // .. ....|.......$
	0x00, 0x08, 0x82, 0x41, 0x56, 0x07, 0x60, 0x40, 0xcd, 0xc1, 0x1c, 0xa4, 0xc1, 0x88, 0x41, 0x02, // ...AV.`@......A.
	0x80, 0x20, 0x18, 0x64, 0x76, 0x10, 0x06, 0x62, 0x40, 0x07, 0x71, 0xa0, 0x06, 0x23, 0x06, 0x09, // . .dv..b@.q..#..
	0x00, 0x82, 0x60, 0x90, 0xdd, 0x81, 0x18, 0x90, 0x41, 0x1d, 0xc8, 0xc1, 0x1a, 0x8c, 0x18, 0x24, // ..`.....A......$
	0x00, 0x08, 0x82, 0x41, 0x86, 0x07, 0x63, 0x60, 0x06, 0x76, 0x60, 0x07, 0x6c, 0x30, 0x62, 0x50, // ...A..c`.v`.l0bP
	0x00, 0x20, 0x08, 0x06, 0xc7, 0x1f, 0x78, 0x23, 0x06, 0x06, 0x00, 0x82, 0x60, 0x90, 0xfc, 0x41, // . ....x#....`..A
	0x18, 0xe0, 0xc1, 0x88, 0x81, 0x01, 0x80, 0x20, 0x18, 0x24, 0xa0, 0x20, 0x06, 0x7a, 0x30, 0x62, // ....... .$. .z0b
	0x60, 0x00, 0x20, 0x08, 0x06, 0x49, 0x28, 0x8c, 0x01, 0x1d, 0x8c, 0x18, 0x1c, 0x00, 0x08, 0x82, // `. ..I(.........
	0x81, 0xe5, 0x07, 0x61, 0x50, 0xec, 0xc1, 0x68, 0x42, 0x00, 0x5c, 0x60, 0xcc, 0x68, 0xc2, 0x10, // ...aP..hB..`.h..
	0x5c, 0x60, 0xcc, 0x68, 0x42, 0x21, 0x8c, 0x26, 0x18, 0xc3, 0x29, 0x40, 0x9d, 0x02, 0x94, 0x09, // .`.hB!.&..)@....
	0x62, 0x00, 0x1f, 0x13, 0xc6, 0x00, 0x3e, 0x66, 0x08, 0xf2, 0x31, 0x43, 0x90, 0xcf, 0x2d, 0x40, // b.....>f..1C..-@
	0xdd, 0x03, 0xd4, 0x88, 0xc1, 0x03, 0x80, 0x20, 0x18, 0x44, 0xaf, 0xf0, 0x06, 0x56, 0x45, 0x0c, // ....... .D...VE.
	0x41, 0x1a, 0xa8, 0x82, 0x2a, 0xb8, 0x81, 0x30, 0x9a, 0x10, 0x00, 0xa3, 0x09, 0x42, 0x30, 0x9a, // A...*..0.....B0.
	0x30, 0x08, 0xa3, 0x09, 0xc4, 0x30, 0x62, 0xe0, 0x00, 0x20, 0x08, 0x06, 0xd3, 0x2c, 0xec, 0x01, // 0....0b.. ...,..
	0x77, 0x59, 0x15, 0x31, 0x08, 0xc1, 0x1b, 0x0c, 0x37, 0x40, 0xb0, 0x00, 0x06, 0xb3, 0x0c, 0x49, // wY.1....7@.....I
	0x10, 0xac, 0x60, 0xe8, 0x05, 0x58, 0xc8, 0x86, 0x0d, 0x88, 0xc0, 0x18, 0x80, 0x15, 0x0c, 0xbd, // ..`..X..........
	0x10, 0x0b, 0xda, 0xb0, 0x01, 0x11, 0x18, 0x03, 0xb0, 0x82, 0xa1, 0x17, 0x64, 0x61, 0x1b, 0x36, // ............da.6
	0x20, 0x02, 0x63, 0x00, 0x56, 0x30, 0xf4, 0xc2, 0x2c, 0x70, 0xc3, 0x06, 0x44, 0x60, 0x0c, 0xc0, //  .c.V0..,p..D`..
	0x88, 0x81, 0x01, 0x80, 0x20, 0x18, 0x2c, 0xba, 0xc0, 0x07, 0xb3, 0x50, 0xdd, 0x2c, 0xe8, 0x70, // .... .,....P.,.p
	0x43, 0x50, 0x0b, 0x60, 0x30, 0xcb, 0x20, 0x0c, 0x41, 0x7d, 0xb7, 0x00, 0x2b, 0x18, 0xc8, 0xe1, // CP.`0. .A}..+...
	0x16, 0x02, 0x0a, 0x80, 0xb1, 0x82, 0xa1, 0x1c, 0x72, 0x61, 0xa0, 0x00, 0x18, 0x2b, 0x18, 0xcc, // ........ra...+..
	0x61, 0x17, 0x0a, 0x0a, 0x80, 0xb1, 0x82, 0xe1, 0x1c, 0x7a, 0xe1, 0xa0, 0x00, 0x18, 0x85, 0x06, // a........z......
	0xb6, 0x00, 0x2b, 0x18, 0xda, 0x01, 0x1c, 0x02, 0x0a, 0x80, 0xb1, 0x82, 0xc1, 0x1d, 0xc4, 0x61, // ..+............a
	0xa0, 0x00, 0x18, 0x2b, 0x18, 0xde, 0x81, 0x1c, 0x0a, 0x0a, 0x80, 0xb1, 0x82, 0x01, 0x1e, 0xcc, // ...+............
	0xe1, 0xa0, 0x00, 0x18, 0x15, 0x07, 0xe7, 0x00, 0x2b, 0x18, 0xec, 0x21, 0x1d, 0x02, 0x0a, 0x80, // ........+..!....
	0xb1, 0x82, 0xe1, 0x1e, 0xd6, 0x61, 0xa0, 0x00, 0x18, 0x2b, 0x18, 0xf0, 0xa1, 0x1d, 0x0a, 0x0a, // .....a...+......
	0x80, 0xb1, 0x82, 0x21, 0x1f, 0xde, 0xe1, 0xa0, 0x00, 0x18, 0x96, 0x99, 0x01, 0x7c, 0x0c, 0x33, // ...!.........|.3
	0x03, 0xf8, 0xd8, 0x65, 0x06, 0xf0, 0x31, 0xcb, 0x0c, 0xe0, 0x63, 0x04, 0x05, 0x1f, 0x23, 0x26, // ...e..1...c...#&
	0xf8, 0x18, 0x21, 0xc1, 0xc7, 0x88, 0x08, 0x3e, 0x46, 0x3c, 0xf0, 0x31, 0xc2, 0x81, 0x8f, 0x11, // ..!....>F<.1....
	0x0d, 0x7c, 0x8c, 0x60, 0xe0, 0x63, 0x84, 0x2e, 0xc8, 0xc7, 0x88, 0x5d, 0x90, 0x8f, 0x11, 0xbc, // .|.`.c.....]....
	0x20, 0x1f, 0x23, 0x7a, 0x41, 0x3e, 0x95, 0x0a, 0x22, 0x81, 0x95, 0x0a, 0x23, 0x81, 0x23, 0x06, //  .#zA>.."...#.#.
	0x0e, 0x00, 0x82, 0x60, 0x30, 0x9d, 0xc4, 0x3b, 0xc4, 0x82, 0x10, 0xa4, 0x82, 0x51, 0x10, 0xc3, // ...`0..;.....Q..
	0x38, 0x0c, 0x1b, 0x10, 0x73, 0x60, 0x0c, 0xc0, 0xb0, 0x01, 0x21, 0x07, 0xc5, 0x00, 0x0c, 0x1b, // 8...s`....!.....
	0x10, 0x71, 0x40, 0x0c, 0xc0, 0xb0, 0x01, 0x01, 0x07, 0xc3, 0x00, 0xcc, 0x12, 0x0c, 0x03, 0x15, // .q@.............
	0x00, 0x23, 0xc0, 0x43, 0x30, 0x50, 0x01, 0x30, 0x02, 0x3c, 0x04, 0x03, 0x15, 0x00, 0x23, 0xc0, // .#.C0P.0.<....#.
	0x43, 0x30, 0x50, 0x01, 0x30, 0x02, 0x3c, 0x04, 0xc3, 0x0d, 0xa8, 0x10, 0x12, 0x60, 0x30, 0xcb, // C0P.0.<......`0.
	0x90, 0x10, 0xc1, 0x88, 0x81, 0x01, 0x80, 0x20, 0x18, 0x2c, 0x2e, 0x01, 0x0f, 0x27, 0x51, 0xb1, // ....... .,...'Q.
	0xb0, 0x0e, 0x3a, 0xdc, 0x10, 0xa4, 0x04, 0x18, 0xcc, 0x32, 0x14, 0x46, 0x50, 0xb3, 0x40, 0x12, // ..:......2.FP.@.
	0xb0, 0x82, 0x01, 0x27, 0x56, 0x22, 0xa0, 0x00, 0x18, 0x2b, 0x18, 0x72, 0xa2, 0x25, 0x06, 0x0a, // ...'V"...+.r.%..
	0x80, 0xb1, 0x82, 0x41, 0x27, 0x5e, 0xa2, 0xa0, 0x00, 0x18, 0x2b, 0x18, 0x76, 0x22, 0x26, 0x0e, // ...A'^....+.v"&.
	0x0a, 0x80, 0x51, 0xbc, 0xb0, 0x12, 0xb0, 0x82, 0x21, 0x2c, 0x68, 0x22, 0xa0, 0x00, 0x18, 0x2b, // ..Q.....!,h"...+
	0x18, 0xc4, 0xc2, 0x26, 0x06, 0x0a, 0x80, 0xb1, 0x82, 0x61, 0x2c, 0x70, 0xa2, 0xa0, 0x00, 0x18, // ...&.....a,p....
	0x2b, 0x18, 0xc8, 0x42, 0x27, 0x0e, 0x0a, 0x80, 0x51, 0xe5, 0xe0, 0x0f, 0xb0, 0x82, 0x41, 0x2d, // +..B'...Q.....A-
	0x7a, 0x22, 0xa0, 0x00, 0x18, 0x2b, 0x18, 0xd6, 0xe2, 0x27, 0x06, 0x0a, 0x80, 0xb1, 0x82, 0x81, // z"...+...'......
	0x2d, 0xc2, 0xa2, 0xa0, 0x00, 0x18, 0x2b, 0x18, 0xda, 0x62, 0x2c, 0x0e, 0x0a, 0x80, 0x61, 0x99, // -.....+..b,...a.
	0x18, 0xc0, 0xc7, 0x30, 0x31, 0x80, 0x8f, 0x5d, 0x62, 0x00, 0x1f, 0xb3, 0xc4, 0x00, 0x3e, 0x46, // ...01..]b.....>F
	0x50, 0xf0, 0x31, 0x62, 0x82, 0x8f, 0x11, 0x12, 0x7c, 0x8c, 0x88, 0xe0, 0x63, 0xc4, 0x03, 0x1f, // P.1b....|...c...
	0x23, 0x1c, 0xf8, 0x18, 0xd1, 0xc0, 0xc7, 0x08, 0x06, 0x3e, 0x46, 0xb8, 0x84, 0x7c, 0x8c, 0x78, // #........>F..|.x
	0x09, 0xf9, 0x18, 0x01, 0x13, 0xf2, 0x31, 0x22, 0x26, 0xe4, 0x53, 0xfd, 0xf0, 0x16, 0x58, 0xfd, // ......1"&.S...X.
	0x00, 0x17, 0x38, 0x62, 0xe0, 0x00, 0x20, 0x08, 0x06, 0xd3, 0x5e, 0x8c, 0x85, 0x49, 0x08, 0x41, // ..8b.. ...^..I.A
	0x3f, 0x18, 0x05, 0x31, 0xdc, 0xc4, 0xb0, 0x01, 0x71, 0x0e, 0xc6, 0x00, 0x0c, 0x1b, 0x10, 0xe6, // ?..1....q.......
	0x50, 0x0c, 0xc0, 0xb0, 0x01, 0x51, 0x0e, 0xc4, 0x00, 0x0c, 0x1b, 0x10, 0xe4, 0x30, 0x0c, 0xc0, // P....Q.......0..
	0x2c, 0x81, 0x31, 0x50, 0x01, 0x30, 0x05, 0x3a, 0x10, 0x03, 0x15, 0x00, 0x53, 0xa0, 0x03, 0x31, // ,.1P.0.:....S..1
	0x50, 0x01, 0x30, 0x05, 0x3a, 0x10, 0x03, 0x15, 0x00, 0x53, 0xa0, 0x03, 0x31, 0xdc, 0xc0, 0x0f, // P.0.:....S..1...
	0x74, 0x01, 0x06, 0xb3, 0x0c, 0xc9, 0x11, 0x8c, 0x18, 0x18, 0x00, 0x08, 0x82, 0xc1, 0x22, 0x1a, // t.............".
	0x64, 0xb1, 0x17, 0xc3, 0x0d, 0x25, 0xc1, 0x17, 0x60, 0x30, 0xcb, 0x80, 0x24, 0x01, 0xe5, 0x04, // d....%..`0..$...
	0x30, 0x28, 0x27, 0x80, 0x41, 0x39, 0x01, 0x0c, 0xca, 0x09, 0x60, 0x50, 0x4e, 0x00, 0x83, 0x72, // 0('.A9....`PN..r
	0x02, 0x18, 0x94, 0x13, 0xc0, 0xa0, 0x9c, 0x00, 0x06, 0xe5, 0x04, 0x30, 0x28, 0x27, 0x80, 0x41, // ...........0('.A
	0x39, 0x01, 0x0c, 0xca, 0x09, 0x60, 0x18, 0x23, 0xc1, 0xc7, 0x18, 0x09, 0x3e, 0xc6, 0x48, 0xf0, // 9....`.#....>.H.
	0x31, 0x46, 0x82, 0x8f, 0x11, 0x0c, 0x7c, 0x8c, 0x60, 0xe0, 0x63, 0x04, 0x03, 0x1f, 0x23, 0x18, // 1F....|.`.c...#.
	0xf8, 0x18, 0xc1, 0xc0, 0xc7, 0x08, 0x06, 0x3e, 0x46, 0x30, 0xf0, 0x31, 0x82, 0x81, 0x8f, 0x11, // .......>F0.1....
	0x72, 0x21, 0x1f, 0x23, 0xe6, 0x42, 0x3e, 0x46, 0xd0, 0x85, 0x7c, 0x8c, 0xa8, 0x0b, 0xf9, 0x54, // r!.#.B>F..|....T
	0x58, 0xc8, 0x06, 0x56, 0x58, 0xcc, 0x06, 0x8e, 0x18, 0x38, 0x00, 0x08, 0x82, 0xc1, 0xf4, 0x1b, // X..VX....8......
	0xa7, 0xb1, 0x16, 0x42, 0x10, 0x16, 0x46, 0x41, 0x0c, 0x7b, 0x31, 0x4b, 0x90, 0x60, 0x40, 0x0c, // ...B..FA.{1K.`@.
	0x00, 0x44, 0x00, 0x00, 0x00, 0x5b, 0x86, 0x31, 0x08, 0xe2, 0x60, 0xcb, 0x50, 0x06, 0x41, 0x1c, // .D...[.1..`.P.A.
	0x6c, 0x19, 0xce, 0x20, 0x88, 0x83, 0x2d, 0x43, 0x1a, 0x04, 0x71, 0xb0, 0x65, 0x80, 0x83, 0x20, // l.. ..-C..q.e.. 
	0x0e, 0xb6, 0x0c, 0x72, 0x10, 0xc4, 0xc1, 0x96, 0x81, 0x0e, 0x82, 0x38, 0xd8, 0x32, 0xd8, 0x41, // ...r.......8.2.A
	0x10, 0x07, 0x5b, 0x86, 0x3c, 0x08, 0xe2, 0x60, 0xcb, 0xb0, 0x07, 0x41, 0x1c, 0x6c, 0x19, 0xfa, // ..[.<..`...A.l..
	0x20, 0x88, 0x83, 0x2d, 0xc3, 0x1f, 0x04, 0x71, 0xb0, 0x65, 0x10, 0x85, 0x20, 0x0e, 0xb6, 0x0c, //  ..-...q.e.. ...
	0xa4, 0x10, 0xc4, 0xc1, 0x96, 0xc1, 0x14, 0x82, 0x38, 0xd8, 0x32, 0xa0, 0x42, 0x10, 0x07, 0x5b, // ........8.2.B..[
	0x06, 0x5e, 0x08, 0xe2, 0x60, 0xcb, 0xd0, 0x0b, 0x41, 0x1c, 0x6c, 0x19, 0x7c, 0x21, 0x88, 0x83, // .^..`...A.l.|!..
	0x2d, 0xc3, 0x2f, 0x04, 0x71, 0xb0, 0x65, 0x68, 0x87, 0x20, 0x0e, 0xb6, 0x0c, 0xef, 0x10, 0xc4, // -./.q.eh. ......
	0xc1, 0x96, 0x21, 0x1e, 0x82, 0x38, 0xd8, 0x32, 0xcc, 0x43, 0x10, 0x07, 0x5b, 0x06, 0x7b, 0x08, // ..!..8.2.C..[.{.
	0xe2, 0x60, 0xcb, 0x80, 0x0f, 0x41, 0x1c, 0x6c, 0x19, 0xf4, 0x21, 0x88, 0x83, 0x2d, 0x03, 0x3f, // .`...A.l..!..-.?
	0x04, 0x71, 0xb0, 0x65, 0xf8, 0x87, 0x20, 0x0e, 0xb6, 0x0c, 0x21, 0x11, 0xc4, 0xc1, 0x96, 0x61, // .q.e.. ...!....a
	0x24, 0x82, 0x38, 0xd8, 0x32, 0x94, 0x44, 0x10, 0x07, 0x5b, 0x86, 0x9c, 0x08, 0xe2, 0x60, 0xcb, // $.8.2.D..[....`.
	0xa0, 0x13, 0x41, 0x1c, 0x6c, 0x19, 0x76, 0x22, 0x88, 0x83, 0x2d, 0x03, 0x4f, 0x04, 0x71, 0xb0, // ..A.l.v"..-.O.q.
	0x65, 0x38, 0x8b, 0x20, 0x0e, 0xb6, 0x0c, 0x68, 0x11, 0xc4, 0xc1, 0x96, 0x21, 0x2d, 0x82, 0x38, // e8. ...h....!-.8
	0xd8, 0x32, 0xa8, 0x45, 0x10, 0x07, 0x5b, 0x86, 0xb5, 0x08, 0xe2, 0x60, 0xcb, 0xc0, 0x16, 0x41, // .2.E..[....`...A
	0x1c, 0x6c, 0x19, 0xda, 0x22, 0x88, 0x83, 0x2d, 0x83, 0x5b, 0x04, 0x71, 0xb0, 0x65, 0x78, 0x8b, // .l.."..-.[.q.ex.
	0x20, 0x0e, 0xb6, 0x0c, 0x70, 0x11, 0xc4, 0xc1, 0x96, 0x21, 0x2e, 0x82, 0x38, 0xd8, 0x32, 0xc8, //  ...p....!..8.2.
	0x45, 0x10, 0x07, 0x00, 0x00, 0x00, 0x00, 0x00, 0x00, 0x00, 0x00, 0x00, 0x00, 0x00, 0x00, 0x10, // E...............
	0x00,                                                                                           // .
};
static const uint8_t cs_mipgen_pow2_mtl[5808] =
{
	0x43, 0x53, 0x48, 0x0b, 0x00, 0x00, 0x00, 0x00, 0x00, 0x00, 0x00, 0x00, 0x08, 0x00, 0x15, 0x62, // CSH............b
	0x67, 0x66, 0x78, 0x5f, 0x74, 0x65, 0x78, 0x4d, 0x69, 0x70, 0x53, 0x72, 0x63, 0x53, 0x61, 0x6d, // gfx_texMipSrcSam
	0x70, 0x6c, 0x65, 0x72, 0x01, 0x01, 0xff, 0xff, 0x01, 0x00, 0x00, 0x00, 0x00, 0x00, 0x15, 0x62, // pler...........b
	0x67, 0x66, 0x78, 0x5f, 0x74, 0x65, 0x78, 0x4d, 0x69, 0x70, 0x53, 0x72, 0x63, 0x54, 0x65, 0x78, // gfx_texMipSrcTex
	0x74, 0x75, 0x72, 0x65, 0x01, 0x01, 0xff, 0xff, 0x01, 0x00, 0x00, 0x00, 0x00, 0x00, 0x0b, 0x62, // ture...........b
	0x67, 0x66, 0x78, 0x5f, 0x6d, 0x69, 0x70, 0x47, 0x65, 0x6e, 0x02, 0x01, 0x00, 0x00, 0x01, 0x00, // gfx_mipGen......
	0x00, 0x00, 0x00, 0x00, 0x09, 0x73, 0x5f, 0x69, 0x6d, 0x67, 0x4d, 0x69, 0x70, 0x31, 0x01, 0x01, // .....s_imgMip1..
	0xff, 0xff, 0x01, 0x00, 0x00, 0x00, 0x00, 0x00, 0x09, 0x73, 0x5f, 0x69, 0x6d, 0x67, 0x4d, 0x69, // .........s_imgMi
	0x70, 0x32, 0x01, 0x01, 0xff, 0xff, 0x01, 0x00, 0x00, 0x00, 0x00, 0x00, 0x09, 0x73, 0x5f, 0x69, // p2...........s_i
	0x6d, 0x67, 0x4d, 0x69, 0x70, 0x33, 0x01, 0x01, 0xff, 0xff, 0x01, 0x00, 0x00, 0x00, 0x00, 0x00, // mgMip3..........
	0x09, 0x73, 0x5f, 0x69, 0x6d, 0x67, 0x4d, 0x69, 0x70, 0x34, 0x01, 0x01, 0xff, 0xff, 0x01, 0x00, // .s_imgMip4......
	0x00, 0x00, 0x00, 0x00, 0x0e, 0x62, 0x67, 0x66, 0x78, 0x5f, 0x74, 0x65, 0x78, 0x4d, 0x69, 0x70, // .....bgfx_texMip
	0x53, 0x72, 0x63, 0x00, 0x00, 0x00, 0x00, 0x00, 0x00, 0x00, 0x00, 0x00, 0x00, 0x08, 0x00, 0x08, // Src.............
	0x00, 0x01, 0x00, 0xd5, 0x15, 0x00, 0x00, 0x23, 0x70, 0x72, 0x61, 0x67, 0x6d, 0x61, 0x20, 0x63, // .......#pragma c
	0x6c, 0x61, 0x6e, 0x67, 0x20, 0x64, 0x69, 0x61, 0x67, 0x6e, 0x6f, 0x73, 0x74, 0x69, 0x63, 0x20, // lang diagnostic 
	0x69, 0x67, 0x6e, 0x6f, 0x72, 0x65, 0x64, 0x20, 0x22, 0x2d, 0x57, 0x6d, 0x69, 0x73, 0x73, 0x69, // ignored "-Wmissi
	0x6e, 0x67, 0x2d, 0x70, 0x72, 0x6f, 0x74, 0x6f, 0x74, 0x79, 0x70, 0x65, 0x73, 0x22, 0x0a, 0x23, // ng-prototypes".#
	0x70, 0x72, 0x61, 0x67, 0x6d, 0x61, 0x20, 0x63, 0x6c, 0x61, 0x6e, 0x67, 0x20, 0x64, 0x69, 0x61, // pragma clang dia
	0x67, 0x6e, 0x6f, 0x73, 0x74, 0x69, 0x63, 0x20, 0x69, 0x67, 0x6e, 0x6f, 0x72, 0x65, 0x64, 0x20, // gnostic ignored 
	0x22, 0x2d, 0x57, 0x6d, 0x69, 0x73, 0x73, 0x69, 0x6e, 0x67, 0x2d, 0x62, 0x72, 0x61, 0x63, 0x65, // "-Wmissing-brace
	0x73, 0x22, 0x0a, 0x0a, 0x23, 0x69, 0x6e, 0x63, 0x6c, 0x75, 0x64, 0x65, 0x20, 0x3c, 0x6d, 0x65, // s"..#include <me
	0x74, 0x61, 0x6c, 0x5f, 0x73, 0x74, 0x64, 0x6c, 0x69, 0x62, 0x3e, 0x0a, 0x23, 0x69, 0x6e, 0x63, // tal_stdlib>.#inc
	0x6c, 0x75, 0x64, 0x65, 0x20, 0x3c, 0x73, 0x69, 0x6d, 0x64, 0x2f, 0x73, 0x69, 0x6d, 0x64, 0x2e, // lude <simd/simd.
	0x68, 0x3e, 0x0a, 0x0a, 0x75, 0x73, 0x69, 0x6e, 0x67, 0x20, 0x6e, 0x61, 0x6d, 0x65, 0x73, 0x70, // h>..using namesp
	0x61, 0x63, 0x65, 0x20, 0x6d, 0x65, 0x74, 0x61, 0x6c, 0x3b, 0x0a, 0x0a, 0x74, 0x65, 0x6d, 0x70, // ace metal;..temp
	0x6c, 0x61, 0x74, 0x65, 0x3c, 0x74, 0x79, 0x70, 0x65, 0x6e, 0x61, 0x6d, 0x65, 0x20, 0x54, 0x2c, // late<typename T,
	0x20, 0x73, 0x69, 0x7a, 0x65, 0x5f, 0x74, 0x20, 0x4e, 0x75, 0x6d, 0x3e, 0x0a, 0x73, 0x74, 0x72, //  size_t Num>.str
	0x75, 0x63, 0x74, 0x20, 0x73, 0x70, 0x76, 0x55, 0x6e, 0x73, 0x61, 0x66, 0x65, 0x41, 0x72, 0x72, // uct spvUnsafeArr
	0x61, 0x79, 0x0a, 0x7b, 0x0a, 0x20, 0x20, 0x20, 0x20, 0x54, 0x20, 0x65, 0x6c, 0x65, 0x6d, 0x65, // ay.{.    T eleme
	0x6e, 0x74, 0x73, 0x5b, 0x4e, 0x75, 0x6d, 0x20, 0x3f, 0x20, 0x4e, 0x75, 0x6d, 0x20, 0x3a, 0x20, // nts[Num ? Num : 
	0x31, 0x5d, 0x3b, 0x0a, 0x20, 0x20, 0x20, 0x20, 0x0a, 0x20, 0x20, 0x20, 0x20, 0x74, 0x68, 0x72, // 1];.    .    thr
	0x65, 0x61, 0x64, 0x20, 0x54, 0x26, 0x20, 0x6f, 0x70, 0x65, 0x72, 0x61, 0x74, 0x6f, 0x72, 0x20, // ead T& operator 
	0x5b, 0x5d, 0x20, 0x28, 0x73, 0x69, 0x7a, 0x65, 0x5f, 0x74, 0x20, 0x70, 0x6f, 0x73, 0x29, 0x20, // [] (size_t pos) 
	0x74, 0x68, 0x72, 0x65, 0x61, 0x64, 0x0a, 0x20, 0x20, 0x20, 0x20, 0x7b, 0x0a, 0x20, 0x20, 0x20, // thread.    {.   
	0x20, 0x20, 0x20, 0x20, 0x20, 0x72, 0x65, 0x74, 0x75, 0x72, 0x6e, 0x20, 0x65, 0x6c, 0x65, 0x6d, //      return elem
	0x65, 0x6e, 0x74, 0x73, 0x5b, 0x70, 0x6f, 0x73, 0x5d, 0x3b, 0x0a, 0x20, 0x20, 0x20, 0x20, 0x7d, // ents[pos];.    }
	0x0a, 0x20, 0x20, 0x20, 0x20, 0x63, 0x6f, 0x6e, 0x73, 0x74, 0x65, 0x78, 0x70, 0x72, 0x20, 0x63, // .    constexpr c
	0x6f, 0x6e, 0x73, 0x74, 0x20, 0x74, 0x68, 0x72, 0x65, 0x61, 0x64, 0x20, 0x54, 0x26, 0x20, 0x6f, // onst thread T& o
	0x70, 0x65, 0x72, 0x61, 0x74, 0x6f, 0x72, 0x20, 0x5b, 0x5d, 0x20, 0x28, 0x73, 0x69, 0x7a, 0x65, // perator [] (size
	0x5f, 0x74, 0x20, 0x70, 0x6f, 0x73, 0x29, 0x20, 0x63, 0x6f, 0x6e, 0x73, 0x74, 0x20, 0x74, 0x68, // _t pos) const th
	0x72, 0x65, 0x61, 0x64, 0x0a, 0x20, 0x20, 0x20, 0x20, 0x7b, 0x0a, 0x20, 0x20, 0x20, 0x20, 0x20, // read.    {.     
	0x20, 0x20, 0x20, 0x72, 0x65, 0x74, 0x75, 0x72, 0x6e, 0x20, 0x65, 0x6c, 0x65, 0x6d, 0x65, 0x6e, //    return elemen
	0x74, 0x73, 0x5b, 0x70, 0x6f, 0x73, 0x5d, 0x3b, 0x0a, 0x20, 0x20, 0x20, 0x20, 0x7d, 0x0a, 0x20, // ts[pos];.    }. 
	0x20, 0x20, 0x20, 0x0a, 0x20, 0x20, 0x20, 0x20, 0x64, 0x65, 0x76, 0x69, 0x63, 0x65, 0x20, 0x54, //    .    device T
	0x26, 0x20, 0x6f, 0x70, 0x65, 0x72, 0x61, 0x74, 0x6f, 0x72, 0x20, 0x5b, 0x5d, 0x20, 0x28, 0x73, // & operator [] (s
	0x69, 0x7a, 0x65, 0x5f, 0x74, 0x20, 0x70, 0x6f, 0x73, 0x29, 0x20, 0x64, 0x65, 0x76, 0x69, 0x63, // ize_t pos) devic
	0x65, 0x0a, 0x20, 0x20, 0x20, 0x20, 0x7b, 0x0a, 0x20, 0x20, 0x20, 0x20, 0x20, 0x20, 0x20, 0x20, // e.    {.        
	0x72, 0x65, 0x74, 0x75, 0x72, 0x6e, 0x20, 0x65, 0x6c, 0x65, 0x6d, 0x65, 0x6e, 0x74, 0x73, 0x5b, // return elements[
	0x70, 0x6f, 0x73, 0x5d, 0x3b, 0x0a, 0x20, 0x20, 0x20, 0x20, 0x7d, 0x0a, 0x20, 0x20, 0x20, 0x20, // pos];.    }.    
	0x63, 0x6f, 0x6e, 0x73, 0x74, 0x65, 0x78, 0x70, 0x72, 0x20, 0x63, 0x6f, 0x6e, 0x73, 0x74, 0x20, // constexpr const 
	0x64, 0x65, 0x76, 0x69, 0x63, 0x65, 0x20, 0x54, 0x26, 0x20, 0x6f, 0x70, 0x65, 0x72, 0x61, 0x74, // device T& operat
	0x6f, 0x72, 0x20, 0x5b, 0x5d, 0x20, 0x28, 0x73, 0x69, 0x7a, 0x65, 0x5f, 0x74, 0x20, 0x70, 0x6f, // or [] (size_t po
	0x73, 0x29, 0x20, 0x63, 0x6f, 0x6e, 0x73, 0x74, 0x20, 0x64, 0x65, 0x76, 0x69, 0x63, 0x65, 0x0a, // s) const device.
	0x20, 0x20, 0x20, 0x20, 0x7b, 0x0a, 0x20, 0x20, 0x20, 0x20, 0x20, 0x20, 0x20, 0x20, 0x72, 0x65, //     {.        re
	0x74, 0x75, 0x72, 0x6e, 0x20, 0x65, 0x6c, 0x65, 0x6d, 0x65, 0x6e, 0x74, 0x73, 0x5b, 0x70, 0x6f, // turn elements[po
	0x73, 0x5d, 0x3b, 0x0a, 0x20, 0x20, 0x20, 0x20, 0x7d, 0x0a, 0x20, 0x20, 0x20, 0x20, 0x0a, 0x20, // s];.    }.    . 
	0x20, 0x20, 0x20, 0x63, 0x6f, 0x6e, 0x73, 0x74, 0x65, 0x78, 0x70, 0x72, 0x20, 0x63, 0x6f, 0x6e, //    constexpr con
	0x73, 0x74, 0x20, 0x63, 0x6f, 0x6e, 0x73, 0x74, 0x61, 0x6e, 0x74, 0x20, 0x54, 0x26, 0x20, 0x6f, // st constant T& o
	0x70, 0x65, 0x72, 0x61, 0x74, 0x6f, 0x72, 0x20, 0x5b, 0x5d, 0x20, 0x28, 0x73, 0x69, 0x7a, 0x65, // perator [] (size
	0x5f, 0x74, 0x20, 0x70, 0x6f, 0x73, 0x29, 0x20, 0x63, 0x6f, 0x6e, 0x73, 0x74, 0x20, 0x63, 0x6f, // _t pos) const co
	0x6e, 0x73, 0x74, 0x61, 0x6e, 0x74, 0x0a, 0x20, 0x20, 0x20, 0x20, 0x7b, 0x0a, 0x20, 0x20, 0x20, // nstant.    {.   
	0x20, 0x20, 0x20, 0x20, 0x20, 0x72, 0x65, 0x74, 0x75, 0x72, 0x6e, 0x20, 0x65, 0x6c, 0x65, 0x6d, //      return elem
	0x65, 0x6e, 0x74, 0x73, 0x5b, 0x70, 0x6f, 0x73, 0x5d, 0x3b, 0x0a, 0x20, 0x20, 0x20, 0x20, 0x7d, // ents[pos];.    }
	0x0a, 0x20, 0x20, 0x20, 0x20, 0x0a, 0x20, 0x20, 0x20, 0x20, 0x74, 0x68, 0x72, 0x65, 0x61, 0x64, // .    .    thread
	0x67, 0x72, 0x6f, 0x75, 0x70, 0x20, 0x54, 0x26, 0x20, 0x6f, 0x70, 0x65, 0x72, 0x61, 0x74, 0x6f, // group T& operato
	0x72, 0x20, 0x5b, 0x5d, 0x20, 0x28, 0x73, 0x69, 0x7a, 0x65, 0x5f, 0x74, 0x20, 0x70, 0x6f, 0x73, // r [] (size_t pos
	0x29, 0x20, 0x74, 0x68, 0x72, 0x65, 0x61, 0x64, 0x67, 0x72, 0x6f, 0x75, 0x70, 0x0a, 0x20, 0x20, // ) threadgroup.  
	0x20, 0x20, 0x7b, 0x0a, 0x20, 0x20, 0x20, 0x20, 0x20, 0x20, 0x20, 0x20, 0x72, 0x65, 0x74, 0x75, //   {.        retu
	0x72, 0x6e, 0x20, 0x65, 0x6c, 0x65, 0x6d, 0x65, 0x6e, 0x74, 0x73, 0x5b, 0x70, 0x6f, 0x73, 0x5d, // rn elements[pos]
	0x3b, 0x0a, 0x20, 0x20, 0x20, 0x20, 0x7d, 0x0a, 0x20, 0x20, 0x20, 0x20, 0x63, 0x6f, 0x6e, 0x73, // ;.    }.    cons
	0x74, 0x65, 0x78, 0x70, 0x72, 0x20, 0x63, 0x6f, 0x6e, 0x73, 0x74, 0x20, 0x74, 0x68, 0x72, 0x65, // texpr const thre
	0x61, 0x64, 0x67, 0x72, 0x6f, 0x75, 0x70, 0x20, 0x54, 0x26, 0x20, 0x6f, 0x70, 0x65, 0x72, 0x61, // adgroup T& opera
	0x74, 0x6f, 0x72, 0x20, 0x5b, 0x5d, 0x20, 0x28, 0x73, 0x69, 0x7a, 0x65, 0x5f, 0x74, 0x20, 0x70, // tor [] (size_t p
	0x6f, 0x73, 0x29, 0x20, 0x63, 0x6f, 0x6e, 0x73, 0x74, 0x20, 0x74, 0x68, 0x72, 0x65, 0x61, 0x64, // os) const thread
	0x67, 0x72, 0x6f, 0x75, 0x70, 0x0a, 0x20, 0x20, 0x20, 0x20, 0x7b, 0x0a, 0x20, 0x20, 0x20, 0x20, // group.    {.    
	0x20, 0x20, 0x20, 0x20, 0x72, 0x65, 0x74, 0x75, 0x72, 0x6e, 0x20, 0x65, 0x6c, 0x65, 0x6d, 0x65, //     return eleme
	0x6e, 0x74, 0x73, 0x5b, 0x70, 0x6f, 0x73, 0x5d, 0x3b, 0x0a, 0x20, 0x20, 0x20, 0x20, 0x7d, 0x0a, // nts[pos];.    }.
	0x7d, 0x3b, 0x0a, 0x0a, 0x73, 0x74, 0x72, 0x75, 0x63, 0x74, 0x20, 0x5f, 0x47, 0x6c, 0x6f, 0x62, // };..struct _Glob
	0x61, 0x6c, 0x0a, 0x7b, 0x0a, 0x20, 0x20, 0x20, 0x20, 0x66, 0x6c, 0x6f, 0x61, 0x74, 0x34, 0x20, // al.{.    float4 
	0x62, 0x67, 0x66, 0x78, 0x5f, 0x6d, 0x69, 0x70, 0x47, 0x65, 0x6e, 0x3b, 0x0a, 0x7d, 0x3b, 0x0a, // bgfx_mipGen;.};.
	0x0a, 0x6b, 0x65, 0x72, 0x6e, 0x65, 0x6c, 0x20, 0x76, 0x6f, 0x69, 0x64, 0x20, 0x78, 0x6c, 0x61, // .kernel void xla
	0x74, 0x4d, 0x74, 0x6c, 0x4d, 0x61, 0x69, 0x6e, 0x28, 0x63, 0x6f, 0x6e, 0x73, 0x74, 0x61, 0x6e, // tMtlMain(constan
	0x74, 0x20, 0x5f, 0x47, 0x6c, 0x6f, 0x62, 0x61, 0x6c, 0x26, 0x20, 0x5f, 0x6d, 0x74, 0x6c, 0x5f, // t _Global& _mtl_
	0x75, 0x20, 0x5b, 0x5b, 0x62, 0x75, 0x66, 0x66, 0x65, 0x72, 0x28, 0x30, 0x29, 0x5d, 0x5d, 0x2c, // u [[buffer(0)]],
	0x20, 0x74, 0x65, 0x78, 0x74, 0x75, 0x72, 0x65, 0x32, 0x64, 0x5f, 0x61, 0x72, 0x72, 0x61, 0x79, //  texture2d_array
	0x3c, 0x66, 0x6c, 0x6f, 0x61, 0x74, 0x2c, 0x20, 0x61, 0x63, 0x63, 0x65, 0x73, 0x73, 0x3a, 0x3a, // <float, access::
	0x77, 0x72, 0x69, 0x74, 0x65, 0x3e, 0x20, 0x73, 0x5f, 0x69, 0x6d, 0x67, 0x4d, 0x69, 0x70, 0x31, // write> s_imgMip1
	0x20, 0x5b, 0x5b, 0x74, 0x65, 0x78, 0x74, 0x75, 0x72, 0x65, 0x28, 0x30, 0x29, 0x5d, 0x5d, 0x2c, //  [[texture(0)]],
	0x20, 0x74, 0x65, 0x78, 0x74, 0x75, 0x72, 0x65, 0x32, 0x64, 0x5f, 0x61, 0x72, 0x72, 0x61, 0x79, //  texture2d_array
	0x3c, 0x66, 0x6c, 0x6f, 0x61, 0x74, 0x2c, 0x20, 0x61, 0x63, 0x63, 0x65, 0x73, 0x73, 0x3a, 0x3a, // <float, access::
	0x77, 0x72, 0x69, 0x74, 0x65, 0x3e, 0x20, 0x73, 0x5f, 0x69, 0x6d, 0x67, 0x4d, 0x69, 0x70, 0x32, // write> s_imgMip2
	0x20, 0x5b, 0x5b, 0x74, 0x65, 0x78, 0x74, 0x75, 0x72, 0x65, 0x28, 0x31, 0x29, 0x5d, 0x5d, 0x2c, //  [[texture(1)]],
	0x20, 0x74, 0x65, 0x78, 0x74, 0x75, 0x72, 0x65, 0x32, 0x64, 0x5f, 0x61, 0x72, 0x72, 0x61, 0x79, //  texture2d_array
	0x3c, 0x66, 0x6c, 0x6f, 0x61, 0x74, 0x2c, 0x20, 0x61, 0x63, 0x63, 0x65, 0x73, 0x73, 0x3a, 0x3a, // <float, access::
	0x77, 0x72, 0x69, 0x74, 0x65, 0x3e, 0x20, 0x73, 0x5f, 0x69, 0x6d, 0x67, 0x4d, 0x69, 0x70, 0x33, // write> s_imgMip3
	0x20, 0x5b, 0x5b, 0x74, 0x65, 0x78, 0x74, 0x75, 0x72, 0x65, 0x28, 0x32, 0x29, 0x5d, 0x5d, 0x2c, //  [[texture(2)]],
	0x20, 0x74, 0x65, 0x78, 0x74, 0x75, 0x72, 0x65, 0x32, 0x64, 0x5f, 0x61, 0x72, 0x72, 0x61, 0x79, //  texture2d_array
	0x3c, 0x66, 0x6c, 0x6f, 0x61, 0x74, 0x2c, 0x20, 0x61, 0x63, 0x63, 0x65, 0x73, 0x73, 0x3a, 0x3a, // <float, access::
	0x77, 0x72, 0x69, 0x74, 0x65, 0x3e, 0x20, 0x73, 0x5f, 0x69, 0x6d, 0x67, 0x4d, 0x69, 0x70, 0x34, // write> s_imgMip4
	0x20, 0x5b, 0x5b, 0x74, 0x65, 0x78, 0x74, 0x75, 0x72, 0x65, 0x28, 0x33, 0x29, 0x5d, 0x5d, 0x2c, //  [[texture(3)]],
	0x20, 0x74, 0x65, 0x78, 0x74, 0x75, 0x72, 0x65, 0x32, 0x64, 0x5f, 0x61, 0x72, 0x72, 0x61, 0x79, //  texture2d_array
	0x3c, 0x66, 0x6c, 0x6f, 0x61, 0x74, 0x3e, 0x20, 0x62, 0x67, 0x66, 0x78, 0x5f, 0x74, 0x65, 0x78, // <float> bgfx_tex
	0x4d, 0x69, 0x70, 0x53, 0x72, 0x63, 0x20, 0x5b, 0x5b, 0x74, 0x65, 0x78, 0x74, 0x75, 0x72, 0x65, // MipSrc [[texture
	0x28, 0x34, 0x29, 0x5d, 0x5d, 0x2c, 0x20, 0x73, 0x61, 0x6d, 0x70, 0x6c, 0x65, 0x72, 0x20, 0x62, // (4)]], sampler b
	0x67, 0x66, 0x78, 0x5f, 0x74, 0x65, 0x78, 0x4d, 0x69, 0x70, 0x53, 0x72, 0x63, 0x53, 0x61, 0x6d, // gfx_texMipSrcSam
	0x70, 0x6c, 0x65, 0x72, 0x20, 0x5b, 0x5b, 0x73, 0x61, 0x6d, 0x70, 0x6c, 0x65, 0x72, 0x28, 0x34, // pler [[sampler(4
	0x29, 0x5d, 0x5d, 0x2c, 0x20, 0x75, 0x69, 0x6e, 0x74, 0x20, 0x67, 0x6c, 0x5f, 0x4c, 0x6f, 0x63, // )]], uint gl_Loc
	0x61, 0x6c, 0x49, 0x6e, 0x76, 0x6f, 0x63, 0x61, 0x74, 0x69, 0x6f, 0x6e, 0x49, 0x6e, 0x64, 0x65, // alInvocationInde
	0x78, 0x20, 0x5b, 0x5b, 0x74, 0x68, 0x72, 0x65, 0x61, 0x64, 0x5f, 0x69, 0x6e, 0x64, 0x65, 0x78, // x [[thread_index
	0x5f, 0x69, 0x6e, 0x5f, 0x74, 0x68, 0x72, 0x65, 0x61, 0x64, 0x67, 0x72, 0x6f, 0x75, 0x70, 0x5d, // _in_threadgroup]
	0x5d, 0x2c, 0x20, 0x75, 0x69, 0x6e, 0x74, 0x33, 0x20, 0x67, 0x6c, 0x5f, 0x47, 0x6c, 0x6f, 0x62, // ], uint3 gl_Glob
	0x61, 0x6c, 0x49, 0x6e, 0x76, 0x6f, 0x63, 0x61, 0x74, 0x69, 0x6f, 0x6e, 0x49, 0x44, 0x20, 0x5b, // alInvocationID [
	0x5b, 0x74, 0x68, 0x72, 0x65, 0x61, 0x64, 0x5f, 0x70, 0x6f, 0x73, 0x69, 0x74, 0x69, 0x6f, 0x6e, // [thread_position
	0x5f, 0x69, 0x6e, 0x5f, 0x67, 0x72, 0x69, 0x64, 0x5d, 0x5d, 0x29, 0x0a, 0x7b, 0x0a, 0x20, 0x20, // _in_grid]]).{.  
	0x20, 0x20, 0x74, 0x68, 0x72, 0x65, 0x61, 0x64, 0x67, 0x72, 0x6f, 0x75, 0x70, 0x20, 0x73, 0x70, //   threadgroup sp
	0x76, 0x55, 0x6e, 0x73, 0x61, 0x66, 0x65, 0x41, 0x72, 0x72, 0x61, 0x79, 0x3c, 0x66, 0x6c, 0x6f, // vUnsafeArray<flo
	0x61, 0x74, 0x2c, 0x20, 0x36, 0x34, 0x3e, 0x20, 0x67, 0x73, 0x5f, 0x52, 0x3b, 0x0a, 0x20, 0x20, // at, 64> gs_R;.  
	0x20, 0x20, 0x74, 0x68, 0x72, 0x65, 0x61, 0x64, 0x67, 0x72, 0x6f, 0x75, 0x70, 0x20, 0x73, 0x70, //   threadgroup sp
	0x76, 0x55, 0x6e, 0x73, 0x61, 0x66, 0x65, 0x41, 0x72, 0x72, 0x61, 0x79, 0x3c, 0x66, 0x6c, 0x6f, // vUnsafeArray<flo
	0x61, 0x74, 0x2c, 0x20, 0x36, 0x34, 0x3e, 0x20, 0x67, 0x73, 0x5f, 0x47, 0x3b, 0x0a, 0x20, 0x20, // at, 64> gs_G;.  
	0x20, 0x20, 0x74, 0x68, 0x72, 0x65, 0x61, 0x64, 0x67, 0x72, 0x6f, 0x75, 0x70, 0x20, 0x73, 0x70, //   threadgroup sp
	0x76, 0x55, 0x6e, 0x73, 0x61, 0x66, 0x65, 0x41, 0x72, 0x72, 0x61, 0x79, 0x3c, 0x66, 0x6c, 0x6f, // vUnsafeArray<flo
	0x61, 0x74, 0x2c, 0x20, 0x36, 0x34, 0x3e, 0x20, 0x67, 0x73, 0x5f, 0x42, 0x3b, 0x0a, 0x20, 0x20, // at, 64> gs_B;.  
	0x20, 0x20, 0x74, 0x68, 0x72, 0x65, 0x61, 0x64, 0x67, 0x72, 0x6f, 0x75, 0x70, 0x20, 0x73, 0x70, //   threadgroup sp
	0x76, 0x55, 0x6e, 0x73, 0x61, 0x66, 0x65, 0x41, 0x72, 0x72, 0x61, 0x79, 0x3c, 0x66, 0x6c, 0x6f, // vUnsafeArray<flo
	0x61, 0x74, 0x2c, 0x20, 0x36, 0x34, 0x3e, 0x20, 0x67, 0x73, 0x5f, 0x41, 0x3b, 0x0a, 0x20, 0x20, // at, 64> gs_A;.  
	0x20, 0x20, 0x64, 0x6f, 0x0a, 0x20, 0x20, 0x20, 0x20, 0x7b, 0x0a, 0x20, 0x20, 0x20, 0x20, 0x20, //   do.    {.     
	0x20, 0x20, 0x20, 0x75, 0x69, 0x6e, 0x74, 0x20, 0x5f, 0x34, 0x36, 0x38, 0x20, 0x3d, 0x20, 0x75, //    uint _468 = u
	0x69, 0x6e, 0x74, 0x28, 0x69, 0x6e, 0x74, 0x28, 0x67, 0x6c, 0x5f, 0x4c, 0x6f, 0x63, 0x61, 0x6c, // int(int(gl_Local
	0x49, 0x6e, 0x76, 0x6f, 0x63, 0x61, 0x74, 0x69, 0x6f, 0x6e, 0x49, 0x6e, 0x64, 0x65, 0x78, 0x29, // InvocationIndex)
	0x29, 0x3b, 0x0a, 0x20, 0x20, 0x20, 0x20, 0x20, 0x20, 0x20, 0x20, 0x75, 0x69, 0x6e, 0x74, 0x33, // );.        uint3
	0x20, 0x5f, 0x34, 0x37, 0x30, 0x20, 0x3d, 0x20, 0x75, 0x69, 0x6e, 0x74, 0x33, 0x28, 0x69, 0x6e, //  _470 = uint3(in
	0x74, 0x33, 0x28, 0x67, 0x6c, 0x5f, 0x47, 0x6c, 0x6f, 0x62, 0x61, 0x6c, 0x49, 0x6e, 0x76, 0x6f, // t3(gl_GlobalInvo
	0x63, 0x61, 0x74, 0x69, 0x6f, 0x6e, 0x49, 0x44, 0x29, 0x29, 0x3b, 0x0a, 0x20, 0x20, 0x20, 0x20, // cationID));.    
	0x20, 0x20, 0x20, 0x20, 0x75, 0x69, 0x6e, 0x74, 0x20, 0x5f, 0x34, 0x37, 0x36, 0x20, 0x3d, 0x20, //     uint _476 = 
	0x75, 0x69, 0x6e, 0x74, 0x28, 0x5f, 0x6d, 0x74, 0x6c, 0x5f, 0x75, 0x2e, 0x62, 0x67, 0x66, 0x78, // uint(_mtl_u.bgfx
	0x5f, 0x6d, 0x69, 0x70, 0x47, 0x65, 0x6e, 0x2e, 0x79, 0x29, 0x3b, 0x0a, 0x20, 0x20, 0x20, 0x20, // _mipGen.y);.    
	0x20, 0x20, 0x20, 0x20, 0x75, 0x69, 0x6e, 0x74, 0x20, 0x5f, 0x34, 0x38, 0x31, 0x20, 0x3d, 0x20, //     uint _481 = 
	0x5f, 0x34, 0x37, 0x30, 0x2e, 0x7a, 0x3b, 0x0a, 0x20, 0x20, 0x20, 0x20, 0x20, 0x20, 0x20, 0x20, // _470.z;.        
	0x75, 0x69, 0x6e, 0x74, 0x32, 0x20, 0x5f, 0x34, 0x38, 0x34, 0x20, 0x3d, 0x20, 0x5f, 0x34, 0x37, // uint2 _484 = _47
	0x30, 0x2e, 0x78, 0x79, 0x3b, 0x0a, 0x20, 0x20, 0x20, 0x20, 0x20, 0x20, 0x20, 0x20, 0x66, 0x6c, // 0.xy;.        fl
	0x6f, 0x61, 0x74, 0x33, 0x20, 0x5f, 0x34, 0x39, 0x34, 0x20, 0x3d, 0x20, 0x66, 0x6c, 0x6f, 0x61, // oat3 _494 = floa
	0x74, 0x33, 0x28, 0x5f, 0x6d, 0x74, 0x6c, 0x5f, 0x75, 0x2e, 0x62, 0x67, 0x66, 0x78, 0x5f, 0x6d, // t3(_mtl_u.bgfx_m
	0x69, 0x70, 0x47, 0x65, 0x6e, 0x2e, 0x7a, 0x77, 0x20, 0x2a, 0x20, 0x28, 0x66, 0x6c, 0x6f, 0x61, // ipGen.zw * (floa
	0x74, 0x32, 0x28, 0x5f, 0x34, 0x38, 0x34, 0x29, 0x20, 0x2b, 0x20, 0x66, 0x6c, 0x6f, 0x61, 0x74, // t2(_484) + float
	0x32, 0x28, 0x30, 0x2e, 0x35, 0x29, 0x29, 0x2c, 0x20, 0x66, 0x6c, 0x6f, 0x61, 0x74, 0x28, 0x5f, // 2(0.5)), float(_
	0x34, 0x38, 0x31, 0x29, 0x29, 0x3b, 0x0a, 0x20, 0x20, 0x20, 0x20, 0x20, 0x20, 0x20, 0x20, 0x66, // 481));.        f
	0x6c, 0x6f, 0x61, 0x74, 0x34, 0x20, 0x5f, 0x36, 0x34, 0x39, 0x20, 0x3d, 0x20, 0x62, 0x67, 0x66, // loat4 _649 = bgf
	0x78, 0x5f, 0x74, 0x65, 0x78, 0x4d, 0x69, 0x70, 0x53, 0x72, 0x63, 0x2e, 0x73, 0x61, 0x6d, 0x70, // x_texMipSrc.samp
	0x6c, 0x65, 0x28, 0x62, 0x67, 0x66, 0x78, 0x5f, 0x74, 0x65, 0x78, 0x4d, 0x69, 0x70, 0x53, 0x72, // le(bgfx_texMipSr
	0x63, 0x53, 0x61, 0x6d, 0x70, 0x6c, 0x65, 0x72, 0x2c, 0x20, 0x5f, 0x34, 0x39, 0x34, 0x2e, 0x78, // cSampler, _494.x
	0x79, 0x2c, 0x20, 0x75, 0x69, 0x6e, 0x74, 0x28, 0x72, 0x69, 0x6e, 0x74, 0x28, 0x5f, 0x34, 0x39, // y, uint(rint(_49
	0x34, 0x2e, 0x7a, 0x29, 0x29, 0x2c, 0x20, 0x6c, 0x65, 0x76, 0x65, 0x6c, 0x28, 0x66, 0x6c, 0x6f, // 4.z)), level(flo
	0x61, 0x74, 0x28, 0x75, 0x69, 0x6e, 0x74, 0x28, 0x5f, 0x6d, 0x74, 0x6c, 0x5f, 0x75, 0x2e, 0x62, // at(uint(_mtl_u.b
	0x67, 0x66, 0x78, 0x5f, 0x6d, 0x69, 0x70, 0x47, 0x65, 0x6e, 0x2e, 0x78, 0x29, 0x29, 0x29, 0x29, // gfx_mipGen.x))))
	0x3b, 0x0a, 0x20, 0x20, 0x20, 0x20, 0x20, 0x20, 0x20, 0x20, 0x69, 0x6e, 0x74, 0x20, 0x5f, 0x35, // ;.        int _5
	0x30, 0x33, 0x20, 0x3d, 0x20, 0x69, 0x6e, 0x74, 0x28, 0x5f, 0x34, 0x38, 0x31, 0x29, 0x3b, 0x0a, // 03 = int(_481);.
	0x20, 0x20, 0x20, 0x20, 0x20, 0x20, 0x20, 0x20, 0x69, 0x6e, 0x74, 0x33, 0x20, 0x5f, 0x35, 0x30, //         int3 _50
	0x36, 0x20, 0x3d, 0x20, 0x69, 0x6e, 0x74, 0x33, 0x28, 0x69, 0x6e, 0x74, 0x32, 0x28, 0x5f, 0x34, // 6 = int3(int2(_4
	0x38, 0x34, 0x29, 0x2c, 0x20, 0x5f, 0x35, 0x30, 0x33, 0x29, 0x3b, 0x0a, 0x20, 0x20, 0x20, 0x20, // 84), _503);.    
	0x20, 0x20, 0x20, 0x20, 0x73, 0x5f, 0x69, 0x6d, 0x67, 0x4d, 0x69, 0x70, 0x31, 0x2e, 0x77, 0x72, //     s_imgMip1.wr
	0x69, 0x74, 0x65, 0x28, 0x5f, 0x36, 0x34, 0x39, 0x2c, 0x20, 0x75, 0x69, 0x6e, 0x74, 0x32, 0x28, // ite(_649, uint2(
	0x5f, 0x35, 0x30, 0x36, 0x2e, 0x78, 0x79, 0x29, 0x2c, 0x20, 0x75, 0x69, 0x6e, 0x74, 0x28, 0x5f, // _506.xy), uint(_
	0x35, 0x30, 0x36, 0x2e, 0x7a, 0x29, 0x29, 0x3b, 0x0a, 0x20, 0x20, 0x20, 0x20, 0x20, 0x20, 0x20, // 506.z));.       
	0x20, 0x69, 0x66, 0x20, 0x28, 0x5f, 0x34, 0x37, 0x36, 0x20, 0x3d, 0x3d, 0x20, 0x31, 0x75, 0x29, //  if (_476 == 1u)
	0x0a, 0x20, 0x20, 0x20, 0x20, 0x20, 0x20, 0x20, 0x20, 0x7b, 0x0a, 0x20, 0x20, 0x20, 0x20, 0x20, // .        {.     
	0x20, 0x20, 0x20, 0x20, 0x20, 0x20, 0x20, 0x62, 0x72, 0x65, 0x61, 0x6b, 0x3b, 0x0a, 0x20, 0x20, //        break;.  
	0x20, 0x20, 0x20, 0x20, 0x20, 0x20, 0x7d, 0x0a, 0x20, 0x20, 0x20, 0x20, 0x20, 0x20, 0x20, 0x20, //       }.        
	0x67, 0x73, 0x5f, 0x52, 0x5b, 0x5f, 0x34, 0x36, 0x38, 0x5d, 0x20, 0x3d, 0x20, 0x5f, 0x36, 0x34, // gs_R[_468] = _64
	0x39, 0x2e, 0x78, 0x3b, 0x0a, 0x20, 0x20, 0x20, 0x20, 0x20, 0x20, 0x20, 0x20, 0x67, 0x73, 0x5f, // 9.x;.        gs_
	0x47, 0x5b, 0x5f, 0x34, 0x36, 0x38, 0x5d, 0x20, 0x3d, 0x20, 0x5f, 0x36, 0x34, 0x39, 0x2e, 0x79, // G[_468] = _649.y
	0x3b, 0x0a, 0x20, 0x20, 0x20, 0x20, 0x20, 0x20, 0x20, 0x20, 0x67, 0x73, 0x5f, 0x42, 0x5b, 0x5f, // ;.        gs_B[_
	0x34, 0x36, 0x38, 0x5d, 0x20, 0x3d, 0x20, 0x5f, 0x36, 0x34, 0x39, 0x2e, 0x7a, 0x3b, 0x0a, 0x20, // 468] = _649.z;. 
	0x20, 0x20, 0x20, 0x20, 0x20, 0x20, 0x20, 0x67, 0x73, 0x5f, 0x41, 0x5b, 0x5f, 0x34, 0x36, 0x38, //        gs_A[_468
	0x5d, 0x20, 0x3d, 0x20, 0x5f, 0x36, 0x34, 0x39, 0x2e, 0x77, 0x3b, 0x0a, 0x20, 0x20, 0x20, 0x20, // ] = _649.w;.    
	0x20, 0x20, 0x20, 0x20, 0x74, 0x68, 0x72, 0x65, 0x61, 0x64, 0x67, 0x72, 0x6f, 0x75, 0x70, 0x5f, //     threadgroup_
	0x62, 0x61, 0x72, 0x72, 0x69, 0x65, 0x72, 0x28, 0x6d, 0x65, 0x6d, 0x5f, 0x66, 0x6c, 0x61, 0x67, // barrier(mem_flag
	0x73, 0x3a, 0x3a, 0x6d, 0x65, 0x6d, 0x5f, 0x74, 0x68, 0x72, 0x65, 0x61, 0x64, 0x67, 0x72, 0x6f, // s::mem_threadgro
	0x75, 0x70, 0x29, 0x3b, 0x0a, 0x20, 0x20, 0x20, 0x20, 0x20, 0x20, 0x20, 0x20, 0x66, 0x6c, 0x6f, // up);.        flo
	0x61, 0x74, 0x34, 0x20, 0x5f, 0x38, 0x38, 0x31, 0x3b, 0x0a, 0x20, 0x20, 0x20, 0x20, 0x20, 0x20, // at4 _881;.      
	0x20, 0x20, 0x69, 0x66, 0x20, 0x28, 0x28, 0x5f, 0x34, 0x36, 0x38, 0x20, 0x26, 0x20, 0x39, 0x75, //   if ((_468 & 9u
	0x29, 0x20, 0x3d, 0x3d, 0x20, 0x30, 0x75, 0x29, 0x0a, 0x20, 0x20, 0x20, 0x20, 0x20, 0x20, 0x20, // ) == 0u).       
	0x20, 0x7b, 0x0a, 0x20, 0x20, 0x20, 0x20, 0x20, 0x20, 0x20, 0x20, 0x20, 0x20, 0x20, 0x20, 0x75, //  {.            u
	0x69, 0x6e, 0x74, 0x20, 0x5f, 0x35, 0x32, 0x32, 0x20, 0x3d, 0x20, 0x5f, 0x34, 0x36, 0x38, 0x20, // int _522 = _468 
	0x2b, 0x20, 0x31, 0x75, 0x3b, 0x0a, 0x20, 0x20, 0x20, 0x20, 0x20, 0x20, 0x20, 0x20, 0x20, 0x20, // + 1u;.          
	0x20, 0x20, 0x66, 0x6c, 0x6f, 0x61, 0x74, 0x20, 0x5f, 0x36, 0x37, 0x37, 0x20, 0x3d, 0x20, 0x67, //   float _677 = g
	0x73, 0x5f, 0x52, 0x5b, 0x5f, 0x35, 0x32, 0x32, 0x5d, 0x3b, 0x0a, 0x20, 0x20, 0x20, 0x20, 0x20, // s_R[_522];.     
	0x20, 0x20, 0x20, 0x20, 0x20, 0x20, 0x20, 0x66, 0x6c, 0x6f, 0x61, 0x74, 0x20, 0x5f, 0x36, 0x38, //        float _68
	0x30, 0x20, 0x3d, 0x20, 0x67, 0x73, 0x5f, 0x47, 0x5b, 0x5f, 0x35, 0x32, 0x32, 0x5d, 0x3b, 0x0a, // 0 = gs_G[_522];.
	0x20, 0x20, 0x20, 0x20, 0x20, 0x20, 0x20, 0x20, 0x20, 0x20, 0x20, 0x20, 0x66, 0x6c, 0x6f, 0x61, //             floa
	0x74, 0x20, 0x5f, 0x36, 0x38, 0x33, 0x20, 0x3d, 0x20, 0x67, 0x73, 0x5f, 0x42, 0x5b, 0x5f, 0x35, // t _683 = gs_B[_5
	0x32, 0x32, 0x5d, 0x3b, 0x0a, 0x20, 0x20, 0x20, 0x20, 0x20, 0x20, 0x20, 0x20, 0x20, 0x20, 0x20, // 22];.           
	0x20, 0x66, 0x6c, 0x6f, 0x61, 0x74, 0x20, 0x5f, 0x36, 0x38, 0x36, 0x20, 0x3d, 0x20, 0x67, 0x73, //  float _686 = gs
	0x5f, 0x41, 0x5b, 0x5f, 0x35, 0x32, 0x32, 0x5d, 0x3b, 0x0a, 0x20, 0x20, 0x20, 0x20, 0x20, 0x20, // _A[_522];.      
	0x20, 0x20, 0x20, 0x20, 0x20, 0x20, 0x75, 0x69, 0x6e, 0x74, 0x20, 0x5f, 0x35, 0x32, 0x35, 0x20, //       uint _525 
	0x3d, 0x20, 0x5f, 0x34, 0x36, 0x38, 0x20, 0x2b, 0x20, 0x38, 0x75, 0x3b, 0x0a, 0x20, 0x20, 0x20, // = _468 + 8u;.   
	0x20, 0x20, 0x20, 0x20, 0x20, 0x20, 0x20, 0x20, 0x20, 0x66, 0x6c, 0x6f, 0x61, 0x74, 0x20, 0x5f, //          float _
	0x36, 0x39, 0x32, 0x20, 0x3d, 0x20, 0x67, 0x73, 0x5f, 0x52, 0x5b, 0x5f, 0x35, 0x32, 0x35, 0x5d, // 692 = gs_R[_525]
	0x3b, 0x0a, 0x20, 0x20, 0x20, 0x20, 0x20, 0x20, 0x20, 0x20, 0x20, 0x20, 0x20, 0x20, 0x66, 0x6c, // ;.            fl
	0x6f, 0x61, 0x74, 0x20, 0x5f, 0x36, 0x39, 0x35, 0x20, 0x3d, 0x20, 0x67, 0x73, 0x5f, 0x47, 0x5b, // oat _695 = gs_G[
	0x5f, 0x35, 0x32, 0x35, 0x5d, 0x3b, 0x0a, 0x20, 0x20, 0x20, 0x20, 0x20, 0x20, 0x20, 0x20, 0x20, // _525];.         
	0x20, 0x20, 0x20, 0x66, 0x6c, 0x6f, 0x61, 0x74, 0x20, 0x5f, 0x36, 0x39, 0x38, 0x20, 0x3d, 0x20, //    float _698 = 
	0x67, 0x73, 0x5f, 0x42, 0x5b, 0x5f, 0x35, 0x32, 0x35, 0x5d, 0x3b, 0x0a, 0x20, 0x20, 0x20, 0x20, // gs_B[_525];.    
	0x20, 0x20, 0x20, 0x20, 0x20, 0x20, 0x20, 0x20, 0x66, 0x6c, 0x6f, 0x61, 0x74, 0x20, 0x5f, 0x37, //         float _7
	0x30, 0x31, 0x20, 0x3d, 0x20, 0x67, 0x73, 0x5f, 0x41, 0x5b, 0x5f, 0x35, 0x32, 0x35, 0x5d, 0x3b, // 01 = gs_A[_525];
	0x0a, 0x20, 0x20, 0x20, 0x20, 0x20, 0x20, 0x20, 0x20, 0x20, 0x20, 0x20, 0x20, 0x75, 0x69, 0x6e, // .            uin
	0x74, 0x20, 0x5f, 0x35, 0x32, 0x38, 0x20, 0x3d, 0x20, 0x5f, 0x34, 0x36, 0x38, 0x20, 0x2b, 0x20, // t _528 = _468 + 
	0x39, 0x75, 0x3b, 0x0a, 0x20, 0x20, 0x20, 0x20, 0x20, 0x20, 0x20, 0x20, 0x20, 0x20, 0x20, 0x20, // 9u;.            
	0x66, 0x6c, 0x6f, 0x61, 0x74, 0x20, 0x5f, 0x37, 0x30, 0x37, 0x20, 0x3d, 0x20, 0x67, 0x73, 0x5f, // float _707 = gs_
	0x52, 0x5b, 0x5f, 0x35, 0x32, 0x38, 0x5d, 0x3b, 0x0a, 0x20, 0x20, 0x20, 0x20, 0x20, 0x20, 0x20, // R[_528];.       
	0x20, 0x20, 0x20, 0x20, 0x20, 0x66, 0x6c, 0x6f, 0x61, 0x74, 0x20, 0x5f, 0x37, 0x31, 0x30, 0x20, //      float _710 
	0x3d, 0x20, 0x67, 0x73, 0x5f, 0x47, 0x5b, 0x5f, 0x35, 0x32, 0x38, 0x5d, 0x3b, 0x0a, 0x20, 0x20, // = gs_G[_528];.  
	0x20, 0x20, 0x20, 0x20, 0x20, 0x20, 0x20, 0x20, 0x20, 0x20, 0x66, 0x6c, 0x6f, 0x61, 0x74, 0x20, //           float 
	0x5f, 0x37, 0x31, 0x33, 0x20, 0x3d, 0x20, 0x67, 0x73, 0x5f, 0x42, 0x5b, 0x5f, 0x35, 0x32, 0x38, // _713 = gs_B[_528
	0x5d, 0x3b, 0x0a, 0x20, 0x20, 0x20, 0x20, 0x20, 0x20, 0x20, 0x20, 0x20, 0x20, 0x20, 0x20, 0x66, // ];.            f
	0x6c, 0x6f, 0x61, 0x74, 0x20, 0x5f, 0x37, 0x31, 0x36, 0x20, 0x3d, 0x20, 0x67, 0x73, 0x5f, 0x41, // loat _716 = gs_A
	0x5b, 0x5f, 0x35, 0x32, 0x38, 0x5d, 0x3b, 0x0a, 0x20, 0x20, 0x20, 0x20, 0x20, 0x20, 0x20, 0x20, // [_528];.        
	0x20, 0x20, 0x20, 0x20, 0x66, 0x6c, 0x6f, 0x61, 0x74, 0x34, 0x20, 0x5f, 0x35, 0x33, 0x37, 0x20, //     float4 _537 
	0x3d, 0x20, 0x28, 0x28, 0x28, 0x5f, 0x36, 0x34, 0x39, 0x20, 0x2b, 0x20, 0x66, 0x6c, 0x6f, 0x61, // = (((_649 + floa
	0x74, 0x34, 0x28, 0x5f, 0x36, 0x37, 0x37, 0x2c, 0x20, 0x5f, 0x36, 0x38, 0x30, 0x2c, 0x20, 0x5f, // t4(_677, _680, _
	0x36, 0x38, 0x33, 0x2c, 0x20, 0x5f, 0x36, 0x38, 0x36, 0x29, 0x29, 0x20, 0x2b, 0x20, 0x66, 0x6c, // 683, _686)) + fl
	0x6f, 0x61, 0x74, 0x34, 0x28, 0x5f, 0x36, 0x39, 0x32, 0x2c, 0x20, 0x5f, 0x36, 0x39, 0x35, 0x2c, // oat4(_692, _695,
	0x20, 0x5f, 0x36, 0x39, 0x38, 0x2c, 0x20, 0x5f, 0x37, 0x30, 0x31, 0x29, 0x29, 0x20, 0x2b, 0x20, //  _698, _701)) + 
	0x66, 0x6c, 0x6f, 0x61, 0x74, 0x34, 0x28, 0x5f, 0x37, 0x30, 0x37, 0x2c, 0x20, 0x5f, 0x37, 0x31, // float4(_707, _71
	0x30, 0x2c, 0x20, 0x5f, 0x37, 0x31, 0x33, 0x2c, 0x20, 0x5f, 0x37, 0x31, 0x36, 0x29, 0x29, 0x20, // 0, _713, _716)) 
	0x2a, 0x20, 0x30, 0x2e, 0x32, 0x35, 0x3b, 0x0a, 0x20, 0x20, 0x20, 0x20, 0x20, 0x20, 0x20, 0x20, // * 0.25;.        
	0x20, 0x20, 0x20, 0x20, 0x69, 0x6e, 0x74, 0x33, 0x20, 0x5f, 0x35, 0x34, 0x37, 0x20, 0x3d, 0x20, //     int3 _547 = 
	0x69, 0x6e, 0x74, 0x33, 0x28, 0x69, 0x6e, 0x74, 0x32, 0x28, 0x5f, 0x34, 0x38, 0x34, 0x20, 0x2f, // int3(int2(_484 /
	0x20, 0x75, 0x69, 0x6e, 0x74, 0x32, 0x28, 0x32, 0x75, 0x29, 0x29, 0x2c, 0x20, 0x5f, 0x35, 0x30, //  uint2(2u)), _50
	0x33, 0x29, 0x3b, 0x0a, 0x20, 0x20, 0x20, 0x20, 0x20, 0x20, 0x20, 0x20, 0x20, 0x20, 0x20, 0x20, // 3);.            
	0x73, 0x5f, 0x69, 0x6d, 0x67, 0x4d, 0x69, 0x70, 0x32, 0x2e, 0x77, 0x72, 0x69, 0x74, 0x65, 0x28, // s_imgMip2.write(
	0x5f, 0x35, 0x33, 0x37, 0x2c, 0x20, 0x75, 0x69, 0x6e, 0x74, 0x32, 0x28, 0x5f, 0x35, 0x34, 0x37, // _537, uint2(_547
	0x2e, 0x78, 0x79, 0x29, 0x2c, 0x20, 0x75, 0x69, 0x6e, 0x74, 0x28, 0x5f, 0x35, 0x34, 0x37, 0x2e, // .xy), uint(_547.
	0x7a, 0x29, 0x29, 0x3b, 0x0a, 0x20, 0x20, 0x20, 0x20, 0x20, 0x20, 0x20, 0x20, 0x20, 0x20, 0x20, // z));.           
	0x20, 0x67, 0x73, 0x5f, 0x52, 0x5b, 0x5f, 0x34, 0x36, 0x38, 0x5d, 0x20, 0x3d, 0x20, 0x5f, 0x35, //  gs_R[_468] = _5
	0x33, 0x37, 0x2e, 0x78, 0x3b, 0x0a, 0x20, 0x20, 0x20, 0x20, 0x20, 0x20, 0x20, 0x20, 0x20, 0x20, // 37.x;.          
	0x20, 0x20, 0x67, 0x73, 0x5f, 0x47, 0x5b, 0x5f, 0x34, 0x36, 0x38, 0x5d, 0x20, 0x3d, 0x20, 0x5f, //   gs_G[_468] = _
	0x35, 0x33, 0x37, 0x2e, 0x79, 0x3b, 0x0a, 0x20, 0x20, 0x20, 0x20, 0x20, 0x20, 0x20, 0x20, 0x20, // 537.y;.         
	0x20, 0x20, 0x20, 0x67, 0x73, 0x5f, 0x42, 0x5b, 0x5f, 0x34, 0x36, 0x38, 0x5d, 0x20, 0x3d, 0x20, //    gs_B[_468] = 
	0x5f, 0x35, 0x33, 0x37, 0x2e, 0x7a, 0x3b, 0x0a, 0x20, 0x20, 0x20, 0x20, 0x20, 0x20, 0x20, 0x20, // _537.z;.        
	0x20, 0x20, 0x20, 0x20, 0x67, 0x73, 0x5f, 0x41, 0x5b, 0x5f, 0x34, 0x36, 0x38, 0x5d, 0x20, 0x3d, //     gs_A[_468] =
	0x20, 0x5f, 0x35, 0x33, 0x37, 0x2e, 0x77, 0x3b, 0x0a, 0x20, 0x20, 0x20, 0x20, 0x20, 0x20, 0x20, //  _537.w;.       
	0x20, 0x20, 0x20, 0x20, 0x20, 0x5f, 0x38, 0x38, 0x31, 0x20, 0x3d, 0x20, 0x5f, 0x35, 0x33, 0x37, //      _881 = _537
	0x3b, 0x0a, 0x20, 0x20, 0x20, 0x20, 0x20, 0x20, 0x20, 0x20, 0x7d, 0x0a, 0x20, 0x20, 0x20, 0x20, // ;.        }.    
	0x20, 0x20, 0x20, 0x20, 0x65, 0x6c, 0x73, 0x65, 0x0a, 0x20, 0x20, 0x20, 0x20, 0x20, 0x20, 0x20, //     else.       
	0x20, 0x7b, 0x0a, 0x20, 0x20, 0x20, 0x20, 0x20, 0x20, 0x20, 0x20, 0x20, 0x20, 0x20, 0x20, 0x5f, //  {.            _
	0x38, 0x38, 0x31, 0x20, 0x3d, 0x20, 0x5f, 0x36, 0x34, 0x39, 0x3b, 0x0a, 0x20, 0x20, 0x20, 0x20, // 881 = _649;.    
	0x20, 0x20, 0x20, 0x20, 0x7d, 0x0a, 0x20, 0x20, 0x20, 0x20, 0x20, 0x20, 0x20, 0x20, 0x69, 0x66, //     }.        if
	0x20, 0x28, 0x5f, 0x34, 0x37, 0x36, 0x20, 0x3d, 0x3d, 0x20, 0x32, 0x75, 0x29, 0x0a, 0x20, 0x20, //  (_476 == 2u).  
	0x20, 0x20, 0x20, 0x20, 0x20, 0x20, 0x7b, 0x0a, 0x20, 0x20, 0x20, 0x20, 0x20, 0x20, 0x20, 0x20, //       {.        
	0x20, 0x20, 0x20, 0x20, 0x62, 0x72, 0x65, 0x61, 0x6b, 0x3b, 0x0a, 0x20, 0x20, 0x20, 0x20, 0x20, //     break;.     
	0x20, 0x20, 0x20, 0x7d, 0x0a, 0x20, 0x20, 0x20, 0x20, 0x20, 0x20, 0x20, 0x20, 0x74, 0x68, 0x72, //    }.        thr
	0x65, 0x61, 0x64, 0x67, 0x72, 0x6f, 0x75, 0x70, 0x5f, 0x62, 0x61, 0x72, 0x72, 0x69, 0x65, 0x72, // eadgroup_barrier
	0x28, 0x6d, 0x65, 0x6d, 0x5f, 0x66, 0x6c, 0x61, 0x67, 0x73, 0x3a, 0x3a, 0x6d, 0x65, 0x6d, 0x5f, // (mem_flags::mem_
	0x74, 0x68, 0x72, 0x65, 0x61, 0x64, 0x67, 0x72, 0x6f, 0x75, 0x70, 0x29, 0x3b, 0x0a, 0x20, 0x20, // threadgroup);.  
	0x20, 0x20, 0x20, 0x20, 0x20, 0x20, 0x66, 0x6c, 0x6f, 0x61, 0x74, 0x34, 0x20, 0x5f, 0x38, 0x38, //       float4 _88
	0x32, 0x3b, 0x0a, 0x20, 0x20, 0x20, 0x20, 0x20, 0x20, 0x20, 0x20, 0x69, 0x66, 0x20, 0x28, 0x28, // 2;.        if ((
	0x5f, 0x34, 0x36, 0x38, 0x20, 0x26, 0x20, 0x32, 0x37, 0x75, 0x29, 0x20, 0x3d, 0x3d, 0x20, 0x30, // _468 & 27u) == 0
	0x75, 0x29, 0x0a, 0x20, 0x20, 0x20, 0x20, 0x20, 0x20, 0x20, 0x20, 0x7b, 0x0a, 0x20, 0x20, 0x20, // u).        {.   
	0x20, 0x20, 0x20, 0x20, 0x20, 0x20, 0x20, 0x20, 0x20, 0x75, 0x69, 0x6e, 0x74, 0x20, 0x5f, 0x35, //          uint _5
	0x36, 0x34, 0x20, 0x3d, 0x20, 0x5f, 0x34, 0x36, 0x38, 0x20, 0x2b, 0x20, 0x32, 0x75, 0x3b, 0x0a, // 64 = _468 + 2u;.
	0x20, 0x20, 0x20, 0x20, 0x20, 0x20, 0x20, 0x20, 0x20, 0x20, 0x20, 0x20, 0x66, 0x6c, 0x6f, 0x61, //             floa
	0x74, 0x20, 0x5f, 0x37, 0x34, 0x35, 0x20, 0x3d, 0x20, 0x67, 0x73, 0x5f, 0x52, 0x5b, 0x5f, 0x35, // t _745 = gs_R[_5
	0x36, 0x34, 0x5d, 0x3b, 0x0a, 0x20, 0x20, 0x20, 0x20, 0x20, 0x20, 0x20, 0x20, 0x20, 0x20, 0x20, // 64];.           
	0x20, 0x66, 0x6c, 0x6f, 0x61, 0x74, 0x20, 0x5f, 0x37, 0x34, 0x38, 0x20, 0x3d, 0x20, 0x67, 0x73, //  float _748 = gs
	0x5f, 0x47, 0x5b, 0x5f, 0x35, 0x36, 0x34, 0x5d, 0x3b, 0x0a, 0x20, 0x20, 0x20, 0x20, 0x20, 0x20, // _G[_564];.      
	0x20, 0x20, 0x20, 0x20, 0x20, 0x20, 0x66, 0x6c, 0x6f, 0x61, 0x74, 0x20, 0x5f, 0x37, 0x35, 0x31, //       float _751
	0x20, 0x3d, 0x20, 0x67, 0x73, 0x5f, 0x42, 0x5b, 0x5f, 0x35, 0x36, 0x34, 0x5d, 0x3b, 0x0a, 0x20, //  = gs_B[_564];. 
	0x20, 0x20, 0x20, 0x20, 0x20, 0x20, 0x20, 0x20, 0x20, 0x20, 0x20, 0x66, 0x6c, 0x6f, 0x61, 0x74, //            float
	0x20, 0x5f, 0x37, 0x35, 0x34, 0x20, 0x3d, 0x20, 0x67, 0x73, 0x5f, 0x41, 0x5b, 0x5f, 0x35, 0x36, //  _754 = gs_A[_56
	0x34, 0x5d, 0x3b, 0x0a, 0x20, 0x20, 0x20, 0x20, 0x20, 0x20, 0x20, 0x20, 0x20, 0x20, 0x20, 0x20, // 4];.            
	0x75, 0x69, 0x6e, 0x74, 0x20, 0x5f, 0x35, 0x36, 0x37, 0x20, 0x3d, 0x20, 0x5f, 0x34, 0x36, 0x38, // uint _567 = _468
	0x20, 0x2b, 0x20, 0x31, 0x36, 0x75, 0x3b, 0x0a, 0x20, 0x20, 0x20, 0x20, 0x20, 0x20, 0x20, 0x20, //  + 16u;.        
	0x20, 0x20, 0x20, 0x20, 0x66, 0x6c, 0x6f, 0x61, 0x74, 0x20, 0x5f, 0x37, 0x36, 0x30, 0x20, 0x3d, //     float _760 =
	0x20, 0x67, 0x73, 0x5f, 0x52, 0x5b, 0x5f, 0x35, 0x36, 0x37, 0x5d, 0x3b, 0x0a, 0x20, 0x20, 0x20, //  gs_R[_567];.   
	0x20, 0x20, 0x20, 0x20, 0x20, 0x20, 0x20, 0x20, 0x20, 0x66, 0x6c, 0x6f, 0x61, 0x74, 0x20, 0x5f, //          float _
	0x37, 0x36, 0x33, 0x20, 0x3d, 0x20, 0x67, 0x73, 0x5f, 0x47, 0x5b, 0x5f, 0x35, 0x36, 0x37, 0x5d, // 763 = gs_G[_567]
	0x3b, 0x0a, 0x20, 0x20, 0x20, 0x20, 0x20, 0x20, 0x20, 0x20, 0x20, 0x20, 0x20, 0x20, 0x66, 0x6c, // ;.            fl
	0x6f, 0x61, 0x74, 0x20, 0x5f, 0x37, 0x36, 0x36, 0x20, 0x3d, 0x20, 0x67, 0x73, 0x5f, 0x42, 0x5b, // oat _766 = gs_B[
	0x5f, 0x35, 0x36, 0x37, 0x5d, 0x3b, 0x0a, 0x20, 0x20, 0x20, 0x20, 0x20, 0x20, 0x20, 0x20, 0x20, // _567];.         
	0x20, 0x20, 0x20, 0x66, 0x6c, 0x6f, 0x61, 0x74, 0x20, 0x5f, 0x37, 0x36, 0x39, 0x20, 0x3d, 0x20, //    float _769 = 
	0x67, 0x73, 0x5f, 0x41, 0x5b, 0x5f, 0x35, 0x36, 0x37, 0x5d, 0x3b, 0x0a, 0x20, 0x20, 0x20, 0x20, // gs_A[_567];.    
	0x20, 0x20, 0x20, 0x20, 0x20, 0x20, 0x20, 0x20, 0x75, 0x69, 0x6e, 0x74, 0x20, 0x5f, 0x35, 0x37, //         uint _57
	0x30, 0x20, 0x3d, 0x20, 0x5f, 0x34, 0x36, 0x38, 0x20, 0x2b, 0x20, 0x31, 0x38, 0x75, 0x3b, 0x0a, // 0 = _468 + 18u;.
	0x20, 0x20, 0x20, 0x20, 0x20, 0x20, 0x20, 0x20, 0x20, 0x20, 0x20, 0x20, 0x66, 0x6c, 0x6f, 0x61, //             floa
	0x74, 0x20, 0x5f, 0x37, 0x37, 0x35, 0x20, 0x3d, 0x20, 0x67, 0x73, 0x5f, 0x52, 0x5b, 0x5f, 0x35, // t _775 = gs_R[_5
	0x37, 0x30, 0x5d, 0x3b, 0x0a, 0x20, 0x20, 0x20, 0x20, 0x20, 0x20, 0x20, 0x20, 0x20, 0x20, 0x20, // 70];.           
	0x20, 0x66, 0x6c, 0x6f, 0x61, 0x74, 0x20, 0x5f, 0x37, 0x37, 0x38, 0x20, 0x3d, 0x20, 0x67, 0x73, //  float _778 = gs
	0x5f, 0x47, 0x5b, 0x5f, 0x35, 0x37, 0x30, 0x5d, 0x3b, 0x0a, 0x20, 0x20, 0x20, 0x20, 0x20, 0x20, // _G[_570];.      
	0x20, 0x20, 0x20, 0x20, 0x20, 0x20, 0x66, 0x6c, 0x6f, 0x61, 0x74, 0x20, 0x5f, 0x37, 0x38, 0x31, //       float _781
	0x20, 0x3d, 0x20, 0x67, 0x73, 0x5f, 0x42, 0x5b, 0x5f, 0x35, 0x37, 0x30, 0x5d, 0x3b, 0x0a, 0x20, //  = gs_B[_570];. 
	0x20, 0x20, 0x20, 0x20, 0x20, 0x20, 0x20, 0x20, 0x20, 0x20, 0x20, 0x66, 0x6c, 0x6f, 0x61, 0x74, //            float
	0x20, 0x5f, 0x37, 0x38, 0x34, 0x20, 0x3d, 0x20, 0x67, 0x73, 0x5f, 0x41, 0x5b, 0x5f, 0x35, 0x37, //  _784 = gs_A[_57
	0x30, 0x5d, 0x3b, 0x0a, 0x20, 0x20, 0x20, 0x20, 0x20, 0x20, 0x20, 0x20, 0x20, 0x20, 0x20, 0x20, // 0];.            
	0x66, 0x6c, 0x6f, 0x61, 0x74, 0x34, 0x20, 0x5f, 0x35, 0x37, 0x39, 0x20, 0x3d, 0x20, 0x28, 0x28, // float4 _579 = ((
	0x28, 0x5f, 0x38, 0x38, 0x31, 0x20, 0x2b, 0x20, 0x66, 0x6c, 0x6f, 0x61, 0x74, 0x34, 0x28, 0x5f, // (_881 + float4(_
	0x37, 0x34, 0x35, 0x2c, 0x20, 0x5f, 0x37, 0x34, 0x38, 0x2c, 0x20, 0x5f, 0x37, 0x35, 0x31, 0x2c, // 745, _748, _751,
	0x20, 0x5f, 0x37, 0x35, 0x34, 0x29, 0x29, 0x20, 0x2b, 0x20, 0x66, 0x6c, 0x6f, 0x61, 0x74, 0x34, //  _754)) + float4
	0x28, 0x5f, 0x37, 0x36, 0x30, 0x2c, 0x20, 0x5f, 0x37, 0x36, 0x33, 0x2c, 0x20, 0x5f, 0x37, 0x36, // (_760, _763, _76
	0x36, 0x2c, 0x20, 0x5f, 0x37, 0x36, 0x39, 0x29, 0x29, 0x20, 0x2b, 0x20, 0x66, 0x6c, 0x6f, 0x61, // 6, _769)) + floa
	0x74, 0x34, 0x28, 0x5f, 0x37, 0x37, 0x35, 0x2c, 0x20, 0x5f, 0x37, 0x37, 0x38, 0x2c, 0x20, 0x5f, // t4(_775, _778, _
	0x37, 0x38, 0x31, 0x2c, 0x20, 0x5f, 0x37, 0x38, 0x34, 0x29, 0x29, 0x20, 0x2a, 0x20, 0x30, 0x2e, // 781, _784)) * 0.
	0x32, 0x35, 0x3b, 0x0a, 0x20, 0x20, 0x20, 0x20, 0x20, 0x20, 0x20, 0x20, 0x20, 0x20, 0x20, 0x20, // 25;.            
	0x69, 0x6e, 0x74, 0x33, 0x20, 0x5f, 0x35, 0x38, 0x39, 0x20, 0x3d, 0x20, 0x69, 0x6e, 0x74, 0x33, // int3 _589 = int3
	0x28, 0x69, 0x6e, 0x74, 0x32, 0x28, 0x5f, 0x34, 0x38, 0x34, 0x20, 0x2f, 0x20, 0x75, 0x69, 0x6e, // (int2(_484 / uin
	0x74, 0x32, 0x28, 0x34, 0x75, 0x29, 0x29, 0x2c, 0x20, 0x5f, 0x35, 0x30, 0x33, 0x29, 0x3b, 0x0a, // t2(4u)), _503);.
	0x20, 0x20, 0x20, 0x20, 0x20, 0x20, 0x20, 0x20, 0x20, 0x20, 0x20, 0x20, 0x73, 0x5f, 0x69, 0x6d, //             s_im
	0x67, 0x4d, 0x69, 0x70, 0x33, 0x2e, 0x77, 0x72, 0x69, 0x74, 0x65, 0x28, 0x5f, 0x35, 0x37, 0x39, // gMip3.write(_579
	0x2c, 0x20, 0x75, 0x69, 0x6e, 0x74, 0x32, 0x28, 0x5f, 0x35, 0x38, 0x39, 0x2e, 0x78, 0x79, 0x29, // , uint2(_589.xy)
	0x2c, 0x20, 0x75, 0x69, 0x6e, 0x74, 0x28, 0x5f, 0x35, 0x38, 0x39, 0x2e, 0x7a, 0x29, 0x29, 0x3b, // , uint(_589.z));
	0x0a, 0x20, 0x20, 0x20, 0x20, 0x20, 0x20, 0x20, 0x20, 0x20, 0x20, 0x20, 0x20, 0x67, 0x73, 0x5f, // .            gs_
	0x52, 0x5b, 0x5f, 0x34, 0x36, 0x38, 0x5d, 0x20, 0x3d, 0x20, 0x5f, 0x35, 0x37, 0x39, 0x2e, 0x78, // R[_468] = _579.x
	0x3b, 0x0a, 0x20, 0x20, 0x20, 0x20, 0x20, 0x20, 0x20, 0x20, 0x20, 0x20, 0x20, 0x20, 0x67, 0x73, // ;.            gs
	0x5f, 0x47, 0x5b, 0x5f, 0x34, 0x36, 0x38, 0x5d, 0x20, 0x3d, 0x20, 0x5f, 0x35, 0x37, 0x39, 0x2e, // _G[_468] = _579.
	0x79, 0x3b, 0x0a, 0x20, 0x20, 0x20, 0x20, 0x20, 0x20, 0x20, 0x20, 0x20, 0x20, 0x20, 0x20, 0x67, // y;.            g
	0x73, 0x5f, 0x42, 0x5b, 0x5f, 0x34, 0x36, 0x38, 0x5d, 0x20, 0x3d, 0x20, 0x5f, 0x35, 0x37, 0x39, // s_B[_468] = _579
	0x2e, 0x7a, 0x3b, 0x0a, 0x20, 0x20, 0x20, 0x20, 0x20, 0x20, 0x20, 0x20, 0x20, 0x20, 0x20, 0x20, // .z;.            
	0x67, 0x73, 0x5f, 0x41, 0x5b, 0x5f, 0x34, 0x36, 0x38, 0x5d, 0x20, 0x3d, 0x20, 0x5f, 0x35, 0x37, // gs_A[_468] = _57
	0x39, 0x2e, 0x77, 0x3b, 0x0a, 0x20, 0x20, 0x20, 0x20, 0x20, 0x20, 0x20, 0x20, 0x20, 0x20, 0x20, // 9.w;.           
	0x20, 0x5f, 0x38, 0x38, 0x32, 0x20, 0x3d, 0x20, 0x5f, 0x35, 0x37, 0x39, 0x3b, 0x0a, 0x20, 0x20, //  _882 = _579;.  
	0x20, 0x20, 0x20, 0x20, 0x20, 0x20, 0x7d, 0x0a, 0x20, 0x20, 0x20, 0x20, 0x20, 0x20, 0x20, 0x20, //       }.        
	0x65, 0x6c, 0x73, 0x65, 0x0a, 0x20, 0x20, 0x20, 0x20, 0x20, 0x20, 0x20, 0x20, 0x7b, 0x0a, 0x20, // else.        {. 
	0x20, 0x20, 0x20, 0x20, 0x20, 0x20, 0x20, 0x20, 0x20, 0x20, 0x20, 0x5f, 0x38, 0x38, 0x32, 0x20, //            _882 
	0x3d, 0x20, 0x5f, 0x38, 0x38, 0x31, 0x3b, 0x0a, 0x20, 0x20, 0x20, 0x20, 0x20, 0x20, 0x20, 0x20, // = _881;.        
	0x7d, 0x0a, 0x20, 0x20, 0x20, 0x20, 0x20, 0x20, 0x20, 0x20, 0x69, 0x66, 0x20, 0x28, 0x5f, 0x34, // }.        if (_4
	0x37, 0x36, 0x20, 0x3d, 0x3d, 0x20, 0x33, 0x75, 0x29, 0x0a, 0x20, 0x20, 0x20, 0x20, 0x20, 0x20, // 76 == 3u).      
	0x20, 0x20, 0x7b, 0x0a, 0x20, 0x20, 0x20, 0x20, 0x20, 0x20, 0x20, 0x20, 0x20, 0x20, 0x20, 0x20, //   {.            
	0x62, 0x72, 0x65, 0x61, 0x6b, 0x3b, 0x0a, 0x20, 0x20, 0x20, 0x20, 0x20, 0x20, 0x20, 0x20, 0x7d, // break;.        }
	0x0a, 0x20, 0x20, 0x20, 0x20, 0x20, 0x20, 0x20, 0x20, 0x74, 0x68, 0x72, 0x65, 0x61, 0x64, 0x67, // .        threadg
	0x72, 0x6f, 0x75, 0x70, 0x5f, 0x62, 0x61, 0x72, 0x72, 0x69, 0x65, 0x72, 0x28, 0x6d, 0x65, 0x6d, // roup_barrier(mem
	0x5f, 0x66, 0x6c, 0x61, 0x67, 0x73, 0x3a, 0x3a, 0x6d, 0x65, 0x6d, 0x5f, 0x74, 0x68, 0x72, 0x65, // _flags::mem_thre
	0x61, 0x64, 0x67, 0x72, 0x6f, 0x75, 0x70, 0x29, 0x3b, 0x0a, 0x20, 0x20, 0x20, 0x20, 0x20, 0x20, // adgroup);.      
	0x20, 0x20, 0x69, 0x66, 0x20, 0x28, 0x5f, 0x34, 0x36, 0x38, 0x20, 0x3d, 0x3d, 0x20, 0x30, 0x75, //   if (_468 == 0u
	0x29, 0x0a, 0x20, 0x20, 0x20, 0x20, 0x20, 0x20, 0x20, 0x20, 0x7b, 0x0a, 0x20, 0x20, 0x20, 0x20, // ).        {.    
	0x20, 0x20, 0x20, 0x20, 0x20, 0x20, 0x20, 0x20, 0x75, 0x69, 0x6e, 0x74, 0x20, 0x5f, 0x36, 0x30, //         uint _60
	0x35, 0x20, 0x3d, 0x20, 0x5f, 0x34, 0x36, 0x38, 0x20, 0x2b, 0x20, 0x34, 0x75, 0x3b, 0x0a, 0x20, // 5 = _468 + 4u;. 
	0x20, 0x20, 0x20, 0x20, 0x20, 0x20, 0x20, 0x20, 0x20, 0x20, 0x20, 0x75, 0x69, 0x6e, 0x74, 0x20, //            uint 
	0x5f, 0x36, 0x30, 0x38, 0x20, 0x3d, 0x20, 0x5f, 0x34, 0x36, 0x38, 0x20, 0x2b, 0x20, 0x33, 0x32, // _608 = _468 + 32
	0x75, 0x3b, 0x0a, 0x20, 0x20, 0x20, 0x20, 0x20, 0x20, 0x20, 0x20, 0x20, 0x20, 0x20, 0x20, 0x75, // u;.            u
	0x69, 0x6e, 0x74, 0x20, 0x5f, 0x36, 0x31, 0x31, 0x20, 0x3d, 0x20, 0x5f, 0x34, 0x36, 0x38, 0x20, // int _611 = _468 
	0x2b, 0x20, 0x33, 0x36, 0x75, 0x3b, 0x0a, 0x20, 0x20, 0x20, 0x20, 0x20, 0x20, 0x20, 0x20, 0x20, // + 36u;.         
	0x20, 0x20, 0x20, 0x69, 0x6e, 0x74, 0x33, 0x20, 0x5f, 0x36, 0x33, 0x30, 0x20, 0x3d, 0x20, 0x69, //    int3 _630 = i
	0x6e, 0x74, 0x33, 0x28, 0x69, 0x6e, 0x74, 0x32, 0x28, 0x5f, 0x34, 0x38, 0x34, 0x20, 0x2f, 0x20, // nt3(int2(_484 / 
	0x75, 0x69, 0x6e, 0x74, 0x32, 0x28, 0x38, 0x75, 0x29, 0x29, 0x2c, 0x20, 0x5f, 0x35, 0x30, 0x33, // uint2(8u)), _503
	0x29, 0x3b, 0x0a, 0x20, 0x20, 0x20, 0x20, 0x20, 0x20, 0x20, 0x20, 0x20, 0x20, 0x20, 0x20, 0x73, // );.            s
	0x5f, 0x69, 0x6d, 0x67, 0x4d, 0x69, 0x70, 0x34, 0x2e, 0x77, 0x72, 0x69, 0x74, 0x65, 0x28, 0x28, // _imgMip4.write((
	0x28, 0x28, 0x5f, 0x38, 0x38, 0x32, 0x20, 0x2b, 0x20, 0x66, 0x6c, 0x6f, 0x61, 0x74, 0x34, 0x28, // ((_882 + float4(
	0x67, 0x73, 0x5f, 0x52, 0x5b, 0x5f, 0x36, 0x30, 0x35, 0x5d, 0x2c, 0x20, 0x67, 0x73, 0x5f, 0x47, // gs_R[_605], gs_G
	0x5b, 0x5f, 0x36, 0x30, 0x35, 0x5d, 0x2c, 0x20, 0x67, 0x73, 0x5f, 0x42, 0x5b, 0x5f, 0x36, 0x30, // [_605], gs_B[_60
	0x35, 0x5d, 0x2c, 0x20, 0x67, 0x73, 0x5f, 0x41, 0x5b, 0x5f, 0x36, 0x30, 0x35, 0x5d, 0x29, 0x29, // 5], gs_A[_605]))
	0x20, 0x2b, 0x20, 0x66, 0x6c, 0x6f, 0x61, 0x74, 0x34, 0x28, 0x67, 0x73, 0x5f, 0x52, 0x5b, 0x5f, //  + float4(gs_R[_
	0x36, 0x30, 0x38, 0x5d, 0x2c, 0x20, 0x67, 0x73, 0x5f, 0x47, 0x5b, 0x5f, 0x36, 0x30, 0x38, 0x5d, // 608], gs_G[_608]
	0x2c, 0x20, 0x67, 0x73, 0x5f, 0x42, 0x5b, 0x5f, 0x36, 0x30, 0x38, 0x5d, 0x2c, 0x20, 0x67, 0x73, // , gs_B[_608], gs
	0x5f, 0x41, 0x5b, 0x5f, 0x36, 0x30, 0x38, 0x5d, 0x29, 0x29, 0x20, 0x2b, 0x20, 0x66, 0x6c, 0x6f, // _A[_608])) + flo
	0x61, 0x74, 0x34, 0x28, 0x67, 0x73, 0x5f, 0x52, 0x5b, 0x5f, 0x36, 0x31, 0x31, 0x5d, 0x2c, 0x20, // at4(gs_R[_611], 
	0x67, 0x73, 0x5f, 0x47, 0x5b, 0x5f, 0x36, 0x31, 0x31, 0x5d, 0x2c, 0x20, 0x67, 0x73, 0x5f, 0x42, // gs_G[_611], gs_B
	0x5b, 0x5f, 0x36, 0x31, 0x31, 0x5d, 0x2c, 0x20, 0x67, 0x73, 0x5f, 0x41, 0x5b, 0x5f, 0x36, 0x31, // [_611], gs_A[_61
	0x31, 0x5d, 0x29, 0x29, 0x20, 0x2a, 0x20, 0x30, 0x2e, 0x32, 0x35, 0x2c, 0x20, 0x75, 0x69, 0x6e, // 1])) * 0.25, uin
	0x74, 0x32, 0x28, 0x5f, 0x36, 0x33, 0x30, 0x2e, 0x78, 0x79, 0x29, 0x2c, 0x20, 0x75, 0x69, 0x6e, // t2(_630.xy), uin
	0x74, 0x28, 0x5f, 0x36, 0x33, 0x30, 0x2e, 0x7a, 0x29, 0x29, 0x3b, 0x0a, 0x20, 0x20, 0x20, 0x20, // t(_630.z));.    
	0x20, 0x20, 0x20, 0x20, 0x7d, 0x0a, 0x20, 0x20, 0x20, 0x20, 0x20, 0x20, 0x20, 0x20, 0x62, 0x72, //     }.        br
	0x65, 0x61, 0x6b, 0x3b, 0x0a, 0x20, 0x20, 0x20, 0x20, 0x7d, 0x20, 0x77, 0x68, 0x69, 0x6c, 0x65, // eak;.    } while
	0x28, 0x66, 0x61, 0x6c, 0x73, 0x65, 0x29, 0x3b, 0x0a, 0x7d, 0x0a, 0x0a, 0x00, 0x00, 0x70, 0x00, // (false);.}....p.
};
extern const uint8_t* cs_mipgen_pow2_pssl;
extern const uint32_t cs_mipgen_pow2_pssl_size;
