static const uint8_t cs_mipgen_oddy_glsl[4612] =
{
	0x43, 0x53, 0x48, 0x0c, 0x00, 0x00, 0x00, 0x00, 0x00, 0x00, 0x00, 0x00, 0x00, 0x00, 0x00, 0x00, // CSH.............
	0x00, 0x00, 0x00, 0x00, 0x02, 0x00, 0x0b, 0x62, 0x67, 0x66, 0x78, 0x5f, 0x6d, 0x69, 0x70, 0x47, // .......bgfx_mipG
	0x65, 0x6e, 0x02, 0x01, 0x00, 0x00, 0x01, 0x00, 0x00, 0x00, 0x00, 0x00, 0x0e, 0x62, 0x67, 0x66, // en...........bgf
	0x78, 0x5f, 0x74, 0x65, 0x78, 0x4d, 0x69, 0x70, 0x53, 0x72, 0x63, 0x00, 0x01, 0x00, 0x00, 0x01, // x_texMipSrc.....
	0x00, 0x00, 0x03, 0x00, 0x00, 0xba, 0x11, 0x00, 0x00, 0x6c, 0x61, 0x79, 0x6f, 0x75, 0x74, 0x28, // .........layout(
	0x6c, 0x6f, 0x63, 0x61, 0x6c, 0x5f, 0x73, 0x69, 0x7a, 0x65, 0x5f, 0x78, 0x20, 0x3d, 0x20, 0x38, // local_size_x = 8
	0x2c, 0x20, 0x6c, 0x6f, 0x63, 0x61, 0x6c, 0x5f, 0x73, 0x69, 0x7a, 0x65, 0x5f, 0x79, 0x20, 0x3d, // , local_size_y =
	0x20, 0x38, 0x2c, 0x20, 0x6c, 0x6f, 0x63, 0x61, 0x6c, 0x5f, 0x73, 0x69, 0x7a, 0x65, 0x5f, 0x7a, //  8, local_size_z
	0x20, 0x3d, 0x20, 0x31, 0x29, 0x20, 0x69, 0x6e, 0x3b, 0x0a, 0x0a, 0x75, 0x6e, 0x69, 0x66, 0x6f, //  = 1) in;..unifo
	0x72, 0x6d, 0x20, 0x76, 0x65, 0x63, 0x34, 0x20, 0x62, 0x67, 0x66, 0x78, 0x5f, 0x6d, 0x69, 0x70, // rm vec4 bgfx_mip
	0x47, 0x65, 0x6e, 0x3b, 0x0a, 0x75, 0x6e, 0x69, 0x66, 0x6f, 0x72, 0x6d, 0x20, 0x73, 0x61, 0x6d, // Gen;.uniform sam
	0x70, 0x6c, 0x65, 0x72, 0x32, 0x44, 0x41, 0x72, 0x72, 0x61, 0x79, 0x20, 0x62, 0x67, 0x66, 0x78, // pler2DArray bgfx
	0x5f, 0x74, 0x65, 0x78, 0x4d, 0x69, 0x70, 0x53, 0x72, 0x63, 0x3b, 0x0a, 0x6c, 0x61, 0x79, 0x6f, // _texMipSrc;.layo
	0x75, 0x74, 0x28, 0x6c, 0x6f, 0x63, 0x61, 0x74, 0x69, 0x6f, 0x6e, 0x20, 0x3d, 0x20, 0x30, 0x2c, // ut(location = 0,
	0x20, 0x62, 0x69, 0x6e, 0x64, 0x69, 0x6e, 0x67, 0x20, 0x3d, 0x20, 0x30, 0x2c, 0x20, 0x72, 0x67, //  binding = 0, rg
	0x62, 0x61, 0x38, 0x29, 0x20, 0x75, 0x6e, 0x69, 0x66, 0x6f, 0x72, 0x6d, 0x20, 0x77, 0x72, 0x69, // ba8) uniform wri
	0x74, 0x65, 0x6f, 0x6e, 0x6c, 0x79, 0x20, 0x69, 0x6d, 0x61, 0x67, 0x65, 0x32, 0x44, 0x41, 0x72, // teonly image2DAr
	0x72, 0x61, 0x79, 0x20, 0x73, 0x5f, 0x69, 0x6d, 0x67, 0x4d, 0x69, 0x70, 0x31, 0x3b, 0x0a, 0x6c, // ray s_imgMip1;.l
	0x61, 0x79, 0x6f, 0x75, 0x74, 0x28, 0x6c, 0x6f, 0x63, 0x61, 0x74, 0x69, 0x6f, 0x6e, 0x20, 0x3d, // ayout(location =
	0x20, 0x31, 0x2c, 0x20, 0x62, 0x69, 0x6e, 0x64, 0x69, 0x6e, 0x67, 0x20, 0x3d, 0x20, 0x31, 0x2c, //  1, binding = 1,
	0x20, 0x72, 0x67, 0x62, 0x61, 0x38, 0x29, 0x20, 0x75, 0x6e, 0x69, 0x66, 0x6f, 0x72, 0x6d, 0x20, //  rgba8) uniform 
	0x77, 0x72, 0x69, 0x74, 0x65, 0x6f, 0x6e, 0x6c, 0x79, 0x20, 0x69, 0x6d, 0x61, 0x67, 0x65, 0x32, // writeonly image2
	0x44, 0x41, 0x72, 0x72, 0x61, 0x79, 0x20, 0x73, 0x5f, 0x69, 0x6d, 0x67, 0x4d, 0x69, 0x70, 0x32, // DArray s_imgMip2
	0x3b, 0x0a, 0x6c, 0x61, 0x79, 0x6f, 0x75, 0x74, 0x28, 0x6c, 0x6f, 0x63, 0x61, 0x74, 0x69, 0x6f, // ;.layout(locatio
	0x6e, 0x20, 0x3d, 0x20, 0x32, 0x2c, 0x20, 0x62, 0x69, 0x6e, 0x64, 0x69, 0x6e, 0x67, 0x20, 0x3d, // n = 2, binding =
	0x20, 0x32, 0x2c, 0x20, 0x72, 0x67, 0x62, 0x61, 0x38, 0x29, 0x20, 0x75, 0x6e, 0x69, 0x66, 0x6f, //  2, rgba8) unifo
	0x72, 0x6d, 0x20, 0x77, 0x72, 0x69, 0x74, 0x65, 0x6f, 0x6e, 0x6c, 0x79, 0x20, 0x69, 0x6d, 0x61, // rm writeonly ima
	0x67, 0x65, 0x32, 0x44, 0x41, 0x72, 0x72, 0x61, 0x79, 0x20, 0x73, 0x5f, 0x69, 0x6d, 0x67, 0x4d, // ge2DArray s_imgM
	0x69, 0x70, 0x33, 0x3b, 0x0a, 0x6c, 0x61, 0x79, 0x6f, 0x75, 0x74, 0x28, 0x6c, 0x6f, 0x63, 0x61, // ip3;.layout(loca
	0x74, 0x69, 0x6f, 0x6e, 0x20, 0x3d, 0x20, 0x33, 0x2c, 0x20, 0x62, 0x69, 0x6e, 0x64, 0x69, 0x6e, // tion = 3, bindin
	0x67, 0x20, 0x3d, 0x20, 0x33, 0x2c, 0x20, 0x72, 0x67, 0x62, 0x61, 0x38, 0x29, 0x20, 0x75, 0x6e, // g = 3, rgba8) un
	0x69, 0x66, 0x6f, 0x72, 0x6d, 0x20, 0x77, 0x72, 0x69, 0x74, 0x65, 0x6f, 0x6e, 0x6c, 0x79, 0x20, // iform writeonly 
	0x69, 0x6d, 0x61, 0x67, 0x65, 0x32, 0x44, 0x41, 0x72, 0x72, 0x61, 0x79, 0x20, 0x73, 0x5f, 0x69, // image2DArray s_i
	0x6d, 0x67, 0x4d, 0x69, 0x70, 0x34, 0x3b, 0x0a, 0x0a, 0x73, 0x68, 0x61, 0x72, 0x65, 0x64, 0x20, // mgMip4;..shared 
	0x66, 0x6c, 0x6f, 0x61, 0x74, 0x20, 0x67, 0x73, 0x5f, 0x52, 0x5b, 0x36, 0x34, 0x5d, 0x3b, 0x0a, // float gs_R[64];.
	0x73, 0x68, 0x61, 0x72, 0x65, 0x64, 0x20, 0x66, 0x6c, 0x6f, 0x61, 0x74, 0x20, 0x67, 0x73, 0x5f, // shared float gs_
	0x47, 0x5b, 0x36, 0x34, 0x5d, 0x3b, 0x0a, 0x73, 0x68, 0x61, 0x72, 0x65, 0x64, 0x20, 0x66, 0x6c, // G[64];.shared fl
	0x6f, 0x61, 0x74, 0x20, 0x67, 0x73, 0x5f, 0x42, 0x5b, 0x36, 0x34, 0x5d, 0x3b, 0x0a, 0x73, 0x68, // oat gs_B[64];.sh
	0x61, 0x72, 0x65, 0x64, 0x20, 0x66, 0x6c, 0x6f, 0x61, 0x74, 0x20, 0x67, 0x73, 0x5f, 0x41, 0x5b, // ared float gs_A[
	0x36, 0x34, 0x5d, 0x3b, 0x0a, 0x0a, 0x76, 0x6f, 0x69, 0x64, 0x20, 0x6d, 0x61, 0x69, 0x6e, 0x28, // 64];..void main(
	0x29, 0x0a, 0x7b, 0x0a, 0x20, 0x20, 0x20, 0x20, 0x64, 0x6f, 0x0a, 0x20, 0x20, 0x20, 0x20, 0x7b, // ).{.    do.    {
	0x0a, 0x20, 0x20, 0x20, 0x20, 0x20, 0x20, 0x20, 0x20, 0x75, 0x69, 0x6e, 0x74, 0x20, 0x5f, 0x38, // .        uint _8
	0x34, 0x20, 0x3d, 0x20, 0x75, 0x69, 0x6e, 0x74, 0x28, 0x62, 0x67, 0x66, 0x78, 0x5f, 0x6d, 0x69, // 4 = uint(bgfx_mi
	0x70, 0x47, 0x65, 0x6e, 0x2e, 0x79, 0x29, 0x3b, 0x0a, 0x20, 0x20, 0x20, 0x20, 0x20, 0x20, 0x20, // pGen.y);.       
	0x20, 0x76, 0x65, 0x63, 0x32, 0x20, 0x5f, 0x31, 0x30, 0x33, 0x20, 0x3d, 0x20, 0x62, 0x67, 0x66, //  vec2 _103 = bgf
	0x78, 0x5f, 0x6d, 0x69, 0x70, 0x47, 0x65, 0x6e, 0x2e, 0x7a, 0x77, 0x20, 0x2a, 0x20, 0x28, 0x76, // x_mipGen.zw * (v
	0x65, 0x63, 0x32, 0x28, 0x67, 0x6c, 0x5f, 0x47, 0x6c, 0x6f, 0x62, 0x61, 0x6c, 0x49, 0x6e, 0x76, // ec2(gl_GlobalInv
	0x6f, 0x63, 0x61, 0x74, 0x69, 0x6f, 0x6e, 0x49, 0x44, 0x2e, 0x78, 0x79, 0x29, 0x20, 0x2b, 0x20, // ocationID.xy) + 
	0x76, 0x65, 0x63, 0x32, 0x28, 0x30, 0x2e, 0x35, 0x2c, 0x20, 0x30, 0x2e, 0x32, 0x35, 0x29, 0x29, // vec2(0.5, 0.25))
	0x3b, 0x0a, 0x20, 0x20, 0x20, 0x20, 0x20, 0x20, 0x20, 0x20, 0x66, 0x6c, 0x6f, 0x61, 0x74, 0x20, // ;.        float 
	0x5f, 0x31, 0x31, 0x37, 0x20, 0x3d, 0x20, 0x66, 0x6c, 0x6f, 0x61, 0x74, 0x28, 0x67, 0x6c, 0x5f, // _117 = float(gl_
	0x47, 0x6c, 0x6f, 0x62, 0x61, 0x6c, 0x49, 0x6e, 0x76, 0x6f, 0x63, 0x61, 0x74, 0x69, 0x6f, 0x6e, // GlobalInvocation
	0x49, 0x44, 0x2e, 0x7a, 0x29, 0x3b, 0x0a, 0x20, 0x20, 0x20, 0x20, 0x20, 0x20, 0x20, 0x20, 0x66, // ID.z);.        f
	0x6c, 0x6f, 0x61, 0x74, 0x20, 0x5f, 0x31, 0x32, 0x33, 0x20, 0x3d, 0x20, 0x66, 0x6c, 0x6f, 0x61, // loat _123 = floa
	0x74, 0x28, 0x75, 0x69, 0x6e, 0x74, 0x28, 0x62, 0x67, 0x66, 0x78, 0x5f, 0x6d, 0x69, 0x70, 0x47, // t(uint(bgfx_mipG
	0x65, 0x6e, 0x2e, 0x78, 0x29, 0x29, 0x3b, 0x0a, 0x20, 0x20, 0x20, 0x20, 0x20, 0x20, 0x20, 0x20, // en.x));.        
	0x76, 0x65, 0x63, 0x34, 0x20, 0x5f, 0x31, 0x33, 0x38, 0x20, 0x3d, 0x20, 0x28, 0x74, 0x65, 0x78, // vec4 _138 = (tex
	0x74, 0x75, 0x72, 0x65, 0x4c, 0x6f, 0x64, 0x28, 0x62, 0x67, 0x66, 0x78, 0x5f, 0x74, 0x65, 0x78, // tureLod(bgfx_tex
	0x4d, 0x69, 0x70, 0x53, 0x72, 0x63, 0x2c, 0x20, 0x76, 0x65, 0x63, 0x33, 0x28, 0x5f, 0x31, 0x30, // MipSrc, vec3(_10
	0x33, 0x2c, 0x20, 0x5f, 0x31, 0x31, 0x37, 0x29, 0x2c, 0x20, 0x5f, 0x31, 0x32, 0x33, 0x29, 0x20, // 3, _117), _123) 
	0x2b, 0x20, 0x74, 0x65, 0x78, 0x74, 0x75, 0x72, 0x65, 0x4c, 0x6f, 0x64, 0x28, 0x62, 0x67, 0x66, // + textureLod(bgf
	0x78, 0x5f, 0x74, 0x65, 0x78, 0x4d, 0x69, 0x70, 0x53, 0x72, 0x63, 0x2c, 0x20, 0x76, 0x65, 0x63, // x_texMipSrc, vec
	0x33, 0x28, 0x5f, 0x31, 0x30, 0x33, 0x20, 0x2b, 0x20, 0x28, 0x62, 0x67, 0x66, 0x78, 0x5f, 0x6d, // 3(_103 + (bgfx_m
	0x69, 0x70, 0x47, 0x65, 0x6e, 0x2e, 0x7a, 0x77, 0x20, 0x2a, 0x20, 0x76, 0x65, 0x63, 0x32, 0x28, // ipGen.zw * vec2(
	0x30, 0x2e, 0x30, 0x2c, 0x20, 0x30, 0x2e, 0x35, 0x29, 0x29, 0x2c, 0x20, 0x5f, 0x31, 0x31, 0x37, // 0.0, 0.5)), _117
	0x29, 0x2c, 0x20, 0x5f, 0x31, 0x32, 0x33, 0x29, 0x29, 0x20, 0x2a, 0x20, 0x30, 0x2e, 0x35, 0x3b, // ), _123)) * 0.5;
	0x0a, 0x20, 0x20, 0x20, 0x20, 0x20, 0x20, 0x20, 0x20, 0x69, 0x6e, 0x74, 0x20, 0x5f, 0x31, 0x34, // .        int _14
	0x39, 0x20, 0x3d, 0x20, 0x69, 0x6e, 0x74, 0x28, 0x67, 0x6c, 0x5f, 0x47, 0x6c, 0x6f, 0x62, 0x61, // 9 = int(gl_Globa
	0x6c, 0x49, 0x6e, 0x76, 0x6f, 0x63, 0x61, 0x74, 0x69, 0x6f, 0x6e, 0x49, 0x44, 0x2e, 0x7a, 0x29, // lInvocationID.z)
	0x3b, 0x0a, 0x20, 0x20, 0x20, 0x20, 0x20, 0x20, 0x20, 0x20, 0x69, 0x6d, 0x61, 0x67, 0x65, 0x53, // ;.        imageS
	0x74, 0x6f, 0x72, 0x65, 0x28, 0x73, 0x5f, 0x69, 0x6d, 0x67, 0x4d, 0x69, 0x70, 0x31, 0x2c, 0x20, // tore(s_imgMip1, 
	0x69, 0x76, 0x65, 0x63, 0x33, 0x28, 0x69, 0x76, 0x65, 0x63, 0x32, 0x28, 0x67, 0x6c, 0x5f, 0x47, // ivec3(ivec2(gl_G
	0x6c, 0x6f, 0x62, 0x61, 0x6c, 0x49, 0x6e, 0x76, 0x6f, 0x63, 0x61, 0x74, 0x69, 0x6f, 0x6e, 0x49, // lobalInvocationI
	0x44, 0x2e, 0x78, 0x79, 0x29, 0x2c, 0x20, 0x5f, 0x31, 0x34, 0x39, 0x29, 0x2c, 0x20, 0x5f, 0x31, // D.xy), _149), _1
	0x33, 0x38, 0x29, 0x3b, 0x0a, 0x20, 0x20, 0x20, 0x20, 0x20, 0x20, 0x20, 0x20, 0x69, 0x66, 0x20, // 38);.        if 
	0x28, 0x5f, 0x38, 0x34, 0x20, 0x3d, 0x3d, 0x20, 0x31, 0x75, 0x29, 0x0a, 0x20, 0x20, 0x20, 0x20, // (_84 == 1u).    
	0x20, 0x20, 0x20, 0x20, 0x7b, 0x0a, 0x20, 0x20, 0x20, 0x20, 0x20, 0x20, 0x20, 0x20, 0x20, 0x20, //     {.          
	0x20, 0x20, 0x62, 0x72, 0x65, 0x61, 0x6b, 0x3b, 0x0a, 0x20, 0x20, 0x20, 0x20, 0x20, 0x20, 0x20, //   break;.       
	0x20, 0x7d, 0x0a, 0x20, 0x20, 0x20, 0x20, 0x20, 0x20, 0x20, 0x20, 0x67, 0x73, 0x5f, 0x52, 0x5b, //  }.        gs_R[
	0x67, 0x6c, 0x5f, 0x4c, 0x6f, 0x63, 0x61, 0x6c, 0x49, 0x6e, 0x76, 0x6f, 0x63, 0x61, 0x74, 0x69, // gl_LocalInvocati
	0x6f, 0x6e, 0x49, 0x6e, 0x64, 0x65, 0x78, 0x5d, 0x20, 0x3d, 0x20, 0x5f, 0x31, 0x33, 0x38, 0x2e, // onIndex] = _138.
	0x78, 0x3b, 0x0a, 0x20, 0x20, 0x20, 0x20, 0x20, 0x20, 0x20, 0x20, 0x67, 0x73, 0x5f, 0x47, 0x5b, // x;.        gs_G[
	0x67, 0x6c, 0x5f, 0x4c, 0x6f, 0x63, 0x61, 0x6c, 0x49, 0x6e, 0x76, 0x6f, 0x63, 0x61, 0x74, 0x69, // gl_LocalInvocati
	0x6f, 0x6e, 0x49, 0x6e, 0x64, 0x65, 0x78, 0x5d, 0x20, 0x3d, 0x20, 0x5f, 0x31, 0x33, 0x38, 0x2e, // onIndex] = _138.
	0x79, 0x3b, 0x0a, 0x20, 0x20, 0x20, 0x20, 0x20, 0x20, 0x20, 0x20, 0x67, 0x73, 0x5f, 0x42, 0x5b, // y;.        gs_B[
	0x67, 0x6c, 0x5f, 0x4c, 0x6f, 0x63, 0x61, 0x6c, 0x49, 0x6e, 0x76, 0x6f, 0x63, 0x61, 0x74, 0x69, // gl_LocalInvocati
	0x6f, 0x6e, 0x49, 0x6e, 0x64, 0x65, 0x78, 0x5d, 0x20, 0x3d, 0x20, 0x5f, 0x31, 0x33, 0x38, 0x2e, // onIndex] = _138.
	0x7a, 0x3b, 0x0a, 0x20, 0x20, 0x20, 0x20, 0x20, 0x20, 0x20, 0x20, 0x67, 0x73, 0x5f, 0x41, 0x5b, // z;.        gs_A[
	0x67, 0x6c, 0x5f, 0x4c, 0x6f, 0x63, 0x61, 0x6c, 0x49, 0x6e, 0x76, 0x6f, 0x63, 0x61, 0x74, 0x69, // gl_LocalInvocati
	0x6f, 0x6e, 0x49, 0x6e, 0x64, 0x65, 0x78, 0x5d, 0x20, 0x3d, 0x20, 0x5f, 0x31, 0x33, 0x38, 0x2e, // onIndex] = _138.
	0x77, 0x3b, 0x0a, 0x20, 0x20, 0x20, 0x20, 0x20, 0x20, 0x20, 0x20, 0x62, 0x61, 0x72, 0x72, 0x69, // w;.        barri
	0x65, 0x72, 0x28, 0x29, 0x3b, 0x0a, 0x20, 0x20, 0x20, 0x20, 0x20, 0x20, 0x20, 0x20, 0x76, 0x65, // er();.        ve
	0x63, 0x34, 0x20, 0x5f, 0x35, 0x34, 0x32, 0x3b, 0x0a, 0x20, 0x20, 0x20, 0x20, 0x20, 0x20, 0x20, // c4 _542;.       
	0x20, 0x69, 0x66, 0x20, 0x28, 0x28, 0x67, 0x6c, 0x5f, 0x4c, 0x6f, 0x63, 0x61, 0x6c, 0x49, 0x6e, //  if ((gl_LocalIn
	0x76, 0x6f, 0x63, 0x61, 0x74, 0x69, 0x6f, 0x6e, 0x49, 0x6e, 0x64, 0x65, 0x78, 0x20, 0x26, 0x20, // vocationIndex & 
	0x39, 0x75, 0x29, 0x20, 0x3d, 0x3d, 0x20, 0x30, 0x75, 0x29, 0x0a, 0x20, 0x20, 0x20, 0x20, 0x20, // 9u) == 0u).     
	0x20, 0x20, 0x20, 0x7b, 0x0a, 0x20, 0x20, 0x20, 0x20, 0x20, 0x20, 0x20, 0x20, 0x20, 0x20, 0x20, //    {.           
	0x20, 0x75, 0x69, 0x6e, 0x74, 0x20, 0x5f, 0x31, 0x37, 0x35, 0x20, 0x3d, 0x20, 0x67, 0x6c, 0x5f, //  uint _175 = gl_
	0x4c, 0x6f, 0x63, 0x61, 0x6c, 0x49, 0x6e, 0x76, 0x6f, 0x63, 0x61, 0x74, 0x69, 0x6f, 0x6e, 0x49, // LocalInvocationI
	0x6e, 0x64, 0x65, 0x78, 0x20, 0x2b, 0x20, 0x31, 0x75, 0x3b, 0x0a, 0x20, 0x20, 0x20, 0x20, 0x20, // ndex + 1u;.     
	0x20, 0x20, 0x20, 0x20, 0x20, 0x20, 0x20, 0x66, 0x6c, 0x6f, 0x61, 0x74, 0x20, 0x5f, 0x33, 0x36, //        float _36
	0x34, 0x20, 0x3d, 0x20, 0x67, 0x73, 0x5f, 0x52, 0x5b, 0x5f, 0x31, 0x37, 0x35, 0x5d, 0x3b, 0x0a, // 4 = gs_R[_175];.
	0x20, 0x20, 0x20, 0x20, 0x20, 0x20, 0x20, 0x20, 0x20, 0x20, 0x20, 0x20, 0x66, 0x6c, 0x6f, 0x61, //             floa
	0x74, 0x20, 0x5f, 0x33, 0x36, 0x37, 0x20, 0x3d, 0x20, 0x67, 0x73, 0x5f, 0x47, 0x5b, 0x5f, 0x31, // t _367 = gs_G[_1
	0x37, 0x35, 0x5d, 0x3b, 0x0a, 0x20, 0x20, 0x20, 0x20, 0x20, 0x20, 0x20, 0x20, 0x20, 0x20, 0x20, // 75];.           
	0x20, 0x66, 0x6c, 0x6f, 0x61, 0x74, 0x20, 0x5f, 0x33, 0x37, 0x30, 0x20, 0x3d, 0x20, 0x67, 0x73, //  float _370 = gs
	0x5f, 0x42, 0x5b, 0x5f, 0x31, 0x37, 0x35, 0x5d, 0x3b, 0x0a, 0x20, 0x20, 0x20, 0x20, 0x20, 0x20, // _B[_175];.      
	0x20, 0x20, 0x20, 0x20, 0x20, 0x20, 0x66, 0x6c, 0x6f, 0x61, 0x74, 0x20, 0x5f, 0x33, 0x37, 0x33, //       float _373
	0x20, 0x3d, 0x20, 0x67, 0x73, 0x5f, 0x41, 0x5b, 0x5f, 0x31, 0x37, 0x35, 0x5d, 0x3b, 0x0a, 0x20, //  = gs_A[_175];. 
	0x20, 0x20, 0x20, 0x20, 0x20, 0x20, 0x20, 0x20, 0x20, 0x20, 0x20, 0x75, 0x69, 0x6e, 0x74, 0x20, //            uint 
	0x5f, 0x31, 0x38, 0x31, 0x20, 0x3d, 0x20, 0x67, 0x6c, 0x5f, 0x4c, 0x6f, 0x63, 0x61, 0x6c, 0x49, // _181 = gl_LocalI
	0x6e, 0x76, 0x6f, 0x63, 0x61, 0x74, 0x69, 0x6f, 0x6e, 0x49, 0x6e, 0x64, 0x65, 0x78, 0x20, 0x2b, // nvocationIndex +
	0x20, 0x38, 0x75, 0x3b, 0x0a, 0x20, 0x20, 0x20, 0x20, 0x20, 0x20, 0x20, 0x20, 0x20, 0x20, 0x20, //  8u;.           
	0x20, 0x66, 0x6c, 0x6f, 0x61, 0x74, 0x20, 0x5f, 0x33, 0x37, 0x39, 0x20, 0x3d, 0x20, 0x67, 0x73, //  float _379 = gs
	0x5f, 0x52, 0x5b, 0x5f, 0x31, 0x38, 0x31, 0x5d, 0x3b, 0x0a, 0x20, 0x20, 0x20, 0x20, 0x20, 0x20, // _R[_181];.      
	0x20, 0x20, 0x20, 0x20, 0x20, 0x20, 0x66, 0x6c, 0x6f, 0x61, 0x74, 0x20, 0x5f, 0x33, 0x38, 0x32, //       float _382
	0x20, 0x3d, 0x20, 0x67, 0x73, 0x5f, 0x47, 0x5b, 0x5f, 0x31, 0x38, 0x31, 0x5d, 0x3b, 0x0a, 0x20, //  = gs_G[_181];. 
	0x20, 0x20, 0x20, 0x20, 0x20, 0x20, 0x20, 0x20, 0x20, 0x20, 0x20, 0x66, 0x6c, 0x6f, 0x61, 0x74, //            float
	0x20, 0x5f, 0x33, 0x38, 0x35, 0x20, 0x3d, 0x20, 0x67, 0x73, 0x5f, 0x42, 0x5b, 0x5f, 0x31, 0x38, //  _385 = gs_B[_18
	0x31, 0x5d, 0x3b, 0x0a, 0x20, 0x20, 0x20, 0x20, 0x20, 0x20, 0x20, 0x20, 0x20, 0x20, 0x20, 0x20, // 1];.            
	0x66, 0x6c, 0x6f, 0x61, 0x74, 0x20, 0x5f, 0x33, 0x38, 0x38, 0x20, 0x3d, 0x20, 0x67, 0x73, 0x5f, // float _388 = gs_
	0x41, 0x5b, 0x5f, 0x31, 0x38, 0x31, 0x5d, 0x3b, 0x0a, 0x20, 0x20, 0x20, 0x20, 0x20, 0x20, 0x20, // A[_181];.       
	0x20, 0x20, 0x20, 0x20, 0x20, 0x75, 0x69, 0x6e, 0x74, 0x20, 0x5f, 0x31, 0x38, 0x36, 0x20, 0x3d, //      uint _186 =
	0x20, 0x67, 0x6c, 0x5f, 0x4c, 0x6f, 0x63, 0x61, 0x6c, 0x49, 0x6e, 0x76, 0x6f, 0x63, 0x61, 0x74, //  gl_LocalInvocat
	0x69, 0x6f, 0x6e, 0x49, 0x6e, 0x64, 0x65, 0x78, 0x20, 0x2b, 0x20, 0x39, 0x75, 0x3b, 0x0a, 0x20, // ionIndex + 9u;. 
	0x20, 0x20, 0x20, 0x20, 0x20, 0x20, 0x20, 0x20, 0x20, 0x20, 0x20, 0x66, 0x6c, 0x6f, 0x61, 0x74, //            float
	0x20, 0x5f, 0x33, 0x39, 0x34, 0x20, 0x3d, 0x20, 0x67, 0x73, 0x5f, 0x52, 0x5b, 0x5f, 0x31, 0x38, //  _394 = gs_R[_18
	0x36, 0x5d, 0x3b, 0x0a, 0x20, 0x20, 0x20, 0x20, 0x20, 0x20, 0x20, 0x20, 0x20, 0x20, 0x20, 0x20, // 6];.            
	0x66, 0x6c, 0x6f, 0x61, 0x74, 0x20, 0x5f, 0x33, 0x39, 0x37, 0x20, 0x3d, 0x20, 0x67, 0x73, 0x5f, // float _397 = gs_
	0x47, 0x5b, 0x5f, 0x31, 0x38, 0x36, 0x5d, 0x3b, 0x0a, 0x20, 0x20, 0x20, 0x20, 0x20, 0x20, 0x20, // G[_186];.       
	0x20, 0x20, 0x20, 0x20, 0x20, 0x66, 0x6c, 0x6f, 0x61, 0x74, 0x20, 0x5f, 0x34, 0x30, 0x30, 0x20, //      float _400 
	0x3d, 0x20, 0x67, 0x73, 0x5f, 0x42, 0x5b, 0x5f, 0x31, 0x38, 0x36, 0x5d, 0x3b, 0x0a, 0x20, 0x20, // = gs_B[_186];.  
	0x20, 0x20, 0x20, 0x20, 0x20, 0x20, 0x20, 0x20, 0x20, 0x20, 0x66, 0x6c, 0x6f, 0x61, 0x74, 0x20, //           float 
	0x5f, 0x34, 0x30, 0x33, 0x20, 0x3d, 0x20, 0x67, 0x73, 0x5f, 0x41, 0x5b, 0x5f, 0x31, 0x38, 0x36, // _403 = gs_A[_186
	0x5d, 0x3b, 0x0a, 0x20, 0x20, 0x20, 0x20, 0x20, 0x20, 0x20, 0x20, 0x20, 0x20, 0x20, 0x20, 0x76, // ];.            v
	0x65, 0x63, 0x34, 0x20, 0x5f, 0x31, 0x39, 0x36, 0x20, 0x3d, 0x20, 0x28, 0x28, 0x28, 0x5f, 0x31, // ec4 _196 = (((_1
	0x33, 0x38, 0x20, 0x2b, 0x20, 0x76, 0x65, 0x63, 0x34, 0x28, 0x5f, 0x33, 0x36, 0x34, 0x2c, 0x20, // 38 + vec4(_364, 
	0x5f, 0x33, 0x36, 0x37, 0x2c, 0x20, 0x5f, 0x33, 0x37, 0x30, 0x2c, 0x20, 0x5f, 0x33, 0x37, 0x33, // _367, _370, _373
	0x29, 0x29, 0x20, 0x2b, 0x20, 0x76, 0x65, 0x63, 0x34, 0x28, 0x5f, 0x33, 0x37, 0x39, 0x2c, 0x20, // )) + vec4(_379, 
	0x5f, 0x33, 0x38, 0x32, 0x2c, 0x20, 0x5f, 0x33, 0x38, 0x35, 0x2c, 0x20, 0x5f, 0x33, 0x38, 0x38, // _382, _385, _388
	0x29, 0x29, 0x20, 0x2b, 0x20, 0x76, 0x65, 0x63, 0x34, 0x28, 0x5f, 0x33, 0x39, 0x34, 0x2c, 0x20, // )) + vec4(_394, 
	0x5f, 0x33, 0x39, 0x37, 0x2c, 0x20, 0x5f, 0x34, 0x30, 0x30, 0x2c, 0x20, 0x5f, 0x34, 0x30, 0x33, // _397, _400, _403
	0x29, 0x29, 0x20, 0x2a, 0x20, 0x30, 0x2e, 0x32, 0x35, 0x3b, 0x0a, 0x20, 0x20, 0x20, 0x20, 0x20, // )) * 0.25;.     
	0x20, 0x20, 0x20, 0x20, 0x20, 0x20, 0x20, 0x69, 0x6d, 0x61, 0x67, 0x65, 0x53, 0x74, 0x6f, 0x72, //        imageStor
	0x65, 0x28, 0x73, 0x5f, 0x69, 0x6d, 0x67, 0x4d, 0x69, 0x70, 0x32, 0x2c, 0x20, 0x69, 0x76, 0x65, // e(s_imgMip2, ive
	0x63, 0x33, 0x28, 0x69, 0x76, 0x65, 0x63, 0x32, 0x28, 0x67, 0x6c, 0x5f, 0x47, 0x6c, 0x6f, 0x62, // c3(ivec2(gl_Glob
	0x61, 0x6c, 0x49, 0x6e, 0x76, 0x6f, 0x63, 0x61, 0x74, 0x69, 0x6f, 0x6e, 0x49, 0x44, 0x2e, 0x78, // alInvocationID.x
	0x79, 0x20, 0x2f, 0x20, 0x75, 0x76, 0x65, 0x63, 0x32, 0x28, 0x32, 0x75, 0x29, 0x29, 0x2c, 0x20, // y / uvec2(2u)), 
	0x5f, 0x31, 0x34, 0x39, 0x29, 0x2c, 0x20, 0x5f, 0x31, 0x39, 0x36, 0x29, 0x3b, 0x0a, 0x20, 0x20, // _149), _196);.  
	0x20, 0x20, 0x20, 0x20, 0x20, 0x20, 0x20, 0x20, 0x20, 0x20, 0x67, 0x73, 0x5f, 0x52, 0x5b, 0x67, //           gs_R[g
	0x6c, 0x5f, 0x4c, 0x6f, 0x63, 0x61, 0x6c, 0x49, 0x6e, 0x76, 0x6f, 0x63, 0x61, 0x74, 0x69, 0x6f, // l_LocalInvocatio
	0x6e, 0x49, 0x6e, 0x64, 0x65, 0x78, 0x5d, 0x20, 0x3d, 0x20, 0x5f, 0x31, 0x39, 0x36, 0x2e, 0x78, // nIndex] = _196.x
	0x3b, 0x0a, 0x20, 0x20, 0x20, 0x20, 0x20, 0x20, 0x20, 0x20, 0x20, 0x20, 0x20, 0x20, 0x67, 0x73, // ;.            gs
	0x5f, 0x47, 0x5b, 0x67, 0x6c, 0x5f, 0x4c, 0x6f, 0x63, 0x61, 0x6c, 0x49, 0x6e, 0x76, 0x6f, 0x63, // _G[gl_LocalInvoc
	0x61, 0x74, 0x69, 0x6f, 0x6e, 0x49, 0x6e, 0x64, 0x65, 0x78, 0x5d, 0x20, 0x3d, 0x20, 0x5f, 0x31, // ationIndex] = _1
	0x39, 0x36, 0x2e, 0x79, 0x3b, 0x0a, 0x20, 0x20, 0x20, 0x20, 0x20, 0x20, 0x20, 0x20, 0x20, 0x20, // 96.y;.          
	0x20, 0x20, 0x67, 0x73, 0x5f, 0x42, 0x5b, 0x67, 0x6c, 0x5f, 0x4c, 0x6f, 0x63, 0x61, 0x6c, 0x49, //   gs_B[gl_LocalI
	0x6e, 0x76, 0x6f, 0x63, 0x61, 0x74, 0x69, 0x6f, 0x6e, 0x49, 0x6e, 0x64, 0x65, 0x78, 0x5d, 0x20, // nvocationIndex] 
	0x3d, 0x20, 0x5f, 0x31, 0x39, 0x36, 0x2e, 0x7a, 0x3b, 0x0a, 0x20, 0x20, 0x20, 0x20, 0x20, 0x20, // = _196.z;.      
	0x20, 0x20, 0x20, 0x20, 0x20, 0x20, 0x67, 0x73, 0x5f, 0x41, 0x5b, 0x67, 0x6c, 0x5f, 0x4c, 0x6f, //       gs_A[gl_Lo
	0x63, 0x61, 0x6c, 0x49, 0x6e, 0x76, 0x6f, 0x63, 0x61, 0x74, 0x69, 0x6f, 0x6e, 0x49, 0x6e, 0x64, // calInvocationInd
	0x65, 0x78, 0x5d, 0x20, 0x3d, 0x20, 0x5f, 0x31, 0x39, 0x36, 0x2e, 0x77, 0x3b, 0x0a, 0x20, 0x20, // ex] = _196.w;.  
	0x20, 0x20, 0x20, 0x20, 0x20, 0x20, 0x20, 0x20, 0x20, 0x20, 0x5f, 0x35, 0x34, 0x32, 0x20, 0x3d, //           _542 =
	0x20, 0x5f, 0x31, 0x39, 0x36, 0x3b, 0x0a, 0x20, 0x20, 0x20, 0x20, 0x20, 0x20, 0x20, 0x20, 0x7d, //  _196;.        }
	0x0a, 0x20, 0x20, 0x20, 0x20, 0x20, 0x20, 0x20, 0x20, 0x65, 0x6c, 0x73, 0x65, 0x0a, 0x20, 0x20, // .        else.  
	0x20, 0x20, 0x20, 0x20, 0x20, 0x20, 0x7b, 0x0a, 0x20, 0x20, 0x20, 0x20, 0x20, 0x20, 0x20, 0x20, //       {.        
	0x20, 0x20, 0x20, 0x20, 0x5f, 0x35, 0x34, 0x32, 0x20, 0x3d, 0x20, 0x5f, 0x31, 0x33, 0x38, 0x3b, //     _542 = _138;
	0x0a, 0x20, 0x20, 0x20, 0x20, 0x20, 0x20, 0x20, 0x20, 0x7d, 0x0a, 0x20, 0x20, 0x20, 0x20, 0x20, // .        }.     
	0x20, 0x20, 0x20, 0x69, 0x66, 0x20, 0x28, 0x5f, 0x38, 0x34, 0x20, 0x3d, 0x3d, 0x20, 0x32, 0x75, //    if (_84 == 2u
	0x29, 0x0a, 0x20, 0x20, 0x20, 0x20, 0x20, 0x20, 0x20, 0x20, 0x7b, 0x0a, 0x20, 0x20, 0x20, 0x20, // ).        {.    
	0x20, 0x20, 0x20, 0x20, 0x20, 0x20, 0x20, 0x20, 0x62, 0x72, 0x65, 0x61, 0x6b, 0x3b, 0x0a, 0x20, //         break;. 
	0x20, 0x20, 0x20, 0x20, 0x20, 0x20, 0x20, 0x7d, 0x0a, 0x20, 0x20, 0x20, 0x20, 0x20, 0x20, 0x20, //        }.       
	0x20, 0x62, 0x61, 0x72, 0x72, 0x69, 0x65, 0x72, 0x28, 0x29, 0x3b, 0x0a, 0x20, 0x20, 0x20, 0x20, //  barrier();.    
	0x20, 0x20, 0x20, 0x20, 0x76, 0x65, 0x63, 0x34, 0x20, 0x5f, 0x35, 0x34, 0x33, 0x3b, 0x0a, 0x20, //     vec4 _543;. 
	0x20, 0x20, 0x20, 0x20, 0x20, 0x20, 0x20, 0x69, 0x66, 0x20, 0x28, 0x28, 0x67, 0x6c, 0x5f, 0x4c, //        if ((gl_L
	0x6f, 0x63, 0x61, 0x6c, 0x49, 0x6e, 0x76, 0x6f, 0x63, 0x61, 0x74, 0x69, 0x6f, 0x6e, 0x49, 0x6e, // ocalInvocationIn
	0x64, 0x65, 0x78, 0x20, 0x26, 0x20, 0x32, 0x37, 0x75, 0x29, 0x20, 0x3d, 0x3d, 0x20, 0x30, 0x75, // dex & 27u) == 0u
	0x29, 0x0a, 0x20, 0x20, 0x20, 0x20, 0x20, 0x20, 0x20, 0x20, 0x7b, 0x0a, 0x20, 0x20, 0x20, 0x20, // ).        {.    
	0x20, 0x20, 0x20, 0x20, 0x20, 0x20, 0x20, 0x20, 0x75, 0x69, 0x6e, 0x74, 0x20, 0x5f, 0x32, 0x32, //         uint _22
	0x38, 0x20, 0x3d, 0x20, 0x67, 0x6c, 0x5f, 0x4c, 0x6f, 0x63, 0x61, 0x6c, 0x49, 0x6e, 0x76, 0x6f, // 8 = gl_LocalInvo
	0x63, 0x61, 0x74, 0x69, 0x6f, 0x6e, 0x49, 0x6e, 0x64, 0x65, 0x78, 0x20, 0x2b, 0x20, 0x32, 0x75, // cationIndex + 2u
	0x3b, 0x0a, 0x20, 0x20, 0x20, 0x20, 0x20, 0x20, 0x20, 0x20, 0x20, 0x20, 0x20, 0x20, 0x66, 0x6c, // ;.            fl
	0x6f, 0x61, 0x74, 0x20, 0x5f, 0x34, 0x32, 0x36, 0x20, 0x3d, 0x20, 0x67, 0x73, 0x5f, 0x52, 0x5b, // oat _426 = gs_R[
	0x5f, 0x32, 0x32, 0x38, 0x5d, 0x3b, 0x0a, 0x20, 0x20, 0x20, 0x20, 0x20, 0x20, 0x20, 0x20, 0x20, // _228];.         
	0x20, 0x20, 0x20, 0x66, 0x6c, 0x6f, 0x61, 0x74, 0x20, 0x5f, 0x34, 0x32, 0x39, 0x20, 0x3d, 0x20, //    float _429 = 
	0x67, 0x73, 0x5f, 0x47, 0x5b, 0x5f, 0x32, 0x32, 0x38, 0x5d, 0x3b, 0x0a, 0x20, 0x20, 0x20, 0x20, // gs_G[_228];.    
	0x20, 0x20, 0x20, 0x20, 0x20, 0x20, 0x20, 0x20, 0x66, 0x6c, 0x6f, 0x61, 0x74, 0x20, 0x5f, 0x34, //         float _4
	0x33, 0x32, 0x20, 0x3d, 0x20, 0x67, 0x73, 0x5f, 0x42, 0x5b, 0x5f, 0x32, 0x32, 0x38, 0x5d, 0x3b, // 32 = gs_B[_228];
	0x0a, 0x20, 0x20, 0x20, 0x20, 0x20, 0x20, 0x20, 0x20, 0x20, 0x20, 0x20, 0x20, 0x66, 0x6c, 0x6f, // .            flo
	0x61, 0x74, 0x20, 0x5f, 0x34, 0x33, 0x35, 0x20, 0x3d, 0x20, 0x67, 0x73, 0x5f, 0x41, 0x5b, 0x5f, // at _435 = gs_A[_
	0x32, 0x32, 0x38, 0x5d, 0x3b, 0x0a, 0x20, 0x20, 0x20, 0x20, 0x20, 0x20, 0x20, 0x20, 0x20, 0x20, // 228];.          
	0x20, 0x20, 0x75, 0x69, 0x6e, 0x74, 0x20, 0x5f, 0x32, 0x33, 0x34, 0x20, 0x3d, 0x20, 0x67, 0x6c, //   uint _234 = gl
	0x5f, 0x4c, 0x6f, 0x63, 0x61, 0x6c, 0x49, 0x6e, 0x76, 0x6f, 0x63, 0x61, 0x74, 0x69, 0x6f, 0x6e, // _LocalInvocation
	0x49, 0x6e, 0x64, 0x65, 0x78, 0x20, 0x2b, 0x20, 0x31, 0x36, 0x75, 0x3b, 0x0a, 0x20, 0x20, 0x20, // Index + 16u;.   
	0x20, 0x20, 0x20, 0x20, 0x20, 0x20, 0x20, 0x20, 0x20, 0x66, 0x6c, 0x6f, 0x61, 0x74, 0x20, 0x5f, //          float _
	0x34, 0x34, 0x31, 0x20, 0x3d, 0x20, 0x67, 0x73, 0x5f, 0x52, 0x5b, 0x5f, 0x32, 0x33, 0x34, 0x5d, // 441 = gs_R[_234]
	0x3b, 0x0a, 0x20, 0x20, 0x20, 0x20, 0x20, 0x20, 0x20, 0x20, 0x20, 0x20, 0x20, 0x20, 0x66, 0x6c, // ;.            fl
	0x6f, 0x61, 0x74, 0x20, 0x5f, 0x34, 0x34, 0x34, 0x20, 0x3d, 0x20, 0x67, 0x73, 0x5f, 0x47, 0x5b, // oat _444 = gs_G[
	0x5f, 0x32, 0x33, 0x34, 0x5d, 0x3b, 0x0a, 0x20, 0x20, 0x20, 0x20, 0x20, 0x20, 0x20, 0x20, 0x20, // _234];.         
	0x20, 0x20, 0x20, 0x66, 0x6c, 0x6f, 0x61, 0x74, 0x20, 0x5f, 0x34, 0x34, 0x37, 0x20, 0x3d, 0x20, //    float _447 = 
	0x67, 0x73, 0x5f, 0x42, 0x5b, 0x5f, 0x32, 0x33, 0x34, 0x5d, 0x3b, 0x0a, 0x20, 0x20, 0x20, 0x20, // gs_B[_234];.    
	0x20, 0x20, 0x20, 0x20, 0x20, 0x20, 0x20, 0x20, 0x66, 0x6c, 0x6f, 0x61, 0x74, 0x20, 0x5f, 0x34, //         float _4
	0x35, 0x30, 0x20, 0x3d, 0x20, 0x67, 0x73, 0x5f, 0x41, 0x5b, 0x5f, 0x32, 0x33, 0x34, 0x5d, 0x3b, // 50 = gs_A[_234];
	0x0a, 0x20, 0x20, 0x20, 0x20, 0x20, 0x20, 0x20, 0x20, 0x20, 0x20, 0x20, 0x20, 0x75, 0x69, 0x6e, // .            uin
	0x74, 0x20, 0x5f, 0x32, 0x34, 0x30, 0x20, 0x3d, 0x20, 0x67, 0x6c, 0x5f, 0x4c, 0x6f, 0x63, 0x61, // t _240 = gl_Loca
	0x6c, 0x49, 0x6e, 0x76, 0x6f, 0x63, 0x61, 0x74, 0x69, 0x6f, 0x6e, 0x49, 0x6e, 0x64, 0x65, 0x78, // lInvocationIndex
	0x20, 0x2b, 0x20, 0x31, 0x38, 0x75, 0x3b, 0x0a, 0x20, 0x20, 0x20, 0x20, 0x20, 0x20, 0x20, 0x20, //  + 18u;.        
	0x20, 0x20, 0x20, 0x20, 0x66, 0x6c, 0x6f, 0x61, 0x74, 0x20, 0x5f, 0x34, 0x35, 0x36, 0x20, 0x3d, //     float _456 =
	0x20, 0x67, 0x73, 0x5f, 0x52, 0x5b, 0x5f, 0x32, 0x34, 0x30, 0x5d, 0x3b, 0x0a, 0x20, 0x20, 0x20, //  gs_R[_240];.   
	0x20, 0x20, 0x20, 0x20, 0x20, 0x20, 0x20, 0x20, 0x20, 0x66, 0x6c, 0x6f, 0x61, 0x74, 0x20, 0x5f, //          float _
	0x34, 0x35, 0x39, 0x20, 0x3d, 0x20, 0x67, 0x73, 0x5f, 0x47, 0x5b, 0x5f, 0x32, 0x34, 0x30, 0x5d, // 459 = gs_G[_240]
	0x3b, 0x0a, 0x20, 0x20, 0x20, 0x20, 0x20, 0x20, 0x20, 0x20, 0x20, 0x20, 0x20, 0x20, 0x66, 0x6c, // ;.            fl
	0x6f, 0x61, 0x74, 0x20, 0x5f, 0x34, 0x36, 0x32, 0x20, 0x3d, 0x20, 0x67, 0x73, 0x5f, 0x42, 0x5b, // oat _462 = gs_B[
	0x5f, 0x32, 0x34, 0x30, 0x5d, 0x3b, 0x0a, 0x20, 0x20, 0x20, 0x20, 0x20, 0x20, 0x20, 0x20, 0x20, // _240];.         
	0x20, 0x20, 0x20, 0x66, 0x6c, 0x6f, 0x61, 0x74, 0x20, 0x5f, 0x34, 0x36, 0x35, 0x20, 0x3d, 0x20, //    float _465 = 
	0x67, 0x73, 0x5f, 0x41, 0x5b, 0x5f, 0x32, 0x34, 0x30, 0x5d, 0x3b, 0x0a, 0x20, 0x20, 0x20, 0x20, // gs_A[_240];.    
	0x20, 0x20, 0x20, 0x20, 0x20, 0x20, 0x20, 0x20, 0x76, 0x65, 0x63, 0x34, 0x20, 0x5f, 0x32, 0x35, //         vec4 _25
	0x30, 0x20, 0x3d, 0x20, 0x28, 0x28, 0x28, 0x5f, 0x35, 0x34, 0x32, 0x20, 0x2b, 0x20, 0x76, 0x65, // 0 = (((_542 + ve
	0x63, 0x34, 0x28, 0x5f, 0x34, 0x32, 0x36, 0x2c, 0x20, 0x5f, 0x34, 0x32, 0x39, 0x2c, 0x20, 0x5f, // c4(_426, _429, _
	0x34, 0x33, 0x32, 0x2c, 0x20, 0x5f, 0x34, 0x33, 0x35, 0x29, 0x29, 0x20, 0x2b, 0x20, 0x76, 0x65, // 432, _435)) + ve
	0x63, 0x34, 0x28, 0x5f, 0x34, 0x34, 0x31, 0x2c, 0x20, 0x5f, 0x34, 0x34, 0x34, 0x2c, 0x20, 0x5f, // c4(_441, _444, _
	0x34, 0x34, 0x37, 0x2c, 0x20, 0x5f, 0x34, 0x35, 0x30, 0x29, 0x29, 0x20, 0x2b, 0x20, 0x76, 0x65, // 447, _450)) + ve
	0x63, 0x34, 0x28, 0x5f, 0x34, 0x35, 0x36, 0x2c, 0x20, 0x5f, 0x34, 0x35, 0x39, 0x2c, 0x20, 0x5f, // c4(_456, _459, _
	0x34, 0x36, 0x32, 0x2c, 0x20, 0x5f, 0x34, 0x36, 0x35, 0x29, 0x29, 0x20, 0x2a, 0x20, 0x30, 0x2e, // 462, _465)) * 0.
	0x32, 0x35, 0x3b, 0x0a, 0x20, 0x20, 0x20, 0x20, 0x20, 0x20, 0x20, 0x20, 0x20, 0x20, 0x20, 0x20, // 25;.            
	0x69, 0x6d, 0x61, 0x67, 0x65, 0x53, 0x74, 0x6f, 0x72, 0x65, 0x28, 0x73, 0x5f, 0x69, 0x6d, 0x67, // imageStore(s_img
	0x4d, 0x69, 0x70, 0x33, 0x2c, 0x20, 0x69, 0x76, 0x65, 0x63, 0x33, 0x28, 0x69, 0x76, 0x65, 0x63, // Mip3, ivec3(ivec
	0x32, 0x28, 0x67, 0x6c, 0x5f, 0x47, 0x6c, 0x6f, 0x62, 0x61, 0x6c, 0x49, 0x6e, 0x76, 0x6f, 0x63, // 2(gl_GlobalInvoc
	0x61, 0x74, 0x69, 0x6f, 0x6e, 0x49, 0x44, 0x2e, 0x78, 0x79, 0x20, 0x2f, 0x20, 0x75, 0x76, 0x65, // ationID.xy / uve
	0x63, 0x32, 0x28, 0x34, 0x75, 0x29, 0x29, 0x2c, 0x20, 0x5f, 0x31, 0x34, 0x39, 0x29, 0x2c, 0x20, // c2(4u)), _149), 
	0x5f, 0x32, 0x35, 0x30, 0x29, 0x3b, 0x0a, 0x20, 0x20, 0x20, 0x20, 0x20, 0x20, 0x20, 0x20, 0x20, // _250);.         
	0x20, 0x20, 0x20, 0x67, 0x73, 0x5f, 0x52, 0x5b, 0x67, 0x6c, 0x5f, 0x4c, 0x6f, 0x63, 0x61, 0x6c, //    gs_R[gl_Local
	0x49, 0x6e, 0x76, 0x6f, 0x63, 0x61, 0x74, 0x69, 0x6f, 0x6e, 0x49, 0x6e, 0x64, 0x65, 0x78, 0x5d, // InvocationIndex]
	0x20, 0x3d, 0x20, 0x5f, 0x32, 0x35, 0x30, 0x2e, 0x78, 0x3b, 0x0a, 0x20, 0x20, 0x20, 0x20, 0x20, //  = _250.x;.     
	0x20, 0x20, 0x20, 0x20, 0x20, 0x20, 0x20, 0x67, 0x73, 0x5f, 0x47, 0x5b, 0x67, 0x6c, 0x5f, 0x4c, //        gs_G[gl_L
	0x6f, 0x63, 0x61, 0x6c, 0x49, 0x6e, 0x76, 0x6f, 0x63, 0x61, 0x74, 0x69, 0x6f, 0x6e, 0x49, 0x6e, // ocalInvocationIn
	0x64, 0x65, 0x78, 0x5d, 0x20, 0x3d, 0x20, 0x5f, 0x32, 0x35, 0x30, 0x2e, 0x79, 0x3b, 0x0a, 0x20, // dex] = _250.y;. 
	0x20, 0x20, 0x20, 0x20, 0x20, 0x20, 0x20, 0x20, 0x20, 0x20, 0x20, 0x67, 0x73, 0x5f, 0x42, 0x5b, //            gs_B[
	0x67, 0x6c, 0x5f, 0x4c, 0x6f, 0x63, 0x61, 0x6c, 0x49, 0x6e, 0x76, 0x6f, 0x63, 0x61, 0x74, 0x69, // gl_LocalInvocati
	0x6f, 0x6e, 0x49, 0x6e, 0x64, 0x65, 0x78, 0x5d, 0x20, 0x3d, 0x20, 0x5f, 0x32, 0x35, 0x30, 0x2e, // onIndex] = _250.
	0x7a, 0x3b, 0x0a, 0x20, 0x20, 0x20, 0x20, 0x20, 0x20, 0x20, 0x20, 0x20, 0x20, 0x20, 0x20, 0x67, // z;.            g
	0x73, 0x5f, 0x41, 0x5b, 0x67, 0x6c, 0x5f, 0x4c, 0x6f, 0x63, 0x61, 0x6c, 0x49, 0x6e, 0x76, 0x6f, // s_A[gl_LocalInvo
	0x63, 0x61, 0x74, 0x69, 0x6f, 0x6e, 0x49, 0x6e, 0x64, 0x65, 0x78, 0x5d, 0x20, 0x3d, 0x20, 0x5f, // cationIndex] = _
	0x32, 0x35, 0x30, 0x2e, 0x77, 0x3b, 0x0a, 0x20, 0x20, 0x20, 0x20, 0x20, 0x20, 0x20, 0x20, 0x20, // 250.w;.         
	0x20, 0x20, 0x20, 0x5f, 0x35, 0x34, 0x33, 0x20, 0x3d, 0x20, 0x5f, 0x32, 0x35, 0x30, 0x3b, 0x0a, //    _543 = _250;.
	0x20, 0x20, 0x20, 0x20, 0x20, 0x20, 0x20, 0x20, 0x7d, 0x0a, 0x20, 0x20, 0x20, 0x20, 0x20, 0x20, //         }.      
	0x20, 0x20, 0x65, 0x6c, 0x73, 0x65, 0x0a, 0x20, 0x20, 0x20, 0x20, 0x20, 0x20, 0x20, 0x20, 0x7b, //   else.        {
	0x0a, 0x20, 0x20, 0x20, 0x20, 0x20, 0x20, 0x20, 0x20, 0x20, 0x20, 0x20, 0x20, 0x5f, 0x35, 0x34, // .            _54
	0x33, 0x20, 0x3d, 0x20, 0x5f, 0x35, 0x34, 0x32, 0x3b, 0x0a, 0x20, 0x20, 0x20, 0x20, 0x20, 0x20, // 3 = _542;.      
	0x20, 0x20, 0x7d, 0x0a, 0x20, 0x20, 0x20, 0x20, 0x20, 0x20, 0x20, 0x20, 0x69, 0x66, 0x20, 0x28, //   }.        if (
	0x5f, 0x38, 0x34, 0x20, 0x3d, 0x3d, 0x20, 0x33, 0x75, 0x29, 0x0a, 0x20, 0x20, 0x20, 0x20, 0x20, // _84 == 3u).     
	0x20, 0x20, 0x20, 0x7b, 0x0a, 0x20, 0x20, 0x20, 0x20, 0x20, 0x20, 0x20, 0x20, 0x20, 0x20, 0x20, //    {.           
	0x20, 0x62, 0x72, 0x65, 0x61, 0x6b, 0x3b, 0x0a, 0x20, 0x20, 0x20, 0x20, 0x20, 0x20, 0x20, 0x20, //  break;.        
	0x7d, 0x0a, 0x20, 0x20, 0x20, 0x20, 0x20, 0x20, 0x20, 0x20, 0x62, 0x61, 0x72, 0x72, 0x69, 0x65, // }.        barrie
	0x72, 0x28, 0x29, 0x3b, 0x0a, 0x20, 0x20, 0x20, 0x20, 0x20, 0x20, 0x20, 0x20, 0x69, 0x66, 0x20, // r();.        if 
	0x28, 0x67, 0x6c, 0x5f, 0x4c, 0x6f, 0x63, 0x61, 0x6c, 0x49, 0x6e, 0x76, 0x6f, 0x63, 0x61, 0x74, // (gl_LocalInvocat
	0x69, 0x6f, 0x6e, 0x49, 0x6e, 0x64, 0x65, 0x78, 0x20, 0x3d, 0x3d, 0x20, 0x30, 0x75, 0x29, 0x0a, // ionIndex == 0u).
	0x20, 0x20, 0x20, 0x20, 0x20, 0x20, 0x20, 0x20, 0x7b, 0x0a, 0x20, 0x20, 0x20, 0x20, 0x20, 0x20, //         {.      
	0x20, 0x20, 0x20, 0x20, 0x20, 0x20, 0x75, 0x69, 0x6e, 0x74, 0x20, 0x5f, 0x32, 0x38, 0x31, 0x20, //       uint _281 
	0x3d, 0x20, 0x67, 0x6c, 0x5f, 0x4c, 0x6f, 0x63, 0x61, 0x6c, 0x49, 0x6e, 0x76, 0x6f, 0x63, 0x61, // = gl_LocalInvoca
	0x74, 0x69, 0x6f, 0x6e, 0x49, 0x6e, 0x64, 0x65, 0x78, 0x20, 0x2b, 0x20, 0x34, 0x75, 0x3b, 0x0a, // tionIndex + 4u;.
	0x20, 0x20, 0x20, 0x20, 0x20, 0x20, 0x20, 0x20, 0x20, 0x20, 0x20, 0x20, 0x75, 0x69, 0x6e, 0x74, //             uint
	0x20, 0x5f, 0x32, 0x38, 0x37, 0x20, 0x3d, 0x20, 0x67, 0x6c, 0x5f, 0x4c, 0x6f, 0x63, 0x61, 0x6c, //  _287 = gl_Local
	0x49, 0x6e, 0x76, 0x6f, 0x63, 0x61, 0x74, 0x69, 0x6f, 0x6e, 0x49, 0x6e, 0x64, 0x65, 0x78, 0x20, // InvocationIndex 
	0x2b, 0x20, 0x33, 0x32, 0x75, 0x3b, 0x0a, 0x20, 0x20, 0x20, 0x20, 0x20, 0x20, 0x20, 0x20, 0x20, // + 32u;.         
	0x20, 0x20, 0x20, 0x75, 0x69, 0x6e, 0x74, 0x20, 0x5f, 0x32, 0x39, 0x33, 0x20, 0x3d, 0x20, 0x67, //    uint _293 = g
	0x6c, 0x5f, 0x4c, 0x6f, 0x63, 0x61, 0x6c, 0x49, 0x6e, 0x76, 0x6f, 0x63, 0x61, 0x74, 0x69, 0x6f, // l_LocalInvocatio
	0x6e, 0x49, 0x6e, 0x64, 0x65, 0x78, 0x20, 0x2b, 0x20, 0x33, 0x36, 0x75, 0x3b, 0x0a, 0x20, 0x20, // nIndex + 36u;.  
	0x20, 0x20, 0x20, 0x20, 0x20, 0x20, 0x20, 0x20, 0x20, 0x20, 0x69, 0x6d, 0x61, 0x67, 0x65, 0x53, //           imageS
	0x74, 0x6f, 0x72, 0x65, 0x28, 0x73, 0x5f, 0x69, 0x6d, 0x67, 0x4d, 0x69, 0x70, 0x34, 0x2c, 0x20, // tore(s_imgMip4, 
	0x69, 0x76, 0x65, 0x63, 0x33, 0x28, 0x69, 0x76, 0x65, 0x63, 0x32, 0x28, 0x67, 0x6c, 0x5f, 0x47, // ivec3(ivec2(gl_G
	0x6c, 0x6f, 0x62, 0x61, 0x6c, 0x49, 0x6e, 0x76, 0x6f, 0x63, 0x61, 0x74, 0x69, 0x6f, 0x6e, 0x49, // lobalInvocationI
	0x44, 0x2e, 0x78, 0x79, 0x20, 0x2f, 0x20, 0x75, 0x76, 0x65, 0x63, 0x32, 0x28, 0x38, 0x75, 0x29, // D.xy / uvec2(8u)
	0x29, 0x2c, 0x20, 0x5f, 0x31, 0x34, 0x39, 0x29, 0x2c, 0x20, 0x28, 0x28, 0x28, 0x5f, 0x35, 0x34, // ), _149), (((_54
	0x33, 0x20, 0x2b, 0x20, 0x76, 0x65, 0x63, 0x34, 0x28, 0x67, 0x73, 0x5f, 0x52, 0x5b, 0x5f, 0x32, // 3 + vec4(gs_R[_2
	0x38, 0x31, 0x5d, 0x2c, 0x20, 0x67, 0x73, 0x5f, 0x47, 0x5b, 0x5f, 0x32, 0x38, 0x31, 0x5d, 0x2c, // 81], gs_G[_281],
	0x20, 0x67, 0x73, 0x5f, 0x42, 0x5b, 0x5f, 0x32, 0x38, 0x31, 0x5d, 0x2c, 0x20, 0x67, 0x73, 0x5f, //  gs_B[_281], gs_
	0x41, 0x5b, 0x5f, 0x32, 0x38, 0x31, 0x5d, 0x29, 0x29, 0x20, 0x2b, 0x20, 0x76, 0x65, 0x63, 0x34, // A[_281])) + vec4
	0x28, 0x67, 0x73, 0x5f, 0x52, 0x5b, 0x5f, 0x32, 0x38, 0x37, 0x5d, 0x2c, 0x20, 0x67, 0x73, 0x5f, // (gs_R[_287], gs_
	0x47, 0x5b, 0x5f, 0x32, 0x38, 0x37, 0x5d, 0x2c, 0x20, 0x67, 0x73, 0x5f, 0x42, 0x5b, 0x5f, 0x32, // G[_287], gs_B[_2
	0x38, 0x37, 0x5d, 0x2c, 0x20, 0x67, 0x73, 0x5f, 0x41, 0x5b, 0x5f, 0x32, 0x38, 0x37, 0x5d, 0x29, // 87], gs_A[_287])
	0x29, 0x20, 0x2b, 0x20, 0x76, 0x65, 0x63, 0x34, 0x28, 0x67, 0x73, 0x5f, 0x52, 0x5b, 0x5f, 0x32, // ) + vec4(gs_R[_2
	0x39, 0x33, 0x5d, 0x2c, 0x20, 0x67, 0x73, 0x5f, 0x47, 0x5b, 0x5f, 0x32, 0x39, 0x33, 0x5d, 0x2c, // 93], gs_G[_293],
	0x20, 0x67, 0x73, 0x5f, 0x42, 0x5b, 0x5f, 0x32, 0x39, 0x33, 0x5d, 0x2c, 0x20, 0x67, 0x73, 0x5f, //  gs_B[_293], gs_
	0x41, 0x5b, 0x5f, 0x32, 0x39, 0x33, 0x5d, 0x29, 0x29, 0x20, 0x2a, 0x20, 0x30, 0x2e, 0x32, 0x35, // A[_293])) * 0.25
	0x29, 0x3b, 0x0a, 0x20, 0x20, 0x20, 0x20, 0x20, 0x20, 0x20, 0x20, 0x7d, 0x0a, 0x20, 0x20, 0x20, // );.        }.   
	0x20, 0x20, 0x20, 0x20, 0x20, 0x62, 0x72, 0x65, 0x61, 0x6b, 0x3b, 0x0a, 0x20, 0x20, 0x20, 0x20, //      break;.    
	0x7d, 0x20, 0x77, 0x68, 0x69, 0x6c, 0x65, 0x28, 0x66, 0x61, 0x6c, 0x73, 0x65, 0x29, 0x3b, 0x0a, // } while(false);.
	0x7d, 0x0a, 0x0a, 0x00,                                                                         // }...
};
static const uint8_t cs_mipgen_oddy_essl[4642] =
{
	0x43, 0x53, 0x48, 0x0c, 0x00, 0x00, 0x00, 0x00, 0x00, 0x00, 0x00, 0x00, 0x00, 0x00, 0x00, 0x00, // CSH.............
	0x00, 0x00, 0x00, 0x00, 0x02, 0x00, 0x0b, 0x62, 0x67, 0x66, 0x78, 0x5f, 0x6d, 0x69, 0x70, 0x47, // .......bgfx_mipG
	0x65, 0x6e, 0x02, 0x01, 0x00, 0x00, 0x01, 0x00, 0x00, 0x00, 0x00, 0x00, 0x0e, 0x62, 0x67, 0x66, // en...........bgf
	0x78, 0x5f, 0x74, 0x65, 0x78, 0x4d, 0x69, 0x70, 0x53, 0x72, 0x63, 0x00, 0x01, 0x00, 0x00, 0x01, // x_texMipSrc.....
	0x00, 0x00, 0x03, 0x00, 0x00, 0xd8, 0x11, 0x00, 0x00, 0x6c, 0x61, 0x79, 0x6f, 0x75, 0x74, 0x28, // .........layout(
	0x6c, 0x6f, 0x63, 0x61, 0x6c, 0x5f, 0x73, 0x69, 0x7a, 0x65, 0x5f, 0x78, 0x20, 0x3d, 0x20, 0x38, // local_size_x = 8
	0x2c, 0x20, 0x6c, 0x6f, 0x63, 0x61, 0x6c, 0x5f, 0x73, 0x69, 0x7a, 0x65, 0x5f, 0x79, 0x20, 0x3d, // , local_size_y =
	0x20, 0x38, 0x2c, 0x20, 0x6c, 0x6f, 0x63, 0x61, 0x6c, 0x5f, 0x73, 0x69, 0x7a, 0x65, 0x5f, 0x7a, //  8, local_size_z
	0x20, 0x3d, 0x20, 0x31, 0x29, 0x20, 0x69, 0x6e, 0x3b, 0x0a, 0x0a, 0x75, 0x6e, 0x69, 0x66, 0x6f, //  = 1) in;..unifo
	0x72, 0x6d, 0x20, 0x76, 0x65, 0x63, 0x34, 0x20, 0x62, 0x67, 0x66, 0x78, 0x5f, 0x6d, 0x69, 0x70, // rm vec4 bgfx_mip
	0x47, 0x65, 0x6e, 0x3b, 0x0a, 0x75, 0x6e, 0x69, 0x66, 0x6f, 0x72, 0x6d, 0x20, 0x68, 0x69, 0x67, // Gen;.uniform hig
	0x68, 0x70, 0x20, 0x73, 0x61, 0x6d, 0x70, 0x6c, 0x65, 0x72, 0x32, 0x44, 0x41, 0x72, 0x72, 0x61, // hp sampler2DArra
	0x79, 0x20, 0x62, 0x67, 0x66, 0x78, 0x5f, 0x74, 0x65, 0x78, 0x4d, 0x69, 0x70, 0x53, 0x72, 0x63, // y bgfx_texMipSrc
	0x3b, 0x0a, 0x6c, 0x61, 0x79, 0x6f, 0x75, 0x74, 0x28, 0x6c, 0x6f, 0x63, 0x61, 0x74, 0x69, 0x6f, // ;.layout(locatio
	0x6e, 0x20, 0x3d, 0x20, 0x30, 0x2c, 0x20, 0x62, 0x69, 0x6e, 0x64, 0x69, 0x6e, 0x67, 0x20, 0x3d, // n = 0, binding =
	0x20, 0x30, 0x2c, 0x20, 0x72, 0x67, 0x62, 0x61, 0x38, 0x29, 0x20, 0x75, 0x6e, 0x69, 0x66, 0x6f, //  0, rgba8) unifo
	0x72, 0x6d, 0x20, 0x77, 0x72, 0x69, 0x74, 0x65, 0x6f, 0x6e, 0x6c, 0x79, 0x20, 0x68, 0x69, 0x67, // rm writeonly hig
	0x68, 0x70, 0x20, 0x69, 0x6d, 0x61, 0x67, 0x65, 0x32, 0x44, 0x41, 0x72, 0x72, 0x61, 0x79, 0x20, // hp image2DArray 
	0x73, 0x5f, 0x69, 0x6d, 0x67, 0x4d, 0x69, 0x70, 0x31, 0x3b, 0x0a, 0x6c, 0x61, 0x79, 0x6f, 0x75, // s_imgMip1;.layou
	0x74, 0x28, 0x6c, 0x6f, 0x63, 0x61, 0x74, 0x69, 0x6f, 0x6e, 0x20, 0x3d, 0x20, 0x31, 0x2c, 0x20, // t(location = 1, 
	0x62, 0x69, 0x6e, 0x64, 0x69, 0x6e, 0x67, 0x20, 0x3d, 0x20, 0x31, 0x2c, 0x20, 0x72, 0x67, 0x62, // binding = 1, rgb
	0x61, 0x38, 0x29, 0x20, 0x75, 0x6e, 0x69, 0x66, 0x6f, 0x72, 0x6d, 0x20, 0x77, 0x72, 0x69, 0x74, // a8) uniform writ
	0x65, 0x6f, 0x6e, 0x6c, 0x79, 0x20, 0x68, 0x69, 0x67, 0x68, 0x70, 0x20, 0x69, 0x6d, 0x61, 0x67, // eonly highp imag
	0x65, 0x32, 0x44, 0x41, 0x72, 0x72, 0x61, 0x79, 0x20, 0x73, 0x5f, 0x69, 0x6d, 0x67, 0x4d, 0x69, // e2DArray s_imgMi
	0x70, 0x32, 0x3b, 0x0a, 0x6c, 0x61, 0x79, 0x6f, 0x75, 0x74, 0x28, 0x6c, 0x6f, 0x63, 0x61, 0x74, // p2;.layout(locat
	0x69, 0x6f, 0x6e, 0x20, 0x3d, 0x20, 0x32, 0x2c, 0x20, 0x62, 0x69, 0x6e, 0x64, 0x69, 0x6e, 0x67, // ion = 2, binding
	0x20, 0x3d, 0x20, 0x32, 0x2c, 0x20, 0x72, 0x67, 0x62, 0x61, 0x38, 0x29, 0x20, 0x75, 0x6e, 0x69, //  = 2, rgba8) uni
	0x66, 0x6f, 0x72, 0x6d, 0x20, 0x77, 0x72, 0x69, 0x74, 0x65, 0x6f, 0x6e, 0x6c, 0x79, 0x20, 0x68, // form writeonly h
	0x69, 0x67, 0x68, 0x70, 0x20, 0x69, 0x6d, 0x61, 0x67, 0x65, 0x32, 0x44, 0x41, 0x72, 0x72, 0x61, // ighp image2DArra
	0x79, 0x20, 0x73, 0x5f, 0x69, 0x6d, 0x67, 0x4d, 0x69, 0x70, 0x33, 0x3b, 0x0a, 0x6c, 0x61, 0x79, // y s_imgMip3;.lay
	0x6f, 0x75, 0x74, 0x28, 0x6c, 0x6f, 0x63, 0x61, 0x74, 0x69, 0x6f, 0x6e, 0x20, 0x3d, 0x20, 0x33, // out(location = 3
	0x2c, 0x20, 0x62, 0x69, 0x6e, 0x64, 0x69, 0x6e, 0x67, 0x20, 0x3d, 0x20, 0x33, 0x2c, 0x20, 0x72, // , binding = 3, r
	0x67, 0x62, 0x61, 0x38, 0x29, 0x20, 0x75, 0x6e, 0x69, 0x66, 0x6f, 0x72, 0x6d, 0x20, 0x77, 0x72, // gba8) uniform wr
	0x69, 0x74, 0x65, 0x6f, 0x6e, 0x6c, 0x79, 0x20, 0x68, 0x69, 0x67, 0x68, 0x70, 0x20, 0x69, 0x6d, // iteonly highp im
	0x61, 0x67, 0x65, 0x32, 0x44, 0x41, 0x72, 0x72, 0x61, 0x79, 0x20, 0x73, 0x5f, 0x69, 0x6d, 0x67, // age2DArray s_img
	0x4d, 0x69, 0x70, 0x34, 0x3b, 0x0a, 0x0a, 0x73, 0x68, 0x61, 0x72, 0x65, 0x64, 0x20, 0x66, 0x6c, // Mip4;..shared fl
	0x6f, 0x61, 0x74, 0x20, 0x67, 0x73, 0x5f, 0x52, 0x5b, 0x36, 0x34, 0x5d, 0x3b, 0x0a, 0x73, 0x68, // oat gs_R[64];.sh
	0x61, 0x72, 0x65, 0x64, 0x20, 0x66, 0x6c, 0x6f, 0x61, 0x74, 0x20, 0x67, 0x73, 0x5f, 0x47, 0x5b, // ared float gs_G[
	0x36, 0x34, 0x5d, 0x3b, 0x0a, 0x73, 0x68, 0x61, 0x72, 0x65, 0x64, 0x20, 0x66, 0x6c, 0x6f, 0x61, // 64];.shared floa
	0x74, 0x20, 0x67, 0x73, 0x5f, 0x42, 0x5b, 0x36, 0x34, 0x5d, 0x3b, 0x0a, 0x73, 0x68, 0x61, 0x72, // t gs_B[64];.shar
	0x65, 0x64, 0x20, 0x66, 0x6c, 0x6f, 0x61, 0x74, 0x20, 0x67, 0x73, 0x5f, 0x41, 0x5b, 0x36, 0x34, // ed float gs_A[64
	0x5d, 0x3b, 0x0a, 0x0a, 0x76, 0x6f, 0x69, 0x64, 0x20, 0x6d, 0x61, 0x69, 0x6e, 0x28, 0x29, 0x0a, // ];..void main().
	0x7b, 0x0a, 0x20, 0x20, 0x20, 0x20, 0x64, 0x6f, 0x0a, 0x20, 0x20, 0x20, 0x20, 0x7b, 0x0a, 0x20, // {.    do.    {. 
	0x20, 0x20, 0x20, 0x20, 0x20, 0x20, 0x20, 0x75, 0x69, 0x6e, 0x74, 0x20, 0x5f, 0x38, 0x34, 0x20, //        uint _84 
	0x3d, 0x20, 0x75, 0x69, 0x6e, 0x74, 0x28, 0x62, 0x67, 0x66, 0x78, 0x5f, 0x6d, 0x69, 0x70, 0x47, // = uint(bgfx_mipG
	0x65, 0x6e, 0x2e, 0x79, 0x29, 0x3b, 0x0a, 0x20, 0x20, 0x20, 0x20, 0x20, 0x20, 0x20, 0x20, 0x76, // en.y);.        v
	0x65, 0x63, 0x32, 0x20, 0x5f, 0x31, 0x30, 0x33, 0x20, 0x3d, 0x20, 0x62, 0x67, 0x66, 0x78, 0x5f, // ec2 _103 = bgfx_
	0x6d, 0x69, 0x70, 0x47, 0x65, 0x6e, 0x2e, 0x7a, 0x77, 0x20, 0x2a, 0x20, 0x28, 0x76, 0x65, 0x63, // mipGen.zw * (vec
	0x32, 0x28, 0x67, 0x6c, 0x5f, 0x47, 0x6c, 0x6f, 0x62, 0x61, 0x6c, 0x49, 0x6e, 0x76, 0x6f, 0x63, // 2(gl_GlobalInvoc
	0x61, 0x74, 0x69, 0x6f, 0x6e, 0x49, 0x44, 0x2e, 0x78, 0x79, 0x29, 0x20, 0x2b, 0x20, 0x76, 0x65, // ationID.xy) + ve
	0x63, 0x32, 0x28, 0x30, 0x2e, 0x35, 0x2c, 0x20, 0x30, 0x2e, 0x32, 0x35, 0x29, 0x29, 0x3b, 0x0a, // c2(0.5, 0.25));.
	0x20, 0x20, 0x20, 0x20, 0x20, 0x20, 0x20, 0x20, 0x66, 0x6c, 0x6f, 0x61, 0x74, 0x20, 0x5f, 0x31, //         float _1
	0x31, 0x37, 0x20, 0x3d, 0x20, 0x66, 0x6c, 0x6f, 0x61, 0x74, 0x28, 0x67, 0x6c, 0x5f, 0x47, 0x6c, // 17 = float(gl_Gl
	0x6f, 0x62, 0x61, 0x6c, 0x49, 0x6e, 0x76, 0x6f, 0x63, 0x61, 0x74, 0x69, 0x6f, 0x6e, 0x49, 0x44, // obalInvocationID
	0x2e, 0x7a, 0x29, 0x3b, 0x0a, 0x20, 0x20, 0x20, 0x20, 0x20, 0x20, 0x20, 0x20, 0x66, 0x6c, 0x6f, // .z);.        flo
	0x61, 0x74, 0x20, 0x5f, 0x31, 0x32, 0x33, 0x20, 0x3d, 0x20, 0x66, 0x6c, 0x6f, 0x61, 0x74, 0x28, // at _123 = float(
	0x75, 0x69, 0x6e, 0x74, 0x28, 0x62, 0x67, 0x66, 0x78, 0x5f, 0x6d, 0x69, 0x70, 0x47, 0x65, 0x6e, // uint(bgfx_mipGen
	0x2e, 0x78, 0x29, 0x29, 0x3b, 0x0a, 0x20, 0x20, 0x20, 0x20, 0x20, 0x20, 0x20, 0x20, 0x76, 0x65, // .x));.        ve
	0x63, 0x34, 0x20, 0x5f, 0x31, 0x33, 0x38, 0x20, 0x3d, 0x20, 0x28, 0x74, 0x65, 0x78, 0x74, 0x75, // c4 _138 = (textu
	0x72, 0x65, 0x4c, 0x6f, 0x64, 0x28, 0x62, 0x67, 0x66, 0x78, 0x5f, 0x74, 0x65, 0x78, 0x4d, 0x69, // reLod(bgfx_texMi
	0x70, 0x53, 0x72, 0x63, 0x2c, 0x20, 0x76, 0x65, 0x63, 0x33, 0x28, 0x5f, 0x31, 0x30, 0x33, 0x2c, // pSrc, vec3(_103,
	0x20, 0x5f, 0x31, 0x31, 0x37, 0x29, 0x2c, 0x20, 0x5f, 0x31, 0x32, 0x33, 0x29, 0x20, 0x2b, 0x20, //  _117), _123) + 
	0x74, 0x65, 0x78, 0x74, 0x75, 0x72, 0x65, 0x4c, 0x6f, 0x64, 0x28, 0x62, 0x67, 0x66, 0x78, 0x5f, // textureLod(bgfx_
	0x74, 0x65, 0x78, 0x4d, 0x69, 0x70, 0x53, 0x72, 0x63, 0x2c, 0x20, 0x76, 0x65, 0x63, 0x33, 0x28, // texMipSrc, vec3(
	0x5f, 0x31, 0x30, 0x33, 0x20, 0x2b, 0x20, 0x28, 0x62, 0x67, 0x66, 0x78, 0x5f, 0x6d, 0x69, 0x70, // _103 + (bgfx_mip
	0x47, 0x65, 0x6e, 0x2e, 0x7a, 0x77, 0x20, 0x2a, 0x20, 0x76, 0x65, 0x63, 0x32, 0x28, 0x30, 0x2e, // Gen.zw * vec2(0.
	0x30, 0x2c, 0x20, 0x30, 0x2e, 0x35, 0x29, 0x29, 0x2c, 0x20, 0x5f, 0x31, 0x31, 0x37, 0x29, 0x2c, // 0, 0.5)), _117),
	0x20, 0x5f, 0x31, 0x32, 0x33, 0x29, 0x29, 0x20, 0x2a, 0x20, 0x30, 0x2e, 0x35, 0x3b, 0x0a, 0x20, //  _123)) * 0.5;. 
	0x20, 0x20, 0x20, 0x20, 0x20, 0x20, 0x20, 0x69, 0x6e, 0x74, 0x20, 0x5f, 0x31, 0x34, 0x39, 0x20, //        int _149 
	0x3d, 0x20, 0x69, 0x6e, 0x74, 0x28, 0x67, 0x6c, 0x5f, 0x47, 0x6c, 0x6f, 0x62, 0x61, 0x6c, 0x49, // = int(gl_GlobalI
	0x6e, 0x76, 0x6f, 0x63, 0x61, 0x74, 0x69, 0x6f, 0x6e, 0x49, 0x44, 0x2e, 0x7a, 0x29, 0x3b, 0x0a, // nvocationID.z);.
	0x20, 0x20, 0x20, 0x20, 0x20, 0x20, 0x20, 0x20, 0x69, 0x6d, 0x61, 0x67, 0x65, 0x53, 0x74, 0x6f, //         imageSto
	0x72, 0x65, 0x28, 0x73, 0x5f, 0x69, 0x6d, 0x67, 0x4d, 0x69, 0x70, 0x31, 0x2c, 0x20, 0x69, 0x76, // re(s_imgMip1, iv
	0x65, 0x63, 0x33, 0x28, 0x69, 0x76, 0x65, 0x63, 0x32, 0x28, 0x67, 0x6c, 0x5f, 0x47, 0x6c, 0x6f, // ec3(ivec2(gl_Glo
	0x62, 0x61, 0x6c, 0x49, 0x6e, 0x76, 0x6f, 0x63, 0x61, 0x74, 0x69, 0x6f, 0x6e, 0x49, 0x44, 0x2e, // balInvocationID.
	0x78, 0x79, 0x29, 0x2c, 0x20, 0x5f, 0x31, 0x34, 0x39, 0x29, 0x2c, 0x20, 0x5f, 0x31, 0x33, 0x38, // xy), _149), _138
	0x29, 0x3b, 0x0a, 0x20, 0x20, 0x20, 0x20, 0x20, 0x20, 0x20, 0x20, 0x69, 0x66, 0x20, 0x28, 0x5f, // );.        if (_
	0x38, 0x34, 0x20, 0x3d, 0x3d, 0x20, 0x31, 0x75, 0x29, 0x0a, 0x20, 0x20, 0x20, 0x20, 0x20, 0x20, // 84 == 1u).      
	0x20, 0x20, 0x7b, 0x0a, 0x20, 0x20, 0x20, 0x20, 0x20, 0x20, 0x20, 0x20, 0x20, 0x20, 0x20, 0x20, //   {.            
	0x62, 0x72, 0x65, 0x61, 0x6b, 0x3b, 0x0a, 0x20, 0x20, 0x20, 0x20, 0x20, 0x20, 0x20, 0x20, 0x7d, // break;.        }
	0x0a, 0x20, 0x20, 0x20, 0x20, 0x20, 0x20, 0x20, 0x20, 0x67, 0x73, 0x5f, 0x52, 0x5b, 0x67, 0x6c, // .        gs_R[gl
	0x5f, 0x4c, 0x6f, 0x63, 0x61, 0x6c, 0x49, 0x6e, 0x76, 0x6f, 0x63, 0x61, 0x74, 0x69, 0x6f, 0x6e, // _LocalInvocation
	0x49, 0x6e, 0x64, 0x65, 0x78, 0x5d, 0x20, 0x3d, 0x20, 0x5f, 0x31, 0x33, 0x38, 0x2e, 0x78, 0x3b, // Index] = _138.x;
	0x0a, 0x20, 0x20, 0x20, 0x20, 0x20, 0x20, 0x20, 0x20, 0x67, 0x73, 0x5f, 0x47, 0x5b, 0x67, 0x6c, // .        gs_G[gl
	0x5f, 0x4c, 0x6f, 0x63, 0x61, 0x6c, 0x49, 0x6e, 0x76, 0x6f, 0x63, 0x61, 0x74, 0x69, 0x6f, 0x6e, // _LocalInvocation
	0x49, 0x6e, 0x64, 0x65, 0x78, 0x5d, 0x20, 0x3d, 0x20, 0x5f, 0x31, 0x33, 0x38, 0x2e, 0x79, 0x3b, // Index] = _138.y;
	0x0a, 0x20, 0x20, 0x20, 0x20, 0x20, 0x20, 0x20, 0x20, 0x67, 0x73, 0x5f, 0x42, 0x5b, 0x67, 0x6c, // .        gs_B[gl
	0x5f, 0x4c, 0x6f, 0x63, 0x61, 0x6c, 0x49, 0x6e, 0x76, 0x6f, 0x63, 0x61, 0x74, 0x69, 0x6f, 0x6e, // _LocalInvocation
	0x49, 0x6e, 0x64, 0x65, 0x78, 0x5d, 0x20, 0x3d, 0x20, 0x5f, 0x31, 0x33, 0x38, 0x2e, 0x7a, 0x3b, // Index] = _138.z;
	0x0a, 0x20, 0x20, 0x20, 0x20, 0x20, 0x20, 0x20, 0x20, 0x67, 0x73, 0x5f, 0x41, 0x5b, 0x67, 0x6c, // .        gs_A[gl
	0x5f, 0x4c, 0x6f, 0x63, 0x61, 0x6c, 0x49, 0x6e, 0x76, 0x6f, 0x63, 0x61, 0x74, 0x69, 0x6f, 0x6e, // _LocalInvocation
	0x49, 0x6e, 0x64, 0x65, 0x78, 0x5d, 0x20, 0x3d, 0x20, 0x5f, 0x31, 0x33, 0x38, 0x2e, 0x77, 0x3b, // Index] = _138.w;
	0x0a, 0x20, 0x20, 0x20, 0x20, 0x20, 0x20, 0x20, 0x20, 0x62, 0x61, 0x72, 0x72, 0x69, 0x65, 0x72, // .        barrier
	0x28, 0x29, 0x3b, 0x0a, 0x20, 0x20, 0x20, 0x20, 0x20, 0x20, 0x20, 0x20, 0x76, 0x65, 0x63, 0x34, // ();.        vec4
	0x20, 0x5f, 0x35, 0x34, 0x32, 0x3b, 0x0a, 0x20, 0x20, 0x20, 0x20, 0x20, 0x20, 0x20, 0x20, 0x69, //  _542;.        i
	0x66, 0x20, 0x28, 0x28, 0x67, 0x6c, 0x5f, 0x4c, 0x6f, 0x63, 0x61, 0x6c, 0x49, 0x6e, 0x76, 0x6f, // f ((gl_LocalInvo
	0x63, 0x61, 0x74, 0x69, 0x6f, 0x6e, 0x49, 0x6e, 0x64, 0x65, 0x78, 0x20, 0x26, 0x20, 0x39, 0x75, // cationIndex & 9u
	0x29, 0x20, 0x3d, 0x3d, 0x20, 0x30, 0x75, 0x29, 0x0a, 0x20, 0x20, 0x20, 0x20, 0x20, 0x20, 0x20, // ) == 0u).       
	0x20, 0x7b, 0x0a, 0x20, 0x20, 0x20, 0x20, 0x20, 0x20, 0x20, 0x20, 0x20, 0x20, 0x20, 0x20, 0x75, //  {.            u
	0x69, 0x6e, 0x74, 0x20, 0x5f, 0x31, 0x37, 0x35, 0x20, 0x3d, 0x20, 0x67, 0x6c, 0x5f, 0x4c, 0x6f, // int _175 = gl_Lo
	0x63, 0x61, 0x6c, 0x49, 0x6e, 0x76, 0x6f, 0x63, 0x61, 0x74, 0x69, 0x6f, 0x6e, 0x49, 0x6e, 0x64, // calInvocationInd
	0x65, 0x78, 0x20, 0x2b, 0x20, 0x31, 0x75, 0x3b, 0x0a, 0x20, 0x20, 0x20, 0x20, 0x20, 0x20, 0x20, // ex + 1u;.       
	0x20, 0x20, 0x20, 0x20, 0x20, 0x66, 0x6c, 0x6f, 0x61, 0x74, 0x20, 0x5f, 0x33, 0x36, 0x34, 0x20, //      float _364 
	0x3d, 0x20, 0x67, 0x73, 0x5f, 0x52, 0x5b, 0x5f, 0x31, 0x37, 0x35, 0x5d, 0x3b, 0x0a, 0x20, 0x20, // = gs_R[_175];.  
	0x20, 0x20, 0x20, 0x20, 0x20, 0x20, 0x20, 0x20, 0x20, 0x20, 0x66, 0x6c, 0x6f, 0x61, 0x74, 0x20, //           float 
	0x5f, 0x33, 0x36, 0x37, 0x20, 0x3d, 0x20, 0x67, 0x73, 0x5f, 0x47, 0x5b, 0x5f, 0x31, 0x37, 0x35, // _367 = gs_G[_175
	0x5d, 0x3b, 0x0a, 0x20, 0x20, 0x20, 0x20, 0x20, 0x20, 0x20, 0x20, 0x20, 0x20, 0x20, 0x20, 0x66, // ];.            f
	0x6c, 0x6f, 0x61, 0x74, 0x20, 0x5f, 0x33, 0x37, 0x30, 0x20, 0x3d, 0x20, 0x67, 0x73, 0x5f, 0x42, // loat _370 = gs_B
	0x5b, 0x5f, 0x31, 0x37, 0x35, 0x5d, 0x3b, 0x0a, 0x20, 0x20, 0x20, 0x20, 0x20, 0x20, 0x20, 0x20, // [_175];.        
	0x20, 0x20, 0x20, 0x20, 0x66, 0x6c, 0x6f, 0x61, 0x74, 0x20, 0x5f, 0x33, 0x37, 0x33, 0x20, 0x3d, //     float _373 =
	0x20, 0x67, 0x73, 0x5f, 0x41, 0x5b, 0x5f, 0x31, 0x37, 0x35, 0x5d, 0x3b, 0x0a, 0x20, 0x20, 0x20, //  gs_A[_175];.   
	0x20, 0x20, 0x20, 0x20, 0x20, 0x20, 0x20, 0x20, 0x20, 0x75, 0x69, 0x6e, 0x74, 0x20, 0x5f, 0x31, //          uint _1
	0x38, 0x31, 0x20, 0x3d, 0x20, 0x67, 0x6c, 0x5f, 0x4c, 0x6f, 0x63, 0x61, 0x6c, 0x49, 0x6e, 0x76, // 81 = gl_LocalInv
	0x6f, 0x63, 0x61, 0x74, 0x69, 0x6f, 0x6e, 0x49, 0x6e, 0x64, 0x65, 0x78, 0x20, 0x2b, 0x20, 0x38, // ocationIndex + 8
	0x75, 0x3b, 0x0a, 0x20, 0x20, 0x20, 0x20, 0x20, 0x20, 0x20, 0x20, 0x20, 0x20, 0x20, 0x20, 0x66, // u;.            f
	0x6c, 0x6f, 0x61, 0x74, 0x20, 0x5f, 0x33, 0x37, 0x39, 0x20, 0x3d, 0x20, 0x67, 0x73, 0x5f, 0x52, // loat _379 = gs_R
	0x5b, 0x5f, 0x31, 0x38, 0x31, 0x5d, 0x3b, 0x0a, 0x20, 0x20, 0x20, 0x20, 0x20, 0x20, 0x20, 0x20, // [_181];.        
	0x20, 0x20, 0x20, 0x20, 0x66, 0x6c, 0x6f, 0x61, 0x74, 0x20, 0x5f, 0x33, 0x38, 0x32, 0x20, 0x3d, //     float _382 =
	0x20, 0x67, 0x73, 0x5f, 0x47, 0x5b, 0x5f, 0x31, 0x38, 0x31, 0x5d, 0x3b, 0x0a, 0x20, 0x20, 0x20, //  gs_G[_181];.   
	0x20, 0x20, 0x20, 0x20, 0x20, 0x20, 0x20, 0x20, 0x20, 0x66, 0x6c, 0x6f, 0x61, 0x74, 0x20, 0x5f, //          float _
	0x33, 0x38, 0x35, 0x20, 0x3d, 0x20, 0x67, 0x73, 0x5f, 0x42, 0x5b, 0x5f, 0x31, 0x38, 0x31, 0x5d, // 385 = gs_B[_181]
	0x3b, 0x0a, 0x20, 0x20, 0x20, 0x20, 0x20, 0x20, 0x20, 0x20, 0x20, 0x20, 0x20, 0x20, 0x66, 0x6c, // ;.            fl
	0x6f, 0x61, 0x74, 0x20, 0x5f, 0x33, 0x38, 0x38, 0x20, 0x3d, 0x20, 0x67, 0x73, 0x5f, 0x41, 0x5b, // oat _388 = gs_A[
	0x5f, 0x31, 0x38, 0x31, 0x5d, 0x3b, 0x0a, 0x20, 0x20, 0x20, 0x20, 0x20, 0x20, 0x20, 0x20, 0x20, // _181];.         
	0x20, 0x20, 0x20, 0x75, 0x69, 0x6e, 0x74, 0x20, 0x5f, 0x31, 0x38, 0x36, 0x20, 0x3d, 0x20, 0x67, //    uint _186 = g
	0x6c, 0x5f, 0x4c, 0x6f, 0x63, 0x61, 0x6c, 0x49, 0x6e, 0x76, 0x6f, 0x63, 0x61, 0x74, 0x69, 0x6f, // l_LocalInvocatio
	0x6e, 0x49, 0x6e, 0x64, 0x65, 0x78, 0x20, 0x2b, 0x20, 0x39, 0x75, 0x3b, 0x0a, 0x20, 0x20, 0x20, // nIndex + 9u;.   
	0x20, 0x20, 0x20, 0x20, 0x20, 0x20, 0x20, 0x20, 0x20, 0x66, 0x6c, 0x6f, 0x61, 0x74, 0x20, 0x5f, //          float _
	0x33, 0x39, 0x34, 0x20, 0x3d, 0x20, 0x67, 0x73, 0x5f, 0x52, 0x5b, 0x5f, 0x31, 0x38, 0x36, 0x5d, // 394 = gs_R[_186]
	0x3b, 0x0a, 0x20, 0x20, 0x20, 0x20, 0x20, 0x20, 0x20, 0x20, 0x20, 0x20, 0x20, 0x20, 0x66, 0x6c, // ;.            fl
	0x6f, 0x61, 0x74, 0x20, 0x5f, 0x33, 0x39, 0x37, 0x20, 0x3d, 0x20, 0x67, 0x73, 0x5f, 0x47, 0x5b, // oat _397 = gs_G[
	0x5f, 0x31, 0x38, 0x36, 0x5d, 0x3b, 0x0a, 0x20, 0x20, 0x20, 0x20, 0x20, 0x20, 0x20, 0x20, 0x20, // _186];.         
	0x20, 0x20, 0x20, 0x66, 0x6c, 0x6f, 0x61, 0x74, 0x20, 0x5f, 0x34, 0x30, 0x30, 0x20, 0x3d, 0x20, //    float _400 = 
	0x67, 0x73, 0x5f, 0x42, 0x5b, 0x5f, 0x31, 0x38, 0x36, 0x5d, 0x3b, 0x0a, 0x20, 0x20, 0x20, 0x20, // gs_B[_186];.    
	0x20, 0x20, 0x20, 0x20, 0x20, 0x20, 0x20, 0x20, 0x66, 0x6c, 0x6f, 0x61, 0x74, 0x20, 0x5f, 0x34, //         float _4
	0x30, 0x33, 0x20, 0x3d, 0x20, 0x67, 0x73, 0x5f, 0x41, 0x5b, 0x5f, 0x31, 0x38, 0x36, 0x5d, 0x3b, // 03 = gs_A[_186];
	0x0a, 0x20, 0x20, 0x20, 0x20, 0x20, 0x20, 0x20, 0x20, 0x20, 0x20, 0x20, 0x20, 0x76, 0x65, 0x63, // .            vec
	0x34, 0x20, 0x5f, 0x31, 0x39, 0x36, 0x20, 0x3d, 0x20, 0x28, 0x28, 0x28, 0x5f, 0x31, 0x33, 0x38, // 4 _196 = (((_138
	0x20, 0x2b, 0x20, 0x76, 0x65, 0x63, 0x34, 0x28, 0x5f, 0x33, 0x36, 0x34, 0x2c, 0x20, 0x5f, 0x33, //  + vec4(_364, _3
	0x36, 0x37, 0x2c, 0x20, 0x5f, 0x33, 0x37, 0x30, 0x2c, 0x20, 0x5f, 0x33, 0x37, 0x33, 0x29, 0x29, // 67, _370, _373))
	0x20, 0x2b, 0x20, 0x76, 0x65, 0x63, 0x34, 0x28, 0x5f, 0x33, 0x37, 0x39, 0x2c, 0x20, 0x5f, 0x33, //  + vec4(_379, _3
	0x38, 0x32, 0x2c, 0x20, 0x5f, 0x33, 0x38, 0x35, 0x2c, 0x20, 0x5f, 0x33, 0x38, 0x38, 0x29, 0x29, // 82, _385, _388))
	0x20, 0x2b, 0x20, 0x76, 0x65, 0x63, 0x34, 0x28, 0x5f, 0x33, 0x39, 0x34, 0x2c, 0x20, 0x5f, 0x33, //  + vec4(_394, _3
	0x39, 0x37, 0x2c, 0x20, 0x5f, 0x34, 0x30, 0x30, 0x2c, 0x20, 0x5f, 0x34, 0x30, 0x33, 0x29, 0x29, // 97, _400, _403))
	0x20, 0x2a, 0x20, 0x30, 0x2e, 0x32, 0x35, 0x3b, 0x0a, 0x20, 0x20, 0x20, 0x20, 0x20, 0x20, 0x20, //  * 0.25;.       
	0x20, 0x20, 0x20, 0x20, 0x20, 0x69, 0x6d, 0x61, 0x67, 0x65, 0x53, 0x74, 0x6f, 0x72, 0x65, 0x28, //      imageStore(
	0x73, 0x5f, 0x69, 0x6d, 0x67, 0x4d, 0x69, 0x70, 0x32, 0x2c, 0x20, 0x69, 0x76, 0x65, 0x63, 0x33, // s_imgMip2, ivec3
	0x28, 0x69, 0x76, 0x65, 0x63, 0x32, 0x28, 0x67, 0x6c, 0x5f, 0x47, 0x6c, 0x6f, 0x62, 0x61, 0x6c, // (ivec2(gl_Global
	0x49, 0x6e, 0x76, 0x6f, 0x63, 0x61, 0x74, 0x69, 0x6f, 0x6e, 0x49, 0x44, 0x2e, 0x78, 0x79, 0x20, // InvocationID.xy 
	0x2f, 0x20, 0x75, 0x76, 0x65, 0x63, 0x32, 0x28, 0x32, 0x75, 0x29, 0x29, 0x2c, 0x20, 0x5f, 0x31, // / uvec2(2u)), _1
	0x34, 0x39, 0x29, 0x2c, 0x20, 0x5f, 0x31, 0x39, 0x36, 0x29, 0x3b, 0x0a, 0x20, 0x20, 0x20, 0x20, // 49), _196);.    
	0x20, 0x20, 0x20, 0x20, 0x20, 0x20, 0x20, 0x20, 0x67, 0x73, 0x5f, 0x52, 0x5b, 0x67, 0x6c, 0x5f, //         gs_R[gl_
	0x4c, 0x6f, 0x63, 0x61, 0x6c, 0x49, 0x6e, 0x76, 0x6f, 0x63, 0x61, 0x74, 0x69, 0x6f, 0x6e, 0x49, // LocalInvocationI
	0x6e, 0x64, 0x65, 0x78, 0x5d, 0x20, 0x3d, 0x20, 0x5f, 0x31, 0x39, 0x36, 0x2e, 0x78, 0x3b, 0x0a, // ndex] = _196.x;.
	0x20, 0x20, 0x20, 0x20, 0x20, 0x20, 0x20, 0x20, 0x20, 0x20, 0x20, 0x20, 0x67, 0x73, 0x5f, 0x47, //             gs_G
	0x5b, 0x67, 0x6c, 0x5f, 0x4c, 0x6f, 0x63, 0x61, 0x6c, 0x49, 0x6e, 0x76, 0x6f, 0x63, 0x61, 0x74, // [gl_LocalInvocat
	0x69, 0x6f, 0x6e, 0x49, 0x6e, 0x64, 0x65, 0x78, 0x5d, 0x20, 0x3d, 0x20, 0x5f, 0x31, 0x39, 0x36, // ionIndex] = _196
	0x2e, 0x79, 0x3b, 0x0a, 0x20, 0x20, 0x20, 0x20, 0x20, 0x20, 0x20, 0x20, 0x20, 0x20, 0x20, 0x20, // .y;.            
	0x67, 0x73, 0x5f, 0x42, 0x5b, 0x67, 0x6c, 0x5f, 0x4c, 0x6f, 0x63, 0x61, 0x6c, 0x49, 0x6e, 0x76, // gs_B[gl_LocalInv
	0x6f, 0x63, 0x61, 0x74, 0x69, 0x6f, 0x6e, 0x49, 0x6e, 0x64, 0x65, 0x78, 0x5d, 0x20, 0x3d, 0x20, // ocationIndex] = 
	0x5f, 0x31, 0x39, 0x36, 0x2e, 0x7a, 0x3b, 0x0a, 0x20, 0x20, 0x20, 0x20, 0x20, 0x20, 0x20, 0x20, // _196.z;.        
	0x20, 0x20, 0x20, 0x20, 0x67, 0x73, 0x5f, 0x41, 0x5b, 0x67, 0x6c, 0x5f, 0x4c, 0x6f, 0x63, 0x61, //     gs_A[gl_Loca
	0x6c, 0x49, 0x6e, 0x76, 0x6f, 0x63, 0x61, 0x74, 0x69, 0x6f, 0x6e, 0x49, 0x6e, 0x64, 0x65, 0x78, // lInvocationIndex
	0x5d, 0x20, 0x3d, 0x20, 0x5f, 0x31, 0x39, 0x36, 0x2e, 0x77, 0x3b, 0x0a, 0x20, 0x20, 0x20, 0x20, // ] = _196.w;.    
	0x20, 0x20, 0x20, 0x20, 0x20, 0x20, 0x20, 0x20, 0x5f, 0x35, 0x34, 0x32, 0x20, 0x3d, 0x20, 0x5f, //         _542 = _
	0x31, 0x39, 0x36, 0x3b, 0x0a, 0x20, 0x20, 0x20, 0x20, 0x20, 0x20, 0x20, 0x20, 0x7d, 0x0a, 0x20, // 196;.        }. 
	0x20, 0x20, 0x20, 0x20, 0x20, 0x20, 0x20, 0x65, 0x6c, 0x73, 0x65, 0x0a, 0x20, 0x20, 0x20, 0x20, //        else.    
	0x20, 0x20, 0x20, 0x20, 0x7b, 0x0a, 0x20, 0x20, 0x20, 0x20, 0x20, 0x20, 0x20, 0x20, 0x20, 0x20, //     {.          
	0x20, 0x20, 0x5f, 0x35, 0x34, 0x32, 0x20, 0x3d, 0x20, 0x5f, 0x31, 0x33, 0x38, 0x3b, 0x0a, 0x20, //   _542 = _138;. 
	0x20, 0x20, 0x20, 0x20, 0x20, 0x20, 0x20, 0x7d, 0x0a, 0x20, 0x20, 0x20, 0x20, 0x20, 0x20, 0x20, //        }.       
	0x20, 0x69, 0x66, 0x20, 0x28, 0x5f, 0x38, 0x34, 0x20, 0x3d, 0x3d, 0x20, 0x32, 0x75, 0x29, 0x0a, //  if (_84 == 2u).
	0x20, 0x20, 0x20, 0x20, 0x20, 0x20, 0x20, 0x20, 0x7b, 0x0a, 0x20, 0x20, 0x20, 0x20, 0x20, 0x20, //         {.      
	0x20, 0x20, 0x20, 0x20, 0x20, 0x20, 0x62, 0x72, 0x65, 0x61, 0x6b, 0x3b, 0x0a, 0x20, 0x20, 0x20, //       break;.   
	0x20, 0x20, 0x20, 0x20, 0x20, 0x7d, 0x0a, 0x20, 0x20, 0x20, 0x20, 0x20, 0x20, 0x20, 0x20, 0x62, //      }.        b
	0x61, 0x72, 0x72, 0x69, 0x65, 0x72, 0x28, 0x29, 0x3b, 0x0a, 0x20, 0x20, 0x20, 0x20, 0x20, 0x20, // arrier();.      
	0x20, 0x20, 0x76, 0x65, 0x63, 0x34, 0x20, 0x5f, 0x35, 0x34, 0x33, 0x3b, 0x0a, 0x20, 0x20, 0x20, //   vec4 _543;.   
	0x20, 0x20, 0x20, 0x20, 0x20, 0x69, 0x66, 0x20, 0x28, 0x28, 0x67, 0x6c, 0x5f, 0x4c, 0x6f, 0x63, //      if ((gl_Loc
	0x61, 0x6c, 0x49, 0x6e, 0x76, 0x6f, 0x63, 0x61, 0x74, 0x69, 0x6f, 0x6e, 0x49, 0x6e, 0x64, 0x65, // alInvocationInde
	0x78, 0x20, 0x26, 0x20, 0x32, 0x37, 0x75, 0x29, 0x20, 0x3d, 0x3d, 0x20, 0x30, 0x75, 0x29, 0x0a, // x & 27u) == 0u).
	0x20, 0x20, 0x20, 0x20, 0x20, 0x20, 0x20, 0x20, 0x7b, 0x0a, 0x20, 0x20, 0x20, 0x20, 0x20, 0x20, //         {.      
	0x20, 0x20, 0x20, 0x20, 0x20, 0x20, 0x75, 0x69, 0x6e, 0x74, 0x20, 0x5f, 0x32, 0x32, 0x38, 0x20, //       uint _228 
	0x3d, 0x20, 0x67, 0x6c, 0x5f, 0x4c, 0x6f, 0x63, 0x61, 0x6c, 0x49, 0x6e, 0x76, 0x6f, 0x63, 0x61, // = gl_LocalInvoca
	0x74, 0x69, 0x6f, 0x6e, 0x49, 0x6e, 0x64, 0x65, 0x78, 0x20, 0x2b, 0x20, 0x32, 0x75, 0x3b, 0x0a, // tionIndex + 2u;.
	0x20, 0x20, 0x20, 0x20, 0x20, 0x20, 0x20, 0x20, 0x20, 0x20, 0x20, 0x20, 0x66, 0x6c, 0x6f, 0x61, //             floa
	0x74, 0x20, 0x5f, 0x34, 0x32, 0x36, 0x20, 0x3d, 0x20, 0x67, 0x73, 0x5f, 0x52, 0x5b, 0x5f, 0x32, // t _426 = gs_R[_2
	0x32, 0x38, 0x5d, 0x3b, 0x0a, 0x20, 0x20, 0x20, 0x20, 0x20, 0x20, 0x20, 0x20, 0x20, 0x20, 0x20, // 28];.           
	0x20, 0x66, 0x6c, 0x6f, 0x61, 0x74, 0x20, 0x5f, 0x34, 0x32, 0x39, 0x20, 0x3d, 0x20, 0x67, 0x73, //  float _429 = gs
	0x5f, 0x47, 0x5b, 0x5f, 0x32, 0x32, 0x38, 0x5d, 0x3b, 0x0a, 0x20, 0x20, 0x20, 0x20, 0x20, 0x20, // _G[_228];.      
	0x20, 0x20, 0x20, 0x20, 0x20, 0x20, 0x66, 0x6c, 0x6f, 0x61, 0x74, 0x20, 0x5f, 0x34, 0x33, 0x32, //       float _432
	0x20, 0x3d, 0x20, 0x67, 0x73, 0x5f, 0x42, 0x5b, 0x5f, 0x32, 0x32, 0x38, 0x5d, 0x3b, 0x0a, 0x20, //  = gs_B[_228];. 
	0x20, 0x20, 0x20, 0x20, 0x20, 0x20, 0x20, 0x20, 0x20, 0x20, 0x20, 0x66, 0x6c, 0x6f, 0x61, 0x74, //            float
	0x20, 0x5f, 0x34, 0x33, 0x35, 0x20, 0x3d, 0x20, 0x67, 0x73, 0x5f, 0x41, 0x5b, 0x5f, 0x32, 0x32, //  _435 = gs_A[_22
	0x38, 0x5d, 0x3b, 0x0a, 0x20, 0x20, 0x20, 0x20, 0x20, 0x20, 0x20, 0x20, 0x20, 0x20, 0x20, 0x20, // 8];.            
	0x75, 0x69, 0x6e, 0x74, 0x20, 0x5f, 0x32, 0x33, 0x34, 0x20, 0x3d, 0x20, 0x67, 0x6c, 0x5f, 0x4c, // uint _234 = gl_L
	0x6f, 0x63, 0x61, 0x6c, 0x49, 0x6e, 0x76, 0x6f, 0x63, 0x61, 0x74, 0x69, 0x6f, 0x6e, 0x49, 0x6e, // ocalInvocationIn
	0x64, 0x65, 0x78, 0x20, 0x2b, 0x20, 0x31, 0x36, 0x75, 0x3b, 0x0a, 0x20, 0x20, 0x20, 0x20, 0x20, // dex + 16u;.     
	0x20, 0x20, 0x20, 0x20, 0x20, 0x20, 0x20, 0x66, 0x6c, 0x6f, 0x61, 0x74, 0x20, 0x5f, 0x34, 0x34, //        float _44
	0x31, 0x20, 0x3d, 0x20, 0x67, 0x73, 0x5f, 0x52, 0x5b, 0x5f, 0x32, 0x33, 0x34, 0x5d, 0x3b, 0x0a, // 1 = gs_R[_234];.
	0x20, 0x20, 0x20, 0x20, 0x20, 0x20, 0x20, 0x20, 0x20, 0x20, 0x20, 0x20, 0x66, 0x6c, 0x6f, 0x61, //             floa
	0x74, 0x20, 0x5f, 0x34, 0x34, 0x34, 0x20, 0x3d, 0x20, 0x67, 0x73, 0x5f, 0x47, 0x5b, 0x5f, 0x32, // t _444 = gs_G[_2
	0x33, 0x34, 0x5d, 0x3b, 0x0a, 0x20, 0x20, 0x20, 0x20, 0x20, 0x20, 0x20, 0x20, 0x20, 0x20, 0x20, // 34];.           
	0x20, 0x66, 0x6c, 0x6f, 0x61, 0x74, 0x20, 0x5f, 0x34, 0x34, 0x37, 0x20, 0x3d, 0x20, 0x67, 0x73, //  float _447 = gs
	0x5f, 0x42, 0x5b, 0x5f, 0x32, 0x33, 0x34, 0x5d, 0x3b, 0x0a, 0x20, 0x20, 0x20, 0x20, 0x20, 0x20, // _B[_234];.      
	0x20, 0x20, 0x20, 0x20, 0x20, 0x20, 0x66, 0x6c, 0x6f, 0x61, 0x74, 0x20, 0x5f, 0x34, 0x35, 0x30, //       float _450
	0x20, 0x3d, 0x20, 0x67, 0x73, 0x5f, 0x41, 0x5b, 0x5f, 0x32, 0x33, 0x34, 0x5d, 0x3b, 0x0a, 0x20, //  = gs_A[_234];. 
	0x20, 0x20, 0x20, 0x20, 0x20, 0x20, 0x20, 0x20, 0x20, 0x20, 0x20, 0x75, 0x69, 0x6e, 0x74, 0x20, //            uint 
	0x5f, 0x32, 0x34, 0x30, 0x20, 0x3d, 0x20, 0x67, 0x6c, 0x5f, 0x4c, 0x6f, 0x63, 0x61, 0x6c, 0x49, // _240 = gl_LocalI
	0x6e, 0x76, 0x6f, 0x63, 0x61, 0x74, 0x69, 0x6f, 0x6e, 0x49, 0x6e, 0x64, 0x65, 0x78, 0x20, 0x2b, // nvocationIndex +
	0x20, 0x31, 0x38, 0x75, 0x3b, 0x0a, 0x20, 0x20, 0x20, 0x20, 0x20, 0x20, 0x20, 0x20, 0x20, 0x20, //  18u;.          
	0x20, 0x20, 0x66, 0x6c, 0x6f, 0x61, 0x74, 0x20, 0x5f, 0x34, 0x35, 0x36, 0x20, 0x3d, 0x20, 0x67, //   float _456 = g
	0x73, 0x5f, 0x52, 0x5b, 0x5f, 0x32, 0x34, 0x30, 0x5d, 0x3b, 0x0a, 0x20, 0x20, 0x20, 0x20, 0x20, // s_R[_240];.     
	0x20, 0x20, 0x20, 0x20, 0x20, 0x20, 0x20, 0x66, 0x6c, 0x6f, 0x61, 0x74, 0x20, 0x5f, 0x34, 0x35, //        float _45
	0x39, 0x20, 0x3d, 0x20, 0x67, 0x73, 0x5f, 0x47, 0x5b, 0x5f, 0x32, 0x34, 0x30, 0x5d, 0x3b, 0x0a, // 9 = gs_G[_240];.
	0x20, 0x20, 0x20, 0x20, 0x20, 0x20, 0x20, 0x20, 0x20, 0x20, 0x20, 0x20, 0x66, 0x6c, 0x6f, 0x61, //             floa
	0x74, 0x20, 0x5f, 0x34, 0x36, 0x32, 0x20, 0x3d, 0x20, 0x67, 0x73, 0x5f, 0x42, 0x5b, 0x5f, 0x32, // t _462 = gs_B[_2
	0x34, 0x30, 0x5d, 0x3b, 0x0a, 0x20, 0x20, 0x20, 0x20, 0x20, 0x20, 0x20, 0x20, 0x20, 0x20, 0x20, // 40];.           
	0x20, 0x66, 0x6c, 0x6f, 0x61, 0x74, 0x20, 0x5f, 0x34, 0x36, 0x35, 0x20, 0x3d, 0x20, 0x67, 0x73, //  float _465 = gs
	0x5f, 0x41, 0x5b, 0x5f, 0x32, 0x34, 0x30, 0x5d, 0x3b, 0x0a, 0x20, 0x20, 0x20, 0x20, 0x20, 0x20, // _A[_240];.      
	0x20, 0x20, 0x20, 0x20, 0x20, 0x20, 0x76, 0x65, 0x63, 0x34, 0x20, 0x5f, 0x32, 0x35, 0x30, 0x20, //       vec4 _250 
	0x3d, 0x20, 0x28, 0x28, 0x28, 0x5f, 0x35, 0x34, 0x32, 0x20, 0x2b, 0x20, 0x76, 0x65, 0x63, 0x34, // = (((_542 + vec4
	0x28, 0x5f, 0x34, 0x32, 0x36, 0x2c, 0x20, 0x5f, 0x34, 0x32, 0x39, 0x2c, 0x20, 0x5f, 0x34, 0x33, // (_426, _429, _43
	0x32, 0x2c, 0x20, 0x5f, 0x34, 0x33, 0x35, 0x29, 0x29, 0x20, 0x2b, 0x20, 0x76, 0x65, 0x63, 0x34, // 2, _435)) + vec4
	0x28, 0x5f, 0x34, 0x34, 0x31, 0x2c, 0x20, 0x5f, 0x34, 0x34, 0x34, 0x2c, 0x20, 0x5f, 0x34, 0x34, // (_441, _444, _44
	0x37, 0x2c, 0x20, 0x5f, 0x34, 0x35, 0x30, 0x29, 0x29, 0x20, 0x2b, 0x20, 0x76, 0x65, 0x63, 0x34, // 7, _450)) + vec4
	0x28, 0x5f, 0x34, 0x35, 0x36, 0x2c, 0x20, 0x5f, 0x34, 0x35, 0x39, 0x2c, 0x20, 0x5f, 0x34, 0x36, // (_456, _459, _46
	0x32, 0x2c, 0x20, 0x5f, 0x34, 0x36, 0x35, 0x29, 0x29, 0x20, 0x2a, 0x20, 0x30, 0x2e, 0x32, 0x35, // 2, _465)) * 0.25
	0x3b, 0x0a, 0x20, 0x20, 0x20, 0x20, 0x20, 0x20, 0x20, 0x20, 0x20, 0x20, 0x20, 0x20, 0x69, 0x6d, // ;.            im
	0x61, 0x67, 0x65, 0x53, 0x74, 0x6f, 0x72, 0x65, 0x28, 0x73, 0x5f, 0x69, 0x6d, 0x67, 0x4d, 0x69, // ageStore(s_imgMi
	0x70, 0x33, 0x2c, 0x20, 0x69, 0x76, 0x65, 0x63, 0x33, 0x28, 0x69, 0x76, 0x65, 0x63, 0x32, 0x28, // p3, ivec3(ivec2(
	0x67, 0x6c, 0x5f, 0x47, 0x6c, 0x6f, 0x62, 0x61, 0x6c, 0x49, 0x6e, 0x76, 0x6f, 0x63, 0x61, 0x74, // gl_GlobalInvocat
	0x69, 0x6f, 0x6e, 0x49, 0x44, 0x2e, 0x78, 0x79, 0x20, 0x2f, 0x20, 0x75, 0x76, 0x65, 0x63, 0x32, // ionID.xy / uvec2
	0x28, 0x34, 0x75, 0x29, 0x29, 0x2c, 0x20, 0x5f, 0x31, 0x34, 0x39, 0x29, 0x2c, 0x20, 0x5f, 0x32, // (4u)), _149), _2
	0x35, 0x30, 0x29, 0x3b, 0x0a, 0x20, 0x20, 0x20, 0x20, 0x20, 0x20, 0x20, 0x20, 0x20, 0x20, 0x20, // 50);.           
	0x20, 0x67, 0x73, 0x5f, 0x52, 0x5b, 0x67, 0x6c, 0x5f, 0x4c, 0x6f, 0x63, 0x61, 0x6c, 0x49, 0x6e, //  gs_R[gl_LocalIn
	0x76, 0x6f, 0x63, 0x61, 0x74, 0x69, 0x6f, 0x6e, 0x49, 0x6e, 0x64, 0x65, 0x78, 0x5d, 0x20, 0x3d, // vocationIndex] =
	0x20, 0x5f, 0x32, 0x35, 0x30, 0x2e, 0x78, 0x3b, 0x0a, 0x20, 0x20, 0x20, 0x20, 0x20, 0x20, 0x20, //  _250.x;.       
	0x20, 0x20, 0x20, 0x20, 0x20, 0x67, 0x73, 0x5f, 0x47, 0x5b, 0x67, 0x6c, 0x5f, 0x4c, 0x6f, 0x63, //      gs_G[gl_Loc
	0x61, 0x6c, 0x49, 0x6e, 0x76, 0x6f, 0x63, 0x61, 0x74, 0x69, 0x6f, 0x6e, 0x49, 0x6e, 0x64, 0x65, // alInvocationInde
	0x78, 0x5d, 0x20, 0x3d, 0x20, 0x5f, 0x32, 0x35, 0x30, 0x2e, 0x79, 0x3b, 0x0a, 0x20, 0x20, 0x20, // x] = _250.y;.   
	0x20, 0x20, 0x20, 0x20, 0x20, 0x20, 0x20, 0x20, 0x20, 0x67, 0x73, 0x5f, 0x42, 0x5b, 0x67, 0x6c, //          gs_B[gl
	0x5f, 0x4c, 0x6f, 0x63, 0x61, 0x6c, 0x49, 0x6e, 0x76, 0x6f, 0x63, 0x61, 0x74, 0x69, 0x6f, 0x6e, // _LocalInvocation
	0x49, 0x6e, 0x64, 0x65, 0x78, 0x5d, 0x20, 0x3d, 0x20, 0x5f, 0x32, 0x35, 0x30, 0x2e, 0x7a, 0x3b, // Index] = _250.z;
	0x0a, 0x20, 0x20, 0x20, 0x20, 0x20, 0x20, 0x20, 0x20, 0x20, 0x20, 0x20, 0x20, 0x67, 0x73, 0x5f, // .            gs_
	0x41, 0x5b, 0x67, 0x6c, 0x5f, 0x4c, 0x6f, 0x63, 0x61, 0x6c, 0x49, 0x6e, 0x76, 0x6f, 0x63, 0x61, // A[gl_LocalInvoca
	0x74, 0x69, 0x6f, 0x6e, 0x49, 0x6e, 0x64, 0x65, 0x78, 0x5d, 0x20, 0x3d, 0x20, 0x5f, 0x32, 0x35, // tionIndex] = _25
	0x30, 0x2e, 0x77, 0x3b, 0x0a, 0x20, 0x20, 0x20, 0x20, 0x20, 0x20, 0x20, 0x20, 0x20, 0x20, 0x20, // 0.w;.           
	0x20, 0x5f, 0x35, 0x34, 0x33, 0x20, 0x3d, 0x20, 0x5f, 0x32, 0x35, 0x30, 0x3b, 0x0a, 0x20, 0x20, //  _543 = _250;.  
	0x20, 0x20, 0x20, 0x20, 0x20, 0x20, 0x7d, 0x0a, 0x20, 0x20, 0x20, 0x20, 0x20, 0x20, 0x20, 0x20, //       }.        
	0x65, 0x6c, 0x73, 0x65, 0x0a, 0x20, 0x20, 0x20, 0x20, 0x20, 0x20, 0x20, 0x20, 0x7b, 0x0a, 0x20, // else.        {. 
	0x20, 0x20, 0x20, 0x20, 0x20, 0x20, 0x20, 0x20, 0x20, 0x20, 0x20, 0x5f, 0x35, 0x34, 0x33, 0x20, //            _543 
	0x3d, 0x20, 0x5f, 0x35, 0x34, 0x32, 0x3b, 0x0a, 0x20, 0x20, 0x20, 0x20, 0x20, 0x20, 0x20, 0x20, // = _542;.        
	0x7d, 0x0a, 0x20, 0x20, 0x20, 0x20, 0x20, 0x20, 0x20, 0x20, 0x69, 0x66, 0x20, 0x28, 0x5f, 0x38, // }.        if (_8
	0x34, 0x20, 0x3d, 0x3d, 0x20, 0x33, 0x75, 0x29, 0x0a, 0x20, 0x20, 0x20, 0x20, 0x20, 0x20, 0x20, // 4 == 3u).       
	0x20, 0x7b, 0x0a, 0x20, 0x20, 0x20, 0x20, 0x20, 0x20, 0x20, 0x20, 0x20, 0x20, 0x20, 0x20, 0x62, //  {.            b
	0x72, 0x65, 0x61, 0x6b, 0x3b, 0x0a, 0x20, 0x20, 0x20, 0x20, 0x20, 0x20, 0x20, 0x20, 0x7d, 0x0a, // reak;.        }.
	0x20, 0x20, 0x20, 0x20, 0x20, 0x20, 0x20, 0x20, 0x62, 0x61, 0x72, 0x72, 0x69, 0x65, 0x72, 0x28, //         barrier(
	0x29, 0x3b, 0x0a, 0x20, 0x20, 0x20, 0x20, 0x20, 0x20, 0x20, 0x20, 0x69, 0x66, 0x20, 0x28, 0x67, // );.        if (g
	0x6c, 0x5f, 0x4c, 0x6f, 0x63, 0x61, 0x6c, 0x49, 0x6e, 0x76, 0x6f, 0x63, 0x61, 0x74, 0x69, 0x6f, // l_LocalInvocatio
	0x6e, 0x49, 0x6e, 0x64, 0x65, 0x78, 0x20, 0x3d, 0x3d, 0x20, 0x30, 0x75, 0x29, 0x0a, 0x20, 0x20, // nIndex == 0u).  
	0x20, 0x20, 0x20, 0x20, 0x20, 0x20, 0x7b, 0x0a, 0x20, 0x20, 0x20, 0x20, 0x20, 0x20, 0x20, 0x20, //       {.        
	0x20, 0x20, 0x20, 0x20, 0x75, 0x69, 0x6e, 0x74, 0x20, 0x5f, 0x32, 0x38, 0x31, 0x20, 0x3d, 0x20, //     uint _281 = 
	0x67, 0x6c, 0x5f, 0x4c, 0x6f, 0x63, 0x61, 0x6c, 0x49, 0x6e, 0x76, 0x6f, 0x63, 0x61, 0x74, 0x69, // gl_LocalInvocati
	0x6f, 0x6e, 0x49, 0x6e, 0x64, 0x65, 0x78, 0x20, 0x2b, 0x20, 0x34, 0x75, 0x3b, 0x0a, 0x20, 0x20, // onIndex + 4u;.  
	0x20, 0x20, 0x20, 0x20, 0x20, 0x20, 0x20, 0x20, 0x20, 0x20, 0x75, 0x69, 0x6e, 0x74, 0x20, 0x5f, //           uint _
	0x32, 0x38, 0x37, 0x20, 0x3d, 0x20, 0x67, 0x6c, 0x5f, 0x4c, 0x6f, 0x63, 0x61, 0x6c, 0x49, 0x6e, // 287 = gl_LocalIn
	0x76, 0x6f, 0x63, 0x61, 0x74, 0x69, 0x6f, 0x6e, 0x49, 0x6e, 0x64, 0x65, 0x78, 0x20, 0x2b, 0x20, // vocationIndex + 
	0x33, 0x32, 0x75, 0x3b, 0x0a, 0x20, 0x20, 0x20, 0x20, 0x20, 0x20, 0x20, 0x20, 0x20, 0x20, 0x20, // 32u;.           
	0x20, 0x75, 0x69, 0x6e, 0x74, 0x20, 0x5f, 0x32, 0x39, 0x33, 0x20, 0x3d, 0x20, 0x67, 0x6c, 0x5f, //  uint _293 = gl_
	0x4c, 0x6f, 0x63, 0x61, 0x6c, 0x49, 0x6e, 0x76, 0x6f, 0x63, 0x61, 0x74, 0x69, 0x6f, 0x6e, 0x49, // LocalInvocationI
	0x6e, 0x64, 0x65, 0x78, 0x20, 0x2b, 0x20, 0x33, 0x36, 0x75, 0x3b, 0x0a, 0x20, 0x20, 0x20, 0x20, // ndex + 36u;.    
	0x20, 0x20, 0x20, 0x20, 0x20, 0x20, 0x20, 0x20, 0x69, 0x6d, 0x61, 0x67, 0x65, 0x53, 0x74, 0x6f, //         imageSto
	0x72, 0x65, 0x28, 0x73, 0x5f, 0x69, 0x6d, 0x67, 0x4d, 0x69, 0x70, 0x34, 0x2c, 0x20, 0x69, 0x76, // re(s_imgMip4, iv
	0x65, 0x63, 0x33, 0x28, 0x69, 0x76, 0x65, 0x63, 0x32, 0x28, 0x67, 0x6c, 0x5f, 0x47, 0x6c, 0x6f, // ec3(ivec2(gl_Glo
	0x62, 0x61, 0x6c, 0x49, 0x6e, 0x76, 0x6f, 0x63, 0x61, 0x74, 0x69, 0x6f, 0x6e, 0x49, 0x44, 0x2e, // balInvocationID.
	0x78, 0x79, 0x20, 0x2f, 0x20, 0x75, 0x76, 0x65, 0x63, 0x32, 0x28, 0x38, 0x75, 0x29, 0x29, 0x2c, // xy / uvec2(8u)),
	0x20, 0x5f, 0x31, 0x34, 0x39, 0x29, 0x2c, 0x20, 0x28, 0x28, 0x28, 0x5f, 0x35, 0x34, 0x33, 0x20, //  _149), (((_543 
	0x2b, 0x20, 0x76, 0x65, 0x63, 0x34, 0x28, 0x67, 0x73, 0x5f, 0x52, 0x5b, 0x5f, 0x32, 0x38, 0x31, // + vec4(gs_R[_281
	0x5d, 0x2c, 0x20, 0x67, 0x73, 0x5f, 0x47, 0x5b, 0x5f, 0x32, 0x38, 0x31, 0x5d, 0x2c, 0x20, 0x67, // ], gs_G[_281], g
	0x73, 0x5f, 0x42, 0x5b, 0x5f, 0x32, 0x38, 0x31, 0x5d, 0x2c, 0x20, 0x67, 0x73, 0x5f, 0x41, 0x5b, // s_B[_281], gs_A[
	0x5f, 0x32, 0x38, 0x31, 0x5d, 0x29, 0x29, 0x20, 0x2b, 0x20, 0x76, 0x65, 0x63, 0x34, 0x28, 0x67, // _281])) + vec4(g
	0x73, 0x5f, 0x52, 0x5b, 0x5f, 0x32, 0x38, 0x37, 0x5d, 0x2c, 0x20, 0x67, 0x73, 0x5f, 0x47, 0x5b, // s_R[_287], gs_G[
	0x5f, 0x32, 0x38, 0x37, 0x5d, 0x2c, 0x20, 0x67, 0x73, 0x5f, 0x42, 0x5b, 0x5f, 0x32, 0x38, 0x37, // _287], gs_B[_287
	0x5d, 0x2c, 0x20, 0x67, 0x73, 0x5f, 0x41, 0x5b, 0x5f, 0x32, 0x38, 0x37, 0x5d, 0x29, 0x29, 0x20, // ], gs_A[_287])) 
	0x2b, 0x20, 0x76, 0x65, 0x63, 0x34, 0x28, 0x67, 0x73, 0x5f, 0x52, 0x5b, 0x5f, 0x32, 0x39, 0x33, // + vec4(gs_R[_293
	0x5d, 0x2c, 0x20, 0x67, 0x73, 0x5f, 0x47, 0x5b, 0x5f, 0x32, 0x39, 0x33, 0x5d, 0x2c, 0x20, 0x67, // ], gs_G[_293], g
	0x73, 0x5f, 0x42, 0x5b, 0x5f, 0x32, 0x39, 0x33, 0x5d, 0x2c, 0x20, 0x67, 0x73, 0x5f, 0x41, 0x5b, // s_B[_293], gs_A[
	0x5f, 0x32, 0x39, 0x33, 0x5d, 0x29, 0x29, 0x20, 0x2a, 0x20, 0x30, 0x2e, 0x32, 0x35, 0x29, 0x3b, // _293])) * 0.25);
	0x0a, 0x20, 0x20, 0x20, 0x20, 0x20, 0x20, 0x20, 0x20, 0x7d, 0x0a, 0x20, 0x20, 0x20, 0x20, 0x20, // .        }.     
	0x20, 0x20, 0x20, 0x62, 0x72, 0x65, 0x61, 0x6b, 0x3b, 0x0a, 0x20, 0x20, 0x20, 0x20, 0x7d, 0x20, //    break;.    } 
	0x77, 0x68, 0x69, 0x6c, 0x65, 0x28, 0x66, 0x61, 0x6c, 0x73, 0x65, 0x29, 0x3b, 0x0a, 0x7d, 0x0a, // while(false);.}.
	0x0a, 0x00,                                                                                     // ..
};
static const uint8_t cs_mipgen_oddy_spv[6357] =
{
	0x43, 0x53, 0x48, 0x0c, 0x00, 0x00, 0x00, 0x00, 0x00, 0x00, 0x00, 0x00, 0x00, 0x00, 0x00, 0x00, // CSH.............
	0x00, 0x00, 0x00, 0x00, 0x06, 0x00, 0x0b, 0x62, 0x67, 0x66, 0x78, 0x5f, 0x6d, 0x69, 0x70, 0x47, // .......bgfx_mipG
	0x65, 0x6e, 0x02, 0x01, 0x00, 0x00, 0x01, 0x00, 0x00, 0x00, 0x00, 0x00, 0x0e, 0x62, 0x67, 0x66, // en...........bgf
	0x78, 0x5f, 0x74, 0x65, 0x78, 0x4d, 0x69, 0x70, 0x53, 0x72, 0x63, 0x20, 0x00, 0x06, 0x00, 0x00, // x_texMipSrc ....
	0x00, 0x00, 0x03, 0x29, 0x00, 0x09, 0x73, 0x5f, 0x69, 0x6d, 0x67, 0x4d, 0x69, 0x70, 0x31, 0x01, // ...)..s_imgMip1.
	0x00, 0x02, 0x00, 0x03, 0x00, 0x00, 0x03, 0x4a, 0x00, 0x09, 0x73, 0x5f, 0x69, 0x6d, 0x67, 0x4d, // .......J..s_imgM
	0x69, 0x70, 0x32, 0x01, 0x00, 0x03, 0x00, 0x03, 0x00, 0x00, 0x03, 0x4a, 0x00, 0x09, 0x73, 0x5f, // ip2........J..s_
	0x69, 0x6d, 0x67, 0x4d, 0x69, 0x70, 0x33, 0x01, 0x00, 0x04, 0x00, 0x03, 0x00, 0x00, 0x03, 0x4a, // imgMip3........J
	0x00, 0x09, 0x73, 0x5f, 0x69, 0x6d, 0x67, 0x4d, 0x69, 0x70, 0x34, 0x01, 0x00, 0x05, 0x00, 0x03, // ..s_imgMip4.....
	0x00, 0x00, 0x03, 0x4a, 0x00, 0x38, 0x18, 0x00, 0x00, 0x03, 0x02, 0x23, 0x07, 0x00, 0x00, 0x01, // ...J.8.....#....
	0x00, 0x0b, 0x00, 0x08, 0x00, 0x9b, 0x03, 0x00, 0x00, 0x00, 0x00, 0x00, 0x00, 0x11, 0x00, 0x02, // ................
	0x00, 0x01, 0x00, 0x00, 0x00, 0x0b, 0x00, 0x06, 0x00, 0x01, 0x00, 0x00, 0x00, 0x47, 0x4c, 0x53, // .............GLS
	0x4c, 0x2e, 0x73, 0x74, 0x64, 0x2e, 0x34, 0x35, 0x30, 0x00, 0x00, 0x00, 0x00, 0x0e, 0x00, 0x03, // L.std.450.......
	0x00, 0x00, 0x00, 0x00, 0x00, 0x01, 0x00, 0x00, 0x00, 0x0f, 0x00, 0x07, 0x00, 0x05, 0x00, 0x00, // ................
	0x00, 0x04, 0x00, 0x00, 0x00, 0x6d, 0x61, 0x69, 0x6e, 0x00, 0x00, 0x00, 0x00, 0x89, 0x01, 0x00, // .....main.......
	0x00, 0x8d, 0x01, 0x00, 0x00, 0x10, 0x00, 0x06, 0x00, 0x04, 0x00, 0x00, 0x00, 0x11, 0x00, 0x00, // ................
	0x00, 0x08, 0x00, 0x00, 0x00, 0x08, 0x00, 0x00, 0x00, 0x01, 0x00, 0x00, 0x00, 0x03, 0x00, 0x03, // ................
	0x00, 0x05, 0x00, 0x00, 0x00, 0xf4, 0x01, 0x00, 0x00, 0x05, 0x00, 0x04, 0x00, 0x04, 0x00, 0x00, // ................
	0x00, 0x6d, 0x61, 0x69, 0x6e, 0x00, 0x00, 0x00, 0x00, 0x05, 0x00, 0x08, 0x00, 0x35, 0x00, 0x00, // .main........5..
	0x00, 0x62, 0x67, 0x66, 0x78, 0x5f, 0x74, 0x65, 0x78, 0x4d, 0x69, 0x70, 0x53, 0x72, 0x63, 0x53, // .bgfx_texMipSrcS
	0x61, 0x6d, 0x70, 0x6c, 0x65, 0x72, 0x00, 0x00, 0x00, 0x05, 0x00, 0x08, 0x00, 0x38, 0x00, 0x00, // ampler.......8..
	0x00, 0x62, 0x67, 0x66, 0x78, 0x5f, 0x74, 0x65, 0x78, 0x4d, 0x69, 0x70, 0x53, 0x72, 0x63, 0x54, // .bgfx_texMipSrcT
	0x65, 0x78, 0x74, 0x75, 0x72, 0x65, 0x00, 0x00, 0x00, 0x05, 0x00, 0x04, 0x00, 0x52, 0x00, 0x00, // exture.......R..
	0x00, 0x67, 0x73, 0x5f, 0x52, 0x00, 0x00, 0x00, 0x00, 0x05, 0x00, 0x04, 0x00, 0x59, 0x00, 0x00, // .gs_R........Y..
	0x00, 0x67, 0x73, 0x5f, 0x47, 0x00, 0x00, 0x00, 0x00, 0x05, 0x00, 0x04, 0x00, 0x5f, 0x00, 0x00, // .gs_G........_..
	0x00, 0x67, 0x73, 0x5f, 0x42, 0x00, 0x00, 0x00, 0x00, 0x05, 0x00, 0x04, 0x00, 0x65, 0x00, 0x00, // .gs_B........e..
	0x00, 0x67, 0x73, 0x5f, 0x41, 0x00, 0x00, 0x00, 0x00, 0x05, 0x00, 0x06, 0x00, 0x83, 0x00, 0x00, // .gs_A...........
	0x00, 0x55, 0x6e, 0x69, 0x66, 0x6f, 0x72, 0x6d, 0x42, 0x6c, 0x6f, 0x63, 0x6b, 0x00, 0x00, 0x00, // .UniformBlock...
	0x00, 0x06, 0x00, 0x06, 0x00, 0x83, 0x00, 0x00, 0x00, 0x00, 0x00, 0x00, 0x00, 0x62, 0x67, 0x66, // .............bgf
	0x78, 0x5f, 0x6d, 0x69, 0x70, 0x47, 0x65, 0x6e, 0x00, 0x05, 0x00, 0x03, 0x00, 0x85, 0x00, 0x00, // x_mipGen........
	0x00, 0x00, 0x00, 0x00, 0x00, 0x05, 0x00, 0x05, 0x00, 0xc9, 0x00, 0x00, 0x00, 0x73, 0x5f, 0x69, // .............s_i
	0x6d, 0x67, 0x4d, 0x69, 0x70, 0x31, 0x00, 0x00, 0x00, 0x05, 0x00, 0x05, 0x00, 0x03, 0x01, 0x00, // mgMip1..........
	0x00, 0x73, 0x5f, 0x69, 0x6d, 0x67, 0x4d, 0x69, 0x70, 0x32, 0x00, 0x00, 0x00, 0x05, 0x00, 0x05, // .s_imgMip2......
	0x00, 0x3d, 0x01, 0x00, 0x00, 0x73, 0x5f, 0x69, 0x6d, 0x67, 0x4d, 0x69, 0x70, 0x33, 0x00, 0x00, // .=...s_imgMip3..
	0x00, 0x05, 0x00, 0x05, 0x00, 0x76, 0x01, 0x00, 0x00, 0x73, 0x5f, 0x69, 0x6d, 0x67, 0x4d, 0x69, // .....v...s_imgMi
	0x70, 0x34, 0x00, 0x00, 0x00, 0x05, 0x00, 0x08, 0x00, 0x89, 0x01, 0x00, 0x00, 0x67, 0x6c, 0x5f, // p4...........gl_
	0x4c, 0x6f, 0x63, 0x61, 0x6c, 0x49, 0x6e, 0x76, 0x6f, 0x63, 0x61, 0x74, 0x69, 0x6f, 0x6e, 0x49, // LocalInvocationI
	0x6e, 0x64, 0x65, 0x78, 0x00, 0x05, 0x00, 0x08, 0x00, 0x8d, 0x01, 0x00, 0x00, 0x67, 0x6c, 0x5f, // ndex.........gl_
	0x47, 0x6c, 0x6f, 0x62, 0x61, 0x6c, 0x49, 0x6e, 0x76, 0x6f, 0x63, 0x61, 0x74, 0x69, 0x6f, 0x6e, // GlobalInvocation
	0x49, 0x44, 0x00, 0x00, 0x00, 0x47, 0x00, 0x04, 0x00, 0x35, 0x00, 0x00, 0x00, 0x21, 0x00, 0x00, // ID...G...5...!..
	0x00, 0x16, 0x00, 0x00, 0x00, 0x47, 0x00, 0x04, 0x00, 0x35, 0x00, 0x00, 0x00, 0x22, 0x00, 0x00, // .....G...5..."..
	0x00, 0x00, 0x00, 0x00, 0x00, 0x47, 0x00, 0x04, 0x00, 0x38, 0x00, 0x00, 0x00, 0x21, 0x00, 0x00, // .....G...8...!..
	0x00, 0x06, 0x00, 0x00, 0x00, 0x47, 0x00, 0x04, 0x00, 0x38, 0x00, 0x00, 0x00, 0x22, 0x00, 0x00, // .....G...8..."..
	0x00, 0x00, 0x00, 0x00, 0x00, 0x47, 0x00, 0x03, 0x00, 0x83, 0x00, 0x00, 0x00, 0x02, 0x00, 0x00, // .....G..........
	0x00, 0x48, 0x00, 0x05, 0x00, 0x83, 0x00, 0x00, 0x00, 0x00, 0x00, 0x00, 0x00, 0x23, 0x00, 0x00, // .H...........#..
	0x00, 0x00, 0x00, 0x00, 0x00, 0x47, 0x00, 0x04, 0x00, 0x85, 0x00, 0x00, 0x00, 0x21, 0x00, 0x00, // .....G.......!..
	0x00, 0x00, 0x00, 0x00, 0x00, 0x47, 0x00, 0x04, 0x00, 0x85, 0x00, 0x00, 0x00, 0x22, 0x00, 0x00, // .....G......."..
	0x00, 0x00, 0x00, 0x00, 0x00, 0x47, 0x00, 0x03, 0x00, 0xc9, 0x00, 0x00, 0x00, 0x19, 0x00, 0x00, // .....G..........
	0x00, 0x47, 0x00, 0x04, 0x00, 0xc9, 0x00, 0x00, 0x00, 0x21, 0x00, 0x00, 0x00, 0x02, 0x00, 0x00, // .G.......!......
	0x00, 0x47, 0x00, 0x04, 0x00, 0xc9, 0x00, 0x00, 0x00, 0x22, 0x00, 0x00, 0x00, 0x00, 0x00, 0x00, // .G......."......
	0x00, 0x47, 0x00, 0x03, 0x00, 0x03, 0x01, 0x00, 0x00, 0x19, 0x00, 0x00, 0x00, 0x47, 0x00, 0x04, // .G...........G..
	0x00, 0x03, 0x01, 0x00, 0x00, 0x21, 0x00, 0x00, 0x00, 0x03, 0x00, 0x00, 0x00, 0x47, 0x00, 0x04, // .....!.......G..
	0x00, 0x03, 0x01, 0x00, 0x00, 0x22, 0x00, 0x00, 0x00, 0x00, 0x00, 0x00, 0x00, 0x47, 0x00, 0x03, // .....".......G..
	0x00, 0x3d, 0x01, 0x00, 0x00, 0x19, 0x00, 0x00, 0x00, 0x47, 0x00, 0x04, 0x00, 0x3d, 0x01, 0x00, // .=.......G...=..
	0x00, 0x21, 0x00, 0x00, 0x00, 0x04, 0x00, 0x00, 0x00, 0x47, 0x00, 0x04, 0x00, 0x3d, 0x01, 0x00, // .!.......G...=..
	0x00, 0x22, 0x00, 0x00, 0x00, 0x00, 0x00, 0x00, 0x00, 0x47, 0x00, 0x03, 0x00, 0x76, 0x01, 0x00, // .".......G...v..
	0x00, 0x19, 0x00, 0x00, 0x00, 0x47, 0x00, 0x04, 0x00, 0x76, 0x01, 0x00, 0x00, 0x21, 0x00, 0x00, // .....G...v...!..
	0x00, 0x05, 0x00, 0x00, 0x00, 0x47, 0x00, 0x04, 0x00, 0x76, 0x01, 0x00, 0x00, 0x22, 0x00, 0x00, // .....G...v..."..
	0x00, 0x00, 0x00, 0x00, 0x00, 0x47, 0x00, 0x04, 0x00, 0x89, 0x01, 0x00, 0x00, 0x0b, 0x00, 0x00, // .....G..........
	0x00, 0x1d, 0x00, 0x00, 0x00, 0x47, 0x00, 0x04, 0x00, 0x8d, 0x01, 0x00, 0x00, 0x0b, 0x00, 0x00, // .....G..........
	0x00, 0x1c, 0x00, 0x00, 0x00, 0x13, 0x00, 0x02, 0x00, 0x02, 0x00, 0x00, 0x00, 0x21, 0x00, 0x03, // .............!..
	0x00, 0x03, 0x00, 0x00, 0x00, 0x02, 0x00, 0x00, 0x00, 0x1a, 0x00, 0x02, 0x00, 0x06, 0x00, 0x00, // ................
	0x00, 0x16, 0x00, 0x03, 0x00, 0x07, 0x00, 0x00, 0x00, 0x20, 0x00, 0x00, 0x00, 0x19, 0x00, 0x09, // ......... ......
	0x00, 0x08, 0x00, 0x00, 0x00, 0x07, 0x00, 0x00, 0x00, 0x01, 0x00, 0x00, 0x00, 0x00, 0x00, 0x00, // ................
	0x00, 0x01, 0x00, 0x00, 0x00, 0x00, 0x00, 0x00, 0x00, 0x01, 0x00, 0x00, 0x00, 0x00, 0x00, 0x00, // ................
	0x00, 0x17, 0x00, 0x04, 0x00, 0x0b, 0x00, 0x00, 0x00, 0x07, 0x00, 0x00, 0x00, 0x03, 0x00, 0x00, // ................
	0x00, 0x17, 0x00, 0x04, 0x00, 0x0e, 0x00, 0x00, 0x00, 0x07, 0x00, 0x00, 0x00, 0x04, 0x00, 0x00, // ................
	0x00, 0x15, 0x00, 0x04, 0x00, 0x17, 0x00, 0x00, 0x00, 0x20, 0x00, 0x00, 0x00, 0x01, 0x00, 0x00, // ......... ......
	0x00, 0x17, 0x00, 0x04, 0x00, 0x18, 0x00, 0x00, 0x00, 0x17, 0x00, 0x00, 0x00, 0x03, 0x00, 0x00, // ................
	0x00, 0x15, 0x00, 0x04, 0x00, 0x21, 0x00, 0x00, 0x00, 0x20, 0x00, 0x00, 0x00, 0x00, 0x00, 0x00, // .....!... ......
	0x00, 0x20, 0x00, 0x04, 0x00, 0x34, 0x00, 0x00, 0x00, 0x00, 0x00, 0x00, 0x00, 0x06, 0x00, 0x00, // . ...4..........
	0x00, 0x3b, 0x00, 0x04, 0x00, 0x34, 0x00, 0x00, 0x00, 0x35, 0x00, 0x00, 0x00, 0x00, 0x00, 0x00, // .;...4...5......
	0x00, 0x20, 0x00, 0x04, 0x00, 0x37, 0x00, 0x00, 0x00, 0x00, 0x00, 0x00, 0x00, 0x08, 0x00, 0x00, // . ...7..........
	0x00, 0x3b, 0x00, 0x04, 0x00, 0x37, 0x00, 0x00, 0x00, 0x38, 0x00, 0x00, 0x00, 0x00, 0x00, 0x00, // .;...7...8......
	0x00, 0x2b, 0x00, 0x04, 0x00, 0x17, 0x00, 0x00, 0x00, 0x3f, 0x00, 0x00, 0x00, 0x00, 0x00, 0x00, // .+.......?......
	0x00, 0x1b, 0x00, 0x03, 0x00, 0x43, 0x00, 0x00, 0x00, 0x08, 0x00, 0x00, 0x00, 0x2b, 0x00, 0x04, // .....C.......+..
	0x00, 0x21, 0x00, 0x00, 0x00, 0x4f, 0x00, 0x00, 0x00, 0x40, 0x00, 0x00, 0x00, 0x1c, 0x00, 0x04, // .!...O...@......
	0x00, 0x50, 0x00, 0x00, 0x00, 0x07, 0x00, 0x00, 0x00, 0x4f, 0x00, 0x00, 0x00, 0x20, 0x00, 0x04, // .P.......O... ..
	0x00, 0x51, 0x00, 0x00, 0x00, 0x04, 0x00, 0x00, 0x00, 0x50, 0x00, 0x00, 0x00, 0x3b, 0x00, 0x04, // .Q.......P...;..
	0x00, 0x51, 0x00, 0x00, 0x00, 0x52, 0x00, 0x00, 0x00, 0x04, 0x00, 0x00, 0x00, 0x2b, 0x00, 0x04, // .Q...R.......+..
	0x00, 0x21, 0x00, 0x00, 0x00, 0x54, 0x00, 0x00, 0x00, 0x00, 0x00, 0x00, 0x00, 0x20, 0x00, 0x04, // .!...T....... ..
	0x00, 0x57, 0x00, 0x00, 0x00, 0x04, 0x00, 0x00, 0x00, 0x07, 0x00, 0x00, 0x00, 0x3b, 0x00, 0x04, // .W...........;..
	0x00, 0x51, 0x00, 0x00, 0x00, 0x59, 0x00, 0x00, 0x00, 0x04, 0x00, 0x00, 0x00, 0x2b, 0x00, 0x04, // .Q...Y.......+..
	0x00, 0x21, 0x00, 0x00, 0x00, 0x5b, 0x00, 0x00, 0x00, 0x01, 0x00, 0x00, 0x00, 0x3b, 0x00, 0x04, // .!...[.......;..
	0x00, 0x51, 0x00, 0x00, 0x00, 0x5f, 0x00, 0x00, 0x00, 0x04, 0x00, 0x00, 0x00, 0x2b, 0x00, 0x04, // .Q..._.......+..
	0x00, 0x21, 0x00, 0x00, 0x00, 0x61, 0x00, 0x00, 0x00, 0x02, 0x00, 0x00, 0x00, 0x3b, 0x00, 0x04, // .!...a.......;..
	0x00, 0x51, 0x00, 0x00, 0x00, 0x65, 0x00, 0x00, 0x00, 0x04, 0x00, 0x00, 0x00, 0x2b, 0x00, 0x04, // .Q...e.......+..
	0x00, 0x21, 0x00, 0x00, 0x00, 0x67, 0x00, 0x00, 0x00, 0x03, 0x00, 0x00, 0x00, 0x17, 0x00, 0x04, // .!...g..........
	0x00, 0x7d, 0x00, 0x00, 0x00, 0x21, 0x00, 0x00, 0x00, 0x03, 0x00, 0x00, 0x00, 0x1e, 0x00, 0x03, // .}...!..........
	0x00, 0x83, 0x00, 0x00, 0x00, 0x0e, 0x00, 0x00, 0x00, 0x20, 0x00, 0x04, 0x00, 0x84, 0x00, 0x00, // ......... ......
	0x00, 0x02, 0x00, 0x00, 0x00, 0x83, 0x00, 0x00, 0x00, 0x3b, 0x00, 0x04, 0x00, 0x84, 0x00, 0x00, // .........;......
	0x00, 0x85, 0x00, 0x00, 0x00, 0x02, 0x00, 0x00, 0x00, 0x20, 0x00, 0x04, 0x00, 0x86, 0x00, 0x00, // ......... ......
	0x00, 0x02, 0x00, 0x00, 0x00, 0x07, 0x00, 0x00, 0x00, 0x17, 0x00, 0x04, 0x00, 0x8e, 0x00, 0x00, // ................
	0x00, 0x07, 0x00, 0x00, 0x00, 0x02, 0x00, 0x00, 0x00, 0x20, 0x00, 0x04, 0x00, 0x91, 0x00, 0x00, // ......... ......
	0x00, 0x02, 0x00, 0x00, 0x00, 0x0e, 0x00, 0x00, 0x00, 0x17, 0x00, 0x04, 0x00, 0x9a, 0x00, 0x00, // ................
	0x00, 0x21, 0x00, 0x00, 0x00, 0x02, 0x00, 0x00, 0x00, 0x2b, 0x00, 0x04, 0x00, 0x07, 0x00, 0x00, // .!.......+......
	0x00, 0x9e, 0x00, 0x00, 0x00, 0x00, 0x00, 0x00, 0x3f, 0x2b, 0x00, 0x04, 0x00, 0x07, 0x00, 0x00, // ........?+......
	0x00, 0x9f, 0x00, 0x00, 0x00, 0x00, 0x00, 0x80, 0x3e, 0x2c, 0x00, 0x05, 0x00, 0x8e, 0x00, 0x00, // ........>,......
	0x00, 0xa0, 0x00, 0x00, 0x00, 0x9e, 0x00, 0x00, 0x00, 0x9f, 0x00, 0x00, 0x00, 0x2b, 0x00, 0x04, // .............+..
	0x00, 0x07, 0x00, 0x00, 0x00, 0xa5, 0x00, 0x00, 0x00, 0x00, 0x00, 0x00, 0x00, 0x2c, 0x00, 0x05, // .............,..
	0x00, 0x8e, 0x00, 0x00, 0x00, 0xa6, 0x00, 0x00, 0x00, 0xa5, 0x00, 0x00, 0x00, 0x9e, 0x00, 0x00, // ................
	0x00, 0x19, 0x00, 0x09, 0x00, 0xc7, 0x00, 0x00, 0x00, 0x07, 0x00, 0x00, 0x00, 0x01, 0x00, 0x00, // ................
	0x00, 0x00, 0x00, 0x00, 0x00, 0x01, 0x00, 0x00, 0x00, 0x00, 0x00, 0x00, 0x00, 0x02, 0x00, 0x00, // ................
	0x00, 0x04, 0x00, 0x00, 0x00, 0x20, 0x00, 0x04, 0x00, 0xc8, 0x00, 0x00, 0x00, 0x00, 0x00, 0x00, // ..... ..........
	0x00, 0xc7, 0x00, 0x00, 0x00, 0x3b, 0x00, 0x04, 0x00, 0xc8, 0x00, 0x00, 0x00, 0xc9, 0x00, 0x00, // .....;..........
	0x00, 0x00, 0x00, 0x00, 0x00, 0x17, 0x00, 0x04, 0x00, 0xcc, 0x00, 0x00, 0x00, 0x17, 0x00, 0x00, // ................
	0x00, 0x02, 0x00, 0x00, 0x00, 0x14, 0x00, 0x02, 0x00, 0xda, 0x00, 0x00, 0x00, 0x2b, 0x00, 0x04, // .............+..
	0x00, 0x21, 0x00, 0x00, 0x00, 0xe4, 0x00, 0x00, 0x00, 0x08, 0x01, 0x00, 0x00, 0x2b, 0x00, 0x04, // .!...........+..
	0x00, 0x21, 0x00, 0x00, 0x00, 0xe6, 0x00, 0x00, 0x00, 0x09, 0x00, 0x00, 0x00, 0x2b, 0x00, 0x04, // .!...........+..
	0x00, 0x21, 0x00, 0x00, 0x00, 0xf2, 0x00, 0x00, 0x00, 0x08, 0x00, 0x00, 0x00, 0x3b, 0x00, 0x04, // .!...........;..
	0x00, 0xc8, 0x00, 0x00, 0x00, 0x03, 0x01, 0x00, 0x00, 0x00, 0x00, 0x00, 0x00, 0x2b, 0x00, 0x04, // .............+..
	0x00, 0x21, 0x00, 0x00, 0x00, 0x1f, 0x01, 0x00, 0x00, 0x1b, 0x00, 0x00, 0x00, 0x2b, 0x00, 0x04, // .!...........+..
	0x00, 0x21, 0x00, 0x00, 0x00, 0x2b, 0x01, 0x00, 0x00, 0x10, 0x00, 0x00, 0x00, 0x2b, 0x00, 0x04, // .!...+.......+..
	0x00, 0x21, 0x00, 0x00, 0x00, 0x31, 0x01, 0x00, 0x00, 0x12, 0x00, 0x00, 0x00, 0x3b, 0x00, 0x04, // .!...1.......;..
	0x00, 0xc8, 0x00, 0x00, 0x00, 0x3d, 0x01, 0x00, 0x00, 0x00, 0x00, 0x00, 0x00, 0x2b, 0x00, 0x04, // .....=.......+..
	0x00, 0x21, 0x00, 0x00, 0x00, 0x40, 0x01, 0x00, 0x00, 0x04, 0x00, 0x00, 0x00, 0x2b, 0x00, 0x04, // .!...@.......+..
	0x00, 0x21, 0x00, 0x00, 0x00, 0x64, 0x01, 0x00, 0x00, 0x20, 0x00, 0x00, 0x00, 0x2b, 0x00, 0x04, // .!...d... ...+..
	0x00, 0x21, 0x00, 0x00, 0x00, 0x6a, 0x01, 0x00, 0x00, 0x24, 0x00, 0x00, 0x00, 0x3b, 0x00, 0x04, // .!...j...$...;..
	0x00, 0xc8, 0x00, 0x00, 0x00, 0x76, 0x01, 0x00, 0x00, 0x00, 0x00, 0x00, 0x00, 0x20, 0x00, 0x04, // .....v....... ..
	0x00, 0x88, 0x01, 0x00, 0x00, 0x01, 0x00, 0x00, 0x00, 0x17, 0x00, 0x00, 0x00, 0x3b, 0x00, 0x04, // .............;..
	0x00, 0x88, 0x01, 0x00, 0x00, 0x89, 0x01, 0x00, 0x00, 0x01, 0x00, 0x00, 0x00, 0x20, 0x00, 0x04, // ............. ..
	0x00, 0x8c, 0x01, 0x00, 0x00, 0x01, 0x00, 0x00, 0x00, 0x18, 0x00, 0x00, 0x00, 0x3b, 0x00, 0x04, // .............;..
	0x00, 0x8c, 0x01, 0x00, 0x00, 0x8d, 0x01, 0x00, 0x00, 0x01, 0x00, 0x00, 0x00, 0x2c, 0x00, 0x05, // .............,..
	0x00, 0x9a, 0x00, 0x00, 0x00, 0x96, 0x03, 0x00, 0x00, 0x61, 0x00, 0x00, 0x00, 0x61, 0x00, 0x00, // .........a...a..
	0x00, 0x2c, 0x00, 0x05, 0x00, 0x9a, 0x00, 0x00, 0x00, 0x97, 0x03, 0x00, 0x00, 0x40, 0x01, 0x00, // .,...........@..
	0x00, 0x40, 0x01, 0x00, 0x00, 0x2c, 0x00, 0x05, 0x00, 0x9a, 0x00, 0x00, 0x00, 0x98, 0x03, 0x00, // .@...,..........
	0x00, 0xf2, 0x00, 0x00, 0x00, 0xf2, 0x00, 0x00, 0x00, 0x36, 0x00, 0x05, 0x00, 0x02, 0x00, 0x00, // .........6......
	0x00, 0x04, 0x00, 0x00, 0x00, 0x00, 0x00, 0x00, 0x00, 0x03, 0x00, 0x00, 0x00, 0xf8, 0x00, 0x02, // ................
	0x00, 0x05, 0x00, 0x00, 0x00, 0x3d, 0x00, 0x04, 0x00, 0x06, 0x00, 0x00, 0x00, 0x36, 0x00, 0x00, // .....=.......6..
	0x00, 0x35, 0x00, 0x00, 0x00, 0x3d, 0x00, 0x04, 0x00, 0x08, 0x00, 0x00, 0x00, 0x39, 0x00, 0x00, // .5...=.......9..
	0x00, 0x38, 0x00, 0x00, 0x00, 0x3d, 0x00, 0x04, 0x00, 0x17, 0x00, 0x00, 0x00, 0x8a, 0x01, 0x00, // .8...=..........
	0x00, 0x89, 0x01, 0x00, 0x00, 0x3d, 0x00, 0x04, 0x00, 0x18, 0x00, 0x00, 0x00, 0x8e, 0x01, 0x00, // .....=..........
	0x00, 0x8d, 0x01, 0x00, 0x00, 0xf7, 0x00, 0x03, 0x00, 0x9a, 0x02, 0x00, 0x00, 0x00, 0x00, 0x00, // ................
	0x00, 0xfb, 0x00, 0x03, 0x00, 0x54, 0x00, 0x00, 0x00, 0xe2, 0x01, 0x00, 0x00, 0xf8, 0x00, 0x02, // .....T..........
	0x00, 0xe2, 0x01, 0x00, 0x00, 0x7c, 0x00, 0x04, 0x00, 0x21, 0x00, 0x00, 0x00, 0xe4, 0x01, 0x00, // .....|...!......
	0x00, 0x8a, 0x01, 0x00, 0x00, 0x7c, 0x00, 0x04, 0x00, 0x7d, 0x00, 0x00, 0x00, 0xe6, 0x01, 0x00, // .....|...}......
	0x00, 0x8e, 0x01, 0x00, 0x00, 0x41, 0x00, 0x06, 0x00, 0x86, 0x00, 0x00, 0x00, 0xe7, 0x01, 0x00, // .....A..........
	0x00, 0x85, 0x00, 0x00, 0x00, 0x3f, 0x00, 0x00, 0x00, 0x54, 0x00, 0x00, 0x00, 0x3d, 0x00, 0x04, // .....?...T...=..
	0x00, 0x07, 0x00, 0x00, 0x00, 0xe8, 0x01, 0x00, 0x00, 0xe7, 0x01, 0x00, 0x00, 0x6d, 0x00, 0x04, // .............m..
	0x00, 0x21, 0x00, 0x00, 0x00, 0xe9, 0x01, 0x00, 0x00, 0xe8, 0x01, 0x00, 0x00, 0x41, 0x00, 0x06, // .!...........A..
	0x00, 0x86, 0x00, 0x00, 0x00, 0xea, 0x01, 0x00, 0x00, 0x85, 0x00, 0x00, 0x00, 0x3f, 0x00, 0x00, // .............?..
	0x00, 0x5b, 0x00, 0x00, 0x00, 0x3d, 0x00, 0x04, 0x00, 0x07, 0x00, 0x00, 0x00, 0xeb, 0x01, 0x00, // .[...=..........
	0x00, 0xea, 0x01, 0x00, 0x00, 0x6d, 0x00, 0x04, 0x00, 0x21, 0x00, 0x00, 0x00, 0xec, 0x01, 0x00, // .....m...!......
	0x00, 0xeb, 0x01, 0x00, 0x00, 0x41, 0x00, 0x05, 0x00, 0x91, 0x00, 0x00, 0x00, 0xed, 0x01, 0x00, // .....A..........
	0x00, 0x85, 0x00, 0x00, 0x00, 0x3f, 0x00, 0x00, 0x00, 0x3d, 0x00, 0x04, 0x00, 0x0e, 0x00, 0x00, // .....?...=......
	0x00, 0xee, 0x01, 0x00, 0x00, 0xed, 0x01, 0x00, 0x00, 0x4f, 0x00, 0x07, 0x00, 0x8e, 0x00, 0x00, // .........O......
	0x00, 0xef, 0x01, 0x00, 0x00, 0xee, 0x01, 0x00, 0x00, 0xee, 0x01, 0x00, 0x00, 0x02, 0x00, 0x00, // ................
	0x00, 0x03, 0x00, 0x00, 0x00, 0x51, 0x00, 0x05, 0x00, 0x21, 0x00, 0x00, 0x00, 0xf1, 0x01, 0x00, // .....Q...!......
	0x00, 0xe6, 0x01, 0x00, 0x00, 0x02, 0x00, 0x00, 0x00, 0x4f, 0x00, 0x07, 0x00, 0x9a, 0x00, 0x00, // .........O......
	0x00, 0xf4, 0x01, 0x00, 0x00, 0xe6, 0x01, 0x00, 0x00, 0xe6, 0x01, 0x00, 0x00, 0x00, 0x00, 0x00, // ................
	0x00, 0x01, 0x00, 0x00, 0x00, 0x70, 0x00, 0x04, 0x00, 0x8e, 0x00, 0x00, 0x00, 0xf5, 0x01, 0x00, // .....p..........
	0x00, 0xf4, 0x01, 0x00, 0x00, 0x81, 0x00, 0x05, 0x00, 0x8e, 0x00, 0x00, 0x00, 0xf6, 0x01, 0x00, // ................
	0x00, 0xf5, 0x01, 0x00, 0x00, 0xa0, 0x00, 0x00, 0x00, 0x85, 0x00, 0x05, 0x00, 0x8e, 0x00, 0x00, // ................
	0x00, 0xf7, 0x01, 0x00, 0x00, 0xef, 0x01, 0x00, 0x00, 0xf6, 0x01, 0x00, 0x00, 0x85, 0x00, 0x05, // ................
	0x00, 0x8e, 0x00, 0x00, 0x00, 0xf9, 0x01, 0x00, 0x00, 0xef, 0x01, 0x00, 0x00, 0xa6, 0x00, 0x00, // ................
	0x00, 0x70, 0x00, 0x04, 0x00, 0x07, 0x00, 0x00, 0x00, 0xfc, 0x01, 0x00, 0x00, 0xf1, 0x01, 0x00, // .p..............
	0x00, 0x51, 0x00, 0x05, 0x00, 0x07, 0x00, 0x00, 0x00, 0xfd, 0x01, 0x00, 0x00, 0xf7, 0x01, 0x00, // .Q..............
	0x00, 0x00, 0x00, 0x00, 0x00, 0x51, 0x00, 0x05, 0x00, 0x07, 0x00, 0x00, 0x00, 0xfe, 0x01, 0x00, // .....Q..........
	0x00, 0xf7, 0x01, 0x00, 0x00, 0x01, 0x00, 0x00, 0x00, 0x50, 0x00, 0x06, 0x00, 0x0b, 0x00, 0x00, // .........P......
	0x00, 0xff, 0x01, 0x00, 0x00, 0xfd, 0x01, 0x00, 0x00, 0xfe, 0x01, 0x00, 0x00, 0xfc, 0x01, 0x00, // ................
	0x00, 0x70, 0x00, 0x04, 0x00, 0x07, 0x00, 0x00, 0x00, 0x01, 0x02, 0x00, 0x00, 0xe9, 0x01, 0x00, // .p..............
	0x00, 0x56, 0x00, 0x05, 0x00, 0x43, 0x00, 0x00, 0x00, 0xa1, 0x02, 0x00, 0x00, 0x39, 0x00, 0x00, // .V...C.......9..
	0x00, 0x36, 0x00, 0x00, 0x00, 0x58, 0x00, 0x07, 0x00, 0x0e, 0x00, 0x00, 0x00, 0xa4, 0x02, 0x00, // .6...X..........
	0x00, 0xa1, 0x02, 0x00, 0x00, 0xff, 0x01, 0x00, 0x00, 0x02, 0x00, 0x00, 0x00, 0x01, 0x02, 0x00, // ................
	0x00, 0x81, 0x00, 0x05, 0x00, 0x8e, 0x00, 0x00, 0x00, 0x06, 0x02, 0x00, 0x00, 0xf7, 0x01, 0x00, // ................
	0x00, 0xf9, 0x01, 0x00, 0x00, 0x51, 0x00, 0x05, 0x00, 0x07, 0x00, 0x00, 0x00, 0x09, 0x02, 0x00, // .....Q..........
	0x00, 0x06, 0x02, 0x00, 0x00, 0x00, 0x00, 0x00, 0x00, 0x51, 0x00, 0x05, 0x00, 0x07, 0x00, 0x00, // .........Q......
	0x00, 0x0a, 0x02, 0x00, 0x00, 0x06, 0x02, 0x00, 0x00, 0x01, 0x00, 0x00, 0x00, 0x50, 0x00, 0x06, // .............P..
	0x00, 0x0b, 0x00, 0x00, 0x00, 0x0b, 0x02, 0x00, 0x00, 0x09, 0x02, 0x00, 0x00, 0x0a, 0x02, 0x00, // ................
	0x00, 0xfc, 0x01, 0x00, 0x00, 0x56, 0x00, 0x05, 0x00, 0x43, 0x00, 0x00, 0x00, 0xab, 0x02, 0x00, // .....V...C......
	0x00, 0x39, 0x00, 0x00, 0x00, 0x36, 0x00, 0x00, 0x00, 0x58, 0x00, 0x07, 0x00, 0x0e, 0x00, 0x00, // .9...6...X......
	0x00, 0xae, 0x02, 0x00, 0x00, 0xab, 0x02, 0x00, 0x00, 0x0b, 0x02, 0x00, 0x00, 0x02, 0x00, 0x00, // ................
	0x00, 0x01, 0x02, 0x00, 0x00, 0x81, 0x00, 0x05, 0x00, 0x0e, 0x00, 0x00, 0x00, 0x10, 0x02, 0x00, // ................
	0x00, 0xa4, 0x02, 0x00, 0x00, 0xae, 0x02, 0x00, 0x00, 0x8e, 0x00, 0x05, 0x00, 0x0e, 0x00, 0x00, // ................
	0x00, 0x11, 0x02, 0x00, 0x00, 0x10, 0x02, 0x00, 0x00, 0x9e, 0x00, 0x00, 0x00, 0x7c, 0x00, 0x04, // .............|..
	0x00, 0xcc, 0x00, 0x00, 0x00, 0x14, 0x02, 0x00, 0x00, 0xf4, 0x01, 0x00, 0x00, 0x7c, 0x00, 0x04, // .............|..
	0x00, 0x17, 0x00, 0x00, 0x00, 0x16, 0x02, 0x00, 0x00, 0xf1, 0x01, 0x00, 0x00, 0x51, 0x00, 0x05, // .............Q..
	0x00, 0x17, 0x00, 0x00, 0x00, 0x17, 0x02, 0x00, 0x00, 0x14, 0x02, 0x00, 0x00, 0x00, 0x00, 0x00, // ................
	0x00, 0x51, 0x00, 0x05, 0x00, 0x17, 0x00, 0x00, 0x00, 0x18, 0x02, 0x00, 0x00, 0x14, 0x02, 0x00, // .Q..............
	0x00, 0x01, 0x00, 0x00, 0x00, 0x50, 0x00, 0x06, 0x00, 0x18, 0x00, 0x00, 0x00, 0x19, 0x02, 0x00, // .....P..........
	0x00, 0x17, 0x02, 0x00, 0x00, 0x18, 0x02, 0x00, 0x00, 0x16, 0x02, 0x00, 0x00, 0x3d, 0x00, 0x04, // .............=..
	0x00, 0xc7, 0x00, 0x00, 0x00, 0x1a, 0x02, 0x00, 0x00, 0xc9, 0x00, 0x00, 0x00, 0x63, 0x00, 0x04, // .............c..
	0x00, 0x1a, 0x02, 0x00, 0x00, 0x19, 0x02, 0x00, 0x00, 0x11, 0x02, 0x00, 0x00, 0xaa, 0x00, 0x05, // ................
	0x00, 0xda, 0x00, 0x00, 0x00, 0x1e, 0x02, 0x00, 0x00, 0xec, 0x01, 0x00, 0x00, 0x5b, 0x00, 0x00, // .............[..
	0x00, 0xf7, 0x00, 0x03, 0x00, 0x20, 0x02, 0x00, 0x00, 0x00, 0x00, 0x00, 0x00, 0xfa, 0x00, 0x04, // ..... ..........
	0x00, 0x1e, 0x02, 0x00, 0x00, 0x1f, 0x02, 0x00, 0x00, 0x20, 0x02, 0x00, 0x00, 0xf8, 0x00, 0x02, // ......... ......
	0x00, 0x1f, 0x02, 0x00, 0x00, 0xf9, 0x00, 0x02, 0x00, 0x9a, 0x02, 0x00, 0x00, 0xf8, 0x00, 0x02, // ................
	0x00, 0x20, 0x02, 0x00, 0x00, 0x51, 0x00, 0x05, 0x00, 0x07, 0x00, 0x00, 0x00, 0xb8, 0x02, 0x00, // . ...Q..........
	0x00, 0x11, 0x02, 0x00, 0x00, 0x00, 0x00, 0x00, 0x00, 0x41, 0x00, 0x05, 0x00, 0x57, 0x00, 0x00, // .........A...W..
	0x00, 0xb9, 0x02, 0x00, 0x00, 0x52, 0x00, 0x00, 0x00, 0xe4, 0x01, 0x00, 0x00, 0x3e, 0x00, 0x03, // .....R.......>..
	0x00, 0xb9, 0x02, 0x00, 0x00, 0xb8, 0x02, 0x00, 0x00, 0x51, 0x00, 0x05, 0x00, 0x07, 0x00, 0x00, // .........Q......
	0x00, 0xbc, 0x02, 0x00, 0x00, 0x11, 0x02, 0x00, 0x00, 0x01, 0x00, 0x00, 0x00, 0x41, 0x00, 0x05, // .............A..
	0x00, 0x57, 0x00, 0x00, 0x00, 0xbd, 0x02, 0x00, 0x00, 0x59, 0x00, 0x00, 0x00, 0xe4, 0x01, 0x00, // .W.......Y......
	0x00, 0x3e, 0x00, 0x03, 0x00, 0xbd, 0x02, 0x00, 0x00, 0xbc, 0x02, 0x00, 0x00, 0x51, 0x00, 0x05, // .>...........Q..
	0x00, 0x07, 0x00, 0x00, 0x00, 0xc0, 0x02, 0x00, 0x00, 0x11, 0x02, 0x00, 0x00, 0x02, 0x00, 0x00, // ................
	0x00, 0x41, 0x00, 0x05, 0x00, 0x57, 0x00, 0x00, 0x00, 0xc1, 0x02, 0x00, 0x00, 0x5f, 0x00, 0x00, // .A...W......._..
	0x00, 0xe4, 0x01, 0x00, 0x00, 0x3e, 0x00, 0x03, 0x00, 0xc1, 0x02, 0x00, 0x00, 0xc0, 0x02, 0x00, // .....>..........
	0x00, 0x51, 0x00, 0x05, 0x00, 0x07, 0x00, 0x00, 0x00, 0xc4, 0x02, 0x00, 0x00, 0x11, 0x02, 0x00, // .Q..............
	0x00, 0x03, 0x00, 0x00, 0x00, 0x41, 0x00, 0x05, 0x00, 0x57, 0x00, 0x00, 0x00, 0xc5, 0x02, 0x00, // .....A...W......
	0x00, 0x65, 0x00, 0x00, 0x00, 0xe4, 0x01, 0x00, 0x00, 0x3e, 0x00, 0x03, 0x00, 0xc5, 0x02, 0x00, // .e.......>......
	0x00, 0xc4, 0x02, 0x00, 0x00, 0xe0, 0x00, 0x04, 0x00, 0x61, 0x00, 0x00, 0x00, 0x61, 0x00, 0x00, // .........a...a..
	0x00, 0xe4, 0x00, 0x00, 0x00, 0xc7, 0x00, 0x05, 0x00, 0x21, 0x00, 0x00, 0x00, 0x25, 0x02, 0x00, // .........!...%..
	0x00, 0xe4, 0x01, 0x00, 0x00, 0xe6, 0x00, 0x00, 0x00, 0xaa, 0x00, 0x05, 0x00, 0xda, 0x00, 0x00, // ................
	0x00, 0x26, 0x02, 0x00, 0x00, 0x25, 0x02, 0x00, 0x00, 0x54, 0x00, 0x00, 0x00, 0xf7, 0x00, 0x03, // .&...%...T......
	0x00, 0x49, 0x02, 0x00, 0x00, 0x00, 0x00, 0x00, 0x00, 0xfa, 0x00, 0x04, 0x00, 0x26, 0x02, 0x00, // .I...........&..
	0x00, 0x27, 0x02, 0x00, 0x00, 0x49, 0x02, 0x00, 0x00, 0xf8, 0x00, 0x02, 0x00, 0x27, 0x02, 0x00, // .'...I.......'..
	0x00, 0x80, 0x00, 0x05, 0x00, 0x21, 0x00, 0x00, 0x00, 0x29, 0x02, 0x00, 0x00, 0xe4, 0x01, 0x00, // .....!...)......
	0x00, 0x5b, 0x00, 0x00, 0x00, 0x41, 0x00, 0x05, 0x00, 0x57, 0x00, 0x00, 0x00, 0xc9, 0x02, 0x00, // .[...A...W......
	0x00, 0x52, 0x00, 0x00, 0x00, 0x29, 0x02, 0x00, 0x00, 0x3d, 0x00, 0x04, 0x00, 0x07, 0x00, 0x00, // .R...)...=......
	0x00, 0xca, 0x02, 0x00, 0x00, 0xc9, 0x02, 0x00, 0x00, 0x41, 0x00, 0x05, 0x00, 0x57, 0x00, 0x00, // .........A...W..
	0x00, 0xcc, 0x02, 0x00, 0x00, 0x59, 0x00, 0x00, 0x00, 0x29, 0x02, 0x00, 0x00, 0x3d, 0x00, 0x04, // .....Y...)...=..
	0x00, 0x07, 0x00, 0x00, 0x00, 0xcd, 0x02, 0x00, 0x00, 0xcc, 0x02, 0x00, 0x00, 0x41, 0x00, 0x05, // .............A..
	0x00, 0x57, 0x00, 0x00, 0x00, 0xcf, 0x02, 0x00, 0x00, 0x5f, 0x00, 0x00, 0x00, 0x29, 0x02, 0x00, // .W......._...)..
	0x00, 0x3d, 0x00, 0x04, 0x00, 0x07, 0x00, 0x00, 0x00, 0xd0, 0x02, 0x00, 0x00, 0xcf, 0x02, 0x00, // .=..............
	0x00, 0x41, 0x00, 0x05, 0x00, 0x57, 0x00, 0x00, 0x00, 0xd2, 0x02, 0x00, 0x00, 0x65, 0x00, 0x00, // .A...W.......e..
	0x00, 0x29, 0x02, 0x00, 0x00, 0x3d, 0x00, 0x04, 0x00, 0x07, 0x00, 0x00, 0x00, 0xd3, 0x02, 0x00, // .)...=..........
	0x00, 0xd2, 0x02, 0x00, 0x00, 0x50, 0x00, 0x07, 0x00, 0x0e, 0x00, 0x00, 0x00, 0xd4, 0x02, 0x00, // .....P..........
	0x00, 0xca, 0x02, 0x00, 0x00, 0xcd, 0x02, 0x00, 0x00, 0xd0, 0x02, 0x00, 0x00, 0xd3, 0x02, 0x00, // ................
	0x00, 0x80, 0x00, 0x05, 0x00, 0x21, 0x00, 0x00, 0x00, 0x2c, 0x02, 0x00, 0x00, 0xe4, 0x01, 0x00, // .....!...,......
	0x00, 0xf2, 0x00, 0x00, 0x00, 0x41, 0x00, 0x05, 0x00, 0x57, 0x00, 0x00, 0x00, 0xd8, 0x02, 0x00, // .....A...W......
	0x00, 0x52, 0x00, 0x00, 0x00, 0x2c, 0x02, 0x00, 0x00, 0x3d, 0x00, 0x04, 0x00, 0x07, 0x00, 0x00, // .R...,...=......
	0x00, 0xd9, 0x02, 0x00, 0x00, 0xd8, 0x02, 0x00, 0x00, 0x41, 0x00, 0x05, 0x00, 0x57, 0x00, 0x00, // .........A...W..
	0x00, 0xdb, 0x02, 0x00, 0x00, 0x59, 0x00, 0x00, 0x00, 0x2c, 0x02, 0x00, 0x00, 0x3d, 0x00, 0x04, // .....Y...,...=..
	0x00, 0x07, 0x00, 0x00, 0x00, 0xdc, 0x02, 0x00, 0x00, 0xdb, 0x02, 0x00, 0x00, 0x41, 0x00, 0x05, // .............A..
	0x00, 0x57, 0x00, 0x00, 0x00, 0xde, 0x02, 0x00, 0x00, 0x5f, 0x00, 0x00, 0x00, 0x2c, 0x02, 0x00, // .W......._...,..
	0x00, 0x3d, 0x00, 0x04, 0x00, 0x07, 0x00, 0x00, 0x00, 0xdf, 0x02, 0x00, 0x00, 0xde, 0x02, 0x00, // .=..............
	0x00, 0x41, 0x00, 0x05, 0x00, 0x57, 0x00, 0x00, 0x00, 0xe1, 0x02, 0x00, 0x00, 0x65, 0x00, 0x00, // .A...W.......e..
	0x00, 0x2c, 0x02, 0x00, 0x00, 0x3d, 0x00, 0x04, 0x00, 0x07, 0x00, 0x00, 0x00, 0xe2, 0x02, 0x00, // .,...=..........
	0x00, 0xe1, 0x02, 0x00, 0x00, 0x50, 0x00, 0x07, 0x00, 0x0e, 0x00, 0x00, 0x00, 0xe3, 0x02, 0x00, // .....P..........
	0x00, 0xd9, 0x02, 0x00, 0x00, 0xdc, 0x02, 0x00, 0x00, 0xdf, 0x02, 0x00, 0x00, 0xe2, 0x02, 0x00, // ................
	0x00, 0x80, 0x00, 0x05, 0x00, 0x21, 0x00, 0x00, 0x00, 0x2f, 0x02, 0x00, 0x00, 0xe4, 0x01, 0x00, // .....!.../......
	0x00, 0xe6, 0x00, 0x00, 0x00, 0x41, 0x00, 0x05, 0x00, 0x57, 0x00, 0x00, 0x00, 0xe7, 0x02, 0x00, // .....A...W......
	0x00, 0x52, 0x00, 0x00, 0x00, 0x2f, 0x02, 0x00, 0x00, 0x3d, 0x00, 0x04, 0x00, 0x07, 0x00, 0x00, // .R.../...=......
	0x00, 0xe8, 0x02, 0x00, 0x00, 0xe7, 0x02, 0x00, 0x00, 0x41, 0x00, 0x05, 0x00, 0x57, 0x00, 0x00, // .........A...W..
	0x00, 0xea, 0x02, 0x00, 0x00, 0x59, 0x00, 0x00, 0x00, 0x2f, 0x02, 0x00, 0x00, 0x3d, 0x00, 0x04, // .....Y.../...=..
	0x00, 0x07, 0x00, 0x00, 0x00, 0xeb, 0x02, 0x00, 0x00, 0xea, 0x02, 0x00, 0x00, 0x41, 0x00, 0x05, // .............A..
	0x00, 0x57, 0x00, 0x00, 0x00, 0xed, 0x02, 0x00, 0x00, 0x5f, 0x00, 0x00, 0x00, 0x2f, 0x02, 0x00, // .W......._.../..
	0x00, 0x3d, 0x00, 0x04, 0x00, 0x07, 0x00, 0x00, 0x00, 0xee, 0x02, 0x00, 0x00, 0xed, 0x02, 0x00, // .=..............
	0x00, 0x41, 0x00, 0x05, 0x00, 0x57, 0x00, 0x00, 0x00, 0xf0, 0x02, 0x00, 0x00, 0x65, 0x00, 0x00, // .A...W.......e..
	0x00, 0x2f, 0x02, 0x00, 0x00, 0x3d, 0x00, 0x04, 0x00, 0x07, 0x00, 0x00, 0x00, 0xf1, 0x02, 0x00, // ./...=..........
	0x00, 0xf0, 0x02, 0x00, 0x00, 0x50, 0x00, 0x07, 0x00, 0x0e, 0x00, 0x00, 0x00, 0xf2, 0x02, 0x00, // .....P..........
	0x00, 0xe8, 0x02, 0x00, 0x00, 0xeb, 0x02, 0x00, 0x00, 0xee, 0x02, 0x00, 0x00, 0xf1, 0x02, 0x00, // ................
	0x00, 0x81, 0x00, 0x05, 0x00, 0x0e, 0x00, 0x00, 0x00, 0x33, 0x02, 0x00, 0x00, 0x11, 0x02, 0x00, // .........3......
	0x00, 0xd4, 0x02, 0x00, 0x00, 0x81, 0x00, 0x05, 0x00, 0x0e, 0x00, 0x00, 0x00, 0x35, 0x02, 0x00, // .............5..
	0x00, 0x33, 0x02, 0x00, 0x00, 0xe3, 0x02, 0x00, 0x00, 0x81, 0x00, 0x05, 0x00, 0x0e, 0x00, 0x00, // .3..............
	0x00, 0x37, 0x02, 0x00, 0x00, 0x35, 0x02, 0x00, 0x00, 0xf2, 0x02, 0x00, 0x00, 0x8e, 0x00, 0x05, // .7...5..........
	0x00, 0x0e, 0x00, 0x00, 0x00, 0x38, 0x02, 0x00, 0x00, 0x37, 0x02, 0x00, 0x00, 0x9f, 0x00, 0x00, // .....8...7......
	0x00, 0x86, 0x00, 0x05, 0x00, 0x9a, 0x00, 0x00, 0x00, 0x3c, 0x02, 0x00, 0x00, 0xf4, 0x01, 0x00, // .........<......
	0x00, 0x96, 0x03, 0x00, 0x00, 0x7c, 0x00, 0x04, 0x00, 0xcc, 0x00, 0x00, 0x00, 0x3d, 0x02, 0x00, // .....|.......=..
	0x00, 0x3c, 0x02, 0x00, 0x00, 0x51, 0x00, 0x05, 0x00, 0x17, 0x00, 0x00, 0x00, 0x40, 0x02, 0x00, // .<...Q.......@..
	0x00, 0x3d, 0x02, 0x00, 0x00, 0x00, 0x00, 0x00, 0x00, 0x51, 0x00, 0x05, 0x00, 0x17, 0x00, 0x00, // .=.......Q......
	0x00, 0x41, 0x02, 0x00, 0x00, 0x3d, 0x02, 0x00, 0x00, 0x01, 0x00, 0x00, 0x00, 0x50, 0x00, 0x06, // .A...=.......P..
	0x00, 0x18, 0x00, 0x00, 0x00, 0x42, 0x02, 0x00, 0x00, 0x40, 0x02, 0x00, 0x00, 0x41, 0x02, 0x00, // .....B...@...A..
	0x00, 0x16, 0x02, 0x00, 0x00, 0x3d, 0x00, 0x04, 0x00, 0xc7, 0x00, 0x00, 0x00, 0x43, 0x02, 0x00, // .....=.......C..
	0x00, 0x03, 0x01, 0x00, 0x00, 0x63, 0x00, 0x04, 0x00, 0x43, 0x02, 0x00, 0x00, 0x42, 0x02, 0x00, // .....c...C...B..
	0x00, 0x38, 0x02, 0x00, 0x00, 0x51, 0x00, 0x05, 0x00, 0x07, 0x00, 0x00, 0x00, 0xfc, 0x02, 0x00, // .8...Q..........
	0x00, 0x38, 0x02, 0x00, 0x00, 0x00, 0x00, 0x00, 0x00, 0x3e, 0x00, 0x03, 0x00, 0xb9, 0x02, 0x00, // .8.......>......
	0x00, 0xfc, 0x02, 0x00, 0x00, 0x51, 0x00, 0x05, 0x00, 0x07, 0x00, 0x00, 0x00, 0x00, 0x03, 0x00, // .....Q..........
	0x00, 0x38, 0x02, 0x00, 0x00, 0x01, 0x00, 0x00, 0x00, 0x3e, 0x00, 0x03, 0x00, 0xbd, 0x02, 0x00, // .8.......>......
	0x00, 0x00, 0x03, 0x00, 0x00, 0x51, 0x00, 0x05, 0x00, 0x07, 0x00, 0x00, 0x00, 0x04, 0x03, 0x00, // .....Q..........
	0x00, 0x38, 0x02, 0x00, 0x00, 0x02, 0x00, 0x00, 0x00, 0x3e, 0x00, 0x03, 0x00, 0xc1, 0x02, 0x00, // .8.......>......
	0x00, 0x04, 0x03, 0x00, 0x00, 0x51, 0x00, 0x05, 0x00, 0x07, 0x00, 0x00, 0x00, 0x08, 0x03, 0x00, // .....Q..........
	0x00, 0x38, 0x02, 0x00, 0x00, 0x03, 0x00, 0x00, 0x00, 0x3e, 0x00, 0x03, 0x00, 0xc5, 0x02, 0x00, // .8.......>......
	0x00, 0x08, 0x03, 0x00, 0x00, 0xf9, 0x00, 0x02, 0x00, 0x49, 0x02, 0x00, 0x00, 0xf8, 0x00, 0x02, // .........I......
	0x00, 0x49, 0x02, 0x00, 0x00, 0xf5, 0x00, 0x07, 0x00, 0x0e, 0x00, 0x00, 0x00, 0x99, 0x03, 0x00, // .I..............
	0x00, 0x11, 0x02, 0x00, 0x00, 0x20, 0x02, 0x00, 0x00, 0x38, 0x02, 0x00, 0x00, 0x27, 0x02, 0x00, // ..... ...8...'..
	0x00, 0xaa, 0x00, 0x05, 0x00, 0xda, 0x00, 0x00, 0x00, 0x4b, 0x02, 0x00, 0x00, 0xec, 0x01, 0x00, // .........K......
	0x00, 0x61, 0x00, 0x00, 0x00, 0xf7, 0x00, 0x03, 0x00, 0x4d, 0x02, 0x00, 0x00, 0x00, 0x00, 0x00, // .a.......M......
	0x00, 0xfa, 0x00, 0x04, 0x00, 0x4b, 0x02, 0x00, 0x00, 0x4c, 0x02, 0x00, 0x00, 0x4d, 0x02, 0x00, // .....K...L...M..
	0x00, 0xf8, 0x00, 0x02, 0x00, 0x4c, 0x02, 0x00, 0x00, 0xf9, 0x00, 0x02, 0x00, 0x9a, 0x02, 0x00, // .....L..........
	0x00, 0xf8, 0x00, 0x02, 0x00, 0x4d, 0x02, 0x00, 0x00, 0xe0, 0x00, 0x04, 0x00, 0x61, 0x00, 0x00, // .....M.......a..
	0x00, 0x61, 0x00, 0x00, 0x00, 0xe4, 0x00, 0x00, 0x00, 0xc7, 0x00, 0x05, 0x00, 0x21, 0x00, 0x00, // .a...........!..
	0x00, 0x4f, 0x02, 0x00, 0x00, 0xe4, 0x01, 0x00, 0x00, 0x1f, 0x01, 0x00, 0x00, 0xaa, 0x00, 0x05, // .O..............
	0x00, 0xda, 0x00, 0x00, 0x00, 0x50, 0x02, 0x00, 0x00, 0x4f, 0x02, 0x00, 0x00, 0x54, 0x00, 0x00, // .....P...O...T..
	0x00, 0xf7, 0x00, 0x03, 0x00, 0x73, 0x02, 0x00, 0x00, 0x00, 0x00, 0x00, 0x00, 0xfa, 0x00, 0x04, // .....s..........
	0x00, 0x50, 0x02, 0x00, 0x00, 0x51, 0x02, 0x00, 0x00, 0x73, 0x02, 0x00, 0x00, 0xf8, 0x00, 0x02, // .P...Q...s......
	0x00, 0x51, 0x02, 0x00, 0x00, 0x80, 0x00, 0x05, 0x00, 0x21, 0x00, 0x00, 0x00, 0x53, 0x02, 0x00, // .Q.......!...S..
	0x00, 0xe4, 0x01, 0x00, 0x00, 0x61, 0x00, 0x00, 0x00, 0x41, 0x00, 0x05, 0x00, 0x57, 0x00, 0x00, // .....a...A...W..
	0x00, 0x0d, 0x03, 0x00, 0x00, 0x52, 0x00, 0x00, 0x00, 0x53, 0x02, 0x00, 0x00, 0x3d, 0x00, 0x04, // .....R...S...=..
	0x00, 0x07, 0x00, 0x00, 0x00, 0x0e, 0x03, 0x00, 0x00, 0x0d, 0x03, 0x00, 0x00, 0x41, 0x00, 0x05, // .............A..
	0x00, 0x57, 0x00, 0x00, 0x00, 0x10, 0x03, 0x00, 0x00, 0x59, 0x00, 0x00, 0x00, 0x53, 0x02, 0x00, // .W.......Y...S..
	0x00, 0x3d, 0x00, 0x04, 0x00, 0x07, 0x00, 0x00, 0x00, 0x11, 0x03, 0x00, 0x00, 0x10, 0x03, 0x00, // .=..............
	0x00, 0x41, 0x00, 0x05, 0x00, 0x57, 0x00, 0x00, 0x00, 0x13, 0x03, 0x00, 0x00, 0x5f, 0x00, 0x00, // .A...W......._..
	0x00, 0x53, 0x02, 0x00, 0x00, 0x3d, 0x00, 0x04, 0x00, 0x07, 0x00, 0x00, 0x00, 0x14, 0x03, 0x00, // .S...=..........
	0x00, 0x13, 0x03, 0x00, 0x00, 0x41, 0x00, 0x05, 0x00, 0x57, 0x00, 0x00, 0x00, 0x16, 0x03, 0x00, // .....A...W......
	0x00, 0x65, 0x00, 0x00, 0x00, 0x53, 0x02, 0x00, 0x00, 0x3d, 0x00, 0x04, 0x00, 0x07, 0x00, 0x00, // .e...S...=......
	0x00, 0x17, 0x03, 0x00, 0x00, 0x16, 0x03, 0x00, 0x00, 0x50, 0x00, 0x07, 0x00, 0x0e, 0x00, 0x00, // .........P......
	0x00, 0x18, 0x03, 0x00, 0x00, 0x0e, 0x03, 0x00, 0x00, 0x11, 0x03, 0x00, 0x00, 0x14, 0x03, 0x00, // ................
	0x00, 0x17, 0x03, 0x00, 0x00, 0x80, 0x00, 0x05, 0x00, 0x21, 0x00, 0x00, 0x00, 0x56, 0x02, 0x00, // .........!...V..
	0x00, 0xe4, 0x01, 0x00, 0x00, 0x2b, 0x01, 0x00, 0x00, 0x41, 0x00, 0x05, 0x00, 0x57, 0x00, 0x00, // .....+...A...W..
	0x00, 0x1c, 0x03, 0x00, 0x00, 0x52, 0x00, 0x00, 0x00, 0x56, 0x02, 0x00, 0x00, 0x3d, 0x00, 0x04, // .....R...V...=..
	0x00, 0x07, 0x00, 0x00, 0x00, 0x1d, 0x03, 0x00, 0x00, 0x1c, 0x03, 0x00, 0x00, 0x41, 0x00, 0x05, // .............A..
	0x00, 0x57, 0x00, 0x00, 0x00, 0x1f, 0x03, 0x00, 0x00, 0x59, 0x00, 0x00, 0x00, 0x56, 0x02, 0x00, // .W.......Y...V..
	0x00, 0x3d, 0x00, 0x04, 0x00, 0x07, 0x00, 0x00, 0x00, 0x20, 0x03, 0x00, 0x00, 0x1f, 0x03, 0x00, // .=....... ......
	0x00, 0x41, 0x00, 0x05, 0x00, 0x57, 0x00, 0x00, 0x00, 0x22, 0x03, 0x00, 0x00, 0x5f, 0x00, 0x00, // .A...W..."..._..
	0x00, 0x56, 0x02, 0x00, 0x00, 0x3d, 0x00, 0x04, 0x00, 0x07, 0x00, 0x00, 0x00, 0x23, 0x03, 0x00, // .V...=.......#..
	0x00, 0x22, 0x03, 0x00, 0x00, 0x41, 0x00, 0x05, 0x00, 0x57, 0x00, 0x00, 0x00, 0x25, 0x03, 0x00, // ."...A...W...%..
	0x00, 0x65, 0x00, 0x00, 0x00, 0x56, 0x02, 0x00, 0x00, 0x3d, 0x00, 0x04, 0x00, 0x07, 0x00, 0x00, // .e...V...=......
	0x00, 0x26, 0x03, 0x00, 0x00, 0x25, 0x03, 0x00, 0x00, 0x50, 0x00, 0x07, 0x00, 0x0e, 0x00, 0x00, // .&...%...P......
	0x00, 0x27, 0x03, 0x00, 0x00, 0x1d, 0x03, 0x00, 0x00, 0x20, 0x03, 0x00, 0x00, 0x23, 0x03, 0x00, // .'....... ...#..
	0x00, 0x26, 0x03, 0x00, 0x00, 0x80, 0x00, 0x05, 0x00, 0x21, 0x00, 0x00, 0x00, 0x59, 0x02, 0x00, // .&.......!...Y..
	0x00, 0xe4, 0x01, 0x00, 0x00, 0x31, 0x01, 0x00, 0x00, 0x41, 0x00, 0x05, 0x00, 0x57, 0x00, 0x00, // .....1...A...W..
	0x00, 0x2b, 0x03, 0x00, 0x00, 0x52, 0x00, 0x00, 0x00, 0x59, 0x02, 0x00, 0x00, 0x3d, 0x00, 0x04, // .+...R...Y...=..
	0x00, 0x07, 0x00, 0x00, 0x00, 0x2c, 0x03, 0x00, 0x00, 0x2b, 0x03, 0x00, 0x00, 0x41, 0x00, 0x05, // .....,...+...A..
	0x00, 0x57, 0x00, 0x00, 0x00, 0x2e, 0x03, 0x00, 0x00, 0x59, 0x00, 0x00, 0x00, 0x59, 0x02, 0x00, // .W.......Y...Y..
	0x00, 0x3d, 0x00, 0x04, 0x00, 0x07, 0x00, 0x00, 0x00, 0x2f, 0x03, 0x00, 0x00, 0x2e, 0x03, 0x00, // .=......./......
	0x00, 0x41, 0x00, 0x05, 0x00, 0x57, 0x00, 0x00, 0x00, 0x31, 0x03, 0x00, 0x00, 0x5f, 0x00, 0x00, // .A...W...1..._..
	0x00, 0x59, 0x02, 0x00, 0x00, 0x3d, 0x00, 0x04, 0x00, 0x07, 0x00, 0x00, 0x00, 0x32, 0x03, 0x00, // .Y...=.......2..
	0x00, 0x31, 0x03, 0x00, 0x00, 0x41, 0x00, 0x05, 0x00, 0x57, 0x00, 0x00, 0x00, 0x34, 0x03, 0x00, // .1...A...W...4..
	0x00, 0x65, 0x00, 0x00, 0x00, 0x59, 0x02, 0x00, 0x00, 0x3d, 0x00, 0x04, 0x00, 0x07, 0x00, 0x00, // .e...Y...=......
	0x00, 0x35, 0x03, 0x00, 0x00, 0x34, 0x03, 0x00, 0x00, 0x50, 0x00, 0x07, 0x00, 0x0e, 0x00, 0x00, // .5...4...P......
	0x00, 0x36, 0x03, 0x00, 0x00, 0x2c, 0x03, 0x00, 0x00, 0x2f, 0x03, 0x00, 0x00, 0x32, 0x03, 0x00, // .6...,.../...2..
	0x00, 0x35, 0x03, 0x00, 0x00, 0x81, 0x00, 0x05, 0x00, 0x0e, 0x00, 0x00, 0x00, 0x5d, 0x02, 0x00, // .5...........]..
	0x00, 0x99, 0x03, 0x00, 0x00, 0x18, 0x03, 0x00, 0x00, 0x81, 0x00, 0x05, 0x00, 0x0e, 0x00, 0x00, // ................
	0x00, 0x5f, 0x02, 0x00, 0x00, 0x5d, 0x02, 0x00, 0x00, 0x27, 0x03, 0x00, 0x00, 0x81, 0x00, 0x05, // ._...]...'......
	0x00, 0x0e, 0x00, 0x00, 0x00, 0x61, 0x02, 0x00, 0x00, 0x5f, 0x02, 0x00, 0x00, 0x36, 0x03, 0x00, // .....a..._...6..
	0x00, 0x8e, 0x00, 0x05, 0x00, 0x0e, 0x00, 0x00, 0x00, 0x62, 0x02, 0x00, 0x00, 0x61, 0x02, 0x00, // .........b...a..
	0x00, 0x9f, 0x00, 0x00, 0x00, 0x86, 0x00, 0x05, 0x00, 0x9a, 0x00, 0x00, 0x00, 0x66, 0x02, 0x00, // .............f..
	0x00, 0xf4, 0x01, 0x00, 0x00, 0x97, 0x03, 0x00, 0x00, 0x7c, 0x00, 0x04, 0x00, 0xcc, 0x00, 0x00, // .........|......
	0x00, 0x67, 0x02, 0x00, 0x00, 0x66, 0x02, 0x00, 0x00, 0x51, 0x00, 0x05, 0x00, 0x17, 0x00, 0x00, // .g...f...Q......
	0x00, 0x6a, 0x02, 0x00, 0x00, 0x67, 0x02, 0x00, 0x00, 0x00, 0x00, 0x00, 0x00, 0x51, 0x00, 0x05, // .j...g.......Q..
	0x00, 0x17, 0x00, 0x00, 0x00, 0x6b, 0x02, 0x00, 0x00, 0x67, 0x02, 0x00, 0x00, 0x01, 0x00, 0x00, // .....k...g......
	0x00, 0x50, 0x00, 0x06, 0x00, 0x18, 0x00, 0x00, 0x00, 0x6c, 0x02, 0x00, 0x00, 0x6a, 0x02, 0x00, // .P.......l...j..
	0x00, 0x6b, 0x02, 0x00, 0x00, 0x16, 0x02, 0x00, 0x00, 0x3d, 0x00, 0x04, 0x00, 0xc7, 0x00, 0x00, // .k.......=......
	0x00, 0x6d, 0x02, 0x00, 0x00, 0x3d, 0x01, 0x00, 0x00, 0x63, 0x00, 0x04, 0x00, 0x6d, 0x02, 0x00, // .m...=...c...m..
	0x00, 0x6c, 0x02, 0x00, 0x00, 0x62, 0x02, 0x00, 0x00, 0x51, 0x00, 0x05, 0x00, 0x07, 0x00, 0x00, // .l...b...Q......
	0x00, 0x40, 0x03, 0x00, 0x00, 0x62, 0x02, 0x00, 0x00, 0x00, 0x00, 0x00, 0x00, 0x3e, 0x00, 0x03, // .@...b.......>..
	0x00, 0xb9, 0x02, 0x00, 0x00, 0x40, 0x03, 0x00, 0x00, 0x51, 0x00, 0x05, 0x00, 0x07, 0x00, 0x00, // .....@...Q......
	0x00, 0x44, 0x03, 0x00, 0x00, 0x62, 0x02, 0x00, 0x00, 0x01, 0x00, 0x00, 0x00, 0x3e, 0x00, 0x03, // .D...b.......>..
	0x00, 0xbd, 0x02, 0x00, 0x00, 0x44, 0x03, 0x00, 0x00, 0x51, 0x00, 0x05, 0x00, 0x07, 0x00, 0x00, // .....D...Q......
	0x00, 0x48, 0x03, 0x00, 0x00, 0x62, 0x02, 0x00, 0x00, 0x02, 0x00, 0x00, 0x00, 0x3e, 0x00, 0x03, // .H...b.......>..
	0x00, 0xc1, 0x02, 0x00, 0x00, 0x48, 0x03, 0x00, 0x00, 0x51, 0x00, 0x05, 0x00, 0x07, 0x00, 0x00, // .....H...Q......
	0x00, 0x4c, 0x03, 0x00, 0x00, 0x62, 0x02, 0x00, 0x00, 0x03, 0x00, 0x00, 0x00, 0x3e, 0x00, 0x03, // .L...b.......>..
	0x00, 0xc5, 0x02, 0x00, 0x00, 0x4c, 0x03, 0x00, 0x00, 0xf9, 0x00, 0x02, 0x00, 0x73, 0x02, 0x00, // .....L.......s..
	0x00, 0xf8, 0x00, 0x02, 0x00, 0x73, 0x02, 0x00, 0x00, 0xf5, 0x00, 0x07, 0x00, 0x0e, 0x00, 0x00, // .....s..........
	0x00, 0x9a, 0x03, 0x00, 0x00, 0x99, 0x03, 0x00, 0x00, 0x4d, 0x02, 0x00, 0x00, 0x62, 0x02, 0x00, // .........M...b..
	0x00, 0x51, 0x02, 0x00, 0x00, 0xaa, 0x00, 0x05, 0x00, 0xda, 0x00, 0x00, 0x00, 0x75, 0x02, 0x00, // .Q...........u..
	0x00, 0xec, 0x01, 0x00, 0x00, 0x67, 0x00, 0x00, 0x00, 0xf7, 0x00, 0x03, 0x00, 0x77, 0x02, 0x00, // .....g.......w..
	0x00, 0x00, 0x00, 0x00, 0x00, 0xfa, 0x00, 0x04, 0x00, 0x75, 0x02, 0x00, 0x00, 0x76, 0x02, 0x00, // .........u...v..
	0x00, 0x77, 0x02, 0x00, 0x00, 0xf8, 0x00, 0x02, 0x00, 0x76, 0x02, 0x00, 0x00, 0xf9, 0x00, 0x02, // .w.......v......
	0x00, 0x9a, 0x02, 0x00, 0x00, 0xf8, 0x00, 0x02, 0x00, 0x77, 0x02, 0x00, 0x00, 0xe0, 0x00, 0x04, // .........w......
	0x00, 0x61, 0x00, 0x00, 0x00, 0x61, 0x00, 0x00, 0x00, 0xe4, 0x00, 0x00, 0x00, 0xaa, 0x00, 0x05, // .a...a..........
	0x00, 0xda, 0x00, 0x00, 0x00, 0x79, 0x02, 0x00, 0x00, 0xe4, 0x01, 0x00, 0x00, 0x54, 0x00, 0x00, // .....y.......T..
	0x00, 0xf7, 0x00, 0x03, 0x00, 0x99, 0x02, 0x00, 0x00, 0x00, 0x00, 0x00, 0x00, 0xfa, 0x00, 0x04, // ................
	0x00, 0x79, 0x02, 0x00, 0x00, 0x7a, 0x02, 0x00, 0x00, 0x99, 0x02, 0x00, 0x00, 0xf8, 0x00, 0x02, // .y...z..........
	0x00, 0x7a, 0x02, 0x00, 0x00, 0x80, 0x00, 0x05, 0x00, 0x21, 0x00, 0x00, 0x00, 0x7c, 0x02, 0x00, // .z.......!...|..
	0x00, 0xe4, 0x01, 0x00, 0x00, 0x40, 0x01, 0x00, 0x00, 0x41, 0x00, 0x05, 0x00, 0x57, 0x00, 0x00, // .....@...A...W..
	0x00, 0x51, 0x03, 0x00, 0x00, 0x52, 0x00, 0x00, 0x00, 0x7c, 0x02, 0x00, 0x00, 0x3d, 0x00, 0x04, // .Q...R...|...=..
	0x00, 0x07, 0x00, 0x00, 0x00, 0x52, 0x03, 0x00, 0x00, 0x51, 0x03, 0x00, 0x00, 0x41, 0x00, 0x05, // .....R...Q...A..
	0x00, 0x57, 0x00, 0x00, 0x00, 0x54, 0x03, 0x00, 0x00, 0x59, 0x00, 0x00, 0x00, 0x7c, 0x02, 0x00, // .W...T...Y...|..
	0x00, 0x3d, 0x00, 0x04, 0x00, 0x07, 0x00, 0x00, 0x00, 0x55, 0x03, 0x00, 0x00, 0x54, 0x03, 0x00, // .=.......U...T..
	0x00, 0x41, 0x00, 0x05, 0x00, 0x57, 0x00, 0x00, 0x00, 0x57, 0x03, 0x00, 0x00, 0x5f, 0x00, 0x00, // .A...W...W..._..
	0x00, 0x7c, 0x02, 0x00, 0x00, 0x3d, 0x00, 0x04, 0x00, 0x07, 0x00, 0x00, 0x00, 0x58, 0x03, 0x00, // .|...=.......X..
	0x00, 0x57, 0x03, 0x00, 0x00, 0x41, 0x00, 0x05, 0x00, 0x57, 0x00, 0x00, 0x00, 0x5a, 0x03, 0x00, // .W...A...W...Z..
	0x00, 0x65, 0x00, 0x00, 0x00, 0x7c, 0x02, 0x00, 0x00, 0x3d, 0x00, 0x04, 0x00, 0x07, 0x00, 0x00, // .e...|...=......
	0x00, 0x5b, 0x03, 0x00, 0x00, 0x5a, 0x03, 0x00, 0x00, 0x50, 0x00, 0x07, 0x00, 0x0e, 0x00, 0x00, // .[...Z...P......
	0x00, 0x5c, 0x03, 0x00, 0x00, 0x52, 0x03, 0x00, 0x00, 0x55, 0x03, 0x00, 0x00, 0x58, 0x03, 0x00, // .....R...U...X..
	0x00, 0x5b, 0x03, 0x00, 0x00, 0x80, 0x00, 0x05, 0x00, 0x21, 0x00, 0x00, 0x00, 0x7f, 0x02, 0x00, // .[.......!......
	0x00, 0xe4, 0x01, 0x00, 0x00, 0x64, 0x01, 0x00, 0x00, 0x41, 0x00, 0x05, 0x00, 0x57, 0x00, 0x00, // .....d...A...W..
	0x00, 0x60, 0x03, 0x00, 0x00, 0x52, 0x00, 0x00, 0x00, 0x7f, 0x02, 0x00, 0x00, 0x3d, 0x00, 0x04, // .`...R.......=..
	0x00, 0x07, 0x00, 0x00, 0x00, 0x61, 0x03, 0x00, 0x00, 0x60, 0x03, 0x00, 0x00, 0x41, 0x00, 0x05, // .....a...`...A..
	0x00, 0x57, 0x00, 0x00, 0x00, 0x63, 0x03, 0x00, 0x00, 0x59, 0x00, 0x00, 0x00, 0x7f, 0x02, 0x00, // .W...c...Y......
	0x00, 0x3d, 0x00, 0x04, 0x00, 0x07, 0x00, 0x00, 0x00, 0x64, 0x03, 0x00, 0x00, 0x63, 0x03, 0x00, // .=.......d...c..
	0x00, 0x41, 0x00, 0x05, 0x00, 0x57, 0x00, 0x00, 0x00, 0x66, 0x03, 0x00, 0x00, 0x5f, 0x00, 0x00, // .A...W...f..._..
	0x00, 0x7f, 0x02, 0x00, 0x00, 0x3d, 0x00, 0x04, 0x00, 0x07, 0x00, 0x00, 0x00, 0x67, 0x03, 0x00, // .....=.......g..
	0x00, 0x66, 0x03, 0x00, 0x00, 0x41, 0x00, 0x05, 0x00, 0x57, 0x00, 0x00, 0x00, 0x69, 0x03, 0x00, // .f...A...W...i..
	0x00, 0x65, 0x00, 0x00, 0x00, 0x7f, 0x02, 0x00, 0x00, 0x3d, 0x00, 0x04, 0x00, 0x07, 0x00, 0x00, // .e.......=......
	0x00, 0x6a, 0x03, 0x00, 0x00, 0x69, 0x03, 0x00, 0x00, 0x50, 0x00, 0x07, 0x00, 0x0e, 0x00, 0x00, // .j...i...P......
	0x00, 0x6b, 0x03, 0x00, 0x00, 0x61, 0x03, 0x00, 0x00, 0x64, 0x03, 0x00, 0x00, 0x67, 0x03, 0x00, // .k...a...d...g..
	0x00, 0x6a, 0x03, 0x00, 0x00, 0x80, 0x00, 0x05, 0x00, 0x21, 0x00, 0x00, 0x00, 0x82, 0x02, 0x00, // .j.......!......
	0x00, 0xe4, 0x01, 0x00, 0x00, 0x6a, 0x01, 0x00, 0x00, 0x41, 0x00, 0x05, 0x00, 0x57, 0x00, 0x00, // .....j...A...W..
	0x00, 0x6f, 0x03, 0x00, 0x00, 0x52, 0x00, 0x00, 0x00, 0x82, 0x02, 0x00, 0x00, 0x3d, 0x00, 0x04, // .o...R.......=..
	0x00, 0x07, 0x00, 0x00, 0x00, 0x70, 0x03, 0x00, 0x00, 0x6f, 0x03, 0x00, 0x00, 0x41, 0x00, 0x05, // .....p...o...A..
	0x00, 0x57, 0x00, 0x00, 0x00, 0x72, 0x03, 0x00, 0x00, 0x59, 0x00, 0x00, 0x00, 0x82, 0x02, 0x00, // .W...r...Y......
	0x00, 0x3d, 0x00, 0x04, 0x00, 0x07, 0x00, 0x00, 0x00, 0x73, 0x03, 0x00, 0x00, 0x72, 0x03, 0x00, // .=.......s...r..
	0x00, 0x41, 0x00, 0x05, 0x00, 0x57, 0x00, 0x00, 0x00, 0x75, 0x03, 0x00, 0x00, 0x5f, 0x00, 0x00, // .A...W...u..._..
	0x00, 0x82, 0x02, 0x00, 0x00, 0x3d, 0x00, 0x04, 0x00, 0x07, 0x00, 0x00, 0x00, 0x76, 0x03, 0x00, // .....=.......v..
	0x00, 0x75, 0x03, 0x00, 0x00, 0x41, 0x00, 0x05, 0x00, 0x57, 0x00, 0x00, 0x00, 0x78, 0x03, 0x00, // .u...A...W...x..
	0x00, 0x65, 0x00, 0x00, 0x00, 0x82, 0x02, 0x00, 0x00, 0x3d, 0x00, 0x04, 0x00, 0x07, 0x00, 0x00, // .e.......=......
	0x00, 0x79, 0x03, 0x00, 0x00, 0x78, 0x03, 0x00, 0x00, 0x50, 0x00, 0x07, 0x00, 0x0e, 0x00, 0x00, // .y...x...P......
	0x00, 0x7a, 0x03, 0x00, 0x00, 0x70, 0x03, 0x00, 0x00, 0x73, 0x03, 0x00, 0x00, 0x76, 0x03, 0x00, // .z...p...s...v..
	0x00, 0x79, 0x03, 0x00, 0x00, 0x81, 0x00, 0x05, 0x00, 0x0e, 0x00, 0x00, 0x00, 0x86, 0x02, 0x00, // .y..............
	0x00, 0x9a, 0x03, 0x00, 0x00, 0x5c, 0x03, 0x00, 0x00, 0x81, 0x00, 0x05, 0x00, 0x0e, 0x00, 0x00, // ................
	0x00, 0x88, 0x02, 0x00, 0x00, 0x86, 0x02, 0x00, 0x00, 0x6b, 0x03, 0x00, 0x00, 0x81, 0x00, 0x05, // .........k......
	0x00, 0x0e, 0x00, 0x00, 0x00, 0x8a, 0x02, 0x00, 0x00, 0x88, 0x02, 0x00, 0x00, 0x7a, 0x03, 0x00, // .............z..
	0x00, 0x8e, 0x00, 0x05, 0x00, 0x0e, 0x00, 0x00, 0x00, 0x8b, 0x02, 0x00, 0x00, 0x8a, 0x02, 0x00, // ................
	0x00, 0x9f, 0x00, 0x00, 0x00, 0x86, 0x00, 0x05, 0x00, 0x9a, 0x00, 0x00, 0x00, 0x8f, 0x02, 0x00, // ................
	0x00, 0xf4, 0x01, 0x00, 0x00, 0x98, 0x03, 0x00, 0x00, 0x7c, 0x00, 0x04, 0x00, 0xcc, 0x00, 0x00, // .........|......
	0x00, 0x90, 0x02, 0x00, 0x00, 0x8f, 0x02, 0x00, 0x00, 0x51, 0x00, 0x05, 0x00, 0x17, 0x00, 0x00, // .........Q......
	0x00, 0x93, 0x02, 0x00, 0x00, 0x90, 0x02, 0x00, 0x00, 0x00, 0x00, 0x00, 0x00, 0x51, 0x00, 0x05, // .............Q..
	0x00, 0x17, 0x00, 0x00, 0x00, 0x94, 0x02, 0x00, 0x00, 0x90, 0x02, 0x00, 0x00, 0x01, 0x00, 0x00, // ................
	0x00, 0x50, 0x00, 0x06, 0x00, 0x18, 0x00, 0x00, 0x00, 0x95, 0x02, 0x00, 0x00, 0x93, 0x02, 0x00, // .P..............
	0x00, 0x94, 0x02, 0x00, 0x00, 0x16, 0x02, 0x00, 0x00, 0x3d, 0x00, 0x04, 0x00, 0xc7, 0x00, 0x00, // .........=......
	0x00, 0x96, 0x02, 0x00, 0x00, 0x76, 0x01, 0x00, 0x00, 0x63, 0x00, 0x04, 0x00, 0x96, 0x02, 0x00, // .....v...c......
	0x00, 0x95, 0x02, 0x00, 0x00, 0x8b, 0x02, 0x00, 0x00, 0xf9, 0x00, 0x02, 0x00, 0x99, 0x02, 0x00, // ................
	0x00, 0xf8, 0x00, 0x02, 0x00, 0x99, 0x02, 0x00, 0x00, 0xf9, 0x00, 0x02, 0x00, 0x9a, 0x02, 0x00, // ................
	0x00, 0xf8, 0x00, 0x02, 0x00, 0x9a, 0x02, 0x00, 0x00, 0xfd, 0x00, 0x01, 0x00, 0x38, 0x00, 0x01, // .............8..
	0x00, 0x00, 0x00, 0x10, 0x00,                                                                   // .....
};
static const uint8_t cs_mipgen_oddy_wgsl[4752] =
{
	0x43, 0x53, 0x48, 0x0c, 0x00, 0x00, 0x00, 0x00, 0x00, 0x00, 0x00, 0x00, 0x00, 0x00, 0x00, 0x00, // CSH.............
	0x00, 0x00, 0x00, 0x00, 0x06, 0x00, 0x0b, 0x62, 0x67, 0x66, 0x78, 0x5f, 0x6d, 0x69, 0x70, 0x47, // .......bgfx_mipG
	0x65, 0x6e, 0x02, 0x01, 0x00, 0x00, 0x01, 0x00, 0x00, 0x00, 0x00, 0x00, 0x0e, 0x62, 0x67, 0x66, // en...........bgf
	0x78, 0x5f, 0x74, 0x65, 0x78, 0x4d, 0x69, 0x70, 0x53, 0x72, 0x63, 0x20, 0x00, 0x06, 0x00, 0x00, // x_texMipSrc ....
	0x00, 0x00, 0x03, 0x29, 0x00, 0x09, 0x73, 0x5f, 0x69, 0x6d, 0x67, 0x4d, 0x69, 0x70, 0x31, 0x01, // ...)..s_imgMip1.
	0x00, 0x02, 0x00, 0x03, 0x00, 0x00, 0x03, 0x4a, 0x00, 0x09, 0x73, 0x5f, 0x69, 0x6d, 0x67, 0x4d, // .......J..s_imgM
	0x69, 0x70, 0x32, 0x01, 0x00, 0x03, 0x00, 0x03, 0x00, 0x00, 0x03, 0x4a, 0x00, 0x09, 0x73, 0x5f, // ip2........J..s_
	0x69, 0x6d, 0x67, 0x4d, 0x69, 0x70, 0x33, 0x01, 0x00, 0x04, 0x00, 0x03, 0x00, 0x00, 0x03, 0x4a, // imgMip3........J
	0x00, 0x09, 0x73, 0x5f, 0x69, 0x6d, 0x67, 0x4d, 0x69, 0x70, 0x34, 0x01, 0x00, 0x05, 0x00, 0x03, // ..s_imgMip4.....
	0x00, 0x00, 0x03, 0x4a, 0x00, 0xf1, 0x11, 0x00, 0x00, 0x64, 0x69, 0x61, 0x67, 0x6e, 0x6f, 0x73, // ...J.....diagnos
	0x74, 0x69, 0x63, 0x28, 0x6f, 0x66, 0x66, 0x2c, 0x20, 0x64, 0x65, 0x72, 0x69, 0x76, 0x61, 0x74, // tic(off, derivat
	0x69, 0x76, 0x65, 0x5f, 0x75, 0x6e, 0x69, 0x66, 0x6f, 0x72, 0x6d, 0x69, 0x74, 0x79, 0x29, 0x3b, // ive_uniformity);
	0x0a, 0x64, 0x69, 0x61, 0x67, 0x6e, 0x6f, 0x73, 0x74, 0x69, 0x63, 0x28, 0x6f, 0x66, 0x66, 0x2c, // .diagnostic(off,
	0x20, 0x73, 0x75, 0x62, 0x67, 0x72, 0x6f, 0x75, 0x70, 0x5f, 0x75, 0x6e, 0x69, 0x66, 0x6f, 0x72, //  subgroup_unifor
	0x6d, 0x69, 0x74, 0x79, 0x29, 0x3b, 0x0a, 0x0a, 0x40, 0x67, 0x72, 0x6f, 0x75, 0x70, 0x28, 0x30, // mity);..@group(0
	0x75, 0x29, 0x20, 0x40, 0x62, 0x69, 0x6e, 0x64, 0x69, 0x6e, 0x67, 0x28, 0x32, 0x32, 0x75, 0x29, // u) @binding(22u)
	0x20, 0x76, 0x61, 0x72, 0x20, 0x62, 0x67, 0x66, 0x78, 0x5f, 0x74, 0x65, 0x78, 0x4d, 0x69, 0x70, //  var bgfx_texMip
	0x53, 0x72, 0x63, 0x53, 0x61, 0x6d, 0x70, 0x6c, 0x65, 0x72, 0x20, 0x3a, 0x20, 0x73, 0x61, 0x6d, // SrcSampler : sam
	0x70, 0x6c, 0x65, 0x72, 0x3b, 0x0a, 0x0a, 0x40, 0x67, 0x72, 0x6f, 0x75, 0x70, 0x28, 0x30, 0x75, // pler;..@group(0u
	0x29, 0x20, 0x40, 0x62, 0x69, 0x6e, 0x64, 0x69, 0x6e, 0x67, 0x28, 0x36, 0x75, 0x29, 0x20, 0x76, // ) @binding(6u) v
	0x61, 0x72, 0x20, 0x62, 0x67, 0x66, 0x78, 0x5f, 0x74, 0x65, 0x78, 0x4d, 0x69, 0x70, 0x53, 0x72, // ar bgfx_texMipSr
	0x63, 0x54, 0x65, 0x78, 0x74, 0x75, 0x72, 0x65, 0x20, 0x3a, 0x20, 0x74, 0x65, 0x78, 0x74, 0x75, // cTexture : textu
	0x72, 0x65, 0x5f, 0x32, 0x64, 0x5f, 0x61, 0x72, 0x72, 0x61, 0x79, 0x3c, 0x66, 0x33, 0x32, 0x3e, // re_2d_array<f32>
	0x3b, 0x0a, 0x0a, 0x76, 0x61, 0x72, 0x3c, 0x77, 0x6f, 0x72, 0x6b, 0x67, 0x72, 0x6f, 0x75, 0x70, // ;..var<workgroup
	0x3e, 0x20, 0x67, 0x73, 0x5f, 0x52, 0x20, 0x3a, 0x20, 0x61, 0x72, 0x72, 0x61, 0x79, 0x3c, 0x66, // > gs_R : array<f
	0x33, 0x32, 0x2c, 0x20, 0x36, 0x34, 0x75, 0x3e, 0x3b, 0x0a, 0x0a, 0x76, 0x61, 0x72, 0x3c, 0x77, // 32, 64u>;..var<w
	0x6f, 0x72, 0x6b, 0x67, 0x72, 0x6f, 0x75, 0x70, 0x3e, 0x20, 0x67, 0x73, 0x5f, 0x47, 0x20, 0x3a, // orkgroup> gs_G :
	0x20, 0x61, 0x72, 0x72, 0x61, 0x79, 0x3c, 0x66, 0x33, 0x32, 0x2c, 0x20, 0x36, 0x34, 0x75, 0x3e, //  array<f32, 64u>
	0x3b, 0x0a, 0x0a, 0x76, 0x61, 0x72, 0x3c, 0x77, 0x6f, 0x72, 0x6b, 0x67, 0x72, 0x6f, 0x75, 0x70, // ;..var<workgroup
	0x3e, 0x20, 0x67, 0x73, 0x5f, 0x42, 0x20, 0x3a, 0x20, 0x61, 0x72, 0x72, 0x61, 0x79, 0x3c, 0x66, // > gs_B : array<f
	0x33, 0x32, 0x2c, 0x20, 0x36, 0x34, 0x75, 0x3e, 0x3b, 0x0a, 0x0a, 0x76, 0x61, 0x72, 0x3c, 0x77, // 32, 64u>;..var<w
	0x6f, 0x72, 0x6b, 0x67, 0x72, 0x6f, 0x75, 0x70, 0x3e, 0x20, 0x67, 0x73, 0x5f, 0x41, 0x20, 0x3a, // orkgroup> gs_A :
	0x20, 0x61, 0x72, 0x72, 0x61, 0x79, 0x3c, 0x66, 0x33, 0x32, 0x2c, 0x20, 0x36, 0x34, 0x75, 0x3e, //  array<f32, 64u>
	0x3b, 0x0a, 0x0a, 0x73, 0x74, 0x72, 0x75, 0x63, 0x74, 0x20, 0x55, 0x6e, 0x69, 0x66, 0x6f, 0x72, // ;..struct Unifor
	0x6d, 0x42, 0x6c, 0x6f, 0x63, 0x6b, 0x20, 0x7b, 0x0a, 0x20, 0x20, 0x62, 0x67, 0x66, 0x78, 0x5f, // mBlock {.  bgfx_
	0x6d, 0x69, 0x70, 0x47, 0x65, 0x6e, 0x20, 0x3a, 0x20, 0x76, 0x65, 0x63, 0x34, 0x3c, 0x66, 0x33, // mipGen : vec4<f3
	0x32, 0x3e, 0x2c, 0x0a, 0x7d, 0x0a, 0x0a, 0x40, 0x67, 0x72, 0x6f, 0x75, 0x70, 0x28, 0x30, 0x75, // 2>,.}..@group(0u
	0x29, 0x20, 0x40, 0x62, 0x69, 0x6e, 0x64, 0x69, 0x6e, 0x67, 0x28, 0x30, 0x75, 0x29, 0x20, 0x76, // ) @binding(0u) v
	0x61, 0x72, 0x3c, 0x75, 0x6e, 0x69, 0x66, 0x6f, 0x72, 0x6d, 0x3e, 0x20, 0x76, 0x20, 0x3a, 0x20, // ar<uniform> v : 
	0x55, 0x6e, 0x69, 0x66, 0x6f, 0x72, 0x6d, 0x42, 0x6c, 0x6f, 0x63, 0x6b, 0x3b, 0x0a, 0x0a, 0x40, // UniformBlock;..@
	0x67, 0x72, 0x6f, 0x75, 0x70, 0x28, 0x30, 0x75, 0x29, 0x20, 0x40, 0x62, 0x69, 0x6e, 0x64, 0x69, // group(0u) @bindi
	0x6e, 0x67, 0x28, 0x32, 0x75, 0x29, 0x20, 0x76, 0x61, 0x72, 0x20, 0x73, 0x5f, 0x69, 0x6d, 0x67, // ng(2u) var s_img
	0x4d, 0x69, 0x70, 0x31, 0x20, 0x3a, 0x20, 0x74, 0x65, 0x78, 0x74, 0x75, 0x72, 0x65, 0x5f, 0x73, // Mip1 : texture_s
	0x74, 0x6f, 0x72, 0x61, 0x67, 0x65, 0x5f, 0x32, 0x64, 0x5f, 0x61, 0x72, 0x72, 0x61, 0x79, 0x3c, // torage_2d_array<
	0x72, 0x67, 0x62, 0x61, 0x38, 0x75, 0x6e, 0x6f, 0x72, 0x6d, 0x2c, 0x20, 0x77, 0x72, 0x69, 0x74, // rgba8unorm, writ
	0x65, 0x3e, 0x3b, 0x0a, 0x0a, 0x40, 0x67, 0x72, 0x6f, 0x75, 0x70, 0x28, 0x30, 0x75, 0x29, 0x20, // e>;..@group(0u) 
	0x40, 0x62, 0x69, 0x6e, 0x64, 0x69, 0x6e, 0x67, 0x28, 0x33, 0x75, 0x29, 0x20, 0x76, 0x61, 0x72, // @binding(3u) var
	0x20, 0x73, 0x5f, 0x69, 0x6d, 0x67, 0x4d, 0x69, 0x70, 0x32, 0x20, 0x3a, 0x20, 0x74, 0x65, 0x78, //  s_imgMip2 : tex
	0x74, 0x75, 0x72, 0x65, 0x5f, 0x73, 0x74, 0x6f, 0x72, 0x61, 0x67, 0x65, 0x5f, 0x32, 0x64, 0x5f, // ture_storage_2d_
	0x61, 0x72, 0x72, 0x61, 0x79, 0x3c, 0x72, 0x67, 0x62, 0x61, 0x38, 0x75, 0x6e, 0x6f, 0x72, 0x6d, // array<rgba8unorm
	0x2c, 0x20, 0x77, 0x72, 0x69, 0x74, 0x65, 0x3e, 0x3b, 0x0a, 0x0a, 0x40, 0x67, 0x72, 0x6f, 0x75, // , write>;..@grou
	0x70, 0x28, 0x30, 0x75, 0x29, 0x20, 0x40, 0x62, 0x69, 0x6e, 0x64, 0x69, 0x6e, 0x67, 0x28, 0x34, // p(0u) @binding(4
	0x75, 0x29, 0x20, 0x76, 0x61, 0x72, 0x20, 0x73, 0x5f, 0x69, 0x6d, 0x67, 0x4d, 0x69, 0x70, 0x33, // u) var s_imgMip3
	0x20, 0x3a, 0x20, 0x74, 0x65, 0x78, 0x74, 0x75, 0x72, 0x65, 0x5f, 0x73, 0x74, 0x6f, 0x72, 0x61, //  : texture_stora
	0x67, 0x65, 0x5f, 0x32, 0x64, 0x5f, 0x61, 0x72, 0x72, 0x61, 0x79, 0x3c, 0x72, 0x67, 0x62, 0x61, // ge_2d_array<rgba
	0x38, 0x75, 0x6e, 0x6f, 0x72, 0x6d, 0x2c, 0x20, 0x77, 0x72, 0x69, 0x74, 0x65, 0x3e, 0x3b, 0x0a, // 8unorm, write>;.
	0x0a, 0x40, 0x67, 0x72, 0x6f, 0x75, 0x70, 0x28, 0x30, 0x75, 0x29, 0x20, 0x40, 0x62, 0x69, 0x6e, // .@group(0u) @bin
	0x64, 0x69, 0x6e, 0x67, 0x28, 0x35, 0x75, 0x29, 0x20, 0x76, 0x61, 0x72, 0x20, 0x73, 0x5f, 0x69, // ding(5u) var s_i
	0x6d, 0x67, 0x4d, 0x69, 0x70, 0x34, 0x20, 0x3a, 0x20, 0x74, 0x65, 0x78, 0x74, 0x75, 0x72, 0x65, // mgMip4 : texture
	0x5f, 0x73, 0x74, 0x6f, 0x72, 0x61, 0x67, 0x65, 0x5f, 0x32, 0x64, 0x5f, 0x61, 0x72, 0x72, 0x61, // _storage_2d_arra
	0x79, 0x3c, 0x72, 0x67, 0x62, 0x61, 0x38, 0x75, 0x6e, 0x6f, 0x72, 0x6d, 0x2c, 0x20, 0x77, 0x72, // y<rgba8unorm, wr
	0x69, 0x74, 0x65, 0x3e, 0x3b, 0x0a, 0x0a, 0x40, 0x63, 0x6f, 0x6d, 0x70, 0x75, 0x74, 0x65, 0x20, // ite>;..@compute 
	0x40, 0x77, 0x6f, 0x72, 0x6b, 0x67, 0x72, 0x6f, 0x75, 0x70, 0x5f, 0x73, 0x69, 0x7a, 0x65, 0x28, // @workgroup_size(
	0x38, 0x75, 0x2c, 0x20, 0x38, 0x75, 0x2c, 0x20, 0x31, 0x75, 0x29, 0x0a, 0x66, 0x6e, 0x20, 0x6d, // 8u, 8u, 1u).fn m
	0x61, 0x69, 0x6e, 0x28, 0x40, 0x62, 0x75, 0x69, 0x6c, 0x74, 0x69, 0x6e, 0x28, 0x6c, 0x6f, 0x63, // ain(@builtin(loc
	0x61, 0x6c, 0x5f, 0x69, 0x6e, 0x76, 0x6f, 0x63, 0x61, 0x74, 0x69, 0x6f, 0x6e, 0x5f, 0x69, 0x6e, // al_invocation_in
	0x64, 0x65, 0x78, 0x29, 0x20, 0x67, 0x6c, 0x5f, 0x4c, 0x6f, 0x63, 0x61, 0x6c, 0x49, 0x6e, 0x76, // dex) gl_LocalInv
	0x6f, 0x63, 0x61, 0x74, 0x69, 0x6f, 0x6e, 0x49, 0x6e, 0x64, 0x65, 0x78, 0x20, 0x3a, 0x20, 0x75, // ocationIndex : u
	0x33, 0x32, 0x2c, 0x20, 0x40, 0x62, 0x75, 0x69, 0x6c, 0x74, 0x69, 0x6e, 0x28, 0x67, 0x6c, 0x6f, // 32, @builtin(glo
	0x62, 0x61, 0x6c, 0x5f, 0x69, 0x6e, 0x76, 0x6f, 0x63, 0x61, 0x74, 0x69, 0x6f, 0x6e, 0x5f, 0x69, // bal_invocation_i
	0x64, 0x29, 0x20, 0x67, 0x6c, 0x5f, 0x47, 0x6c, 0x6f, 0x62, 0x61, 0x6c, 0x49, 0x6e, 0x76, 0x6f, // d) gl_GlobalInvo
	0x63, 0x61, 0x74, 0x69, 0x6f, 0x6e, 0x49, 0x44, 0x20, 0x3a, 0x20, 0x76, 0x65, 0x63, 0x33, 0x3c, // cationID : vec3<
	0x75, 0x33, 0x32, 0x3e, 0x29, 0x20, 0x7b, 0x0a, 0x20, 0x20, 0x73, 0x77, 0x69, 0x74, 0x63, 0x68, // u32>) {.  switch
	0x28, 0x30, 0x75, 0x29, 0x20, 0x7b, 0x0a, 0x20, 0x20, 0x20, 0x20, 0x64, 0x65, 0x66, 0x61, 0x75, // (0u) {.    defau
	0x6c, 0x74, 0x3a, 0x20, 0x7b, 0x0a, 0x20, 0x20, 0x20, 0x20, 0x20, 0x20, 0x6c, 0x65, 0x74, 0x20, // lt: {.      let 
	0x76, 0x5f, 0x31, 0x20, 0x3d, 0x20, 0x62, 0x69, 0x74, 0x63, 0x61, 0x73, 0x74, 0x3c, 0x75, 0x33, // v_1 = bitcast<u3
	0x32, 0x3e, 0x28, 0x69, 0x33, 0x32, 0x28, 0x67, 0x6c, 0x5f, 0x4c, 0x6f, 0x63, 0x61, 0x6c, 0x49, // 2>(i32(gl_LocalI
	0x6e, 0x76, 0x6f, 0x63, 0x61, 0x74, 0x69, 0x6f, 0x6e, 0x49, 0x6e, 0x64, 0x65, 0x78, 0x29, 0x29, // nvocationIndex))
	0x3b, 0x0a, 0x20, 0x20, 0x20, 0x20, 0x20, 0x20, 0x6c, 0x65, 0x74, 0x20, 0x76, 0x5f, 0x32, 0x20, // ;.      let v_2 
	0x3d, 0x20, 0x62, 0x69, 0x74, 0x63, 0x61, 0x73, 0x74, 0x3c, 0x76, 0x65, 0x63, 0x33, 0x3c, 0x75, // = bitcast<vec3<u
	0x33, 0x32, 0x3e, 0x3e, 0x28, 0x76, 0x65, 0x63, 0x33, 0x3c, 0x69, 0x33, 0x32, 0x3e, 0x28, 0x67, // 32>>(vec3<i32>(g
	0x6c, 0x5f, 0x47, 0x6c, 0x6f, 0x62, 0x61, 0x6c, 0x49, 0x6e, 0x76, 0x6f, 0x63, 0x61, 0x74, 0x69, // l_GlobalInvocati
	0x6f, 0x6e, 0x49, 0x44, 0x29, 0x29, 0x3b, 0x0a, 0x20, 0x20, 0x20, 0x20, 0x20, 0x20, 0x6c, 0x65, // onID));.      le
	0x74, 0x20, 0x76, 0x5f, 0x33, 0x20, 0x3d, 0x20, 0x75, 0x33, 0x32, 0x28, 0x76, 0x2e, 0x62, 0x67, // t v_3 = u32(v.bg
	0x66, 0x78, 0x5f, 0x6d, 0x69, 0x70, 0x47, 0x65, 0x6e, 0x2e, 0x78, 0x29, 0x3b, 0x0a, 0x20, 0x20, // fx_mipGen.x);.  
	0x20, 0x20, 0x20, 0x20, 0x6c, 0x65, 0x74, 0x20, 0x76, 0x5f, 0x34, 0x20, 0x3d, 0x20, 0x75, 0x33, //     let v_4 = u3
	0x32, 0x28, 0x76, 0x2e, 0x62, 0x67, 0x66, 0x78, 0x5f, 0x6d, 0x69, 0x70, 0x47, 0x65, 0x6e, 0x2e, // 2(v.bgfx_mipGen.
	0x79, 0x29, 0x3b, 0x0a, 0x20, 0x20, 0x20, 0x20, 0x20, 0x20, 0x6c, 0x65, 0x74, 0x20, 0x76, 0x5f, // y);.      let v_
	0x35, 0x20, 0x3d, 0x20, 0x76, 0x2e, 0x62, 0x67, 0x66, 0x78, 0x5f, 0x6d, 0x69, 0x70, 0x47, 0x65, // 5 = v.bgfx_mipGe
	0x6e, 0x2e, 0x7a, 0x77, 0x3b, 0x0a, 0x20, 0x20, 0x20, 0x20, 0x20, 0x20, 0x6c, 0x65, 0x74, 0x20, // n.zw;.      let 
	0x76, 0x5f, 0x36, 0x20, 0x3d, 0x20, 0x76, 0x5f, 0x32, 0x2e, 0x7a, 0x3b, 0x0a, 0x20, 0x20, 0x20, // v_6 = v_2.z;.   
	0x20, 0x20, 0x20, 0x6c, 0x65, 0x74, 0x20, 0x76, 0x5f, 0x37, 0x20, 0x3d, 0x20, 0x76, 0x5f, 0x32, //    let v_7 = v_2
	0x2e, 0x78, 0x79, 0x3b, 0x0a, 0x20, 0x20, 0x20, 0x20, 0x20, 0x20, 0x6c, 0x65, 0x74, 0x20, 0x76, // .xy;.      let v
	0x5f, 0x38, 0x20, 0x3d, 0x20, 0x28, 0x76, 0x5f, 0x35, 0x20, 0x2a, 0x20, 0x28, 0x76, 0x65, 0x63, // _8 = (v_5 * (vec
	0x32, 0x3c, 0x66, 0x33, 0x32, 0x3e, 0x28, 0x76, 0x5f, 0x37, 0x29, 0x20, 0x2b, 0x20, 0x76, 0x65, // 2<f32>(v_7) + ve
	0x63, 0x32, 0x3c, 0x66, 0x33, 0x32, 0x3e, 0x28, 0x30, 0x2e, 0x35, 0x66, 0x2c, 0x20, 0x30, 0x2e, // c2<f32>(0.5f, 0.
	0x32, 0x35, 0x66, 0x29, 0x29, 0x29, 0x3b, 0x0a, 0x20, 0x20, 0x20, 0x20, 0x20, 0x20, 0x6c, 0x65, // 25f)));.      le
	0x74, 0x20, 0x76, 0x5f, 0x39, 0x20, 0x3d, 0x20, 0x66, 0x33, 0x32, 0x28, 0x76, 0x5f, 0x36, 0x29, // t v_9 = f32(v_6)
	0x3b, 0x0a, 0x20, 0x20, 0x20, 0x20, 0x20, 0x20, 0x6c, 0x65, 0x74, 0x20, 0x76, 0x5f, 0x31, 0x30, // ;.      let v_10
	0x20, 0x3d, 0x20, 0x76, 0x65, 0x63, 0x33, 0x3c, 0x66, 0x33, 0x32, 0x3e, 0x28, 0x76, 0x5f, 0x38, //  = vec3<f32>(v_8
	0x2e, 0x78, 0x2c, 0x20, 0x76, 0x5f, 0x38, 0x2e, 0x79, 0x2c, 0x20, 0x76, 0x5f, 0x39, 0x29, 0x3b, // .x, v_8.y, v_9);
	0x0a, 0x20, 0x20, 0x20, 0x20, 0x20, 0x20, 0x6c, 0x65, 0x74, 0x20, 0x76, 0x5f, 0x31, 0x31, 0x20, // .      let v_11 
	0x3d, 0x20, 0x66, 0x33, 0x32, 0x28, 0x76, 0x5f, 0x33, 0x29, 0x3b, 0x0a, 0x20, 0x20, 0x20, 0x20, // = f32(v_3);.    
	0x20, 0x20, 0x6c, 0x65, 0x74, 0x20, 0x76, 0x5f, 0x31, 0x32, 0x20, 0x3d, 0x20, 0x28, 0x76, 0x5f, //   let v_12 = (v_
	0x38, 0x20, 0x2b, 0x20, 0x28, 0x76, 0x5f, 0x35, 0x20, 0x2a, 0x20, 0x76, 0x65, 0x63, 0x32, 0x3c, // 8 + (v_5 * vec2<
	0x66, 0x33, 0x32, 0x3e, 0x28, 0x30, 0x2e, 0x30, 0x66, 0x2c, 0x20, 0x30, 0x2e, 0x35, 0x66, 0x29, // f32>(0.0f, 0.5f)
	0x29, 0x29, 0x3b, 0x0a, 0x20, 0x20, 0x20, 0x20, 0x20, 0x20, 0x6c, 0x65, 0x74, 0x20, 0x76, 0x5f, // ));.      let v_
	0x31, 0x33, 0x20, 0x3d, 0x20, 0x76, 0x65, 0x63, 0x33, 0x3c, 0x66, 0x33, 0x32, 0x3e, 0x28, 0x76, // 13 = vec3<f32>(v
	0x5f, 0x31, 0x32, 0x2e, 0x78, 0x2c, 0x20, 0x76, 0x5f, 0x31, 0x32, 0x2e, 0x79, 0x2c, 0x20, 0x76, // _12.x, v_12.y, v
	0x5f, 0x39, 0x29, 0x3b, 0x0a, 0x20, 0x20, 0x20, 0x20, 0x20, 0x20, 0x6c, 0x65, 0x74, 0x20, 0x76, // _9);.      let v
	0x5f, 0x31, 0x34, 0x20, 0x3d, 0x20, 0x28, 0x28, 0x74, 0x65, 0x78, 0x74, 0x75, 0x72, 0x65, 0x53, // _14 = ((textureS
	0x61, 0x6d, 0x70, 0x6c, 0x65, 0x4c, 0x65, 0x76, 0x65, 0x6c, 0x28, 0x62, 0x67, 0x66, 0x78, 0x5f, // ampleLevel(bgfx_
	0x74, 0x65, 0x78, 0x4d, 0x69, 0x70, 0x53, 0x72, 0x63, 0x54, 0x65, 0x78, 0x74, 0x75, 0x72, 0x65, // texMipSrcTexture
	0x2c, 0x20, 0x62, 0x67, 0x66, 0x78, 0x5f, 0x74, 0x65, 0x78, 0x4d, 0x69, 0x70, 0x53, 0x72, 0x63, // , bgfx_texMipSrc
	0x53, 0x61, 0x6d, 0x70, 0x6c, 0x65, 0x72, 0x2c, 0x20, 0x76, 0x5f, 0x31, 0x30, 0x2e, 0x78, 0x79, // Sampler, v_10.xy
	0x2c, 0x20, 0x69, 0x33, 0x32, 0x28, 0x76, 0x5f, 0x31, 0x30, 0x2e, 0x7a, 0x29, 0x2c, 0x20, 0x76, // , i32(v_10.z), v
	0x5f, 0x31, 0x31, 0x29, 0x20, 0x2b, 0x20, 0x74, 0x65, 0x78, 0x74, 0x75, 0x72, 0x65, 0x53, 0x61, // _11) + textureSa
	0x6d, 0x70, 0x6c, 0x65, 0x4c, 0x65, 0x76, 0x65, 0x6c, 0x28, 0x62, 0x67, 0x66, 0x78, 0x5f, 0x74, // mpleLevel(bgfx_t
	0x65, 0x78, 0x4d, 0x69, 0x70, 0x53, 0x72, 0x63, 0x54, 0x65, 0x78, 0x74, 0x75, 0x72, 0x65, 0x2c, // exMipSrcTexture,
	0x20, 0x62, 0x67, 0x66, 0x78, 0x5f, 0x74, 0x65, 0x78, 0x4d, 0x69, 0x70, 0x53, 0x72, 0x63, 0x53, //  bgfx_texMipSrcS
	0x61, 0x6d, 0x70, 0x6c, 0x65, 0x72, 0x2c, 0x20, 0x76, 0x5f, 0x31, 0x33, 0x2e, 0x78, 0x79, 0x2c, // ampler, v_13.xy,
	0x20, 0x69, 0x33, 0x32, 0x28, 0x76, 0x5f, 0x31, 0x33, 0x2e, 0x7a, 0x29, 0x2c, 0x20, 0x76, 0x5f, //  i32(v_13.z), v_
	0x31, 0x31, 0x29, 0x29, 0x20, 0x2a, 0x20, 0x30, 0x2e, 0x35, 0x66, 0x29, 0x3b, 0x0a, 0x20, 0x20, // 11)) * 0.5f);.  
	0x20, 0x20, 0x20, 0x20, 0x6c, 0x65, 0x74, 0x20, 0x76, 0x5f, 0x31, 0x35, 0x20, 0x3d, 0x20, 0x62, //     let v_15 = b
	0x69, 0x74, 0x63, 0x61, 0x73, 0x74, 0x3c, 0x76, 0x65, 0x63, 0x32, 0x3c, 0x69, 0x33, 0x32, 0x3e, // itcast<vec2<i32>
	0x3e, 0x28, 0x76, 0x5f, 0x37, 0x29, 0x3b, 0x0a, 0x20, 0x20, 0x20, 0x20, 0x20, 0x20, 0x6c, 0x65, // >(v_7);.      le
	0x74, 0x20, 0x76, 0x5f, 0x31, 0x36, 0x20, 0x3d, 0x20, 0x62, 0x69, 0x74, 0x63, 0x61, 0x73, 0x74, // t v_16 = bitcast
	0x3c, 0x69, 0x33, 0x32, 0x3e, 0x28, 0x76, 0x5f, 0x36, 0x29, 0x3b, 0x0a, 0x20, 0x20, 0x20, 0x20, // <i32>(v_6);.    
	0x20, 0x20, 0x6c, 0x65, 0x74, 0x20, 0x76, 0x5f, 0x31, 0x37, 0x20, 0x3d, 0x20, 0x76, 0x65, 0x63, //   let v_17 = vec
	0x33, 0x3c, 0x69, 0x33, 0x32, 0x3e, 0x28, 0x76, 0x5f, 0x31, 0x35, 0x2e, 0x78, 0x2c, 0x20, 0x76, // 3<i32>(v_15.x, v
	0x5f, 0x31, 0x35, 0x2e, 0x79, 0x2c, 0x20, 0x76, 0x5f, 0x31, 0x36, 0x29, 0x3b, 0x0a, 0x20, 0x20, // _15.y, v_16);.  
	0x20, 0x20, 0x20, 0x20, 0x74, 0x65, 0x78, 0x74, 0x75, 0x72, 0x65, 0x53, 0x74, 0x6f, 0x72, 0x65, //     textureStore
	0x28, 0x73, 0x5f, 0x69, 0x6d, 0x67, 0x4d, 0x69, 0x70, 0x31, 0x2c, 0x20, 0x76, 0x5f, 0x31, 0x37, // (s_imgMip1, v_17
	0x2e, 0x78, 0x79, 0x2c, 0x20, 0x76, 0x5f, 0x31, 0x37, 0x2e, 0x7a, 0x2c, 0x20, 0x76, 0x5f, 0x31, // .xy, v_17.z, v_1
	0x34, 0x29, 0x3b, 0x0a, 0x20, 0x20, 0x20, 0x20, 0x20, 0x20, 0x69, 0x66, 0x20, 0x28, 0x28, 0x76, // 4);.      if ((v
	0x5f, 0x34, 0x20, 0x3d, 0x3d, 0x20, 0x31, 0x75, 0x29, 0x29, 0x20, 0x7b, 0x0a, 0x20, 0x20, 0x20, // _4 == 1u)) {.   
	0x20, 0x20, 0x20, 0x20, 0x20, 0x62, 0x72, 0x65, 0x61, 0x6b, 0x3b, 0x0a, 0x20, 0x20, 0x20, 0x20, //      break;.    
	0x20, 0x20, 0x7d, 0x0a, 0x20, 0x20, 0x20, 0x20, 0x20, 0x20, 0x6c, 0x65, 0x74, 0x20, 0x76, 0x5f, //   }.      let v_
	0x31, 0x38, 0x20, 0x3d, 0x20, 0x26, 0x28, 0x67, 0x73, 0x5f, 0x52, 0x5b, 0x76, 0x5f, 0x31, 0x5d, // 18 = &(gs_R[v_1]
	0x29, 0x3b, 0x0a, 0x20, 0x20, 0x20, 0x20, 0x20, 0x20, 0x2a, 0x28, 0x76, 0x5f, 0x31, 0x38, 0x29, // );.      *(v_18)
	0x20, 0x3d, 0x20, 0x76, 0x5f, 0x31, 0x34, 0x2e, 0x78, 0x3b, 0x0a, 0x20, 0x20, 0x20, 0x20, 0x20, //  = v_14.x;.     
	0x20, 0x6c, 0x65, 0x74, 0x20, 0x76, 0x5f, 0x31, 0x39, 0x20, 0x3d, 0x20, 0x26, 0x28, 0x67, 0x73, //  let v_19 = &(gs
	0x5f, 0x47, 0x5b, 0x76, 0x5f, 0x31, 0x5d, 0x29, 0x3b, 0x0a, 0x20, 0x20, 0x20, 0x20, 0x20, 0x20, // _G[v_1]);.      
	0x2a, 0x28, 0x76, 0x5f, 0x31, 0x39, 0x29, 0x20, 0x3d, 0x20, 0x76, 0x5f, 0x31, 0x34, 0x2e, 0x79, // *(v_19) = v_14.y
	0x3b, 0x0a, 0x20, 0x20, 0x20, 0x20, 0x20, 0x20, 0x6c, 0x65, 0x74, 0x20, 0x76, 0x5f, 0x32, 0x30, // ;.      let v_20
	0x20, 0x3d, 0x20, 0x26, 0x28, 0x67, 0x73, 0x5f, 0x42, 0x5b, 0x76, 0x5f, 0x31, 0x5d, 0x29, 0x3b, //  = &(gs_B[v_1]);
	0x0a, 0x20, 0x20, 0x20, 0x20, 0x20, 0x20, 0x2a, 0x28, 0x76, 0x5f, 0x32, 0x30, 0x29, 0x20, 0x3d, // .      *(v_20) =
	0x20, 0x76, 0x5f, 0x31, 0x34, 0x2e, 0x7a, 0x3b, 0x0a, 0x20, 0x20, 0x20, 0x20, 0x20, 0x20, 0x6c, //  v_14.z;.      l
	0x65, 0x74, 0x20, 0x76, 0x5f, 0x32, 0x31, 0x20, 0x3d, 0x20, 0x26, 0x28, 0x67, 0x73, 0x5f, 0x41, // et v_21 = &(gs_A
	0x5b, 0x76, 0x5f, 0x31, 0x5d, 0x29, 0x3b, 0x0a, 0x20, 0x20, 0x20, 0x20, 0x20, 0x20, 0x2a, 0x28, // [v_1]);.      *(
	0x76, 0x5f, 0x32, 0x31, 0x29, 0x20, 0x3d, 0x20, 0x76, 0x5f, 0x31, 0x34, 0x2e, 0x77, 0x3b, 0x0a, // v_21) = v_14.w;.
	0x20, 0x20, 0x20, 0x20, 0x20, 0x20, 0x77, 0x6f, 0x72, 0x6b, 0x67, 0x72, 0x6f, 0x75, 0x70, 0x42, //       workgroupB
	0x61, 0x72, 0x72, 0x69, 0x65, 0x72, 0x28, 0x29, 0x3b, 0x0a, 0x20, 0x20, 0x20, 0x20, 0x20, 0x20, // arrier();.      
	0x76, 0x61, 0x72, 0x20, 0x76, 0x5f, 0x32, 0x32, 0x20, 0x3a, 0x20, 0x76, 0x65, 0x63, 0x34, 0x3c, // var v_22 : vec4<
	0x66, 0x33, 0x32, 0x3e, 0x3b, 0x0a, 0x20, 0x20, 0x20, 0x20, 0x20, 0x20, 0x69, 0x66, 0x20, 0x28, // f32>;.      if (
	0x28, 0x28, 0x76, 0x5f, 0x31, 0x20, 0x26, 0x20, 0x39, 0x75, 0x29, 0x20, 0x3d, 0x3d, 0x20, 0x30, // ((v_1 & 9u) == 0
	0x75, 0x29, 0x29, 0x20, 0x7b, 0x0a, 0x20, 0x20, 0x20, 0x20, 0x20, 0x20, 0x20, 0x20, 0x6c, 0x65, // u)) {.        le
	0x74, 0x20, 0x76, 0x5f, 0x32, 0x33, 0x20, 0x3d, 0x20, 0x28, 0x76, 0x5f, 0x31, 0x20, 0x2b, 0x20, // t v_23 = (v_1 + 
	0x31, 0x75, 0x29, 0x3b, 0x0a, 0x20, 0x20, 0x20, 0x20, 0x20, 0x20, 0x20, 0x20, 0x6c, 0x65, 0x74, // 1u);.        let
	0x20, 0x76, 0x5f, 0x32, 0x34, 0x20, 0x3d, 0x20, 0x76, 0x65, 0x63, 0x34, 0x3c, 0x66, 0x33, 0x32, //  v_24 = vec4<f32
	0x3e, 0x28, 0x67, 0x73, 0x5f, 0x52, 0x5b, 0x76, 0x5f, 0x32, 0x33, 0x5d, 0x2c, 0x20, 0x67, 0x73, // >(gs_R[v_23], gs
	0x5f, 0x47, 0x5b, 0x76, 0x5f, 0x32, 0x33, 0x5d, 0x2c, 0x20, 0x67, 0x73, 0x5f, 0x42, 0x5b, 0x76, // _G[v_23], gs_B[v
	0x5f, 0x32, 0x33, 0x5d, 0x2c, 0x20, 0x67, 0x73, 0x5f, 0x41, 0x5b, 0x76, 0x5f, 0x32, 0x33, 0x5d, // _23], gs_A[v_23]
	0x29, 0x3b, 0x0a, 0x20, 0x20, 0x20, 0x20, 0x20, 0x20, 0x20, 0x20, 0x6c, 0x65, 0x74, 0x20, 0x76, // );.        let v
	0x5f, 0x32, 0x35, 0x20, 0x3d, 0x20, 0x28, 0x76, 0x5f, 0x31, 0x20, 0x2b, 0x20, 0x38, 0x75, 0x29, // _25 = (v_1 + 8u)
	0x3b, 0x0a, 0x20, 0x20, 0x20, 0x20, 0x20, 0x20, 0x20, 0x20, 0x6c, 0x65, 0x74, 0x20, 0x76, 0x5f, // ;.        let v_
	0x32, 0x36, 0x20, 0x3d, 0x20, 0x76, 0x65, 0x63, 0x34, 0x3c, 0x66, 0x33, 0x32, 0x3e, 0x28, 0x67, // 26 = vec4<f32>(g
	0x73, 0x5f, 0x52, 0x5b, 0x76, 0x5f, 0x32, 0x35, 0x5d, 0x2c, 0x20, 0x67, 0x73, 0x5f, 0x47, 0x5b, // s_R[v_25], gs_G[
	0x76, 0x5f, 0x32, 0x35, 0x5d, 0x2c, 0x20, 0x67, 0x73, 0x5f, 0x42, 0x5b, 0x76, 0x5f, 0x32, 0x35, // v_25], gs_B[v_25
	0x5d, 0x2c, 0x20, 0x67, 0x73, 0x5f, 0x41, 0x5b, 0x76, 0x5f, 0x32, 0x35, 0x5d, 0x29, 0x3b, 0x0a, // ], gs_A[v_25]);.
	0x20, 0x20, 0x20, 0x20, 0x20, 0x20, 0x20, 0x20, 0x6c, 0x65, 0x74, 0x20, 0x76, 0x5f, 0x32, 0x37, //         let v_27
	0x20, 0x3d, 0x20, 0x28, 0x76, 0x5f, 0x31, 0x20, 0x2b, 0x20, 0x39, 0x75, 0x29, 0x3b, 0x0a, 0x20, //  = (v_1 + 9u);. 
	0x20, 0x20, 0x20, 0x20, 0x20, 0x20, 0x20, 0x6c, 0x65, 0x74, 0x20, 0x76, 0x5f, 0x32, 0x38, 0x20, //        let v_28 
	0x3d, 0x20, 0x28, 0x28, 0x28, 0x28, 0x76, 0x5f, 0x31, 0x34, 0x20, 0x2b, 0x20, 0x76, 0x5f, 0x32, // = ((((v_14 + v_2
	0x34, 0x29, 0x20, 0x2b, 0x20, 0x76, 0x5f, 0x32, 0x36, 0x29, 0x20, 0x2b, 0x20, 0x76, 0x65, 0x63, // 4) + v_26) + vec
	0x34, 0x3c, 0x66, 0x33, 0x32, 0x3e, 0x28, 0x67, 0x73, 0x5f, 0x52, 0x5b, 0x76, 0x5f, 0x32, 0x37, // 4<f32>(gs_R[v_27
	0x5d, 0x2c, 0x20, 0x67, 0x73, 0x5f, 0x47, 0x5b, 0x76, 0x5f, 0x32, 0x37, 0x5d, 0x2c, 0x20, 0x67, // ], gs_G[v_27], g
	0x73, 0x5f, 0x42, 0x5b, 0x76, 0x5f, 0x32, 0x37, 0x5d, 0x2c, 0x20, 0x67, 0x73, 0x5f, 0x41, 0x5b, // s_B[v_27], gs_A[
	0x76, 0x5f, 0x32, 0x37, 0x5d, 0x29, 0x29, 0x20, 0x2a, 0x20, 0x30, 0x2e, 0x32, 0x35, 0x66, 0x29, // v_27])) * 0.25f)
	0x3b, 0x0a, 0x20, 0x20, 0x20, 0x20, 0x20, 0x20, 0x20, 0x20, 0x6c, 0x65, 0x74, 0x20, 0x76, 0x5f, // ;.        let v_
	0x32, 0x39, 0x20, 0x3d, 0x20, 0x62, 0x69, 0x74, 0x63, 0x61, 0x73, 0x74, 0x3c, 0x76, 0x65, 0x63, // 29 = bitcast<vec
	0x32, 0x3c, 0x69, 0x33, 0x32, 0x3e, 0x3e, 0x28, 0x28, 0x76, 0x5f, 0x37, 0x20, 0x2f, 0x20, 0x76, // 2<i32>>((v_7 / v
	0x65, 0x63, 0x32, 0x3c, 0x75, 0x33, 0x32, 0x3e, 0x28, 0x32, 0x75, 0x29, 0x29, 0x29, 0x3b, 0x0a, // ec2<u32>(2u)));.
	0x20, 0x20, 0x20, 0x20, 0x20, 0x20, 0x20, 0x20, 0x6c, 0x65, 0x74, 0x20, 0x76, 0x5f, 0x33, 0x30, //         let v_30
	0x20, 0x3d, 0x20, 0x76, 0x65, 0x63, 0x33, 0x3c, 0x69, 0x33, 0x32, 0x3e, 0x28, 0x76, 0x5f, 0x32, //  = vec3<i32>(v_2
	0x39, 0x2e, 0x78, 0x2c, 0x20, 0x76, 0x5f, 0x32, 0x39, 0x2e, 0x79, 0x2c, 0x20, 0x76, 0x5f, 0x31, // 9.x, v_29.y, v_1
	0x36, 0x29, 0x3b, 0x0a, 0x20, 0x20, 0x20, 0x20, 0x20, 0x20, 0x20, 0x20, 0x74, 0x65, 0x78, 0x74, // 6);.        text
	0x75, 0x72, 0x65, 0x53, 0x74, 0x6f, 0x72, 0x65, 0x28, 0x73, 0x5f, 0x69, 0x6d, 0x67, 0x4d, 0x69, // ureStore(s_imgMi
	0x70, 0x32, 0x2c, 0x20, 0x76, 0x5f, 0x33, 0x30, 0x2e, 0x78, 0x79, 0x2c, 0x20, 0x76, 0x5f, 0x33, // p2, v_30.xy, v_3
	0x30, 0x2e, 0x7a, 0x2c, 0x20, 0x76, 0x5f, 0x32, 0x38, 0x29, 0x3b, 0x0a, 0x20, 0x20, 0x20, 0x20, // 0.z, v_28);.    
	0x20, 0x20, 0x20, 0x20, 0x2a, 0x28, 0x76, 0x5f, 0x31, 0x38, 0x29, 0x20, 0x3d, 0x20, 0x76, 0x5f, //     *(v_18) = v_
	0x32, 0x38, 0x2e, 0x78, 0x3b, 0x0a, 0x20, 0x20, 0x20, 0x20, 0x20, 0x20, 0x20, 0x20, 0x2a, 0x28, // 28.x;.        *(
	0x76, 0x5f, 0x31, 0x39, 0x29, 0x20, 0x3d, 0x20, 0x76, 0x5f, 0x32, 0x38, 0x2e, 0x79, 0x3b, 0x0a, // v_19) = v_28.y;.
	0x20, 0x20, 0x20, 0x20, 0x20, 0x20, 0x20, 0x20, 0x2a, 0x28, 0x76, 0x5f, 0x32, 0x30, 0x29, 0x20, //         *(v_20) 
	0x3d, 0x20, 0x76, 0x5f, 0x32, 0x38, 0x2e, 0x7a, 0x3b, 0x0a, 0x20, 0x20, 0x20, 0x20, 0x20, 0x20, // = v_28.z;.      
	0x20, 0x20, 0x2a, 0x28, 0x76, 0x5f, 0x32, 0x31, 0x29, 0x20, 0x3d, 0x20, 0x76, 0x5f, 0x32, 0x38, //   *(v_21) = v_28
	0x2e, 0x77, 0x3b, 0x0a, 0x20, 0x20, 0x20, 0x20, 0x20, 0x20, 0x20, 0x20, 0x76, 0x5f, 0x32, 0x32, // .w;.        v_22
	0x20, 0x3d, 0x20, 0x76, 0x5f, 0x32, 0x38, 0x3b, 0x0a, 0x20, 0x20, 0x20, 0x20, 0x20, 0x20, 0x7d, //  = v_28;.      }
	0x20, 0x65, 0x6c, 0x73, 0x65, 0x20, 0x7b, 0x0a, 0x20, 0x20, 0x20, 0x20, 0x20, 0x20, 0x20, 0x20, //  else {.        
	0x76, 0x5f, 0x32, 0x32, 0x20, 0x3d, 0x20, 0x76, 0x5f, 0x31, 0x34, 0x3b, 0x0a, 0x20, 0x20, 0x20, // v_22 = v_14;.   
	0x20, 0x20, 0x20, 0x7d, 0x0a, 0x20, 0x20, 0x20, 0x20, 0x20, 0x20, 0x6c, 0x65, 0x74, 0x20, 0x76, //    }.      let v
	0x5f, 0x33, 0x31, 0x20, 0x3d, 0x20, 0x76, 0x5f, 0x32, 0x32, 0x3b, 0x0a, 0x20, 0x20, 0x20, 0x20, // _31 = v_22;.    
	0x20, 0x20, 0x69, 0x66, 0x20, 0x28, 0x28, 0x76, 0x5f, 0x34, 0x20, 0x3d, 0x3d, 0x20, 0x32, 0x75, //   if ((v_4 == 2u
	0x29, 0x29, 0x20, 0x7b, 0x0a, 0x20, 0x20, 0x20, 0x20, 0x20, 0x20, 0x20, 0x20, 0x62, 0x72, 0x65, // )) {.        bre
	0x61, 0x6b, 0x3b, 0x0a, 0x20, 0x20, 0x20, 0x20, 0x20, 0x20, 0x7d, 0x0a, 0x20, 0x20, 0x20, 0x20, // ak;.      }.    
	0x20, 0x20, 0x77, 0x6f, 0x72, 0x6b, 0x67, 0x72, 0x6f, 0x75, 0x70, 0x42, 0x61, 0x72, 0x72, 0x69, //   workgroupBarri
	0x65, 0x72, 0x28, 0x29, 0x3b, 0x0a, 0x20, 0x20, 0x20, 0x20, 0x20, 0x20, 0x76, 0x61, 0x72, 0x20, // er();.      var 
	0x76, 0x5f, 0x33, 0x32, 0x20, 0x3a, 0x20, 0x76, 0x65, 0x63, 0x34, 0x3c, 0x66, 0x33, 0x32, 0x3e, // v_32 : vec4<f32>
	0x3b, 0x0a, 0x20, 0x20, 0x20, 0x20, 0x20, 0x20, 0x69, 0x66, 0x20, 0x28, 0x28, 0x28, 0x76, 0x5f, // ;.      if (((v_
	0x31, 0x20, 0x26, 0x20, 0x32, 0x37, 0x75, 0x29, 0x20, 0x3d, 0x3d, 0x20, 0x30, 0x75, 0x29, 0x29, // 1 & 27u) == 0u))
	0x20, 0x7b, 0x0a, 0x20, 0x20, 0x20, 0x20, 0x20, 0x20, 0x20, 0x20, 0x6c, 0x65, 0x74, 0x20, 0x76, //  {.        let v
	0x5f, 0x33, 0x33, 0x20, 0x3d, 0x20, 0x28, 0x76, 0x5f, 0x31, 0x20, 0x2b, 0x20, 0x32, 0x75, 0x29, // _33 = (v_1 + 2u)
	0x3b, 0x0a, 0x20, 0x20, 0x20, 0x20, 0x20, 0x20, 0x20, 0x20, 0x6c, 0x65, 0x74, 0x20, 0x76, 0x5f, // ;.        let v_
	0x33, 0x34, 0x20, 0x3d, 0x20, 0x76, 0x65, 0x63, 0x34, 0x3c, 0x66, 0x33, 0x32, 0x3e, 0x28, 0x67, // 34 = vec4<f32>(g
	0x73, 0x5f, 0x52, 0x5b, 0x76, 0x5f, 0x33, 0x33, 0x5d, 0x2c, 0x20, 0x67, 0x73, 0x5f, 0x47, 0x5b, // s_R[v_33], gs_G[
	0x76, 0x5f, 0x33, 0x33, 0x5d, 0x2c, 0x20, 0x67, 0x73, 0x5f, 0x42, 0x5b, 0x76, 0x5f, 0x33, 0x33, // v_33], gs_B[v_33
	0x5d, 0x2c, 0x20, 0x67, 0x73, 0x5f, 0x41, 0x5b, 0x76, 0x5f, 0x33, 0x33, 0x5d, 0x29, 0x3b, 0x0a, // ], gs_A[v_33]);.
	0x20, 0x20, 0x20, 0x20, 0x20, 0x20, 0x20, 0x20, 0x6c, 0x65, 0x74, 0x20, 0x76, 0x5f, 0x33, 0x35, //         let v_35
	0x20, 0x3d, 0x20, 0x28, 0x76, 0x5f, 0x31, 0x20, 0x2b, 0x20, 0x31, 0x36, 0x75, 0x29, 0x3b, 0x0a, //  = (v_1 + 16u);.
	0x20, 0x20, 0x20, 0x20, 0x20, 0x20, 0x20, 0x20, 0x6c, 0x65, 0x74, 0x20, 0x76, 0x5f, 0x33, 0x36, //         let v_36
	0x20, 0x3d, 0x20, 0x76, 0x65, 0x63, 0x34, 0x3c, 0x66, 0x33, 0x32, 0x3e, 0x28, 0x67, 0x73, 0x5f, //  = vec4<f32>(gs_
	0x52, 0x5b, 0x76, 0x5f, 0x33, 0x35, 0x5d, 0x2c, 0x20, 0x67, 0x73, 0x5f, 0x47, 0x5b, 0x76, 0x5f, // R[v_35], gs_G[v_
	0x33, 0x35, 0x5d, 0x2c, 0x20, 0x67, 0x73, 0x5f, 0x42, 0x5b, 0x76, 0x5f, 0x33, 0x35, 0x5d, 0x2c, // 35], gs_B[v_35],
	0x20, 0x67, 0x73, 0x5f, 0x41, 0x5b, 0x76, 0x5f, 0x33, 0x35, 0x5d, 0x29, 0x3b, 0x0a, 0x20, 0x20, //  gs_A[v_35]);.  
	0x20, 0x20, 0x20, 0x20, 0x20, 0x20, 0x6c, 0x65, 0x74, 0x20, 0x76, 0x5f, 0x33, 0x37, 0x20, 0x3d, //       let v_37 =
	0x20, 0x28, 0x76, 0x5f, 0x31, 0x20, 0x2b, 0x20, 0x31, 0x38, 0x75, 0x29, 0x3b, 0x0a, 0x20, 0x20, //  (v_1 + 18u);.  
	0x20, 0x20, 0x20, 0x20, 0x20, 0x20, 0x6c, 0x65, 0x74, 0x20, 0x76, 0x5f, 0x33, 0x38, 0x20, 0x3d, //       let v_38 =
	0x20, 0x28, 0x28, 0x28, 0x28, 0x76, 0x5f, 0x33, 0x31, 0x20, 0x2b, 0x20, 0x76, 0x5f, 0x33, 0x34, //  ((((v_31 + v_34
	0x29, 0x20, 0x2b, 0x20, 0x76, 0x5f, 0x33, 0x36, 0x29, 0x20, 0x2b, 0x20, 0x76, 0x65, 0x63, 0x34, // ) + v_36) + vec4
	0x3c, 0x66, 0x33, 0x32, 0x3e, 0x28, 0x67, 0x73, 0x5f, 0x52, 0x5b, 0x76, 0x5f, 0x33, 0x37, 0x5d, // <f32>(gs_R[v_37]
	0x2c, 0x20, 0x67, 0x73, 0x5f, 0x47, 0x5b, 0x76, 0x5f, 0x33, 0x37, 0x5d, 0x2c, 0x20, 0x67, 0x73, // , gs_G[v_37], gs
	0x5f, 0x42, 0x5b, 0x76, 0x5f, 0x33, 0x37, 0x5d, 0x2c, 0x20, 0x67, 0x73, 0x5f, 0x41, 0x5b, 0x76, // _B[v_37], gs_A[v
	0x5f, 0x33, 0x37, 0x5d, 0x29, 0x29, 0x20, 0x2a, 0x20, 0x30, 0x2e, 0x32, 0x35, 0x66, 0x29, 0x3b, // _37])) * 0.25f);
	0x0a, 0x20, 0x20, 0x20, 0x20, 0x20, 0x20, 0x20, 0x20, 0x6c, 0x65, 0x74, 0x20, 0x76, 0x5f, 0x33, // .        let v_3
	0x39, 0x20, 0x3d, 0x20, 0x62, 0x69, 0x74, 0x63, 0x61, 0x73, 0x74, 0x3c, 0x76, 0x65, 0x63, 0x32, // 9 = bitcast<vec2
	0x3c, 0x69, 0x33, 0x32, 0x3e, 0x3e, 0x28, 0x28, 0x76, 0x5f, 0x37, 0x20, 0x2f, 0x20, 0x76, 0x65, // <i32>>((v_7 / ve
	0x63, 0x32, 0x3c, 0x75, 0x33, 0x32, 0x3e, 0x28, 0x34, 0x75, 0x29, 0x29, 0x29, 0x3b, 0x0a, 0x20, // c2<u32>(4u)));. 
	0x20, 0x20, 0x20, 0x20, 0x20, 0x20, 0x20, 0x6c, 0x65, 0x74, 0x20, 0x76, 0x5f, 0x34, 0x30, 0x20, //        let v_40 
	0x3d, 0x20, 0x76, 0x65, 0x63, 0x33, 0x3c, 0x69, 0x33, 0x32, 0x3e, 0x28, 0x76, 0x5f, 0x33, 0x39, // = vec3<i32>(v_39
	0x2e, 0x78, 0x2c, 0x20, 0x76, 0x5f, 0x33, 0x39, 0x2e, 0x79, 0x2c, 0x20, 0x76, 0x5f, 0x31, 0x36, // .x, v_39.y, v_16
	0x29, 0x3b, 0x0a, 0x20, 0x20, 0x20, 0x20, 0x20, 0x20, 0x20, 0x20, 0x74, 0x65, 0x78, 0x74, 0x75, // );.        textu
	0x72, 0x65, 0x53, 0x74, 0x6f, 0x72, 0x65, 0x28, 0x73, 0x5f, 0x69, 0x6d, 0x67, 0x4d, 0x69, 0x70, // reStore(s_imgMip
	0x33, 0x2c, 0x20, 0x76, 0x5f, 0x34, 0x30, 0x2e, 0x78, 0x79, 0x2c, 0x20, 0x76, 0x5f, 0x34, 0x30, // 3, v_40.xy, v_40
	0x2e, 0x7a, 0x2c, 0x20, 0x76, 0x5f, 0x33, 0x38, 0x29, 0x3b, 0x0a, 0x20, 0x20, 0x20, 0x20, 0x20, // .z, v_38);.     
	0x20, 0x20, 0x20, 0x2a, 0x28, 0x76, 0x5f, 0x31, 0x38, 0x29, 0x20, 0x3d, 0x20, 0x76, 0x5f, 0x33, //    *(v_18) = v_3
	0x38, 0x2e, 0x78, 0x3b, 0x0a, 0x20, 0x20, 0x20, 0x20, 0x20, 0x20, 0x20, 0x20, 0x2a, 0x28, 0x76, // 8.x;.        *(v
	0x5f, 0x31, 0x39, 0x29, 0x20, 0x3d, 0x20, 0x76, 0x5f, 0x33, 0x38, 0x2e, 0x79, 0x3b, 0x0a, 0x20, // _19) = v_38.y;. 
	0x20, 0x20, 0x20, 0x20, 0x20, 0x20, 0x20, 0x2a, 0x28, 0x76, 0x5f, 0x32, 0x30, 0x29, 0x20, 0x3d, //        *(v_20) =
	0x20, 0x76, 0x5f, 0x33, 0x38, 0x2e, 0x7a, 0x3b, 0x0a, 0x20, 0x20, 0x20, 0x20, 0x20, 0x20, 0x20, //  v_38.z;.       
	0x20, 0x2a, 0x28, 0x76, 0x5f, 0x32, 0x31, 0x29, 0x20, 0x3d, 0x20, 0x76, 0x5f, 0x33, 0x38, 0x2e, //  *(v_21) = v_38.
	0x77, 0x3b, 0x0a, 0x20, 0x20, 0x20, 0x20, 0x20, 0x20, 0x20, 0x20, 0x76, 0x5f, 0x33, 0x32, 0x20, // w;.        v_32 
	0x3d, 0x20, 0x76, 0x5f, 0x33, 0x38, 0x3b, 0x0a, 0x20, 0x20, 0x20, 0x20, 0x20, 0x20, 0x7d, 0x20, // = v_38;.      } 
	0x65, 0x6c, 0x73, 0x65, 0x20, 0x7b, 0x0a, 0x20, 0x20, 0x20, 0x20, 0x20, 0x20, 0x20, 0x20, 0x76, // else {.        v
	0x5f, 0x33, 0x32, 0x20, 0x3d, 0x20, 0x76, 0x5f, 0x33, 0x31, 0x3b, 0x0a, 0x20, 0x20, 0x20, 0x20, // _32 = v_31;.    
	0x20, 0x20, 0x7d, 0x0a, 0x20, 0x20, 0x20, 0x20, 0x20, 0x20, 0x6c, 0x65, 0x74, 0x20, 0x76, 0x5f, //   }.      let v_
	0x34, 0x31, 0x20, 0x3d, 0x20, 0x76, 0x5f, 0x33, 0x32, 0x3b, 0x0a, 0x20, 0x20, 0x20, 0x20, 0x20, // 41 = v_32;.     
	0x20, 0x69, 0x66, 0x20, 0x28, 0x28, 0x76, 0x5f, 0x34, 0x20, 0x3d, 0x3d, 0x20, 0x33, 0x75, 0x29, //  if ((v_4 == 3u)
	0x29, 0x20, 0x7b, 0x0a, 0x20, 0x20, 0x20, 0x20, 0x20, 0x20, 0x20, 0x20, 0x62, 0x72, 0x65, 0x61, // ) {.        brea
	0x6b, 0x3b, 0x0a, 0x20, 0x20, 0x20, 0x20, 0x20, 0x20, 0x7d, 0x0a, 0x20, 0x20, 0x20, 0x20, 0x20, // k;.      }.     
	0x20, 0x77, 0x6f, 0x72, 0x6b, 0x67, 0x72, 0x6f, 0x75, 0x70, 0x42, 0x61, 0x72, 0x72, 0x69, 0x65, //  workgroupBarrie
	0x72, 0x28, 0x29, 0x3b, 0x0a, 0x20, 0x20, 0x20, 0x20, 0x20, 0x20, 0x69, 0x66, 0x20, 0x28, 0x28, // r();.      if ((
	0x76, 0x5f, 0x31, 0x20, 0x3d, 0x3d, 0x20, 0x30, 0x75, 0x29, 0x29, 0x20, 0x7b, 0x0a, 0x20, 0x20, // v_1 == 0u)) {.  
	0x20, 0x20, 0x20, 0x20, 0x20, 0x20, 0x6c, 0x65, 0x74, 0x20, 0x76, 0x5f, 0x34, 0x32, 0x20, 0x3d, //       let v_42 =
	0x20, 0x28, 0x76, 0x5f, 0x31, 0x20, 0x2b, 0x20, 0x34, 0x75, 0x29, 0x3b, 0x0a, 0x20, 0x20, 0x20, //  (v_1 + 4u);.   
	0x20, 0x20, 0x20, 0x20, 0x20, 0x6c, 0x65, 0x74, 0x20, 0x76, 0x5f, 0x34, 0x33, 0x20, 0x3d, 0x20, //      let v_43 = 
	0x76, 0x65, 0x63, 0x34, 0x3c, 0x66, 0x33, 0x32, 0x3e, 0x28, 0x67, 0x73, 0x5f, 0x52, 0x5b, 0x76, // vec4<f32>(gs_R[v
	0x5f, 0x34, 0x32, 0x5d, 0x2c, 0x20, 0x67, 0x73, 0x5f, 0x47, 0x5b, 0x76, 0x5f, 0x34, 0x32, 0x5d, // _42], gs_G[v_42]
	0x2c, 0x20, 0x67, 0x73, 0x5f, 0x42, 0x5b, 0x76, 0x5f, 0x34, 0x32, 0x5d, 0x2c, 0x20, 0x67, 0x73, // , gs_B[v_42], gs
	0x5f, 0x41, 0x5b, 0x76, 0x5f, 0x34, 0x32, 0x5d, 0x29, 0x3b, 0x0a, 0x20, 0x20, 0x20, 0x20, 0x20, // _A[v_42]);.     
	0x20, 0x20, 0x20, 0x6c, 0x65, 0x74, 0x20, 0x76, 0x5f, 0x34, 0x34, 0x20, 0x3d, 0x20, 0x28, 0x76, //    let v_44 = (v
	0x5f, 0x31, 0x20, 0x2b, 0x20, 0x33, 0x32, 0x75, 0x29, 0x3b, 0x0a, 0x20, 0x20, 0x20, 0x20, 0x20, // _1 + 32u);.     
	0x20, 0x20, 0x20, 0x6c, 0x65, 0x74, 0x20, 0x76, 0x5f, 0x34, 0x35, 0x20, 0x3d, 0x20, 0x76, 0x65, //    let v_45 = ve
	0x63, 0x34, 0x3c, 0x66, 0x33, 0x32, 0x3e, 0x28, 0x67, 0x73, 0x5f, 0x52, 0x5b, 0x76, 0x5f, 0x34, // c4<f32>(gs_R[v_4
	0x34, 0x5d, 0x2c, 0x20, 0x67, 0x73, 0x5f, 0x47, 0x5b, 0x76, 0x5f, 0x34, 0x34, 0x5d, 0x2c, 0x20, // 4], gs_G[v_44], 
	0x67, 0x73, 0x5f, 0x42, 0x5b, 0x76, 0x5f, 0x34, 0x34, 0x5d, 0x2c, 0x20, 0x67, 0x73, 0x5f, 0x41, // gs_B[v_44], gs_A
	0x5b, 0x76, 0x5f, 0x34, 0x34, 0x5d, 0x29, 0x3b, 0x0a, 0x20, 0x20, 0x20, 0x20, 0x20, 0x20, 0x20, // [v_44]);.       
	0x20, 0x6c, 0x65, 0x74, 0x20, 0x76, 0x5f, 0x34, 0x36, 0x20, 0x3d, 0x20, 0x28, 0x76, 0x5f, 0x31, //  let v_46 = (v_1
	0x20, 0x2b, 0x20, 0x33, 0x36, 0x75, 0x29, 0x3b, 0x0a, 0x20, 0x20, 0x20, 0x20, 0x20, 0x20, 0x20, //  + 36u);.       
	0x20, 0x6c, 0x65, 0x74, 0x20, 0x76, 0x5f, 0x34, 0x37, 0x20, 0x3d, 0x20, 0x28, 0x28, 0x28, 0x28, //  let v_47 = ((((
	0x76, 0x5f, 0x34, 0x31, 0x20, 0x2b, 0x20, 0x76, 0x5f, 0x34, 0x33, 0x29, 0x20, 0x2b, 0x20, 0x76, // v_41 + v_43) + v
	0x5f, 0x34, 0x35, 0x29, 0x20, 0x2b, 0x20, 0x76, 0x65, 0x63, 0x34, 0x3c, 0x66, 0x33, 0x32, 0x3e, // _45) + vec4<f32>
	0x28, 0x67, 0x73, 0x5f, 0x52, 0x5b, 0x76, 0x5f, 0x34, 0x36, 0x5d, 0x2c, 0x20, 0x67, 0x73, 0x5f, // (gs_R[v_46], gs_
	0x47, 0x5b, 0x76, 0x5f, 0x34, 0x36, 0x5d, 0x2c, 0x20, 0x67, 0x73, 0x5f, 0x42, 0x5b, 0x76, 0x5f, // G[v_46], gs_B[v_
	0x34, 0x36, 0x5d, 0x2c, 0x20, 0x67, 0x73, 0x5f, 0x41, 0x5b, 0x76, 0x5f, 0x34, 0x36, 0x5d, 0x29, // 46], gs_A[v_46])
	0x29, 0x20, 0x2a, 0x20, 0x30, 0x2e, 0x32, 0x35, 0x66, 0x29, 0x3b, 0x0a, 0x20, 0x20, 0x20, 0x20, // ) * 0.25f);.    
	0x20, 0x20, 0x20, 0x20, 0x6c, 0x65, 0x74, 0x20, 0x76, 0x5f, 0x34, 0x38, 0x20, 0x3d, 0x20, 0x62, //     let v_48 = b
	0x69, 0x74, 0x63, 0x61, 0x73, 0x74, 0x3c, 0x76, 0x65, 0x63, 0x32, 0x3c, 0x69, 0x33, 0x32, 0x3e, // itcast<vec2<i32>
	0x3e, 0x28, 0x28, 0x76, 0x5f, 0x37, 0x20, 0x2f, 0x20, 0x76, 0x65, 0x63, 0x32, 0x3c, 0x75, 0x33, // >((v_7 / vec2<u3
	0x32, 0x3e, 0x28, 0x38, 0x75, 0x29, 0x29, 0x29, 0x3b, 0x0a, 0x20, 0x20, 0x20, 0x20, 0x20, 0x20, // 2>(8u)));.      
	0x20, 0x20, 0x6c, 0x65, 0x74, 0x20, 0x76, 0x5f, 0x34, 0x39, 0x20, 0x3d, 0x20, 0x76, 0x65, 0x63, //   let v_49 = vec
	0x33, 0x3c, 0x69, 0x33, 0x32, 0x3e, 0x28, 0x76, 0x5f, 0x34, 0x38, 0x2e, 0x78, 0x2c, 0x20, 0x76, // 3<i32>(v_48.x, v
	0x5f, 0x34, 0x38, 0x2e, 0x79, 0x2c, 0x20, 0x76, 0x5f, 0x31, 0x36, 0x29, 0x3b, 0x0a, 0x20, 0x20, // _48.y, v_16);.  
	0x20, 0x20, 0x20, 0x20, 0x20, 0x20, 0x74, 0x65, 0x78, 0x74, 0x75, 0x72, 0x65, 0x53, 0x74, 0x6f, //       textureSto
	0x72, 0x65, 0x28, 0x73, 0x5f, 0x69, 0x6d, 0x67, 0x4d, 0x69, 0x70, 0x34, 0x2c, 0x20, 0x76, 0x5f, // re(s_imgMip4, v_
	0x34, 0x39, 0x2e, 0x78, 0x79, 0x2c, 0x20, 0x76, 0x5f, 0x34, 0x39, 0x2e, 0x7a, 0x2c, 0x20, 0x76, // 49.xy, v_49.z, v
	0x5f, 0x34, 0x37, 0x29, 0x3b, 0x0a, 0x20, 0x20, 0x20, 0x20, 0x20, 0x20, 0x7d, 0x0a, 0x20, 0x20, // _47);.      }.  
	0x20, 0x20, 0x7d, 0x0a, 0x20, 0x20, 0x7d, 0x0a, 0x7d, 0x0a, 0x00, 0x00, 0x10, 0x00, 0x10, 0x00, //   }.  }.}.......
};
static const uint8_t cs_mipgen_oddy_dxbc[3417] =
{
	0x43, 0x53, 0x48, 0x0c, 0x00, 0x00, 0x00, 0x00, 0x00, 0x00, 0x00, 0x00, 0x00, 0x00, 0x00, 0x00, // CSH.............
	0x00, 0x00, 0x00, 0x00, 0x02, 0x00, 0x0b, 0x62, 0x67, 0x66, 0x78, 0x5f, 0x6d, 0x69, 0x70, 0x47, // .......bgfx_mipG
	0x65, 0x6e, 0x02, 0x00, 0x00, 0x00, 0x01, 0x00, 0x00, 0x00, 0x00, 0x00, 0x0e, 0x62, 0x67, 0x66, // en...........bgf
	0x78, 0x5f, 0x74, 0x65, 0x78, 0x4d, 0x69, 0x70, 0x53, 0x72, 0x63, 0x20, 0x01, 0x04, 0x00, 0x01, // x_texMipSrc ....
	0x00, 0x00, 0x03, 0x00, 0x00, 0x0c, 0x0d, 0x00, 0x00, 0x44, 0x58, 0x42, 0x43, 0x41, 0x89, 0xff, // .........DXBCA..
	0x86, 0x63, 0x5a, 0x24, 0xf9, 0x6f, 0xd9, 0x31, 0x54, 0x58, 0xa8, 0x4d, 0xf6, 0x01, 0x00, 0x00, // .cZ$.o.1TX.M....
	0x00, 0x0c, 0x0d, 0x00, 0x00, 0x03, 0x00, 0x00, 0x00, 0x2c, 0x00, 0x00, 0x00, 0x3c, 0x00, 0x00, // .........,...<..
	0x00, 0x4c, 0x00, 0x00, 0x00, 0x49, 0x53, 0x47, 0x4e, 0x08, 0x00, 0x00, 0x00, 0x00, 0x00, 0x00, // .L...ISGN.......
	0x00, 0x08, 0x00, 0x00, 0x00, 0x4f, 0x53, 0x47, 0x4e, 0x08, 0x00, 0x00, 0x00, 0x00, 0x00, 0x00, // .....OSGN.......
	0x00, 0x08, 0x00, 0x00, 0x00, 0x53, 0x48, 0x45, 0x58, 0xb8, 0x0c, 0x00, 0x00, 0x50, 0x00, 0x05, // .....SHEX....P..
	0x00, 0x2e, 0x03, 0x00, 0x00, 0x6a, 0x08, 0x00, 0x01, 0x59, 0x00, 0x00, 0x04, 0x46, 0x8e, 0x20, // .....j...Y...F. 
	0x00, 0x00, 0x00, 0x00, 0x00, 0x01, 0x00, 0x00, 0x00, 0x5a, 0x00, 0x00, 0x03, 0x00, 0x60, 0x10, // .........Z....`.
	0x00, 0x04, 0x00, 0x00, 0x00, 0x58, 0x40, 0x00, 0x04, 0x00, 0x70, 0x10, 0x00, 0x04, 0x00, 0x00, // .....X@...p.....
	0x00, 0x55, 0x55, 0x00, 0x00, 0x9c, 0x40, 0x00, 0x04, 0x00, 0xe0, 0x11, 0x00, 0x00, 0x00, 0x00, // .UU...@.........
	0x00, 0x11, 0x11, 0x00, 0x00, 0x9c, 0x40, 0x00, 0x04, 0x00, 0xe0, 0x11, 0x00, 0x01, 0x00, 0x00, // ......@.........
	0x00, 0x11, 0x11, 0x00, 0x00, 0x9c, 0x40, 0x00, 0x04, 0x00, 0xe0, 0x11, 0x00, 0x02, 0x00, 0x00, // ......@.........
	0x00, 0x11, 0x11, 0x00, 0x00, 0x9c, 0x40, 0x00, 0x04, 0x00, 0xe0, 0x11, 0x00, 0x03, 0x00, 0x00, // ......@.........
	0x00, 0x11, 0x11, 0x00, 0x00, 0x5f, 0x00, 0x00, 0x02, 0x00, 0x40, 0x02, 0x00, 0x5f, 0x00, 0x00, // ....._....@.._..
	0x02, 0x72, 0x00, 0x02, 0x00, 0x68, 0x00, 0x00, 0x02, 0x06, 0x00, 0x00, 0x00, 0xa0, 0x00, 0x00, // .r...h..........
	0x05, 0x00, 0xf0, 0x11, 0x00, 0x00, 0x00, 0x00, 0x00, 0x04, 0x00, 0x00, 0x00, 0x40, 0x00, 0x00, // .............@..
	0x00, 0xa0, 0x00, 0x00, 0x05, 0x00, 0xf0, 0x11, 0x00, 0x01, 0x00, 0x00, 0x00, 0x04, 0x00, 0x00, // ................
	0x00, 0x40, 0x00, 0x00, 0x00, 0xa0, 0x00, 0x00, 0x05, 0x00, 0xf0, 0x11, 0x00, 0x02, 0x00, 0x00, // .@..............
	0x00, 0x04, 0x00, 0x00, 0x00, 0x40, 0x00, 0x00, 0x00, 0xa0, 0x00, 0x00, 0x05, 0x00, 0xf0, 0x11, // .....@..........
	0x00, 0x03, 0x00, 0x00, 0x00, 0x04, 0x00, 0x00, 0x00, 0x40, 0x00, 0x00, 0x00, 0x9b, 0x00, 0x00, // .........@......
	0x04, 0x08, 0x00, 0x00, 0x00, 0x08, 0x00, 0x00, 0x00, 0x01, 0x00, 0x00, 0x00, 0x1c, 0x00, 0x00, // ................
	0x06, 0x32, 0x00, 0x10, 0x00, 0x00, 0x00, 0x00, 0x00, 0x46, 0x80, 0x20, 0x00, 0x00, 0x00, 0x00, // .2.......F. ....
	0x00, 0x00, 0x00, 0x00, 0x00, 0x56, 0x00, 0x00, 0x04, 0x72, 0x00, 0x10, 0x00, 0x01, 0x00, 0x00, // .....V...r......
	0x00, 0x46, 0x02, 0x02, 0x00, 0x00, 0x00, 0x00, 0x0a, 0xc2, 0x00, 0x10, 0x00, 0x00, 0x00, 0x00, // .F..............
	0x00, 0x06, 0x04, 0x10, 0x00, 0x01, 0x00, 0x00, 0x00, 0x02, 0x40, 0x00, 0x00, 0x00, 0x00, 0x00, // ..........@.....
	0x00, 0x00, 0x00, 0x00, 0x00, 0x00, 0x00, 0x00, 0x3f, 0x00, 0x00, 0x80, 0x3e, 0x38, 0x00, 0x00, // ........?...>8..
	0x08, 0x32, 0x00, 0x10, 0x00, 0x01, 0x00, 0x00, 0x00, 0xe6, 0x0a, 0x10, 0x00, 0x00, 0x00, 0x00, // .2..............
	0x00, 0xe6, 0x8a, 0x20, 0x00, 0x00, 0x00, 0x00, 0x00, 0x00, 0x00, 0x00, 0x00, 0x56, 0x00, 0x00, // ... .........V..
	0x05, 0x12, 0x00, 0x10, 0x00, 0x00, 0x00, 0x00, 0x00, 0x0a, 0x00, 0x10, 0x00, 0x00, 0x00, 0x00, // ................
	0x00, 0x48, 0x00, 0x00, 0x8d, 0x02, 0x02, 0x00, 0x80, 0x43, 0x55, 0x15, 0x00, 0xf2, 0x00, 0x10, // .H.......CU.....
	0x00, 0x02, 0x00, 0x00, 0x00, 0x46, 0x02, 0x10, 0x00, 0x01, 0x00, 0x00, 0x00, 0x46, 0x7e, 0x10, // .....F.......F~.
	0x00, 0x04, 0x00, 0x00, 0x00, 0x00, 0x60, 0x10, 0x00, 0x04, 0x00, 0x00, 0x00, 0x0a, 0x00, 0x10, // ......`.........
	0x00, 0x00, 0x00, 0x00, 0x00, 0x32, 0x00, 0x00, 0x0d, 0x32, 0x00, 0x10, 0x00, 0x01, 0x00, 0x00, // .....2...2......
	0x00, 0xe6, 0x8a, 0x20, 0x00, 0x00, 0x00, 0x00, 0x00, 0x00, 0x00, 0x00, 0x00, 0x02, 0x40, 0x00, // ... ..........@.
	0x00, 0x00, 0x00, 0x00, 0x00, 0x00, 0x00, 0x00, 0x3f, 0x00, 0x00, 0x00, 0x00, 0x00, 0x00, 0x00, // ........?.......
	0x00, 0x46, 0x00, 0x10, 0x00, 0x01, 0x00, 0x00, 0x00, 0x48, 0x00, 0x00, 0x8d, 0x02, 0x02, 0x00, // .F.......H......
	0x80, 0x43, 0x55, 0x15, 0x00, 0xf2, 0x00, 0x10, 0x00, 0x01, 0x00, 0x00, 0x00, 0x46, 0x02, 0x10, // .CU..........F..
	0x00, 0x01, 0x00, 0x00, 0x00, 0x46, 0x7e, 0x10, 0x00, 0x04, 0x00, 0x00, 0x00, 0x00, 0x60, 0x10, // .....F~.......`.
	0x00, 0x04, 0x00, 0x00, 0x00, 0x0a, 0x00, 0x10, 0x00, 0x00, 0x00, 0x00, 0x00, 0x00, 0x00, 0x00, // ................
	0x07, 0xf2, 0x00, 0x10, 0x00, 0x01, 0x00, 0x00, 0x00, 0x46, 0x0e, 0x10, 0x00, 0x01, 0x00, 0x00, // .........F......
	0x00, 0x46, 0x0e, 0x10, 0x00, 0x02, 0x00, 0x00, 0x00, 0x38, 0x00, 0x00, 0x0a, 0xf2, 0x00, 0x10, // .F.......8......
	0x00, 0x02, 0x00, 0x00, 0x00, 0x46, 0x0e, 0x10, 0x00, 0x01, 0x00, 0x00, 0x00, 0x02, 0x40, 0x00, // .....F........@.
	0x00, 0x00, 0x00, 0x00, 0x3f, 0x00, 0x00, 0x00, 0x3f, 0x00, 0x00, 0x00, 0x3f, 0x00, 0x00, 0x00, // ....?...?...?...
	0x3f, 0xa4, 0x00, 0x00, 0x06, 0xf2, 0xe0, 0x11, 0x00, 0x00, 0x00, 0x00, 0x00, 0x46, 0x0a, 0x02, // ?............F..
	0x00, 0x46, 0x0e, 0x10, 0x00, 0x02, 0x00, 0x00, 0x00, 0x20, 0x00, 0x00, 0x07, 0x12, 0x00, 0x10, // .F....... ......
	0x00, 0x00, 0x00, 0x00, 0x00, 0x1a, 0x00, 0x10, 0x00, 0x00, 0x00, 0x00, 0x00, 0x01, 0x40, 0x00, // ..............@.
	0x00, 0x01, 0x00, 0x00, 0x00, 0x1f, 0x00, 0x04, 0x03, 0x0a, 0x00, 0x10, 0x00, 0x00, 0x00, 0x00, // ................
	0x00, 0x3e, 0x00, 0x00, 0x01, 0x15, 0x00, 0x00, 0x01, 0xa8, 0x00, 0x00, 0x08, 0x12, 0xf0, 0x11, // .>..............
	0x00, 0x00, 0x00, 0x00, 0x00, 0x0a, 0x40, 0x02, 0x00, 0x01, 0x40, 0x00, 0x00, 0x00, 0x00, 0x00, // ......@...@.....
	0x00, 0x0a, 0x00, 0x10, 0x00, 0x02, 0x00, 0x00, 0x00, 0xa8, 0x00, 0x00, 0x08, 0x12, 0xf0, 0x11, // ................
	0x00, 0x01, 0x00, 0x00, 0x00, 0x0a, 0x40, 0x02, 0x00, 0x01, 0x40, 0x00, 0x00, 0x00, 0x00, 0x00, // ......@...@.....
	0x00, 0x1a, 0x00, 0x10, 0x00, 0x02, 0x00, 0x00, 0x00, 0xa8, 0x00, 0x00, 0x08, 0x12, 0xf0, 0x11, // ................
	0x00, 0x02, 0x00, 0x00, 0x00, 0x0a, 0x40, 0x02, 0x00, 0x01, 0x40, 0x00, 0x00, 0x00, 0x00, 0x00, // ......@...@.....
	0x00, 0x2a, 0x00, 0x10, 0x00, 0x02, 0x00, 0x00, 0x00, 0xa8, 0x00, 0x00, 0x08, 0x12, 0xf0, 0x11, // .*..............
	0x00, 0x03, 0x00, 0x00, 0x00, 0x0a, 0x40, 0x02, 0x00, 0x01, 0x40, 0x00, 0x00, 0x00, 0x00, 0x00, // ......@...@.....
	0x00, 0x3a, 0x00, 0x10, 0x00, 0x02, 0x00, 0x00, 0x00, 0xbe, 0x18, 0x00, 0x01, 0x01, 0x00, 0x00, // .:..............
	0x06, 0x12, 0x00, 0x10, 0x00, 0x00, 0x00, 0x00, 0x00, 0x0a, 0x40, 0x02, 0x00, 0x01, 0x40, 0x00, // ..........@...@.
	0x00, 0x09, 0x00, 0x00, 0x00, 0x1f, 0x00, 0x00, 0x03, 0x0a, 0x00, 0x10, 0x00, 0x00, 0x00, 0x00, // ................
	0x00, 0x1e, 0x00, 0x00, 0x09, 0xd2, 0x00, 0x10, 0x00, 0x00, 0x00, 0x00, 0x00, 0x06, 0x40, 0x02, // ..............@.
	0x00, 0x02, 0x40, 0x00, 0x00, 0x01, 0x00, 0x00, 0x00, 0x00, 0x00, 0x00, 0x00, 0x08, 0x00, 0x00, // ..@.............
	0x00, 0x09, 0x00, 0x00, 0x00, 0xa7, 0x00, 0x00, 0x09, 0x12, 0x00, 0x10, 0x00, 0x03, 0x00, 0x00, // ................
	0x00, 0x0a, 0x00, 0x10, 0x00, 0x00, 0x00, 0x00, 0x00, 0x01, 0x40, 0x00, 0x00, 0x00, 0x00, 0x00, // ..........@.....
	0x00, 0x06, 0xf0, 0x11, 0x00, 0x00, 0x00, 0x00, 0x00, 0xa7, 0x00, 0x00, 0x09, 0x22, 0x00, 0x10, // ............."..
	0x00, 0x03, 0x00, 0x00, 0x00, 0x0a, 0x00, 0x10, 0x00, 0x00, 0x00, 0x00, 0x00, 0x01, 0x40, 0x00, // ..............@.
	0x00, 0x00, 0x00, 0x00, 0x00, 0x06, 0xf0, 0x11, 0x00, 0x01, 0x00, 0x00, 0x00, 0xa7, 0x00, 0x00, // ................
	0x09, 0x42, 0x00, 0x10, 0x00, 0x03, 0x00, 0x00, 0x00, 0x0a, 0x00, 0x10, 0x00, 0x00, 0x00, 0x00, // .B..............
	0x00, 0x01, 0x40, 0x00, 0x00, 0x00, 0x00, 0x00, 0x00, 0x06, 0xf0, 0x11, 0x00, 0x02, 0x00, 0x00, // ..@.............
	0x00, 0xa7, 0x00, 0x00, 0x09, 0x82, 0x00, 0x10, 0x00, 0x03, 0x00, 0x00, 0x00, 0x0a, 0x00, 0x10, // ................
	0x00, 0x00, 0x00, 0x00, 0x00, 0x01, 0x40, 0x00, 0x00, 0x00, 0x00, 0x00, 0x00, 0x06, 0xf0, 0x11, // ......@.........
	0x00, 0x03, 0x00, 0x00, 0x00, 0xa7, 0x00, 0x00, 0x09, 0x12, 0x00, 0x10, 0x00, 0x04, 0x00, 0x00, // ................
	0x00, 0x2a, 0x00, 0x10, 0x00, 0x00, 0x00, 0x00, 0x00, 0x01, 0x40, 0x00, 0x00, 0x00, 0x00, 0x00, // .*........@.....
	0x00, 0x06, 0xf0, 0x11, 0x00, 0x00, 0x00, 0x00, 0x00, 0xa7, 0x00, 0x00, 0x09, 0x22, 0x00, 0x10, // ............."..
	0x00, 0x04, 0x00, 0x00, 0x00, 0x2a, 0x00, 0x10, 0x00, 0x00, 0x00, 0x00, 0x00, 0x01, 0x40, 0x00, // .....*........@.
	0x00, 0x00, 0x00, 0x00, 0x00, 0x06, 0xf0, 0x11, 0x00, 0x01, 0x00, 0x00, 0x00, 0xa7, 0x00, 0x00, // ................
	0x09, 0x42, 0x00, 0x10, 0x00, 0x04, 0x00, 0x00, 0x00, 0x2a, 0x00, 0x10, 0x00, 0x00, 0x00, 0x00, // .B.......*......
	0x00, 0x01, 0x40, 0x00, 0x00, 0x00, 0x00, 0x00, 0x00, 0x06, 0xf0, 0x11, 0x00, 0x02, 0x00, 0x00, // ..@.............
	0x00, 0xa7, 0x00, 0x00, 0x09, 0x82, 0x00, 0x10, 0x00, 0x04, 0x00, 0x00, 0x00, 0x2a, 0x00, 0x10, // .............*..
	0x00, 0x00, 0x00, 0x00, 0x00, 0x01, 0x40, 0x00, 0x00, 0x00, 0x00, 0x00, 0x00, 0x06, 0xf0, 0x11, // ......@.........
	0x00, 0x03, 0x00, 0x00, 0x00, 0xa7, 0x00, 0x00, 0x09, 0x12, 0x00, 0x10, 0x00, 0x05, 0x00, 0x00, // ................
	0x00, 0x3a, 0x00, 0x10, 0x00, 0x00, 0x00, 0x00, 0x00, 0x01, 0x40, 0x00, 0x00, 0x00, 0x00, 0x00, // .:........@.....
	0x00, 0x06, 0xf0, 0x11, 0x00, 0x00, 0x00, 0x00, 0x00, 0xa7, 0x00, 0x00, 0x09, 0x22, 0x00, 0x10, // ............."..
	0x00, 0x05, 0x00, 0x00, 0x00, 0x3a, 0x00, 0x10, 0x00, 0x00, 0x00, 0x00, 0x00, 0x01, 0x40, 0x00, // .....:........@.
	0x00, 0x00, 0x00, 0x00, 0x00, 0x06, 0xf0, 0x11, 0x00, 0x01, 0x00, 0x00, 0x00, 0xa7, 0x00, 0x00, // ................
	0x09, 0x42, 0x00, 0x10, 0x00, 0x05, 0x00, 0x00, 0x00, 0x3a, 0x00, 0x10, 0x00, 0x00, 0x00, 0x00, // .B.......:......
	0x00, 0x01, 0x40, 0x00, 0x00, 0x00, 0x00, 0x00, 0x00, 0x06, 0xf0, 0x11, 0x00, 0x02, 0x00, 0x00, // ..@.............
	0x00, 0xa7, 0x00, 0x00, 0x09, 0x82, 0x00, 0x10, 0x00, 0x05, 0x00, 0x00, 0x00, 0x3a, 0x00, 0x10, // .............:..
	0x00, 0x00, 0x00, 0x00, 0x00, 0x01, 0x40, 0x00, 0x00, 0x00, 0x00, 0x00, 0x00, 0x06, 0xf0, 0x11, // ......@.........
	0x00, 0x03, 0x00, 0x00, 0x00, 0x32, 0x00, 0x00, 0x0c, 0xf2, 0x00, 0x10, 0x00, 0x01, 0x00, 0x00, // .....2..........
	0x00, 0x46, 0x0e, 0x10, 0x00, 0x01, 0x00, 0x00, 0x00, 0x02, 0x40, 0x00, 0x00, 0x00, 0x00, 0x00, // .F........@.....
	0x3f, 0x00, 0x00, 0x00, 0x3f, 0x00, 0x00, 0x00, 0x3f, 0x00, 0x00, 0x00, 0x3f, 0x46, 0x0e, 0x10, // ?...?...?...?F..
	0x00, 0x03, 0x00, 0x00, 0x00, 0x00, 0x00, 0x00, 0x07, 0xf2, 0x00, 0x10, 0x00, 0x01, 0x00, 0x00, // ................
	0x00, 0x46, 0x0e, 0x10, 0x00, 0x04, 0x00, 0x00, 0x00, 0x46, 0x0e, 0x10, 0x00, 0x01, 0x00, 0x00, // .F.......F......
	0x00, 0x00, 0x00, 0x00, 0x07, 0xf2, 0x00, 0x10, 0x00, 0x01, 0x00, 0x00, 0x00, 0x46, 0x0e, 0x10, // .............F..
	0x00, 0x05, 0x00, 0x00, 0x00, 0x46, 0x0e, 0x10, 0x00, 0x01, 0x00, 0x00, 0x00, 0x38, 0x00, 0x00, // .....F.......8..
	0x0a, 0xf2, 0x00, 0x10, 0x00, 0x02, 0x00, 0x00, 0x00, 0x46, 0x0e, 0x10, 0x00, 0x01, 0x00, 0x00, // .........F......
	0x00, 0x02, 0x40, 0x00, 0x00, 0x00, 0x00, 0x80, 0x3e, 0x00, 0x00, 0x80, 0x3e, 0x00, 0x00, 0x80, // ..@.....>...>...
	0x3e, 0x00, 0x00, 0x80, 0x3e, 0x55, 0x00, 0x00, 0x09, 0x32, 0x00, 0x10, 0x00, 0x01, 0x00, 0x00, // >...>U...2......
	0x00, 0x46, 0x00, 0x02, 0x00, 0x02, 0x40, 0x00, 0x00, 0x01, 0x00, 0x00, 0x00, 0x01, 0x00, 0x00, // .F....@.........
	0x00, 0x00, 0x00, 0x00, 0x00, 0x00, 0x00, 0x00, 0x00, 0x36, 0x00, 0x00, 0x04, 0xc2, 0x00, 0x10, // .........6......
	0x00, 0x01, 0x00, 0x00, 0x00, 0xa6, 0x0a, 0x02, 0x00, 0xa4, 0x00, 0x00, 0x07, 0xf2, 0xe0, 0x11, // ................
	0x00, 0x01, 0x00, 0x00, 0x00, 0x46, 0x0e, 0x10, 0x00, 0x01, 0x00, 0x00, 0x00, 0x46, 0x0e, 0x10, // .....F.......F..
	0x00, 0x02, 0x00, 0x00, 0x00, 0xa8, 0x00, 0x00, 0x08, 0x12, 0xf0, 0x11, 0x00, 0x00, 0x00, 0x00, // ................
	0x00, 0x0a, 0x40, 0x02, 0x00, 0x01, 0x40, 0x00, 0x00, 0x00, 0x00, 0x00, 0x00, 0x0a, 0x00, 0x10, // ..@...@.........
	0x00, 0x02, 0x00, 0x00, 0x00, 0xa8, 0x00, 0x00, 0x08, 0x12, 0xf0, 0x11, 0x00, 0x01, 0x00, 0x00, // ................
	0x00, 0x0a, 0x40, 0x02, 0x00, 0x01, 0x40, 0x00, 0x00, 0x00, 0x00, 0x00, 0x00, 0x1a, 0x00, 0x10, // ..@...@.........
	0x00, 0x02, 0x00, 0x00, 0x00, 0xa8, 0x00, 0x00, 0x08, 0x12, 0xf0, 0x11, 0x00, 0x02, 0x00, 0x00, // ................
	0x00, 0x0a, 0x40, 0x02, 0x00, 0x01, 0x40, 0x00, 0x00, 0x00, 0x00, 0x00, 0x00, 0x2a, 0x00, 0x10, // ..@...@......*..
	0x00, 0x02, 0x00, 0x00, 0x00, 0xa8, 0x00, 0x00, 0x08, 0x12, 0xf0, 0x11, 0x00, 0x03, 0x00, 0x00, // ................
	0x00, 0x0a, 0x40, 0x02, 0x00, 0x01, 0x40, 0x00, 0x00, 0x00, 0x00, 0x00, 0x00, 0x3a, 0x00, 0x10, // ..@...@......:..
	0x00, 0x02, 0x00, 0x00, 0x00, 0x15, 0x00, 0x00, 0x01, 0x20, 0x00, 0x00, 0x07, 0x12, 0x00, 0x10, // ......... ......
	0x00, 0x00, 0x00, 0x00, 0x00, 0x1a, 0x00, 0x10, 0x00, 0x00, 0x00, 0x00, 0x00, 0x01, 0x40, 0x00, // ..............@.
	0x00, 0x02, 0x00, 0x00, 0x00, 0x1f, 0x00, 0x04, 0x03, 0x0a, 0x00, 0x10, 0x00, 0x00, 0x00, 0x00, // ................
	0x00, 0x3e, 0x00, 0x00, 0x01, 0x15, 0x00, 0x00, 0x01, 0xbe, 0x18, 0x00, 0x01, 0x01, 0x00, 0x00, // .>..............
	0x06, 0x12, 0x00, 0x10, 0x00, 0x00, 0x00, 0x00, 0x00, 0x0a, 0x40, 0x02, 0x00, 0x01, 0x40, 0x00, // ..........@...@.
	0x00, 0x1b, 0x00, 0x00, 0x00, 0x1f, 0x00, 0x00, 0x03, 0x0a, 0x00, 0x10, 0x00, 0x00, 0x00, 0x00, // ................
	0x00, 0x1e, 0x00, 0x00, 0x09, 0xd2, 0x00, 0x10, 0x00, 0x00, 0x00, 0x00, 0x00, 0x06, 0x40, 0x02, // ..............@.
	0x00, 0x02, 0x40, 0x00, 0x00, 0x02, 0x00, 0x00, 0x00, 0x00, 0x00, 0x00, 0x00, 0x10, 0x00, 0x00, // ..@.............
	0x00, 0x12, 0x00, 0x00, 0x00, 0xa7, 0x00, 0x00, 0x09, 0x12, 0x00, 0x10, 0x00, 0x01, 0x00, 0x00, // ................
	0x00, 0x0a, 0x00, 0x10, 0x00, 0x00, 0x00, 0x00, 0x00, 0x01, 0x40, 0x00, 0x00, 0x00, 0x00, 0x00, // ..........@.....
	0x00, 0x06, 0xf0, 0x11, 0x00, 0x00, 0x00, 0x00, 0x00, 0xa7, 0x00, 0x00, 0x09, 0x22, 0x00, 0x10, // ............."..
	0x00, 0x01, 0x00, 0x00, 0x00, 0x0a, 0x00, 0x10, 0x00, 0x00, 0x00, 0x00, 0x00, 0x01, 0x40, 0x00, // ..............@.
	0x00, 0x00, 0x00, 0x00, 0x00, 0x06, 0xf0, 0x11, 0x00, 0x01, 0x00, 0x00, 0x00, 0xa7, 0x00, 0x00, // ................
	0x09, 0x42, 0x00, 0x10, 0x00, 0x01, 0x00, 0x00, 0x00, 0x0a, 0x00, 0x10, 0x00, 0x00, 0x00, 0x00, // .B..............
	0x00, 0x01, 0x40, 0x00, 0x00, 0x00, 0x00, 0x00, 0x00, 0x06, 0xf0, 0x11, 0x00, 0x02, 0x00, 0x00, // ..@.............
	0x00, 0xa7, 0x00, 0x00, 0x09, 0x82, 0x00, 0x10, 0x00, 0x01, 0x00, 0x00, 0x00, 0x0a, 0x00, 0x10, // ................
	0x00, 0x00, 0x00, 0x00, 0x00, 0x01, 0x40, 0x00, 0x00, 0x00, 0x00, 0x00, 0x00, 0x06, 0xf0, 0x11, // ......@.........
	0x00, 0x03, 0x00, 0x00, 0x00, 0xa7, 0x00, 0x00, 0x09, 0x12, 0x00, 0x10, 0x00, 0x03, 0x00, 0x00, // ................
	0x00, 0x2a, 0x00, 0x10, 0x00, 0x00, 0x00, 0x00, 0x00, 0x01, 0x40, 0x00, 0x00, 0x00, 0x00, 0x00, // .*........@.....
	0x00, 0x06, 0xf0, 0x11, 0x00, 0x00, 0x00, 0x00, 0x00, 0xa7, 0x00, 0x00, 0x09, 0x22, 0x00, 0x10, // ............."..
	0x00, 0x03, 0x00, 0x00, 0x00, 0x2a, 0x00, 0x10, 0x00, 0x00, 0x00, 0x00, 0x00, 0x01, 0x40, 0x00, // .....*........@.
	0x00, 0x00, 0x00, 0x00, 0x00, 0x06, 0xf0, 0x11, 0x00, 0x01, 0x00, 0x00, 0x00, 0xa7, 0x00, 0x00, // ................
	0x09, 0x42, 0x00, 0x10, 0x00, 0x03, 0x00, 0x00, 0x00, 0x2a, 0x00, 0x10, 0x00, 0x00, 0x00, 0x00, // .B.......*......
	0x00, 0x01, 0x40, 0x00, 0x00, 0x00, 0x00, 0x00, 0x00, 0x06, 0xf0, 0x11, 0x00, 0x02, 0x00, 0x00, // ..@.............
	0x00, 0xa7, 0x00, 0x00, 0x09, 0x82, 0x00, 0x10, 0x00, 0x03, 0x00, 0x00, 0x00, 0x2a, 0x00, 0x10, // .............*..
	0x00, 0x00, 0x00, 0x00, 0x00, 0x01, 0x40, 0x00, 0x00, 0x00, 0x00, 0x00, 0x00, 0x06, 0xf0, 0x11, // ......@.........
	0x00, 0x03, 0x00, 0x00, 0x00, 0xa7, 0x00, 0x00, 0x09, 0x12, 0x00, 0x10, 0x00, 0x04, 0x00, 0x00, // ................
	0x00, 0x3a, 0x00, 0x10, 0x00, 0x00, 0x00, 0x00, 0x00, 0x01, 0x40, 0x00, 0x00, 0x00, 0x00, 0x00, // .:........@.....
	0x00, 0x06, 0xf0, 0x11, 0x00, 0x00, 0x00, 0x00, 0x00, 0xa7, 0x00, 0x00, 0x09, 0x22, 0x00, 0x10, // ............."..
	0x00, 0x04, 0x00, 0x00, 0x00, 0x3a, 0x00, 0x10, 0x00, 0x00, 0x00, 0x00, 0x00, 0x01, 0x40, 0x00, // .....:........@.
	0x00, 0x00, 0x00, 0x00, 0x00, 0x06, 0xf0, 0x11, 0x00, 0x01, 0x00, 0x00, 0x00, 0xa7, 0x00, 0x00, // ................
	0x09, 0x42, 0x00, 0x10, 0x00, 0x04, 0x00, 0x00, 0x00, 0x3a, 0x00, 0x10, 0x00, 0x00, 0x00, 0x00, // .B.......:......
	0x00, 0x01, 0x40, 0x00, 0x00, 0x00, 0x00, 0x00, 0x00, 0x06, 0xf0, 0x11, 0x00, 0x02, 0x00, 0x00, // ..@.............
	0x00, 0xa7, 0x00, 0x00, 0x09, 0x82, 0x00, 0x10, 0x00, 0x04, 0x00, 0x00, 0x00, 0x3a, 0x00, 0x10, // .............:..
	0x00, 0x00, 0x00, 0x00, 0x00, 0x01, 0x40, 0x00, 0x00, 0x00, 0x00, 0x00, 0x00, 0x06, 0xf0, 0x11, // ......@.........
	0x00, 0x03, 0x00, 0x00, 0x00, 0x00, 0x00, 0x00, 0x07, 0xf2, 0x00, 0x10, 0x00, 0x01, 0x00, 0x00, // ................
	0x00, 0x46, 0x0e, 0x10, 0x00, 0x01, 0x00, 0x00, 0x00, 0x46, 0x0e, 0x10, 0x00, 0x02, 0x00, 0x00, // .F.......F......
	0x00, 0x00, 0x00, 0x00, 0x07, 0xf2, 0x00, 0x10, 0x00, 0x01, 0x00, 0x00, 0x00, 0x46, 0x0e, 0x10, // .............F..
	0x00, 0x03, 0x00, 0x00, 0x00, 0x46, 0x0e, 0x10, 0x00, 0x01, 0x00, 0x00, 0x00, 0x00, 0x00, 0x00, // .....F..........
	0x07, 0xf2, 0x00, 0x10, 0x00, 0x01, 0x00, 0x00, 0x00, 0x46, 0x0e, 0x10, 0x00, 0x04, 0x00, 0x00, // .........F......
	0x00, 0x46, 0x0e, 0x10, 0x00, 0x01, 0x00, 0x00, 0x00, 0x38, 0x00, 0x00, 0x0a, 0xf2, 0x00, 0x10, // .F.......8......
	0x00, 0x02, 0x00, 0x00, 0x00, 0x46, 0x0e, 0x10, 0x00, 0x01, 0x00, 0x00, 0x00, 0x02, 0x40, 0x00, // .....F........@.
	0x00, 0x00, 0x00, 0x80, 0x3e, 0x00, 0x00, 0x80, 0x3e, 0x00, 0x00, 0x80, 0x3e, 0x00, 0x00, 0x80, // ....>...>...>...
	0x3e, 0x55, 0x00, 0x00, 0x09, 0x32, 0x00, 0x10, 0x00, 0x01, 0x00, 0x00, 0x00, 0x46, 0x00, 0x02, // >U...2.......F..
	0x00, 0x02, 0x40, 0x00, 0x00, 0x02, 0x00, 0x00, 0x00, 0x02, 0x00, 0x00, 0x00, 0x00, 0x00, 0x00, // ..@.............
	0x00, 0x00, 0x00, 0x00, 0x00, 0x36, 0x00, 0x00, 0x04, 0xc2, 0x00, 0x10, 0x00, 0x01, 0x00, 0x00, // .....6..........
	0x00, 0xa6, 0x0a, 0x02, 0x00, 0xa4, 0x00, 0x00, 0x07, 0xf2, 0xe0, 0x11, 0x00, 0x02, 0x00, 0x00, // ................
	0x00, 0x46, 0x0e, 0x10, 0x00, 0x01, 0x00, 0x00, 0x00, 0x46, 0x0e, 0x10, 0x00, 0x02, 0x00, 0x00, // .F.......F......
	0x00, 0xa8, 0x00, 0x00, 0x08, 0x12, 0xf0, 0x11, 0x00, 0x00, 0x00, 0x00, 0x00, 0x0a, 0x40, 0x02, // ..............@.
	0x00, 0x01, 0x40, 0x00, 0x00, 0x00, 0x00, 0x00, 0x00, 0x0a, 0x00, 0x10, 0x00, 0x02, 0x00, 0x00, // ..@.............
	0x00, 0xa8, 0x00, 0x00, 0x08, 0x12, 0xf0, 0x11, 0x00, 0x01, 0x00, 0x00, 0x00, 0x0a, 0x40, 0x02, // ..............@.
	0x00, 0x01, 0x40, 0x00, 0x00, 0x00, 0x00, 0x00, 0x00, 0x1a, 0x00, 0x10, 0x00, 0x02, 0x00, 0x00, // ..@.............
	0x00, 0xa8, 0x00, 0x00, 0x08, 0x12, 0xf0, 0x11, 0x00, 0x02, 0x00, 0x00, 0x00, 0x0a, 0x40, 0x02, // ..............@.
	0x00, 0x01, 0x40, 0x00, 0x00, 0x00, 0x00, 0x00, 0x00, 0x2a, 0x00, 0x10, 0x00, 0x02, 0x00, 0x00, // ..@......*......
	0x00, 0xa8, 0x00, 0x00, 0x08, 0x12, 0xf0, 0x11, 0x00, 0x03, 0x00, 0x00, 0x00, 0x0a, 0x40, 0x02, // ..............@.
	0x00, 0x01, 0x40, 0x00, 0x00, 0x00, 0x00, 0x00, 0x00, 0x3a, 0x00, 0x10, 0x00, 0x02, 0x00, 0x00, // ..@......:......
	0x00, 0x15, 0x00, 0x00, 0x01, 0x20, 0x00, 0x00, 0x07, 0x12, 0x00, 0x10, 0x00, 0x00, 0x00, 0x00, // ..... ..........
	0x00, 0x1a, 0x00, 0x10, 0x00, 0x00, 0x00, 0x00, 0x00, 0x01, 0x40, 0x00, 0x00, 0x03, 0x00, 0x00, // ..........@.....
	0x00, 0x1f, 0x00, 0x04, 0x03, 0x0a, 0x00, 0x10, 0x00, 0x00, 0x00, 0x00, 0x00, 0x3e, 0x00, 0x00, // .............>..
	0x01, 0x15, 0x00, 0x00, 0x01, 0xbe, 0x18, 0x00, 0x01, 0x1f, 0x00, 0x00, 0x02, 0x0a, 0x40, 0x02, // ..............@.
	0x00, 0xa7, 0x00, 0x00, 0x09, 0x12, 0x00, 0x10, 0x00, 0x00, 0x00, 0x00, 0x00, 0x01, 0x40, 0x00, // ..............@.
	0x00, 0x04, 0x00, 0x00, 0x00, 0x01, 0x40, 0x00, 0x00, 0x00, 0x00, 0x00, 0x00, 0x06, 0xf0, 0x11, // ......@.........
	0x00, 0x00, 0x00, 0x00, 0x00, 0xa7, 0x00, 0x00, 0x09, 0x22, 0x00, 0x10, 0x00, 0x00, 0x00, 0x00, // ........."......
	0x00, 0x01, 0x40, 0x00, 0x00, 0x04, 0x00, 0x00, 0x00, 0x01, 0x40, 0x00, 0x00, 0x00, 0x00, 0x00, // ..@.......@.....
	0x00, 0x06, 0xf0, 0x11, 0x00, 0x01, 0x00, 0x00, 0x00, 0xa7, 0x00, 0x00, 0x09, 0x42, 0x00, 0x10, // .............B..
	0x00, 0x00, 0x00, 0x00, 0x00, 0x01, 0x40, 0x00, 0x00, 0x04, 0x00, 0x00, 0x00, 0x01, 0x40, 0x00, // ......@.......@.
	0x00, 0x00, 0x00, 0x00, 0x00, 0x06, 0xf0, 0x11, 0x00, 0x02, 0x00, 0x00, 0x00, 0xa7, 0x00, 0x00, // ................
	0x09, 0x82, 0x00, 0x10, 0x00, 0x00, 0x00, 0x00, 0x00, 0x01, 0x40, 0x00, 0x00, 0x04, 0x00, 0x00, // ..........@.....
	0x00, 0x01, 0x40, 0x00, 0x00, 0x00, 0x00, 0x00, 0x00, 0x06, 0xf0, 0x11, 0x00, 0x03, 0x00, 0x00, // ..@.............
	0x00, 0xa7, 0x00, 0x00, 0x09, 0x12, 0x00, 0x10, 0x00, 0x01, 0x00, 0x00, 0x00, 0x01, 0x40, 0x00, // ..............@.
	0x00, 0x20, 0x00, 0x00, 0x00, 0x01, 0x40, 0x00, 0x00, 0x00, 0x00, 0x00, 0x00, 0x06, 0xf0, 0x11, // . ....@.........
	0x00, 0x00, 0x00, 0x00, 0x00, 0xa7, 0x00, 0x00, 0x09, 0x22, 0x00, 0x10, 0x00, 0x01, 0x00, 0x00, // ........."......
	0x00, 0x01, 0x40, 0x00, 0x00, 0x20, 0x00, 0x00, 0x00, 0x01, 0x40, 0x00, 0x00, 0x00, 0x00, 0x00, // ..@.. ....@.....
	0x00, 0x06, 0xf0, 0x11, 0x00, 0x01, 0x00, 0x00, 0x00, 0xa7, 0x00, 0x00, 0x09, 0x42, 0x00, 0x10, // .............B..
	0x00, 0x01, 0x00, 0x00, 0x00, 0x01, 0x40, 0x00, 0x00, 0x20, 0x00, 0x00, 0x00, 0x01, 0x40, 0x00, // ......@.. ....@.
	0x00, 0x00, 0x00, 0x00, 0x00, 0x06, 0xf0, 0x11, 0x00, 0x02, 0x00, 0x00, 0x00, 0xa7, 0x00, 0x00, // ................
	0x09, 0x82, 0x00, 0x10, 0x00, 0x01, 0x00, 0x00, 0x00, 0x01, 0x40, 0x00, 0x00, 0x20, 0x00, 0x00, // ..........@.. ..
	0x00, 0x01, 0x40, 0x00, 0x00, 0x00, 0x00, 0x00, 0x00, 0x06, 0xf0, 0x11, 0x00, 0x03, 0x00, 0x00, // ..@.............
	0x00, 0xa7, 0x00, 0x00, 0x09, 0x12, 0x00, 0x10, 0x00, 0x03, 0x00, 0x00, 0x00, 0x01, 0x40, 0x00, // ..............@.
	0x00, 0x24, 0x00, 0x00, 0x00, 0x01, 0x40, 0x00, 0x00, 0x00, 0x00, 0x00, 0x00, 0x06, 0xf0, 0x11, // .$....@.........
	0x00, 0x00, 0x00, 0x00, 0x00, 0xa7, 0x00, 0x00, 0x09, 0x22, 0x00, 0x10, 0x00, 0x03, 0x00, 0x00, // ........."......
	0x00, 0x01, 0x40, 0x00, 0x00, 0x24, 0x00, 0x00, 0x00, 0x01, 0x40, 0x00, 0x00, 0x00, 0x00, 0x00, // ..@..$....@.....
	0x00, 0x06, 0xf0, 0x11, 0x00, 0x01, 0x00, 0x00, 0x00, 0xa7, 0x00, 0x00, 0x09, 0x42, 0x00, 0x10, // .............B..
	0x00, 0x03, 0x00, 0x00, 0x00, 0x01, 0x40, 0x00, 0x00, 0x24, 0x00, 0x00, 0x00, 0x01, 0x40, 0x00, // ......@..$....@.
	0x00, 0x00, 0x00, 0x00, 0x00, 0x06, 0xf0, 0x11, 0x00, 0x02, 0x00, 0x00, 0x00, 0xa7, 0x00, 0x00, // ................
	0x09, 0x82, 0x00, 0x10, 0x00, 0x03, 0x00, 0x00, 0x00, 0x01, 0x40, 0x00, 0x00, 0x24, 0x00, 0x00, // ..........@..$..
	0x00, 0x01, 0x40, 0x00, 0x00, 0x00, 0x00, 0x00, 0x00, 0x06, 0xf0, 0x11, 0x00, 0x03, 0x00, 0x00, // ..@.............
	0x00, 0x00, 0x00, 0x00, 0x07, 0xf2, 0x00, 0x10, 0x00, 0x00, 0x00, 0x00, 0x00, 0x46, 0x0e, 0x10, // .............F..
	0x00, 0x00, 0x00, 0x00, 0x00, 0x46, 0x0e, 0x10, 0x00, 0x02, 0x00, 0x00, 0x00, 0x00, 0x00, 0x00, // .....F..........
	0x07, 0xf2, 0x00, 0x10, 0x00, 0x00, 0x00, 0x00, 0x00, 0x46, 0x0e, 0x10, 0x00, 0x01, 0x00, 0x00, // .........F......
	0x00, 0x46, 0x0e, 0x10, 0x00, 0x00, 0x00, 0x00, 0x00, 0x00, 0x00, 0x00, 0x07, 0xf2, 0x00, 0x10, // .F..............
	0x00, 0x00, 0x00, 0x00, 0x00, 0x46, 0x0e, 0x10, 0x00, 0x03, 0x00, 0x00, 0x00, 0x46, 0x0e, 0x10, // .....F.......F..
	0x00, 0x00, 0x00, 0x00, 0x00, 0x38, 0x00, 0x00, 0x0a, 0xf2, 0x00, 0x10, 0x00, 0x00, 0x00, 0x00, // .....8..........
	0x00, 0x46, 0x0e, 0x10, 0x00, 0x00, 0x00, 0x00, 0x00, 0x02, 0x40, 0x00, 0x00, 0x00, 0x00, 0x80, // .F........@.....
	0x3e, 0x00, 0x00, 0x80, 0x3e, 0x00, 0x00, 0x80, 0x3e, 0x00, 0x00, 0x80, 0x3e, 0x55, 0x00, 0x00, // >...>...>...>U..
	0x09, 0x32, 0x00, 0x10, 0x00, 0x01, 0x00, 0x00, 0x00, 0x46, 0x00, 0x02, 0x00, 0x02, 0x40, 0x00, // .2.......F....@.
	0x00, 0x03, 0x00, 0x00, 0x00, 0x03, 0x00, 0x00, 0x00, 0x00, 0x00, 0x00, 0x00, 0x00, 0x00, 0x00, // ................
	0x00, 0x36, 0x00, 0x00, 0x04, 0xc2, 0x00, 0x10, 0x00, 0x01, 0x00, 0x00, 0x00, 0xa6, 0x0a, 0x02, // .6..............
	0x00, 0xa4, 0x00, 0x00, 0x07, 0xf2, 0xe0, 0x11, 0x00, 0x03, 0x00, 0x00, 0x00, 0x46, 0x0e, 0x10, // .............F..
	0x00, 0x01, 0x00, 0x00, 0x00, 0x46, 0x0e, 0x10, 0x00, 0x00, 0x00, 0x00, 0x00, 0x15, 0x00, 0x00, // .....F..........
	0x01, 0x3e, 0x00, 0x00, 0x01, 0x00, 0x00, 0x10, 0x00,                                           // .>.......
};
static const uint8_t cs_mipgen_oddy_dxil[4021] =
{
	0x43, 0x53, 0x48, 0x0c, 0x00, 0x00, 0x00, 0x00, 0x00, 0x00, 0x00, 0x00, 0x00, 0x00, 0x00, 0x00, // CSH.............
	0x00, 0x00, 0x00, 0x00, 0x02, 0x00, 0x0b, 0x62, 0x67, 0x66, 0x78, 0x5f, 0x6d, 0x69, 0x70, 0x47, // .......bgfx_mipG
	0x65, 0x6e, 0x02, 0x00, 0x00, 0x00, 0x01, 0x00, 0x00, 0x00, 0x00, 0x00, 0x0e, 0x62, 0x67, 0x66, // en...........bgf
	0x78, 0x5f, 0x74, 0x65, 0x78, 0x4d, 0x69, 0x70, 0x53, 0x72, 0x63, 0x20, 0x01, 0x04, 0x00, 0x01, // x_texMipSrc ....
	0x00, 0x00, 0x03, 0x00, 0x00, 0x68, 0x0f, 0x00, 0x00, 0x44, 0x58, 0x42, 0x43, 0x76, 0xdb, 0xff, // .....h...DXBCv..
	0xc7, 0x5d, 0x78, 0x0b, 0xe0, 0xe2, 0xeb, 0x8e, 0x07, 0x1d, 0xa0, 0x1a, 0x6c, 0x01, 0x00, 0x00, // .]x.........l...
	0x00, 0x68, 0x0f, 0x00, 0x00, 0x07, 0x00, 0x00, 0x00, 0x3c, 0x00, 0x00, 0x00, 0x4c, 0x00, 0x00, // .h.......<...L..
	0x00, 0x5c, 0x00, 0x00, 0x00, 0x6c, 0x00, 0x00, 0x00, 0x70, 0x01, 0x00, 0x00, 0xa4, 0x01, 0x00, // .....l...p......
	0x00, 0xc0, 0x01, 0x00, 0x00, 0x53, 0x46, 0x49, 0x30, 0x08, 0x00, 0x00, 0x00, 0x00, 0x00, 0x00, // .....SFI0.......
	0x00, 0x00, 0x00, 0x00, 0x00, 0x49, 0x53, 0x47, 0x31, 0x08, 0x00, 0x00, 0x00, 0x00, 0x00, 0x00, // .....ISG1.......
	0x00, 0x08, 0x00, 0x00, 0x00, 0x4f, 0x53, 0x47, 0x31, 0x08, 0x00, 0x00, 0x00, 0x00, 0x00, 0x00, // .....OSG1.......
	0x00, 0x08, 0x00, 0x00, 0x00, 0x50, 0x53, 0x56, 0x30, 0xfc, 0x00, 0x00, 0x00, 0x38, 0x00, 0x00, // .....PSV0....8..
	0x00, 0x00, 0x00, 0x00, 0x00, 0x00, 0x00, 0x00, 0x00, 0x00, 0x00, 0x00, 0x00, 0x00, 0x00, 0x00, // ................
	0x00, 0x00, 0x00, 0x00, 0x00, 0xff, 0xff, 0xff, 0xff, 0x05, 0x00, 0x00, 0x00, 0x00, 0x00, 0x00, // ................
	0x00, 0x00, 0x00, 0x00, 0x00, 0x08, 0x00, 0x00, 0x00, 0x08, 0x00, 0x00, 0x00, 0x01, 0x00, 0x00, // ................
	0x00, 0x01, 0x00, 0x00, 0x00, 0x00, 0x04, 0x00, 0x00, 0x07, 0x00, 0x00, 0x00, 0x18, 0x00, 0x00, // ................
	0x00, 0x02, 0x00, 0x00, 0x00, 0x00, 0x00, 0x00, 0x00, 0x00, 0x00, 0x00, 0x00, 0x00, 0x00, 0x00, // ................
	0x00, 0x0d, 0x00, 0x00, 0x00, 0x00, 0x00, 0x00, 0x00, 0x01, 0x00, 0x00, 0x00, 0x00, 0x00, 0x00, // ................
	0x00, 0x04, 0x00, 0x00, 0x00, 0x04, 0x00, 0x00, 0x00, 0x0e, 0x00, 0x00, 0x00, 0x00, 0x00, 0x00, // ................
	0x00, 0x03, 0x00, 0x00, 0x00, 0x00, 0x00, 0x00, 0x00, 0x04, 0x00, 0x00, 0x00, 0x04, 0x00, 0x00, // ................
	0x00, 0x07, 0x00, 0x00, 0x00, 0x00, 0x00, 0x00, 0x00, 0x06, 0x00, 0x00, 0x00, 0x00, 0x00, 0x00, // ................
	0x00, 0x00, 0x00, 0x00, 0x00, 0x00, 0x00, 0x00, 0x00, 0x07, 0x00, 0x00, 0x00, 0x00, 0x00, 0x00, // ................
	0x00, 0x06, 0x00, 0x00, 0x00, 0x00, 0x00, 0x00, 0x00, 0x01, 0x00, 0x00, 0x00, 0x01, 0x00, 0x00, // ................
	0x00, 0x07, 0x00, 0x00, 0x00, 0x00, 0x00, 0x00, 0x00, 0x06, 0x00, 0x00, 0x00, 0x00, 0x00, 0x00, // ................
	0x00, 0x02, 0x00, 0x00, 0x00, 0x02, 0x00, 0x00, 0x00, 0x07, 0x00, 0x00, 0x00, 0x00, 0x00, 0x00, // ................
	0x00, 0x06, 0x00, 0x00, 0x00, 0x00, 0x00, 0x00, 0x00, 0x03, 0x00, 0x00, 0x00, 0x03, 0x00, 0x00, // ................
	0x00, 0x07, 0x00, 0x00, 0x00, 0x00, 0x00, 0x00, 0x00, 0x08, 0x00, 0x00, 0x00, 0x00, 0x6d, 0x61, // ..............ma
	0x69, 0x6e, 0x00, 0x00, 0x00, 0x00, 0x00, 0x00, 0x00, 0x49, 0x4c, 0x44, 0x4e, 0x2c, 0x00, 0x00, // in.......ILDN,..
	0x00, 0x00, 0x00, 0x24, 0x00, 0x37, 0x62, 0x63, 0x33, 0x31, 0x31, 0x35, 0x30, 0x61, 0x38, 0x63, // ...$.7bc31150a8c
	0x37, 0x39, 0x34, 0x33, 0x66, 0x64, 0x35, 0x61, 0x63, 0x61, 0x34, 0x39, 0x66, 0x34, 0x38, 0x39, // 7943fd5aca49f489
	0x61, 0x37, 0x65, 0x37, 0x66, 0x2e, 0x70, 0x64, 0x62, 0x00, 0x00, 0x00, 0x00, 0x48, 0x41, 0x53, // a7e7f.pdb....HAS
	0x48, 0x14, 0x00, 0x00, 0x00, 0x00, 0x00, 0x00, 0x00, 0x7b, 0xc3, 0x11, 0x50, 0xa8, 0xc7, 0x94, // H........{..P...
	0x3f, 0xd5, 0xac, 0xa4, 0x9f, 0x48, 0x9a, 0x7e, 0x7f, 0x44, 0x58, 0x49, 0x4c, 0xa0, 0x0d, 0x00, // ?....H.~.DXIL...
	0x00, 0x60, 0x00, 0x05, 0x00, 0x68, 0x03, 0x00, 0x00, 0x44, 0x58, 0x49, 0x4c, 0x00, 0x01, 0x00, // .`...h...DXIL...
	0x00, 0x10, 0x00, 0x00, 0x00, 0x88, 0x0d, 0x00, 0x00, 0x42, 0x43, 0xc0, 0xde, 0x21, 0x0c, 0x00, // .........BC..!..
	0x00, 0x5f, 0x03, 0x00, 0x00, 0x0b, 0x82, 0x20, 0x00, 0x02, 0x00, 0x00, 0x00, 0x13, 0x00, 0x00, // ._..... ........
	0x00, 0x07, 0x81, 0x23, 0x91, 0x41, 0xc8, 0x04, 0x49, 0x06, 0x10, 0x32, 0x39, 0x92, 0x01, 0x84, // ...#.A..I..29...
	0x0c, 0x25, 0x05, 0x08, 0x19, 0x1e, 0x04, 0x8b, 0x62, 0x80, 0x18, 0x45, 0x02, 0x42, 0x92, 0x0b, // .%......b..E.B..
	0x42, 0xc4, 0x10, 0x32, 0x14, 0x38, 0x08, 0x18, 0x4b, 0x0a, 0x32, 0x62, 0x88, 0x48, 0x90, 0x14, // B..2.8..K.2b.H..
	0x20, 0x43, 0x46, 0x88, 0xa5, 0x00, 0x19, 0x32, 0x42, 0xe4, 0x48, 0x0e, 0x90, 0x11, 0x23, 0xc4, //  CF....2B.H...#.
	0x50, 0x41, 0x51, 0x81, 0x8c, 0xe1, 0x83, 0xe5, 0x8a, 0x04, 0x31, 0x46, 0x06, 0x51, 0x18, 0x00, // PAQ.......1F.Q..
	0x00, 0x0b, 0x00, 0x00, 0x00, 0x1b, 0x8c, 0xe0, 0xff, 0xff, 0xff, 0xff, 0x07, 0x40, 0x02, 0xa8, // .............@..
	0x0d, 0x86, 0xf0, 0xff, 0xff, 0xff, 0xff, 0x03, 0xc0, 0x00, 0xd2, 0x06, 0x63, 0xf8, 0xff, 0xff, // ............c...
	0xff, 0xff, 0x01, 0x90, 0x80, 0x6a, 0x03, 0x41, 0xfc, 0xff, 0xff, 0xff, 0xff, 0x00, 0x48, 0x00, // .....j.A......H.
	0x00, 0x49, 0x18, 0x00, 0x00, 0x03, 0x00, 0x00, 0x00, 0x13, 0x82, 0x60, 0x42, 0x20, 0x4c, 0x08, // .I.........`B L.
	0x86, 0x09, 0x01, 0x01, 0x00, 0x89, 0x20, 0x00, 0x00, 0x6a, 0x00, 0x00, 0x00, 0x32, 0x22, 0x88, // ...... ..j...2".
	0x09, 0x20, 0x64, 0x85, 0x04, 0x13, 0x23, 0xa4, 0x84, 0x04, 0x13, 0x23, 0xe3, 0x84, 0xa1, 0x90, // . d...#....#....
	0x14, 0x12, 0x4c, 0x8c, 0x8c, 0x0b, 0x84, 0xc4, 0x4c, 0x10, 0xa4, 0xc1, 0x0c, 0x40, 0x02, 0x01, // ..L.....L....@..
	0x83, 0x08, 0xc1, 0x30, 0x02, 0x50, 0x82, 0x81, 0x88, 0x39, 0x02, 0x30, 0x28, 0x82, 0x61, 0xd0, // ...0.P...9.0(.a.
	0x51, 0x06, 0xc3, 0x30, 0x28, 0x29, 0xc3, 0x60, 0x18, 0xb4, 0xdc, 0x34, 0x5c, 0xfe, 0x84, 0x3d, // Q..0().`...4...=
	0x84, 0xe4, 0xaf, 0x84, 0xb4, 0x12, 0x93, 0x5f, 0xdc, 0x36, 0x2a, 0x00, 0x00, 0x00, 0x8c, 0x39, // ......._.6*....9
	0x02, 0x84, 0x9c, 0x7b, 0x86, 0xcb, 0x9f, 0xb0, 0x87, 0x90, 0xfc, 0x10, 0x68, 0x86, 0x85, 0x40, // ...{........h..@
	0xc1, 0x53, 0x98, 0xc6, 0x80, 0x20, 0x00, 0x00, 0x00, 0xc3, 0x30, 0x00, 0x8a, 0xca, 0x32, 0x18, // .S... ....0...2.
	0x90, 0x61, 0x18, 0x00, 0x00, 0x00, 0x0e, 0x4d, 0x47, 0x0d, 0x97, 0x3f, 0x61, 0x0f, 0x21, 0xf9, // .a.....MG..?a.!.
	0xdc, 0x46, 0x15, 0x2b, 0x31, 0xf9, 0xc5, 0x6d, 0x23, 0x02, 0x00, 0x00, 0xa0, 0x10, 0x95, 0x01, // .F.+1..m#.......
	0x19, 0x64, 0xcd, 0x11, 0x04, 0xc5, 0x80, 0x0c, 0xc7, 0x30, 0x30, 0xca, 0x06, 0x02, 0x86, 0x11, // .d.......00.....
	0x08, 0x60, 0x26, 0x39, 0x18, 0x07, 0x76, 0x08, 0x87, 0x79, 0x98, 0x07, 0x37, 0xa0, 0x85, 0x72, // .`&9..v..y..7..r
	0xc0, 0x07, 0x7a, 0xa8, 0x07, 0x79, 0x28, 0x07, 0x39, 0x20, 0x85, 0x50, 0x90, 0x07, 0x79, 0x08, // ..z..y(.9 .P..y.
	0x87, 0x7c, 0xe0, 0x03, 0x7b, 0x28, 0x87, 0x71, 0xa0, 0x87, 0x77, 0x90, 0x07, 0x3e, 0x30, 0x07, // .|..{(.q..w..>0.
	0x76, 0x78, 0x87, 0x70, 0xa0, 0x07, 0x36, 0x00, 0x03, 0x3a, 0xf0, 0x03, 0x30, 0xf0, 0x03, 0x3d, // vx.p..6..:..0..=
	0xd0, 0x83, 0x76, 0x48, 0x07, 0x78, 0x98, 0x87, 0x5f, 0xa0, 0x87, 0x7c, 0x80, 0x87, 0x72, 0x40, // ..vH.x.._..|..r@
	0x81, 0x31, 0xd3, 0x19, 0x8c, 0x03, 0x3b, 0x84, 0xc3, 0x3c, 0xcc, 0x83, 0x1b, 0xd0, 0x42, 0x39, // .1....;..<....B9
	0xe0, 0x03, 0x3d, 0xd4, 0x83, 0x3c, 0x94, 0x83, 0x1c, 0x90, 0x42, 0x28, 0xc8, 0x83, 0x3c, 0x84, // ..=..<....B(..<.
	0x43, 0x3e, 0xf0, 0x81, 0x3d, 0x94, 0xc3, 0x38, 0xd0, 0xc3, 0x3b, 0xc8, 0x03, 0x1f, 0x98, 0x03, // C>..=..8..;.....
	0x3b, 0xbc, 0x43, 0x38, 0xd0, 0x03, 0x1b, 0x80, 0x01, 0x1d, 0xf8, 0x01, 0x18, 0xf8, 0x01, 0x12, // ;.C8............
	0xb8, 0x8e, 0xbc, 0x99, 0xd2, 0x60, 0x1c, 0xd8, 0x21, 0x1c, 0xe6, 0x61, 0x1e, 0xdc, 0x40, 0x16, // .....`..!..a..@.
	0x6e, 0x81, 0x16, 0xca, 0x01, 0x1f, 0xe8, 0xa1, 0x1e, 0xe4, 0xa1, 0x1c, 0xe4, 0x80, 0x14, 0x42, // n..............B
	0x41, 0x1e, 0xe4, 0x21, 0x1c, 0xf2, 0x81, 0x0f, 0xec, 0xa1, 0x1c, 0xc6, 0x81, 0x1e, 0xde, 0x41, // A..!...........A
	0x1e, 0xf8, 0xc0, 0x1c, 0xd8, 0xe1, 0x1d, 0xc2, 0x81, 0x1e, 0xd8, 0x00, 0x0c, 0xe8, 0xc0, 0x0f, // ................
	0xc0, 0xc0, 0x0f, 0x50, 0xc0, 0x11, 0x38, 0x13, 0x42, 0x06, 0xa7, 0xc0, 0x0e, 0xef, 0x20, 0x0e, // ...P..8.B..... .
	0xe1, 0xc0, 0x0e, 0xf3, 0x80, 0x02, 0x8e, 0xc4, 0x9b, 0xa4, 0x29, 0xa2, 0x84, 0xc9, 0x67, 0x01, // ..........)...g.
	0xe6, 0x59, 0x88, 0x88, 0x9d, 0x80, 0x89, 0x40, 0x81, 0x41, 0xe4, 0x14, 0xc0, 0x20, 0x02, 0x30, // .Y.....@.A... .0
	0xcc, 0x11, 0x80, 0x02, 0x00, 0x13, 0x14, 0x72, 0xc0, 0x87, 0x74, 0x60, 0x87, 0x36, 0x68, 0x87, // .......r..t`.6h.
	0x79, 0x68, 0x03, 0x72, 0xc0, 0x87, 0x0d, 0xaf, 0x50, 0x0e, 0x6d, 0xd0, 0x0e, 0x7a, 0x50, 0x0e, // yh.r....P.m..zP.
	0x6d, 0x00, 0x0f, 0x7a, 0x30, 0x07, 0x72, 0xa0, 0x07, 0x73, 0x20, 0x07, 0x6d, 0x90, 0x0e, 0x71, // m..z0.r..s .m..q
	0xa0, 0x07, 0x73, 0x20, 0x07, 0x6d, 0x90, 0x0e, 0x78, 0xa0, 0x07, 0x73, 0x20, 0x07, 0x6d, 0x90, // ..s .m..x..s .m.
	0x0e, 0x71, 0x60, 0x07, 0x7a, 0x30, 0x07, 0x72, 0xd0, 0x06, 0xe9, 0x30, 0x07, 0x72, 0xa0, 0x07, // .q`.z0.r...0.r..
	0x73, 0x20, 0x07, 0x6d, 0x90, 0x0e, 0x76, 0x40, 0x07, 0x7a, 0x60, 0x07, 0x74, 0xd0, 0x06, 0xe6, // s .m..v@.z`.t...
	0x10, 0x07, 0x76, 0xa0, 0x07, 0x73, 0x20, 0x07, 0x6d, 0x60, 0x0e, 0x73, 0x20, 0x07, 0x7a, 0x30, // ..v..s .m`.s .z0
	0x07, 0x72, 0xd0, 0x06, 0xe6, 0x60, 0x07, 0x74, 0xa0, 0x07, 0x76, 0x40, 0x07, 0x6d, 0xe0, 0x0e, // .r...`.t..v@.m..
	0x78, 0xa0, 0x07, 0x71, 0x60, 0x07, 0x7a, 0x30, 0x07, 0x72, 0xa0, 0x07, 0x76, 0x40, 0x07, 0x3a, // x..q`.z0.r..v@.:
	0x0f, 0x24, 0x90, 0x21, 0x23, 0x45, 0x44, 0x00, 0x76, 0x00, 0x30, 0x3b, 0x00, 0x98, 0x1d, 0x00, // .$.!#ED.v.0;....
	0xcc, 0x0e, 0x00, 0x1e, 0xf2, 0x10, 0x00, 0x00, 0x00, 0x00, 0x00, 0x00, 0x00, 0x00, 0x00, 0x00, // ................
	0x30, 0xe4, 0x39, 0x80, 0x00, 0x08, 0x00, 0x00, 0x00, 0x00, 0x00, 0x00, 0x00, 0x60, 0xc8, 0x93, // 0.9..........`..
	0x00, 0x01, 0x10, 0x00, 0x00, 0x00, 0x00, 0x00, 0x00, 0x00, 0xc0, 0x90, 0x67, 0x01, 0x02, 0x40, // ............g..@
	0x00, 0x00, 0x00, 0x00, 0x00, 0x00, 0x00, 0x80, 0x21, 0x4f, 0x04, 0x04, 0xc0, 0x00, 0x00, 0x00, // ........!O......
	0x00, 0x00, 0x00, 0x00, 0x00, 0x43, 0x9e, 0x09, 0x08, 0x00, 0x02, 0x00, 0x00, 0x00, 0x00, 0x00, // .....C..........
	0x00, 0x00, 0x86, 0x3c, 0x16, 0x10, 0x00, 0x03, 0x00, 0x00, 0x00, 0x00, 0x00, 0x00, 0x00, 0x0c, // ...<............
	0x79, 0x32, 0x20, 0x00, 0x06, 0x00, 0x00, 0x00, 0x00, 0x00, 0x00, 0x00, 0xc8, 0x02, 0x01, 0x00, // y2 .............
	0x00, 0x0e, 0x00, 0x00, 0x00, 0x32, 0x1e, 0x98, 0x14, 0x19, 0x11, 0x4c, 0x90, 0x8c, 0x09, 0x26, // .....2.....L...&
	0x47, 0xc6, 0x04, 0x43, 0x32, 0x4a, 0x60, 0x04, 0xa0, 0x28, 0x8a, 0xa1, 0x10, 0xca, 0xa1, 0x24, // G..C2J`..(.....$
	0x8a, 0xa3, 0x08, 0xca, 0xa0, 0x40, 0x0a, 0x82, 0xb0, 0x11, 0x00, 0x42, 0x47, 0x00, 0x28, 0x9c, // .....@.....BG.(.
	0x01, 0xa0, 0x71, 0x06, 0x80, 0xca, 0x19, 0x00, 0xfa, 0x66, 0x00, 0x00, 0x00, 0x79, 0x18, 0x00, // ..q......f...y..
	0x00, 0x64, 0x00, 0x00, 0x00, 0x1a, 0x03, 0x4c, 0x90, 0x46, 0x02, 0x13, 0xc4, 0x8f, 0x0c, 0x6f, // .d.....L.F.....o
	0xec, 0xed, 0x4d, 0x0c, 0x24, 0xc6, 0x25, 0x06, 0xc6, 0x45, 0xc6, 0x06, 0xa6, 0xc6, 0x65, 0xe6, // ..M.$.%..E....e.
	0x06, 0x04, 0x65, 0x8c, 0x86, 0x0c, 0xc7, 0x8c, 0xc6, 0x2c, 0x27, 0x27, 0x65, 0x43, 0x10, 0x4c, // ..e......,''eC.L
	0x10, 0x0c, 0x66, 0x82, 0x60, 0x34, 0x1b, 0x84, 0x81, 0x98, 0x20, 0x18, 0xce, 0x06, 0x61, 0x30, // ..f.`4.... ...a0
	0x28, 0x8c, 0xcd, 0x4d, 0x10, 0x8c, 0x67, 0xc3, 0x80, 0x24, 0xc4, 0x04, 0xe1, 0xeb, 0x08, 0x4c, // (..M..g..$.....L
	0x10, 0x0c, 0x68, 0x82, 0x60, 0x44, 0x13, 0x04, 0x43, 0xda, 0x20, 0x10, 0xcf, 0x86, 0x84, 0x58, // ..h.`D..C. ....X
	0x18, 0xa2, 0x19, 0x1c, 0x02, 0xda, 0x10, 0x44, 0x13, 0x84, 0x30, 0xd0, 0x26, 0x08, 0x18, 0x36, // .......D..0.&..6
	0x41, 0x30, 0xa6, 0x0d, 0x02, 0x51, 0x6d, 0x58, 0x88, 0x89, 0x21, 0x88, 0xc1, 0xa1, 0x28, 0xca, // A0...QmX..!...(.
	0xda, 0xb0, 0x0c, 0x13, 0x43, 0x0c, 0x83, 0x43, 0x51, 0x94, 0x35, 0x41, 0x30, 0xa8, 0x0d, 0x4b, // ....C..CQ.5A0..K
	0x36, 0x31, 0x44, 0x36, 0x38, 0x14, 0x45, 0x59, 0x13, 0x04, 0xa3, 0xda, 0xb0, 0x6c, 0x13, 0x43, // 61D68.EY.....l.C
	0x6c, 0x83, 0x43, 0x51, 0x94, 0xb5, 0x81, 0xb8, 0x30, 0x8d, 0x9b, 0x20, 0x8c, 0xc1, 0x36, 0x41, // l.CQ....0.. ..6A
	0x30, 0xac, 0x0d, 0x08, 0xe1, 0x31, 0x04, 0x31, 0x7c, 0xc0, 0x86, 0x00, 0x0c, 0x26, 0x08, 0x65, // 0....1.1|....&.e
	0xc0, 0x6d, 0x40, 0x08, 0x31, 0x60, 0x88, 0x66, 0x20, 0x80, 0x0d, 0xc1, 0x18, 0x6c, 0x20, 0xa4, // .m@.1`.f ....l .
	0x2e, 0x0c, 0xc8, 0x60, 0x82, 0x50, 0x10, 0x24, 0xda, 0xc2, 0xd2, 0xdc, 0x26, 0x08, 0xc6, 0xb5, // ...`.P.$....&...
	0x61, 0x40, 0x03, 0x34, 0x18, 0x36, 0x08, 0x4d, 0x1a, 0x6c, 0x28, 0xcc, 0xe0, 0x0c, 0x80, 0x32, // a@.4.6.M.l(....2
	0x50, 0x03, 0x16, 0x66, 0x6c, 0x6f, 0x61, 0x74, 0x7c, 0xde, 0xda, 0xdc, 0xd2, 0xe0, 0xde, 0xe8, // P..float|.......
	0xca, 0xdc, 0xe8, 0x40, 0xc6, 0xd0, 0xc2, 0xe4, 0x18, 0x4d, 0xa5, 0xb5, 0xc1, 0xb1, 0x95, 0x81, // ...@.....M......
	0x0c, 0xbd, 0x0c, 0xad, 0xac, 0x80, 0x50, 0x09, 0x05, 0x05, 0x6d, 0x08, 0xdc, 0x60, 0x82, 0x80, // ......P...m..`..
	0x06, 0xd9, 0x86, 0xa1, 0x0d, 0xde, 0x00, 0x0e, 0x36, 0x0c, 0x6c, 0x10, 0x07, 0x70, 0xb0, 0x61, // ........6.l..p.a
	0x90, 0x03, 0x39, 0x80, 0x83, 0x2a, 0x6c, 0x6c, 0x76, 0x6d, 0x2e, 0x69, 0x64, 0x65, 0x6e, 0x74, // ..9..*llvm.ident
	0x53, 0x82, 0xa0, 0x0a, 0x19, 0x9e, 0x8b, 0x5d, 0x99, 0xdc, 0x5c, 0xda, 0x9b, 0xdb, 0x94, 0x80, // S......]........
	0x68, 0x42, 0x86, 0xe7, 0x62, 0x17, 0xc6, 0x66, 0x57, 0x26, 0x37, 0x25, 0x30, 0xea, 0x90, 0xe1, // hB..b..fW&7%0...
	0xb9, 0xcc, 0xa1, 0x85, 0x91, 0x95, 0xc9, 0x35, 0xbd, 0x91, 0x95, 0xb1, 0x4d, 0x09, 0x92, 0x32, // .......5....M..2
	0x64, 0x78, 0x2e, 0x72, 0x65, 0x73, 0x6f, 0x75, 0x72, 0x63, 0x65, 0x73, 0x53, 0x02, 0x32, 0xa8, // dx.resourcesS.2.
	0x43, 0x86, 0xe7, 0x52, 0xe6, 0x46, 0x27, 0x97, 0x07, 0xf5, 0x96, 0xe6, 0x46, 0x37, 0x37, 0x25, // C..R.F'.....F77%
	0x50, 0x03, 0x00, 0x00, 0x00, 0x79, 0x18, 0x00, 0x00, 0x51, 0x00, 0x00, 0x00, 0x33, 0x08, 0x80, // P....y...Q...3..
	0x1c, 0xc4, 0xe1, 0x1c, 0x66, 0x14, 0x01, 0x3d, 0x88, 0x43, 0x38, 0x84, 0xc3, 0x8c, 0x42, 0x80, // ....f..=.C8...B.
	0x07, 0x79, 0x78, 0x07, 0x73, 0x98, 0x71, 0x0c, 0xe6, 0x00, 0x0f, 0xed, 0x10, 0x0e, 0xf4, 0x80, // .yx.s.q.........
	0x0e, 0x33, 0x0c, 0x42, 0x1e, 0xc2, 0xc1, 0x1d, 0xce, 0xa1, 0x1c, 0x66, 0x30, 0x05, 0x3d, 0x88, // .3.B.......f0.=.
	0x43, 0x38, 0x84, 0x83, 0x1b, 0xcc, 0x03, 0x3d, 0xc8, 0x43, 0x3d, 0x8c, 0x03, 0x3d, 0xcc, 0x78, // C8.....=.C=..=.x
	0x8c, 0x74, 0x70, 0x07, 0x7b, 0x08, 0x07, 0x79, 0x48, 0x87, 0x70, 0x70, 0x07, 0x7a, 0x70, 0x03, // .tp.{..yH.pp.zp.
	0x76, 0x78, 0x87, 0x70, 0x20, 0x87, 0x19, 0xcc, 0x11, 0x0e, 0xec, 0x90, 0x0e, 0xe1, 0x30, 0x0f, // vx.p .........0.
	0x6e, 0x30, 0x0f, 0xe3, 0xf0, 0x0e, 0xf0, 0x50, 0x0e, 0x33, 0x10, 0xc4, 0x1d, 0xde, 0x21, 0x1c, // n0.....P.3....!.
	0xd8, 0x21, 0x1d, 0xc2, 0x61, 0x1e, 0x66, 0x30, 0x89, 0x3b, 0xbc, 0x83, 0x3b, 0xd0, 0x43, 0x39, // .!..a.f0.;..;.C9
	0xb4, 0x03, 0x3c, 0xbc, 0x83, 0x3c, 0x84, 0x03, 0x3b, 0xcc, 0xf0, 0x14, 0x76, 0x60, 0x07, 0x7b, // ..<..<..;...v`.{
	0x68, 0x07, 0x37, 0x68, 0x87, 0x72, 0x68, 0x07, 0x37, 0x80, 0x87, 0x70, 0x90, 0x87, 0x70, 0x60, // h.7h.rh.7..p..p`
	0x07, 0x76, 0x28, 0x07, 0x76, 0xf8, 0x05, 0x76, 0x78, 0x87, 0x77, 0x80, 0x87, 0x5f, 0x08, 0x87, // .v(.v..vx.w.._..
	0x71, 0x18, 0x87, 0x72, 0x98, 0x87, 0x79, 0x98, 0x81, 0x2c, 0xee, 0xf0, 0x0e, 0xee, 0xe0, 0x0e, // q..r..y..,......
	0xf5, 0xc0, 0x0e, 0xec, 0x30, 0x03, 0x62, 0xc8, 0xa1, 0x1c, 0xe4, 0xa1, 0x1c, 0xcc, 0xa1, 0x1c, // ....0.b.........
	0xe4, 0xa1, 0x1c, 0xdc, 0x61, 0x1c, 0xca, 0x21, 0x1c, 0xc4, 0x81, 0x1d, 0xca, 0x61, 0x06, 0xd6, // ....a..!.....a..
	0x90, 0x43, 0x39, 0xc8, 0x43, 0x39, 0x98, 0x43, 0x39, 0xc8, 0x43, 0x39, 0xb8, 0xc3, 0x38, 0x94, // .C9.C9.C9.C9..8.
	0x43, 0x38, 0x88, 0x03, 0x3b, 0x94, 0xc3, 0x2f, 0xbc, 0x83, 0x3c, 0xfc, 0x82, 0x3b, 0xd4, 0x03, // C8..;../..<..;..
	0x3b, 0xb0, 0xc3, 0x0c, 0xc4, 0x21, 0x07, 0x7c, 0x70, 0x03, 0x7a, 0x28, 0x87, 0x76, 0x80, 0x87, // ;....!.|p.z(.v..
	0x19, 0xd1, 0x43, 0x0e, 0xf8, 0xe0, 0x06, 0xe4, 0x20, 0x0e, 0xe7, 0xe0, 0x06, 0xf6, 0x10, 0x0e, // ..C..... .......
	0xf2, 0xc0, 0x0e, 0xe1, 0x90, 0x0f, 0xef, 0x50, 0x0f, 0xf4, 0x30, 0x83, 0x81, 0xc8, 0x01, 0x1f, // .......P..0.....
	0xdc, 0x40, 0x1c, 0xe4, 0xa1, 0x1c, 0xc2, 0x61, 0x1d, 0xdc, 0x40, 0x1c, 0xe4, 0x01, 0x00, 0x00, // .@.....a..@.....
	0x00, 0x71, 0x20, 0x00, 0x00, 0x30, 0x00, 0x00, 0x00, 0x35, 0xd0, 0x04, 0x7e, 0xe7, 0xf9, 0x37, // .q ..0...5..~..7
	0x08, 0x04, 0xce, 0xa0, 0xc1, 0x66, 0xb0, 0x04, 0x9a, 0xc0, 0xef, 0x3c, 0xff, 0x0a, 0x81, 0xc0, // .....f.....<....
	0x19, 0x34, 0xd8, 0x0c, 0x56, 0x40, 0x13, 0xf8, 0x9d, 0xe7, 0xdf, 0x23, 0x10, 0x38, 0x83, 0x06, // .4..V@.....#.8..
	0x9b, 0xc1, 0x02, 0x68, 0x02, 0xbf, 0xf3, 0xfc, 0x2b, 0x05, 0x02, 0x67, 0xd0, 0x60, 0x33, 0x68, // ...h....+..g.`3h
	0x07, 0xcd, 0x70, 0xf9, 0xce, 0xe3, 0x07, 0x40, 0x14, 0x21, 0x44, 0x64, 0x0a, 0xdb, 0x70, 0xf9, // ..p....@.!Dd..p.
	0xce, 0xe3, 0x0b, 0x01, 0x55, 0x14, 0x44, 0x54, 0x3a, 0xc0, 0x50, 0x12, 0x06, 0x20, 0x60, 0x7e, // ....U.DT:.P.. `~
	0x71, 0xdb, 0xb6, 0x20, 0x0d, 0x97, 0xef, 0x3c, 0xbe, 0x10, 0x11, 0xc0, 0x44, 0x84, 0x40, 0x33, // q.. ...<....D.@3
	0x2c, 0x84, 0x15, 0x88, 0xc1, 0x70, 0xf9, 0xce, 0xe3, 0x17, 0x0b, 0x30, 0x4d, 0x44, 0x43, 0x0c, // ,....p.....0MDC.
	0xed, 0x11, 0x11, 0xc0, 0x20, 0x0e, 0x62, 0x03, 0x46, 0x0e, 0xf5, 0xf8, 0xc8, 0x6d, 0x1b, 0x42, // .... .b.F....m.B
	0x35, 0x5c, 0xbe, 0xf3, 0xf8, 0x12, 0xc0, 0x3c, 0x0b, 0x51, 0x12, 0x15, 0xb1, 0xf8, 0xc5, 0x6d, // 5......<.Q.....m
	0x5b, 0x82, 0x35, 0x5c, 0xbe, 0xf3, 0xf8, 0x13, 0x71, 0x4d, 0x54, 0x44, 0xb0, 0x93, 0x13, 0x11, // [.5.....qMTD....
	0x7e, 0x71, 0xdb, 0x66, 0x20, 0x0d, 0x97, 0xef, 0x3c, 0xfe, 0x74, 0x44, 0x04, 0x30, 0x88, 0x83, // ~q.f ...<.tD.0..
	0x8f, 0xdc, 0xb6, 0x11, 0x10, 0x0c, 0x80, 0x34, 0x00, 0x61, 0x20, 0x00, 0x00, 0x8b, 0x01, 0x00, // .......4.a .....
	0x00, 0x13, 0x04, 0x4a, 0x2c, 0x10, 0x00, 0x00, 0x00, 0x26, 0x00, 0x00, 0x00, 0xe4, 0x14, 0x41, // ...J,....&.....A
	0x19, 0x8c, 0x00, 0x94, 0x07, 0x19, 0x25, 0x57, 0x86, 0x01, 0x05, 0x54, 0x48, 0xa5, 0x1b, 0x50, // ......%W...TH..P
	0xa0, 0x01, 0xc5, 0x37, 0x03, 0x50, 0xc0, 0x01, 0x65, 0x57, 0x36, 0x45, 0x42, 0x4e, 0x09, 0x10, // ...7.P..eW6EBN..
	0x30, 0x46, 0x00, 0x82, 0x20, 0x48, 0x7f, 0x33, 0x00, 0x63, 0x04, 0x20, 0x08, 0x82, 0xf0, 0x37, // 0F.. H.3.c. ...7
	0x46, 0x00, 0x82, 0x20, 0x88, 0x7e, 0x74, 0x0e, 0x75, 0x04, 0x02, 0x60, 0x34, 0x06, 0x34, 0xd4, // F.. .~t.u..`4.4.
	0x11, 0x08, 0x81, 0xd1, 0x18, 0xd0, 0x50, 0x47, 0x20, 0x08, 0x46, 0x63, 0x40, 0x43, 0x1d, 0x81, // ......PG .Fc@C..
	0x30, 0x18, 0x8d, 0x01, 0x0d, 0x75, 0x04, 0x02, 0x60, 0x34, 0x06, 0x19, 0x0c, 0x75, 0x04, 0x42, // 0....u..`4...u.B
	0x60, 0x34, 0x06, 0x19, 0x0c, 0x75, 0x04, 0x82, 0x60, 0x34, 0x06, 0x19, 0x0c, 0x75, 0x04, 0xc2, // `4...u..`4...u..
	0x60, 0x34, 0x06, 0x19, 0x0c, 0x75, 0x04, 0x02, 0x60, 0x34, 0x46, 0x19, 0x0c, 0x75, 0x04, 0x42, // `4...u..`4F..u.B
	0x60, 0x34, 0x46, 0x19, 0x0c, 0x75, 0x04, 0x82, 0x60, 0x34, 0x46, 0x19, 0x0c, 0x75, 0x04, 0xc2, // `4F..u..`4F..u..
	0x60, 0x34, 0x46, 0x19, 0x00, 0x23, 0x06, 0x09, 0x00, 0x82, 0x60, 0x90, 0xd1, 0x41, 0x17, 0xa9, // `4F..#....`..A..
	0x81, 0x1a, 0x9c, 0xc1, 0x88, 0x41, 0x02, 0x80, 0x20, 0x18, 0x64, 0x75, 0xe0, 0x49, 0x6c, 0xc0, // .....A.. .du.Il.
	0x06, 0x68, 0x30, 0x62, 0x90, 0x00, 0x20, 0x08, 0x06, 0x99, 0x1d, 0x7c, 0x53, 0x1d, 0xd4, 0x41, // .h0b.. ....|S..A
	0x1a, 0x8c, 0x18, 0x24, 0x00, 0x08, 0x82, 0x41, 0x76, 0x07, 0x60, 0x40, 0xd5, 0x41, 0x1d, 0xa8, // ...$...Av.`@.A..
	0xc1, 0x88, 0x41, 0x02, 0x80, 0x20, 0x18, 0x64, 0x78, 0x10, 0x06, 0x63, 0x60, 0x07, 0x73, 0xb0, // ..A.. .dx..c`.s.
	0x06, 0x23, 0x06, 0x09, 0x00, 0x82, 0x60, 0x90, 0xe5, 0x81, 0x18, 0x94, 0xc1, 0x1d, 0xd0, 0x01, // .#....`.........
	0x1b, 0x8c, 0x18, 0x24, 0x00, 0x08, 0x82, 0x41, 0xa6, 0x07, 0x63, 0x70, 0x06, 0x78, 0x80, 0x07, // ...$...A..cp.x..
	0x6d, 0x30, 0x62, 0x50, 0x00, 0x20, 0x08, 0x06, 0x47, 0x28, 0x70, 0x23, 0x06, 0x06, 0x00, 0x82, // m0bP. ..G(p#....
	0x60, 0x90, 0x84, 0x42, 0x18, 0xe8, 0xc1, 0x88, 0x81, 0x01, 0x80, 0x20, 0x18, 0x24, 0xa2, 0x20, // `..B....... .$. 
	0x06, 0x7c, 0x30, 0x62, 0x60, 0x00, 0x20, 0x08, 0x06, 0xc9, 0x28, 0x8c, 0x41, 0x1d, 0x8c, 0x18, // .|0b`. ...(.A...
	0x1c, 0x00, 0x08, 0x82, 0x81, 0x05, 0x0a, 0x5f, 0xd1, 0x07, 0xa3, 0x09, 0x01, 0x70, 0x81, 0x31, // ......._.....p.1
	0xa3, 0x09, 0x43, 0x70, 0x81, 0x31, 0xa3, 0x09, 0x85, 0x30, 0x9a, 0x60, 0x0c, 0xa7, 0x00, 0x75, // ..Cp.1...0.`...u
	0x0a, 0x50, 0x26, 0x88, 0x01, 0x7c, 0x4c, 0x10, 0x03, 0xf8, 0x98, 0x21, 0xc8, 0xc7, 0x0c, 0x41, // .P&..|L....!...A
	0x3e, 0xb7, 0x00, 0x75, 0x0f, 0x50, 0x23, 0x06, 0x0f, 0x00, 0x82, 0x60, 0x10, 0xc5, 0x42, 0x1c, // >..u.P#....`..B.
	0x58, 0x15, 0x31, 0x04, 0x69, 0xc0, 0x0a, 0xac, 0x00, 0x07, 0xc2, 0x68, 0x42, 0x00, 0x8c, 0x26, // X.1.i......hB..&
	0x08, 0xc1, 0x68, 0xc2, 0x20, 0x8c, 0x26, 0x10, 0x83, 0x31, 0x6f, 0x00, 0x1f, 0x7b, 0x02, 0xf9, // ..h. .&..1o..{..
	0x8c, 0x18, 0x3c, 0x00, 0x08, 0x82, 0x41, 0x84, 0x0b, 0x78, 0xd0, 0x71, 0x4b, 0x80, 0xc0, 0xc1, // ..<...A..x.qK...
	0x2c, 0xcc, 0xc2, 0x1d, 0x24, 0xa3, 0x09, 0x01, 0x30, 0x9a, 0x20, 0x04, 0xa3, 0x09, 0x83, 0x30, // ,...$...0. ....0
	0x9a, 0x40, 0x0c, 0x46, 0x2c, 0xf0, 0x31, 0x62, 0x81, 0x8f, 0x11, 0x0b, 0x7c, 0x8c, 0x58, 0xe0, // .@.F,.1b....|.X.
	0x63, 0x04, 0x1e, 0xc8, 0xc7, 0x88, 0x3c, 0x90, 0x8f, 0x11, 0x7a, 0x20, 0x1f, 0x23, 0xf6, 0x40, // c.....<...z .#.@
	0x3e, 0x23, 0x06, 0x0e, 0x00, 0x82, 0x60, 0x30, 0x91, 0x83, 0x2a, 0xac, 0x81, 0x19, 0x94, 0x01, // >#....`0..*.....
	0x19, 0x10, 0x83, 0x10, 0xb0, 0xc2, 0x70, 0xc3, 0x17, 0x0e, 0x60, 0x30, 0xcb, 0x90, 0x04, 0xc1, // ......p...`0....
	0x0a, 0x06, 0x77, 0x08, 0x07, 0x34, 0x18, 0x36, 0x20, 0x02, 0x63, 0x00, 0x56, 0x30, 0xb8, 0x83, // ..w..4.6 .c.V0..
	0x38, 0xa4, 0xc1, 0xb0, 0x01, 0x11, 0x18, 0x03, 0xb0, 0x82, 0xc1, 0x1d, 0xc6, 0x41, 0x0d, 0x86, // 8............A..
	0x0d, 0x88, 0xc0, 0x18, 0x80, 0x15, 0x0c, 0xee, 0x40, 0x0e, 0x6b, 0x30, 0x6c, 0x40, 0x04, 0xc6, // ........@.k0l@..
	0x00, 0x8c, 0x18, 0x18, 0x00, 0x08, 0x82, 0xc1, 0xb2, 0x0e, 0xab, 0x00, 0x0e, 0xc5, 0x06, 0xe0, // ................
	0xa0, 0xc3, 0x0d, 0x81, 0x39, 0x80, 0xc1, 0x2c, 0x83, 0x30, 0x04, 0xe5, 0x06, 0xe8, 0x00, 0x2b, // ....9..,.0.....+
	0x18, 0xea, 0x01, 0x1d, 0x02, 0x0a, 0x80, 0xb1, 0x82, 0xc1, 0x1e, 0xd4, 0x61, 0xa0, 0x00, 0x18, // ............a...
	0x2b, 0x18, 0xee, 0x81, 0x1d, 0x0a, 0x0a, 0x80, 0xb1, 0x82, 0x01, 0x1f, 0xdc, 0xe1, 0xa0, 0x00, // +...............
	0x18, 0x75, 0x07, 0xe6, 0x00, 0x2b, 0x18, 0xfc, 0x21, 0x1e, 0x02, 0x0a, 0x80, 0xb1, 0x82, 0xe1, // .u...+..!.......
	0x1f, 0xe6, 0x61, 0xa0, 0x00, 0x18, 0x2b, 0x18, 0x40, 0xa2, 0x1e, 0x0a, 0x0a, 0x80, 0xb1, 0x82, // ..a...+.@.......
	0x21, 0x24, 0xee, 0xe1, 0xa0, 0x00, 0x18, 0x05, 0x0a, 0xf4, 0x00, 0x2b, 0x18, 0x4e, 0x42, 0x1f, // !$.........+.NB.
	0x02, 0x0a, 0x80, 0xb1, 0x82, 0x01, 0x25, 0xf8, 0x61, 0xa0, 0x00, 0x18, 0x2b, 0x18, 0x52, 0xc2, // ......%.a...+.R.
	0x1f, 0x0a, 0x0a, 0x80, 0xb1, 0x82, 0x41, 0x25, 0x40, 0xe2, 0xa0, 0x00, 0x18, 0x96, 0x99, 0x01, // ......A%@.......
	0x7c, 0x0c, 0x33, 0x03, 0xf8, 0xd8, 0x65, 0x06, 0xf0, 0x31, 0xcb, 0x0c, 0xe0, 0x63, 0x04, 0x05, // |.3...e..1...c..
	0x1f, 0x23, 0x26, 0xf8, 0x18, 0x21, 0xc1, 0xc7, 0x88, 0x08, 0x3e, 0x46, 0x3c, 0xf0, 0x31, 0xc2, // .#&..!....>F<.1.
	0x81, 0x8f, 0x11, 0x0d, 0x7c, 0x8c, 0x60, 0xe0, 0x63, 0x44, 0x3a, 0xc8, 0xc7, 0x08, 0x75, 0x90, // ....|.`.cD:...u.
	0x8f, 0x11, 0xeb, 0x20, 0x1f, 0x23, 0xd8, 0x41, 0x3e, 0x85, 0x0b, 0x33, 0x81, 0x85, 0x0b, 0x34, // ... .#.A>..3...4
	0x81, 0x23, 0x06, 0x0e, 0x00, 0x82, 0x60, 0x30, 0xe1, 0x84, 0x3f, 0x80, 0x83, 0x10, 0xe0, 0x82, // .#....`0..?.....
	0x51, 0x10, 0x03, 0x48, 0x0c, 0x1b, 0x10, 0x73, 0x60, 0x0c, 0xc0, 0xb0, 0x01, 0x21, 0x07, 0xc5, // Q..H...s`....!..
	0x00, 0x0c, 0x1b, 0x10, 0x71, 0x40, 0x0c, 0xc0, 0xb0, 0x01, 0x01, 0x07, 0xc3, 0x00, 0xcc, 0x12, // ....q@..........
	0x0c, 0x03, 0x15, 0x00, 0x23, 0xc0, 0x43, 0x30, 0x50, 0x01, 0x30, 0x02, 0x3c, 0x04, 0x03, 0x15, // ....#.C0P.0.<...
	0x00, 0x23, 0xc0, 0x43, 0x30, 0x50, 0x01, 0x30, 0x02, 0x3c, 0x04, 0xc3, 0x0d, 0xb7, 0x10, 0x13, // .#.C0P.0.<......
	0x60, 0x30, 0xcb, 0x90, 0x10, 0xc1, 0x88, 0x81, 0x01, 0x80, 0x20, 0x18, 0x2c, 0x3f, 0xf1, 0x0f, // `0........ .,?..
	0x34, 0x51, 0xe0, 0xa0, 0x0f, 0x3a, 0xdc, 0x10, 0xe8, 0x04, 0x18, 0xcc, 0x32, 0x14, 0x46, 0x50, // 4Q...:......2.FP
	0xe2, 0x40, 0x13, 0xb0, 0x82, 0x21, 0x2d, 0x78, 0x22, 0xa0, 0x00, 0x18, 0x2b, 0x18, 0xd4, 0xc2, // .@...!-x"...+...
	0x27, 0x06, 0x0a, 0x80, 0xb1, 0x82, 0x61, 0x2d, 0xc0, 0xa2, 0xa0, 0x00, 0x18, 0x2b, 0x18, 0xd8, // '.....a-.....+..
	0x42, 0x2c, 0x0e, 0x0a, 0x80, 0x51, 0xeb, 0xb0, 0x13, 0xb0, 0x82, 0x41, 0x2e, 0xca, 0x22, 0xa0, // B,...Q.....A..".
	0x00, 0x18, 0x2b, 0x18, 0xe6, 0xe2, 0x2c, 0x06, 0x0a, 0x80, 0xb1, 0x82, 0x81, 0x2e, 0xd2, 0xa2, // ..+...,.........
	0xa0, 0x00, 0x18, 0x2b, 0x18, 0xea, 0x62, 0x2d, 0x0e, 0x0a, 0x80, 0x51, 0xf4, 0xd0, 0x12, 0xb0, // ...+..b-...Q....
	0x82, 0x61, 0x2f, 0xdc, 0x22, 0xa0, 0x00, 0x18, 0x2b, 0x18, 0xf8, 0x02, 0x2e, 0x06, 0x0a, 0x80, // .a/."...+.......
	0xb1, 0x82, 0xa1, 0x2f, 0xe4, 0xa2, 0xa0, 0x00, 0x18, 0x2b, 0x18, 0xfc, 0x82, 0x2e, 0x0e, 0x0a, // .../.....+......
	0x80, 0x61, 0x99, 0x18, 0xc0, 0xc7, 0x30, 0x31, 0x80, 0x8f, 0x5d, 0x62, 0x00, 0x1f, 0xb3, 0xc4, // .a....01..]b....
	0x00, 0x3e, 0x46, 0x50, 0xf0, 0x31, 0x62, 0x82, 0x8f, 0x11, 0x12, 0x7c, 0x8c, 0x88, 0xe0, 0x63, // .>FP.1b....|...c
	0xc4, 0x03, 0x1f, 0x23, 0x1c, 0xf8, 0x18, 0xd1, 0xc0, 0xc7, 0x08, 0x06, 0x3e, 0x46, 0xf4, 0x84, // ...#........>F..
	0x7c, 0x8c, 0xf0, 0x09, 0xf9, 0x18, 0xf1, 0x13, 0xf2, 0x31, 0x02, 0x2c, 0xe4, 0x53, 0x2c, 0xf1, // |........1.,.S,.
	0x17, 0x58, 0x2c, 0x01, 0x1a, 0x38, 0x62, 0xe0, 0x00, 0x20, 0x08, 0x06, 0x13, 0x6b, 0xc8, 0x45, // .X,..8b.. ...k.E
	0x4d, 0x08, 0x01, 0x4b, 0x18, 0x05, 0x31, 0xd0, 0xc5, 0xb0, 0x01, 0x71, 0x0e, 0xc6, 0x00, 0x0c, // M..K..1....q....
	0x1b, 0x10, 0xe6, 0x50, 0x0c, 0xc0, 0xb0, 0x01, 0x51, 0x0e, 0xc4, 0x00, 0x0c, 0x1b, 0x10, 0xe4, // ...P....Q.......
	0x30, 0x0c, 0xc0, 0x2c, 0x81, 0x31, 0x50, 0x01, 0x30, 0x05, 0x3a, 0x10, 0x03, 0x15, 0x00, 0x53, // 0..,.1P.0.:....S
	0xa0, 0x03, 0x31, 0x50, 0x01, 0x30, 0x05, 0x3a, 0x10, 0x03, 0x15, 0x00, 0x53, 0xa0, 0x03, 0x31, // ..1P.0.:....S..1
	0xdc, 0xb0, 0x12, 0xa4, 0x01, 0x06, 0xb3, 0x0c, 0xc9, 0x11, 0x8c, 0x18, 0x18, 0x00, 0x08, 0x82, // ................
	0xc1, 0x32, 0x1b, 0x73, 0x81, 0x1a, 0xc3, 0x0d, 0x34, 0xd1, 0x1a, 0x60, 0x30, 0xcb, 0x80, 0x24, // .2.s....4..`0..$
	0x01, 0xa1, 0x05, 0x30, 0x08, 0x2d, 0x80, 0x41, 0x68, 0x01, 0x0c, 0x42, 0x0b, 0x60, 0x10, 0x5a, // ...0.-.Ah..B.`.Z
	0x00, 0x83, 0xd0, 0x02, 0x18, 0x84, 0x16, 0xc0, 0x20, 0xb4, 0x00, 0x06, 0xa1, 0x05, 0x30, 0x08, // ........ .....0.
	0x2d, 0x80, 0x41, 0x68, 0x01, 0x0c, 0x42, 0x0b, 0x60, 0x18, 0x23, 0xc1, 0xc7, 0x18, 0x09, 0x3e, // -.Ah..B.`.#....>
	0xc6, 0x48, 0xf0, 0x31, 0x46, 0x82, 0x8f, 0x11, 0x0c, 0x7c, 0x8c, 0x60, 0xe0, 0x63, 0x04, 0x03, // .H.1F....|.`.c..
	0x1f, 0x23, 0x18, 0xf8, 0x18, 0xc1, 0xc0, 0xc7, 0x08, 0x06, 0x3e, 0x46, 0x30, 0xf0, 0x31, 0x82, // .#........>F0.1.
	0x81, 0x8f, 0x11, 0xa1, 0x21, 0x1f, 0x23, 0x44, 0x43, 0x3e, 0x46, 0x8c, 0x86, 0x7c, 0x8c, 0x20, // ....!.#DC>F..|. 
	0x0d, 0xf9, 0x14, 0x5c, 0x88, 0x07, 0x16, 0x5c, 0x8c, 0x07, 0x8e, 0x18, 0x38, 0x00, 0x08, 0x82, // ............8...
	0xc1, 0x04, 0x1f, 0xb6, 0xa1, 0x17, 0x42, 0x00, 0x17, 0x46, 0x41, 0x0c, 0xb8, 0x31, 0x4b, 0x90, // ......B..FA..1K.
	0x60, 0x40, 0x0c, 0x00, 0x00, 0x44, 0x00, 0x00, 0x00, 0x5b, 0x06, 0x39, 0x08, 0xe4, 0x60, 0xcb, // `@...D...[.9..`.
	0x40, 0x07, 0x81, 0x1c, 0x6c, 0x19, 0xec, 0x20, 0x90, 0x83, 0x2d, 0x03, 0x1e, 0x04, 0x72, 0xb0, // @...l.. ..-...r.
	0x65, 0xf8, 0x83, 0x40, 0x0e, 0xb6, 0x0c, 0xa1, 0x10, 0xc8, 0xc1, 0x96, 0x61, 0x14, 0x02, 0x39, // e..@........a..9
	0xd8, 0x32, 0x94, 0x42, 0x20, 0x07, 0x5b, 0x06, 0x54, 0x08, 0xe4, 0x60, 0xcb, 0xa0, 0x0a, 0x81, // .2.B .[.T..`....
	0x1c, 0x6c, 0x19, 0x58, 0x21, 0x90, 0x83, 0x2d, 0x83, 0x2b, 0x04, 0x72, 0xb0, 0x65, 0x88, 0x85, // .l.X!..-.+.r.e..
	0x40, 0x0e, 0xb6, 0x0c, 0xb3, 0x10, 0xc8, 0xc1, 0x96, 0xa1, 0x16, 0x02, 0x39, 0xd8, 0x32, 0xdc, // @...........9.2.
	0x42, 0x20, 0x07, 0x5b, 0x86, 0x75, 0x08, 0xe4, 0x60, 0xcb, 0xc0, 0x0e, 0x81, 0x1c, 0x6c, 0x19, // B .[.u..`.....l.
	0xda, 0x21, 0x90, 0x83, 0x2d, 0x83, 0x3b, 0x04, 0x72, 0xb0, 0x65, 0xe0, 0x87, 0x40, 0x0e, 0xb6, // .!..-.;.r.e..@..
	0x0c, 0xfe, 0x10, 0xc8, 0xc1, 0x96, 0x01, 0x24, 0x02, 0x39, 0xd8, 0x32, 0x88, 0x44, 0x20, 0x07, // .......$.9.2.D .
	0x5b, 0x86, 0x92, 0x08, 0xe4, 0x60, 0xcb, 0x70, 0x12, 0x81, 0x1c, 0x6c, 0x19, 0x52, 0x22, 0x90, // [....`.p...l.R".
	0x83, 0x2d, 0xc3, 0x4a, 0x04, 0x72, 0xb0, 0x65, 0x70, 0x89, 0x40, 0x0e, 0xb6, 0x0c, 0x30, 0x11, // .-.J.r.ep.@...0.
	0xc8, 0xc1, 0x96, 0x41, 0x26, 0x02, 0x39, 0xd8, 0x32, 0xd0, 0x44, 0x20, 0x07, 0x5b, 0x06, 0xb4, // ...A&.9.2.D .[..
	0x08, 0xe4, 0x60, 0xcb, 0x90, 0x16, 0x81, 0x1c, 0x6c, 0x19, 0xd4, 0x22, 0x90, 0x83, 0x2d, 0xc3, // ..`.....l.."..-.
	0x5a, 0x04, 0x72, 0xb0, 0x65, 0xb0, 0x8b, 0x40, 0x0e, 0xb6, 0x0c, 0x77, 0x11, 0xc8, 0xc1, 0x96, // Z.r.e..@...w....
	0x01, 0x2f, 0x02, 0x39, 0xd8, 0x32, 0xe4, 0x45, 0x20, 0x07, 0x5b, 0x06, 0xbd, 0x08, 0xe4, 0x60, // ./.9.2.E .[....`
	0xcb, 0xb0, 0x17, 0x81, 0x1c, 0x6c, 0x19, 0xf8, 0x22, 0x90, 0x83, 0x2d, 0x43, 0x5f, 0x04, 0x72, // .....l.."..-C_.r
	0xb0, 0x65, 0xf0, 0x8b, 0x40, 0x0e, 0xb6, 0x0c, 0x7f, 0x11, 0xc8, 0xc1, 0x96, 0x01, 0x34, 0x02, // .e..@.........4.
	0x39, 0xd8, 0x32, 0x84, 0x46, 0x20, 0x07, 0x00, 0x00, 0x00, 0x00, 0x00, 0x00, 0x00, 0x00, 0x00, // 9.2.F ..........
	0x00, 0x00, 0x00, 0x10, 0x00,                                                                   // .....
};
static const uint8_t cs_mipgen_oddy_mtl[6088] =
{
	0x43, 0x53, 0x48, 0x0c, 0x00, 0x00, 0x00, 0x00, 0x00, 0x00, 0x00, 0x00, 0x00, 0x00, 0x00, 0x00, // CSH.............
	0x00, 0x00, 0x00, 0x00, 0x08, 0x00, 0x15, 0x62, 0x67, 0x66, 0x78, 0x5f, 0x74, 0x65, 0x78, 0x4d, // .......bgfx_texM
	0x69, 0x70, 0x53, 0x72, 0x63, 0x53, 0x61, 0x6d, 0x70, 0x6c, 0x65, 0x72, 0x01, 0x01, 0xff, 0xff, // ipSrcSampler....
	0x01, 0x00, 0x00, 0x00, 0x00, 0x00, 0x15, 0x62, 0x67, 0x66, 0x78, 0x5f, 0x74, 0x65, 0x78, 0x4d, // .......bgfx_texM
	0x69, 0x70, 0x53, 0x72, 0x63, 0x54, 0x65, 0x78, 0x74, 0x75, 0x72, 0x65, 0x01, 0x01, 0xff, 0xff, // ipSrcTexture....
	0x01, 0x00, 0x00, 0x00, 0x00, 0x00, 0x0b, 0x62, 0x67, 0x66, 0x78, 0x5f, 0x6d, 0x69, 0x70, 0x47, // .......bgfx_mipG
	0x65, 0x6e, 0x02, 0x01, 0x00, 0x00, 0x01, 0x00, 0x00, 0x00, 0x00, 0x00, 0x09, 0x73, 0x5f, 0x69, // en...........s_i
	0x6d, 0x67, 0x4d, 0x69, 0x70, 0x31, 0x01, 0x01, 0xff, 0xff, 0x01, 0x00, 0x00, 0x00, 0x00, 0x00, // mgMip1..........
	0x09, 0x73, 0x5f, 0x69, 0x6d, 0x67, 0x4d, 0x69, 0x70, 0x32, 0x01, 0x01, 0xff, 0xff, 0x01, 0x00, // .s_imgMip2......
	0x00, 0x00, 0x00, 0x00, 0x09, 0x73, 0x5f, 0x69, 0x6d, 0x67, 0x4d, 0x69, 0x70, 0x33, 0x01, 0x01, // .....s_imgMip3..
	0xff, 0xff, 0x01, 0x00, 0x00, 0x00, 0x00, 0x00, 0x09, 0x73, 0x5f, 0x69, 0x6d, 0x67, 0x4d, 0x69, // .........s_imgMi
	0x70, 0x34, 0x01, 0x01, 0xff, 0xff, 0x01, 0x00, 0x00, 0x00, 0x00, 0x00, 0x0e, 0x62, 0x67, 0x66, // p4...........bgf
	0x78, 0x5f, 0x74, 0x65, 0x78, 0x4d, 0x69, 0x70, 0x53, 0x72, 0x63, 0x00, 0x00, 0x00, 0x00, 0x00, // x_texMipSrc.....
	0x00, 0x00, 0x03, 0x00, 0x00, 0x08, 0x00, 0x08, 0x00, 0x01, 0x00, 0xe5, 0x16, 0x00, 0x00, 0x23, // ...............#
	0x70, 0x72, 0x61, 0x67, 0x6d, 0x61, 0x20, 0x63, 0x6c, 0x61, 0x6e, 0x67, 0x20, 0x64, 0x69, 0x61, // pragma clang dia
	0x67, 0x6e, 0x6f, 0x73, 0x74, 0x69, 0x63, 0x20, 0x69, 0x67, 0x6e, 0x6f, 0x72, 0x65, 0x64, 0x20, // gnostic ignored 
	0x22, 0x2d, 0x57, 0x6d, 0x69, 0x73, 0x73, 0x69, 0x6e, 0x67, 0x2d, 0x70, 0x72, 0x6f, 0x74, 0x6f, // "-Wmissing-proto
	0x74, 0x79, 0x70, 0x65, 0x73, 0x22, 0x0a, 0x23, 0x70, 0x72, 0x61, 0x67, 0x6d, 0x61, 0x20, 0x63, // types".#pragma c
	0x6c, 0x61, 0x6e, 0x67, 0x20, 0x64, 0x69, 0x61, 0x67, 0x6e, 0x6f, 0x73, 0x74, 0x69, 0x63, 0x20, // lang diagnostic 
	0x69, 0x67, 0x6e, 0x6f, 0x72, 0x65, 0x64, 0x20, 0x22, 0x2d, 0x57, 0x6d, 0x69, 0x73, 0x73, 0x69, // ignored "-Wmissi
	0x6e, 0x67, 0x2d, 0x62, 0x72, 0x61, 0x63, 0x65, 0x73, 0x22, 0x0a, 0x0a, 0x23, 0x69, 0x6e, 0x63, // ng-braces"..#inc
	0x6c, 0x75, 0x64, 0x65, 0x20, 0x3c, 0x6d, 0x65, 0x74, 0x61, 0x6c, 0x5f, 0x73, 0x74, 0x64, 0x6c, // lude <metal_stdl
	0x69, 0x62, 0x3e, 0x0a, 0x23, 0x69, 0x6e, 0x63, 0x6c, 0x75, 0x64, 0x65, 0x20, 0x3c, 0x73, 0x69, // ib>.#include <si
	0x6d, 0x64, 0x2f, 0x73, 0x69, 0x6d, 0x64, 0x2e, 0x68, 0x3e, 0x0a, 0x0a, 0x75, 0x73, 0x69, 0x6e, // md/simd.h>..usin
	0x67, 0x20, 0x6e, 0x61, 0x6d, 0x65, 0x73, 0x70, 0x61, 0x63, 0x65, 0x20, 0x6d, 0x65, 0x74, 0x61, // g namespace meta
	0x6c, 0x3b, 0x0a, 0x0a, 0x74, 0x65, 0x6d, 0x70, 0x6c, 0x61, 0x74, 0x65, 0x3c, 0x74, 0x79, 0x70, // l;..template<typ
	0x65, 0x6e, 0x61, 0x6d, 0x65, 0x20, 0x54, 0x2c, 0x20, 0x73, 0x69, 0x7a, 0x65, 0x5f, 0x74, 0x20, // ename T, size_t 
	0x4e, 0x75, 0x6d, 0x3e, 0x0a, 0x73, 0x74, 0x72, 0x75, 0x63, 0x74, 0x20, 0x73, 0x70, 0x76, 0x55, // Num>.struct spvU
	0x6e, 0x73, 0x61, 0x66, 0x65, 0x41, 0x72, 0x72, 0x61, 0x79, 0x0a, 0x7b, 0x0a, 0x20, 0x20, 0x20, // nsafeArray.{.   
	0x20, 0x54, 0x20, 0x65, 0x6c, 0x65, 0x6d, 0x65, 0x6e, 0x74, 0x73, 0x5b, 0x4e, 0x75, 0x6d, 0x20, //  T elements[Num 
	0x3f, 0x20, 0x4e, 0x75, 0x6d, 0x20, 0x3a, 0x20, 0x31, 0x5d, 0x3b, 0x0a, 0x20, 0x20, 0x20, 0x20, // ? Num : 1];.    
	0x0a, 0x20, 0x20, 0x20, 0x20, 0x74, 0x68, 0x72, 0x65, 0x61, 0x64, 0x20, 0x54, 0x26, 0x20, 0x6f, // .    thread T& o
	0x70, 0x65, 0x72, 0x61, 0x74, 0x6f, 0x72, 0x20, 0x5b, 0x5d, 0x20, 0x28, 0x73, 0x69, 0x7a, 0x65, // perator [] (size
	0x5f, 0x74, 0x20, 0x70, 0x6f, 0x73, 0x29, 0x20, 0x74, 0x68, 0x72, 0x65, 0x61, 0x64, 0x0a, 0x20, // _t pos) thread. 
	0x20, 0x20, 0x20, 0x7b, 0x0a, 0x20, 0x20, 0x20, 0x20, 0x20, 0x20, 0x20, 0x20, 0x72, 0x65, 0x74, //    {.        ret
	0x75, 0x72, 0x6e, 0x20, 0x65, 0x6c, 0x65, 0x6d, 0x65, 0x6e, 0x74, 0x73, 0x5b, 0x70, 0x6f, 0x73, // urn elements[pos
	0x5d, 0x3b, 0x0a, 0x20, 0x20, 0x20, 0x20, 0x7d, 0x0a, 0x20, 0x20, 0x20, 0x20, 0x63, 0x6f, 0x6e, // ];.    }.    con
	0x73, 0x74, 0x65, 0x78, 0x70, 0x72, 0x20, 0x63, 0x6f, 0x6e, 0x73, 0x74, 0x20, 0x74, 0x68, 0x72, // stexpr const thr
	0x65, 0x61, 0x64, 0x20, 0x54, 0x26, 0x20, 0x6f, 0x70, 0x65, 0x72, 0x61, 0x74, 0x6f, 0x72, 0x20, // ead T& operator 
	0x5b, 0x5d, 0x20, 0x28, 0x73, 0x69, 0x7a, 0x65, 0x5f, 0x74, 0x20, 0x70, 0x6f, 0x73, 0x29, 0x20, // [] (size_t pos) 
	0x63, 0x6f, 0x6e, 0x73, 0x74, 0x20, 0x74, 0x68, 0x72, 0x65, 0x61, 0x64, 0x0a, 0x20, 0x20, 0x20, // const thread.   
	0x20, 0x7b, 0x0a, 0x20, 0x20, 0x20, 0x20, 0x20, 0x20, 0x20, 0x20, 0x72, 0x65, 0x74, 0x75, 0x72, //  {.        retur
	0x6e, 0x20, 0x65, 0x6c, 0x65, 0x6d, 0x65, 0x6e, 0x74, 0x73, 0x5b, 0x70, 0x6f, 0x73, 0x5d, 0x3b, // n elements[pos];
	0x0a, 0x20, 0x20, 0x20, 0x20, 0x7d, 0x0a, 0x20, 0x20, 0x20, 0x20, 0x0a, 0x20, 0x20, 0x20, 0x20, // .    }.    .    
	0x64, 0x65, 0x76, 0x69, 0x63, 0x65, 0x20, 0x54, 0x26, 0x20, 0x6f, 0x70, 0x65, 0x72, 0x61, 0x74, // device T& operat
	0x6f, 0x72, 0x20, 0x5b, 0x5d, 0x20, 0x28, 0x73, 0x69, 0x7a, 0x65, 0x5f, 0x74, 0x20, 0x70, 0x6f, // or [] (size_t po
	0x73, 0x29, 0x20, 0x64, 0x65, 0x76, 0x69, 0x63, 0x65, 0x0a, 0x20, 0x20, 0x20, 0x20, 0x7b, 0x0a, // s) device.    {.
	0x20, 0x20, 0x20, 0x20, 0x20, 0x20, 0x20, 0x20, 0x72, 0x65, 0x74, 0x75, 0x72, 0x6e, 0x20, 0x65, //         return e
	0x6c, 0x65, 0x6d, 0x65, 0x6e, 0x74, 0x73, 0x5b, 0x70, 0x6f, 0x73, 0x5d, 0x3b, 0x0a, 0x20, 0x20, // lements[pos];.  
	0x20, 0x20, 0x7d, 0x0a, 0x20, 0x20, 0x20, 0x20, 0x63, 0x6f, 0x6e, 0x73, 0x74, 0x65, 0x78, 0x70, //   }.    constexp
	0x72, 0x20, 0x63, 0x6f, 0x6e, 0x73, 0x74, 0x20, 0x64, 0x65, 0x76, 0x69, 0x63, 0x65, 0x20, 0x54, // r const device T
	0x26, 0x20, 0x6f, 0x70, 0x65, 0x72, 0x61, 0x74, 0x6f, 0x72, 0x20, 0x5b, 0x5d, 0x20, 0x28, 0x73, // & operator [] (s
	0x69, 0x7a, 0x65, 0x5f, 0x74, 0x20, 0x70, 0x6f, 0x73, 0x29, 0x20, 0x63, 0x6f, 0x6e, 0x73, 0x74, // ize_t pos) const
	0x20, 0x64, 0x65, 0x76, 0x69, 0x63, 0x65, 0x0a, 0x20, 0x20, 0x20, 0x20, 0x7b, 0x0a, 0x20, 0x20, //  device.    {.  
	0x20, 0x20, 0x20, 0x20, 0x20, 0x20, 0x72, 0x65, 0x74, 0x75, 0x72, 0x6e, 0x20, 0x65, 0x6c, 0x65, //       return ele
	0x6d, 0x65, 0x6e, 0x74, 0x73, 0x5b, 0x70, 0x6f, 0x73, 0x5d, 0x3b, 0x0a, 0x20, 0x20, 0x20, 0x20, // ments[pos];.    
	0x7d, 0x0a, 0x20, 0x20, 0x20, 0x20, 0x0a, 0x20, 0x20, 0x20, 0x20, 0x63, 0x6f, 0x6e, 0x73, 0x74, // }.    .    const
	0x65, 0x78, 0x70, 0x72, 0x20, 0x63, 0x6f, 0x6e, 0x73, 0x74, 0x20, 0x63, 0x6f, 0x6e, 0x73, 0x74, // expr const const
	0x61, 0x6e, 0x74, 0x20, 0x54, 0x26, 0x20, 0x6f, 0x70, 0x65, 0x72, 0x61, 0x74, 0x6f, 0x72, 0x20, // ant T& operator 
	0x5b, 0x5d, 0x20, 0x28, 0x73, 0x69, 0x7a, 0x65, 0x5f, 0x74, 0x20, 0x70, 0x6f, 0x73, 0x29, 0x20, // [] (size_t pos) 
	0x63, 0x6f, 0x6e, 0x73, 0x74, 0x20, 0x63, 0x6f, 0x6e, 0x73, 0x74, 0x61, 0x6e, 0x74, 0x0a, 0x20, // const constant. 
	0x20, 0x20, 0x20, 0x7b, 0x0a, 0x20, 0x20, 0x20, 0x20, 0x20, 0x20, 0x20, 0x20, 0x72, 0x65, 0x74, //    {.        ret
	0x75, 0x72, 0x6e, 0x20, 0x65, 0x6c, 0x65, 0x6d, 0x65, 0x6e, 0x74, 0x73, 0x5b, 0x70, 0x6f, 0x73, // urn elements[pos
	0x5d, 0x3b, 0x0a, 0x20, 0x20, 0x20, 0x20, 0x7d, 0x0a, 0x20, 0x20, 0x20, 0x20, 0x0a, 0x20, 0x20, // ];.    }.    .  
	0x20, 0x20, 0x74, 0x68, 0x72, 0x65, 0x61, 0x64, 0x67, 0x72, 0x6f, 0x75, 0x70, 0x20, 0x54, 0x26, //   threadgroup T&
	0x20, 0x6f, 0x70, 0x65, 0x72, 0x61, 0x74, 0x6f, 0x72, 0x20, 0x5b, 0x5d, 0x20, 0x28, 0x73, 0x69, //  operator [] (si
	0x7a, 0x65, 0x5f, 0x74, 0x20, 0x70, 0x6f, 0x73, 0x29, 0x20, 0x74, 0x68, 0x72, 0x65, 0x61, 0x64, // ze_t pos) thread
	0x67, 0x72, 0x6f, 0x75, 0x70, 0x0a, 0x20, 0x20, 0x20, 0x20, 0x7b, 0x0a, 0x20, 0x20, 0x20, 0x20, // group.    {.    
	0x20, 0x20, 0x20, 0x20, 0x72, 0x65, 0x74, 0x75, 0x72, 0x6e, 0x20, 0x65, 0x6c, 0x65, 0x6d, 0x65, //     return eleme
	0x6e, 0x74, 0x73, 0x5b, 0x70, 0x6f, 0x73, 0x5d, 0x3b, 0x0a, 0x20, 0x20, 0x20, 0x20, 0x7d, 0x0a, // nts[pos];.    }.
	0x20, 0x20, 0x20, 0x20, 0x63, 0x6f, 0x6e, 0x73, 0x74, 0x65, 0x78, 0x70, 0x72, 0x20, 0x63, 0x6f, //     constexpr co
	0x6e, 0x73, 0x74, 0x20, 0x74, 0x68, 0x72, 0x65, 0x61, 0x64, 0x67, 0x72, 0x6f, 0x75, 0x70, 0x20, // nst threadgroup 
	0x54, 0x26, 0x20, 0x6f, 0x70, 0x65, 0x72, 0x61, 0x74, 0x6f, 0x72, 0x20, 0x5b, 0x5d, 0x20, 0x28, // T& operator [] (
	0x73, 0x69, 0x7a, 0x65, 0x5f, 0x74, 0x20, 0x70, 0x6f, 0x73, 0x29, 0x20, 0x63, 0x6f, 0x6e, 0x73, // size_t pos) cons
	0x74, 0x20, 0x74, 0x68, 0x72, 0x65, 0x61, 0x64, 0x67, 0x72, 0x6f, 0x75, 0x70, 0x0a, 0x20, 0x20, // t threadgroup.  
	0x20, 0x20, 0x7b, 0x0a, 0x20, 0x20, 0x20, 0x20, 0x20, 0x20, 0x20, 0x20, 0x72, 0x65, 0x74, 0x75, //   {.        retu
	0x72, 0x6e, 0x20, 0x65, 0x6c, 0x65, 0x6d, 0x65, 0x6e, 0x74, 0x73, 0x5b, 0x70, 0x6f, 0x73, 0x5d, // rn elements[pos]
	0x3b, 0x0a, 0x20, 0x20, 0x20, 0x20, 0x7d, 0x0a, 0x7d, 0x3b, 0x0a, 0x0a, 0x73, 0x74, 0x72, 0x75, // ;.    }.};..stru
	0x63, 0x74, 0x20, 0x5f, 0x47, 0x6c, 0x6f, 0x62, 0x61, 0x6c, 0x0a, 0x7b, 0x0a, 0x20, 0x20, 0x20, // ct _Global.{.   
	0x20, 0x66, 0x6c, 0x6f, 0x61, 0x74, 0x34, 0x20, 0x62, 0x67, 0x66, 0x78, 0x5f, 0x6d, 0x69, 0x70, //  float4 bgfx_mip
	0x47, 0x65, 0x6e, 0x3b, 0x0a, 0x7d, 0x3b, 0x0a, 0x0a, 0x6b, 0x65, 0x72, 0x6e, 0x65, 0x6c, 0x20, // Gen;.};..kernel 
	0x76, 0x6f, 0x69, 0x64, 0x20, 0x78, 0x6c, 0x61, 0x74, 0x4d, 0x74, 0x6c, 0x4d, 0x61, 0x69, 0x6e, // void xlatMtlMain
	0x28, 0x63, 0x6f, 0x6e, 0x73, 0x74, 0x61, 0x6e, 0x74, 0x20, 0x5f, 0x47, 0x6c, 0x6f, 0x62, 0x61, // (constant _Globa
	0x6c, 0x26, 0x20, 0x5f, 0x6d, 0x74, 0x6c, 0x5f, 0x75, 0x20, 0x5b, 0x5b, 0x62, 0x75, 0x66, 0x66, // l& _mtl_u [[buff
	0x65, 0x72, 0x28, 0x30, 0x29, 0x5d, 0x5d, 0x2c, 0x20, 0x74, 0x65, 0x78, 0x74, 0x75, 0x72, 0x65, // er(0)]], texture
	0x32, 0x64, 0x5f, 0x61, 0x72, 0x72, 0x61, 0x79, 0x3c, 0x66, 0x6c, 0x6f, 0x61, 0x74, 0x2c, 0x20, // 2d_array<float, 
	0x61, 0x63, 0x63, 0x65, 0x73, 0x73, 0x3a, 0x3a, 0x77, 0x72, 0x69, 0x74, 0x65, 0x3e, 0x20, 0x73, // access::write> s
	0x5f, 0x69, 0x6d, 0x67, 0x4d, 0x69, 0x70, 0x31, 0x20, 0x5b, 0x5b, 0x74, 0x65, 0x78, 0x74, 0x75, // _imgMip1 [[textu
	0x72, 0x65, 0x28, 0x30, 0x29, 0x5d, 0x5d, 0x2c, 0x20, 0x74, 0x65, 0x78, 0x74, 0x75, 0x72, 0x65, // re(0)]], texture
	0x32, 0x64, 0x5f, 0x61, 0x72, 0x72, 0x61, 0x79, 0x3c, 0x66, 0x6c, 0x6f, 0x61, 0x74, 0x2c, 0x20, // 2d_array<float, 
	0x61, 0x63, 0x63, 0x65, 0x73, 0x73, 0x3a, 0x3a, 0x77, 0x72, 0x69, 0x74, 0x65, 0x3e, 0x20, 0x73, // access::write> s
	0x5f, 0x69, 0x6d, 0x67, 0x4d, 0x69, 0x70, 0x32, 0x20, 0x5b, 0x5b, 0x74, 0x65, 0x78, 0x74, 0x75, // _imgMip2 [[textu
	0x72, 0x65, 0x28, 0x31, 0x29, 0x5d, 0x5d, 0x2c, 0x20, 0x74, 0x65, 0x78, 0x74, 0x75, 0x72, 0x65, // re(1)]], texture
	0x32, 0x64, 0x5f, 0x61, 0x72, 0x72, 0x61, 0x79, 0x3c, 0x66, 0x6c, 0x6f, 0x61, 0x74, 0x2c, 0x20, // 2d_array<float, 
	0x61, 0x63, 0x63, 0x65, 0x73, 0x73, 0x3a, 0x3a, 0x77, 0x72, 0x69, 0x74, 0x65, 0x3e, 0x20, 0x73, // access::write> s
	0x5f, 0x69, 0x6d, 0x67, 0x4d, 0x69, 0x70, 0x33, 0x20, 0x5b, 0x5b, 0x74, 0x65, 0x78, 0x74, 0x75, // _imgMip3 [[textu
	0x72, 0x65, 0x28, 0x32, 0x29, 0x5d, 0x5d, 0x2c, 0x20, 0x74, 0x65, 0x78, 0x74, 0x75, 0x72, 0x65, // re(2)]], texture
	0x32, 0x64, 0x5f, 0x61, 0x72, 0x72, 0x61, 0x79, 0x3c, 0x66, 0x6c, 0x6f, 0x61, 0x74, 0x2c, 0x20, // 2d_array<float, 
	0x61, 0x63, 0x63, 0x65, 0x73, 0x73, 0x3a, 0x3a, 0x77, 0x72, 0x69, 0x74, 0x65, 0x3e, 0x20, 0x73, // access::write> s
	0x5f, 0x69, 0x6d, 0x67, 0x4d, 0x69, 0x70, 0x34, 0x20, 0x5b, 0x5b, 0x74, 0x65, 0x78, 0x74, 0x75, // _imgMip4 [[textu
	0x72, 0x65, 0x28, 0x33, 0x29, 0x5d, 0x5d, 0x2c, 0x20, 0x74, 0x65, 0x78, 0x74, 0x75, 0x72, 0x65, // re(3)]], texture
	0x32, 0x64, 0x5f, 0x61, 0x72, 0x72, 0x61, 0x79, 0x3c, 0x66, 0x6c, 0x6f, 0x61, 0x74, 0x3e, 0x20, // 2d_array<float> 
	0x62, 0x67, 0x66, 0x78, 0x5f, 0x74, 0x65, 0x78, 0x4d, 0x69, 0x70, 0x53, 0x72, 0x63, 0x20, 0x5b, // bgfx_texMipSrc [
	0x5b, 0x74, 0x65, 0x78, 0x74, 0x75, 0x72, 0x65, 0x28, 0x34, 0x29, 0x5d, 0x5d, 0x2c, 0x20, 0x73, // [texture(4)]], s
	0x61, 0x6d, 0x70, 0x6c, 0x65, 0x72, 0x20, 0x62, 0x67, 0x66, 0x78, 0x5f, 0x74, 0x65, 0x78, 0x4d, // ampler bgfx_texM
	0x69, 0x70, 0x53, 0x72, 0x63, 0x53, 0x61, 0x6d, 0x70, 0x6c, 0x65, 0x72, 0x20, 0x5b, 0x5b, 0x73, // ipSrcSampler [[s
	0x61, 0x6d, 0x70, 0x6c, 0x65, 0x72, 0x28, 0x34, 0x29, 0x5d, 0x5d, 0x2c, 0x20, 0x75, 0x69, 0x6e, // ampler(4)]], uin
	0x74, 0x20, 0x67, 0x6c, 0x5f, 0x4c, 0x6f, 0x63, 0x61, 0x6c, 0x49, 0x6e, 0x76, 0x6f, 0x63, 0x61, // t gl_LocalInvoca
	0x74, 0x69, 0x6f, 0x6e, 0x49, 0x6e, 0x64, 0x65, 0x78, 0x20, 0x5b, 0x5b, 0x74, 0x68, 0x72, 0x65, // tionIndex [[thre
	0x61, 0x64, 0x5f, 0x69, 0x6e, 0x64, 0x65, 0x78, 0x5f, 0x69, 0x6e, 0x5f, 0x74, 0x68, 0x72, 0x65, // ad_index_in_thre
	0x61, 0x64, 0x67, 0x72, 0x6f, 0x75, 0x70, 0x5d, 0x5d, 0x2c, 0x20, 0x75, 0x69, 0x6e, 0x74, 0x33, // adgroup]], uint3
	0x20, 0x67, 0x6c, 0x5f, 0x47, 0x6c, 0x6f, 0x62, 0x61, 0x6c, 0x49, 0x6e, 0x76, 0x6f, 0x63, 0x61, //  gl_GlobalInvoca
	0x74, 0x69, 0x6f, 0x6e, 0x49, 0x44, 0x20, 0x5b, 0x5b, 0x74, 0x68, 0x72, 0x65, 0x61, 0x64, 0x5f, // tionID [[thread_
	0x70, 0x6f, 0x73, 0x69, 0x74, 0x69, 0x6f, 0x6e, 0x5f, 0x69, 0x6e, 0x5f, 0x67, 0x72, 0x69, 0x64, // position_in_grid
	0x5d, 0x5d, 0x29, 0x0a, 0x7b, 0x0a, 0x20, 0x20, 0x20, 0x20, 0x74, 0x68, 0x72, 0x65, 0x61, 0x64, // ]]).{.    thread
	0x67, 0x72, 0x6f, 0x75, 0x70, 0x20, 0x73, 0x70, 0x76, 0x55, 0x6e, 0x73, 0x61, 0x66, 0x65, 0x41, // group spvUnsafeA
	0x72, 0x72, 0x61, 0x79, 0x3c, 0x66, 0x6c, 0x6f, 0x61, 0x74, 0x2c, 0x20, 0x36, 0x34, 0x3e, 0x20, // rray<float, 64> 
	0x67, 0x73, 0x5f, 0x52, 0x3b, 0x0a, 0x20, 0x20, 0x20, 0x20, 0x74, 0x68, 0x72, 0x65, 0x61, 0x64, // gs_R;.    thread
	0x67, 0x72, 0x6f, 0x75, 0x70, 0x20, 0x73, 0x70, 0x76, 0x55, 0x6e, 0x73, 0x61, 0x66, 0x65, 0x41, // group spvUnsafeA
	0x72, 0x72, 0x61, 0x79, 0x3c, 0x66, 0x6c, 0x6f, 0x61, 0x74, 0x2c, 0x20, 0x36, 0x34, 0x3e, 0x20, // rray<float, 64> 
	0x67, 0x73, 0x5f, 0x47, 0x3b, 0x0a, 0x20, 0x20, 0x20, 0x20, 0x74, 0x68, 0x72, 0x65, 0x61, 0x64, // gs_G;.    thread
	0x67, 0x72, 0x6f, 0x75, 0x70, 0x20, 0x73, 0x70, 0x76, 0x55, 0x6e, 0x73, 0x61, 0x66, 0x65, 0x41, // group spvUnsafeA
	0x72, 0x72, 0x61, 0x79, 0x3c, 0x66, 0x6c, 0x6f, 0x61, 0x74, 0x2c, 0x20, 0x36, 0x34, 0x3e, 0x20, // rray<float, 64> 
	0x67, 0x73, 0x5f, 0x42, 0x3b, 0x0a, 0x20, 0x20, 0x20, 0x20, 0x74, 0x68, 0x72, 0x65, 0x61, 0x64, // gs_B;.    thread
	0x67, 0x72, 0x6f, 0x75, 0x70, 0x20, 0x73, 0x70, 0x76, 0x55, 0x6e, 0x73, 0x61, 0x66, 0x65, 0x41, // group spvUnsafeA
	0x72, 0x72, 0x61, 0x79, 0x3c, 0x66, 0x6c, 0x6f, 0x61, 0x74, 0x2c, 0x20, 0x36, 0x34, 0x3e, 0x20, // rray<float, 64> 
	0x67, 0x73, 0x5f, 0x41, 0x3b, 0x0a, 0x20, 0x20, 0x20, 0x20, 0x64, 0x6f, 0x0a, 0x20, 0x20, 0x20, // gs_A;.    do.   
	0x20, 0x7b, 0x0a, 0x20, 0x20, 0x20, 0x20, 0x20, 0x20, 0x20, 0x20, 0x75, 0x69, 0x6e, 0x74, 0x20, //  {.        uint 
	0x5f, 0x34, 0x38, 0x34, 0x20, 0x3d, 0x20, 0x75, 0x69, 0x6e, 0x74, 0x28, 0x69, 0x6e, 0x74, 0x28, // _484 = uint(int(
	0x67, 0x6c, 0x5f, 0x4c, 0x6f, 0x63, 0x61, 0x6c, 0x49, 0x6e, 0x76, 0x6f, 0x63, 0x61, 0x74, 0x69, // gl_LocalInvocati
	0x6f, 0x6e, 0x49, 0x6e, 0x64, 0x65, 0x78, 0x29, 0x29, 0x3b, 0x0a, 0x20, 0x20, 0x20, 0x20, 0x20, // onIndex));.     
	0x20, 0x20, 0x20, 0x75, 0x69, 0x6e, 0x74, 0x33, 0x20, 0x5f, 0x34, 0x38, 0x36, 0x20, 0x3d, 0x20, //    uint3 _486 = 
	0x75, 0x69, 0x6e, 0x74, 0x33, 0x28, 0x69, 0x6e, 0x74, 0x33, 0x28, 0x67, 0x6c, 0x5f, 0x47, 0x6c, // uint3(int3(gl_Gl
	0x6f, 0x62, 0x61, 0x6c, 0x49, 0x6e, 0x76, 0x6f, 0x63, 0x61, 0x74, 0x69, 0x6f, 0x6e, 0x49, 0x44, // obalInvocationID
	0x29, 0x29, 0x3b, 0x0a, 0x20, 0x20, 0x20, 0x20, 0x20, 0x20, 0x20, 0x20, 0x75, 0x69, 0x6e, 0x74, // ));.        uint
	0x20, 0x5f, 0x34, 0x39, 0x32, 0x20, 0x3d, 0x20, 0x75, 0x69, 0x6e, 0x74, 0x28, 0x5f, 0x6d, 0x74, //  _492 = uint(_mt
	0x6c, 0x5f, 0x75, 0x2e, 0x62, 0x67, 0x66, 0x78, 0x5f, 0x6d, 0x69, 0x70, 0x47, 0x65, 0x6e, 0x2e, // l_u.bgfx_mipGen.
	0x79, 0x29, 0x3b, 0x0a, 0x20, 0x20, 0x20, 0x20, 0x20, 0x20, 0x20, 0x20, 0x75, 0x69, 0x6e, 0x74, // y);.        uint
	0x20, 0x5f, 0x34, 0x39, 0x37, 0x20, 0x3d, 0x20, 0x5f, 0x34, 0x38, 0x36, 0x2e, 0x7a, 0x3b, 0x0a, //  _497 = _486.z;.
	0x20, 0x20, 0x20, 0x20, 0x20, 0x20, 0x20, 0x20, 0x75, 0x69, 0x6e, 0x74, 0x32, 0x20, 0x5f, 0x35, //         uint2 _5
	0x30, 0x30, 0x20, 0x3d, 0x20, 0x5f, 0x34, 0x38, 0x36, 0x2e, 0x78, 0x79, 0x3b, 0x0a, 0x20, 0x20, // 00 = _486.xy;.  
	0x20, 0x20, 0x20, 0x20, 0x20, 0x20, 0x66, 0x6c, 0x6f, 0x61, 0x74, 0x32, 0x20, 0x5f, 0x35, 0x30, //       float2 _50
	0x33, 0x20, 0x3d, 0x20, 0x5f, 0x6d, 0x74, 0x6c, 0x5f, 0x75, 0x2e, 0x62, 0x67, 0x66, 0x78, 0x5f, // 3 = _mtl_u.bgfx_
	0x6d, 0x69, 0x70, 0x47, 0x65, 0x6e, 0x2e, 0x7a, 0x77, 0x20, 0x2a, 0x20, 0x28, 0x66, 0x6c, 0x6f, // mipGen.zw * (flo
	0x61, 0x74, 0x32, 0x28, 0x5f, 0x35, 0x30, 0x30, 0x29, 0x20, 0x2b, 0x20, 0x66, 0x6c, 0x6f, 0x61, // at2(_500) + floa
	0x74, 0x32, 0x28, 0x30, 0x2e, 0x35, 0x2c, 0x20, 0x30, 0x2e, 0x32, 0x35, 0x29, 0x29, 0x3b, 0x0a, // t2(0.5, 0.25));.
	0x20, 0x20, 0x20, 0x20, 0x20, 0x20, 0x20, 0x20, 0x66, 0x6c, 0x6f, 0x61, 0x74, 0x20, 0x5f, 0x35, //         float _5
	0x30, 0x38, 0x20, 0x3d, 0x20, 0x66, 0x6c, 0x6f, 0x61, 0x74, 0x28, 0x5f, 0x34, 0x39, 0x37, 0x29, // 08 = float(_497)
	0x3b, 0x0a, 0x20, 0x20, 0x20, 0x20, 0x20, 0x20, 0x20, 0x20, 0x66, 0x6c, 0x6f, 0x61, 0x74, 0x33, // ;.        float3
	0x20, 0x5f, 0x35, 0x31, 0x31, 0x20, 0x3d, 0x20, 0x66, 0x6c, 0x6f, 0x61, 0x74, 0x33, 0x28, 0x5f, //  _511 = float3(_
	0x35, 0x30, 0x33, 0x2c, 0x20, 0x5f, 0x35, 0x30, 0x38, 0x29, 0x3b, 0x0a, 0x20, 0x20, 0x20, 0x20, // 503, _508);.    
	0x20, 0x20, 0x20, 0x20, 0x66, 0x6c, 0x6f, 0x61, 0x74, 0x20, 0x5f, 0x35, 0x31, 0x33, 0x20, 0x3d, //     float _513 =
	0x20, 0x66, 0x6c, 0x6f, 0x61, 0x74, 0x28, 0x75, 0x69, 0x6e, 0x74, 0x28, 0x5f, 0x6d, 0x74, 0x6c, //  float(uint(_mtl
	0x5f, 0x75, 0x2e, 0x62, 0x67, 0x66, 0x78, 0x5f, 0x6d, 0x69, 0x70, 0x47, 0x65, 0x6e, 0x2e, 0x78, // _u.bgfx_mipGen.x
	0x29, 0x29, 0x3b, 0x0a, 0x20, 0x20, 0x20, 0x20, 0x20, 0x20, 0x20, 0x20, 0x66, 0x6c, 0x6f, 0x61, // ));.        floa
	0x74, 0x33, 0x20, 0x5f, 0x35, 0x32, 0x33, 0x20, 0x3d, 0x20, 0x66, 0x6c, 0x6f, 0x61, 0x74, 0x33, // t3 _523 = float3
	0x28, 0x5f, 0x35, 0x30, 0x33, 0x20, 0x2b, 0x20, 0x28, 0x5f, 0x6d, 0x74, 0x6c, 0x5f, 0x75, 0x2e, // (_503 + (_mtl_u.
	0x62, 0x67, 0x66, 0x78, 0x5f, 0x6d, 0x69, 0x70, 0x47, 0x65, 0x6e, 0x2e, 0x7a, 0x77, 0x20, 0x2a, // bgfx_mipGen.zw *
	0x20, 0x66, 0x6c, 0x6f, 0x61, 0x74, 0x32, 0x28, 0x30, 0x2e, 0x30, 0x2c, 0x20, 0x30, 0x2e, 0x35, //  float2(0.0, 0.5
	0x29, 0x29, 0x2c, 0x20, 0x5f, 0x35, 0x30, 0x38, 0x29, 0x3b, 0x0a, 0x20, 0x20, 0x20, 0x20, 0x20, // )), _508);.     
	0x20, 0x20, 0x20, 0x66, 0x6c, 0x6f, 0x61, 0x74, 0x34, 0x20, 0x5f, 0x35, 0x32, 0x39, 0x20, 0x3d, //    float4 _529 =
	0x20, 0x28, 0x62, 0x67, 0x66, 0x78, 0x5f, 0x74, 0x65, 0x78, 0x4d, 0x69, 0x70, 0x53, 0x72, 0x63, //  (bgfx_texMipSrc
	0x2e, 0x73, 0x61, 0x6d, 0x70, 0x6c, 0x65, 0x28, 0x62, 0x67, 0x66, 0x78, 0x5f, 0x74, 0x65, 0x78, // .sample(bgfx_tex
	0x4d, 0x69, 0x70, 0x53, 0x72, 0x63, 0x53, 0x61, 0x6d, 0x70, 0x6c, 0x65, 0x72, 0x2c, 0x20, 0x5f, // MipSrcSampler, _
	0x35, 0x31, 0x31, 0x2e, 0x78, 0x79, 0x2c, 0x20, 0x75, 0x69, 0x6e, 0x74, 0x28, 0x72, 0x69, 0x6e, // 511.xy, uint(rin
	0x74, 0x28, 0x5f, 0x35, 0x31, 0x31, 0x2e, 0x7a, 0x29, 0x29, 0x2c, 0x20, 0x6c, 0x65, 0x76, 0x65, // t(_511.z)), leve
	0x6c, 0x28, 0x5f, 0x35, 0x31, 0x33, 0x29, 0x29, 0x20, 0x2b, 0x20, 0x62, 0x67, 0x66, 0x78, 0x5f, // l(_513)) + bgfx_
	0x74, 0x65, 0x78, 0x4d, 0x69, 0x70, 0x53, 0x72, 0x63, 0x2e, 0x73, 0x61, 0x6d, 0x70, 0x6c, 0x65, // texMipSrc.sample
	0x28, 0x62, 0x67, 0x66, 0x78, 0x5f, 0x74, 0x65, 0x78, 0x4d, 0x69, 0x70, 0x53, 0x72, 0x63, 0x53, // (bgfx_texMipSrcS
	0x61, 0x6d, 0x70, 0x6c, 0x65, 0x72, 0x2c, 0x20, 0x5f, 0x35, 0x32, 0x33, 0x2e, 0x78, 0x79, 0x2c, // ampler, _523.xy,
	0x20, 0x75, 0x69, 0x6e, 0x74, 0x28, 0x72, 0x69, 0x6e, 0x74, 0x28, 0x5f, 0x35, 0x32, 0x33, 0x2e, //  uint(rint(_523.
	0x7a, 0x29, 0x29, 0x2c, 0x20, 0x6c, 0x65, 0x76, 0x65, 0x6c, 0x28, 0x5f, 0x35, 0x31, 0x33, 0x29, // z)), level(_513)
	0x29, 0x29, 0x20, 0x2a, 0x20, 0x30, 0x2e, 0x35, 0x3b, 0x0a, 0x20, 0x20, 0x20, 0x20, 0x20, 0x20, // )) * 0.5;.      
	0x20, 0x20, 0x69, 0x6e, 0x74, 0x20, 0x5f, 0x35, 0x33, 0x34, 0x20, 0x3d, 0x20, 0x69, 0x6e, 0x74, //   int _534 = int
	0x28, 0x5f, 0x34, 0x39, 0x37, 0x29, 0x3b, 0x0a, 0x20, 0x20, 0x20, 0x20, 0x20, 0x20, 0x20, 0x20, // (_497);.        
	0x69, 0x6e, 0x74, 0x33, 0x20, 0x5f, 0x35, 0x33, 0x37, 0x20, 0x3d, 0x20, 0x69, 0x6e, 0x74, 0x33, // int3 _537 = int3
	0x28, 0x69, 0x6e, 0x74, 0x32, 0x28, 0x5f, 0x35, 0x30, 0x30, 0x29, 0x2c, 0x20, 0x5f, 0x35, 0x33, // (int2(_500), _53
	0x34, 0x29, 0x3b, 0x0a, 0x20, 0x20, 0x20, 0x20, 0x20, 0x20, 0x20, 0x20, 0x73, 0x5f, 0x69, 0x6d, // 4);.        s_im
	0x67, 0x4d, 0x69, 0x70, 0x31, 0x2e, 0x77, 0x72, 0x69, 0x74, 0x65, 0x28, 0x5f, 0x35, 0x32, 0x39, // gMip1.write(_529
	0x2c, 0x20, 0x75, 0x69, 0x6e, 0x74, 0x32, 0x28, 0x5f, 0x35, 0x33, 0x37, 0x2e, 0x78, 0x79, 0x29, // , uint2(_537.xy)
	0x2c, 0x20, 0x75, 0x69, 0x6e, 0x74, 0x28, 0x5f, 0x35, 0x33, 0x37, 0x2e, 0x7a, 0x29, 0x29, 0x3b, // , uint(_537.z));
	0x0a, 0x20, 0x20, 0x20, 0x20, 0x20, 0x20, 0x20, 0x20, 0x69, 0x66, 0x20, 0x28, 0x5f, 0x34, 0x39, // .        if (_49
	0x32, 0x20, 0x3d, 0x3d, 0x20, 0x31, 0x75, 0x29, 0x0a, 0x20, 0x20, 0x20, 0x20, 0x20, 0x20, 0x20, // 2 == 1u).       
	0x20, 0x7b, 0x0a, 0x20, 0x20, 0x20, 0x20, 0x20, 0x20, 0x20, 0x20, 0x20, 0x20, 0x20, 0x20, 0x62, //  {.            b
	0x72, 0x65, 0x61, 0x6b, 0x3b, 0x0a, 0x20, 0x20, 0x20, 0x20, 0x20, 0x20, 0x20, 0x20, 0x7d, 0x0a, // reak;.        }.
	0x20, 0x20, 0x20, 0x20, 0x20, 0x20, 0x20, 0x20, 0x67, 0x73, 0x5f, 0x52, 0x5b, 0x5f, 0x34, 0x38, //         gs_R[_48
	0x34, 0x5d, 0x20, 0x3d, 0x20, 0x5f, 0x35, 0x32, 0x39, 0x2e, 0x78, 0x3b, 0x0a, 0x20, 0x20, 0x20, // 4] = _529.x;.   
	0x20, 0x20, 0x20, 0x20, 0x20, 0x67, 0x73, 0x5f, 0x47, 0x5b, 0x5f, 0x34, 0x38, 0x34, 0x5d, 0x20, //      gs_G[_484] 
	0x3d, 0x20, 0x5f, 0x35, 0x32, 0x39, 0x2e, 0x79, 0x3b, 0x0a, 0x20, 0x20, 0x20, 0x20, 0x20, 0x20, // = _529.y;.      
	0x20, 0x20, 0x67, 0x73, 0x5f, 0x42, 0x5b, 0x5f, 0x34, 0x38, 0x34, 0x5d, 0x20, 0x3d, 0x20, 0x5f, //   gs_B[_484] = _
	0x35, 0x32, 0x39, 0x2e, 0x7a, 0x3b, 0x0a, 0x20, 0x20, 0x20, 0x20, 0x20, 0x20, 0x20, 0x20, 0x67, // 529.z;.        g
	0x73, 0x5f, 0x41, 0x5b, 0x5f, 0x34, 0x38, 0x34, 0x5d, 0x20, 0x3d, 0x20, 0x5f, 0x35, 0x32, 0x39, // s_A[_484] = _529
	0x2e, 0x77, 0x3b, 0x0a, 0x20, 0x20, 0x20, 0x20, 0x20, 0x20, 0x20, 0x20, 0x74, 0x68, 0x72, 0x65, // .w;.        thre
	0x61, 0x64, 0x67, 0x72, 0x6f, 0x75, 0x70, 0x5f, 0x62, 0x61, 0x72, 0x72, 0x69, 0x65, 0x72, 0x28, // adgroup_barrier(
	0x6d, 0x65, 0x6d, 0x5f, 0x66, 0x6c, 0x61, 0x67, 0x73, 0x3a, 0x3a, 0x6d, 0x65, 0x6d, 0x5f, 0x74, // mem_flags::mem_t
	0x68, 0x72, 0x65, 0x61, 0x64, 0x67, 0x72, 0x6f, 0x75, 0x70, 0x29, 0x3b, 0x0a, 0x20, 0x20, 0x20, // hreadgroup);.   
	0x20, 0x20, 0x20, 0x20, 0x20, 0x66, 0x6c, 0x6f, 0x61, 0x74, 0x34, 0x20, 0x5f, 0x39, 0x32, 0x31, //      float4 _921
	0x3b, 0x0a, 0x20, 0x20, 0x20, 0x20, 0x20, 0x20, 0x20, 0x20, 0x69, 0x66, 0x20, 0x28, 0x28, 0x5f, // ;.        if ((_
	0x34, 0x38, 0x34, 0x20, 0x26, 0x20, 0x39, 0x75, 0x29, 0x20, 0x3d, 0x3d, 0x20, 0x30, 0x75, 0x29, // 484 & 9u) == 0u)
	0x0a, 0x20, 0x20, 0x20, 0x20, 0x20, 0x20, 0x20, 0x20, 0x7b, 0x0a, 0x20, 0x20, 0x20, 0x20, 0x20, // .        {.     
	0x20, 0x20, 0x20, 0x20, 0x20, 0x20, 0x20, 0x75, 0x69, 0x6e, 0x74, 0x20, 0x5f, 0x35, 0x35, 0x33, //        uint _553
	0x20, 0x3d, 0x20, 0x5f, 0x34, 0x38, 0x34, 0x20, 0x2b, 0x20, 0x31, 0x75, 0x3b, 0x0a, 0x20, 0x20, //  = _484 + 1u;.  
	0x20, 0x20, 0x20, 0x20, 0x20, 0x20, 0x20, 0x20, 0x20, 0x20, 0x66, 0x6c, 0x6f, 0x61, 0x74, 0x20, //           float 
	0x5f, 0x37, 0x31, 0x34, 0x20, 0x3d, 0x20, 0x67, 0x73, 0x5f, 0x52, 0x5b, 0x5f, 0x35, 0x35, 0x33, // _714 = gs_R[_553
	0x5d, 0x3b, 0x0a, 0x20, 0x20, 0x20, 0x20, 0x20, 0x20, 0x20, 0x20, 0x20, 0x20, 0x20, 0x20, 0x66, // ];.            f
	0x6c, 0x6f, 0x61, 0x74, 0x20, 0x5f, 0x37, 0x31, 0x37, 0x20, 0x3d, 0x20, 0x67, 0x73, 0x5f, 0x47, // loat _717 = gs_G
	0x5b, 0x5f, 0x35, 0x35, 0x33, 0x5d, 0x3b, 0x0a, 0x20, 0x20, 0x20, 0x20, 0x20, 0x20, 0x20, 0x20, // [_553];.        
	0x20, 0x20, 0x20, 0x20, 0x66, 0x6c, 0x6f, 0x61, 0x74, 0x20, 0x5f, 0x37, 0x32, 0x30, 0x20, 0x3d, //     float _720 =
	0x20, 0x67, 0x73, 0x5f, 0x42, 0x5b, 0x5f, 0x35, 0x35, 0x33, 0x5d, 0x3b, 0x0a, 0x20, 0x20, 0x20, //  gs_B[_553];.   
	0x20, 0x20, 0x20, 0x20, 0x20, 0x20, 0x20, 0x20, 0x20, 0x66, 0x6c, 0x6f, 0x61, 0x74, 0x20, 0x5f, //          float _
	0x37, 0x32, 0x33, 0x20, 0x3d, 0x20, 0x67, 0x73, 0x5f, 0x41, 0x5b, 0x5f, 0x35, 0x35, 0x33, 0x5d, // 723 = gs_A[_553]
	0x3b, 0x0a, 0x20, 0x20, 0x20, 0x20, 0x20, 0x20, 0x20, 0x20, 0x20, 0x20, 0x20, 0x20, 0x75, 0x69, // ;.            ui
	0x6e, 0x74, 0x20, 0x5f, 0x35, 0x35, 0x36, 0x20, 0x3d, 0x20, 0x5f, 0x34, 0x38, 0x34, 0x20, 0x2b, // nt _556 = _484 +
	0x20, 0x38, 0x75, 0x3b, 0x0a, 0x20, 0x20, 0x20, 0x20, 0x20, 0x20, 0x20, 0x20, 0x20, 0x20, 0x20, //  8u;.           
	0x20, 0x66, 0x6c, 0x6f, 0x61, 0x74, 0x20, 0x5f, 0x37, 0x32, 0x39, 0x20, 0x3d, 0x20, 0x67, 0x73, //  float _729 = gs
	0x5f, 0x52, 0x5b, 0x5f, 0x35, 0x35, 0x36, 0x5d, 0x3b, 0x0a, 0x20, 0x20, 0x20, 0x20, 0x20, 0x20, // _R[_556];.      
	0x20, 0x20, 0x20, 0x20, 0x20, 0x20, 0x66, 0x6c, 0x6f, 0x61, 0x74, 0x20, 0x5f, 0x37, 0x33, 0x32, //       float _732
	0x20, 0x3d, 0x20, 0x67, 0x73, 0x5f, 0x47, 0x5b, 0x5f, 0x35, 0x35, 0x36, 0x5d, 0x3b, 0x0a, 0x20, //  = gs_G[_556];. 
	0x20, 0x20, 0x20, 0x20, 0x20, 0x20, 0x20, 0x20, 0x20, 0x20, 0x20, 0x66, 0x6c, 0x6f, 0x61, 0x74, //            float
	0x20, 0x5f, 0x37, 0x33, 0x35, 0x20, 0x3d, 0x20, 0x67, 0x73, 0x5f, 0x42, 0x5b, 0x5f, 0x35, 0x35, //  _735 = gs_B[_55
	0x36, 0x5d, 0x3b, 0x0a, 0x20, 0x20, 0x20, 0x20, 0x20, 0x20, 0x20, 0x20, 0x20, 0x20, 0x20, 0x20, // 6];.            
	0x66, 0x6c, 0x6f, 0x61, 0x74, 0x20, 0x5f, 0x37, 0x33, 0x38, 0x20, 0x3d, 0x20, 0x67, 0x73, 0x5f, // float _738 = gs_
	0x41, 0x5b, 0x5f, 0x35, 0x35, 0x36, 0x5d, 0x3b, 0x0a, 0x20, 0x20, 0x20, 0x20, 0x20, 0x20, 0x20, // A[_556];.       
	0x20, 0x20, 0x20, 0x20, 0x20, 0x75, 0x69, 0x6e, 0x74, 0x20, 0x5f, 0x35, 0x35, 0x39, 0x20, 0x3d, //      uint _559 =
	0x20, 0x5f, 0x34, 0x38, 0x34, 0x20, 0x2b, 0x20, 0x39, 0x75, 0x3b, 0x0a, 0x20, 0x20, 0x20, 0x20, //  _484 + 9u;.    
	0x20, 0x20, 0x20, 0x20, 0x20, 0x20, 0x20, 0x20, 0x66, 0x6c, 0x6f, 0x61, 0x74, 0x20, 0x5f, 0x37, //         float _7
	0x34, 0x34, 0x20, 0x3d, 0x20, 0x67, 0x73, 0x5f, 0x52, 0x5b, 0x5f, 0x35, 0x35, 0x39, 0x5d, 0x3b, // 44 = gs_R[_559];
	0x0a, 0x20, 0x20, 0x20, 0x20, 0x20, 0x20, 0x20, 0x20, 0x20, 0x20, 0x20, 0x20, 0x66, 0x6c, 0x6f, // .            flo
	0x61, 0x74, 0x20, 0x5f, 0x37, 0x34, 0x37, 0x20, 0x3d, 0x20, 0x67, 0x73, 0x5f, 0x47, 0x5b, 0x5f, // at _747 = gs_G[_
	0x35, 0x35, 0x39, 0x5d, 0x3b, 0x0a, 0x20, 0x20, 0x20, 0x20, 0x20, 0x20, 0x20, 0x20, 0x20, 0x20, // 559];.          
	0x20, 0x20, 0x66, 0x6c, 0x6f, 0x61, 0x74, 0x20, 0x5f, 0x37, 0x35, 0x30, 0x20, 0x3d, 0x20, 0x67, //   float _750 = g
	0x73, 0x5f, 0x42, 0x5b, 0x5f, 0x35, 0x35, 0x39, 0x5d, 0x3b, 0x0a, 0x20, 0x20, 0x20, 0x20, 0x20, // s_B[_559];.     
	0x20, 0x20, 0x20, 0x20, 0x20, 0x20, 0x20, 0x66, 0x6c, 0x6f, 0x61, 0x74, 0x20, 0x5f, 0x37, 0x35, //        float _75
	0x33, 0x20, 0x3d, 0x20, 0x67, 0x73, 0x5f, 0x41, 0x5b, 0x5f, 0x35, 0x35, 0x39, 0x5d, 0x3b, 0x0a, // 3 = gs_A[_559];.
	0x20, 0x20, 0x20, 0x20, 0x20, 0x20, 0x20, 0x20, 0x20, 0x20, 0x20, 0x20, 0x66, 0x6c, 0x6f, 0x61, //             floa
	0x74, 0x34, 0x20, 0x5f, 0x35, 0x36, 0x38, 0x20, 0x3d, 0x20, 0x28, 0x28, 0x28, 0x5f, 0x35, 0x32, // t4 _568 = (((_52
	0x39, 0x20, 0x2b, 0x20, 0x66, 0x6c, 0x6f, 0x61, 0x74, 0x34, 0x28, 0x5f, 0x37, 0x31, 0x34, 0x2c, // 9 + float4(_714,
	0x20, 0x5f, 0x37, 0x31, 0x37, 0x2c, 0x20, 0x5f, 0x37, 0x32, 0x30, 0x2c, 0x20, 0x5f, 0x37, 0x32, //  _717, _720, _72
	0x33, 0x29, 0x29, 0x20, 0x2b, 0x20, 0x66, 0x6c, 0x6f, 0x61, 0x74, 0x34, 0x28, 0x5f, 0x37, 0x32, // 3)) + float4(_72
	0x39, 0x2c, 0x20, 0x5f, 0x37, 0x33, 0x32, 0x2c, 0x20, 0x5f, 0x37, 0x33, 0x35, 0x2c, 0x20, 0x5f, // 9, _732, _735, _
	0x37, 0x33, 0x38, 0x29, 0x29, 0x20, 0x2b, 0x20, 0x66, 0x6c, 0x6f, 0x61, 0x74, 0x34, 0x28, 0x5f, // 738)) + float4(_
	0x37, 0x34, 0x34, 0x2c, 0x20, 0x5f, 0x37, 0x34, 0x37, 0x2c, 0x20, 0x5f, 0x37, 0x35, 0x30, 0x2c, // 744, _747, _750,
	0x20, 0x5f, 0x37, 0x35, 0x33, 0x29, 0x29, 0x20, 0x2a, 0x20, 0x30, 0x2e, 0x32, 0x35, 0x3b, 0x0a, //  _753)) * 0.25;.
	0x20, 0x20, 0x20, 0x20, 0x20, 0x20, 0x20, 0x20, 0x20, 0x20, 0x20, 0x20, 0x69, 0x6e, 0x74, 0x33, //             int3
	0x20, 0x5f, 0x35, 0x37, 0x38, 0x20, 0x3d, 0x20, 0x69, 0x6e, 0x74, 0x33, 0x28, 0x69, 0x6e, 0x74, //  _578 = int3(int
	0x32, 0x28, 0x5f, 0x35, 0x30, 0x30, 0x20, 0x2f, 0x20, 0x75, 0x69, 0x6e, 0x74, 0x32, 0x28, 0x32, // 2(_500 / uint2(2
	0x75, 0x29, 0x29, 0x2c, 0x20, 0x5f, 0x35, 0x33, 0x34, 0x29, 0x3b, 0x0a, 0x20, 0x20, 0x20, 0x20, // u)), _534);.    
	0x20, 0x20, 0x20, 0x20, 0x20, 0x20, 0x20, 0x20, 0x73, 0x5f, 0x69, 0x6d, 0x67, 0x4d, 0x69, 0x70, //         s_imgMip
	0x32, 0x2e, 0x77, 0x72, 0x69, 0x74, 0x65, 0x28, 0x5f, 0x35, 0x36, 0x38, 0x2c, 0x20, 0x75, 0x69, // 2.write(_568, ui
	0x6e, 0x74, 0x32, 0x28, 0x5f, 0x35, 0x37, 0x38, 0x2e, 0x78, 0x79, 0x29, 0x2c, 0x20, 0x75, 0x69, // nt2(_578.xy), ui
	0x6e, 0x74, 0x28, 0x5f, 0x35, 0x37, 0x38, 0x2e, 0x7a, 0x29, 0x29, 0x3b, 0x0a, 0x20, 0x20, 0x20, // nt(_578.z));.   
	0x20, 0x20, 0x20, 0x20, 0x20, 0x20, 0x20, 0x20, 0x20, 0x67, 0x73, 0x5f, 0x52, 0x5b, 0x5f, 0x34, //          gs_R[_4
	0x38, 0x34, 0x5d, 0x20, 0x3d, 0x20, 0x5f, 0x35, 0x36, 0x38, 0x2e, 0x78, 0x3b, 0x0a, 0x20, 0x20, // 84] = _568.x;.  
	0x20, 0x20, 0x20, 0x20, 0x20, 0x20, 0x20, 0x20, 0x20, 0x20, 0x67, 0x73, 0x5f, 0x47, 0x5b, 0x5f, //           gs_G[_
	0x34, 0x38, 0x34, 0x5d, 0x20, 0x3d, 0x20, 0x5f, 0x35, 0x36, 0x38, 0x2e, 0x79, 0x3b, 0x0a, 0x20, // 484] = _568.y;. 
	0x20, 0x20, 0x20, 0x20, 0x20, 0x20, 0x20, 0x20, 0x20, 0x20, 0x20, 0x67, 0x73, 0x5f, 0x42, 0x5b, //            gs_B[
	0x5f, 0x34, 0x38, 0x34, 0x5d, 0x20, 0x3d, 0x20, 0x5f, 0x35, 0x36, 0x38, 0x2e, 0x7a, 0x3b, 0x0a, // _484] = _568.z;.
	0x20, 0x20, 0x20, 0x20, 0x20, 0x20, 0x20, 0x20, 0x20, 0x20, 0x20, 0x20, 0x67, 0x73, 0x5f, 0x41, //             gs_A
	0x5b, 0x5f, 0x34, 0x38, 0x34, 0x5d, 0x20, 0x3d, 0x20, 0x5f, 0x35, 0x36, 0x38, 0x2e, 0x77, 0x3b, // [_484] = _568.w;
	0x0a, 0x20, 0x20, 0x20, 0x20, 0x20, 0x20, 0x20, 0x20, 0x20, 0x20, 0x20, 0x20, 0x5f, 0x39, 0x32, // .            _92
	0x31, 0x20, 0x3d, 0x20, 0x5f, 0x35, 0x36, 0x38, 0x3b, 0x0a, 0x20, 0x20, 0x20, 0x20, 0x20, 0x20, // 1 = _568;.      
	0x20, 0x20, 0x7d, 0x0a, 0x20, 0x20, 0x20, 0x20, 0x20, 0x20, 0x20, 0x20, 0x65, 0x6c, 0x73, 0x65, //   }.        else
	0x0a, 0x20, 0x20, 0x20, 0x20, 0x20, 0x20, 0x20, 0x20, 0x7b, 0x0a, 0x20, 0x20, 0x20, 0x20, 0x20, // .        {.     
	0x20, 0x20, 0x20, 0x20, 0x20, 0x20, 0x20, 0x5f, 0x39, 0x32, 0x31, 0x20, 0x3d, 0x20, 0x5f, 0x35, //        _921 = _5
	0x32, 0x39, 0x3b, 0x0a, 0x20, 0x20, 0x20, 0x20, 0x20, 0x20, 0x20, 0x20, 0x7d, 0x0a, 0x20, 0x20, // 29;.        }.  
	0x20, 0x20, 0x20, 0x20, 0x20, 0x20, 0x69, 0x66, 0x20, 0x28, 0x5f, 0x34, 0x39, 0x32, 0x20, 0x3d, //       if (_492 =
	0x3d, 0x20, 0x32, 0x75, 0x29, 0x0a, 0x20, 0x20, 0x20, 0x20, 0x20, 0x20, 0x20, 0x20, 0x7b, 0x0a, // = 2u).        {.
	0x20, 0x20, 0x20, 0x20, 0x20, 0x20, 0x20, 0x20, 0x20, 0x20, 0x20, 0x20, 0x62, 0x72, 0x65, 0x61, //             brea
	0x6b, 0x3b, 0x0a, 0x20, 0x20, 0x20, 0x20, 0x20, 0x20, 0x20, 0x20, 0x7d, 0x0a, 0x20, 0x20, 0x20, // k;.        }.   
	0x20, 0x20, 0x20, 0x20, 0x20, 0x74, 0x68, 0x72, 0x65, 0x61, 0x64, 0x67, 0x72, 0x6f, 0x75, 0x70, //      threadgroup
	0x5f, 0x62, 0x61, 0x72, 0x72, 0x69, 0x65, 0x72, 0x28, 0x6d, 0x65, 0x6d, 0x5f, 0x66, 0x6c, 0x61, // _barrier(mem_fla
	0x67, 0x73, 0x3a, 0x3a, 0x6d, 0x65, 0x6d, 0x5f, 0x74, 0x68, 0x72, 0x65, 0x61, 0x64, 0x67, 0x72, // gs::mem_threadgr
	0x6f, 0x75, 0x70, 0x29, 0x3b, 0x0a, 0x20, 0x20, 0x20, 0x20, 0x20, 0x20, 0x20, 0x20, 0x66, 0x6c, // oup);.        fl
	0x6f, 0x61, 0x74, 0x34, 0x20, 0x5f, 0x39, 0x32, 0x32, 0x3b, 0x0a, 0x20, 0x20, 0x20, 0x20, 0x20, // oat4 _922;.     
	0x20, 0x20, 0x20, 0x69, 0x66, 0x20, 0x28, 0x28, 0x5f, 0x34, 0x38, 0x34, 0x20, 0x26, 0x20, 0x32, //    if ((_484 & 2
	0x37, 0x75, 0x29, 0x20, 0x3d, 0x3d, 0x20, 0x30, 0x75, 0x29, 0x0a, 0x20, 0x20, 0x20, 0x20, 0x20, // 7u) == 0u).     
	0x20, 0x20, 0x20, 0x7b, 0x0a, 0x20, 0x20, 0x20, 0x20, 0x20, 0x20, 0x20, 0x20, 0x20, 0x20, 0x20, //    {.           
	0x20, 0x75, 0x69, 0x6e, 0x74, 0x20, 0x5f, 0x35, 0x39, 0x35, 0x20, 0x3d, 0x20, 0x5f, 0x34, 0x38, //  uint _595 = _48
	0x34, 0x20, 0x2b, 0x20, 0x32, 0x75, 0x3b, 0x0a, 0x20, 0x20, 0x20, 0x20, 0x20, 0x20, 0x20, 0x20, // 4 + 2u;.        
	0x20, 0x20, 0x20, 0x20, 0x66, 0x6c, 0x6f, 0x61, 0x74, 0x20, 0x5f, 0x37, 0x38, 0x32, 0x20, 0x3d, //     float _782 =
	0x20, 0x67, 0x73, 0x5f, 0x52, 0x5b, 0x5f, 0x35, 0x39, 0x35, 0x5d, 0x3b, 0x0a, 0x20, 0x20, 0x20, //  gs_R[_595];.   
	0x20, 0x20, 0x20, 0x20, 0x20, 0x20, 0x20, 0x20, 0x20, 0x66, 0x6c, 0x6f, 0x61, 0x74, 0x20, 0x5f, //          float _
	0x37, 0x38, 0x35, 0x20, 0x3d, 0x20, 0x67, 0x73, 0x5f, 0x47, 0x5b, 0x5f, 0x35, 0x39, 0x35, 0x5d, // 785 = gs_G[_595]
	0x3b, 0x0a, 0x20, 0x20, 0x20, 0x20, 0x20, 0x20, 0x20, 0x20, 0x20, 0x20, 0x20, 0x20, 0x66, 0x6c, // ;.            fl
	0x6f, 0x61, 0x74, 0x20, 0x5f, 0x37, 0x38, 0x38, 0x20, 0x3d, 0x20, 0x67, 0x73, 0x5f, 0x42, 0x5b, // oat _788 = gs_B[
	0x5f, 0x35, 0x39, 0x35, 0x5d, 0x3b, 0x0a, 0x20, 0x20, 0x20, 0x20, 0x20, 0x20, 0x20, 0x20, 0x20, // _595];.         
	0x20, 0x20, 0x20, 0x66, 0x6c, 0x6f, 0x61, 0x74, 0x20, 0x5f, 0x37, 0x39, 0x31, 0x20, 0x3d, 0x20, //    float _791 = 
	0x67, 0x73, 0x5f, 0x41, 0x5b, 0x5f, 0x35, 0x39, 0x35, 0x5d, 0x3b, 0x0a, 0x20, 0x20, 0x20, 0x20, // gs_A[_595];.    
	0x20, 0x20, 0x20, 0x20, 0x20, 0x20, 0x20, 0x20, 0x75, 0x69, 0x6e, 0x74, 0x20, 0x5f, 0x35, 0x39, //         uint _59
	0x38, 0x20, 0x3d, 0x20, 0x5f, 0x34, 0x38, 0x34, 0x20, 0x2b, 0x20, 0x31, 0x36, 0x75, 0x3b, 0x0a, // 8 = _484 + 16u;.
	0x20, 0x20, 0x20, 0x20, 0x20, 0x20, 0x20, 0x20, 0x20, 0x20, 0x20, 0x20, 0x66, 0x6c, 0x6f, 0x61, //             floa
	0x74, 0x20, 0x5f, 0x37, 0x39, 0x37, 0x20, 0x3d, 0x20, 0x67, 0x73, 0x5f, 0x52, 0x5b, 0x5f, 0x35, // t _797 = gs_R[_5
	0x39, 0x38, 0x5d, 0x3b, 0x0a, 0x20, 0x20, 0x20, 0x20, 0x20, 0x20, 0x20, 0x20, 0x20, 0x20, 0x20, // 98];.           
	0x20, 0x66, 0x6c, 0x6f, 0x61, 0x74, 0x20, 0x5f, 0x38, 0x30, 0x30, 0x20, 0x3d, 0x20, 0x67, 0x73, //  float _800 = gs
	0x5f, 0x47, 0x5b, 0x5f, 0x35, 0x39, 0x38, 0x5d, 0x3b, 0x0a, 0x20, 0x20, 0x20, 0x20, 0x20, 0x20, // _G[_598];.      
	0x20, 0x20, 0x20, 0x20, 0x20, 0x20, 0x66, 0x6c, 0x6f, 0x61, 0x74, 0x20, 0x5f, 0x38, 0x30, 0x33, //       float _803
	0x20, 0x3d, 0x20, 0x67, 0x73, 0x5f, 0x42, 0x5b, 0x5f, 0x35, 0x39, 0x38, 0x5d, 0x3b, 0x0a, 0x20, //  = gs_B[_598];. 
	0x20, 0x20, 0x20, 0x20, 0x20, 0x20, 0x20, 0x20, 0x20, 0x20, 0x20, 0x66, 0x6c, 0x6f, 0x61, 0x74, //            float
	0x20, 0x5f, 0x38, 0x30, 0x36, 0x20, 0x3d, 0x20, 0x67, 0x73, 0x5f, 0x41, 0x5b, 0x5f, 0x35, 0x39, //  _806 = gs_A[_59
	0x38, 0x5d, 0x3b, 0x0a, 0x20, 0x20, 0x20, 0x20, 0x20, 0x20, 0x20, 0x20, 0x20, 0x20, 0x20, 0x20, // 8];.            
	0x75, 0x69, 0x6e, 0x74, 0x20, 0x5f, 0x36, 0x30, 0x31, 0x20, 0x3d, 0x20, 0x5f, 0x34, 0x38, 0x34, // uint _601 = _484
	0x20, 0x2b, 0x20, 0x31, 0x38, 0x75, 0x3b, 0x0a, 0x20, 0x20, 0x20, 0x20, 0x20, 0x20, 0x20, 0x20, //  + 18u;.        
	0x20, 0x20, 0x20, 0x20, 0x66, 0x6c, 0x6f, 0x61, 0x74, 0x20, 0x5f, 0x38, 0x31, 0x32, 0x20, 0x3d, //     float _812 =
	0x20, 0x67, 0x73, 0x5f, 0x52, 0x5b, 0x5f, 0x36, 0x30, 0x31, 0x5d, 0x3b, 0x0a, 0x20, 0x20, 0x20, //  gs_R[_601];.   
	0x20, 0x20, 0x20, 0x20, 0x20, 0x20, 0x20, 0x20, 0x20, 0x66, 0x6c, 0x6f, 0x61, 0x74, 0x20, 0x5f, //          float _
	0x38, 0x31, 0x35, 0x20, 0x3d, 0x20, 0x67, 0x73, 0x5f, 0x47, 0x5b, 0x5f, 0x36, 0x30, 0x31, 0x5d, // 815 = gs_G[_601]
	0x3b, 0x0a, 0x20, 0x20, 0x20, 0x20, 0x20, 0x20, 0x20, 0x20, 0x20, 0x20, 0x20, 0x20, 0x66, 0x6c, // ;.            fl
	0x6f, 0x61, 0x74, 0x20, 0x5f, 0x38, 0x31, 0x38, 0x20, 0x3d, 0x20, 0x67, 0x73, 0x5f, 0x42, 0x5b, // oat _818 = gs_B[
	0x5f, 0x36, 0x30, 0x31, 0x5d, 0x3b, 0x0a, 0x20, 0x20, 0x20, 0x20, 0x20, 0x20, 0x20, 0x20, 0x20, // _601];.         
	0x20, 0x20, 0x20, 0x66, 0x6c, 0x6f, 0x61, 0x74, 0x20, 0x5f, 0x38, 0x32, 0x31, 0x20, 0x3d, 0x20, //    float _821 = 
	0x67, 0x73, 0x5f, 0x41, 0x5b, 0x5f, 0x36, 0x30, 0x31, 0x5d, 0x3b, 0x0a, 0x20, 0x20, 0x20, 0x20, // gs_A[_601];.    
	0x20, 0x20, 0x20, 0x20, 0x20, 0x20, 0x20, 0x20, 0x66, 0x6c, 0x6f, 0x61, 0x74, 0x34, 0x20, 0x5f, //         float4 _
	0x36, 0x31, 0x30, 0x20, 0x3d, 0x20, 0x28, 0x28, 0x28, 0x5f, 0x39, 0x32, 0x31, 0x20, 0x2b, 0x20, // 610 = (((_921 + 
	0x66, 0x6c, 0x6f, 0x61, 0x74, 0x34, 0x28, 0x5f, 0x37, 0x38, 0x32, 0x2c, 0x20, 0x5f, 0x37, 0x38, // float4(_782, _78
	0x35, 0x2c, 0x20, 0x5f, 0x37, 0x38, 0x38, 0x2c, 0x20, 0x5f, 0x37, 0x39, 0x31, 0x29, 0x29, 0x20, // 5, _788, _791)) 
	0x2b, 0x20, 0x66, 0x6c, 0x6f, 0x61, 0x74, 0x34, 0x28, 0x5f, 0x37, 0x39, 0x37, 0x2c, 0x20, 0x5f, // + float4(_797, _
	0x38, 0x30, 0x30, 0x2c, 0x20, 0x5f, 0x38, 0x30, 0x33, 0x2c, 0x20, 0x5f, 0x38, 0x30, 0x36, 0x29, // 800, _803, _806)
	0x29, 0x20, 0x2b, 0x20, 0x66, 0x6c, 0x6f, 0x61, 0x74, 0x34, 0x28, 0x5f, 0x38, 0x31, 0x32, 0x2c, // ) + float4(_812,
	0x20, 0x5f, 0x38, 0x31, 0x35, 0x2c, 0x20, 0x5f, 0x38, 0x31, 0x38, 0x2c, 0x20, 0x5f, 0x38, 0x32, //  _815, _818, _82
	0x31, 0x29, 0x29, 0x20, 0x2a, 0x20, 0x30, 0x2e, 0x32, 0x35, 0x3b, 0x0a, 0x20, 0x20, 0x20, 0x20, // 1)) * 0.25;.    
	0x20, 0x20, 0x20, 0x20, 0x20, 0x20, 0x20, 0x20, 0x69, 0x6e, 0x74, 0x33, 0x20, 0x5f, 0x36, 0x32, //         int3 _62
	0x30, 0x20, 0x3d, 0x20, 0x69, 0x6e, 0x74, 0x33, 0x28, 0x69, 0x6e, 0x74, 0x32, 0x28, 0x5f, 0x35, // 0 = int3(int2(_5
	0x30, 0x30, 0x20, 0x2f, 0x20, 0x75, 0x69, 0x6e, 0x74, 0x32, 0x28, 0x34, 0x75, 0x29, 0x29, 0x2c, // 00 / uint2(4u)),
	0x20, 0x5f, 0x35, 0x33, 0x34, 0x29, 0x3b, 0x0a, 0x20, 0x20, 0x20, 0x20, 0x20, 0x20, 0x20, 0x20, //  _534);.        
	0x20, 0x20, 0x20, 0x20, 0x73, 0x5f, 0x69, 0x6d, 0x67, 0x4d, 0x69, 0x70, 0x33, 0x2e, 0x77, 0x72, //     s_imgMip3.wr
	0x69, 0x74, 0x65, 0x28, 0x5f, 0x36, 0x31, 0x30, 0x2c, 0x20, 0x75, 0x69, 0x6e, 0x74, 0x32, 0x28, // ite(_610, uint2(
	0x5f, 0x36, 0x32, 0x30, 0x2e, 0x78, 0x79, 0x29, 0x2c, 0x20, 0x75, 0x69, 0x6e, 0x74, 0x28, 0x5f, // _620.xy), uint(_
	0x36, 0x32, 0x30, 0x2e, 0x7a, 0x29, 0x29, 0x3b, 0x0a, 0x20, 0x20, 0x20, 0x20, 0x20, 0x20, 0x20, // 620.z));.       
	0x20, 0x20, 0x20, 0x20, 0x20, 0x67, 0x73, 0x5f, 0x52, 0x5b, 0x5f, 0x34, 0x38, 0x34, 0x5d, 0x20, //      gs_R[_484] 
	0x3d, 0x20, 0x5f, 0x36, 0x31, 0x30, 0x2e, 0x78, 0x3b, 0x0a, 0x20, 0x20, 0x20, 0x20, 0x20, 0x20, // = _610.x;.      
	0x20, 0x20, 0x20, 0x20, 0x20, 0x20, 0x67, 0x73, 0x5f, 0x47, 0x5b, 0x5f, 0x34, 0x38, 0x34, 0x5d, //       gs_G[_484]
	0x20, 0x3d, 0x20, 0x5f, 0x36, 0x31, 0x30, 0x2e, 0x79, 0x3b, 0x0a, 0x20, 0x20, 0x20, 0x20, 0x20, //  = _610.y;.     
	0x20, 0x20, 0x20, 0x20, 0x20, 0x20, 0x20, 0x67, 0x73, 0x5f, 0x42, 0x5b, 0x5f, 0x34, 0x38, 0x34, //        gs_B[_484
	0x5d, 0x20, 0x3d, 0x20, 0x5f, 0x36, 0x31, 0x30, 0x2e, 0x7a, 0x3b, 0x0a, 0x20, 0x20, 0x20, 0x20, // ] = _610.z;.    
	0x20, 0x20, 0x20, 0x20, 0x20, 0x20, 0x20, 0x20, 0x67, 0x73, 0x5f, 0x41, 0x5b, 0x5f, 0x34, 0x38, //         gs_A[_48
	0x34, 0x5d, 0x20, 0x3d, 0x20, 0x5f, 0x36, 0x31, 0x30, 0x2e, 0x77, 0x3b, 0x0a, 0x20, 0x20, 0x20, // 4] = _610.w;.   
	0x20, 0x20, 0x20, 0x20, 0x20, 0x20, 0x20, 0x20, 0x20, 0x5f, 0x39, 0x32, 0x32, 0x20, 0x3d, 0x20, //          _922 = 
	0x5f, 0x36, 0x31, 0x30, 0x3b, 0x0a, 0x20, 0x20, 0x20, 0x20, 0x20, 0x20, 0x20, 0x20, 0x7d, 0x0a, // _610;.        }.
	0x20, 0x20, 0x20, 0x20, 0x20, 0x20, 0x20, 0x20, 0x65, 0x6c, 0x73, 0x65, 0x0a, 0x20, 0x20, 0x20, //         else.   
	0x20, 0x20, 0x20, 0x20, 0x20, 0x7b, 0x0a, 0x20, 0x20, 0x20, 0x20, 0x20, 0x20, 0x20, 0x20, 0x20, //      {.         
	0x20, 0x20, 0x20, 0x5f, 0x39, 0x32, 0x32, 0x20, 0x3d, 0x20, 0x5f, 0x39, 0x32, 0x31, 0x3b, 0x0a, //    _922 = _921;.
	0x20, 0x20, 0x20, 0x20, 0x20, 0x20, 0x20, 0x20, 0x7d, 0x0a, 0x20, 0x20, 0x20, 0x20, 0x20, 0x20, //         }.      
	0x20, 0x20, 0x69, 0x66, 0x20, 0x28, 0x5f, 0x34, 0x39, 0x32, 0x20, 0x3d, 0x3d, 0x20, 0x33, 0x75, //   if (_492 == 3u
	0x29, 0x0a, 0x20, 0x20, 0x20, 0x20, 0x20, 0x20, 0x20, 0x20, 0x7b, 0x0a, 0x20, 0x20, 0x20, 0x20, // ).        {.    
	0x20, 0x20, 0x20, 0x20, 0x20, 0x20, 0x20, 0x20, 0x62, 0x72, 0x65, 0x61, 0x6b, 0x3b, 0x0a, 0x20, //         break;. 
	0x20, 0x20, 0x20, 0x20, 0x20, 0x20, 0x20, 0x7d, 0x0a, 0x20, 0x20, 0x20, 0x20, 0x20, 0x20, 0x20, //        }.       
	0x20, 0x74, 0x68, 0x72, 0x65, 0x61, 0x64, 0x67, 0x72, 0x6f, 0x75, 0x70, 0x5f, 0x62, 0x61, 0x72, //  threadgroup_bar
	0x72, 0x69, 0x65, 0x72, 0x28, 0x6d, 0x65, 0x6d, 0x5f, 0x66, 0x6c, 0x61, 0x67, 0x73, 0x3a, 0x3a, // rier(mem_flags::
	0x6d, 0x65, 0x6d, 0x5f, 0x74, 0x68, 0x72, 0x65, 0x61, 0x64, 0x67, 0x72, 0x6f, 0x75, 0x70, 0x29, // mem_threadgroup)
	0x3b, 0x0a, 0x20, 0x20, 0x20, 0x20, 0x20, 0x20, 0x20, 0x20, 0x69, 0x66, 0x20, 0x28, 0x5f, 0x34, // ;.        if (_4
	0x38, 0x34, 0x20, 0x3d, 0x3d, 0x20, 0x30, 0x75, 0x29, 0x0a, 0x20, 0x20, 0x20, 0x20, 0x20, 0x20, // 84 == 0u).      
	0x20, 0x20, 0x7b, 0x0a, 0x20, 0x20, 0x20, 0x20, 0x20, 0x20, 0x20, 0x20, 0x20, 0x20, 0x20, 0x20, //   {.            
	0x75, 0x69, 0x6e, 0x74, 0x20, 0x5f, 0x36, 0x33, 0x36, 0x20, 0x3d, 0x20, 0x5f, 0x34, 0x38, 0x34, // uint _636 = _484
	0x20, 0x2b, 0x20, 0x34, 0x75, 0x3b, 0x0a, 0x20, 0x20, 0x20, 0x20, 0x20, 0x20, 0x20, 0x20, 0x20, //  + 4u;.         
	0x20, 0x20, 0x20, 0x75, 0x69, 0x6e, 0x74, 0x20, 0x5f, 0x36, 0x33, 0x39, 0x20, 0x3d, 0x20, 0x5f, //    uint _639 = _
	0x34, 0x38, 0x34, 0x20, 0x2b, 0x20, 0x33, 0x32, 0x75, 0x3b, 0x0a, 0x20, 0x20, 0x20, 0x20, 0x20, // 484 + 32u;.     
	0x20, 0x20, 0x20, 0x20, 0x20, 0x20, 0x20, 0x75, 0x69, 0x6e, 0x74, 0x20, 0x5f, 0x36, 0x34, 0x32, //        uint _642
	0x20, 0x3d, 0x20, 0x5f, 0x34, 0x38, 0x34, 0x20, 0x2b, 0x20, 0x33, 0x36, 0x75, 0x3b, 0x0a, 0x20, //  = _484 + 36u;. 
	0x20, 0x20, 0x20, 0x20, 0x20, 0x20, 0x20, 0x20, 0x20, 0x20, 0x20, 0x69, 0x6e, 0x74, 0x33, 0x20, //            int3 
	0x5f, 0x36, 0x36, 0x31, 0x20, 0x3d, 0x20, 0x69, 0x6e, 0x74, 0x33, 0x28, 0x69, 0x6e, 0x74, 0x32, // _661 = int3(int2
	0x28, 0x5f, 0x35, 0x30, 0x30, 0x20, 0x2f, 0x20, 0x75, 0x69, 0x6e, 0x74, 0x32, 0x28, 0x38, 0x75, // (_500 / uint2(8u
	0x29, 0x29, 0x2c, 0x20, 0x5f, 0x35, 0x33, 0x34, 0x29, 0x3b, 0x0a, 0x20, 0x20, 0x20, 0x20, 0x20, // )), _534);.     
	0x20, 0x20, 0x20, 0x20, 0x20, 0x20, 0x20, 0x73, 0x5f, 0x69, 0x6d, 0x67, 0x4d, 0x69, 0x70, 0x34, //        s_imgMip4
	0x2e, 0x77, 0x72, 0x69, 0x74, 0x65, 0x28, 0x28, 0x28, 0x28, 0x5f, 0x39, 0x32, 0x32, 0x20, 0x2b, // .write((((_922 +
	0x20, 0x66, 0x6c, 0x6f, 0x61, 0x74, 0x34, 0x28, 0x67, 0x73, 0x5f, 0x52, 0x5b, 0x5f, 0x36, 0x33, //  float4(gs_R[_63
	0x36, 0x5d, 0x2c, 0x20, 0x67, 0x73, 0x5f, 0x47, 0x5b, 0x5f, 0x36, 0x33, 0x36, 0x5d, 0x2c, 0x20, // 6], gs_G[_636], 
	0x67, 0x73, 0x5f, 0x42, 0x5b, 0x5f, 0x36, 0x33, 0x36, 0x5d, 0x2c, 0x20, 0x67, 0x73, 0x5f, 0x41, // gs_B[_636], gs_A
	0x5b, 0x5f, 0x36, 0x33, 0x36, 0x5d, 0x29, 0x29, 0x20, 0x2b, 0x20, 0x66, 0x6c, 0x6f, 0x61, 0x74, // [_636])) + float
	0x34, 0x28, 0x67, 0x73, 0x5f, 0x52, 0x5b, 0x5f, 0x36, 0x33, 0x39, 0x5d, 0x2c, 0x20, 0x67, 0x73, // 4(gs_R[_639], gs
	0x5f, 0x47, 0x5b, 0x5f, 0x36, 0x33, 0x39, 0x5d, 0x2c, 0x20, 0x67, 0x73, 0x5f, 0x42, 0x5b, 0x5f, // _G[_639], gs_B[_
	0x36, 0x33, 0x39, 0x5d, 0x2c, 0x20, 0x67, 0x73, 0x5f, 0x41, 0x5b, 0x5f, 0x36, 0x33, 0x39, 0x5d, // 639], gs_A[_639]
	0x29, 0x29, 0x20, 0x2b, 0x20, 0x66, 0x6c, 0x6f, 0x61, 0x74, 0x34, 0x28, 0x67, 0x73, 0x5f, 0x52, // )) + float4(gs_R
	0x5b, 0x5f, 0x36, 0x34, 0x32, 0x5d, 0x2c, 0x20, 0x67, 0x73, 0x5f, 0x47, 0x5b, 0x5f, 0x36, 0x34, // [_642], gs_G[_64
	0x32, 0x5d, 0x2c, 0x20, 0x67, 0x73, 0x5f, 0x42, 0x5b, 0x5f, 0x36, 0x34, 0x32, 0x5d, 0x2c, 0x20, // 2], gs_B[_642], 
	0x67, 0x73, 0x5f, 0x41, 0x5b, 0x5f, 0x36, 0x34, 0x32, 0x5d, 0x29, 0x29, 0x20, 0x2a, 0x20, 0x30, // gs_A[_642])) * 0
	0x2e, 0x32, 0x35, 0x2c, 0x20, 0x75, 0x69, 0x6e, 0x74, 0x32, 0x28, 0x5f, 0x36, 0x36, 0x31, 0x2e, // .25, uint2(_661.
	0x78, 0x79, 0x29, 0x2c, 0x20, 0x75, 0x69, 0x6e, 0x74, 0x28, 0x5f, 0x36, 0x36, 0x31, 0x2e, 0x7a, // xy), uint(_661.z
	0x29, 0x29, 0x3b, 0x0a, 0x20, 0x20, 0x20, 0x20, 0x20, 0x20, 0x20, 0x20, 0x7d, 0x0a, 0x20, 0x20, // ));.        }.  
	0x20, 0x20, 0x20, 0x20, 0x20, 0x20, 0x62, 0x72, 0x65, 0x61, 0x6b, 0x3b, 0x0a, 0x20, 0x20, 0x20, //       break;.   
	0x20, 0x7d, 0x20, 0x77, 0x68, 0x69, 0x6c, 0x65, 0x28, 0x66, 0x61, 0x6c, 0x73, 0x65, 0x29, 0x3b, //  } while(false);
	0x0a, 0x7d, 0x0a, 0x0a, 0x00, 0x00, 0x70, 0x00,                                                 // .}....p.
};
extern const uint8_t* cs_mipgen_oddy_pssl;
extern const uint32_t cs_mipgen_oddy_pssl_size;
