static const uint8_t cs_mipgen_oddxy_glsl[6620] =
{
	0x43, 0x53, 0x48, 0x0b, 0x00, 0x00, 0x00, 0x00, 0x00, 0x00, 0x00, 0x00, 0x00, 0x00, 0xc9, 0x19, // CSH.............
	0x00, 0x00, 0x23, 0x76, 0x65, 0x72, 0x73, 0x69, 0x6f, 0x6e, 0x20, 0x34, 0x33, 0x30, 0x0a, 0x66, // ..#version 430.f
	0x6c, 0x6f, 0x61, 0x74, 0x20, 0x72, 0x63, 0x70, 0x28, 0x66, 0x6c, 0x6f, 0x61, 0x74, 0x20, 0x5f, // loat rcp(float _
	0x61, 0x29, 0x20, 0x7b, 0x20, 0x72, 0x65, 0x74, 0x75, 0x72, 0x6e, 0x20, 0x31, 0x2e, 0x30, 0x2f, // a) { return 1.0/
	0x5f, 0x61, 0x3b, 0x20, 0x7d, 0x0a, 0x76, 0x65, 0x63, 0x32, 0x20, 0x72, 0x63, 0x70, 0x28, 0x76, // _a; }.vec2 rcp(v
	0x65, 0x63, 0x32, 0x20, 0x5f, 0x61, 0x29, 0x20, 0x7b, 0x20, 0x72, 0x65, 0x74, 0x75, 0x72, 0x6e, // ec2 _a) { return
	0x20, 0x76, 0x65, 0x63, 0x32, 0x28, 0x31, 0x2e, 0x30, 0x29, 0x2f, 0x5f, 0x61, 0x3b, 0x20, 0x7d, //  vec2(1.0)/_a; }
	0x0a, 0x76, 0x65, 0x63, 0x33, 0x20, 0x72, 0x63, 0x70, 0x28, 0x76, 0x65, 0x63, 0x33, 0x20, 0x5f, // .vec3 rcp(vec3 _
	0x61, 0x29, 0x20, 0x7b, 0x20, 0x72, 0x65, 0x74, 0x75, 0x72, 0x6e, 0x20, 0x76, 0x65, 0x63, 0x33, // a) { return vec3
	0x28, 0x31, 0x2e, 0x30, 0x29, 0x2f, 0x5f, 0x61, 0x3b, 0x20, 0x7d, 0x0a, 0x76, 0x65, 0x63, 0x34, // (1.0)/_a; }.vec4
	0x20, 0x72, 0x63, 0x70, 0x28, 0x76, 0x65, 0x63, 0x34, 0x20, 0x5f, 0x61, 0x29, 0x20, 0x7b, 0x20, //  rcp(vec4 _a) { 
	0x72, 0x65, 0x74, 0x75, 0x72, 0x6e, 0x20, 0x76, 0x65, 0x63, 0x34, 0x28, 0x31, 0x2e, 0x30, 0x29, // return vec4(1.0)
	0x2f, 0x5f, 0x61, 0x3b, 0x20, 0x7d, 0x0a, 0x76, 0x65, 0x63, 0x32, 0x20, 0x76, 0x65, 0x63, 0x32, // /_a; }.vec2 vec2
	0x5f, 0x73, 0x70, 0x6c, 0x61, 0x74, 0x28, 0x66, 0x6c, 0x6f, 0x61, 0x74, 0x20, 0x5f, 0x78, 0x29, // _splat(float _x)
	0x20, 0x7b, 0x20, 0x72, 0x65, 0x74, 0x75, 0x72, 0x6e, 0x20, 0x76, 0x65, 0x63, 0x32, 0x28, 0x5f, //  { return vec2(_
	0x78, 0x2c, 0x20, 0x5f, 0x78, 0x29, 0x3b, 0x20, 0x7d, 0x0a, 0x76, 0x65, 0x63, 0x33, 0x20, 0x76, // x, _x); }.vec3 v
	0x65, 0x63, 0x33, 0x5f, 0x73, 0x70, 0x6c, 0x61, 0x74, 0x28, 0x66, 0x6c, 0x6f, 0x61, 0x74, 0x20, // ec3_splat(float 
	0x5f, 0x78, 0x29, 0x20, 0x7b, 0x20, 0x72, 0x65, 0x74, 0x75, 0x72, 0x6e, 0x20, 0x76, 0x65, 0x63, // _x) { return vec
	0x33, 0x28, 0x5f, 0x78, 0x2c, 0x20, 0x5f, 0x78, 0x2c, 0x20, 0x5f, 0x78, 0x29, 0x3b, 0x20, 0x7d, // 3(_x, _x, _x); }
	0x0a, 0x76, 0x65, 0x63, 0x34, 0x20, 0x76, 0x65, 0x63, 0x34, 0x5f, 0x73, 0x70, 0x6c, 0x61, 0x74, // .vec4 vec4_splat
	0x28, 0x66, 0x6c, 0x6f, 0x61, 0x74, 0x20, 0x5f, 0x78, 0x29, 0x20, 0x7b, 0x20, 0x72, 0x65, 0x74, // (float _x) { ret
	0x75, 0x72, 0x6e, 0x20, 0x76, 0x65, 0x63, 0x34, 0x28, 0x5f, 0x78, 0x2c, 0x20, 0x5f, 0x78, 0x2c, // urn vec4(_x, _x,
	0x20, 0x5f, 0x78, 0x2c, 0x20, 0x5f, 0x78, 0x29, 0x3b, 0x20, 0x7d, 0x0a, 0x75, 0x76, 0x65, 0x63, //  _x, _x); }.uvec
	0x32, 0x20, 0x75, 0x76, 0x65, 0x63, 0x32, 0x5f, 0x73, 0x70, 0x6c, 0x61, 0x74, 0x28, 0x75, 0x69, // 2 uvec2_splat(ui
	0x6e, 0x74, 0x20, 0x5f, 0x78, 0x29, 0x20, 0x7b, 0x20, 0x72, 0x65, 0x74, 0x75, 0x72, 0x6e, 0x20, // nt _x) { return 
	0x75, 0x76, 0x65, 0x63, 0x32, 0x28, 0x5f, 0x78, 0x2c, 0x20, 0x5f, 0x78, 0x29, 0x3b, 0x20, 0x7d, // uvec2(_x, _x); }
	0x0a, 0x75, 0x76, 0x65, 0x63, 0x33, 0x20, 0x75, 0x76, 0x65, 0x63, 0x33, 0x5f, 0x73, 0x70, 0x6c, // .uvec3 uvec3_spl
	0x61, 0x74, 0x28, 0x75, 0x69, 0x6e, 0x74, 0x20, 0x5f, 0x78, 0x29, 0x20, 0x7b, 0x20, 0x72, 0x65, // at(uint _x) { re
	0x74, 0x75, 0x72, 0x6e, 0x20, 0x75, 0x76, 0x65, 0x63, 0x33, 0x28, 0x5f, 0x78, 0x2c, 0x20, 0x5f, // turn uvec3(_x, _
	0x78, 0x2c, 0x20, 0x5f, 0x78, 0x29, 0x3b, 0x20, 0x7d, 0x0a, 0x75, 0x76, 0x65, 0x63, 0x34, 0x20, // x, _x); }.uvec4 
	0x75, 0x76, 0x65, 0x63, 0x34, 0x5f, 0x73, 0x70, 0x6c, 0x61, 0x74, 0x28, 0x75, 0x69, 0x6e, 0x74, // uvec4_splat(uint
	0x20, 0x5f, 0x78, 0x29, 0x20, 0x7b, 0x20, 0x72, 0x65, 0x74, 0x75, 0x72, 0x6e, 0x20, 0x75, 0x76, //  _x) { return uv
	0x65, 0x63, 0x34, 0x28, 0x5f, 0x78, 0x2c, 0x20, 0x5f, 0x78, 0x2c, 0x20, 0x5f, 0x78, 0x2c, 0x20, // ec4(_x, _x, _x, 
	0x5f, 0x78, 0x29, 0x3b, 0x20, 0x7d, 0x0a, 0x6d, 0x61, 0x74, 0x34, 0x20, 0x6d, 0x74, 0x78, 0x46, // _x); }.mat4 mtxF
	0x72, 0x6f, 0x6d, 0x52, 0x6f, 0x77, 0x73, 0x28, 0x76, 0x65, 0x63, 0x34, 0x20, 0x5f, 0x30, 0x2c, // romRows(vec4 _0,
	0x20, 0x76, 0x65, 0x63, 0x34, 0x20, 0x5f, 0x31, 0x2c, 0x20, 0x76, 0x65, 0x63, 0x34, 0x20, 0x5f, //  vec4 _1, vec4 _
	0x32, 0x2c, 0x20, 0x76, 0x65, 0x63, 0x34, 0x20, 0x5f, 0x33, 0x29, 0x0a, 0x7b, 0x0a, 0x72, 0x65, // 2, vec4 _3).{.re
	0x74, 0x75, 0x72, 0x6e, 0x20, 0x74, 0x72, 0x61, 0x6e, 0x73, 0x70, 0x6f, 0x73, 0x65, 0x28, 0x6d, // turn transpose(m
	0x61, 0x74, 0x34, 0x28, 0x5f, 0x30, 0x2c, 0x20, 0x5f, 0x31, 0x2c, 0x20, 0x5f, 0x32, 0x2c, 0x20, // at4(_0, _1, _2, 
	0x5f, 0x33, 0x29, 0x20, 0x29, 0x3b, 0x0a, 0x7d, 0x0a, 0x6d, 0x61, 0x74, 0x34, 0x20, 0x6d, 0x74, // _3) );.}.mat4 mt
	0x78, 0x46, 0x72, 0x6f, 0x6d, 0x43, 0x6f, 0x6c, 0x73, 0x28, 0x76, 0x65, 0x63, 0x34, 0x20, 0x5f, // xFromCols(vec4 _
	0x30, 0x2c, 0x20, 0x76, 0x65, 0x63, 0x34, 0x20, 0x5f, 0x31, 0x2c, 0x20, 0x76, 0x65, 0x63, 0x34, // 0, vec4 _1, vec4
	0x20, 0x5f, 0x32, 0x2c, 0x20, 0x76, 0x65, 0x63, 0x34, 0x20, 0x5f, 0x33, 0x29, 0x0a, 0x7b, 0x0a, //  _2, vec4 _3).{.
	0x72, 0x65, 0x74, 0x75, 0x72, 0x6e, 0x20, 0x6d, 0x61, 0x74, 0x34, 0x28, 0x5f, 0x30, 0x2c, 0x20, // return mat4(_0, 
	0x5f, 0x31, 0x2c, 0x20, 0x5f, 0x32, 0x2c, 0x20, 0x5f, 0x33, 0x29, 0x3b, 0x0a, 0x7d, 0x0a, 0x6d, // _1, _2, _3);.}.m
	0x61, 0x74, 0x33, 0x20, 0x6d, 0x74, 0x78, 0x46, 0x72, 0x6f, 0x6d, 0x52, 0x6f, 0x77, 0x73, 0x28, // at3 mtxFromRows(
	0x76, 0x65, 0x63, 0x33, 0x20, 0x5f, 0x30, 0x2c, 0x20, 0x76, 0x65, 0x63, 0x33, 0x20, 0x5f, 0x31, // vec3 _0, vec3 _1
	0x2c, 0x20, 0x76, 0x65, 0x63, 0x33, 0x20, 0x5f, 0x32, 0x29, 0x0a, 0x7b, 0x0a, 0x72, 0x65, 0x74, // , vec3 _2).{.ret
	0x75, 0x72, 0x6e, 0x20, 0x74, 0x72, 0x61, 0x6e, 0x73, 0x70, 0x6f, 0x73, 0x65, 0x28, 0x6d, 0x61, // urn transpose(ma
	0x74, 0x33, 0x28, 0x5f, 0x30, 0x2c, 0x20, 0x5f, 0x31, 0x2c, 0x20, 0x5f, 0x32, 0x29, 0x20, 0x29, // t3(_0, _1, _2) )
	0x3b, 0x0a, 0x7d, 0x0a, 0x6d, 0x61, 0x74, 0x33, 0x20, 0x6d, 0x74, 0x78, 0x46, 0x72, 0x6f, 0x6d, // ;.}.mat3 mtxFrom
	0x43, 0x6f, 0x6c, 0x73, 0x28, 0x76, 0x65, 0x63, 0x33, 0x20, 0x5f, 0x30, 0x2c, 0x20, 0x76, 0x65, // Cols(vec3 _0, ve
	0x63, 0x33, 0x20, 0x5f, 0x31, 0x2c, 0x20, 0x76, 0x65, 0x63, 0x33, 0x20, 0x5f, 0x32, 0x29, 0x0a, // c3 _1, vec3 _2).
	0x7b, 0x0a, 0x72, 0x65, 0x74, 0x75, 0x72, 0x6e, 0x20, 0x6d, 0x61, 0x74, 0x33, 0x28, 0x5f, 0x30, // {.return mat3(_0
	0x2c, 0x20, 0x5f, 0x31, 0x2c, 0x20, 0x5f, 0x32, 0x29, 0x3b, 0x0a, 0x7d, 0x0a, 0x6d, 0x61, 0x74, // , _1, _2);.}.mat
	0x34, 0x78, 0x33, 0x20, 0x6d, 0x74, 0x78, 0x46, 0x72, 0x6f, 0x6d, 0x52, 0x6f, 0x77, 0x73, 0x28, // 4x3 mtxFromRows(
	0x76, 0x65, 0x63, 0x34, 0x20, 0x5f, 0x30, 0x2c, 0x20, 0x76, 0x65, 0x63, 0x34, 0x20, 0x5f, 0x31, // vec4 _0, vec4 _1
	0x2c, 0x20, 0x76, 0x65, 0x63, 0x34, 0x20, 0x5f, 0x32, 0x29, 0x0a, 0x7b, 0x0a, 0x72, 0x65, 0x74, // , vec4 _2).{.ret
	0x75, 0x72, 0x6e, 0x20, 0x74, 0x72, 0x61, 0x6e, 0x73, 0x70, 0x6f, 0x73, 0x65, 0x28, 0x6d, 0x61, // urn transpose(ma
	0x74, 0x33, 0x78, 0x34, 0x28, 0x5f, 0x30, 0x2c, 0x20, 0x5f, 0x31, 0x2c, 0x20, 0x5f, 0x32, 0x29, // t3x4(_0, _1, _2)
	0x20, 0x29, 0x3b, 0x0a, 0x7d, 0x0a, 0x76, 0x65, 0x63, 0x33, 0x20, 0x6d, 0x74, 0x78, 0x47, 0x65, //  );.}.vec3 mtxGe
	0x74, 0x52, 0x6f, 0x77, 0x28, 0x6d, 0x61, 0x74, 0x33, 0x20, 0x5f, 0x6d, 0x74, 0x78, 0x2c, 0x20, // tRow(mat3 _mtx, 
	0x69, 0x6e, 0x74, 0x20, 0x5f, 0x72, 0x6f, 0x77, 0x29, 0x0a, 0x7b, 0x0a, 0x72, 0x65, 0x74, 0x75, // int _row).{.retu
	0x72, 0x6e, 0x20, 0x76, 0x65, 0x63, 0x33, 0x28, 0x5f, 0x6d, 0x74, 0x78, 0x5b, 0x30, 0x5d, 0x5b, // rn vec3(_mtx[0][
	0x5f, 0x72, 0x6f, 0x77, 0x5d, 0x2c, 0x20, 0x5f, 0x6d, 0x74, 0x78, 0x5b, 0x31, 0x5d, 0x5b, 0x5f, // _row], _mtx[1][_
	0x72, 0x6f, 0x77, 0x5d, 0x2c, 0x20, 0x5f, 0x6d, 0x74, 0x78, 0x5b, 0x32, 0x5d, 0x5b, 0x5f, 0x72, // row], _mtx[2][_r
	0x6f, 0x77, 0x5d, 0x29, 0x3b, 0x0a, 0x7d, 0x0a, 0x76, 0x65, 0x63, 0x33, 0x20, 0x6d, 0x74, 0x78, // ow]);.}.vec3 mtx
	0x47, 0x65, 0x74, 0x43, 0x6f, 0x6c, 0x75, 0x6d, 0x6e, 0x28, 0x6d, 0x61, 0x74, 0x33, 0x20, 0x5f, // GetColumn(mat3 _
	0x6d, 0x74, 0x78, 0x2c, 0x20, 0x69, 0x6e, 0x74, 0x20, 0x5f, 0x63, 0x6f, 0x6c, 0x75, 0x6d, 0x6e, // mtx, int _column
	0x29, 0x0a, 0x7b, 0x0a, 0x72, 0x65, 0x74, 0x75, 0x72, 0x6e, 0x20, 0x76, 0x65, 0x63, 0x33, 0x28, // ).{.return vec3(
	0x5f, 0x6d, 0x74, 0x78, 0x5b, 0x5f, 0x63, 0x6f, 0x6c, 0x75, 0x6d, 0x6e, 0x5d, 0x29, 0x3b, 0x0a, // _mtx[_column]);.
	0x7d, 0x0a, 0x76, 0x65, 0x63, 0x34, 0x20, 0x6d, 0x74, 0x78, 0x47, 0x65, 0x74, 0x52, 0x6f, 0x77, // }.vec4 mtxGetRow
	0x28, 0x6d, 0x61, 0x74, 0x34, 0x78, 0x33, 0x20, 0x5f, 0x6d, 0x74, 0x78, 0x2c, 0x20, 0x69, 0x6e, // (mat4x3 _mtx, in
	0x74, 0x20, 0x5f, 0x72, 0x6f, 0x77, 0x29, 0x0a, 0x7b, 0x0a, 0x72, 0x65, 0x74, 0x75, 0x72, 0x6e, // t _row).{.return
	0x20, 0x76, 0x65, 0x63, 0x34, 0x28, 0x5f, 0x6d, 0x74, 0x78, 0x5b, 0x30, 0x5d, 0x5b, 0x5f, 0x72, //  vec4(_mtx[0][_r
	0x6f, 0x77, 0x5d, 0x2c, 0x20, 0x5f, 0x6d, 0x74, 0x78, 0x5b, 0x31, 0x5d, 0x5b, 0x5f, 0x72, 0x6f, // ow], _mtx[1][_ro
	0x77, 0x5d, 0x2c, 0x20, 0x5f, 0x6d, 0x74, 0x78, 0x5b, 0x32, 0x5d, 0x5b, 0x5f, 0x72, 0x6f, 0x77, // w], _mtx[2][_row
	0x5d, 0x2c, 0x20, 0x5f, 0x6d, 0x74, 0x78, 0x5b, 0x33, 0x5d, 0x5b, 0x5f, 0x72, 0x6f, 0x77, 0x5d, // ], _mtx[3][_row]
	0x29, 0x3b, 0x0a, 0x7d, 0x0a, 0x76, 0x65, 0x63, 0x33, 0x20, 0x6d, 0x74, 0x78, 0x47, 0x65, 0x74, // );.}.vec3 mtxGet
	0x43, 0x6f, 0x6c, 0x75, 0x6d, 0x6e, 0x28, 0x6d, 0x61, 0x74, 0x34, 0x78, 0x33, 0x20, 0x5f, 0x6d, // Column(mat4x3 _m
	0x74, 0x78, 0x2c, 0x20, 0x69, 0x6e, 0x74, 0x20, 0x5f, 0x63, 0x6f, 0x6c, 0x75, 0x6d, 0x6e, 0x29, // tx, int _column)
	0x0a, 0x7b, 0x0a, 0x72, 0x65, 0x74, 0x75, 0x72, 0x6e, 0x20, 0x76, 0x65, 0x63, 0x33, 0x28, 0x5f, // .{.return vec3(_
	0x6d, 0x74, 0x78, 0x5b, 0x5f, 0x63, 0x6f, 0x6c, 0x75, 0x6d, 0x6e, 0x5d, 0x29, 0x3b, 0x0a, 0x7d, // mtx[_column]);.}
	0x0a, 0x76, 0x65, 0x63, 0x34, 0x20, 0x6d, 0x74, 0x78, 0x47, 0x65, 0x74, 0x52, 0x6f, 0x77, 0x28, // .vec4 mtxGetRow(
	0x6d, 0x61, 0x74, 0x34, 0x20, 0x5f, 0x6d, 0x74, 0x78, 0x2c, 0x20, 0x69, 0x6e, 0x74, 0x20, 0x5f, // mat4 _mtx, int _
	0x72, 0x6f, 0x77, 0x29, 0x0a, 0x7b, 0x0a, 0x72, 0x65, 0x74, 0x75, 0x72, 0x6e, 0x20, 0x76, 0x65, // row).{.return ve
	0x63, 0x34, 0x28, 0x5f, 0x6d, 0x74, 0x78, 0x5b, 0x30, 0x5d, 0x5b, 0x5f, 0x72, 0x6f, 0x77, 0x5d, // c4(_mtx[0][_row]
	0x2c, 0x20, 0x5f, 0x6d, 0x74, 0x78, 0x5b, 0x31, 0x5d, 0x5b, 0x5f, 0x72, 0x6f, 0x77, 0x5d, 0x2c, // , _mtx[1][_row],
	0x20, 0x5f, 0x6d, 0x74, 0x78, 0x5b, 0x32, 0x5d, 0x5b, 0x5f, 0x72, 0x6f, 0x77, 0x5d, 0x2c, 0x20, //  _mtx[2][_row], 
	0x5f, 0x6d, 0x74, 0x78, 0x5b, 0x33, 0x5d, 0x5b, 0x5f, 0x72, 0x6f, 0x77, 0x5d, 0x29, 0x3b, 0x0a, // _mtx[3][_row]);.
	0x7d, 0x0a, 0x76, 0x65, 0x63, 0x34, 0x20, 0x6d, 0x74, 0x78, 0x47, 0x65, 0x74, 0x43, 0x6f, 0x6c, // }.vec4 mtxGetCol
	0x75, 0x6d, 0x6e, 0x28, 0x6d, 0x61, 0x74, 0x34, 0x20, 0x5f, 0x6d, 0x74, 0x78, 0x2c, 0x20, 0x69, // umn(mat4 _mtx, i
	0x6e, 0x74, 0x20, 0x5f, 0x63, 0x6f, 0x6c, 0x75, 0x6d, 0x6e, 0x29, 0x0a, 0x7b, 0x0a, 0x72, 0x65, // nt _column).{.re
	0x74, 0x75, 0x72, 0x6e, 0x20, 0x76, 0x65, 0x63, 0x34, 0x28, 0x5f, 0x6d, 0x74, 0x78, 0x5b, 0x5f, // turn vec4(_mtx[_
	0x63, 0x6f, 0x6c, 0x75, 0x6d, 0x6e, 0x5d, 0x29, 0x3b, 0x0a, 0x7d, 0x0a, 0x66, 0x6c, 0x6f, 0x61, // column]);.}.floa
	0x74, 0x20, 0x6d, 0x74, 0x78, 0x47, 0x65, 0x74, 0x45, 0x6c, 0x65, 0x6d, 0x65, 0x6e, 0x74, 0x28, // t mtxGetElement(
	0x6d, 0x61, 0x74, 0x33, 0x20, 0x5f, 0x6d, 0x74, 0x78, 0x2c, 0x20, 0x69, 0x6e, 0x74, 0x20, 0x5f, // mat3 _mtx, int _
	0x63, 0x6f, 0x6c, 0x75, 0x6d, 0x6e, 0x2c, 0x20, 0x69, 0x6e, 0x74, 0x20, 0x5f, 0x72, 0x6f, 0x77, // column, int _row
	0x29, 0x0a, 0x7b, 0x0a, 0x72, 0x65, 0x74, 0x75, 0x72, 0x6e, 0x20, 0x5f, 0x6d, 0x74, 0x78, 0x5b, // ).{.return _mtx[
	0x5f, 0x63, 0x6f, 0x6c, 0x75, 0x6d, 0x6e, 0x5d, 0x5b, 0x5f, 0x72, 0x6f, 0x77, 0x5d, 0x3b, 0x0a, // _column][_row];.
	0x7d, 0x0a, 0x66, 0x6c, 0x6f, 0x61, 0x74, 0x20, 0x6d, 0x74, 0x78, 0x47, 0x65, 0x74, 0x45, 0x6c, // }.float mtxGetEl
	0x65, 0x6d, 0x65, 0x6e, 0x74, 0x28, 0x6d, 0x61, 0x74, 0x34, 0x20, 0x5f, 0x6d, 0x74, 0x78, 0x2c, // ement(mat4 _mtx,
	0x20, 0x69, 0x6e, 0x74, 0x20, 0x5f, 0x63, 0x6f, 0x6c, 0x75, 0x6d, 0x6e, 0x2c, 0x20, 0x69, 0x6e, //  int _column, in
	0x74, 0x20, 0x5f, 0x72, 0x6f, 0x77, 0x29, 0x0a, 0x7b, 0x0a, 0x72, 0x65, 0x74, 0x75, 0x72, 0x6e, // t _row).{.return
	0x20, 0x5f, 0x6d, 0x74, 0x78, 0x5b, 0x5f, 0x63, 0x6f, 0x6c, 0x75, 0x6d, 0x6e, 0x5d, 0x5b, 0x5f, //  _mtx[_column][_
	0x72, 0x6f, 0x77, 0x5d, 0x3b, 0x0a, 0x7d, 0x0a, 0x66, 0x6c, 0x6f, 0x61, 0x74, 0x20, 0x73, 0x65, // row];.}.float se
	0x6c, 0x65, 0x63, 0x74, 0x28, 0x62, 0x6f, 0x6f, 0x6c, 0x20, 0x5f, 0x63, 0x6f, 0x6e, 0x64, 0x2c, // lect(bool _cond,
	0x20, 0x66, 0x6c, 0x6f, 0x61, 0x74, 0x20, 0x5f, 0x74, 0x72, 0x75, 0x65, 0x2c, 0x20, 0x66, 0x6c, //  float _true, fl
	0x6f, 0x61, 0x74, 0x20, 0x5f, 0x66, 0x61, 0x6c, 0x73, 0x65, 0x29, 0x20, 0x7b, 0x20, 0x72, 0x65, // oat _false) { re
	0x74, 0x75, 0x72, 0x6e, 0x20, 0x5f, 0x63, 0x6f, 0x6e, 0x64, 0x20, 0x3f, 0x20, 0x5f, 0x74, 0x72, // turn _cond ? _tr
	0x75, 0x65, 0x20, 0x3a, 0x20, 0x5f, 0x66, 0x61, 0x6c, 0x73, 0x65, 0x3b, 0x20, 0x7d, 0x0a, 0x76, // ue : _false; }.v
	0x65, 0x63, 0x32, 0x20, 0x73, 0x65, 0x6c, 0x65, 0x63, 0x74, 0x28, 0x62, 0x6f, 0x6f, 0x6c, 0x20, // ec2 select(bool 
	0x5f, 0x63, 0x6f, 0x6e, 0x64, 0x2c, 0x20, 0x76, 0x65, 0x63, 0x32, 0x20, 0x5f, 0x74, 0x72, 0x75, // _cond, vec2 _tru
	0x65, 0x2c, 0x20, 0x76, 0x65, 0x63, 0x32, 0x20, 0x5f, 0x66, 0x61, 0x6c, 0x73, 0x65, 0x29, 0x20, // e, vec2 _false) 
	0x7b, 0x20, 0x72, 0x65, 0x74, 0x75, 0x72, 0x6e, 0x20, 0x5f, 0x63, 0x6f, 0x6e, 0x64, 0x20, 0x3f, // { return _cond ?
	0x20, 0x5f, 0x74, 0x72, 0x75, 0x65, 0x20, 0x3a, 0x20, 0x5f, 0x66, 0x61, 0x6c, 0x73, 0x65, 0x3b, //  _true : _false;
	0x20, 0x7d, 0x0a, 0x76, 0x65, 0x63, 0x33, 0x20, 0x73, 0x65, 0x6c, 0x65, 0x63, 0x74, 0x28, 0x62, //  }.vec3 select(b
	0x6f, 0x6f, 0x6c, 0x20, 0x5f, 0x63, 0x6f, 0x6e, 0x64, 0x2c, 0x20, 0x76, 0x65, 0x63, 0x33, 0x20, // ool _cond, vec3 
	0x5f, 0x74, 0x72, 0x75, 0x65, 0x2c, 0x20, 0x76, 0x65, 0x63, 0x33, 0x20, 0x5f, 0x66, 0x61, 0x6c, // _true, vec3 _fal
	0x73, 0x65, 0x29, 0x20, 0x7b, 0x20, 0x72, 0x65, 0x74, 0x75, 0x72, 0x6e, 0x20, 0x5f, 0x63, 0x6f, // se) { return _co
	0x6e, 0x64, 0x20, 0x3f, 0x20, 0x5f, 0x74, 0x72, 0x75, 0x65, 0x20, 0x3a, 0x20, 0x5f, 0x66, 0x61, // nd ? _true : _fa
	0x6c, 0x73, 0x65, 0x3b, 0x20, 0x7d, 0x0a, 0x76, 0x65, 0x63, 0x34, 0x20, 0x73, 0x65, 0x6c, 0x65, // lse; }.vec4 sele
	0x63, 0x74, 0x28, 0x62, 0x6f, 0x6f, 0x6c, 0x20, 0x5f, 0x63, 0x6f, 0x6e, 0x64, 0x2c, 0x20, 0x76, // ct(bool _cond, v
	0x65, 0x63, 0x34, 0x20, 0x5f, 0x74, 0x72, 0x75, 0x65, 0x2c, 0x20, 0x76, 0x65, 0x63, 0x34, 0x20, // ec4 _true, vec4 
	0x5f, 0x66, 0x61, 0x6c, 0x73, 0x65, 0x29, 0x20, 0x7b, 0x20, 0x72, 0x65, 0x74, 0x75, 0x72, 0x6e, // _false) { return
	0x20, 0x5f, 0x63, 0x6f, 0x6e, 0x64, 0x20, 0x3f, 0x20, 0x5f, 0x74, 0x72, 0x75, 0x65, 0x20, 0x3a, //  _cond ? _true :
	0x20, 0x5f, 0x66, 0x61, 0x6c, 0x73, 0x65, 0x3b, 0x20, 0x7d, 0x0a, 0x76, 0x65, 0x63, 0x32, 0x20, //  _false; }.vec2 
	0x73, 0x65, 0x6c, 0x65, 0x63, 0x74, 0x28, 0x62, 0x76, 0x65, 0x63, 0x32, 0x20, 0x5f, 0x63, 0x6f, // select(bvec2 _co
	0x6e, 0x64, 0x2c, 0x20, 0x76, 0x65, 0x63, 0x32, 0x20, 0x5f, 0x74, 0x72, 0x75, 0x65, 0x2c, 0x20, // nd, vec2 _true, 
	0x76, 0x65, 0x63, 0x32, 0x20, 0x5f, 0x66, 0x61, 0x6c, 0x73, 0x65, 0x29, 0x20, 0x7b, 0x20, 0x72, // vec2 _false) { r
	0x65, 0x74, 0x75, 0x72, 0x6e, 0x20, 0x28, 0x76, 0x65, 0x63, 0x32, 0x28, 0x5f, 0x63, 0x6f, 0x6e, // eturn (vec2(_con
	0x64, 0x29, 0x20, 0x2a, 0x20, 0x5f, 0x74, 0x72, 0x75, 0x65, 0x29, 0x20, 0x2b, 0x20, 0x28, 0x76, // d) * _true) + (v
	0x65, 0x63, 0x32, 0x28, 0x6e, 0x6f, 0x74, 0x28, 0x5f, 0x63, 0x6f, 0x6e, 0x64, 0x29, 0x20, 0x29, // ec2(not(_cond) )
	0x20, 0x2a, 0x20, 0x5f, 0x66, 0x61, 0x6c, 0x73, 0x65, 0x29, 0x3b, 0x20, 0x7d, 0x0a, 0x76, 0x65, //  * _false); }.ve
	0x63, 0x33, 0x20, 0x73, 0x65, 0x6c, 0x65, 0x63, 0x74, 0x28, 0x62, 0x76, 0x65, 0x63, 0x33, 0x20, // c3 select(bvec3 
	0x5f, 0x63, 0x6f, 0x6e, 0x64, 0x2c, 0x20, 0x76, 0x65, 0x63, 0x33, 0x20, 0x5f, 0x74, 0x72, 0x75, // _cond, vec3 _tru
	0x65, 0x2c, 0x20, 0x76, 0x65, 0x63, 0x33, 0x20, 0x5f, 0x66, 0x61, 0x6c, 0x73, 0x65, 0x29, 0x20, // e, vec3 _false) 
	0x7b, 0x20, 0x72, 0x65, 0x74, 0x75, 0x72, 0x6e, 0x20, 0x28, 0x76, 0x65, 0x63, 0x33, 0x28, 0x5f, // { return (vec3(_
	0x63, 0x6f, 0x6e, 0x64, 0x29, 0x20, 0x2a, 0x20, 0x5f, 0x74, 0x72, 0x75, 0x65, 0x29, 0x20, 0x2b, // cond) * _true) +
	0x20, 0x28, 0x76, 0x65, 0x63, 0x33, 0x28, 0x6e, 0x6f, 0x74, 0x28, 0x5f, 0x63, 0x6f, 0x6e, 0x64, //  (vec3(not(_cond
	0x29, 0x20, 0x29, 0x20, 0x2a, 0x20, 0x5f, 0x66, 0x61, 0x6c, 0x73, 0x65, 0x29, 0x3b, 0x20, 0x7d, // ) ) * _false); }
	0x0a, 0x76, 0x65, 0x63, 0x34, 0x20, 0x73, 0x65, 0x6c, 0x65, 0x63, 0x74, 0x28, 0x62, 0x76, 0x65, // .vec4 select(bve
	0x63, 0x34, 0x20, 0x5f, 0x63, 0x6f, 0x6e, 0x64, 0x2c, 0x20, 0x76, 0x65, 0x63, 0x34, 0x20, 0x5f, // c4 _cond, vec4 _
	0x74, 0x72, 0x75, 0x65, 0x2c, 0x20, 0x76, 0x65, 0x63, 0x34, 0x20, 0x5f, 0x66, 0x61, 0x6c, 0x73, // true, vec4 _fals
	0x65, 0x29, 0x20, 0x7b, 0x20, 0x72, 0x65, 0x74, 0x75, 0x72, 0x6e, 0x20, 0x28, 0x76, 0x65, 0x63, // e) { return (vec
	0x34, 0x28, 0x5f, 0x63, 0x6f, 0x6e, 0x64, 0x29, 0x20, 0x2a, 0x20, 0x5f, 0x74, 0x72, 0x75, 0x65, // 4(_cond) * _true
	0x29, 0x20, 0x2b, 0x20, 0x28, 0x76, 0x65, 0x63, 0x34, 0x28, 0x6e, 0x6f, 0x74, 0x28, 0x5f, 0x63, // ) + (vec4(not(_c
	0x6f, 0x6e, 0x64, 0x29, 0x20, 0x29, 0x20, 0x2a, 0x20, 0x5f, 0x66, 0x61, 0x6c, 0x73, 0x65, 0x29, // ond) ) * _false)
	0x3b, 0x20, 0x7d, 0x0a, 0x69, 0x6e, 0x74, 0x20, 0x73, 0x65, 0x6c, 0x65, 0x63, 0x74, 0x28, 0x62, // ; }.int select(b
	0x6f, 0x6f, 0x6c, 0x20, 0x5f, 0x63, 0x6f, 0x6e, 0x64, 0x2c, 0x20, 0x69, 0x6e, 0x74, 0x20, 0x5f, // ool _cond, int _
	0x74, 0x72, 0x75, 0x65, 0x2c, 0x20, 0x69, 0x6e, 0x74, 0x20, 0x5f, 0x66, 0x61, 0x6c, 0x73, 0x65, // true, int _false
	0x29, 0x20, 0x7b, 0x20, 0x72, 0x65, 0x74, 0x75, 0x72, 0x6e, 0x20, 0x5f, 0x63, 0x6f, 0x6e, 0x64, // ) { return _cond
	0x20, 0x3f, 0x20, 0x5f, 0x74, 0x72, 0x75, 0x65, 0x20, 0x3a, 0x20, 0x5f, 0x66, 0x61, 0x6c, 0x73, //  ? _true : _fals
	0x65, 0x3b, 0x20, 0x7d, 0x0a, 0x69, 0x76, 0x65, 0x63, 0x32, 0x20, 0x73, 0x65, 0x6c, 0x65, 0x63, // e; }.ivec2 selec
	0x74, 0x28, 0x62, 0x6f, 0x6f, 0x6c, 0x20, 0x5f, 0x63, 0x6f, 0x6e, 0x64, 0x2c, 0x20, 0x69, 0x76, // t(bool _cond, iv
	0x65, 0x63, 0x32, 0x20, 0x5f, 0x74, 0x72, 0x75, 0x65, 0x2c, 0x20, 0x69, 0x76, 0x65, 0x63, 0x32, // ec2 _true, ivec2
	0x20, 0x5f, 0x66, 0x61, 0x6c, 0x73, 0x65, 0x29, 0x20, 0x7b, 0x20, 0x72, 0x65, 0x74, 0x75, 0x72, //  _false) { retur
	0x6e, 0x20, 0x5f, 0x63, 0x6f, 0x6e, 0x64, 0x20, 0x3f, 0x20, 0x5f, 0x74, 0x72, 0x75, 0x65, 0x20, // n _cond ? _true 
	0x3a, 0x20, 0x5f, 0x66, 0x61, 0x6c, 0x73, 0x65, 0x3b, 0x20, 0x7d, 0x0a, 0x69, 0x76, 0x65, 0x63, // : _false; }.ivec
	0x33, 0x20, 0x73, 0x65, 0x6c, 0x65, 0x63, 0x74, 0x28, 0x62, 0x6f, 0x6f, 0x6c, 0x20, 0x5f, 0x63, // 3 select(bool _c
	0x6f, 0x6e, 0x64, 0x2c, 0x20, 0x69, 0x76, 0x65, 0x63, 0x33, 0x20, 0x5f, 0x74, 0x72, 0x75, 0x65, // ond, ivec3 _true
	0x2c, 0x20, 0x69, 0x76, 0x65, 0x63, 0x33, 0x20, 0x5f, 0x66, 0x61, 0x6c, 0x73, 0x65, 0x29, 0x20, // , ivec3 _false) 
	0x7b, 0x20, 0x72, 0x65, 0x74, 0x75, 0x72, 0x6e, 0x20, 0x5f, 0x63, 0x6f, 0x6e, 0x64, 0x20, 0x3f, // { return _cond ?
	0x20, 0x5f, 0x74, 0x72, 0x75, 0x65, 0x20, 0x3a, 0x20, 0x5f, 0x66, 0x61, 0x6c, 0x73, 0x65, 0x3b, //  _true : _false;
	0x20, 0x7d, 0x0a, 0x69, 0x76, 0x65, 0x63, 0x34, 0x20, 0x73, 0x65, 0x6c, 0x65, 0x63, 0x74, 0x28, //  }.ivec4 select(
	0x62, 0x6f, 0x6f, 0x6c, 0x20, 0x5f, 0x63, 0x6f, 0x6e, 0x64, 0x2c, 0x20, 0x69, 0x76, 0x65, 0x63, // bool _cond, ivec
	0x34, 0x20, 0x5f, 0x74, 0x72, 0x75, 0x65, 0x2c, 0x20, 0x69, 0x76, 0x65, 0x63, 0x34, 0x20, 0x5f, // 4 _true, ivec4 _
	0x66, 0x61, 0x6c, 0x73, 0x65, 0x29, 0x20, 0x7b, 0x20, 0x72, 0x65, 0x74, 0x75, 0x72, 0x6e, 0x20, // false) { return 
	0x5f, 0x63, 0x6f, 0x6e, 0x64, 0x20, 0x3f, 0x20, 0x5f, 0x74, 0x72, 0x75, 0x65, 0x20, 0x3a, 0x20, // _cond ? _true : 
	0x5f, 0x66, 0x61, 0x6c, 0x73, 0x65, 0x3b, 0x20, 0x7d, 0x0a, 0x69, 0x76, 0x65, 0x63, 0x32, 0x20, // _false; }.ivec2 
	0x73, 0x65, 0x6c, 0x65, 0x63, 0x74, 0x28, 0x62, 0x76, 0x65, 0x63, 0x32, 0x20, 0x5f, 0x63, 0x6f, // select(bvec2 _co
	0x6e, 0x64, 0x2c, 0x20, 0x69, 0x76, 0x65, 0x63, 0x32, 0x20, 0x5f, 0x74, 0x72, 0x75, 0x65, 0x2c, // nd, ivec2 _true,
	0x20, 0x69, 0x76, 0x65, 0x63, 0x32, 0x20, 0x5f, 0x66, 0x61, 0x6c, 0x73, 0x65, 0x29, 0x20, 0x7b, //  ivec2 _false) {
	0x20, 0x72, 0x65, 0x74, 0x75, 0x72, 0x6e, 0x20, 0x28, 0x69, 0x76, 0x65, 0x63, 0x32, 0x28, 0x5f, //  return (ivec2(_
	0x63, 0x6f, 0x6e, 0x64, 0x29, 0x20, 0x2a, 0x20, 0x5f, 0x74, 0x72, 0x75, 0x65, 0x29, 0x20, 0x2b, // cond) * _true) +
	0x20, 0x28, 0x69, 0x76, 0x65, 0x63, 0x32, 0x28, 0x6e, 0x6f, 0x74, 0x28, 0x5f, 0x63, 0x6f, 0x6e, //  (ivec2(not(_con
	0x64, 0x29, 0x20, 0x29, 0x20, 0x2a, 0x20, 0x5f, 0x66, 0x61, 0x6c, 0x73, 0x65, 0x29, 0x3b, 0x20, // d) ) * _false); 
	0x7d, 0x0a, 0x69, 0x76, 0x65, 0x63, 0x33, 0x20, 0x73, 0x65, 0x6c, 0x65, 0x63, 0x74, 0x28, 0x62, // }.ivec3 select(b
	0x76, 0x65, 0x63, 0x33, 0x20, 0x5f, 0x63, 0x6f, 0x6e, 0x64, 0x2c, 0x20, 0x69, 0x76, 0x65, 0x63, // vec3 _cond, ivec
	0x33, 0x20, 0x5f, 0x74, 0x72, 0x75, 0x65, 0x2c, 0x20, 0x69, 0x76, 0x65, 0x63, 0x33, 0x20, 0x5f, // 3 _true, ivec3 _
	0x66, 0x61, 0x6c, 0x73, 0x65, 0x29, 0x20, 0x7b, 0x20, 0x72, 0x65, 0x74, 0x75, 0x72, 0x6e, 0x20, // false) { return 
	0x28, 0x69, 0x76, 0x65, 0x63, 0x33, 0x28, 0x5f, 0x63, 0x6f, 0x6e, 0x64, 0x29, 0x20, 0x2a, 0x20, // (ivec3(_cond) * 
	0x5f, 0x74, 0x72, 0x75, 0x65, 0x29, 0x20, 0x2b, 0x20, 0x28, 0x69, 0x76, 0x65, 0x63, 0x33, 0x28, // _true) + (ivec3(
	0x6e, 0x6f, 0x74, 0x28, 0x5f, 0x63, 0x6f, 0x6e, 0x64, 0x29, 0x20, 0x29, 0x20, 0x2a, 0x20, 0x5f, // not(_cond) ) * _
	0x66, 0x61, 0x6c, 0x73, 0x65, 0x29, 0x3b, 0x20, 0x7d, 0x0a, 0x69, 0x76, 0x65, 0x63, 0x34, 0x20, // false); }.ivec4 
	0x73, 0x65, 0x6c, 0x65, 0x63, 0x74, 0x28, 0x62, 0x76, 0x65, 0x63, 0x34, 0x20, 0x5f, 0x63, 0x6f, // select(bvec4 _co
	0x6e, 0x64, 0x2c, 0x20, 0x69, 0x76, 0x65, 0x63, 0x34, 0x20, 0x5f, 0x74, 0x72, 0x75, 0x65, 0x2c, // nd, ivec4 _true,
	0x20, 0x69, 0x76, 0x65, 0x63, 0x34, 0x20, 0x5f, 0x66, 0x61, 0x6c, 0x73, 0x65, 0x29, 0x20, 0x7b, //  ivec4 _false) {
	0x20, 0x72, 0x65, 0x74, 0x75, 0x72, 0x6e, 0x20, 0x28, 0x69, 0x76, 0x65, 0x63, 0x34, 0x28, 0x5f, //  return (ivec4(_
	0x63, 0x6f, 0x6e, 0x64, 0x29, 0x20, 0x2a, 0x20, 0x5f, 0x74, 0x72, 0x75, 0x65, 0x29, 0x20, 0x2b, // cond) * _true) +
	0x20, 0x28, 0x69, 0x76, 0x65, 0x63, 0x34, 0x28, 0x6e, 0x6f, 0x74, 0x28, 0x5f, 0x63, 0x6f, 0x6e, //  (ivec4(not(_con
	0x64, 0x29, 0x20, 0x29, 0x20, 0x2a, 0x20, 0x5f, 0x66, 0x61, 0x6c, 0x73, 0x65, 0x29, 0x3b, 0x20, // d) ) * _false); 
	0x7d, 0x0a, 0x75, 0x69, 0x6e, 0x74, 0x20, 0x73, 0x65, 0x6c, 0x65, 0x63, 0x74, 0x28, 0x62, 0x6f, // }.uint select(bo
	0x6f, 0x6c, 0x20, 0x5f, 0x63, 0x6f, 0x6e, 0x64, 0x2c, 0x20, 0x75, 0x69, 0x6e, 0x74, 0x20, 0x5f, // ol _cond, uint _
	0x74, 0x72, 0x75, 0x65, 0x2c, 0x20, 0x75, 0x69, 0x6e, 0x74, 0x20, 0x5f, 0x66, 0x61, 0x6c, 0x73, // true, uint _fals
	0x65, 0x29, 0x20, 0x7b, 0x20, 0x72, 0x65, 0x74, 0x75, 0x72, 0x6e, 0x20, 0x5f, 0x63, 0x6f, 0x6e, // e) { return _con
	0x64, 0x20, 0x3f, 0x20, 0x5f, 0x74, 0x72, 0x75, 0x65, 0x20, 0x3a, 0x20, 0x5f, 0x66, 0x61, 0x6c, // d ? _true : _fal
	0x73, 0x65, 0x3b, 0x20, 0x7d, 0x0a, 0x75, 0x76, 0x65, 0x63, 0x32, 0x20, 0x73, 0x65, 0x6c, 0x65, // se; }.uvec2 sele
	0x63, 0x74, 0x28, 0x62, 0x6f, 0x6f, 0x6c, 0x20, 0x5f, 0x63, 0x6f, 0x6e, 0x64, 0x2c, 0x20, 0x75, // ct(bool _cond, u
	0x76, 0x65, 0x63, 0x32, 0x20, 0x5f, 0x74, 0x72, 0x75, 0x65, 0x2c, 0x20, 0x75, 0x76, 0x65, 0x63, // vec2 _true, uvec
	0x32, 0x20, 0x5f, 0x66, 0x61, 0x6c, 0x73, 0x65, 0x29, 0x20, 0x7b, 0x20, 0x72, 0x65, 0x74, 0x75, // 2 _false) { retu
	0x72, 0x6e, 0x20, 0x5f, 0x63, 0x6f, 0x6e, 0x64, 0x20, 0x3f, 0x20, 0x5f, 0x74, 0x72, 0x75, 0x65, // rn _cond ? _true
	0x20, 0x3a, 0x20, 0x5f, 0x66, 0x61, 0x6c, 0x73, 0x65, 0x3b, 0x20, 0x7d, 0x0a, 0x75, 0x76, 0x65, //  : _false; }.uve
	0x63, 0x33, 0x20, 0x73, 0x65, 0x6c, 0x65, 0x63, 0x74, 0x28, 0x62, 0x6f, 0x6f, 0x6c, 0x20, 0x5f, // c3 select(bool _
	0x63, 0x6f, 0x6e, 0x64, 0x2c, 0x20, 0x75, 0x76, 0x65, 0x63, 0x33, 0x20, 0x5f, 0x74, 0x72, 0x75, // cond, uvec3 _tru
	0x65, 0x2c, 0x20, 0x75, 0x76, 0x65, 0x63, 0x33, 0x20, 0x5f, 0x66, 0x61, 0x6c, 0x73, 0x65, 0x29, // e, uvec3 _false)
	0x20, 0x7b, 0x20, 0x72, 0x65, 0x74, 0x75, 0x72, 0x6e, 0x20, 0x5f, 0x63, 0x6f, 0x6e, 0x64, 0x20, //  { return _cond 
	0x3f, 0x20, 0x5f, 0x74, 0x72, 0x75, 0x65, 0x20, 0x3a, 0x20, 0x5f, 0x66, 0x61, 0x6c, 0x73, 0x65, // ? _true : _false
	0x3b, 0x20, 0x7d, 0x0a, 0x75, 0x76, 0x65, 0x63, 0x34, 0x20, 0x73, 0x65, 0x6c, 0x65, 0x63, 0x74, // ; }.uvec4 select
	0x28, 0x62, 0x6f, 0x6f, 0x6c, 0x20, 0x5f, 0x63, 0x6f, 0x6e, 0x64, 0x2c, 0x20, 0x75, 0x76, 0x65, // (bool _cond, uve
	0x63, 0x34, 0x20, 0x5f, 0x74, 0x72, 0x75, 0x65, 0x2c, 0x20, 0x75, 0x76, 0x65, 0x63, 0x34, 0x20, // c4 _true, uvec4 
	0x5f, 0x66, 0x61, 0x6c, 0x73, 0x65, 0x29, 0x20, 0x7b, 0x20, 0x72, 0x65, 0x74, 0x75, 0x72, 0x6e, // _false) { return
	0x20, 0x5f, 0x63, 0x6f, 0x6e, 0x64, 0x20, 0x3f, 0x20, 0x5f, 0x74, 0x72, 0x75, 0x65, 0x20, 0x3a, //  _cond ? _true :
	0x20, 0x5f, 0x66, 0x61, 0x6c, 0x73, 0x65, 0x3b, 0x20, 0x7d, 0x0a, 0x75, 0x76, 0x65, 0x63, 0x32, //  _false; }.uvec2
	0x20, 0x73, 0x65, 0x6c, 0x65, 0x63, 0x74, 0x28, 0x62, 0x76, 0x65, 0x63, 0x32, 0x20, 0x5f, 0x63, //  select(bvec2 _c
	0x6f, 0x6e, 0x64, 0x2c, 0x20, 0x75, 0x76, 0x65, 0x63, 0x32, 0x20, 0x5f, 0x74, 0x72, 0x75, 0x65, // ond, uvec2 _true
	0x2c, 0x20, 0x75, 0x76, 0x65, 0x63, 0x32, 0x20, 0x5f, 0x66, 0x61, 0x6c, 0x73, 0x65, 0x29, 0x20, // , uvec2 _false) 
	0x7b, 0x20, 0x72, 0x65, 0x74, 0x75, 0x72, 0x6e, 0x20, 0x28, 0x75, 0x76, 0x65, 0x63, 0x32, 0x28, // { return (uvec2(
	0x5f, 0x63, 0x6f, 0x6e, 0x64, 0x29, 0x20, 0x2a, 0x20, 0x5f, 0x74, 0x72, 0x75, 0x65, 0x29, 0x20, // _cond) * _true) 
	0x2b, 0x20, 0x28, 0x75, 0x76, 0x65, 0x63, 0x32, 0x28, 0x6e, 0x6f, 0x74, 0x28, 0x5f, 0x63, 0x6f, // + (uvec2(not(_co
	0x6e, 0x64, 0x29, 0x20, 0x29, 0x20, 0x2a, 0x20, 0x5f, 0x66, 0x61, 0x6c, 0x73, 0x65, 0x29, 0x3b, // nd) ) * _false);
	0x20, 0x7d, 0x0a, 0x75, 0x76, 0x65, 0x63, 0x33, 0x20, 0x73, 0x65, 0x6c, 0x65, 0x63, 0x74, 0x28, //  }.uvec3 select(
	0x62, 0x76, 0x65, 0x63, 0x33, 0x20, 0x5f, 0x63, 0x6f, 0x6e, 0x64, 0x2c, 0x20, 0x75, 0x76, 0x65, // bvec3 _cond, uve
	0x63, 0x33, 0x20, 0x5f, 0x74, 0x72, 0x75, 0x65, 0x2c, 0x20, 0x75, 0x76, 0x65, 0x63, 0x33, 0x20, // c3 _true, uvec3 
	0x5f, 0x66, 0x61, 0x6c, 0x73, 0x65, 0x29, 0x20, 0x7b, 0x20, 0x72, 0x65, 0x74, 0x75, 0x72, 0x6e, // _false) { return
	0x20, 0x28, 0x75, 0x76, 0x65, 0x63, 0x33, 0x28, 0x5f, 0x63, 0x6f, 0x6e, 0x64, 0x29, 0x20, 0x2a, //  (uvec3(_cond) *
	0x20, 0x5f, 0x74, 0x72, 0x75, 0x65, 0x29, 0x20, 0x2b, 0x20, 0x28, 0x75, 0x76, 0x65, 0x63, 0x33, //  _true) + (uvec3
	0x28, 0x6e, 0x6f, 0x74, 0x28, 0x5f, 0x63, 0x6f, 0x6e, 0x64, 0x29, 0x20, 0x29, 0x20, 0x2a, 0x20, // (not(_cond) ) * 
	0x5f, 0x66, 0x61, 0x6c, 0x73, 0x65, 0x29, 0x3b, 0x20, 0x7d, 0x0a, 0x75, 0x76, 0x65, 0x63, 0x34, // _false); }.uvec4
	0x20, 0x73, 0x65, 0x6c, 0x65, 0x63, 0x74, 0x28, 0x62, 0x76, 0x65, 0x63, 0x34, 0x20, 0x5f, 0x63, //  select(bvec4 _c
	0x6f, 0x6e, 0x64, 0x2c, 0x20, 0x75, 0x76, 0x65, 0x63, 0x34, 0x20, 0x5f, 0x74, 0x72, 0x75, 0x65, // ond, uvec4 _true
	0x2c, 0x20, 0x75, 0x76, 0x65, 0x63, 0x34, 0x20, 0x5f, 0x66, 0x61, 0x6c, 0x73, 0x65, 0x29, 0x20, // , uvec4 _false) 
	0x7b, 0x20, 0x72, 0x65, 0x74, 0x75, 0x72, 0x6e, 0x20, 0x28, 0x75, 0x76, 0x65, 0x63, 0x34, 0x28, // { return (uvec4(
	0x5f, 0x63, 0x6f, 0x6e, 0x64, 0x29, 0x20, 0x2a, 0x20, 0x5f, 0x74, 0x72, 0x75, 0x65, 0x29, 0x20, // _cond) * _true) 
	0x2b, 0x20, 0x28, 0x75, 0x76, 0x65, 0x63, 0x34, 0x28, 0x6e, 0x6f, 0x74, 0x28, 0x5f, 0x63, 0x6f, // + (uvec4(not(_co
	0x6e, 0x64, 0x29, 0x20, 0x29, 0x20, 0x2a, 0x20, 0x5f, 0x66, 0x61, 0x6c, 0x73, 0x65, 0x29, 0x3b, // nd) ) * _false);
	0x20, 0x7d, 0x0a, 0x75, 0x6e, 0x69, 0x66, 0x6f, 0x72, 0x6d, 0x20, 0x76, 0x65, 0x63, 0x34, 0x20, //  }.uniform vec4 
	0x75, 0x5f, 0x76, 0x69, 0x65, 0x77, 0x52, 0x65, 0x63, 0x74, 0x3b, 0x0a, 0x75, 0x6e, 0x69, 0x66, // u_viewRect;.unif
	0x6f, 0x72, 0x6d, 0x20, 0x76, 0x65, 0x63, 0x34, 0x20, 0x75, 0x5f, 0x76, 0x69, 0x65, 0x77, 0x54, // orm vec4 u_viewT
	0x65, 0x78, 0x65, 0x6c, 0x3b, 0x0a, 0x75, 0x6e, 0x69, 0x66, 0x6f, 0x72, 0x6d, 0x20, 0x6d, 0x61, // exel;.uniform ma
	0x74, 0x34, 0x20, 0x75, 0x5f, 0x76, 0x69, 0x65, 0x77, 0x3b, 0x0a, 0x75, 0x6e, 0x69, 0x66, 0x6f, // t4 u_view;.unifo
	0x72, 0x6d, 0x20, 0x6d, 0x61, 0x74, 0x34, 0x20, 0x75, 0x5f, 0x69, 0x6e, 0x76, 0x56, 0x69, 0x65, // rm mat4 u_invVie
	0x77, 0x3b, 0x0a, 0x75, 0x6e, 0x69, 0x66, 0x6f, 0x72, 0x6d, 0x20, 0x6d, 0x61, 0x74, 0x34, 0x20, // w;.uniform mat4 
	0x75, 0x5f, 0x70, 0x72, 0x6f, 0x6a, 0x3b, 0x0a, 0x75, 0x6e, 0x69, 0x66, 0x6f, 0x72, 0x6d, 0x20, // u_proj;.uniform 
	0x6d, 0x61, 0x74, 0x34, 0x20, 0x75, 0x5f, 0x69, 0x6e, 0x76, 0x50, 0x72, 0x6f, 0x6a, 0x3b, 0x0a, // mat4 u_invProj;.
	0x75, 0x6e, 0x69, 0x66, 0x6f, 0x72, 0x6d, 0x20, 0x6d, 0x61, 0x74, 0x34, 0x20, 0x75, 0x5f, 0x76, // uniform mat4 u_v
	0x69, 0x65, 0x77, 0x50, 0x72, 0x6f, 0x6a, 0x3b, 0x0a, 0x75, 0x6e, 0x69, 0x66, 0x6f, 0x72, 0x6d, // iewProj;.uniform
	0x20, 0x6d, 0x61, 0x74, 0x34, 0x20, 0x75, 0x5f, 0x69, 0x6e, 0x76, 0x56, 0x69, 0x65, 0x77, 0x50, //  mat4 u_invViewP
	0x72, 0x6f, 0x6a, 0x3b, 0x0a, 0x75, 0x6e, 0x69, 0x66, 0x6f, 0x72, 0x6d, 0x20, 0x6d, 0x61, 0x74, // roj;.uniform mat
	0x34, 0x20, 0x75, 0x5f, 0x6d, 0x6f, 0x64, 0x65, 0x6c, 0x56, 0x69, 0x65, 0x77, 0x3b, 0x0a, 0x75, // 4 u_modelView;.u
	0x6e, 0x69, 0x66, 0x6f, 0x72, 0x6d, 0x20, 0x6d, 0x61, 0x74, 0x34, 0x20, 0x75, 0x5f, 0x69, 0x6e, // niform mat4 u_in
	0x76, 0x4d, 0x6f, 0x64, 0x65, 0x6c, 0x56, 0x69, 0x65, 0x77, 0x3b, 0x0a, 0x75, 0x6e, 0x69, 0x66, // vModelView;.unif
	0x6f, 0x72, 0x6d, 0x20, 0x6d, 0x61, 0x74, 0x34, 0x20, 0x75, 0x5f, 0x6d, 0x6f, 0x64, 0x65, 0x6c, // orm mat4 u_model
	0x56, 0x69, 0x65, 0x77, 0x50, 0x72, 0x6f, 0x6a, 0x3b, 0x0a, 0x75, 0x6e, 0x69, 0x66, 0x6f, 0x72, // ViewProj;.unifor
	0x6d, 0x20, 0x76, 0x65, 0x63, 0x34, 0x20, 0x75, 0x5f, 0x61, 0x6c, 0x70, 0x68, 0x61, 0x52, 0x65, // m vec4 u_alphaRe
	0x66, 0x34, 0x3b, 0x0a, 0x75, 0x6e, 0x69, 0x66, 0x6f, 0x72, 0x6d, 0x20, 0x6d, 0x61, 0x74, 0x34, // f4;.uniform mat4
	0x20, 0x75, 0x5f, 0x6d, 0x6f, 0x64, 0x65, 0x6c, 0x5b, 0x31, 0x5d, 0x3b, 0x0a, 0x75, 0x6e, 0x69, //  u_model[1];.uni
	0x66, 0x6f, 0x72, 0x6d, 0x20, 0x76, 0x65, 0x63, 0x34, 0x20, 0x62, 0x67, 0x66, 0x78, 0x5f, 0x6e, // form vec4 bgfx_n
	0x64, 0x63, 0x3b, 0x0a, 0x75, 0x6e, 0x69, 0x66, 0x6f, 0x72, 0x6d, 0x20, 0x76, 0x65, 0x63, 0x34, // dc;.uniform vec4
	0x20, 0x62, 0x67, 0x66, 0x78, 0x5f, 0x69, 0x6e, 0x64, 0x69, 0x72, 0x65, 0x63, 0x74, 0x41, 0x72, //  bgfx_indirectAr
	0x67, 0x42, 0x61, 0x73, 0x65, 0x3b, 0x0a, 0x75, 0x6e, 0x69, 0x66, 0x6f, 0x72, 0x6d, 0x20, 0x73, // gBase;.uniform s
	0x61, 0x6d, 0x70, 0x6c, 0x65, 0x72, 0x32, 0x44, 0x41, 0x72, 0x72, 0x61, 0x79, 0x20, 0x62, 0x67, // ampler2DArray bg
	0x66, 0x78, 0x5f, 0x74, 0x65, 0x78, 0x4d, 0x69, 0x70, 0x53, 0x72, 0x63, 0x3b, 0x0a, 0x6c, 0x61, // fx_texMipSrc;.la
	0x79, 0x6f, 0x75, 0x74, 0x28, 0x72, 0x67, 0x62, 0x61, 0x38, 0x2c, 0x20, 0x62, 0x69, 0x6e, 0x64, // yout(rgba8, bind
	0x69, 0x6e, 0x67, 0x3d, 0x30, 0x29, 0x20, 0x77, 0x72, 0x69, 0x74, 0x65, 0x6f, 0x6e, 0x6c, 0x79, // ing=0) writeonly
	0x20, 0x75, 0x6e, 0x69, 0x66, 0x6f, 0x72, 0x6d, 0x20, 0x69, 0x6d, 0x61, 0x67, 0x65, 0x32, 0x44, //  uniform image2D
	0x41, 0x72, 0x72, 0x61, 0x79, 0x20, 0x73, 0x5f, 0x69, 0x6d, 0x67, 0x4d, 0x69, 0x70, 0x31, 0x3b, // Array s_imgMip1;
	0x0a, 0x6c, 0x61, 0x79, 0x6f, 0x75, 0x74, 0x28, 0x72, 0x67, 0x62, 0x61, 0x38, 0x2c, 0x20, 0x62, // .layout(rgba8, b
	0x69, 0x6e, 0x64, 0x69, 0x6e, 0x67, 0x3d, 0x31, 0x29, 0x20, 0x77, 0x72, 0x69, 0x74, 0x65, 0x6f, // inding=1) writeo
	0x6e, 0x6c, 0x79, 0x20, 0x75, 0x6e, 0x69, 0x66, 0x6f, 0x72, 0x6d, 0x20, 0x69, 0x6d, 0x61, 0x67, // nly uniform imag
	0x65, 0x32, 0x44, 0x41, 0x72, 0x72, 0x61, 0x79, 0x20, 0x73, 0x5f, 0x69, 0x6d, 0x67, 0x4d, 0x69, // e2DArray s_imgMi
	0x70, 0x32, 0x3b, 0x0a, 0x6c, 0x61, 0x79, 0x6f, 0x75, 0x74, 0x28, 0x72, 0x67, 0x62, 0x61, 0x38, // p2;.layout(rgba8
	0x2c, 0x20, 0x62, 0x69, 0x6e, 0x64, 0x69, 0x6e, 0x67, 0x3d, 0x32, 0x29, 0x20, 0x77, 0x72, 0x69, // , binding=2) wri
	0x74, 0x65, 0x6f, 0x6e, 0x6c, 0x79, 0x20, 0x75, 0x6e, 0x69, 0x66, 0x6f, 0x72, 0x6d, 0x20, 0x69, // teonly uniform i
	0x6d, 0x61, 0x67, 0x65, 0x32, 0x44, 0x41, 0x72, 0x72, 0x61, 0x79, 0x20, 0x73, 0x5f, 0x69, 0x6d, // mage2DArray s_im
	0x67, 0x4d, 0x69, 0x70, 0x33, 0x3b, 0x0a, 0x6c, 0x61, 0x79, 0x6f, 0x75, 0x74, 0x28, 0x72, 0x67, // gMip3;.layout(rg
	0x62, 0x61, 0x38, 0x2c, 0x20, 0x62, 0x69, 0x6e, 0x64, 0x69, 0x6e, 0x67, 0x3d, 0x33, 0x29, 0x20, // ba8, binding=3) 
	0x77, 0x72, 0x69, 0x74, 0x65, 0x6f, 0x6e, 0x6c, 0x79, 0x20, 0x75, 0x6e, 0x69, 0x66, 0x6f, 0x72, // writeonly unifor
	0x6d, 0x20, 0x69, 0x6d, 0x61, 0x67, 0x65, 0x32, 0x44, 0x41, 0x72, 0x72, 0x61, 0x79, 0x20, 0x73, // m image2DArray s
	0x5f, 0x69, 0x6d, 0x67, 0x4d, 0x69, 0x70, 0x34, 0x3b, 0x0a, 0x75, 0x6e, 0x69, 0x66, 0x6f, 0x72, // _imgMip4;.unifor
	0x6d, 0x20, 0x76, 0x65, 0x63, 0x34, 0x20, 0x62, 0x67, 0x66, 0x78, 0x5f, 0x6d, 0x69, 0x70, 0x47, // m vec4 bgfx_mipG
	0x65, 0x6e, 0x3b, 0x0a, 0x73, 0x68, 0x61, 0x72, 0x65, 0x64, 0x20, 0x66, 0x6c, 0x6f, 0x61, 0x74, // en;.shared float
	0x20, 0x67, 0x73, 0x5f, 0x52, 0x5b, 0x36, 0x34, 0x5d, 0x3b, 0x0a, 0x73, 0x68, 0x61, 0x72, 0x65, //  gs_R[64];.share
	0x64, 0x20, 0x66, 0x6c, 0x6f, 0x61, 0x74, 0x20, 0x67, 0x73, 0x5f, 0x47, 0x5b, 0x36, 0x34, 0x5d, // d float gs_G[64]
	0x3b, 0x0a, 0x73, 0x68, 0x61, 0x72, 0x65, 0x64, 0x20, 0x66, 0x6c, 0x6f, 0x61, 0x74, 0x20, 0x67, // ;.shared float g
	0x73, 0x5f, 0x42, 0x5b, 0x36, 0x34, 0x5d, 0x3b, 0x0a, 0x73, 0x68, 0x61, 0x72, 0x65, 0x64, 0x20, // s_B[64];.shared 
	0x66, 0x6c, 0x6f, 0x61, 0x74, 0x20, 0x67, 0x73, 0x5f, 0x41, 0x5b, 0x36, 0x34, 0x5d, 0x3b, 0x0a, // float gs_A[64];.
	0x76, 0x6f, 0x69, 0x64, 0x20, 0x73, 0x74, 0x6f, 0x72, 0x65, 0x43, 0x6f, 0x6c, 0x6f, 0x72, 0x28, // void storeColor(
	0x75, 0x69, 0x6e, 0x74, 0x20, 0x5f, 0x69, 0x6e, 0x64, 0x65, 0x78, 0x2c, 0x20, 0x76, 0x65, 0x63, // uint _index, vec
	0x34, 0x20, 0x5f, 0x63, 0x6f, 0x6c, 0x6f, 0x72, 0x29, 0x0a, 0x7b, 0x0a, 0x67, 0x73, 0x5f, 0x52, // 4 _color).{.gs_R
	0x5b, 0x5f, 0x69, 0x6e, 0x64, 0x65, 0x78, 0x5d, 0x20, 0x3d, 0x20, 0x5f, 0x63, 0x6f, 0x6c, 0x6f, // [_index] = _colo
	0x72, 0x2e, 0x78, 0x3b, 0x0a, 0x67, 0x73, 0x5f, 0x47, 0x5b, 0x5f, 0x69, 0x6e, 0x64, 0x65, 0x78, // r.x;.gs_G[_index
	0x5d, 0x20, 0x3d, 0x20, 0x5f, 0x63, 0x6f, 0x6c, 0x6f, 0x72, 0x2e, 0x79, 0x3b, 0x0a, 0x67, 0x73, // ] = _color.y;.gs
	0x5f, 0x42, 0x5b, 0x5f, 0x69, 0x6e, 0x64, 0x65, 0x78, 0x5d, 0x20, 0x3d, 0x20, 0x5f, 0x63, 0x6f, // _B[_index] = _co
	0x6c, 0x6f, 0x72, 0x2e, 0x7a, 0x3b, 0x0a, 0x67, 0x73, 0x5f, 0x41, 0x5b, 0x5f, 0x69, 0x6e, 0x64, // lor.z;.gs_A[_ind
	0x65, 0x78, 0x5d, 0x20, 0x3d, 0x20, 0x5f, 0x63, 0x6f, 0x6c, 0x6f, 0x72, 0x2e, 0x77, 0x3b, 0x0a, // ex] = _color.w;.
	0x7d, 0x0a, 0x76, 0x65, 0x63, 0x34, 0x20, 0x6c, 0x6f, 0x61, 0x64, 0x43, 0x6f, 0x6c, 0x6f, 0x72, // }.vec4 loadColor
	0x28, 0x75, 0x69, 0x6e, 0x74, 0x20, 0x5f, 0x69, 0x6e, 0x64, 0x65, 0x78, 0x29, 0x0a, 0x7b, 0x0a, // (uint _index).{.
	0x72, 0x65, 0x74, 0x75, 0x72, 0x6e, 0x20, 0x76, 0x65, 0x63, 0x34, 0x28, 0x67, 0x73, 0x5f, 0x52, // return vec4(gs_R
	0x5b, 0x5f, 0x69, 0x6e, 0x64, 0x65, 0x78, 0x5d, 0x2c, 0x20, 0x67, 0x73, 0x5f, 0x47, 0x5b, 0x5f, // [_index], gs_G[_
	0x69, 0x6e, 0x64, 0x65, 0x78, 0x5d, 0x2c, 0x20, 0x67, 0x73, 0x5f, 0x42, 0x5b, 0x5f, 0x69, 0x6e, // index], gs_B[_in
	0x64, 0x65, 0x78, 0x5d, 0x2c, 0x20, 0x67, 0x73, 0x5f, 0x41, 0x5b, 0x5f, 0x69, 0x6e, 0x64, 0x65, // dex], gs_A[_inde
	0x78, 0x5d, 0x29, 0x3b, 0x0a, 0x7d, 0x0a, 0x6c, 0x61, 0x79, 0x6f, 0x75, 0x74, 0x20, 0x28, 0x6c, // x]);.}.layout (l
	0x6f, 0x63, 0x61, 0x6c, 0x5f, 0x73, 0x69, 0x7a, 0x65, 0x5f, 0x78, 0x20, 0x3d, 0x20, 0x38, 0x2c, // ocal_size_x = 8,
	0x20, 0x6c, 0x6f, 0x63, 0x61, 0x6c, 0x5f, 0x73, 0x69, 0x7a, 0x65, 0x5f, 0x79, 0x20, 0x3d, 0x20, //  local_size_y = 
	0x38, 0x2c, 0x20, 0x6c, 0x6f, 0x63, 0x61, 0x6c, 0x5f, 0x73, 0x69, 0x7a, 0x65, 0x5f, 0x7a, 0x20, // 8, local_size_z 
	0x3d, 0x20, 0x31, 0x29, 0x20, 0x69, 0x6e, 0x3b, 0x0a, 0x76, 0x6f, 0x69, 0x64, 0x20, 0x6d, 0x61, // = 1) in;.void ma
	0x69, 0x6e, 0x28, 0x29, 0x0a, 0x7b, 0x0a, 0x75, 0x69, 0x6e, 0x74, 0x20, 0x67, 0x69, 0x20, 0x3d, // in().{.uint gi =
	0x20, 0x67, 0x6c, 0x5f, 0x4c, 0x6f, 0x63, 0x61, 0x6c, 0x49, 0x6e, 0x76, 0x6f, 0x63, 0x61, 0x74, //  gl_LocalInvocat
	0x69, 0x6f, 0x6e, 0x49, 0x6e, 0x64, 0x65, 0x78, 0x3b, 0x0a, 0x75, 0x76, 0x65, 0x63, 0x33, 0x20, // ionIndex;.uvec3 
	0x64, 0x74, 0x69, 0x64, 0x20, 0x3d, 0x20, 0x67, 0x6c, 0x5f, 0x47, 0x6c, 0x6f, 0x62, 0x61, 0x6c, // dtid = gl_Global
	0x49, 0x6e, 0x76, 0x6f, 0x63, 0x61, 0x74, 0x69, 0x6f, 0x6e, 0x49, 0x44, 0x3b, 0x0a, 0x75, 0x69, // InvocationID;.ui
	0x6e, 0x74, 0x20, 0x73, 0x72, 0x63, 0x4d, 0x69, 0x70, 0x4c, 0x65, 0x76, 0x65, 0x6c, 0x20, 0x3d, // nt srcMipLevel =
	0x20, 0x75, 0x69, 0x6e, 0x74, 0x28, 0x62, 0x67, 0x66, 0x78, 0x5f, 0x6d, 0x69, 0x70, 0x47, 0x65, //  uint(bgfx_mipGe
	0x6e, 0x2e, 0x78, 0x29, 0x3b, 0x0a, 0x75, 0x69, 0x6e, 0x74, 0x20, 0x6e, 0x75, 0x6d, 0x4d, 0x69, // n.x);.uint numMi
	0x70, 0x4c, 0x65, 0x76, 0x65, 0x6c, 0x73, 0x20, 0x3d, 0x20, 0x75, 0x69, 0x6e, 0x74, 0x28, 0x62, // pLevels = uint(b
	0x67, 0x66, 0x78, 0x5f, 0x6d, 0x69, 0x70, 0x47, 0x65, 0x6e, 0x2e, 0x79, 0x29, 0x3b, 0x0a, 0x76, // gfx_mipGen.y);.v
	0x65, 0x63, 0x32, 0x20, 0x74, 0x65, 0x78, 0x65, 0x6c, 0x53, 0x69, 0x7a, 0x65, 0x20, 0x3d, 0x20, // ec2 texelSize = 
	0x62, 0x67, 0x66, 0x78, 0x5f, 0x6d, 0x69, 0x70, 0x47, 0x65, 0x6e, 0x2e, 0x7a, 0x77, 0x3b, 0x0a, // bgfx_mipGen.zw;.
	0x75, 0x69, 0x6e, 0x74, 0x20, 0x73, 0x6c, 0x69, 0x63, 0x65, 0x20, 0x3d, 0x20, 0x64, 0x74, 0x69, // uint slice = dti
	0x64, 0x2e, 0x7a, 0x3b, 0x0a, 0x76, 0x65, 0x63, 0x34, 0x20, 0x73, 0x72, 0x63, 0x31, 0x3b, 0x0a, // d.z;.vec4 src1;.
	0x76, 0x65, 0x63, 0x32, 0x20, 0x75, 0x76, 0x31, 0x20, 0x3d, 0x20, 0x74, 0x65, 0x78, 0x65, 0x6c, // vec2 uv1 = texel
	0x53, 0x69, 0x7a, 0x65, 0x20, 0x2a, 0x20, 0x28, 0x76, 0x65, 0x63, 0x32, 0x28, 0x64, 0x74, 0x69, // Size * (vec2(dti
	0x64, 0x2e, 0x78, 0x79, 0x29, 0x20, 0x2b, 0x20, 0x76, 0x65, 0x63, 0x32, 0x28, 0x30, 0x2e, 0x32, // d.xy) + vec2(0.2
	0x35, 0x2c, 0x20, 0x30, 0x2e, 0x32, 0x35, 0x29, 0x20, 0x29, 0x3b, 0x0a, 0x76, 0x65, 0x63, 0x32, // 5, 0.25) );.vec2
	0x20, 0x6f, 0x66, 0x66, 0x20, 0x3d, 0x20, 0x74, 0x65, 0x78, 0x65, 0x6c, 0x53, 0x69, 0x7a, 0x65, //  off = texelSize
	0x20, 0x2a, 0x20, 0x76, 0x65, 0x63, 0x32, 0x5f, 0x73, 0x70, 0x6c, 0x61, 0x74, 0x28, 0x30, 0x2e, //  * vec2_splat(0.
	0x35, 0x29, 0x3b, 0x0a, 0x73, 0x72, 0x63, 0x31, 0x20, 0x3d, 0x20, 0x74, 0x65, 0x78, 0x74, 0x75, // 5);.src1 = textu
	0x72, 0x65, 0x32, 0x44, 0x41, 0x72, 0x72, 0x61, 0x79, 0x4c, 0x6f, 0x64, 0x28, 0x62, 0x67, 0x66, // re2DArrayLod(bgf
	0x78, 0x5f, 0x74, 0x65, 0x78, 0x4d, 0x69, 0x70, 0x53, 0x72, 0x63, 0x2c, 0x20, 0x76, 0x65, 0x63, // x_texMipSrc, vec
	0x33, 0x28, 0x75, 0x76, 0x31, 0x2c, 0x20, 0x66, 0x6c, 0x6f, 0x61, 0x74, 0x28, 0x73, 0x6c, 0x69, // 3(uv1, float(sli
	0x63, 0x65, 0x29, 0x20, 0x29, 0x2c, 0x20, 0x66, 0x6c, 0x6f, 0x61, 0x74, 0x28, 0x73, 0x72, 0x63, // ce) ), float(src
	0x4d, 0x69, 0x70, 0x4c, 0x65, 0x76, 0x65, 0x6c, 0x29, 0x20, 0x29, 0x3b, 0x0a, 0x73, 0x72, 0x63, // MipLevel) );.src
	0x31, 0x20, 0x2b, 0x3d, 0x20, 0x74, 0x65, 0x78, 0x74, 0x75, 0x72, 0x65, 0x32, 0x44, 0x41, 0x72, // 1 += texture2DAr
	0x72, 0x61, 0x79, 0x4c, 0x6f, 0x64, 0x28, 0x62, 0x67, 0x66, 0x78, 0x5f, 0x74, 0x65, 0x78, 0x4d, // rayLod(bgfx_texM
	0x69, 0x70, 0x53, 0x72, 0x63, 0x2c, 0x20, 0x76, 0x65, 0x63, 0x33, 0x28, 0x75, 0x76, 0x31, 0x20, // ipSrc, vec3(uv1 
	0x2b, 0x20, 0x76, 0x65, 0x63, 0x32, 0x28, 0x6f, 0x66, 0x66, 0x2e, 0x78, 0x2c, 0x20, 0x30, 0x2e, // + vec2(off.x, 0.
	0x30, 0x29, 0x2c, 0x20, 0x66, 0x6c, 0x6f, 0x61, 0x74, 0x28, 0x73, 0x6c, 0x69, 0x63, 0x65, 0x29, // 0), float(slice)
	0x20, 0x29, 0x2c, 0x20, 0x66, 0x6c, 0x6f, 0x61, 0x74, 0x28, 0x73, 0x72, 0x63, 0x4d, 0x69, 0x70, //  ), float(srcMip
	0x4c, 0x65, 0x76, 0x65, 0x6c, 0x29, 0x20, 0x29, 0x3b, 0x0a, 0x73, 0x72, 0x63, 0x31, 0x20, 0x2b, // Level) );.src1 +
	0x3d, 0x20, 0x74, 0x65, 0x78, 0x74, 0x75, 0x72, 0x65, 0x32, 0x44, 0x41, 0x72, 0x72, 0x61, 0x79, // = texture2DArray
	0x4c, 0x6f, 0x64, 0x28, 0x62, 0x67, 0x66, 0x78, 0x5f, 0x74, 0x65, 0x78, 0x4d, 0x69, 0x70, 0x53, // Lod(bgfx_texMipS
	0x72, 0x63, 0x2c, 0x20, 0x76, 0x65, 0x63, 0x33, 0x28, 0x75, 0x76, 0x31, 0x20, 0x2b, 0x20, 0x76, // rc, vec3(uv1 + v
	0x65, 0x63, 0x32, 0x28, 0x30, 0x2e, 0x30, 0x2c, 0x20, 0x6f, 0x66, 0x66, 0x2e, 0x79, 0x29, 0x2c, // ec2(0.0, off.y),
	0x20, 0x66, 0x6c, 0x6f, 0x61, 0x74, 0x28, 0x73, 0x6c, 0x69, 0x63, 0x65, 0x29, 0x20, 0x29, 0x2c, //  float(slice) ),
	0x20, 0x66, 0x6c, 0x6f, 0x61, 0x74, 0x28, 0x73, 0x72, 0x63, 0x4d, 0x69, 0x70, 0x4c, 0x65, 0x76, //  float(srcMipLev
	0x65, 0x6c, 0x29, 0x20, 0x29, 0x3b, 0x0a, 0x73, 0x72, 0x63, 0x31, 0x20, 0x2b, 0x3d, 0x20, 0x74, // el) );.src1 += t
	0x65, 0x78, 0x74, 0x75, 0x72, 0x65, 0x32, 0x44, 0x41, 0x72, 0x72, 0x61, 0x79, 0x4c, 0x6f, 0x64, // exture2DArrayLod
	0x28, 0x62, 0x67, 0x66, 0x78, 0x5f, 0x74, 0x65, 0x78, 0x4d, 0x69, 0x70, 0x53, 0x72, 0x63, 0x2c, // (bgfx_texMipSrc,
	0x20, 0x76, 0x65, 0x63, 0x33, 0x28, 0x75, 0x76, 0x31, 0x20, 0x2b, 0x20, 0x76, 0x65, 0x63, 0x32, //  vec3(uv1 + vec2
	0x28, 0x6f, 0x66, 0x66, 0x2e, 0x78, 0x2c, 0x20, 0x6f, 0x66, 0x66, 0x2e, 0x79, 0x29, 0x2c, 0x20, // (off.x, off.y), 
	0x66, 0x6c, 0x6f, 0x61, 0x74, 0x28, 0x73, 0x6c, 0x69, 0x63, 0x65, 0x29, 0x20, 0x29, 0x2c, 0x20, // float(slice) ), 
	0x66, 0x6c, 0x6f, 0x61, 0x74, 0x28, 0x73, 0x72, 0x63, 0x4d, 0x69, 0x70, 0x4c, 0x65, 0x76, 0x65, // float(srcMipLeve
	0x6c, 0x29, 0x20, 0x29, 0x3b, 0x0a, 0x73, 0x72, 0x63, 0x31, 0x20, 0x2a, 0x3d, 0x20, 0x30, 0x2e, // l) );.src1 *= 0.
	0x32, 0x35, 0x3b, 0x0a, 0x69, 0x6d, 0x61, 0x67, 0x65, 0x53, 0x74, 0x6f, 0x72, 0x65, 0x28, 0x73, // 25;.imageStore(s
	0x5f, 0x69, 0x6d, 0x67, 0x4d, 0x69, 0x70, 0x31, 0x2c, 0x20, 0x69, 0x76, 0x65, 0x63, 0x33, 0x28, // _imgMip1, ivec3(
	0x64, 0x74, 0x69, 0x64, 0x2e, 0x78, 0x79, 0x2c, 0x20, 0x73, 0x6c, 0x69, 0x63, 0x65, 0x29, 0x2c, // dtid.xy, slice),
	0x20, 0x73, 0x72, 0x63, 0x31, 0x29, 0x3b, 0x0a, 0x69, 0x66, 0x20, 0x28, 0x6e, 0x75, 0x6d, 0x4d, //  src1);.if (numM
	0x69, 0x70, 0x4c, 0x65, 0x76, 0x65, 0x6c, 0x73, 0x20, 0x3d, 0x3d, 0x20, 0x31, 0x75, 0x29, 0x0a, // ipLevels == 1u).
	0x7b, 0x0a, 0x72, 0x65, 0x74, 0x75, 0x72, 0x6e, 0x3b, 0x0a, 0x7d, 0x0a, 0x73, 0x74, 0x6f, 0x72, // {.return;.}.stor
	0x65, 0x43, 0x6f, 0x6c, 0x6f, 0x72, 0x28, 0x67, 0x69, 0x2c, 0x20, 0x73, 0x72, 0x63, 0x31, 0x29, // eColor(gi, src1)
	0x3b, 0x0a, 0x62, 0x61, 0x72, 0x72, 0x69, 0x65, 0x72, 0x28, 0x29, 0x3b, 0x0a, 0x69, 0x66, 0x20, // ;.barrier();.if 
	0x28, 0x20, 0x28, 0x67, 0x69, 0x20, 0x26, 0x20, 0x30, 0x78, 0x39, 0x75, 0x29, 0x20, 0x3d, 0x3d, // ( (gi & 0x9u) ==
	0x20, 0x30, 0x75, 0x29, 0x0a, 0x7b, 0x0a, 0x76, 0x65, 0x63, 0x34, 0x20, 0x73, 0x72, 0x63, 0x32, //  0u).{.vec4 src2
	0x20, 0x3d, 0x20, 0x6c, 0x6f, 0x61, 0x64, 0x43, 0x6f, 0x6c, 0x6f, 0x72, 0x28, 0x67, 0x69, 0x20, //  = loadColor(gi 
	0x2b, 0x20, 0x30, 0x78, 0x30, 0x31, 0x75, 0x29, 0x3b, 0x0a, 0x76, 0x65, 0x63, 0x34, 0x20, 0x73, // + 0x01u);.vec4 s
	0x72, 0x63, 0x33, 0x20, 0x3d, 0x20, 0x6c, 0x6f, 0x61, 0x64, 0x43, 0x6f, 0x6c, 0x6f, 0x72, 0x28, // rc3 = loadColor(
	0x67, 0x69, 0x20, 0x2b, 0x20, 0x30, 0x78, 0x30, 0x38, 0x75, 0x29, 0x3b, 0x0a, 0x76, 0x65, 0x63, // gi + 0x08u);.vec
	0x34, 0x20, 0x73, 0x72, 0x63, 0x34, 0x20, 0x3d, 0x20, 0x6c, 0x6f, 0x61, 0x64, 0x43, 0x6f, 0x6c, // 4 src4 = loadCol
	0x6f, 0x72, 0x28, 0x67, 0x69, 0x20, 0x2b, 0x20, 0x30, 0x78, 0x30, 0x39, 0x75, 0x29, 0x3b, 0x0a, // or(gi + 0x09u);.
	0x73, 0x72, 0x63, 0x31, 0x20, 0x3d, 0x20, 0x30, 0x2e, 0x32, 0x35, 0x20, 0x2a, 0x20, 0x28, 0x73, // src1 = 0.25 * (s
	0x72, 0x63, 0x31, 0x20, 0x2b, 0x20, 0x73, 0x72, 0x63, 0x32, 0x20, 0x2b, 0x20, 0x73, 0x72, 0x63, // rc1 + src2 + src
	0x33, 0x20, 0x2b, 0x20, 0x73, 0x72, 0x63, 0x34, 0x29, 0x3b, 0x0a, 0x69, 0x6d, 0x61, 0x67, 0x65, // 3 + src4);.image
	0x53, 0x74, 0x6f, 0x72, 0x65, 0x28, 0x73, 0x5f, 0x69, 0x6d, 0x67, 0x4d, 0x69, 0x70, 0x32, 0x2c, // Store(s_imgMip2,
	0x20, 0x69, 0x76, 0x65, 0x63, 0x33, 0x28, 0x64, 0x74, 0x69, 0x64, 0x2e, 0x78, 0x79, 0x20, 0x2f, //  ivec3(dtid.xy /
	0x20, 0x32, 0x75, 0x2c, 0x20, 0x73, 0x6c, 0x69, 0x63, 0x65, 0x29, 0x2c, 0x20, 0x73, 0x72, 0x63, //  2u, slice), src
	0x31, 0x29, 0x3b, 0x0a, 0x73, 0x74, 0x6f, 0x72, 0x65, 0x43, 0x6f, 0x6c, 0x6f, 0x72, 0x28, 0x67, // 1);.storeColor(g
	0x69, 0x2c, 0x20, 0x73, 0x72, 0x63, 0x31, 0x29, 0x3b, 0x0a, 0x7d, 0x0a, 0x69, 0x66, 0x20, 0x28, // i, src1);.}.if (
	0x6e, 0x75, 0x6d, 0x4d, 0x69, 0x70, 0x4c, 0x65, 0x76, 0x65, 0x6c, 0x73, 0x20, 0x3d, 0x3d, 0x20, // numMipLevels == 
	0x32, 0x75, 0x29, 0x0a, 0x7b, 0x0a, 0x72, 0x65, 0x74, 0x75, 0x72, 0x6e, 0x3b, 0x0a, 0x7d, 0x0a, // 2u).{.return;.}.
	0x62, 0x61, 0x72, 0x72, 0x69, 0x65, 0x72, 0x28, 0x29, 0x3b, 0x0a, 0x69, 0x66, 0x20, 0x28, 0x20, // barrier();.if ( 
	0x28, 0x67, 0x69, 0x20, 0x26, 0x20, 0x30, 0x78, 0x31, 0x42, 0x75, 0x29, 0x20, 0x3d, 0x3d, 0x20, // (gi & 0x1Bu) == 
	0x30, 0x75, 0x29, 0x0a, 0x7b, 0x0a, 0x76, 0x65, 0x63, 0x34, 0x20, 0x73, 0x72, 0x63, 0x32, 0x20, // 0u).{.vec4 src2 
	0x3d, 0x20, 0x6c, 0x6f, 0x61, 0x64, 0x43, 0x6f, 0x6c, 0x6f, 0x72, 0x28, 0x67, 0x69, 0x20, 0x2b, // = loadColor(gi +
	0x20, 0x30, 0x78, 0x30, 0x32, 0x75, 0x29, 0x3b, 0x0a, 0x76, 0x65, 0x63, 0x34, 0x20, 0x73, 0x72, //  0x02u);.vec4 sr
	0x63, 0x33, 0x20, 0x3d, 0x20, 0x6c, 0x6f, 0x61, 0x64, 0x43, 0x6f, 0x6c, 0x6f, 0x72, 0x28, 0x67, // c3 = loadColor(g
	0x69, 0x20, 0x2b, 0x20, 0x30, 0x78, 0x31, 0x30, 0x75, 0x29, 0x3b, 0x0a, 0x76, 0x65, 0x63, 0x34, // i + 0x10u);.vec4
	0x20, 0x73, 0x72, 0x63, 0x34, 0x20, 0x3d, 0x20, 0x6c, 0x6f, 0x61, 0x64, 0x43, 0x6f, 0x6c, 0x6f, //  src4 = loadColo
	0x72, 0x28, 0x67, 0x69, 0x20, 0x2b, 0x20, 0x30, 0x78, 0x31, 0x32, 0x75, 0x29, 0x3b, 0x0a, 0x73, // r(gi + 0x12u);.s
	0x72, 0x63, 0x31, 0x20, 0x3d, 0x20, 0x30, 0x2e, 0x32, 0x35, 0x20, 0x2a, 0x20, 0x28, 0x73, 0x72, // rc1 = 0.25 * (sr
	0x63, 0x31, 0x20, 0x2b, 0x20, 0x73, 0x72, 0x63, 0x32, 0x20, 0x2b, 0x20, 0x73, 0x72, 0x63, 0x33, // c1 + src2 + src3
	0x20, 0x2b, 0x20, 0x73, 0x72, 0x63, 0x34, 0x29, 0x3b, 0x0a, 0x69, 0x6d, 0x61, 0x67, 0x65, 0x53, //  + src4);.imageS
	0x74, 0x6f, 0x72, 0x65, 0x28, 0x73, 0x5f, 0x69, 0x6d, 0x67, 0x4d, 0x69, 0x70, 0x33, 0x2c, 0x20, // tore(s_imgMip3, 
	0x69, 0x76, 0x65, 0x63, 0x33, 0x28, 0x64, 0x74, 0x69, 0x64, 0x2e, 0x78, 0x79, 0x20, 0x2f, 0x20, // ivec3(dtid.xy / 
	0x34, 0x75, 0x2c, 0x20, 0x73, 0x6c, 0x69, 0x63, 0x65, 0x29, 0x2c, 0x20, 0x73, 0x72, 0x63, 0x31, // 4u, slice), src1
	0x29, 0x3b, 0x0a, 0x73, 0x74, 0x6f, 0x72, 0x65, 0x43, 0x6f, 0x6c, 0x6f, 0x72, 0x28, 0x67, 0x69, // );.storeColor(gi
	0x2c, 0x20, 0x73, 0x72, 0x63, 0x31, 0x29, 0x3b, 0x0a, 0x7d, 0x0a, 0x69, 0x66, 0x20, 0x28, 0x6e, // , src1);.}.if (n
	0x75, 0x6d, 0x4d, 0x69, 0x70, 0x4c, 0x65, 0x76, 0x65, 0x6c, 0x73, 0x20, 0x3d, 0x3d, 0x20, 0x33, // umMipLevels == 3
	0x75, 0x29, 0x0a, 0x7b, 0x0a, 0x72, 0x65, 0x74, 0x75, 0x72, 0x6e, 0x3b, 0x0a, 0x7d, 0x0a, 0x62, // u).{.return;.}.b
	0x61, 0x72, 0x72, 0x69, 0x65, 0x72, 0x28, 0x29, 0x3b, 0x0a, 0x69, 0x66, 0x20, 0x28, 0x67, 0x69, // arrier();.if (gi
	0x20, 0x3d, 0x3d, 0x20, 0x30, 0x75, 0x29, 0x0a, 0x7b, 0x0a, 0x76, 0x65, 0x63, 0x34, 0x20, 0x73, //  == 0u).{.vec4 s
	0x72, 0x63, 0x32, 0x20, 0x3d, 0x20, 0x6c, 0x6f, 0x61, 0x64, 0x43, 0x6f, 0x6c, 0x6f, 0x72, 0x28, // rc2 = loadColor(
	0x67, 0x69, 0x20, 0x2b, 0x20, 0x30, 0x78, 0x30, 0x34, 0x75, 0x29, 0x3b, 0x0a, 0x76, 0x65, 0x63, // gi + 0x04u);.vec
	0x34, 0x20, 0x73, 0x72, 0x63, 0x33, 0x20, 0x3d, 0x20, 0x6c, 0x6f, 0x61, 0x64, 0x43, 0x6f, 0x6c, // 4 src3 = loadCol
	0x6f, 0x72, 0x28, 0x67, 0x69, 0x20, 0x2b, 0x20, 0x30, 0x78, 0x32, 0x30, 0x75, 0x29, 0x3b, 0x0a, // or(gi + 0x20u);.
	0x76, 0x65, 0x63, 0x34, 0x20, 0x73, 0x72, 0x63, 0x34, 0x20, 0x3d, 0x20, 0x6c, 0x6f, 0x61, 0x64, // vec4 src4 = load
	0x43, 0x6f, 0x6c, 0x6f, 0x72, 0x28, 0x67, 0x69, 0x20, 0x2b, 0x20, 0x30, 0x78, 0x32, 0x34, 0x75, // Color(gi + 0x24u
	0x29, 0x3b, 0x0a, 0x73, 0x72, 0x63, 0x31, 0x20, 0x3d, 0x20, 0x30, 0x2e, 0x32, 0x35, 0x20, 0x2a, // );.src1 = 0.25 *
	0x20, 0x28, 0x73, 0x72, 0x63, 0x31, 0x20, 0x2b, 0x20, 0x73, 0x72, 0x63, 0x32, 0x20, 0x2b, 0x20, //  (src1 + src2 + 
	0x73, 0x72, 0x63, 0x33, 0x20, 0x2b, 0x20, 0x73, 0x72, 0x63, 0x34, 0x29, 0x3b, 0x0a, 0x69, 0x6d, // src3 + src4);.im
	0x61, 0x67, 0x65, 0x53, 0x74, 0x6f, 0x72, 0x65, 0x28, 0x73, 0x5f, 0x69, 0x6d, 0x67, 0x4d, 0x69, // ageStore(s_imgMi
	0x70, 0x34, 0x2c, 0x20, 0x69, 0x76, 0x65, 0x63, 0x33, 0x28, 0x64, 0x74, 0x69, 0x64, 0x2e, 0x78, // p4, ivec3(dtid.x
	0x79, 0x20, 0x2f, 0x20, 0x38, 0x75, 0x2c, 0x20, 0x73, 0x6c, 0x69, 0x63, 0x65, 0x29, 0x2c, 0x20, // y / 8u, slice), 
	0x73, 0x72, 0x63, 0x31, 0x29, 0x3b, 0x0a, 0x7d, 0x0a, 0x7d, 0x0a, 0x00,                         // src1);.}.}..
};
static const uint8_t cs_mipgen_oddxy_essl[6367] =
{
	0x43, 0x53, 0x48, 0x0b, 0x00, 0x00, 0x00, 0x00, 0x00, 0x00, 0x00, 0x00, 0x00, 0x00, 0xcc, 0x18, // CSH.............
	0x00, 0x00, 0x23, 0x76, 0x65, 0x72, 0x73, 0x69, 0x6f, 0x6e, 0x20, 0x33, 0x31, 0x30, 0x20, 0x65, // ..#version 310 e
	0x73, 0x0a, 0x66, 0x6c, 0x6f, 0x61, 0x74, 0x20, 0x72, 0x63, 0x70, 0x28, 0x66, 0x6c, 0x6f, 0x61, // s.float rcp(floa
	0x74, 0x20, 0x5f, 0x61, 0x29, 0x20, 0x7b, 0x20, 0x72, 0x65, 0x74, 0x75, 0x72, 0x6e, 0x20, 0x31, // t _a) { return 1
	0x2e, 0x30, 0x2f, 0x5f, 0x61, 0x3b, 0x20, 0x7d, 0x0a, 0x76, 0x65, 0x63, 0x32, 0x20, 0x72, 0x63, // .0/_a; }.vec2 rc
	0x70, 0x28, 0x76, 0x65, 0x63, 0x32, 0x20, 0x5f, 0x61, 0x29, 0x20, 0x7b, 0x20, 0x72, 0x65, 0x74, // p(vec2 _a) { ret
	0x75, 0x72, 0x6e, 0x20, 0x76, 0x65, 0x63, 0x32, 0x28, 0x31, 0x2e, 0x30, 0x29, 0x2f, 0x5f, 0x61, // urn vec2(1.0)/_a
	0x3b, 0x20, 0x7d, 0x0a, 0x76, 0x65, 0x63, 0x33, 0x20, 0x72, 0x63, 0x70, 0x28, 0x76, 0x65, 0x63, // ; }.vec3 rcp(vec
	0x33, 0x20, 0x5f, 0x61, 0x29, 0x20, 0x7b, 0x20, 0x72, 0x65, 0x74, 0x75, 0x72, 0x6e, 0x20, 0x76, // 3 _a) { return v
	0x65, 0x63, 0x33, 0x28, 0x31, 0x2e, 0x30, 0x29, 0x2f, 0x5f, 0x61, 0x3b, 0x20, 0x7d, 0x0a, 0x76, // ec3(1.0)/_a; }.v
	0x65, 0x63, 0x34, 0x20, 0x72, 0x63, 0x70, 0x28, 0x76, 0x65, 0x63, 0x34, 0x20, 0x5f, 0x61, 0x29, // ec4 rcp(vec4 _a)
	0x20, 0x7b, 0x20, 0x72, 0x65, 0x74, 0x75, 0x72, 0x6e, 0x20, 0x76, 0x65, 0x63, 0x34, 0x28, 0x31, //  { return vec4(1
	0x2e, 0x30, 0x29, 0x2f, 0x5f, 0x61, 0x3b, 0x20, 0x7d, 0x0a, 0x76, 0x65, 0x63, 0x32, 0x20, 0x76, // .0)/_a; }.vec2 v
	0x65, 0x63, 0x32, 0x5f, 0x73, 0x70, 0x6c, 0x61, 0x74, 0x28, 0x66, 0x6c, 0x6f, 0x61, 0x74, 0x20, // ec2_splat(float 
	0x5f, 0x78, 0x29, 0x20, 0x7b, 0x20, 0x72, 0x65, 0x74, 0x75, 0x72, 0x6e, 0x20, 0x76, 0x65, 0x63, // _x) { return vec
	0x32, 0x28, 0x5f, 0x78, 0x2c, 0x20, 0x5f, 0x78, 0x29, 0x3b, 0x20, 0x7d, 0x0a, 0x76, 0x65, 0x63, // 2(_x, _x); }.vec
	0x33, 0x20, 0x76, 0x65, 0x63, 0x33, 0x5f, 0x73, 0x70, 0x6c, 0x61, 0x74, 0x28, 0x66, 0x6c, 0x6f, // 3 vec3_splat(flo
	0x61, 0x74, 0x20, 0x5f, 0x78, 0x29, 0x20, 0x7b, 0x20, 0x72, 0x65, 0x74, 0x75, 0x72, 0x6e, 0x20, // at _x) { return 
	0x76, 0x65, 0x63, 0x33, 0x28, 0x5f, 0x78, 0x2c, 0x20, 0x5f, 0x78, 0x2c, 0x20, 0x5f, 0x78, 0x29, // vec3(_x, _x, _x)
	0x3b, 0x20, 0x7d, 0x0a, 0x76, 0x65, 0x63, 0x34, 0x20, 0x76, 0x65, 0x63, 0x34, 0x5f, 0x73, 0x70, // ; }.vec4 vec4_sp
	0x6c, 0x61, 0x74, 0x28, 0x66, 0x6c, 0x6f, 0x61, 0x74, 0x20, 0x5f, 0x78, 0x29, 0x20, 0x7b, 0x20, // lat(float _x) { 
	0x72, 0x65, 0x74, 0x75, 0x72, 0x6e, 0x20, 0x76, 0x65, 0x63, 0x34, 0x28, 0x5f, 0x78, 0x2c, 0x20, // return vec4(_x, 
	0x5f, 0x78, 0x2c, 0x20, 0x5f, 0x78, 0x2c, 0x20, 0x5f, 0x78, 0x29, 0x3b, 0x20, 0x7d, 0x0a, 0x75, // _x, _x, _x); }.u
	0x76, 0x65, 0x63, 0x32, 0x20, 0x75, 0x76, 0x65, 0x63, 0x32, 0x5f, 0x73, 0x70, 0x6c, 0x61, 0x74, // vec2 uvec2_splat
	0x28, 0x75, 0x69, 0x6e, 0x74, 0x20, 0x5f, 0x78, 0x29, 0x20, 0x7b, 0x20, 0x72, 0x65, 0x74, 0x75, // (uint _x) { retu
	0x72, 0x6e, 0x20, 0x75, 0x76, 0x65, 0x63, 0x32, 0x28, 0x5f, 0x78, 0x2c, 0x20, 0x5f, 0x78, 0x29, // rn uvec2(_x, _x)
	0x3b, 0x20, 0x7d, 0x0a, 0x75, 0x76, 0x65, 0x63, 0x33, 0x20, 0x75, 0x76, 0x65, 0x63, 0x33, 0x5f, // ; }.uvec3 uvec3_
	0x73, 0x70, 0x6c, 0x61, 0x74, 0x28, 0x75, 0x69, 0x6e, 0x74, 0x20, 0x5f, 0x78, 0x29, 0x20, 0x7b, // splat(uint _x) {
	0x20, 0x72, 0x65, 0x74, 0x75, 0x72, 0x6e, 0x20, 0x75, 0x76, 0x65, 0x63, 0x33, 0x28, 0x5f, 0x78, //  return uvec3(_x
	0x2c, 0x20, 0x5f, 0x78, 0x2c, 0x20, 0x5f, 0x78, 0x29, 0x3b, 0x20, 0x7d, 0x0a, 0x75, 0x76, 0x65, // , _x, _x); }.uve
	0x63, 0x34, 0x20, 0x75, 0x76, 0x65, 0x63, 0x34, 0x5f, 0x73, 0x70, 0x6c, 0x61, 0x74, 0x28, 0x75, // c4 uvec4_splat(u
	0x69, 0x6e, 0x74, 0x20, 0x5f, 0x78, 0x29, 0x20, 0x7b, 0x20, 0x72, 0x65, 0x74, 0x75, 0x72, 0x6e, // int _x) { return
	0x20, 0x75, 0x76, 0x65, 0x63, 0x34, 0x28, 0x5f, 0x78, 0x2c, 0x20, 0x5f, 0x78, 0x2c, 0x20, 0x5f, //  uvec4(_x, _x, _
	0x78, 0x2c, 0x20, 0x5f, 0x78, 0x29, 0x3b, 0x20, 0x7d, 0x0a, 0x6d, 0x61, 0x74, 0x34, 0x20, 0x6d, // x, _x); }.mat4 m
	0x74, 0x78, 0x46, 0x72, 0x6f, 0x6d, 0x52, 0x6f, 0x77, 0x73, 0x28, 0x76, 0x65, 0x63, 0x34, 0x20, // txFromRows(vec4 
	0x5f, 0x30, 0x2c, 0x20, 0x76, 0x65, 0x63, 0x34, 0x20, 0x5f, 0x31, 0x2c, 0x20, 0x76, 0x65, 0x63, // _0, vec4 _1, vec
	0x34, 0x20, 0x5f, 0x32, 0x2c, 0x20, 0x76, 0x65, 0x63, 0x34, 0x20, 0x5f, 0x33, 0x29, 0x0a, 0x7b, // 4 _2, vec4 _3).{
	0x0a, 0x72, 0x65, 0x74, 0x75, 0x72, 0x6e, 0x20, 0x74, 0x72, 0x61, 0x6e, 0x73, 0x70, 0x6f, 0x73, // .return transpos
	0x65, 0x28, 0x6d, 0x61, 0x74, 0x34, 0x28, 0x5f, 0x30, 0x2c, 0x20, 0x5f, 0x31, 0x2c, 0x20, 0x5f, // e(mat4(_0, _1, _
	0x32, 0x2c, 0x20, 0x5f, 0x33, 0x29, 0x20, 0x29, 0x3b, 0x0a, 0x7d, 0x0a, 0x6d, 0x61, 0x74, 0x34, // 2, _3) );.}.mat4
	0x20, 0x6d, 0x74, 0x78, 0x46, 0x72, 0x6f, 0x6d, 0x43, 0x6f, 0x6c, 0x73, 0x28, 0x76, 0x65, 0x63, //  mtxFromCols(vec
	0x34, 0x20, 0x5f, 0x30, 0x2c, 0x20, 0x76, 0x65, 0x63, 0x34, 0x20, 0x5f, 0x31, 0x2c, 0x20, 0x76, // 4 _0, vec4 _1, v
	0x65, 0x63, 0x34, 0x20, 0x5f, 0x32, 0x2c, 0x20, 0x76, 0x65, 0x63, 0x34, 0x20, 0x5f, 0x33, 0x29, // ec4 _2, vec4 _3)
	0x0a, 0x7b, 0x0a, 0x72, 0x65, 0x74, 0x75, 0x72, 0x6e, 0x20, 0x6d, 0x61, 0x74, 0x34, 0x28, 0x5f, // .{.return mat4(_
	0x30, 0x2c, 0x20, 0x5f, 0x31, 0x2c, 0x20, 0x5f, 0x32, 0x2c, 0x20, 0x5f, 0x33, 0x29, 0x3b, 0x0a, // 0, _1, _2, _3);.
	0x7d, 0x0a, 0x6d, 0x61, 0x74, 0x33, 0x20, 0x6d, 0x74, 0x78, 0x46, 0x72, 0x6f, 0x6d, 0x52, 0x6f, // }.mat3 mtxFromRo
	0x77, 0x73, 0x28, 0x76, 0x65, 0x63, 0x33, 0x20, 0x5f, 0x30, 0x2c, 0x20, 0x76, 0x65, 0x63, 0x33, // ws(vec3 _0, vec3
	0x20, 0x5f, 0x31, 0x2c, 0x20, 0x76, 0x65, 0x63, 0x33, 0x20, 0x5f, 0x32, 0x29, 0x0a, 0x7b, 0x0a, //  _1, vec3 _2).{.
	0x72, 0x65, 0x74, 0x75, 0x72, 0x6e, 0x20, 0x74, 0x72, 0x61, 0x6e, 0x73, 0x70, 0x6f, 0x73, 0x65, // return transpose
	0x28, 0x6d, 0x61, 0x74, 0x33, 0x28, 0x5f, 0x30, 0x2c, 0x20, 0x5f, 0x31, 0x2c, 0x20, 0x5f, 0x32, // (mat3(_0, _1, _2
	0x29, 0x20, 0x29, 0x3b, 0x0a, 0x7d, 0x0a, 0x6d, 0x61, 0x74, 0x33, 0x20, 0x6d, 0x74, 0x78, 0x46, // ) );.}.mat3 mtxF
	0x72, 0x6f, 0x6d, 0x43, 0x6f, 0x6c, 0x73, 0x28, 0x76, 0x65, 0x63, 0x33, 0x20, 0x5f, 0x30, 0x2c, // romCols(vec3 _0,
	0x20, 0x76, 0x65, 0x63, 0x33, 0x20, 0x5f, 0x31, 0x2c, 0x20, 0x76, 0x65, 0x63, 0x33, 0x20, 0x5f, //  vec3 _1, vec3 _
	0x32, 0x29, 0x0a, 0x7b, 0x0a, 0x72, 0x65, 0x74, 0x75, 0x72, 0x6e, 0x20, 0x6d, 0x61, 0x74, 0x33, // 2).{.return mat3
	0x28, 0x5f, 0x30, 0x2c, 0x20, 0x5f, 0x31, 0x2c, 0x20, 0x5f, 0x32, 0x29, 0x3b, 0x0a, 0x7d, 0x0a, // (_0, _1, _2);.}.
	0x76, 0x65, 0x63, 0x33, 0x20, 0x6d, 0x74, 0x78, 0x47, 0x65, 0x74, 0x52, 0x6f, 0x77, 0x28, 0x6d, // vec3 mtxGetRow(m
	0x61, 0x74, 0x33, 0x20, 0x5f, 0x6d, 0x74, 0x78, 0x2c, 0x20, 0x69, 0x6e, 0x74, 0x20, 0x5f, 0x72, // at3 _mtx, int _r
	0x6f, 0x77, 0x29, 0x0a, 0x7b, 0x0a, 0x72, 0x65, 0x74, 0x75, 0x72, 0x6e, 0x20, 0x76, 0x65, 0x63, // ow).{.return vec
	0x33, 0x28, 0x5f, 0x6d, 0x74, 0x78, 0x5b, 0x30, 0x5d, 0x5b, 0x5f, 0x72, 0x6f, 0x77, 0x5d, 0x2c, // 3(_mtx[0][_row],
	0x20, 0x5f, 0x6d, 0x74, 0x78, 0x5b, 0x31, 0x5d, 0x5b, 0x5f, 0x72, 0x6f, 0x77, 0x5d, 0x2c, 0x20, //  _mtx[1][_row], 
	0x5f, 0x6d, 0x74, 0x78, 0x5b, 0x32, 0x5d, 0x5b, 0x5f, 0x72, 0x6f, 0x77, 0x5d, 0x29, 0x3b, 0x0a, // _mtx[2][_row]);.
	0x7d, 0x0a, 0x76, 0x65, 0x63, 0x33, 0x20, 0x6d, 0x74, 0x78, 0x47, 0x65, 0x74, 0x43, 0x6f, 0x6c, // }.vec3 mtxGetCol
	0x75, 0x6d, 0x6e, 0x28, 0x6d, 0x61, 0x74, 0x33, 0x20, 0x5f, 0x6d, 0x74, 0x78, 0x2c, 0x20, 0x69, // umn(mat3 _mtx, i
	0x6e, 0x74, 0x20, 0x5f, 0x63, 0x6f, 0x6c, 0x75, 0x6d, 0x6e, 0x29, 0x0a, 0x7b, 0x0a, 0x72, 0x65, // nt _column).{.re
	0x74, 0x75, 0x72, 0x6e, 0x20, 0x76, 0x65, 0x63, 0x33, 0x28, 0x5f, 0x6d, 0x74, 0x78, 0x5b, 0x5f, // turn vec3(_mtx[_
	0x63, 0x6f, 0x6c, 0x75, 0x6d, 0x6e, 0x5d, 0x29, 0x3b, 0x0a, 0x7d, 0x0a, 0x76, 0x65, 0x63, 0x34, // column]);.}.vec4
	0x20, 0x6d, 0x74, 0x78, 0x47, 0x65, 0x74, 0x52, 0x6f, 0x77, 0x28, 0x6d, 0x61, 0x74, 0x34, 0x20, //  mtxGetRow(mat4 
	0x5f, 0x6d, 0x74, 0x78, 0x2c, 0x20, 0x69, 0x6e, 0x74, 0x20, 0x5f, 0x72, 0x6f, 0x77, 0x29, 0x0a, // _mtx, int _row).
	0x7b, 0x0a, 0x72, 0x65, 0x74, 0x75, 0x72, 0x6e, 0x20, 0x76, 0x65, 0x63, 0x34, 0x28, 0x5f, 0x6d, // {.return vec4(_m
	0x74, 0x78, 0x5b, 0x30, 0x5d, 0x5b, 0x5f, 0x72, 0x6f, 0x77, 0x5d, 0x2c, 0x20, 0x5f, 0x6d, 0x74, // tx[0][_row], _mt
	0x78, 0x5b, 0x31, 0x5d, 0x5b, 0x5f, 0x72, 0x6f, 0x77, 0x5d, 0x2c, 0x20, 0x5f, 0x6d, 0x74, 0x78, // x[1][_row], _mtx
	0x5b, 0x32, 0x5d, 0x5b, 0x5f, 0x72, 0x6f, 0x77, 0x5d, 0x2c, 0x20, 0x5f, 0x6d, 0x74, 0x78, 0x5b, // [2][_row], _mtx[
	0x33, 0x5d, 0x5b, 0x5f, 0x72, 0x6f, 0x77, 0x5d, 0x29, 0x3b, 0x0a, 0x7d, 0x0a, 0x76, 0x65, 0x63, // 3][_row]);.}.vec
	0x34, 0x20, 0x6d, 0x74, 0x78, 0x47, 0x65, 0x74, 0x43, 0x6f, 0x6c, 0x75, 0x6d, 0x6e, 0x28, 0x6d, // 4 mtxGetColumn(m
	0x61, 0x74, 0x34, 0x20, 0x5f, 0x6d, 0x74, 0x78, 0x2c, 0x20, 0x69, 0x6e, 0x74, 0x20, 0x5f, 0x63, // at4 _mtx, int _c
	0x6f, 0x6c, 0x75, 0x6d, 0x6e, 0x29, 0x0a, 0x7b, 0x0a, 0x72, 0x65, 0x74, 0x75, 0x72, 0x6e, 0x20, // olumn).{.return 
	0x76, 0x65, 0x63, 0x34, 0x28, 0x5f, 0x6d, 0x74, 0x78, 0x5b, 0x5f, 0x63, 0x6f, 0x6c, 0x75, 0x6d, // vec4(_mtx[_colum
	0x6e, 0x5d, 0x29, 0x3b, 0x0a, 0x7d, 0x0a, 0x66, 0x6c, 0x6f, 0x61, 0x74, 0x20, 0x6d, 0x74, 0x78, // n]);.}.float mtx
	0x47, 0x65, 0x74, 0x45, 0x6c, 0x65, 0x6d, 0x65, 0x6e, 0x74, 0x28, 0x6d, 0x61, 0x74, 0x33, 0x20, // GetElement(mat3 
	0x5f, 0x6d, 0x74, 0x78, 0x2c, 0x20, 0x69, 0x6e, 0x74, 0x20, 0x5f, 0x63, 0x6f, 0x6c, 0x75, 0x6d, // _mtx, int _colum
	0x6e, 0x2c, 0x20, 0x69, 0x6e, 0x74, 0x20, 0x5f, 0x72, 0x6f, 0x77, 0x29, 0x0a, 0x7b, 0x0a, 0x72, // n, int _row).{.r
	0x65, 0x74, 0x75, 0x72, 0x6e, 0x20, 0x5f, 0x6d, 0x74, 0x78, 0x5b, 0x5f, 0x63, 0x6f, 0x6c, 0x75, // eturn _mtx[_colu
	0x6d, 0x6e, 0x5d, 0x5b, 0x5f, 0x72, 0x6f, 0x77, 0x5d, 0x3b, 0x0a, 0x7d, 0x0a, 0x66, 0x6c, 0x6f, // mn][_row];.}.flo
	0x61, 0x74, 0x20, 0x6d, 0x74, 0x78, 0x47, 0x65, 0x74, 0x45, 0x6c, 0x65, 0x6d, 0x65, 0x6e, 0x74, // at mtxGetElement
	0x28, 0x6d, 0x61, 0x74, 0x34, 0x20, 0x5f, 0x6d, 0x74, 0x78, 0x2c, 0x20, 0x69, 0x6e, 0x74, 0x20, // (mat4 _mtx, int 
	0x5f, 0x63, 0x6f, 0x6c, 0x75, 0x6d, 0x6e, 0x2c, 0x20, 0x69, 0x6e, 0x74, 0x20, 0x5f, 0x72, 0x6f, // _column, int _ro
	0x77, 0x29, 0x0a, 0x7b, 0x0a, 0x72, 0x65, 0x74, 0x75, 0x72, 0x6e, 0x20, 0x5f, 0x6d, 0x74, 0x78, // w).{.return _mtx
	0x5b, 0x5f, 0x63, 0x6f, 0x6c, 0x75, 0x6d, 0x6e, 0x5d, 0x5b, 0x5f, 0x72, 0x6f, 0x77, 0x5d, 0x3b, // [_column][_row];
	0x0a, 0x7d, 0x0a, 0x66, 0x6c, 0x6f, 0x61, 0x74, 0x20, 0x73, 0x65, 0x6c, 0x65, 0x63, 0x74, 0x28, // .}.float select(
	0x62, 0x6f, 0x6f, 0x6c, 0x20, 0x5f, 0x63, 0x6f, 0x6e, 0x64, 0x2c, 0x20, 0x66, 0x6c, 0x6f, 0x61, // bool _cond, floa
	0x74, 0x20, 0x5f, 0x74, 0x72, 0x75, 0x65, 0x2c, 0x20, 0x66, 0x6c, 0x6f, 0x61, 0x74, 0x20, 0x5f, // t _true, float _
	0x66, 0x61, 0x6c, 0x73, 0x65, 0x29, 0x20, 0x7b, 0x20, 0x72, 0x65, 0x74, 0x75, 0x72, 0x6e, 0x20, // false) { return 
	0x5f, 0x63, 0x6f, 0x6e, 0x64, 0x20, 0x3f, 0x20, 0x5f, 0x74, 0x72, 0x75, 0x65, 0x20, 0x3a, 0x20, // _cond ? _true : 
	0x5f, 0x66, 0x61, 0x6c, 0x73, 0x65, 0x3b, 0x20, 0x7d, 0x0a, 0x76, 0x65, 0x63, 0x32, 0x20, 0x73, // _false; }.vec2 s
	0x65, 0x6c, 0x65, 0x63, 0x74, 0x28, 0x62, 0x6f, 0x6f, 0x6c, 0x20, 0x5f, 0x63, 0x6f, 0x6e, 0x64, // elect(bool _cond
	0x2c, 0x20, 0x76, 0x65, 0x63, 0x32, 0x20, 0x5f, 0x74, 0x72, 0x75, 0x65, 0x2c, 0x20, 0x76, 0x65, // , vec2 _true, ve
	0x63, 0x32, 0x20, 0x5f, 0x66, 0x61, 0x6c, 0x73, 0x65, 0x29, 0x20, 0x7b, 0x20, 0x72, 0x65, 0x74, // c2 _false) { ret
	0x75, 0x72, 0x6e, 0x20, 0x5f, 0x63, 0x6f, 0x6e, 0x64, 0x20, 0x3f, 0x20, 0x5f, 0x74, 0x72, 0x75, // urn _cond ? _tru
	0x65, 0x20, 0x3a, 0x20, 0x5f, 0x66, 0x61, 0x6c, 0x73, 0x65, 0x3b, 0x20, 0x7d, 0x0a, 0x76, 0x65, // e : _false; }.ve
	0x63, 0x33, 0x20, 0x73, 0x65, 0x6c, 0x65, 0x63, 0x74, 0x28, 0x62, 0x6f, 0x6f, 0x6c, 0x20, 0x5f, // c3 select(bool _
	0x63, 0x6f, 0x6e, 0x64, 0x2c, 0x20, 0x76, 0x65, 0x63, 0x33, 0x20, 0x5f, 0x74, 0x72, 0x75, 0x65, // cond, vec3 _true
	0x2c, 0x20, 0x76, 0x65, 0x63, 0x33, 0x20, 0x5f, 0x66, 0x61, 0x6c, 0x73, 0x65, 0x29, 0x20, 0x7b, // , vec3 _false) {
	0x20, 0x72, 0x65, 0x74, 0x75, 0x72, 0x6e, 0x20, 0x5f, 0x63, 0x6f, 0x6e, 0x64, 0x20, 0x3f, 0x20, //  return _cond ? 
	0x5f, 0x74, 0x72, 0x75, 0x65, 0x20, 0x3a, 0x20, 0x5f, 0x66, 0x61, 0x6c, 0x73, 0x65, 0x3b, 0x20, // _true : _false; 
	0x7d, 0x0a, 0x76, 0x65, 0x63, 0x34, 0x20, 0x73, 0x65, 0x6c, 0x65, 0x63, 0x74, 0x28, 0x62, 0x6f, // }.vec4 select(bo
	0x6f, 0x6c, 0x20, 0x5f, 0x63, 0x6f, 0x6e, 0x64, 0x2c, 0x20, 0x76, 0x65, 0x63, 0x34, 0x20, 0x5f, // ol _cond, vec4 _
	0x74, 0x72, 0x75, 0x65, 0x2c, 0x20, 0x76, 0x65, 0x63, 0x34, 0x20, 0x5f, 0x66, 0x61, 0x6c, 0x73, // true, vec4 _fals
	0x65, 0x29, 0x20, 0x7b, 0x20, 0x72, 0x65, 0x74, 0x75, 0x72, 0x6e, 0x20, 0x5f, 0x63, 0x6f, 0x6e, // e) { return _con
	0x64, 0x20, 0x3f, 0x20, 0x5f, 0x74, 0x72, 0x75, 0x65, 0x20, 0x3a, 0x20, 0x5f, 0x66, 0x61, 0x6c, // d ? _true : _fal
	0x73, 0x65, 0x3b, 0x20, 0x7d, 0x0a, 0x76, 0x65, 0x63, 0x32, 0x20, 0x73, 0x65, 0x6c, 0x65, 0x63, // se; }.vec2 selec
	0x74, 0x28, 0x62, 0x76, 0x65, 0x63, 0x32, 0x20, 0x5f, 0x63, 0x6f, 0x6e, 0x64, 0x2c, 0x20, 0x76, // t(bvec2 _cond, v
	0x65, 0x63, 0x32, 0x20, 0x5f, 0x74, 0x72, 0x75, 0x65, 0x2c, 0x20, 0x76, 0x65, 0x63, 0x32, 0x20, // ec2 _true, vec2 
	0x5f, 0x66, 0x61, 0x6c, 0x73, 0x65, 0x29, 0x20, 0x7b, 0x20, 0x72, 0x65, 0x74, 0x75, 0x72, 0x6e, // _false) { return
	0x20, 0x28, 0x76, 0x65, 0x63, 0x32, 0x28, 0x5f, 0x63, 0x6f, 0x6e, 0x64, 0x29, 0x20, 0x2a, 0x20, //  (vec2(_cond) * 
	0x5f, 0x74, 0x72, 0x75, 0x65, 0x29, 0x20, 0x2b, 0x20, 0x28, 0x76, 0x65, 0x63, 0x32, 0x28, 0x6e, // _true) + (vec2(n
	0x6f, 0x74, 0x28, 0x5f, 0x63, 0x6f, 0x6e, 0x64, 0x29, 0x20, 0x29, 0x20, 0x2a, 0x20, 0x5f, 0x66, // ot(_cond) ) * _f
	0x61, 0x6c, 0x73, 0x65, 0x29, 0x3b, 0x20, 0x7d, 0x0a, 0x76, 0x65, 0x63, 0x33, 0x20, 0x73, 0x65, // alse); }.vec3 se
	0x6c, 0x65, 0x63, 0x74, 0x28, 0x62, 0x76, 0x65, 0x63, 0x33, 0x20, 0x5f, 0x63, 0x6f, 0x6e, 0x64, // lect(bvec3 _cond
	0x2c, 0x20, 0x76, 0x65, 0x63, 0x33, 0x20, 0x5f, 0x74, 0x72, 0x75, 0x65, 0x2c, 0x20, 0x76, 0x65, // , vec3 _true, ve
	0x63, 0x33, 0x20, 0x5f, 0x66, 0x61, 0x6c, 0x73, 0x65, 0x29, 0x20, 0x7b, 0x20, 0x72, 0x65, 0x74, // c3 _false) { ret
	0x75, 0x72, 0x6e, 0x20, 0x28, 0x76, 0x65, 0x63, 0x33, 0x28, 0x5f, 0x63, 0x6f, 0x6e, 0x64, 0x29, // urn (vec3(_cond)
	0x20, 0x2a, 0x20, 0x5f, 0x74, 0x72, 0x75, 0x65, 0x29, 0x20, 0x2b, 0x20, 0x28, 0x76, 0x65, 0x63, //  * _true) + (vec
	0x33, 0x28, 0x6e, 0x6f, 0x74, 0x28, 0x5f, 0x63, 0x6f, 0x6e, 0x64, 0x29, 0x20, 0x29, 0x20, 0x2a, // 3(not(_cond) ) *
	0x20, 0x5f, 0x66, 0x61, 0x6c, 0x73, 0x65, 0x29, 0x3b, 0x20, 0x7d, 0x0a, 0x76, 0x65, 0x63, 0x34, //  _false); }.vec4
	0x20, 0x73, 0x65, 0x6c, 0x65, 0x63, 0x74, 0x28, 0x62, 0x76, 0x65, 0x63, 0x34, 0x20, 0x5f, 0x63, //  select(bvec4 _c
	0x6f, 0x6e, 0x64, 0x2c, 0x20, 0x76, 0x65, 0x63, 0x34, 0x20, 0x5f, 0x74, 0x72, 0x75, 0x65, 0x2c, // ond, vec4 _true,
	0x20, 0x76, 0x65, 0x63, 0x34, 0x20, 0x5f, 0x66, 0x61, 0x6c, 0x73, 0x65, 0x29, 0x20, 0x7b, 0x20, //  vec4 _false) { 
	0x72, 0x65, 0x74, 0x75, 0x72, 0x6e, 0x20, 0x28, 0x76, 0x65, 0x63, 0x34, 0x28, 0x5f, 0x63, 0x6f, // return (vec4(_co
	0x6e, 0x64, 0x29, 0x20, 0x2a, 0x20, 0x5f, 0x74, 0x72, 0x75, 0x65, 0x29, 0x20, 0x2b, 0x20, 0x28, // nd) * _true) + (
	0x76, 0x65, 0x63, 0x34, 0x28, 0x6e, 0x6f, 0x74, 0x28, 0x5f, 0x63, 0x6f, 0x6e, 0x64, 0x29, 0x20, // vec4(not(_cond) 
	0x29, 0x20, 0x2a, 0x20, 0x5f, 0x66, 0x61, 0x6c, 0x73, 0x65, 0x29, 0x3b, 0x20, 0x7d, 0x0a, 0x69, // ) * _false); }.i
	0x6e, 0x74, 0x20, 0x73, 0x65, 0x6c, 0x65, 0x63, 0x74, 0x28, 0x62, 0x6f, 0x6f, 0x6c, 0x20, 0x5f, // nt select(bool _
	0x63, 0x6f, 0x6e, 0x64, 0x2c, 0x20, 0x69, 0x6e, 0x74, 0x20, 0x5f, 0x74, 0x72, 0x75, 0x65, 0x2c, // cond, int _true,
	0x20, 0x69, 0x6e, 0x74, 0x20, 0x5f, 0x66, 0x61, 0x6c, 0x73, 0x65, 0x29, 0x20, 0x7b, 0x20, 0x72, //  int _false) { r
	0x65, 0x74, 0x75, 0x72, 0x6e, 0x20, 0x5f, 0x63, 0x6f, 0x6e, 0x64, 0x20, 0x3f, 0x20, 0x5f, 0x74, // eturn _cond ? _t
	0x72, 0x75, 0x65, 0x20, 0x3a, 0x20, 0x5f, 0x66, 0x61, 0x6c, 0x73, 0x65, 0x3b, 0x20, 0x7d, 0x0a, // rue : _false; }.
	0x69, 0x76, 0x65, 0x63, 0x32, 0x20, 0x73, 0x65, 0x6c, 0x65, 0x63, 0x74, 0x28, 0x62, 0x6f, 0x6f, // ivec2 select(boo
	0x6c, 0x20, 0x5f, 0x63, 0x6f, 0x6e, 0x64, 0x2c, 0x20, 0x69, 0x76, 0x65, 0x63, 0x32, 0x20, 0x5f, // l _cond, ivec2 _
	0x74, 0x72, 0x75, 0x65, 0x2c, 0x20, 0x69, 0x76, 0x65, 0x63, 0x32, 0x20, 0x5f, 0x66, 0x61, 0x6c, // true, ivec2 _fal
	0x73, 0x65, 0x29, 0x20, 0x7b, 0x20, 0x72, 0x65, 0x74, 0x75, 0x72, 0x6e, 0x20, 0x5f, 0x63, 0x6f, // se) { return _co
	0x6e, 0x64, 0x20, 0x3f, 0x20, 0x5f, 0x74, 0x72, 0x75, 0x65, 0x20, 0x3a, 0x20, 0x5f, 0x66, 0x61, // nd ? _true : _fa
	0x6c, 0x73, 0x65, 0x3b, 0x20, 0x7d, 0x0a, 0x69, 0x76, 0x65, 0x63, 0x33, 0x20, 0x73, 0x65, 0x6c, // lse; }.ivec3 sel
	0x65, 0x63, 0x74, 0x28, 0x62, 0x6f, 0x6f, 0x6c, 0x20, 0x5f, 0x63, 0x6f, 0x6e, 0x64, 0x2c, 0x20, // ect(bool _cond, 
	0x69, 0x76, 0x65, 0x63, 0x33, 0x20, 0x5f, 0x74, 0x72, 0x75, 0x65, 0x2c, 0x20, 0x69, 0x76, 0x65, // ivec3 _true, ive
	0x63, 0x33, 0x20, 0x5f, 0x66, 0x61, 0x6c, 0x73, 0x65, 0x29, 0x20, 0x7b, 0x20, 0x72, 0x65, 0x74, // c3 _false) { ret
	0x75, 0x72, 0x6e, 0x20, 0x5f, 0x63, 0x6f, 0x6e, 0x64, 0x20, 0x3f, 0x20, 0x5f, 0x74, 0x72, 0x75, // urn _cond ? _tru
	0x65, 0x20, 0x3a, 0x20, 0x5f, 0x66, 0x61, 0x6c, 0x73, 0x65, 0x3b, 0x20, 0x7d, 0x0a, 0x69, 0x76, // e : _false; }.iv
	0x65, 0x63, 0x34, 0x20, 0x73, 0x65, 0x6c, 0x65, 0x63, 0x74, 0x28, 0x62, 0x6f, 0x6f, 0x6c, 0x20, // ec4 select(bool 
	0x5f, 0x63, 0x6f, 0x6e, 0x64, 0x2c, 0x20, 0x69, 0x76, 0x65, 0x63, 0x34, 0x20, 0x5f, 0x74, 0x72, // _cond, ivec4 _tr
	0x75, 0x65, 0x2c, 0x20, 0x69, 0x76, 0x65, 0x63, 0x34, 0x20, 0x5f, 0x66, 0x61, 0x6c, 0x73, 0x65, // ue, ivec4 _false
	0x29, 0x20, 0x7b, 0x20, 0x72, 0x65, 0x74, 0x75, 0x72, 0x6e, 0x20, 0x5f, 0x63, 0x6f, 0x6e, 0x64, // ) { return _cond
	0x20, 0x3f, 0x20, 0x5f, 0x74, 0x72, 0x75, 0x65, 0x20, 0x3a, 0x20, 0x5f, 0x66, 0x61, 0x6c, 0x73, //  ? _true : _fals
	0x65, 0x3b, 0x20, 0x7d, 0x0a, 0x69, 0x76, 0x65, 0x63, 0x32, 0x20, 0x73, 0x65, 0x6c, 0x65, 0x63, // e; }.ivec2 selec
	0x74, 0x28, 0x62, 0x76, 0x65, 0x63, 0x32, 0x20, 0x5f, 0x63, 0x6f, 0x6e, 0x64, 0x2c, 0x20, 0x69, // t(bvec2 _cond, i
	0x76, 0x65, 0x63, 0x32, 0x20, 0x5f, 0x74, 0x72, 0x75, 0x65, 0x2c, 0x20, 0x69, 0x76, 0x65, 0x63, // vec2 _true, ivec
	0x32, 0x20, 0x5f, 0x66, 0x61, 0x6c, 0x73, 0x65, 0x29, 0x20, 0x7b, 0x20, 0x72, 0x65, 0x74, 0x75, // 2 _false) { retu
	0x72, 0x6e, 0x20, 0x28, 0x69, 0x76, 0x65, 0x63, 0x32, 0x28, 0x5f, 0x63, 0x6f, 0x6e, 0x64, 0x29, // rn (ivec2(_cond)
	0x20, 0x2a, 0x20, 0x5f, 0x74, 0x72, 0x75, 0x65, 0x29, 0x20, 0x2b, 0x20, 0x28, 0x69, 0x76, 0x65, //  * _true) + (ive
	0x63, 0x32, 0x28, 0x6e, 0x6f, 0x74, 0x28, 0x5f, 0x63, 0x6f, 0x6e, 0x64, 0x29, 0x20, 0x29, 0x20, // c2(not(_cond) ) 
	0x2a, 0x20, 0x5f, 0x66, 0x61, 0x6c, 0x73, 0x65, 0x29, 0x3b, 0x20, 0x7d, 0x0a, 0x69, 0x76, 0x65, // * _false); }.ive
	0x63, 0x33, 0x20, 0x73, 0x65, 0x6c, 0x65, 0x63, 0x74, 0x28, 0x62, 0x76, 0x65, 0x63, 0x33, 0x20, // c3 select(bvec3 
	0x5f, 0x63, 0x6f, 0x6e, 0x64, 0x2c, 0x20, 0x69, 0x76, 0x65, 0x63, 0x33, 0x20, 0x5f, 0x74, 0x72, // _cond, ivec3 _tr
	0x75, 0x65, 0x2c, 0x20, 0x69, 0x76, 0x65, 0x63, 0x33, 0x20, 0x5f, 0x66, 0x61, 0x6c, 0x73, 0x65, // ue, ivec3 _false
	0x29, 0x20, 0x7b, 0x20, 0x72, 0x65, 0x74, 0x75, 0x72, 0x6e, 0x20, 0x28, 0x69, 0x76, 0x65, 0x63, // ) { return (ivec
	0x33, 0x28, 0x5f, 0x63, 0x6f, 0x6e, 0x64, 0x29, 0x20, 0x2a, 0x20, 0x5f, 0x74, 0x72, 0x75, 0x65, // 3(_cond) * _true
	0x29, 0x20, 0x2b, 0x20, 0x28, 0x69, 0x76, 0x65, 0x63, 0x33, 0x28, 0x6e, 0x6f, 0x74, 0x28, 0x5f, // ) + (ivec3(not(_
	0x63, 0x6f, 0x6e, 0x64, 0x29, 0x20, 0x29, 0x20, 0x2a, 0x20, 0x5f, 0x66, 0x61, 0x6c, 0x73, 0x65, // cond) ) * _false
	0x29, 0x3b, 0x20, 0x7d, 0x0a, 0x69, 0x76, 0x65, 0x63, 0x34, 0x20, 0x73, 0x65, 0x6c, 0x65, 0x63, // ); }.ivec4 selec
	0x74, 0x28, 0x62, 0x76, 0x65, 0x63, 0x34, 0x20, 0x5f, 0x63, 0x6f, 0x6e, 0x64, 0x2c, 0x20, 0x69, // t(bvec4 _cond, i
	0x76, 0x65, 0x63, 0x34, 0x20, 0x5f, 0x74, 0x72, 0x75, 0x65, 0x2c, 0x20, 0x69, 0x76, 0x65, 0x63, // vec4 _true, ivec
	0x34, 0x20, 0x5f, 0x66, 0x61, 0x6c, 0x73, 0x65, 0x29, 0x20, 0x7b, 0x20, 0x72, 0x65, 0x74, 0x75, // 4 _false) { retu
	0x72, 0x6e, 0x20, 0x28, 0x69, 0x76, 0x65, 0x63, 0x34, 0x28, 0x5f, 0x63, 0x6f, 0x6e, 0x64, 0x29, // rn (ivec4(_cond)
	0x20, 0x2a, 0x20, 0x5f, 0x74, 0x72, 0x75, 0x65, 0x29, 0x20, 0x2b, 0x20, 0x28, 0x69, 0x76, 0x65, //  * _true) + (ive
	0x63, 0x34, 0x28, 0x6e, 0x6f, 0x74, 0x28, 0x5f, 0x63, 0x6f, 0x6e, 0x64, 0x29, 0x20, 0x29, 0x20, // c4(not(_cond) ) 
	0x2a, 0x20, 0x5f, 0x66, 0x61, 0x6c, 0x73, 0x65, 0x29, 0x3b, 0x20, 0x7d, 0x0a, 0x75, 0x69, 0x6e, // * _false); }.uin
	0x74, 0x20, 0x73, 0x65, 0x6c, 0x65, 0x63, 0x74, 0x28, 0x62, 0x6f, 0x6f, 0x6c, 0x20, 0x5f, 0x63, // t select(bool _c
	0x6f, 0x6e, 0x64, 0x2c, 0x20, 0x75, 0x69, 0x6e, 0x74, 0x20, 0x5f, 0x74, 0x72, 0x75, 0x65, 0x2c, // ond, uint _true,
	0x20, 0x75, 0x69, 0x6e, 0x74, 0x20, 0x5f, 0x66, 0x61, 0x6c, 0x73, 0x65, 0x29, 0x20, 0x7b, 0x20, //  uint _false) { 
	0x72, 0x65, 0x74, 0x75, 0x72, 0x6e, 0x20, 0x5f, 0x63, 0x6f, 0x6e, 0x64, 0x20, 0x3f, 0x20, 0x5f, // return _cond ? _
	0x74, 0x72, 0x75, 0x65, 0x20, 0x3a, 0x20, 0x5f, 0x66, 0x61, 0x6c, 0x73, 0x65, 0x3b, 0x20, 0x7d, // true : _false; }
	0x0a, 0x75, 0x76, 0x65, 0x63, 0x32, 0x20, 0x73, 0x65, 0x6c, 0x65, 0x63, 0x74, 0x28, 0x62, 0x6f, // .uvec2 select(bo
	0x6f, 0x6c, 0x20, 0x5f, 0x63, 0x6f, 0x6e, 0x64, 0x2c, 0x20, 0x75, 0x76, 0x65, 0x63, 0x32, 0x20, // ol _cond, uvec2 
	0x5f, 0x74, 0x72, 0x75, 0x65, 0x2c, 0x20, 0x75, 0x76, 0x65, 0x63, 0x32, 0x20, 0x5f, 0x66, 0x61, // _true, uvec2 _fa
	0x6c, 0x73, 0x65, 0x29, 0x20, 0x7b, 0x20, 0x72, 0x65, 0x74, 0x75, 0x72, 0x6e, 0x20, 0x5f, 0x63, // lse) { return _c
	0x6f, 0x6e, 0x64, 0x20, 0x3f, 0x20, 0x5f, 0x74, 0x72, 0x75, 0x65, 0x20, 0x3a, 0x20, 0x5f, 0x66, // ond ? _true : _f
	0x61, 0x6c, 0x73, 0x65, 0x3b, 0x20, 0x7d, 0x0a, 0x75, 0x76, 0x65, 0x63, 0x33, 0x20, 0x73, 0x65, // alse; }.uvec3 se
	0x6c, 0x65, 0x63, 0x74, 0x28, 0x62, 0x6f, 0x6f, 0x6c, 0x20, 0x5f, 0x63, 0x6f, 0x6e, 0x64, 0x2c, // lect(bool _cond,
	0x20, 0x75, 0x76, 0x65, 0x63, 0x33, 0x20, 0x5f, 0x74, 0x72, 0x75, 0x65, 0x2c, 0x20, 0x75, 0x76, //  uvec3 _true, uv
	0x65, 0x63, 0x33, 0x20, 0x5f, 0x66, 0x61, 0x6c, 0x73, 0x65, 0x29, 0x20, 0x7b, 0x20, 0x72, 0x65, // ec3 _false) { re
	0x74, 0x75, 0x72, 0x6e, 0x20, 0x5f, 0x63, 0x6f, 0x6e, 0x64, 0x20, 0x3f, 0x20, 0x5f, 0x74, 0x72, // turn _cond ? _tr
	0x75, 0x65, 0x20, 0x3a, 0x20, 0x5f, 0x66, 0x61, 0x6c, 0x73, 0x65, 0x3b, 0x20, 0x7d, 0x0a, 0x75, // ue : _false; }.u
	0x76, 0x65, 0x63, 0x34, 0x20, 0x73, 0x65, 0x6c, 0x65, 0x63, 0x74, 0x28, 0x62, 0x6f, 0x6f, 0x6c, // vec4 select(bool
	0x20, 0x5f, 0x63, 0x6f, 0x6e, 0x64, 0x2c, 0x20, 0x75, 0x76, 0x65, 0x63, 0x34, 0x20, 0x5f, 0x74, //  _cond, uvec4 _t
	0x72, 0x75, 0x65, 0x2c, 0x20, 0x75, 0x76, 0x65, 0x63, 0x34, 0x20, 0x5f, 0x66, 0x61, 0x6c, 0x73, // rue, uvec4 _fals
	0x65, 0x29, 0x20, 0x7b, 0x20, 0x72, 0x65, 0x74, 0x75, 0x72, 0x6e, 0x20, 0x5f, 0x63, 0x6f, 0x6e, // e) { return _con
	0x64, 0x20, 0x3f, 0x20, 0x5f, 0x74, 0x72, 0x75, 0x65, 0x20, 0x3a, 0x20, 0x5f, 0x66, 0x61, 0x6c, // d ? _true : _fal
	0x73, 0x65, 0x3b, 0x20, 0x7d, 0x0a, 0x75, 0x76, 0x65, 0x63, 0x32, 0x20, 0x73, 0x65, 0x6c, 0x65, // se; }.uvec2 sele
	0x63, 0x74, 0x28, 0x62, 0x76, 0x65, 0x63, 0x32, 0x20, 0x5f, 0x63, 0x6f, 0x6e, 0x64, 0x2c, 0x20, // ct(bvec2 _cond, 
	0x75, 0x76, 0x65, 0x63, 0x32, 0x20, 0x5f, 0x74, 0x72, 0x75, 0x65, 0x2c, 0x20, 0x75, 0x76, 0x65, // uvec2 _true, uve
	0x63, 0x32, 0x20, 0x5f, 0x66, 0x61, 0x6c, 0x73, 0x65, 0x29, 0x20, 0x7b, 0x20, 0x72, 0x65, 0x74, // c2 _false) { ret
	0x75, 0x72, 0x6e, 0x20, 0x28, 0x75, 0x76, 0x65, 0x63, 0x32, 0x28, 0x5f, 0x63, 0x6f, 0x6e, 0x64, // urn (uvec2(_cond
	0x29, 0x20, 0x2a, 0x20, 0x5f, 0x74, 0x72, 0x75, 0x65, 0x29, 0x20, 0x2b, 0x20, 0x28, 0x75, 0x76, // ) * _true) + (uv
	0x65, 0x63, 0x32, 0x28, 0x6e, 0x6f, 0x74, 0x28, 0x5f, 0x63, 0x6f, 0x6e, 0x64, 0x29, 0x20, 0x29, // ec2(not(_cond) )
	0x20, 0x2a, 0x20, 0x5f, 0x66, 0x61, 0x6c, 0x73, 0x65, 0x29, 0x3b, 0x20, 0x7d, 0x0a, 0x75, 0x76, //  * _false); }.uv
	0x65, 0x63, 0x33, 0x20, 0x73, 0x65, 0x6c, 0x65, 0x63, 0x74, 0x28, 0x62, 0x76, 0x65, 0x63, 0x33, // ec3 select(bvec3
	0x20, 0x5f, 0x63, 0x6f, 0x6e, 0x64, 0x2c, 0x20, 0x75, 0x76, 0x65, 0x63, 0x33, 0x20, 0x5f, 0x74, //  _cond, uvec3 _t
	0x72, 0x75, 0x65, 0x2c, 0x20, 0x75, 0x76, 0x65, 0x63, 0x33, 0x20, 0x5f, 0x66, 0x61, 0x6c, 0x73, // rue, uvec3 _fals
	0x65, 0x29, 0x20, 0x7b, 0x20, 0x72, 0x65, 0x74, 0x75, 0x72, 0x6e, 0x20, 0x28, 0x75, 0x76, 0x65, // e) { return (uve
	0x63, 0x33, 0x28, 0x5f, 0x63, 0x6f, 0x6e, 0x64, 0x29, 0x20, 0x2a, 0x20, 0x5f, 0x74, 0x72, 0x75, // c3(_cond) * _tru
	0x65, 0x29, 0x20, 0x2b, 0x20, 0x28, 0x75, 0x76, 0x65, 0x63, 0x33, 0x28, 0x6e, 0x6f, 0x74, 0x28, // e) + (uvec3(not(
	0x5f, 0x63, 0x6f, 0x6e, 0x64, 0x29, 0x20, 0x29, 0x20, 0x2a, 0x20, 0x5f, 0x66, 0x61, 0x6c, 0x73, // _cond) ) * _fals
	0x65, 0x29, 0x3b, 0x20, 0x7d, 0x0a, 0x75, 0x76, 0x65, 0x63, 0x34, 0x20, 0x73, 0x65, 0x6c, 0x65, // e); }.uvec4 sele
	0x63, 0x74, 0x28, 0x62, 0x76, 0x65, 0x63, 0x34, 0x20, 0x5f, 0x63, 0x6f, 0x6e, 0x64, 0x2c, 0x20, // ct(bvec4 _cond, 
	0x75, 0x76, 0x65, 0x63, 0x34, 0x20, 0x5f, 0x74, 0x72, 0x75, 0x65, 0x2c, 0x20, 0x75, 0x76, 0x65, // uvec4 _true, uve
	0x63, 0x34, 0x20, 0x5f, 0x66, 0x61, 0x6c, 0x73, 0x65, 0x29, 0x20, 0x7b, 0x20, 0x72, 0x65, 0x74, // c4 _false) { ret
	0x75, 0x72, 0x6e, 0x20, 0x28, 0x75, 0x76, 0x65, 0x63, 0x34, 0x28, 0x5f, 0x63, 0x6f, 0x6e, 0x64, // urn (uvec4(_cond
	0x29, 0x20, 0x2a, 0x20, 0x5f, 0x74, 0x72, 0x75, 0x65, 0x29, 0x20, 0x2b, 0x20, 0x28, 0x75, 0x76, // ) * _true) + (uv
	0x65, 0x63, 0x34, 0x28, 0x6e, 0x6f, 0x74, 0x28, 0x5f, 0x63, 0x6f, 0x6e, 0x64, 0x29, 0x20, 0x29, // ec4(not(_cond) )
	0x20, 0x2a, 0x20, 0x5f, 0x66, 0x61, 0x6c, 0x73, 0x65, 0x29, 0x3b, 0x20, 0x7d, 0x0a, 0x75, 0x6e, //  * _false); }.un
	0x69, 0x66, 0x6f, 0x72, 0x6d, 0x20, 0x76, 0x65, 0x63, 0x34, 0x20, 0x75, 0x5f, 0x76, 0x69, 0x65, // iform vec4 u_vie
	0x77, 0x52, 0x65, 0x63, 0x74, 0x3b, 0x0a, 0x75, 0x6e, 0x69, 0x66, 0x6f, 0x72, 0x6d, 0x20, 0x76, // wRect;.uniform v
	0x65, 0x63, 0x34, 0x20, 0x75, 0x5f, 0x76, 0x69, 0x65, 0x77, 0x54, 0x65, 0x78, 0x65, 0x6c, 0x3b, // ec4 u_viewTexel;
	0x0a, 0x75, 0x6e, 0x69, 0x66, 0x6f, 0x72, 0x6d, 0x20, 0x6d, 0x61, 0x74, 0x34, 0x20, 0x75, 0x5f, // .uniform mat4 u_
	0x76, 0x69, 0x65, 0x77, 0x3b, 0x0a, 0x75, 0x6e, 0x69, 0x66, 0x6f, 0x72, 0x6d, 0x20, 0x6d, 0x61, // view;.uniform ma
	0x74, 0x34, 0x20, 0x75, 0x5f, 0x69, 0x6e, 0x76, 0x56, 0x69, 0x65, 0x77, 0x3b, 0x0a, 0x75, 0x6e, // t4 u_invView;.un
	0x69, 0x66, 0x6f, 0x72, 0x6d, 0x20, 0x6d, 0x61, 0x74, 0x34, 0x20, 0x75, 0x5f, 0x70, 0x72, 0x6f, // iform mat4 u_pro
	0x6a, 0x3b, 0x0a, 0x75, 0x6e, 0x69, 0x66, 0x6f, 0x72, 0x6d, 0x20, 0x6d, 0x61, 0x74, 0x34, 0x20, // j;.uniform mat4 
	0x75, 0x5f, 0x69, 0x6e, 0x76, 0x50, 0x72, 0x6f, 0x6a, 0x3b, 0x0a, 0x75, 0x6e, 0x69, 0x66, 0x6f, // u_invProj;.unifo
	0x72, 0x6d, 0x20, 0x6d, 0x61, 0x74, 0x34, 0x20, 0x75, 0x5f, 0x76, 0x69, 0x65, 0x77, 0x50, 0x72, // rm mat4 u_viewPr
	0x6f, 0x6a, 0x3b, 0x0a, 0x75, 0x6e, 0x69, 0x66, 0x6f, 0x72, 0x6d, 0x20, 0x6d, 0x61, 0x74, 0x34, // oj;.uniform mat4
	0x20, 0x75, 0x5f, 0x69, 0x6e, 0x76, 0x56, 0x69, 0x65, 0x77, 0x50, 0x72, 0x6f, 0x6a, 0x3b, 0x0a, //  u_invViewProj;.
	0x75, 0x6e, 0x69, 0x66, 0x6f, 0x72, 0x6d, 0x20, 0x6d, 0x61, 0x74, 0x34, 0x20, 0x75, 0x5f, 0x6d, // uniform mat4 u_m
	0x6f, 0x64, 0x65, 0x6c, 0x56, 0x69, 0x65, 0x77, 0x3b, 0x0a, 0x75, 0x6e, 0x69, 0x66, 0x6f, 0x72, // odelView;.unifor
	0x6d, 0x20, 0x6d, 0x61, 0x74, 0x34, 0x20, 0x75, 0x5f, 0x69, 0x6e, 0x76, 0x4d, 0x6f, 0x64, 0x65, // m mat4 u_invMode
	0x6c, 0x56, 0x69, 0x65, 0x77, 0x3b, 0x0a, 0x75, 0x6e, 0x69, 0x66, 0x6f, 0x72, 0x6d, 0x20, 0x6d, // lView;.uniform m
	0x61, 0x74, 0x34, 0x20, 0x75, 0x5f, 0x6d, 0x6f, 0x64, 0x65, 0x6c, 0x56, 0x69, 0x65, 0x77, 0x50, // at4 u_modelViewP
	0x72, 0x6f, 0x6a, 0x3b, 0x0a, 0x75, 0x6e, 0x69, 0x66, 0x6f, 0x72, 0x6d, 0x20, 0x76, 0x65, 0x63, // roj;.uniform vec
	0x34, 0x20, 0x75, 0x5f, 0x61, 0x6c, 0x70, 0x68, 0x61, 0x52, 0x65, 0x66, 0x34, 0x3b, 0x0a, 0x75, // 4 u_alphaRef4;.u
	0x6e, 0x69, 0x66, 0x6f, 0x72, 0x6d, 0x20, 0x6d, 0x61, 0x74, 0x34, 0x20, 0x75, 0x5f, 0x6d, 0x6f, // niform mat4 u_mo
	0x64, 0x65, 0x6c, 0x5b, 0x31, 0x5d, 0x3b, 0x0a, 0x75, 0x6e, 0x69, 0x66, 0x6f, 0x72, 0x6d, 0x20, // del[1];.uniform 
	0x76, 0x65, 0x63, 0x34, 0x20, 0x62, 0x67, 0x66, 0x78, 0x5f, 0x6e, 0x64, 0x63, 0x3b, 0x0a, 0x75, // vec4 bgfx_ndc;.u
	0x6e, 0x69, 0x66, 0x6f, 0x72, 0x6d, 0x20, 0x76, 0x65, 0x63, 0x34, 0x20, 0x62, 0x67, 0x66, 0x78, // niform vec4 bgfx
	0x5f, 0x69, 0x6e, 0x64, 0x69, 0x72, 0x65, 0x63, 0x74, 0x41, 0x72, 0x67, 0x42, 0x61, 0x73, 0x65, // _indirectArgBase
	0x3b, 0x0a, 0x75, 0x6e, 0x69, 0x66, 0x6f, 0x72, 0x6d, 0x20, 0x73, 0x61, 0x6d, 0x70, 0x6c, 0x65, // ;.uniform sample
	0x72, 0x32, 0x44, 0x41, 0x72, 0x72, 0x61, 0x79, 0x20, 0x62, 0x67, 0x66, 0x78, 0x5f, 0x74, 0x65, // r2DArray bgfx_te
	0x78, 0x4d, 0x69, 0x70, 0x53, 0x72, 0x63, 0x3b, 0x0a, 0x6c, 0x61, 0x79, 0x6f, 0x75, 0x74, 0x28, // xMipSrc;.layout(
	0x72, 0x67, 0x62, 0x61, 0x38, 0x2c, 0x20, 0x62, 0x69, 0x6e, 0x64, 0x69, 0x6e, 0x67, 0x3d, 0x30, // rgba8, binding=0
	0x29, 0x20, 0x77, 0x72, 0x69, 0x74, 0x65, 0x6f, 0x6e, 0x6c, 0x79, 0x20, 0x75, 0x6e, 0x69, 0x66, // ) writeonly unif
	0x6f, 0x72, 0x6d, 0x20, 0x68, 0x69, 0x67, 0x68, 0x70, 0x20, 0x69, 0x6d, 0x61, 0x67, 0x65, 0x32, // orm highp image2
	0x44, 0x41, 0x72, 0x72, 0x61, 0x79, 0x20, 0x73, 0x5f, 0x69, 0x6d, 0x67, 0x4d, 0x69, 0x70, 0x31, // DArray s_imgMip1
	0x3b, 0x0a, 0x6c, 0x61, 0x79, 0x6f, 0x75, 0x74, 0x28, 0x72, 0x67, 0x62, 0x61, 0x38, 0x2c, 0x20, // ;.layout(rgba8, 
	0x62, 0x69, 0x6e, 0x64, 0x69, 0x6e, 0x67, 0x3d, 0x31, 0x29, 0x20, 0x77, 0x72, 0x69, 0x74, 0x65, // binding=1) write
	0x6f, 0x6e, 0x6c, 0x79, 0x20, 0x75, 0x6e, 0x69, 0x66, 0x6f, 0x72, 0x6d, 0x20, 0x68, 0x69, 0x67, // only uniform hig
	0x68, 0x70, 0x20, 0x69, 0x6d, 0x61, 0x67, 0x65, 0x32, 0x44, 0x41, 0x72, 0x72, 0x61, 0x79, 0x20, // hp image2DArray 
	0x73, 0x5f, 0x69, 0x6d, 0x67, 0x4d, 0x69, 0x70, 0x32, 0x3b, 0x0a, 0x6c, 0x61, 0x79, 0x6f, 0x75, // s_imgMip2;.layou
	0x74, 0x28, 0x72, 0x67, 0x62, 0x61, 0x38, 0x2c, 0x20, 0x62, 0x69, 0x6e, 0x64, 0x69, 0x6e, 0x67, // t(rgba8, binding
	0x3d, 0x32, 0x29, 0x20, 0x77, 0x72, 0x69, 0x74, 0x65, 0x6f, 0x6e, 0x6c, 0x79, 0x20, 0x75, 0x6e, // =2) writeonly un
	0x69, 0x66, 0x6f, 0x72, 0x6d, 0x20, 0x68, 0x69, 0x67, 0x68, 0x70, 0x20, 0x69, 0x6d, 0x61, 0x67, // iform highp imag
	0x65, 0x32, 0x44, 0x41, 0x72, 0x72, 0x61, 0x79, 0x20, 0x73, 0x5f, 0x69, 0x6d, 0x67, 0x4d, 0x69, // e2DArray s_imgMi
	0x70, 0x33, 0x3b, 0x0a, 0x6c, 0x61, 0x79, 0x6f, 0x75, 0x74, 0x28, 0x72, 0x67, 0x62, 0x61, 0x38, // p3;.layout(rgba8
	0x2c, 0x20, 0x62, 0x69, 0x6e, 0x64, 0x69, 0x6e, 0x67, 0x3d, 0x33, 0x29, 0x20, 0x77, 0x72, 0x69, // , binding=3) wri
	0x74, 0x65, 0x6f, 0x6e, 0x6c, 0x79, 0x20, 0x75, 0x6e, 0x69, 0x66, 0x6f, 0x72, 0x6d, 0x20, 0x68, // teonly uniform h
	0x69, 0x67, 0x68, 0x70, 0x20, 0x69, 0x6d, 0x61, 0x67, 0x65, 0x32, 0x44, 0x41, 0x72, 0x72, 0x61, // ighp image2DArra
	0x79, 0x20, 0x73, 0x5f, 0x69, 0x6d, 0x67, 0x4d, 0x69, 0x70, 0x34, 0x3b, 0x0a, 0x75, 0x6e, 0x69, // y s_imgMip4;.uni
	0x66, 0x6f, 0x72, 0x6d, 0x20, 0x76, 0x65, 0x63, 0x34, 0x20, 0x62, 0x67, 0x66, 0x78, 0x5f, 0x6d, // form vec4 bgfx_m
	0x69, 0x70, 0x47, 0x65, 0x6e, 0x3b, 0x0a, 0x73, 0x68, 0x61, 0x72, 0x65, 0x64, 0x20, 0x66, 0x6c, // ipGen;.shared fl
	0x6f, 0x61, 0x74, 0x20, 0x67, 0x73, 0x5f, 0x52, 0x5b, 0x36, 0x34, 0x5d, 0x3b, 0x0a, 0x73, 0x68, // oat gs_R[64];.sh
	0x61, 0x72, 0x65, 0x64, 0x20, 0x66, 0x6c, 0x6f, 0x61, 0x74, 0x20, 0x67, 0x73, 0x5f, 0x47, 0x5b, // ared float gs_G[
	0x36, 0x34, 0x5d, 0x3b, 0x0a, 0x73, 0x68, 0x61, 0x72, 0x65, 0x64, 0x20, 0x66, 0x6c, 0x6f, 0x61, // 64];.shared floa
	0x74, 0x20, 0x67, 0x73, 0x5f, 0x42, 0x5b, 0x36, 0x34, 0x5d, 0x3b, 0x0a, 0x73, 0x68, 0x61, 0x72, // t gs_B[64];.shar
	0x65, 0x64, 0x20, 0x66, 0x6c, 0x6f, 0x61, 0x74, 0x20, 0x67, 0x73, 0x5f, 0x41, 0x5b, 0x36, 0x34, // ed float gs_A[64
	0x5d, 0x3b, 0x0a, 0x76, 0x6f, 0x69, 0x64, 0x20, 0x73, 0x74, 0x6f, 0x72, 0x65, 0x43, 0x6f, 0x6c, // ];.void storeCol
	0x6f, 0x72, 0x28, 0x75, 0x69, 0x6e, 0x74, 0x20, 0x5f, 0x69, 0x6e, 0x64, 0x65, 0x78, 0x2c, 0x20, // or(uint _index, 
	0x76, 0x65, 0x63, 0x34, 0x20, 0x5f, 0x63, 0x6f, 0x6c, 0x6f, 0x72, 0x29, 0x0a, 0x7b, 0x0a, 0x67, // vec4 _color).{.g
	0x73, 0x5f, 0x52, 0x5b, 0x5f, 0x69, 0x6e, 0x64, 0x65, 0x78, 0x5d, 0x20, 0x3d, 0x20, 0x5f, 0x63, // s_R[_index] = _c
	0x6f, 0x6c, 0x6f, 0x72, 0x2e, 0x78, 0x3b, 0x0a, 0x67, 0x73, 0x5f, 0x47, 0x5b, 0x5f, 0x69, 0x6e, // olor.x;.gs_G[_in
	0x64, 0x65, 0x78, 0x5d, 0x20, 0x3d, 0x20, 0x5f, 0x63, 0x6f, 0x6c, 0x6f, 0x72, 0x2e, 0x79, 0x3b, // dex] = _color.y;
	0x0a, 0x67, 0x73, 0x5f, 0x42, 0x5b, 0x5f, 0x69, 0x6e, 0x64, 0x65, 0x78, 0x5d, 0x20, 0x3d, 0x20, // .gs_B[_index] = 
	0x5f, 0x63, 0x6f, 0x6c, 0x6f, 0x72, 0x2e, 0x7a, 0x3b, 0x0a, 0x67, 0x73, 0x5f, 0x41, 0x5b, 0x5f, // _color.z;.gs_A[_
	0x69, 0x6e, 0x64, 0x65, 0x78, 0x5d, 0x20, 0x3d, 0x20, 0x5f, 0x63, 0x6f, 0x6c, 0x6f, 0x72, 0x2e, // index] = _color.
	0x77, 0x3b, 0x0a, 0x7d, 0x0a, 0x76, 0x65, 0x63, 0x34, 0x20, 0x6c, 0x6f, 0x61, 0x64, 0x43, 0x6f, // w;.}.vec4 loadCo
	0x6c, 0x6f, 0x72, 0x28, 0x75, 0x69, 0x6e, 0x74, 0x20, 0x5f, 0x69, 0x6e, 0x64, 0x65, 0x78, 0x29, // lor(uint _index)
	0x0a, 0x7b, 0x0a, 0x72, 0x65, 0x74, 0x75, 0x72, 0x6e, 0x20, 0x76, 0x65, 0x63, 0x34, 0x28, 0x67, // .{.return vec4(g
	0x73, 0x5f, 0x52, 0x5b, 0x5f, 0x69, 0x6e, 0x64, 0x65, 0x78, 0x5d, 0x2c, 0x20, 0x67, 0x73, 0x5f, // s_R[_index], gs_
	0x47, 0x5b, 0x5f, 0x69, 0x6e, 0x64, 0x65, 0x78, 0x5d, 0x2c, 0x20, 0x67, 0x73, 0x5f, 0x42, 0x5b, // G[_index], gs_B[
	0x5f, 0x69, 0x6e, 0x64, 0x65, 0x78, 0x5d, 0x2c, 0x20, 0x67, 0x73, 0x5f, 0x41, 0x5b, 0x5f, 0x69, // _index], gs_A[_i
	0x6e, 0x64, 0x65, 0x78, 0x5d, 0x29, 0x3b, 0x0a, 0x7d, 0x0a, 0x6c, 0x61, 0x79, 0x6f, 0x75, 0x74, // ndex]);.}.layout
	0x20, 0x28, 0x6c, 0x6f, 0x63, 0x61, 0x6c, 0x5f, 0x73, 0x69, 0x7a, 0x65, 0x5f, 0x78, 0x20, 0x3d, //  (local_size_x =
	0x20, 0x38, 0x2c, 0x20, 0x6c, 0x6f, 0x63, 0x61, 0x6c, 0x5f, 0x73, 0x69, 0x7a, 0x65, 0x5f, 0x79, //  8, local_size_y
	0x20, 0x3d, 0x20, 0x38, 0x2c, 0x20, 0x6c, 0x6f, 0x63, 0x61, 0x6c, 0x5f, 0x73, 0x69, 0x7a, 0x65, //  = 8, local_size
	0x5f, 0x7a, 0x20, 0x3d, 0x20, 0x31, 0x29, 0x20, 0x69, 0x6e, 0x3b, 0x0a, 0x76, 0x6f, 0x69, 0x64, // _z = 1) in;.void
	0x20, 0x6d, 0x61, 0x69, 0x6e, 0x28, 0x29, 0x0a, 0x7b, 0x0a, 0x75, 0x69, 0x6e, 0x74, 0x20, 0x67, //  main().{.uint g
	0x69, 0x20, 0x3d, 0x20, 0x67, 0x6c, 0x5f, 0x4c, 0x6f, 0x63, 0x61, 0x6c, 0x49, 0x6e, 0x76, 0x6f, // i = gl_LocalInvo
	0x63, 0x61, 0x74, 0x69, 0x6f, 0x6e, 0x49, 0x6e, 0x64, 0x65, 0x78, 0x3b, 0x0a, 0x75, 0x76, 0x65, // cationIndex;.uve
	0x63, 0x33, 0x20, 0x64, 0x74, 0x69, 0x64, 0x20, 0x3d, 0x20, 0x67, 0x6c, 0x5f, 0x47, 0x6c, 0x6f, // c3 dtid = gl_Glo
	0x62, 0x61, 0x6c, 0x49, 0x6e, 0x76, 0x6f, 0x63, 0x61, 0x74, 0x69, 0x6f, 0x6e, 0x49, 0x44, 0x3b, // balInvocationID;
	0x0a, 0x75, 0x69, 0x6e, 0x74, 0x20, 0x73, 0x72, 0x63, 0x4d, 0x69, 0x70, 0x4c, 0x65, 0x76, 0x65, // .uint srcMipLeve
	0x6c, 0x20, 0x3d, 0x20, 0x75, 0x69, 0x6e, 0x74, 0x28, 0x62, 0x67, 0x66, 0x78, 0x5f, 0x6d, 0x69, // l = uint(bgfx_mi
	0x70, 0x47, 0x65, 0x6e, 0x2e, 0x78, 0x29, 0x3b, 0x0a, 0x75, 0x69, 0x6e, 0x74, 0x20, 0x6e, 0x75, // pGen.x);.uint nu
	0x6d, 0x4d, 0x69, 0x70, 0x4c, 0x65, 0x76, 0x65, 0x6c, 0x73, 0x20, 0x3d, 0x20, 0x75, 0x69, 0x6e, // mMipLevels = uin
	0x74, 0x28, 0x62, 0x67, 0x66, 0x78, 0x5f, 0x6d, 0x69, 0x70, 0x47, 0x65, 0x6e, 0x2e, 0x79, 0x29, // t(bgfx_mipGen.y)
	0x3b, 0x0a, 0x76, 0x65, 0x63, 0x32, 0x20, 0x74, 0x65, 0x78, 0x65, 0x6c, 0x53, 0x69, 0x7a, 0x65, // ;.vec2 texelSize
	0x20, 0x3d, 0x20, 0x62, 0x67, 0x66, 0x78, 0x5f, 0x6d, 0x69, 0x70, 0x47, 0x65, 0x6e, 0x2e, 0x7a, //  = bgfx_mipGen.z
	0x77, 0x3b, 0x0a, 0x75, 0x69, 0x6e, 0x74, 0x20, 0x73, 0x6c, 0x69, 0x63, 0x65, 0x20, 0x3d, 0x20, // w;.uint slice = 
	0x64, 0x74, 0x69, 0x64, 0x2e, 0x7a, 0x3b, 0x0a, 0x76, 0x65, 0x63, 0x34, 0x20, 0x73, 0x72, 0x63, // dtid.z;.vec4 src
	0x31, 0x3b, 0x0a, 0x76, 0x65, 0x63, 0x32, 0x20, 0x75, 0x76, 0x31, 0x20, 0x3d, 0x20, 0x74, 0x65, // 1;.vec2 uv1 = te
	0x78, 0x65, 0x6c, 0x53, 0x69, 0x7a, 0x65, 0x20, 0x2a, 0x20, 0x28, 0x76, 0x65, 0x63, 0x32, 0x28, // xelSize * (vec2(
	0x64, 0x74, 0x69, 0x64, 0x2e, 0x78, 0x79, 0x29, 0x20, 0x2b, 0x20, 0x76, 0x65, 0x63, 0x32, 0x28, // dtid.xy) + vec2(
	0x30, 0x2e, 0x32, 0x35, 0x2c, 0x20, 0x30, 0x2e, 0x32, 0x35, 0x29, 0x20, 0x29, 0x3b, 0x0a, 0x76, // 0.25, 0.25) );.v
	0x65, 0x63, 0x32, 0x20, 0x6f, 0x66, 0x66, 0x20, 0x3d, 0x20, 0x74, 0x65, 0x78, 0x65, 0x6c, 0x53, // ec2 off = texelS
	0x69, 0x7a, 0x65, 0x20, 0x2a, 0x20, 0x76, 0x65, 0x63, 0x32, 0x5f, 0x73, 0x70, 0x6c, 0x61, 0x74, // ize * vec2_splat
	0x28, 0x30, 0x2e, 0x35, 0x29, 0x3b, 0x0a, 0x73, 0x72, 0x63, 0x31, 0x20, 0x3d, 0x20, 0x74, 0x65, // (0.5);.src1 = te
	0x78, 0x74, 0x75, 0x72, 0x65, 0x32, 0x44, 0x41, 0x72, 0x72, 0x61, 0x79, 0x4c, 0x6f, 0x64, 0x28, // xture2DArrayLod(
	0x62, 0x67, 0x66, 0x78, 0x5f, 0x74, 0x65, 0x78, 0x4d, 0x69, 0x70, 0x53, 0x72, 0x63, 0x2c, 0x20, // bgfx_texMipSrc, 
	0x76, 0x65, 0x63, 0x33, 0x28, 0x75, 0x76, 0x31, 0x2c, 0x20, 0x66, 0x6c, 0x6f, 0x61, 0x74, 0x28, // vec3(uv1, float(
	0x73, 0x6c, 0x69, 0x63, 0x65, 0x29, 0x20, 0x29, 0x2c, 0x20, 0x66, 0x6c, 0x6f, 0x61, 0x74, 0x28, // slice) ), float(
	0x73, 0x72, 0x63, 0x4d, 0x69, 0x70, 0x4c, 0x65, 0x76, 0x65, 0x6c, 0x29, 0x20, 0x29, 0x3b, 0x0a, // srcMipLevel) );.
	0x73, 0x72, 0x63, 0x31, 0x20, 0x2b, 0x3d, 0x20, 0x74, 0x65, 0x78, 0x74, 0x75, 0x72, 0x65, 0x32, // src1 += texture2
	0x44, 0x41, 0x72, 0x72, 0x61, 0x79, 0x4c, 0x6f, 0x64, 0x28, 0x62, 0x67, 0x66, 0x78, 0x5f, 0x74, // DArrayLod(bgfx_t
	0x65, 0x78, 0x4d, 0x69, 0x70, 0x53, 0x72, 0x63, 0x2c, 0x20, 0x76, 0x65, 0x63, 0x33, 0x28, 0x75, // exMipSrc, vec3(u
	0x76, 0x31, 0x20, 0x2b, 0x20, 0x76, 0x65, 0x63, 0x32, 0x28, 0x6f, 0x66, 0x66, 0x2e, 0x78, 0x2c, // v1 + vec2(off.x,
	0x20, 0x30, 0x2e, 0x30, 0x29, 0x2c, 0x20, 0x66, 0x6c, 0x6f, 0x61, 0x74, 0x28, 0x73, 0x6c, 0x69, //  0.0), float(sli
	0x63, 0x65, 0x29, 0x20, 0x29, 0x2c, 0x20, 0x66, 0x6c, 0x6f, 0x61, 0x74, 0x28, 0x73, 0x72, 0x63, // ce) ), float(src
	0x4d, 0x69, 0x70, 0x4c, 0x65, 0x76, 0x65, 0x6c, 0x29, 0x20, 0x29, 0x3b, 0x0a, 0x73, 0x72, 0x63, // MipLevel) );.src
	0x31, 0x20, 0x2b, 0x3d, 0x20, 0x74, 0x65, 0x78, 0x74, 0x75, 0x72, 0x65, 0x32, 0x44, 0x41, 0x72, // 1 += texture2DAr
	0x72, 0x61, 0x79, 0x4c, 0x6f, 0x64, 0x28, 0x62, 0x67, 0x66, 0x78, 0x5f, 0x74, 0x65, 0x78, 0x4d, // rayLod(bgfx_texM
	0x69, 0x70, 0x53, 0x72, 0x63, 0x2c, 0x20, 0x76, 0x65, 0x63, 0x33, 0x28, 0x75, 0x76, 0x31, 0x20, // ipSrc, vec3(uv1 
	0x2b, 0x20, 0x76, 0x65, 0x63, 0x32, 0x28, 0x30, 0x2e, 0x30, 0x2c, 0x20, 0x6f, 0x66, 0x66, 0x2e, // + vec2(0.0, off.
	0x79, 0x29, 0x2c, 0x20, 0x66, 0x6c, 0x6f, 0x61, 0x74, 0x28, 0x73, 0x6c, 0x69, 0x63, 0x65, 0x29, // y), float(slice)
	0x20, 0x29, 0x2c, 0x20, 0x66, 0x6c, 0x6f, 0x61, 0x74, 0x28, 0x73, 0x72, 0x63, 0x4d, 0x69, 0x70, //  ), float(srcMip
	0x4c, 0x65, 0x76, 0x65, 0x6c, 0x29, 0x20, 0x29, 0x3b, 0x0a, 0x73, 0x72, 0x63, 0x31, 0x20, 0x2b, // Level) );.src1 +
	0x3d, 0x20, 0x74, 0x65, 0x78, 0x74, 0x75, 0x72, 0x65, 0x32, 0x44, 0x41, 0x72, 0x72, 0x61, 0x79, // = texture2DArray
	0x4c, 0x6f, 0x64, 0x28, 0x62, 0x67, 0x66, 0x78, 0x5f, 0x74, 0x65, 0x78, 0x4d, 0x69, 0x70, 0x53, // Lod(bgfx_texMipS
	0x72, 0x63, 0x2c, 0x20, 0x76, 0x65, 0x63, 0x33, 0x28, 0x75, 0x76, 0x31, 0x20, 0x2b, 0x20, 0x76, // rc, vec3(uv1 + v
	0x65, 0x63, 0x32, 0x28, 0x6f, 0x66, 0x66, 0x2e, 0x78, 0x2c, 0x20, 0x6f, 0x66, 0x66, 0x2e, 0x79, // ec2(off.x, off.y
	0x29, 0x2c, 0x20, 0x66, 0x6c, 0x6f, 0x61, 0x74, 0x28, 0x73, 0x6c, 0x69, 0x63, 0x65, 0x29, 0x20, // ), float(slice) 
	0x29, 0x2c, 0x20, 0x66, 0x6c, 0x6f, 0x61, 0x74, 0x28, 0x73, 0x72, 0x63, 0x4d, 0x69, 0x70, 0x4c, // ), float(srcMipL
	0x65, 0x76, 0x65, 0x6c, 0x29, 0x20, 0x29, 0x3b, 0x0a, 0x73, 0x72, 0x63, 0x31, 0x20, 0x2a, 0x3d, // evel) );.src1 *=
	0x20, 0x30, 0x2e, 0x32, 0x35, 0x3b, 0x0a, 0x69, 0x6d, 0x61, 0x67, 0x65, 0x53, 0x74, 0x6f, 0x72, //  0.25;.imageStor
	0x65, 0x28, 0x73, 0x5f, 0x69, 0x6d, 0x67, 0x4d, 0x69, 0x70, 0x31, 0x2c, 0x20, 0x69, 0x76, 0x65, // e(s_imgMip1, ive
	0x63, 0x33, 0x28, 0x64, 0x74, 0x69, 0x64, 0x2e, 0x78, 0x79, 0x2c, 0x20, 0x73, 0x6c, 0x69, 0x63, // c3(dtid.xy, slic
	0x65, 0x29, 0x2c, 0x20, 0x73, 0x72, 0x63, 0x31, 0x29, 0x3b, 0x0a, 0x69, 0x66, 0x20, 0x28, 0x6e, // e), src1);.if (n
	0x75, 0x6d, 0x4d, 0x69, 0x70, 0x4c, 0x65, 0x76, 0x65, 0x6c, 0x73, 0x20, 0x3d, 0x3d, 0x20, 0x31, // umMipLevels == 1
	0x75, 0x29, 0x0a, 0x7b, 0x0a, 0x72, 0x65, 0x74, 0x75, 0x72, 0x6e, 0x3b, 0x0a, 0x7d, 0x0a, 0x73, // u).{.return;.}.s
	0x74, 0x6f, 0x72, 0x65, 0x43, 0x6f, 0x6c, 0x6f, 0x72, 0x28, 0x67, 0x69, 0x2c, 0x20, 0x73, 0x72, // toreColor(gi, sr
	0x63, 0x31, 0x29, 0x3b, 0x0a, 0x62, 0x61, 0x72, 0x72, 0x69, 0x65, 0x72, 0x28, 0x29, 0x3b, 0x0a, // c1);.barrier();.
	0x69, 0x66, 0x20, 0x28, 0x20, 0x28, 0x67, 0x69, 0x20, 0x26, 0x20, 0x30, 0x78, 0x39, 0x75, 0x29, // if ( (gi & 0x9u)
	0x20, 0x3d, 0x3d, 0x20, 0x30, 0x75, 0x29, 0x0a, 0x7b, 0x0a, 0x76, 0x65, 0x63, 0x34, 0x20, 0x73, //  == 0u).{.vec4 s
	0x72, 0x63, 0x32, 0x20, 0x3d, 0x20, 0x6c, 0x6f, 0x61, 0x64, 0x43, 0x6f, 0x6c, 0x6f, 0x72, 0x28, // rc2 = loadColor(
	0x67, 0x69, 0x20, 0x2b, 0x20, 0x30, 0x78, 0x30, 0x31, 0x75, 0x29, 0x3b, 0x0a, 0x76, 0x65, 0x63, // gi + 0x01u);.vec
	0x34, 0x20, 0x73, 0x72, 0x63, 0x33, 0x20, 0x3d, 0x20, 0x6c, 0x6f, 0x61, 0x64, 0x43, 0x6f, 0x6c, // 4 src3 = loadCol
	0x6f, 0x72, 0x28, 0x67, 0x69, 0x20, 0x2b, 0x20, 0x30, 0x78, 0x30, 0x38, 0x75, 0x29, 0x3b, 0x0a, // or(gi + 0x08u);.
	0x76, 0x65, 0x63, 0x34, 0x20, 0x73, 0x72, 0x63, 0x34, 0x20, 0x3d, 0x20, 0x6c, 0x6f, 0x61, 0x64, // vec4 src4 = load
	0x43, 0x6f, 0x6c, 0x6f, 0x72, 0x28, 0x67, 0x69, 0x20, 0x2b, 0x20, 0x30, 0x78, 0x30, 0x39, 0x75, // Color(gi + 0x09u
	0x29, 0x3b, 0x0a, 0x73, 0x72, 0x63, 0x31, 0x20, 0x3d, 0x20, 0x30, 0x2e, 0x32, 0x35, 0x20, 0x2a, // );.src1 = 0.25 *
	0x20, 0x28, 0x73, 0x72, 0x63, 0x31, 0x20, 0x2b, 0x20, 0x73, 0x72, 0x63, 0x32, 0x20, 0x2b, 0x20, //  (src1 + src2 + 
	0x73, 0x72, 0x63, 0x33, 0x20, 0x2b, 0x20, 0x73, 0x72, 0x63, 0x34, 0x29, 0x3b, 0x0a, 0x69, 0x6d, // src3 + src4);.im
	0x61, 0x67, 0x65, 0x53, 0x74, 0x6f, 0x72, 0x65, 0x28, 0x73, 0x5f, 0x69, 0x6d, 0x67, 0x4d, 0x69, // ageStore(s_imgMi
	0x70, 0x32, 0x2c, 0x20, 0x69, 0x76, 0x65, 0x63, 0x33, 0x28, 0x64, 0x74, 0x69, 0x64, 0x2e, 0x78, // p2, ivec3(dtid.x
	0x79, 0x20, 0x2f, 0x20, 0x32, 0x75, 0x2c, 0x20, 0x73, 0x6c, 0x69, 0x63, 0x65, 0x29, 0x2c, 0x20, // y / 2u, slice), 
	0x73, 0x72, 0x63, 0x31, 0x29, 0x3b, 0x0a, 0x73, 0x74, 0x6f, 0x72, 0x65, 0x43, 0x6f, 0x6c, 0x6f, // src1);.storeColo
	0x72, 0x28, 0x67, 0x69, 0x2c, 0x20, 0x73, 0x72, 0x63, 0x31, 0x29, 0x3b, 0x0a, 0x7d, 0x0a, 0x69, // r(gi, src1);.}.i
	0x66, 0x20, 0x28, 0x6e, 0x75, 0x6d, 0x4d, 0x69, 0x70, 0x4c, 0x65, 0x76, 0x65, 0x6c, 0x73, 0x20, // f (numMipLevels 
	0x3d, 0x3d, 0x20, 0x32, 0x75, 0x29, 0x0a, 0x7b, 0x0a, 0x72, 0x65, 0x74, 0x75, 0x72, 0x6e, 0x3b, // == 2u).{.return;
	0x0a, 0x7d, 0x0a, 0x62, 0x61, 0x72, 0x72, 0x69, 0x65, 0x72, 0x28, 0x29, 0x3b, 0x0a, 0x69, 0x66, // .}.barrier();.if
	0x20, 0x28, 0x20, 0x28, 0x67, 0x69, 0x20, 0x26, 0x20, 0x30, 0x78, 0x31, 0x42, 0x75, 0x29, 0x20, //  ( (gi & 0x1Bu) 
	0x3d, 0x3d, 0x20, 0x30, 0x75, 0x29, 0x0a, 0x7b, 0x0a, 0x76, 0x65, 0x63, 0x34, 0x20, 0x73, 0x72, // == 0u).{.vec4 sr
	0x63, 0x32, 0x20, 0x3d, 0x20, 0x6c, 0x6f, 0x61, 0x64, 0x43, 0x6f, 0x6c, 0x6f, 0x72, 0x28, 0x67, // c2 = loadColor(g
	0x69, 0x20, 0x2b, 0x20, 0x30, 0x78, 0x30, 0x32, 0x75, 0x29, 0x3b, 0x0a, 0x76, 0x65, 0x63, 0x34, // i + 0x02u);.vec4
	0x20, 0x73, 0x72, 0x63, 0x33, 0x20, 0x3d, 0x20, 0x6c, 0x6f, 0x61, 0x64, 0x43, 0x6f, 0x6c, 0x6f, //  src3 = loadColo
	0x72, 0x28, 0x67, 0x69, 0x20, 0x2b, 0x20, 0x30, 0x78, 0x31, 0x30, 0x75, 0x29, 0x3b, 0x0a, 0x76, // r(gi + 0x10u);.v
	0x65, 0x63, 0x34, 0x20, 0x73, 0x72, 0x63, 0x34, 0x20, 0x3d, 0x20, 0x6c, 0x6f, 0x61, 0x64, 0x43, // ec4 src4 = loadC
	0x6f, 0x6c, 0x6f, 0x72, 0x28, 0x67, 0x69, 0x20, 0x2b, 0x20, 0x30, 0x78, 0x31, 0x32, 0x75, 0x29, // olor(gi + 0x12u)
	0x3b, 0x0a, 0x73, 0x72, 0x63, 0x31, 0x20, 0x3d, 0x20, 0x30, 0x2e, 0x32, 0x35, 0x20, 0x2a, 0x20, // ;.src1 = 0.25 * 
	0x28, 0x73, 0x72, 0x63, 0x31, 0x20, 0x2b, 0x20, 0x73, 0x72, 0x63, 0x32, 0x20, 0x2b, 0x20, 0x73, // (src1 + src2 + s
	0x72, 0x63, 0x33, 0x20, 0x2b, 0x20, 0x73, 0x72, 0x63, 0x34, 0x29, 0x3b, 0x0a, 0x69, 0x6d, 0x61, // rc3 + src4);.ima
	0x67, 0x65, 0x53, 0x74, 0x6f, 0x72, 0x65, 0x28, 0x73, 0x5f, 0x69, 0x6d, 0x67, 0x4d, 0x69, 0x70, // geStore(s_imgMip
	0x33, 0x2c, 0x20, 0x69, 0x76, 0x65, 0x63, 0x33, 0x28, 0x64, 0x74, 0x69, 0x64, 0x2e, 0x78, 0x79, // 3, ivec3(dtid.xy
	0x20, 0x2f, 0x20, 0x34, 0x75, 0x2c, 0x20, 0x73, 0x6c, 0x69, 0x63, 0x65, 0x29, 0x2c, 0x20, 0x73, //  / 4u, slice), s
	0x72, 0x63, 0x31, 0x29, 0x3b, 0x0a, 0x73, 0x74, 0x6f, 0x72, 0x65, 0x43, 0x6f, 0x6c, 0x6f, 0x72, // rc1);.storeColor
	0x28, 0x67, 0x69, 0x2c, 0x20, 0x73, 0x72, 0x63, 0x31, 0x29, 0x3b, 0x0a, 0x7d, 0x0a, 0x69, 0x66, // (gi, src1);.}.if
	0x20, 0x28, 0x6e, 0x75, 0x6d, 0x4d, 0x69, 0x70, 0x4c, 0x65, 0x76, 0x65, 0x6c, 0x73, 0x20, 0x3d, //  (numMipLevels =
	0x3d, 0x20, 0x33, 0x75, 0x29, 0x0a, 0x7b, 0x0a, 0x72, 0x65, 0x74, 0x75, 0x72, 0x6e, 0x3b, 0x0a, // = 3u).{.return;.
	0x7d, 0x0a, 0x62, 0x61, 0x72, 0x72, 0x69, 0x65, 0x72, 0x28, 0x29, 0x3b, 0x0a, 0x69, 0x66, 0x20, // }.barrier();.if 
	0x28, 0x67, 0x69, 0x20, 0x3d, 0x3d, 0x20, 0x30, 0x75, 0x29, 0x0a, 0x7b, 0x0a, 0x76, 0x65, 0x63, // (gi == 0u).{.vec
	0x34, 0x20, 0x73, 0x72, 0x63, 0x32, 0x20, 0x3d, 0x20, 0x6c, 0x6f, 0x61, 0x64, 0x43, 0x6f, 0x6c, // 4 src2 = loadCol
	0x6f, 0x72, 0x28, 0x67, 0x69, 0x20, 0x2b, 0x20, 0x30, 0x78, 0x30, 0x34, 0x75, 0x29, 0x3b, 0x0a, // or(gi + 0x04u);.
	0x76, 0x65, 0x63, 0x34, 0x20, 0x73, 0x72, 0x63, 0x33, 0x20, 0x3d, 0x20, 0x6c, 0x6f, 0x61, 0x64, // vec4 src3 = load
	0x43, 0x6f, 0x6c, 0x6f, 0x72, 0x28, 0x67, 0x69, 0x20, 0x2b, 0x20, 0x30, 0x78, 0x32, 0x30, 0x75, // Color(gi + 0x20u
	0x29, 0x3b, 0x0a, 0x76, 0x65, 0x63, 0x34, 0x20, 0x73, 0x72, 0x63, 0x34, 0x20, 0x3d, 0x20, 0x6c, // );.vec4 src4 = l
	0x6f, 0x61, 0x64, 0x43, 0x6f, 0x6c, 0x6f, 0x72, 0x28, 0x67, 0x69, 0x20, 0x2b, 0x20, 0x30, 0x78, // oadColor(gi + 0x
	0x32, 0x34, 0x75, 0x29, 0x3b, 0x0a, 0x73, 0x72, 0x63, 0x31, 0x20, 0x3d, 0x20, 0x30, 0x2e, 0x32, // 24u);.src1 = 0.2
	0x35, 0x20, 0x2a, 0x20, 0x28, 0x73, 0x72, 0x63, 0x31, 0x20, 0x2b, 0x20, 0x73, 0x72, 0x63, 0x32, // 5 * (src1 + src2
	0x20, 0x2b, 0x20, 0x73, 0x72, 0x63, 0x33, 0x20, 0x2b, 0x20, 0x73, 0x72, 0x63, 0x34, 0x29, 0x3b, //  + src3 + src4);
	0x0a, 0x69, 0x6d, 0x61, 0x67, 0x65, 0x53, 0x74, 0x6f, 0x72, 0x65, 0x28, 0x73, 0x5f, 0x69, 0x6d, // .imageStore(s_im
	0x67, 0x4d, 0x69, 0x70, 0x34, 0x2c, 0x20, 0x69, 0x76, 0x65, 0x63, 0x33, 0x28, 0x64, 0x74, 0x69, // gMip4, ivec3(dti
	0x64, 0x2e, 0x78, 0x79, 0x20, 0x2f, 0x20, 0x38, 0x75, 0x2c, 0x20, 0x73, 0x6c, 0x69, 0x63, 0x65, // d.xy / 8u, slice
	0x29, 0x2c, 0x20, 0x73, 0x72, 0x63, 0x31, 0x29, 0x3b, 0x0a, 0x7d, 0x0a, 0x7d, 0x0a, 0x00,       // ), src1);.}.}..
};
static const uint8_t cs_mipgen_oddxy_spv[6733] =
{
	0x43, 0x53, 0x48, 0x0b, 0x00, 0x00, 0x00, 0x00, 0x00, 0x00, 0x00, 0x00, 0x06, 0x00, 0x0b, 0x62, // CSH............b
	0x67, 0x66, 0x78, 0x5f, 0x6d, 0x69, 0x70, 0x47, 0x65, 0x6e, 0x02, 0x01, 0x00, 0x00, 0x01, 0x00, // gfx_mipGen......
	0x00, 0x00, 0x00, 0x00, 0x0e, 0x62, 0x67, 0x66, 0x78, 0x5f, 0x74, 0x65, 0x78, 0x4d, 0x69, 0x70, // .....bgfx_texMip
	0x53, 0x72, 0x63, 0x20, 0x00, 0x06, 0x00, 0x00, 0x00, 0x00, 0x03, 0x29, 0x00, 0x09, 0x73, 0x5f, // Src .......)..s_
	0x69, 0x6d, 0x67, 0x4d, 0x69, 0x70, 0x31, 0x01, 0x00, 0x02, 0x00, 0x03, 0x00, 0x00, 0x03, 0x4a, // imgMip1........J
	0x00, 0x09, 0x73, 0x5f, 0x69, 0x6d, 0x67, 0x4d, 0x69, 0x70, 0x32, 0x01, 0x00, 0x03, 0x00, 0x03, // ..s_imgMip2.....
	0x00, 0x00, 0x03, 0x4a, 0x00, 0x09, 0x73, 0x5f, 0x69, 0x6d, 0x67, 0x4d, 0x69, 0x70, 0x33, 0x01, // ...J..s_imgMip3.
	0x00, 0x04, 0x00, 0x03, 0x00, 0x00, 0x03, 0x4a, 0x00, 0x09, 0x73, 0x5f, 0x69, 0x6d, 0x67, 0x4d, // .......J..s_imgM
	0x69, 0x70, 0x34, 0x01, 0x00, 0x05, 0x00, 0x03, 0x00, 0x00, 0x03, 0x4a, 0x00, 0xb8, 0x19, 0x00, // ip4........J....
	0x00, 0x03, 0x02, 0x23, 0x07, 0x00, 0x00, 0x01, 0x00, 0x0b, 0x00, 0x08, 0x00, 0x23, 0x04, 0x00, // ...#.........#..
	0x00, 0x00, 0x00, 0x00, 0x00, 0x11, 0x00, 0x02, 0x00, 0x01, 0x00, 0x00, 0x00, 0x0b, 0x00, 0x06, // ................
	0x00, 0x01, 0x00, 0x00, 0x00, 0x47, 0x4c, 0x53, 0x4c, 0x2e, 0x73, 0x74, 0x64, 0x2e, 0x34, 0x35, // .....GLSL.std.45
	0x30, 0x00, 0x00, 0x00, 0x00, 0x0e, 0x00, 0x03, 0x00, 0x00, 0x00, 0x00, 0x00, 0x01, 0x00, 0x00, // 0...............
	0x00, 0x0f, 0x00, 0x07, 0x00, 0x05, 0x00, 0x00, 0x00, 0x04, 0x00, 0x00, 0x00, 0x6d, 0x61, 0x69, // .............mai
	0x6e, 0x00, 0x00, 0x00, 0x00, 0xbe, 0x01, 0x00, 0x00, 0xc2, 0x01, 0x00, 0x00, 0x10, 0x00, 0x06, // n...............
	0x00, 0x04, 0x00, 0x00, 0x00, 0x11, 0x00, 0x00, 0x00, 0x08, 0x00, 0x00, 0x00, 0x08, 0x00, 0x00, // ................
	0x00, 0x01, 0x00, 0x00, 0x00, 0x03, 0x00, 0x03, 0x00, 0x05, 0x00, 0x00, 0x00, 0xf4, 0x01, 0x00, // ................
	0x00, 0x05, 0x00, 0x04, 0x00, 0x04, 0x00, 0x00, 0x00, 0x6d, 0x61, 0x69, 0x6e, 0x00, 0x00, 0x00, // .........main...
	0x00, 0x05, 0x00, 0x08, 0x00, 0x3a, 0x00, 0x00, 0x00, 0x62, 0x67, 0x66, 0x78, 0x5f, 0x74, 0x65, // .....:...bgfx_te
	0x78, 0x4d, 0x69, 0x70, 0x53, 0x72, 0x63, 0x53, 0x61, 0x6d, 0x70, 0x6c, 0x65, 0x72, 0x00, 0x00, // xMipSrcSampler..
	0x00, 0x05, 0x00, 0x08, 0x00, 0x3d, 0x00, 0x00, 0x00, 0x62, 0x67, 0x66, 0x78, 0x5f, 0x74, 0x65, // .....=...bgfx_te
	0x78, 0x4d, 0x69, 0x70, 0x53, 0x72, 0x63, 0x54, 0x65, 0x78, 0x74, 0x75, 0x72, 0x65, 0x00, 0x00, // xMipSrcTexture..
	0x00, 0x05, 0x00, 0x04, 0x00, 0x5b, 0x00, 0x00, 0x00, 0x67, 0x73, 0x5f, 0x52, 0x00, 0x00, 0x00, // .....[...gs_R...
	0x00, 0x05, 0x00, 0x04, 0x00, 0x62, 0x00, 0x00, 0x00, 0x67, 0x73, 0x5f, 0x47, 0x00, 0x00, 0x00, // .....b...gs_G...
	0x00, 0x05, 0x00, 0x04, 0x00, 0x68, 0x00, 0x00, 0x00, 0x67, 0x73, 0x5f, 0x42, 0x00, 0x00, 0x00, // .....h...gs_B...
	0x00, 0x05, 0x00, 0x04, 0x00, 0x6e, 0x00, 0x00, 0x00, 0x67, 0x73, 0x5f, 0x41, 0x00, 0x00, 0x00, // .....n...gs_A...
	0x00, 0x05, 0x00, 0x06, 0x00, 0x8c, 0x00, 0x00, 0x00, 0x55, 0x6e, 0x69, 0x66, 0x6f, 0x72, 0x6d, // .........Uniform
	0x42, 0x6c, 0x6f, 0x63, 0x6b, 0x00, 0x00, 0x00, 0x00, 0x06, 0x00, 0x06, 0x00, 0x8c, 0x00, 0x00, // Block...........
	0x00, 0x00, 0x00, 0x00, 0x00, 0x62, 0x67, 0x66, 0x78, 0x5f, 0x6d, 0x69, 0x70, 0x47, 0x65, 0x6e, // .....bgfx_mipGen
	0x00, 0x05, 0x00, 0x03, 0x00, 0x8e, 0x00, 0x00, 0x00, 0x00, 0x00, 0x00, 0x00, 0x05, 0x00, 0x05, // ................
	0x00, 0xfe, 0x00, 0x00, 0x00, 0x73, 0x5f, 0x69, 0x6d, 0x67, 0x4d, 0x69, 0x70, 0x31, 0x00, 0x00, // .....s_imgMip1..
	0x00, 0x05, 0x00, 0x05, 0x00, 0x38, 0x01, 0x00, 0x00, 0x73, 0x5f, 0x69, 0x6d, 0x67, 0x4d, 0x69, // .....8...s_imgMi
	0x70, 0x32, 0x00, 0x00, 0x00, 0x05, 0x00, 0x05, 0x00, 0x72, 0x01, 0x00, 0x00, 0x73, 0x5f, 0x69, // p2.......r...s_i
	0x6d, 0x67, 0x4d, 0x69, 0x70, 0x33, 0x00, 0x00, 0x00, 0x05, 0x00, 0x05, 0x00, 0xab, 0x01, 0x00, // mgMip3..........
	0x00, 0x73, 0x5f, 0x69, 0x6d, 0x67, 0x4d, 0x69, 0x70, 0x34, 0x00, 0x00, 0x00, 0x05, 0x00, 0x08, // .s_imgMip4......
	0x00, 0xbe, 0x01, 0x00, 0x00, 0x67, 0x6c, 0x5f, 0x4c, 0x6f, 0x63, 0x61, 0x6c, 0x49, 0x6e, 0x76, // .....gl_LocalInv
	0x6f, 0x63, 0x61, 0x74, 0x69, 0x6f, 0x6e, 0x49, 0x6e, 0x64, 0x65, 0x78, 0x00, 0x05, 0x00, 0x08, // ocationIndex....
	0x00, 0xc2, 0x01, 0x00, 0x00, 0x67, 0x6c, 0x5f, 0x47, 0x6c, 0x6f, 0x62, 0x61, 0x6c, 0x49, 0x6e, // .....gl_GlobalIn
	0x76, 0x6f, 0x63, 0x61, 0x74, 0x69, 0x6f, 0x6e, 0x49, 0x44, 0x00, 0x00, 0x00, 0x47, 0x00, 0x04, // vocationID...G..
	0x00, 0x3a, 0x00, 0x00, 0x00, 0x21, 0x00, 0x00, 0x00, 0x16, 0x00, 0x00, 0x00, 0x47, 0x00, 0x04, // .:...!.......G..
	0x00, 0x3a, 0x00, 0x00, 0x00, 0x22, 0x00, 0x00, 0x00, 0x00, 0x00, 0x00, 0x00, 0x47, 0x00, 0x04, // .:...".......G..
	0x00, 0x3d, 0x00, 0x00, 0x00, 0x21, 0x00, 0x00, 0x00, 0x06, 0x00, 0x00, 0x00, 0x47, 0x00, 0x04, // .=...!.......G..
	0x00, 0x3d, 0x00, 0x00, 0x00, 0x22, 0x00, 0x00, 0x00, 0x00, 0x00, 0x00, 0x00, 0x47, 0x00, 0x03, // .=...".......G..
	0x00, 0x8c, 0x00, 0x00, 0x00, 0x02, 0x00, 0x00, 0x00, 0x48, 0x00, 0x05, 0x00, 0x8c, 0x00, 0x00, // .........H......
	0x00, 0x00, 0x00, 0x00, 0x00, 0x23, 0x00, 0x00, 0x00, 0x00, 0x00, 0x00, 0x00, 0x47, 0x00, 0x04, // .....#.......G..
	0x00, 0x8e, 0x00, 0x00, 0x00, 0x21, 0x00, 0x00, 0x00, 0x00, 0x00, 0x00, 0x00, 0x47, 0x00, 0x04, // .....!.......G..
	0x00, 0x8e, 0x00, 0x00, 0x00, 0x22, 0x00, 0x00, 0x00, 0x00, 0x00, 0x00, 0x00, 0x47, 0x00, 0x03, // .....".......G..
	0x00, 0xfe, 0x00, 0x00, 0x00, 0x19, 0x00, 0x00, 0x00, 0x47, 0x00, 0x04, 0x00, 0xfe, 0x00, 0x00, // .........G......
	0x00, 0x21, 0x00, 0x00, 0x00, 0x02, 0x00, 0x00, 0x00, 0x47, 0x00, 0x04, 0x00, 0xfe, 0x00, 0x00, // .!.......G......
	0x00, 0x22, 0x00, 0x00, 0x00, 0x00, 0x00, 0x00, 0x00, 0x47, 0x00, 0x03, 0x00, 0x38, 0x01, 0x00, // .".......G...8..
	0x00, 0x19, 0x00, 0x00, 0x00, 0x47, 0x00, 0x04, 0x00, 0x38, 0x01, 0x00, 0x00, 0x21, 0x00, 0x00, // .....G...8...!..
	0x00, 0x03, 0x00, 0x00, 0x00, 0x47, 0x00, 0x04, 0x00, 0x38, 0x01, 0x00, 0x00, 0x22, 0x00, 0x00, // .....G...8..."..
	0x00, 0x00, 0x00, 0x00, 0x00, 0x47, 0x00, 0x03, 0x00, 0x72, 0x01, 0x00, 0x00, 0x19, 0x00, 0x00, // .....G...r......
	0x00, 0x47, 0x00, 0x04, 0x00, 0x72, 0x01, 0x00, 0x00, 0x21, 0x00, 0x00, 0x00, 0x04, 0x00, 0x00, // .G...r...!......
	0x00, 0x47, 0x00, 0x04, 0x00, 0x72, 0x01, 0x00, 0x00, 0x22, 0x00, 0x00, 0x00, 0x00, 0x00, 0x00, // .G...r..."......
	0x00, 0x47, 0x00, 0x03, 0x00, 0xab, 0x01, 0x00, 0x00, 0x19, 0x00, 0x00, 0x00, 0x47, 0x00, 0x04, // .G...........G..
	0x00, 0xab, 0x01, 0x00, 0x00, 0x21, 0x00, 0x00, 0x00, 0x05, 0x00, 0x00, 0x00, 0x47, 0x00, 0x04, // .....!.......G..
	0x00, 0xab, 0x01, 0x00, 0x00, 0x22, 0x00, 0x00, 0x00, 0x00, 0x00, 0x00, 0x00, 0x47, 0x00, 0x04, // .....".......G..
	0x00, 0xbe, 0x01, 0x00, 0x00, 0x0b, 0x00, 0x00, 0x00, 0x1d, 0x00, 0x00, 0x00, 0x47, 0x00, 0x04, // .............G..
	0x00, 0xc2, 0x01, 0x00, 0x00, 0x0b, 0x00, 0x00, 0x00, 0x1c, 0x00, 0x00, 0x00, 0x13, 0x00, 0x02, // ................
	0x00, 0x02, 0x00, 0x00, 0x00, 0x21, 0x00, 0x03, 0x00, 0x03, 0x00, 0x00, 0x00, 0x02, 0x00, 0x00, // .....!..........
	0x00, 0x1a, 0x00, 0x02, 0x00, 0x06, 0x00, 0x00, 0x00, 0x16, 0x00, 0x03, 0x00, 0x07, 0x00, 0x00, // ................
	0x00, 0x20, 0x00, 0x00, 0x00, 0x19, 0x00, 0x09, 0x00, 0x08, 0x00, 0x00, 0x00, 0x07, 0x00, 0x00, // . ..............
	0x00, 0x01, 0x00, 0x00, 0x00, 0x00, 0x00, 0x00, 0x00, 0x01, 0x00, 0x00, 0x00, 0x00, 0x00, 0x00, // ................
	0x00, 0x01, 0x00, 0x00, 0x00, 0x00, 0x00, 0x00, 0x00, 0x17, 0x00, 0x04, 0x00, 0x0b, 0x00, 0x00, // ................
	0x00, 0x07, 0x00, 0x00, 0x00, 0x03, 0x00, 0x00, 0x00, 0x17, 0x00, 0x04, 0x00, 0x0e, 0x00, 0x00, // ................
	0x00, 0x07, 0x00, 0x00, 0x00, 0x04, 0x00, 0x00, 0x00, 0x17, 0x00, 0x04, 0x00, 0x15, 0x00, 0x00, // ................
	0x00, 0x07, 0x00, 0x00, 0x00, 0x02, 0x00, 0x00, 0x00, 0x15, 0x00, 0x04, 0x00, 0x1c, 0x00, 0x00, // ................
	0x00, 0x20, 0x00, 0x00, 0x00, 0x01, 0x00, 0x00, 0x00, 0x17, 0x00, 0x04, 0x00, 0x1d, 0x00, 0x00, // . ..............
	0x00, 0x1c, 0x00, 0x00, 0x00, 0x03, 0x00, 0x00, 0x00, 0x15, 0x00, 0x04, 0x00, 0x26, 0x00, 0x00, // .............&..
	0x00, 0x20, 0x00, 0x00, 0x00, 0x00, 0x00, 0x00, 0x00, 0x20, 0x00, 0x04, 0x00, 0x39, 0x00, 0x00, // . ....... ...9..
	0x00, 0x00, 0x00, 0x00, 0x00, 0x06, 0x00, 0x00, 0x00, 0x3b, 0x00, 0x04, 0x00, 0x39, 0x00, 0x00, // .........;...9..
	0x00, 0x3a, 0x00, 0x00, 0x00, 0x00, 0x00, 0x00, 0x00, 0x20, 0x00, 0x04, 0x00, 0x3c, 0x00, 0x00, // .:....... ...<..
	0x00, 0x00, 0x00, 0x00, 0x00, 0x08, 0x00, 0x00, 0x00, 0x3b, 0x00, 0x04, 0x00, 0x3c, 0x00, 0x00, // .........;...<..
	0x00, 0x3d, 0x00, 0x00, 0x00, 0x00, 0x00, 0x00, 0x00, 0x2b, 0x00, 0x04, 0x00, 0x1c, 0x00, 0x00, // .=.......+......
	0x00, 0x44, 0x00, 0x00, 0x00, 0x00, 0x00, 0x00, 0x00, 0x1b, 0x00, 0x03, 0x00, 0x48, 0x00, 0x00, // .D...........H..
	0x00, 0x08, 0x00, 0x00, 0x00, 0x2b, 0x00, 0x04, 0x00, 0x26, 0x00, 0x00, 0x00, 0x58, 0x00, 0x00, // .....+...&...X..
	0x00, 0x40, 0x00, 0x00, 0x00, 0x1c, 0x00, 0x04, 0x00, 0x59, 0x00, 0x00, 0x00, 0x07, 0x00, 0x00, // .@.......Y......
	0x00, 0x58, 0x00, 0x00, 0x00, 0x20, 0x00, 0x04, 0x00, 0x5a, 0x00, 0x00, 0x00, 0x04, 0x00, 0x00, // .X... ...Z......
	0x00, 0x59, 0x00, 0x00, 0x00, 0x3b, 0x00, 0x04, 0x00, 0x5a, 0x00, 0x00, 0x00, 0x5b, 0x00, 0x00, // .Y...;...Z...[..
	0x00, 0x04, 0x00, 0x00, 0x00, 0x2b, 0x00, 0x04, 0x00, 0x26, 0x00, 0x00, 0x00, 0x5d, 0x00, 0x00, // .....+...&...]..
	0x00, 0x00, 0x00, 0x00, 0x00, 0x20, 0x00, 0x04, 0x00, 0x60, 0x00, 0x00, 0x00, 0x04, 0x00, 0x00, // ..... ...`......
	0x00, 0x07, 0x00, 0x00, 0x00, 0x3b, 0x00, 0x04, 0x00, 0x5a, 0x00, 0x00, 0x00, 0x62, 0x00, 0x00, // .....;...Z...b..
	0x00, 0x04, 0x00, 0x00, 0x00, 0x2b, 0x00, 0x04, 0x00, 0x26, 0x00, 0x00, 0x00, 0x64, 0x00, 0x00, // .....+...&...d..
	0x00, 0x01, 0x00, 0x00, 0x00, 0x3b, 0x00, 0x04, 0x00, 0x5a, 0x00, 0x00, 0x00, 0x68, 0x00, 0x00, // .....;...Z...h..
	0x00, 0x04, 0x00, 0x00, 0x00, 0x2b, 0x00, 0x04, 0x00, 0x26, 0x00, 0x00, 0x00, 0x6a, 0x00, 0x00, // .....+...&...j..
	0x00, 0x02, 0x00, 0x00, 0x00, 0x3b, 0x00, 0x04, 0x00, 0x5a, 0x00, 0x00, 0x00, 0x6e, 0x00, 0x00, // .....;...Z...n..
	0x00, 0x04, 0x00, 0x00, 0x00, 0x2b, 0x00, 0x04, 0x00, 0x26, 0x00, 0x00, 0x00, 0x70, 0x00, 0x00, // .....+...&...p..
	0x00, 0x03, 0x00, 0x00, 0x00, 0x17, 0x00, 0x04, 0x00, 0x86, 0x00, 0x00, 0x00, 0x26, 0x00, 0x00, // .............&..
	0x00, 0x03, 0x00, 0x00, 0x00, 0x1e, 0x00, 0x03, 0x00, 0x8c, 0x00, 0x00, 0x00, 0x0e, 0x00, 0x00, // ................
	0x00, 0x20, 0x00, 0x04, 0x00, 0x8d, 0x00, 0x00, 0x00, 0x02, 0x00, 0x00, 0x00, 0x8c, 0x00, 0x00, // . ..............
	0x00, 0x3b, 0x00, 0x04, 0x00, 0x8d, 0x00, 0x00, 0x00, 0x8e, 0x00, 0x00, 0x00, 0x02, 0x00, 0x00, // .;..............
	0x00, 0x20, 0x00, 0x04, 0x00, 0x8f, 0x00, 0x00, 0x00, 0x02, 0x00, 0x00, 0x00, 0x07, 0x00, 0x00, // . ..............
	0x00, 0x20, 0x00, 0x04, 0x00, 0x99, 0x00, 0x00, 0x00, 0x02, 0x00, 0x00, 0x00, 0x0e, 0x00, 0x00, // . ..............
	0x00, 0x17, 0x00, 0x04, 0x00, 0xa2, 0x00, 0x00, 0x00, 0x26, 0x00, 0x00, 0x00, 0x02, 0x00, 0x00, // .........&......
	0x00, 0x2b, 0x00, 0x04, 0x00, 0x07, 0x00, 0x00, 0x00, 0xa6, 0x00, 0x00, 0x00, 0x00, 0x00, 0x80, // .+..............
	0x3e, 0x2c, 0x00, 0x05, 0x00, 0x15, 0x00, 0x00, 0x00, 0xa7, 0x00, 0x00, 0x00, 0xa6, 0x00, 0x00, // >,..............
	0x00, 0xa6, 0x00, 0x00, 0x00, 0x2b, 0x00, 0x04, 0x00, 0x07, 0x00, 0x00, 0x00, 0xac, 0x00, 0x00, // .....+..........
	0x00, 0x00, 0x00, 0x00, 0x3f, 0x2b, 0x00, 0x04, 0x00, 0x07, 0x00, 0x00, 0x00, 0xc1, 0x00, 0x00, // ....?+..........
	0x00, 0x00, 0x00, 0x00, 0x00, 0x19, 0x00, 0x09, 0x00, 0xfc, 0x00, 0x00, 0x00, 0x07, 0x00, 0x00, // ................
	0x00, 0x01, 0x00, 0x00, 0x00, 0x00, 0x00, 0x00, 0x00, 0x01, 0x00, 0x00, 0x00, 0x00, 0x00, 0x00, // ................
	0x00, 0x02, 0x00, 0x00, 0x00, 0x04, 0x00, 0x00, 0x00, 0x20, 0x00, 0x04, 0x00, 0xfd, 0x00, 0x00, // ......... ......
	0x00, 0x00, 0x00, 0x00, 0x00, 0xfc, 0x00, 0x00, 0x00, 0x3b, 0x00, 0x04, 0x00, 0xfd, 0x00, 0x00, // .........;......
	0x00, 0xfe, 0x00, 0x00, 0x00, 0x00, 0x00, 0x00, 0x00, 0x17, 0x00, 0x04, 0x00, 0x01, 0x01, 0x00, // ................
	0x00, 0x1c, 0x00, 0x00, 0x00, 0x02, 0x00, 0x00, 0x00, 0x14, 0x00, 0x02, 0x00, 0x0f, 0x01, 0x00, // ................
	0x00, 0x2b, 0x00, 0x04, 0x00, 0x26, 0x00, 0x00, 0x00, 0x19, 0x01, 0x00, 0x00, 0x08, 0x01, 0x00, // .+...&..........
	0x00, 0x2b, 0x00, 0x04, 0x00, 0x26, 0x00, 0x00, 0x00, 0x1b, 0x01, 0x00, 0x00, 0x09, 0x00, 0x00, // .+...&..........
	0x00, 0x2b, 0x00, 0x04, 0x00, 0x26, 0x00, 0x00, 0x00, 0x27, 0x01, 0x00, 0x00, 0x08, 0x00, 0x00, // .+...&...'......
	0x00, 0x3b, 0x00, 0x04, 0x00, 0xfd, 0x00, 0x00, 0x00, 0x38, 0x01, 0x00, 0x00, 0x00, 0x00, 0x00, // .;.......8......
	0x00, 0x2b, 0x00, 0x04, 0x00, 0x26, 0x00, 0x00, 0x00, 0x54, 0x01, 0x00, 0x00, 0x1b, 0x00, 0x00, // .+...&...T......
	0x00, 0x2b, 0x00, 0x04, 0x00, 0x26, 0x00, 0x00, 0x00, 0x60, 0x01, 0x00, 0x00, 0x10, 0x00, 0x00, // .+...&...`......
	0x00, 0x2b, 0x00, 0x04, 0x00, 0x26, 0x00, 0x00, 0x00, 0x66, 0x01, 0x00, 0x00, 0x12, 0x00, 0x00, // .+...&...f......
	0x00, 0x3b, 0x00, 0x04, 0x00, 0xfd, 0x00, 0x00, 0x00, 0x72, 0x01, 0x00, 0x00, 0x00, 0x00, 0x00, // .;.......r......
	0x00, 0x2b, 0x00, 0x04, 0x00, 0x26, 0x00, 0x00, 0x00, 0x75, 0x01, 0x00, 0x00, 0x04, 0x00, 0x00, // .+...&...u......
	0x00, 0x2b, 0x00, 0x04, 0x00, 0x26, 0x00, 0x00, 0x00, 0x99, 0x01, 0x00, 0x00, 0x20, 0x00, 0x00, // .+...&....... ..
	0x00, 0x2b, 0x00, 0x04, 0x00, 0x26, 0x00, 0x00, 0x00, 0x9f, 0x01, 0x00, 0x00, 0x24, 0x00, 0x00, // .+...&.......$..
	0x00, 0x3b, 0x00, 0x04, 0x00, 0xfd, 0x00, 0x00, 0x00, 0xab, 0x01, 0x00, 0x00, 0x00, 0x00, 0x00, // .;..............
	0x00, 0x20, 0x00, 0x04, 0x00, 0xbd, 0x01, 0x00, 0x00, 0x01, 0x00, 0x00, 0x00, 0x1c, 0x00, 0x00, // . ..............
	0x00, 0x3b, 0x00, 0x04, 0x00, 0xbd, 0x01, 0x00, 0x00, 0xbe, 0x01, 0x00, 0x00, 0x01, 0x00, 0x00, // .;..............
	0x00, 0x20, 0x00, 0x04, 0x00, 0xc1, 0x01, 0x00, 0x00, 0x01, 0x00, 0x00, 0x00, 0x1d, 0x00, 0x00, // . ..............
	0x00, 0x3b, 0x00, 0x04, 0x00, 0xc1, 0x01, 0x00, 0x00, 0xc2, 0x01, 0x00, 0x00, 0x01, 0x00, 0x00, // .;..............
	0x00, 0x2c, 0x00, 0x05, 0x00, 0x15, 0x00, 0x00, 0x00, 0x1d, 0x04, 0x00, 0x00, 0xac, 0x00, 0x00, // .,..............
	0x00, 0xac, 0x00, 0x00, 0x00, 0x2c, 0x00, 0x05, 0x00, 0xa2, 0x00, 0x00, 0x00, 0x1e, 0x04, 0x00, // .....,..........
	0x00, 0x6a, 0x00, 0x00, 0x00, 0x6a, 0x00, 0x00, 0x00, 0x2c, 0x00, 0x05, 0x00, 0xa2, 0x00, 0x00, // .j...j...,......
	0x00, 0x1f, 0x04, 0x00, 0x00, 0x75, 0x01, 0x00, 0x00, 0x75, 0x01, 0x00, 0x00, 0x2c, 0x00, 0x05, // .....u...u...,..
	0x00, 0xa2, 0x00, 0x00, 0x00, 0x20, 0x04, 0x00, 0x00, 0x27, 0x01, 0x00, 0x00, 0x27, 0x01, 0x00, // ..... ...'...'..
	0x00, 0x36, 0x00, 0x05, 0x00, 0x02, 0x00, 0x00, 0x00, 0x04, 0x00, 0x00, 0x00, 0x00, 0x00, 0x00, // .6..............
	0x00, 0x03, 0x00, 0x00, 0x00, 0xf8, 0x00, 0x02, 0x00, 0x05, 0x00, 0x00, 0x00, 0x3d, 0x00, 0x04, // .............=..
	0x00, 0x06, 0x00, 0x00, 0x00, 0x3b, 0x00, 0x00, 0x00, 0x3a, 0x00, 0x00, 0x00, 0x3d, 0x00, 0x04, // .....;...:...=..
	0x00, 0x08, 0x00, 0x00, 0x00, 0x3e, 0x00, 0x00, 0x00, 0x3d, 0x00, 0x00, 0x00, 0x3d, 0x00, 0x04, // .....>...=...=..
	0x00, 0x1c, 0x00, 0x00, 0x00, 0xbf, 0x01, 0x00, 0x00, 0xbe, 0x01, 0x00, 0x00, 0x3d, 0x00, 0x04, // .............=..
	0x00, 0x1d, 0x00, 0x00, 0x00, 0xc3, 0x01, 0x00, 0x00, 0xc2, 0x01, 0x00, 0x00, 0xf7, 0x00, 0x03, // ................
	0x00, 0xfd, 0x02, 0x00, 0x00, 0x00, 0x00, 0x00, 0x00, 0xfb, 0x00, 0x03, 0x00, 0x5d, 0x00, 0x00, // .............]..
	0x00, 0x1e, 0x02, 0x00, 0x00, 0xf8, 0x00, 0x02, 0x00, 0x1e, 0x02, 0x00, 0x00, 0x7c, 0x00, 0x04, // .............|..
	0x00, 0x26, 0x00, 0x00, 0x00, 0x20, 0x02, 0x00, 0x00, 0xbf, 0x01, 0x00, 0x00, 0x7c, 0x00, 0x04, // .&... .......|..
	0x00, 0x86, 0x00, 0x00, 0x00, 0x22, 0x02, 0x00, 0x00, 0xc3, 0x01, 0x00, 0x00, 0x41, 0x00, 0x06, // .....".......A..
	0x00, 0x8f, 0x00, 0x00, 0x00, 0x23, 0x02, 0x00, 0x00, 0x8e, 0x00, 0x00, 0x00, 0x44, 0x00, 0x00, // .....#.......D..
	0x00, 0x5d, 0x00, 0x00, 0x00, 0x3d, 0x00, 0x04, 0x00, 0x07, 0x00, 0x00, 0x00, 0x24, 0x02, 0x00, // .]...=.......$..
	0x00, 0x23, 0x02, 0x00, 0x00, 0x6d, 0x00, 0x04, 0x00, 0x26, 0x00, 0x00, 0x00, 0x25, 0x02, 0x00, // .#...m...&...%..
	0x00, 0x24, 0x02, 0x00, 0x00, 0x41, 0x00, 0x06, 0x00, 0x8f, 0x00, 0x00, 0x00, 0x26, 0x02, 0x00, // .$...A.......&..
	0x00, 0x8e, 0x00, 0x00, 0x00, 0x44, 0x00, 0x00, 0x00, 0x64, 0x00, 0x00, 0x00, 0x3d, 0x00, 0x04, // .....D...d...=..
	0x00, 0x07, 0x00, 0x00, 0x00, 0x27, 0x02, 0x00, 0x00, 0x26, 0x02, 0x00, 0x00, 0x6d, 0x00, 0x04, // .....'...&...m..
	0x00, 0x26, 0x00, 0x00, 0x00, 0x28, 0x02, 0x00, 0x00, 0x27, 0x02, 0x00, 0x00, 0x41, 0x00, 0x05, // .&...(...'...A..
	0x00, 0x99, 0x00, 0x00, 0x00, 0x29, 0x02, 0x00, 0x00, 0x8e, 0x00, 0x00, 0x00, 0x44, 0x00, 0x00, // .....).......D..
	0x00, 0x3d, 0x00, 0x04, 0x00, 0x0e, 0x00, 0x00, 0x00, 0x2a, 0x02, 0x00, 0x00, 0x29, 0x02, 0x00, // .=.......*...)..
	0x00, 0x4f, 0x00, 0x07, 0x00, 0x15, 0x00, 0x00, 0x00, 0x2b, 0x02, 0x00, 0x00, 0x2a, 0x02, 0x00, // .O.......+...*..
	0x00, 0x2a, 0x02, 0x00, 0x00, 0x02, 0x00, 0x00, 0x00, 0x03, 0x00, 0x00, 0x00, 0x51, 0x00, 0x05, // .*...........Q..
	0x00, 0x26, 0x00, 0x00, 0x00, 0x2d, 0x02, 0x00, 0x00, 0x22, 0x02, 0x00, 0x00, 0x02, 0x00, 0x00, // .&...-..."......
	0x00, 0x4f, 0x00, 0x07, 0x00, 0xa2, 0x00, 0x00, 0x00, 0x30, 0x02, 0x00, 0x00, 0x22, 0x02, 0x00, // .O.......0..."..
	0x00, 0x22, 0x02, 0x00, 0x00, 0x00, 0x00, 0x00, 0x00, 0x01, 0x00, 0x00, 0x00, 0x70, 0x00, 0x04, // ."...........p..
	0x00, 0x15, 0x00, 0x00, 0x00, 0x31, 0x02, 0x00, 0x00, 0x30, 0x02, 0x00, 0x00, 0x81, 0x00, 0x05, // .....1...0......
	0x00, 0x15, 0x00, 0x00, 0x00, 0x32, 0x02, 0x00, 0x00, 0x31, 0x02, 0x00, 0x00, 0xa7, 0x00, 0x00, // .....2...1......
	0x00, 0x85, 0x00, 0x05, 0x00, 0x15, 0x00, 0x00, 0x00, 0x33, 0x02, 0x00, 0x00, 0x2b, 0x02, 0x00, // .........3...+..
	0x00, 0x32, 0x02, 0x00, 0x00, 0x85, 0x00, 0x05, 0x00, 0x15, 0x00, 0x00, 0x00, 0x36, 0x02, 0x00, // .2...........6..
	0x00, 0x2b, 0x02, 0x00, 0x00, 0x1d, 0x04, 0x00, 0x00, 0x70, 0x00, 0x04, 0x00, 0x07, 0x00, 0x00, // .+.......p......
	0x00, 0x39, 0x02, 0x00, 0x00, 0x2d, 0x02, 0x00, 0x00, 0x51, 0x00, 0x05, 0x00, 0x07, 0x00, 0x00, // .9...-...Q......
	0x00, 0x3a, 0x02, 0x00, 0x00, 0x33, 0x02, 0x00, 0x00, 0x00, 0x00, 0x00, 0x00, 0x51, 0x00, 0x05, // .:...3.......Q..
	0x00, 0x07, 0x00, 0x00, 0x00, 0x3b, 0x02, 0x00, 0x00, 0x33, 0x02, 0x00, 0x00, 0x01, 0x00, 0x00, // .....;...3......
	0x00, 0x50, 0x00, 0x06, 0x00, 0x0b, 0x00, 0x00, 0x00, 0x3c, 0x02, 0x00, 0x00, 0x3a, 0x02, 0x00, // .P.......<...:..
	0x00, 0x3b, 0x02, 0x00, 0x00, 0x39, 0x02, 0x00, 0x00, 0x70, 0x00, 0x04, 0x00, 0x07, 0x00, 0x00, // .;...9...p......
	0x00, 0x3e, 0x02, 0x00, 0x00, 0x25, 0x02, 0x00, 0x00, 0x56, 0x00, 0x05, 0x00, 0x48, 0x00, 0x00, // .>...%...V...H..
	0x00, 0x08, 0x03, 0x00, 0x00, 0x3e, 0x00, 0x00, 0x00, 0x3b, 0x00, 0x00, 0x00, 0x58, 0x00, 0x07, // .....>...;...X..
	0x00, 0x0e, 0x00, 0x00, 0x00, 0x0b, 0x03, 0x00, 0x00, 0x08, 0x03, 0x00, 0x00, 0x3c, 0x02, 0x00, // .............<..
	0x00, 0x02, 0x00, 0x00, 0x00, 0x3e, 0x02, 0x00, 0x00, 0x51, 0x00, 0x05, 0x00, 0x07, 0x00, 0x00, // .....>...Q......
	0x00, 0x43, 0x02, 0x00, 0x00, 0x36, 0x02, 0x00, 0x00, 0x00, 0x00, 0x00, 0x00, 0x50, 0x00, 0x05, // .C...6.......P..
	0x00, 0x15, 0x00, 0x00, 0x00, 0x44, 0x02, 0x00, 0x00, 0x43, 0x02, 0x00, 0x00, 0xc1, 0x00, 0x00, // .....D...C......
	0x00, 0x81, 0x00, 0x05, 0x00, 0x15, 0x00, 0x00, 0x00, 0x45, 0x02, 0x00, 0x00, 0x33, 0x02, 0x00, // .........E...3..
	0x00, 0x44, 0x02, 0x00, 0x00, 0x51, 0x00, 0x05, 0x00, 0x07, 0x00, 0x00, 0x00, 0x48, 0x02, 0x00, // .D...Q.......H..
	0x00, 0x45, 0x02, 0x00, 0x00, 0x00, 0x00, 0x00, 0x00, 0x51, 0x00, 0x05, 0x00, 0x07, 0x00, 0x00, // .E.......Q......
	0x00, 0x49, 0x02, 0x00, 0x00, 0x45, 0x02, 0x00, 0x00, 0x01, 0x00, 0x00, 0x00, 0x50, 0x00, 0x06, // .I...E.......P..
	0x00, 0x0b, 0x00, 0x00, 0x00, 0x4a, 0x02, 0x00, 0x00, 0x48, 0x02, 0x00, 0x00, 0x49, 0x02, 0x00, // .....J...H...I..
	0x00, 0x39, 0x02, 0x00, 0x00, 0x56, 0x00, 0x05, 0x00, 0x48, 0x00, 0x00, 0x00, 0x12, 0x03, 0x00, // .9...V...H......
	0x00, 0x3e, 0x00, 0x00, 0x00, 0x3b, 0x00, 0x00, 0x00, 0x58, 0x00, 0x07, 0x00, 0x0e, 0x00, 0x00, // .>...;...X......
	0x00, 0x15, 0x03, 0x00, 0x00, 0x12, 0x03, 0x00, 0x00, 0x4a, 0x02, 0x00, 0x00, 0x02, 0x00, 0x00, // .........J......
	0x00, 0x3e, 0x02, 0x00, 0x00, 0x81, 0x00, 0x05, 0x00, 0x0e, 0x00, 0x00, 0x00, 0x50, 0x02, 0x00, // .>...........P..
	0x00, 0x0b, 0x03, 0x00, 0x00, 0x15, 0x03, 0x00, 0x00, 0x51, 0x00, 0x05, 0x00, 0x07, 0x00, 0x00, // .........Q......
	0x00, 0x53, 0x02, 0x00, 0x00, 0x36, 0x02, 0x00, 0x00, 0x01, 0x00, 0x00, 0x00, 0x50, 0x00, 0x05, // .S...6.......P..
	0x00, 0x15, 0x00, 0x00, 0x00, 0x54, 0x02, 0x00, 0x00, 0xc1, 0x00, 0x00, 0x00, 0x53, 0x02, 0x00, // .....T.......S..
	0x00, 0x81, 0x00, 0x05, 0x00, 0x15, 0x00, 0x00, 0x00, 0x55, 0x02, 0x00, 0x00, 0x33, 0x02, 0x00, // .........U...3..
	0x00, 0x54, 0x02, 0x00, 0x00, 0x51, 0x00, 0x05, 0x00, 0x07, 0x00, 0x00, 0x00, 0x58, 0x02, 0x00, // .T...Q.......X..
	0x00, 0x55, 0x02, 0x00, 0x00, 0x00, 0x00, 0x00, 0x00, 0x51, 0x00, 0x05, 0x00, 0x07, 0x00, 0x00, // .U.......Q......
	0x00, 0x59, 0x02, 0x00, 0x00, 0x55, 0x02, 0x00, 0x00, 0x01, 0x00, 0x00, 0x00, 0x50, 0x00, 0x06, // .Y...U.......P..
	0x00, 0x0b, 0x00, 0x00, 0x00, 0x5a, 0x02, 0x00, 0x00, 0x58, 0x02, 0x00, 0x00, 0x59, 0x02, 0x00, // .....Z...X...Y..
	0x00, 0x39, 0x02, 0x00, 0x00, 0x56, 0x00, 0x05, 0x00, 0x48, 0x00, 0x00, 0x00, 0x1c, 0x03, 0x00, // .9...V...H......
	0x00, 0x3e, 0x00, 0x00, 0x00, 0x3b, 0x00, 0x00, 0x00, 0x58, 0x00, 0x07, 0x00, 0x0e, 0x00, 0x00, // .>...;...X......
	0x00, 0x1f, 0x03, 0x00, 0x00, 0x1c, 0x03, 0x00, 0x00, 0x5a, 0x02, 0x00, 0x00, 0x02, 0x00, 0x00, // .........Z......
	0x00, 0x3e, 0x02, 0x00, 0x00, 0x81, 0x00, 0x05, 0x00, 0x0e, 0x00, 0x00, 0x00, 0x60, 0x02, 0x00, // .>...........`..
	0x00, 0x50, 0x02, 0x00, 0x00, 0x1f, 0x03, 0x00, 0x00, 0x81, 0x00, 0x05, 0x00, 0x15, 0x00, 0x00, // .P..............
	0x00, 0x67, 0x02, 0x00, 0x00, 0x33, 0x02, 0x00, 0x00, 0x36, 0x02, 0x00, 0x00, 0x51, 0x00, 0x05, // .g...3...6...Q..
	0x00, 0x07, 0x00, 0x00, 0x00, 0x6a, 0x02, 0x00, 0x00, 0x67, 0x02, 0x00, 0x00, 0x00, 0x00, 0x00, // .....j...g......
	0x00, 0x51, 0x00, 0x05, 0x00, 0x07, 0x00, 0x00, 0x00, 0x6b, 0x02, 0x00, 0x00, 0x67, 0x02, 0x00, // .Q.......k...g..
	0x00, 0x01, 0x00, 0x00, 0x00, 0x50, 0x00, 0x06, 0x00, 0x0b, 0x00, 0x00, 0x00, 0x6c, 0x02, 0x00, // .....P.......l..
	0x00, 0x6a, 0x02, 0x00, 0x00, 0x6b, 0x02, 0x00, 0x00, 0x39, 0x02, 0x00, 0x00, 0x56, 0x00, 0x05, // .j...k...9...V..
	0x00, 0x48, 0x00, 0x00, 0x00, 0x26, 0x03, 0x00, 0x00, 0x3e, 0x00, 0x00, 0x00, 0x3b, 0x00, 0x00, // .H...&...>...;..
	0x00, 0x58, 0x00, 0x07, 0x00, 0x0e, 0x00, 0x00, 0x00, 0x29, 0x03, 0x00, 0x00, 0x26, 0x03, 0x00, // .X.......)...&..
	0x00, 0x6c, 0x02, 0x00, 0x00, 0x02, 0x00, 0x00, 0x00, 0x3e, 0x02, 0x00, 0x00, 0x81, 0x00, 0x05, // .l.......>......
	0x00, 0x0e, 0x00, 0x00, 0x00, 0x72, 0x02, 0x00, 0x00, 0x60, 0x02, 0x00, 0x00, 0x29, 0x03, 0x00, // .....r...`...)..
	0x00, 0x8e, 0x00, 0x05, 0x00, 0x0e, 0x00, 0x00, 0x00, 0x74, 0x02, 0x00, 0x00, 0x72, 0x02, 0x00, // .........t...r..
	0x00, 0xa6, 0x00, 0x00, 0x00, 0x7c, 0x00, 0x04, 0x00, 0x01, 0x01, 0x00, 0x00, 0x77, 0x02, 0x00, // .....|.......w..
	0x00, 0x30, 0x02, 0x00, 0x00, 0x7c, 0x00, 0x04, 0x00, 0x1c, 0x00, 0x00, 0x00, 0x79, 0x02, 0x00, // .0...|.......y..
	0x00, 0x2d, 0x02, 0x00, 0x00, 0x51, 0x00, 0x05, 0x00, 0x1c, 0x00, 0x00, 0x00, 0x7a, 0x02, 0x00, // .-...Q.......z..
	0x00, 0x77, 0x02, 0x00, 0x00, 0x00, 0x00, 0x00, 0x00, 0x51, 0x00, 0x05, 0x00, 0x1c, 0x00, 0x00, // .w.......Q......
	0x00, 0x7b, 0x02, 0x00, 0x00, 0x77, 0x02, 0x00, 0x00, 0x01, 0x00, 0x00, 0x00, 0x50, 0x00, 0x06, // .{...w.......P..
	0x00, 0x1d, 0x00, 0x00, 0x00, 0x7c, 0x02, 0x00, 0x00, 0x7a, 0x02, 0x00, 0x00, 0x7b, 0x02, 0x00, // .....|...z...{..
	0x00, 0x79, 0x02, 0x00, 0x00, 0x3d, 0x00, 0x04, 0x00, 0xfc, 0x00, 0x00, 0x00, 0x7d, 0x02, 0x00, // .y...=.......}..
	0x00, 0xfe, 0x00, 0x00, 0x00, 0x63, 0x00, 0x04, 0x00, 0x7d, 0x02, 0x00, 0x00, 0x7c, 0x02, 0x00, // .....c...}...|..
	0x00, 0x74, 0x02, 0x00, 0x00, 0xaa, 0x00, 0x05, 0x00, 0x0f, 0x01, 0x00, 0x00, 0x81, 0x02, 0x00, // .t..............
	0x00, 0x28, 0x02, 0x00, 0x00, 0x64, 0x00, 0x00, 0x00, 0xf7, 0x00, 0x03, 0x00, 0x83, 0x02, 0x00, // .(...d..........
	0x00, 0x00, 0x00, 0x00, 0x00, 0xfa, 0x00, 0x04, 0x00, 0x81, 0x02, 0x00, 0x00, 0x82, 0x02, 0x00, // ................
	0x00, 0x83, 0x02, 0x00, 0x00, 0xf8, 0x00, 0x02, 0x00, 0x82, 0x02, 0x00, 0x00, 0xf9, 0x00, 0x02, // ................
	0x00, 0xfd, 0x02, 0x00, 0x00, 0xf8, 0x00, 0x02, 0x00, 0x83, 0x02, 0x00, 0x00, 0x51, 0x00, 0x05, // .............Q..
	0x00, 0x07, 0x00, 0x00, 0x00, 0x33, 0x03, 0x00, 0x00, 0x74, 0x02, 0x00, 0x00, 0x00, 0x00, 0x00, // .....3...t......
	0x00, 0x41, 0x00, 0x05, 0x00, 0x60, 0x00, 0x00, 0x00, 0x34, 0x03, 0x00, 0x00, 0x5b, 0x00, 0x00, // .A...`...4...[..
	0x00, 0x20, 0x02, 0x00, 0x00, 0x3e, 0x00, 0x03, 0x00, 0x34, 0x03, 0x00, 0x00, 0x33, 0x03, 0x00, // . ...>...4...3..
	0x00, 0x51, 0x00, 0x05, 0x00, 0x07, 0x00, 0x00, 0x00, 0x37, 0x03, 0x00, 0x00, 0x74, 0x02, 0x00, // .Q.......7...t..
	0x00, 0x01, 0x00, 0x00, 0x00, 0x41, 0x00, 0x05, 0x00, 0x60, 0x00, 0x00, 0x00, 0x38, 0x03, 0x00, // .....A...`...8..
	0x00, 0x62, 0x00, 0x00, 0x00, 0x20, 0x02, 0x00, 0x00, 0x3e, 0x00, 0x03, 0x00, 0x38, 0x03, 0x00, // .b... ...>...8..
	0x00, 0x37, 0x03, 0x00, 0x00, 0x51, 0x00, 0x05, 0x00, 0x07, 0x00, 0x00, 0x00, 0x3b, 0x03, 0x00, // .7...Q.......;..
	0x00, 0x74, 0x02, 0x00, 0x00, 0x02, 0x00, 0x00, 0x00, 0x41, 0x00, 0x05, 0x00, 0x60, 0x00, 0x00, // .t.......A...`..
	0x00, 0x3c, 0x03, 0x00, 0x00, 0x68, 0x00, 0x00, 0x00, 0x20, 0x02, 0x00, 0x00, 0x3e, 0x00, 0x03, // .<...h... ...>..
	0x00, 0x3c, 0x03, 0x00, 0x00, 0x3b, 0x03, 0x00, 0x00, 0x51, 0x00, 0x05, 0x00, 0x07, 0x00, 0x00, // .<...;...Q......
	0x00, 0x3f, 0x03, 0x00, 0x00, 0x74, 0x02, 0x00, 0x00, 0x03, 0x00, 0x00, 0x00, 0x41, 0x00, 0x05, // .?...t.......A..
	0x00, 0x60, 0x00, 0x00, 0x00, 0x40, 0x03, 0x00, 0x00, 0x6e, 0x00, 0x00, 0x00, 0x20, 0x02, 0x00, // .`...@...n... ..
	0x00, 0x3e, 0x00, 0x03, 0x00, 0x40, 0x03, 0x00, 0x00, 0x3f, 0x03, 0x00, 0x00, 0xe0, 0x00, 0x04, // .>...@...?......
	0x00, 0x6a, 0x00, 0x00, 0x00, 0x6a, 0x00, 0x00, 0x00, 0x19, 0x01, 0x00, 0x00, 0xc7, 0x00, 0x05, // .j...j..........
	0x00, 0x26, 0x00, 0x00, 0x00, 0x88, 0x02, 0x00, 0x00, 0x20, 0x02, 0x00, 0x00, 0x1b, 0x01, 0x00, // .&....... ......
	0x00, 0xaa, 0x00, 0x05, 0x00, 0x0f, 0x01, 0x00, 0x00, 0x89, 0x02, 0x00, 0x00, 0x88, 0x02, 0x00, // ................
	0x00, 0x5d, 0x00, 0x00, 0x00, 0xf7, 0x00, 0x03, 0x00, 0xac, 0x02, 0x00, 0x00, 0x00, 0x00, 0x00, // .]..............
	0x00, 0xfa, 0x00, 0x04, 0x00, 0x89, 0x02, 0x00, 0x00, 0x8a, 0x02, 0x00, 0x00, 0xac, 0x02, 0x00, // ................
	0x00, 0xf8, 0x00, 0x02, 0x00, 0x8a, 0x02, 0x00, 0x00, 0x80, 0x00, 0x05, 0x00, 0x26, 0x00, 0x00, // .............&..
	0x00, 0x8c, 0x02, 0x00, 0x00, 0x20, 0x02, 0x00, 0x00, 0x64, 0x00, 0x00, 0x00, 0x41, 0x00, 0x05, // ..... ...d...A..
	0x00, 0x60, 0x00, 0x00, 0x00, 0x44, 0x03, 0x00, 0x00, 0x5b, 0x00, 0x00, 0x00, 0x8c, 0x02, 0x00, // .`...D...[......
	0x00, 0x3d, 0x00, 0x04, 0x00, 0x07, 0x00, 0x00, 0x00, 0x45, 0x03, 0x00, 0x00, 0x44, 0x03, 0x00, // .=.......E...D..
	0x00, 0x41, 0x00, 0x05, 0x00, 0x60, 0x00, 0x00, 0x00, 0x47, 0x03, 0x00, 0x00, 0x62, 0x00, 0x00, // .A...`...G...b..
	0x00, 0x8c, 0x02, 0x00, 0x00, 0x3d, 0x00, 0x04, 0x00, 0x07, 0x00, 0x00, 0x00, 0x48, 0x03, 0x00, // .....=.......H..
	0x00, 0x47, 0x03, 0x00, 0x00, 0x41, 0x00, 0x05, 0x00, 0x60, 0x00, 0x00, 0x00, 0x4a, 0x03, 0x00, // .G...A...`...J..
	0x00, 0x68, 0x00, 0x00, 0x00, 0x8c, 0x02, 0x00, 0x00, 0x3d, 0x00, 0x04, 0x00, 0x07, 0x00, 0x00, // .h.......=......
	0x00, 0x4b, 0x03, 0x00, 0x00, 0x4a, 0x03, 0x00, 0x00, 0x41, 0x00, 0x05, 0x00, 0x60, 0x00, 0x00, // .K...J...A...`..
	0x00, 0x4d, 0x03, 0x00, 0x00, 0x6e, 0x00, 0x00, 0x00, 0x8c, 0x02, 0x00, 0x00, 0x3d, 0x00, 0x04, // .M...n.......=..
	0x00, 0x07, 0x00, 0x00, 0x00, 0x4e, 0x03, 0x00, 0x00, 0x4d, 0x03, 0x00, 0x00, 0x50, 0x00, 0x07, // .....N...M...P..
	0x00, 0x0e, 0x00, 0x00, 0x00, 0x4f, 0x03, 0x00, 0x00, 0x45, 0x03, 0x00, 0x00, 0x48, 0x03, 0x00, // .....O...E...H..
	0x00, 0x4b, 0x03, 0x00, 0x00, 0x4e, 0x03, 0x00, 0x00, 0x80, 0x00, 0x05, 0x00, 0x26, 0x00, 0x00, // .K...N.......&..
	0x00, 0x8f, 0x02, 0x00, 0x00, 0x20, 0x02, 0x00, 0x00, 0x27, 0x01, 0x00, 0x00, 0x41, 0x00, 0x05, // ..... ...'...A..
	0x00, 0x60, 0x00, 0x00, 0x00, 0x53, 0x03, 0x00, 0x00, 0x5b, 0x00, 0x00, 0x00, 0x8f, 0x02, 0x00, // .`...S...[......
	0x00, 0x3d, 0x00, 0x04, 0x00, 0x07, 0x00, 0x00, 0x00, 0x54, 0x03, 0x00, 0x00, 0x53, 0x03, 0x00, // .=.......T...S..
	0x00, 0x41, 0x00, 0x05, 0x00, 0x60, 0x00, 0x00, 0x00, 0x56, 0x03, 0x00, 0x00, 0x62, 0x00, 0x00, // .A...`...V...b..
	0x00, 0x8f, 0x02, 0x00, 0x00, 0x3d, 0x00, 0x04, 0x00, 0x07, 0x00, 0x00, 0x00, 0x57, 0x03, 0x00, // .....=.......W..
	0x00, 0x56, 0x03, 0x00, 0x00, 0x41, 0x00, 0x05, 0x00, 0x60, 0x00, 0x00, 0x00, 0x59, 0x03, 0x00, // .V...A...`...Y..
	0x00, 0x68, 0x00, 0x00, 0x00, 0x8f, 0x02, 0x00, 0x00, 0x3d, 0x00, 0x04, 0x00, 0x07, 0x00, 0x00, // .h.......=......
	0x00, 0x5a, 0x03, 0x00, 0x00, 0x59, 0x03, 0x00, 0x00, 0x41, 0x00, 0x05, 0x00, 0x60, 0x00, 0x00, // .Z...Y...A...`..
	0x00, 0x5c, 0x03, 0x00, 0x00, 0x6e, 0x00, 0x00, 0x00, 0x8f, 0x02, 0x00, 0x00, 0x3d, 0x00, 0x04, // .....n.......=..
	0x00, 0x07, 0x00, 0x00, 0x00, 0x5d, 0x03, 0x00, 0x00, 0x5c, 0x03, 0x00, 0x00, 0x50, 0x00, 0x07, // .....].......P..
	0x00, 0x0e, 0x00, 0x00, 0x00, 0x5e, 0x03, 0x00, 0x00, 0x54, 0x03, 0x00, 0x00, 0x57, 0x03, 0x00, // .....^...T...W..
	0x00, 0x5a, 0x03, 0x00, 0x00, 0x5d, 0x03, 0x00, 0x00, 0x80, 0x00, 0x05, 0x00, 0x26, 0x00, 0x00, // .Z...].......&..
	0x00, 0x92, 0x02, 0x00, 0x00, 0x20, 0x02, 0x00, 0x00, 0x1b, 0x01, 0x00, 0x00, 0x41, 0x00, 0x05, // ..... .......A..
	0x00, 0x60, 0x00, 0x00, 0x00, 0x62, 0x03, 0x00, 0x00, 0x5b, 0x00, 0x00, 0x00, 0x92, 0x02, 0x00, // .`...b...[......
	0x00, 0x3d, 0x00, 0x04, 0x00, 0x07, 0x00, 0x00, 0x00, 0x63, 0x03, 0x00, 0x00, 0x62, 0x03, 0x00, // .=.......c...b..
	0x00, 0x41, 0x00, 0x05, 0x00, 0x60, 0x00, 0x00, 0x00, 0x65, 0x03, 0x00, 0x00, 0x62, 0x00, 0x00, // .A...`...e...b..
	0x00, 0x92, 0x02, 0x00, 0x00, 0x3d, 0x00, 0x04, 0x00, 0x07, 0x00, 0x00, 0x00, 0x66, 0x03, 0x00, // .....=.......f..
	0x00, 0x65, 0x03, 0x00, 0x00, 0x41, 0x00, 0x05, 0x00, 0x60, 0x00, 0x00, 0x00, 0x68, 0x03, 0x00, // .e...A...`...h..
	0x00, 0x68, 0x00, 0x00, 0x00, 0x92, 0x02, 0x00, 0x00, 0x3d, 0x00, 0x04, 0x00, 0x07, 0x00, 0x00, // .h.......=......
	0x00, 0x69, 0x03, 0x00, 0x00, 0x68, 0x03, 0x00, 0x00, 0x41, 0x00, 0x05, 0x00, 0x60, 0x00, 0x00, // .i...h...A...`..
	0x00, 0x6b, 0x03, 0x00, 0x00, 0x6e, 0x00, 0x00, 0x00, 0x92, 0x02, 0x00, 0x00, 0x3d, 0x00, 0x04, // .k...n.......=..
	0x00, 0x07, 0x00, 0x00, 0x00, 0x6c, 0x03, 0x00, 0x00, 0x6b, 0x03, 0x00, 0x00, 0x50, 0x00, 0x07, // .....l...k...P..
	0x00, 0x0e, 0x00, 0x00, 0x00, 0x6d, 0x03, 0x00, 0x00, 0x63, 0x03, 0x00, 0x00, 0x66, 0x03, 0x00, // .....m...c...f..
	0x00, 0x69, 0x03, 0x00, 0x00, 0x6c, 0x03, 0x00, 0x00, 0x81, 0x00, 0x05, 0x00, 0x0e, 0x00, 0x00, // .i...l..........
	0x00, 0x96, 0x02, 0x00, 0x00, 0x74, 0x02, 0x00, 0x00, 0x4f, 0x03, 0x00, 0x00, 0x81, 0x00, 0x05, // .....t...O......
	0x00, 0x0e, 0x00, 0x00, 0x00, 0x98, 0x02, 0x00, 0x00, 0x96, 0x02, 0x00, 0x00, 0x5e, 0x03, 0x00, // .............^..
	0x00, 0x81, 0x00, 0x05, 0x00, 0x0e, 0x00, 0x00, 0x00, 0x9a, 0x02, 0x00, 0x00, 0x98, 0x02, 0x00, // ................
	0x00, 0x6d, 0x03, 0x00, 0x00, 0x8e, 0x00, 0x05, 0x00, 0x0e, 0x00, 0x00, 0x00, 0x9b, 0x02, 0x00, // .m..............
	0x00, 0x9a, 0x02, 0x00, 0x00, 0xa6, 0x00, 0x00, 0x00, 0x86, 0x00, 0x05, 0x00, 0xa2, 0x00, 0x00, // ................
	0x00, 0x9f, 0x02, 0x00, 0x00, 0x30, 0x02, 0x00, 0x00, 0x1e, 0x04, 0x00, 0x00, 0x7c, 0x00, 0x04, // .....0.......|..
	0x00, 0x01, 0x01, 0x00, 0x00, 0xa0, 0x02, 0x00, 0x00, 0x9f, 0x02, 0x00, 0x00, 0x51, 0x00, 0x05, // .............Q..
	0x00, 0x1c, 0x00, 0x00, 0x00, 0xa3, 0x02, 0x00, 0x00, 0xa0, 0x02, 0x00, 0x00, 0x00, 0x00, 0x00, // ................
	0x00, 0x51, 0x00, 0x05, 0x00, 0x1c, 0x00, 0x00, 0x00, 0xa4, 0x02, 0x00, 0x00, 0xa0, 0x02, 0x00, // .Q..............
	0x00, 0x01, 0x00, 0x00, 0x00, 0x50, 0x00, 0x06, 0x00, 0x1d, 0x00, 0x00, 0x00, 0xa5, 0x02, 0x00, // .....P..........
	0x00, 0xa3, 0x02, 0x00, 0x00, 0xa4, 0x02, 0x00, 0x00, 0x79, 0x02, 0x00, 0x00, 0x3d, 0x00, 0x04, // .........y...=..
	0x00, 0xfc, 0x00, 0x00, 0x00, 0xa6, 0x02, 0x00, 0x00, 0x38, 0x01, 0x00, 0x00, 0x63, 0x00, 0x04, // .........8...c..
	0x00, 0xa6, 0x02, 0x00, 0x00, 0xa5, 0x02, 0x00, 0x00, 0x9b, 0x02, 0x00, 0x00, 0x51, 0x00, 0x05, // .............Q..
	0x00, 0x07, 0x00, 0x00, 0x00, 0x77, 0x03, 0x00, 0x00, 0x9b, 0x02, 0x00, 0x00, 0x00, 0x00, 0x00, // .....w..........
	0x00, 0x3e, 0x00, 0x03, 0x00, 0x34, 0x03, 0x00, 0x00, 0x77, 0x03, 0x00, 0x00, 0x51, 0x00, 0x05, // .>...4...w...Q..
	0x00, 0x07, 0x00, 0x00, 0x00, 0x7b, 0x03, 0x00, 0x00, 0x9b, 0x02, 0x00, 0x00, 0x01, 0x00, 0x00, // .....{..........
	0x00, 0x3e, 0x00, 0x03, 0x00, 0x38, 0x03, 0x00, 0x00, 0x7b, 0x03, 0x00, 0x00, 0x51, 0x00, 0x05, // .>...8...{...Q..
	0x00, 0x07, 0x00, 0x00, 0x00, 0x7f, 0x03, 0x00, 0x00, 0x9b, 0x02, 0x00, 0x00, 0x02, 0x00, 0x00, // ................
	0x00, 0x3e, 0x00, 0x03, 0x00, 0x3c, 0x03, 0x00, 0x00, 0x7f, 0x03, 0x00, 0x00, 0x51, 0x00, 0x05, // .>...<.......Q..
	0x00, 0x07, 0x00, 0x00, 0x00, 0x83, 0x03, 0x00, 0x00, 0x9b, 0x02, 0x00, 0x00, 0x03, 0x00, 0x00, // ................
	0x00, 0x3e, 0x00, 0x03, 0x00, 0x40, 0x03, 0x00, 0x00, 0x83, 0x03, 0x00, 0x00, 0xf9, 0x00, 0x02, // .>...@..........
	0x00, 0xac, 0x02, 0x00, 0x00, 0xf8, 0x00, 0x02, 0x00, 0xac, 0x02, 0x00, 0x00, 0xf5, 0x00, 0x07, // ................
	0x00, 0x0e, 0x00, 0x00, 0x00, 0x21, 0x04, 0x00, 0x00, 0x74, 0x02, 0x00, 0x00, 0x83, 0x02, 0x00, // .....!...t......
	0x00, 0x9b, 0x02, 0x00, 0x00, 0x8a, 0x02, 0x00, 0x00, 0xaa, 0x00, 0x05, 0x00, 0x0f, 0x01, 0x00, // ................
	0x00, 0xae, 0x02, 0x00, 0x00, 0x28, 0x02, 0x00, 0x00, 0x6a, 0x00, 0x00, 0x00, 0xf7, 0x00, 0x03, // .....(...j......
	0x00, 0xb0, 0x02, 0x00, 0x00, 0x00, 0x00, 0x00, 0x00, 0xfa, 0x00, 0x04, 0x00, 0xae, 0x02, 0x00, // ................
	0x00, 0xaf, 0x02, 0x00, 0x00, 0xb0, 0x02, 0x00, 0x00, 0xf8, 0x00, 0x02, 0x00, 0xaf, 0x02, 0x00, // ................
	0x00, 0xf9, 0x00, 0x02, 0x00, 0xfd, 0x02, 0x00, 0x00, 0xf8, 0x00, 0x02, 0x00, 0xb0, 0x02, 0x00, // ................
	0x00, 0xe0, 0x00, 0x04, 0x00, 0x6a, 0x00, 0x00, 0x00, 0x6a, 0x00, 0x00, 0x00, 0x19, 0x01, 0x00, // .....j...j......
	0x00, 0xc7, 0x00, 0x05, 0x00, 0x26, 0x00, 0x00, 0x00, 0xb2, 0x02, 0x00, 0x00, 0x20, 0x02, 0x00, // .....&....... ..
	0x00, 0x54, 0x01, 0x00, 0x00, 0xaa, 0x00, 0x05, 0x00, 0x0f, 0x01, 0x00, 0x00, 0xb3, 0x02, 0x00, // .T..............
	0x00, 0xb2, 0x02, 0x00, 0x00, 0x5d, 0x00, 0x00, 0x00, 0xf7, 0x00, 0x03, 0x00, 0xd6, 0x02, 0x00, // .....]..........
	0x00, 0x00, 0x00, 0x00, 0x00, 0xfa, 0x00, 0x04, 0x00, 0xb3, 0x02, 0x00, 0x00, 0xb4, 0x02, 0x00, // ................
	0x00, 0xd6, 0x02, 0x00, 0x00, 0xf8, 0x00, 0x02, 0x00, 0xb4, 0x02, 0x00, 0x00, 0x80, 0x00, 0x05, // ................
	0x00, 0x26, 0x00, 0x00, 0x00, 0xb6, 0x02, 0x00, 0x00, 0x20, 0x02, 0x00, 0x00, 0x6a, 0x00, 0x00, // .&....... ...j..
	0x00, 0x41, 0x00, 0x05, 0x00, 0x60, 0x00, 0x00, 0x00, 0x88, 0x03, 0x00, 0x00, 0x5b, 0x00, 0x00, // .A...`.......[..
	0x00, 0xb6, 0x02, 0x00, 0x00, 0x3d, 0x00, 0x04, 0x00, 0x07, 0x00, 0x00, 0x00, 0x89, 0x03, 0x00, // .....=..........
	0x00, 0x88, 0x03, 0x00, 0x00, 0x41, 0x00, 0x05, 0x00, 0x60, 0x00, 0x00, 0x00, 0x8b, 0x03, 0x00, // .....A...`......
	0x00, 0x62, 0x00, 0x00, 0x00, 0xb6, 0x02, 0x00, 0x00, 0x3d, 0x00, 0x04, 0x00, 0x07, 0x00, 0x00, // .b.......=......
	0x00, 0x8c, 0x03, 0x00, 0x00, 0x8b, 0x03, 0x00, 0x00, 0x41, 0x00, 0x05, 0x00, 0x60, 0x00, 0x00, // .........A...`..
	0x00, 0x8e, 0x03, 0x00, 0x00, 0x68, 0x00, 0x00, 0x00, 0xb6, 0x02, 0x00, 0x00, 0x3d, 0x00, 0x04, // .....h.......=..
	0x00, 0x07, 0x00, 0x00, 0x00, 0x8f, 0x03, 0x00, 0x00, 0x8e, 0x03, 0x00, 0x00, 0x41, 0x00, 0x05, // .............A..
	0x00, 0x60, 0x00, 0x00, 0x00, 0x91, 0x03, 0x00, 0x00, 0x6e, 0x00, 0x00, 0x00, 0xb6, 0x02, 0x00, // .`.......n......
	0x00, 0x3d, 0x00, 0x04, 0x00, 0x07, 0x00, 0x00, 0x00, 0x92, 0x03, 0x00, 0x00, 0x91, 0x03, 0x00, // .=..............
	0x00, 0x50, 0x00, 0x07, 0x00, 0x0e, 0x00, 0x00, 0x00, 0x93, 0x03, 0x00, 0x00, 0x89, 0x03, 0x00, // .P..............
	0x00, 0x8c, 0x03, 0x00, 0x00, 0x8f, 0x03, 0x00, 0x00, 0x92, 0x03, 0x00, 0x00, 0x80, 0x00, 0x05, // ................
	0x00, 0x26, 0x00, 0x00, 0x00, 0xb9, 0x02, 0x00, 0x00, 0x20, 0x02, 0x00, 0x00, 0x60, 0x01, 0x00, // .&....... ...`..
	0x00, 0x41, 0x00, 0x05, 0x00, 0x60, 0x00, 0x00, 0x00, 0x97, 0x03, 0x00, 0x00, 0x5b, 0x00, 0x00, // .A...`.......[..
	0x00, 0xb9, 0x02, 0x00, 0x00, 0x3d, 0x00, 0x04, 0x00, 0x07, 0x00, 0x00, 0x00, 0x98, 0x03, 0x00, // .....=..........
	0x00, 0x97, 0x03, 0x00, 0x00, 0x41, 0x00, 0x05, 0x00, 0x60, 0x00, 0x00, 0x00, 0x9a, 0x03, 0x00, // .....A...`......
	0x00, 0x62, 0x00, 0x00, 0x00, 0xb9, 0x02, 0x00, 0x00, 0x3d, 0x00, 0x04, 0x00, 0x07, 0x00, 0x00, // .b.......=......
	0x00, 0x9b, 0x03, 0x00, 0x00, 0x9a, 0x03, 0x00, 0x00, 0x41, 0x00, 0x05, 0x00, 0x60, 0x00, 0x00, // .........A...`..
	0x00, 0x9d, 0x03, 0x00, 0x00, 0x68, 0x00, 0x00, 0x00, 0xb9, 0x02, 0x00, 0x00, 0x3d, 0x00, 0x04, // .....h.......=..
	0x00, 0x07, 0x00, 0x00, 0x00, 0x9e, 0x03, 0x00, 0x00, 0x9d, 0x03, 0x00, 0x00, 0x41, 0x00, 0x05, // .............A..
	0x00, 0x60, 0x00, 0x00, 0x00, 0xa0, 0x03, 0x00, 0x00, 0x6e, 0x00, 0x00, 0x00, 0xb9, 0x02, 0x00, // .`.......n......
	0x00, 0x3d, 0x00, 0x04, 0x00, 0x07, 0x00, 0x00, 0x00, 0xa1, 0x03, 0x00, 0x00, 0xa0, 0x03, 0x00, // .=..............
	0x00, 0x50, 0x00, 0x07, 0x00, 0x0e, 0x00, 0x00, 0x00, 0xa2, 0x03, 0x00, 0x00, 0x98, 0x03, 0x00, // .P..............
	0x00, 0x9b, 0x03, 0x00, 0x00, 0x9e, 0x03, 0x00, 0x00, 0xa1, 0x03, 0x00, 0x00, 0x80, 0x00, 0x05, // ................
	0x00, 0x26, 0x00, 0x00, 0x00, 0xbc, 0x02, 0x00, 0x00, 0x20, 0x02, 0x00, 0x00, 0x66, 0x01, 0x00, // .&....... ...f..
	0x00, 0x41, 0x00, 0x05, 0x00, 0x60, 0x00, 0x00, 0x00, 0xa6, 0x03, 0x00, 0x00, 0x5b, 0x00, 0x00, // .A...`.......[..
	0x00, 0xbc, 0x02, 0x00, 0x00, 0x3d, 0x00, 0x04, 0x00, 0x07, 0x00, 0x00, 0x00, 0xa7, 0x03, 0x00, // .....=..........
	0x00, 0xa6, 0x03, 0x00, 0x00, 0x41, 0x00, 0x05, 0x00, 0x60, 0x00, 0x00, 0x00, 0xa9, 0x03, 0x00, // .....A...`......
	0x00, 0x62, 0x00, 0x00, 0x00, 0xbc, 0x02, 0x00, 0x00, 0x3d, 0x00, 0x04, 0x00, 0x07, 0x00, 0x00, // .b.......=......
	0x00, 0xaa, 0x03, 0x00, 0x00, 0xa9, 0x03, 0x00, 0x00, 0x41, 0x00, 0x05, 0x00, 0x60, 0x00, 0x00, // .........A...`..
	0x00, 0xac, 0x03, 0x00, 0x00, 0x68, 0x00, 0x00, 0x00, 0xbc, 0x02, 0x00, 0x00, 0x3d, 0x00, 0x04, // .....h.......=..
	0x00, 0x07, 0x00, 0x00, 0x00, 0xad, 0x03, 0x00, 0x00, 0xac, 0x03, 0x00, 0x00, 0x41, 0x00, 0x05, // .............A..
	0x00, 0x60, 0x00, 0x00, 0x00, 0xaf, 0x03, 0x00, 0x00, 0x6e, 0x00, 0x00, 0x00, 0xbc, 0x02, 0x00, // .`.......n......
	0x00, 0x3d, 0x00, 0x04, 0x00, 0x07, 0x00, 0x00, 0x00, 0xb0, 0x03, 0x00, 0x00, 0xaf, 0x03, 0x00, // .=..............
	0x00, 0x50, 0x00, 0x07, 0x00, 0x0e, 0x00, 0x00, 0x00, 0xb1, 0x03, 0x00, 0x00, 0xa7, 0x03, 0x00, // .P..............
	0x00, 0xaa, 0x03, 0x00, 0x00, 0xad, 0x03, 0x00, 0x00, 0xb0, 0x03, 0x00, 0x00, 0x81, 0x00, 0x05, // ................
	0x00, 0x0e, 0x00, 0x00, 0x00, 0xc0, 0x02, 0x00, 0x00, 0x21, 0x04, 0x00, 0x00, 0x93, 0x03, 0x00, // .........!......
	0x00, 0x81, 0x00, 0x05, 0x00, 0x0e, 0x00, 0x00, 0x00, 0xc2, 0x02, 0x00, 0x00, 0xc0, 0x02, 0x00, // ................
	0x00, 0xa2, 0x03, 0x00, 0x00, 0x81, 0x00, 0x05, 0x00, 0x0e, 0x00, 0x00, 0x00, 0xc4, 0x02, 0x00, // ................
	0x00, 0xc2, 0x02, 0x00, 0x00, 0xb1, 0x03, 0x00, 0x00, 0x8e, 0x00, 0x05, 0x00, 0x0e, 0x00, 0x00, // ................
	0x00, 0xc5, 0x02, 0x00, 0x00, 0xc4, 0x02, 0x00, 0x00, 0xa6, 0x00, 0x00, 0x00, 0x86, 0x00, 0x05, // ................
	0x00, 0xa2, 0x00, 0x00, 0x00, 0xc9, 0x02, 0x00, 0x00, 0x30, 0x02, 0x00, 0x00, 0x1f, 0x04, 0x00, // .........0......
	0x00, 0x7c, 0x00, 0x04, 0x00, 0x01, 0x01, 0x00, 0x00, 0xca, 0x02, 0x00, 0x00, 0xc9, 0x02, 0x00, // .|..............
	0x00, 0x51, 0x00, 0x05, 0x00, 0x1c, 0x00, 0x00, 0x00, 0xcd, 0x02, 0x00, 0x00, 0xca, 0x02, 0x00, // .Q..............
	0x00, 0x00, 0x00, 0x00, 0x00, 0x51, 0x00, 0x05, 0x00, 0x1c, 0x00, 0x00, 0x00, 0xce, 0x02, 0x00, // .....Q..........
	0x00, 0xca, 0x02, 0x00, 0x00, 0x01, 0x00, 0x00, 0x00, 0x50, 0x00, 0x06, 0x00, 0x1d, 0x00, 0x00, // .........P......
	0x00, 0xcf, 0x02, 0x00, 0x00, 0xcd, 0x02, 0x00, 0x00, 0xce, 0x02, 0x00, 0x00, 0x79, 0x02, 0x00, // .............y..
	0x00, 0x3d, 0x00, 0x04, 0x00, 0xfc, 0x00, 0x00, 0x00, 0xd0, 0x02, 0x00, 0x00, 0x72, 0x01, 0x00, // .=...........r..
	0x00, 0x63, 0x00, 0x04, 0x00, 0xd0, 0x02, 0x00, 0x00, 0xcf, 0x02, 0x00, 0x00, 0xc5, 0x02, 0x00, // .c..............
	0x00, 0x51, 0x00, 0x05, 0x00, 0x07, 0x00, 0x00, 0x00, 0xbb, 0x03, 0x00, 0x00, 0xc5, 0x02, 0x00, // .Q..............
	0x00, 0x00, 0x00, 0x00, 0x00, 0x3e, 0x00, 0x03, 0x00, 0x34, 0x03, 0x00, 0x00, 0xbb, 0x03, 0x00, // .....>...4......
	0x00, 0x51, 0x00, 0x05, 0x00, 0x07, 0x00, 0x00, 0x00, 0xbf, 0x03, 0x00, 0x00, 0xc5, 0x02, 0x00, // .Q..............
	0x00, 0x01, 0x00, 0x00, 0x00, 0x3e, 0x00, 0x03, 0x00, 0x38, 0x03, 0x00, 0x00, 0xbf, 0x03, 0x00, // .....>...8......
	0x00, 0x51, 0x00, 0x05, 0x00, 0x07, 0x00, 0x00, 0x00, 0xc3, 0x03, 0x00, 0x00, 0xc5, 0x02, 0x00, // .Q..............
	0x00, 0x02, 0x00, 0x00, 0x00, 0x3e, 0x00, 0x03, 0x00, 0x3c, 0x03, 0x00, 0x00, 0xc3, 0x03, 0x00, // .....>...<......
	0x00, 0x51, 0x00, 0x05, 0x00, 0x07, 0x00, 0x00, 0x00, 0xc7, 0x03, 0x00, 0x00, 0xc5, 0x02, 0x00, // .Q..............
	0x00, 0x03, 0x00, 0x00, 0x00, 0x3e, 0x00, 0x03, 0x00, 0x40, 0x03, 0x00, 0x00, 0xc7, 0x03, 0x00, // .....>...@......
	0x00, 0xf9, 0x00, 0x02, 0x00, 0xd6, 0x02, 0x00, 0x00, 0xf8, 0x00, 0x02, 0x00, 0xd6, 0x02, 0x00, // ................
	0x00, 0xf5, 0x00, 0x07, 0x00, 0x0e, 0x00, 0x00, 0x00, 0x22, 0x04, 0x00, 0x00, 0x21, 0x04, 0x00, // ........."...!..
	0x00, 0xb0, 0x02, 0x00, 0x00, 0xc5, 0x02, 0x00, 0x00, 0xb4, 0x02, 0x00, 0x00, 0xaa, 0x00, 0x05, // ................
	0x00, 0x0f, 0x01, 0x00, 0x00, 0xd8, 0x02, 0x00, 0x00, 0x28, 0x02, 0x00, 0x00, 0x70, 0x00, 0x00, // .........(...p..
	0x00, 0xf7, 0x00, 0x03, 0x00, 0xda, 0x02, 0x00, 0x00, 0x00, 0x00, 0x00, 0x00, 0xfa, 0x00, 0x04, // ................
	0x00, 0xd8, 0x02, 0x00, 0x00, 0xd9, 0x02, 0x00, 0x00, 0xda, 0x02, 0x00, 0x00, 0xf8, 0x00, 0x02, // ................
	0x00, 0xd9, 0x02, 0x00, 0x00, 0xf9, 0x00, 0x02, 0x00, 0xfd, 0x02, 0x00, 0x00, 0xf8, 0x00, 0x02, // ................
	0x00, 0xda, 0x02, 0x00, 0x00, 0xe0, 0x00, 0x04, 0x00, 0x6a, 0x00, 0x00, 0x00, 0x6a, 0x00, 0x00, // .........j...j..
	0x00, 0x19, 0x01, 0x00, 0x00, 0xaa, 0x00, 0x05, 0x00, 0x0f, 0x01, 0x00, 0x00, 0xdc, 0x02, 0x00, // ................
	0x00, 0x20, 0x02, 0x00, 0x00, 0x5d, 0x00, 0x00, 0x00, 0xf7, 0x00, 0x03, 0x00, 0xfc, 0x02, 0x00, // . ...]..........
	0x00, 0x00, 0x00, 0x00, 0x00, 0xfa, 0x00, 0x04, 0x00, 0xdc, 0x02, 0x00, 0x00, 0xdd, 0x02, 0x00, // ................
	0x00, 0xfc, 0x02, 0x00, 0x00, 0xf8, 0x00, 0x02, 0x00, 0xdd, 0x02, 0x00, 0x00, 0x80, 0x00, 0x05, // ................
	0x00, 0x26, 0x00, 0x00, 0x00, 0xdf, 0x02, 0x00, 0x00, 0x20, 0x02, 0x00, 0x00, 0x75, 0x01, 0x00, // .&....... ...u..
	0x00, 0x41, 0x00, 0x05, 0x00, 0x60, 0x00, 0x00, 0x00, 0xcc, 0x03, 0x00, 0x00, 0x5b, 0x00, 0x00, // .A...`.......[..
	0x00, 0xdf, 0x02, 0x00, 0x00, 0x3d, 0x00, 0x04, 0x00, 0x07, 0x00, 0x00, 0x00, 0xcd, 0x03, 0x00, // .....=..........
	0x00, 0xcc, 0x03, 0x00, 0x00, 0x41, 0x00, 0x05, 0x00, 0x60, 0x00, 0x00, 0x00, 0xcf, 0x03, 0x00, // .....A...`......
	0x00, 0x62, 0x00, 0x00, 0x00, 0xdf, 0x02, 0x00, 0x00, 0x3d, 0x00, 0x04, 0x00, 0x07, 0x00, 0x00, // .b.......=......
	0x00, 0xd0, 0x03, 0x00, 0x00, 0xcf, 0x03, 0x00, 0x00, 0x41, 0x00, 0x05, 0x00, 0x60, 0x00, 0x00, // .........A...`..
	0x00, 0xd2, 0x03, 0x00, 0x00, 0x68, 0x00, 0x00, 0x00, 0xdf, 0x02, 0x00, 0x00, 0x3d, 0x00, 0x04, // .....h.......=..
	0x00, 0x07, 0x00, 0x00, 0x00, 0xd3, 0x03, 0x00, 0x00, 0xd2, 0x03, 0x00, 0x00, 0x41, 0x00, 0x05, // .............A..
	0x00, 0x60, 0x00, 0x00, 0x00, 0xd5, 0x03, 0x00, 0x00, 0x6e, 0x00, 0x00, 0x00, 0xdf, 0x02, 0x00, // .`.......n......
	0x00, 0x3d, 0x00, 0x04, 0x00, 0x07, 0x00, 0x00, 0x00, 0xd6, 0x03, 0x00, 0x00, 0xd5, 0x03, 0x00, // .=..............
	0x00, 0x50, 0x00, 0x07, 0x00, 0x0e, 0x00, 0x00, 0x00, 0xd7, 0x03, 0x00, 0x00, 0xcd, 0x03, 0x00, // .P..............
	0x00, 0xd0, 0x03, 0x00, 0x00, 0xd3, 0x03, 0x00, 0x00, 0xd6, 0x03, 0x00, 0x00, 0x80, 0x00, 0x05, // ................
	0x00, 0x26, 0x00, 0x00, 0x00, 0xe2, 0x02, 0x00, 0x00, 0x20, 0x02, 0x00, 0x00, 0x99, 0x01, 0x00, // .&....... ......
	0x00, 0x41, 0x00, 0x05, 0x00, 0x60, 0x00, 0x00, 0x00, 0xdb, 0x03, 0x00, 0x00, 0x5b, 0x00, 0x00, // .A...`.......[..
	0x00, 0xe2, 0x02, 0x00, 0x00, 0x3d, 0x00, 0x04, 0x00, 0x07, 0x00, 0x00, 0x00, 0xdc, 0x03, 0x00, // .....=..........
	0x00, 0xdb, 0x03, 0x00, 0x00, 0x41, 0x00, 0x05, 0x00, 0x60, 0x00, 0x00, 0x00, 0xde, 0x03, 0x00, // .....A...`......
	0x00, 0x62, 0x00, 0x00, 0x00, 0xe2, 0x02, 0x00, 0x00, 0x3d, 0x00, 0x04, 0x00, 0x07, 0x00, 0x00, // .b.......=......
	0x00, 0xdf, 0x03, 0x00, 0x00, 0xde, 0x03, 0x00, 0x00, 0x41, 0x00, 0x05, 0x00, 0x60, 0x00, 0x00, // .........A...`..
	0x00, 0xe1, 0x03, 0x00, 0x00, 0x68, 0x00, 0x00, 0x00, 0xe2, 0x02, 0x00, 0x00, 0x3d, 0x00, 0x04, // .....h.......=..
	0x00, 0x07, 0x00, 0x00, 0x00, 0xe2, 0x03, 0x00, 0x00, 0xe1, 0x03, 0x00, 0x00, 0x41, 0x00, 0x05, // .............A..
	0x00, 0x60, 0x00, 0x00, 0x00, 0xe4, 0x03, 0x00, 0x00, 0x6e, 0x00, 0x00, 0x00, 0xe2, 0x02, 0x00, // .`.......n......
	0x00, 0x3d, 0x00, 0x04, 0x00, 0x07, 0x00, 0x00, 0x00, 0xe5, 0x03, 0x00, 0x00, 0xe4, 0x03, 0x00, // .=..............
	0x00, 0x50, 0x00, 0x07, 0x00, 0x0e, 0x00, 0x00, 0x00, 0xe6, 0x03, 0x00, 0x00, 0xdc, 0x03, 0x00, // .P..............
	0x00, 0xdf, 0x03, 0x00, 0x00, 0xe2, 0x03, 0x00, 0x00, 0xe5, 0x03, 0x00, 0x00, 0x80, 0x00, 0x05, // ................
	0x00, 0x26, 0x00, 0x00, 0x00, 0xe5, 0x02, 0x00, 0x00, 0x20, 0x02, 0x00, 0x00, 0x9f, 0x01, 0x00, // .&....... ......
	0x00, 0x41, 0x00, 0x05, 0x00, 0x60, 0x00, 0x00, 0x00, 0xea, 0x03, 0x00, 0x00, 0x5b, 0x00, 0x00, // .A...`.......[..
	0x00, 0xe5, 0x02, 0x00, 0x00, 0x3d, 0x00, 0x04, 0x00, 0x07, 0x00, 0x00, 0x00, 0xeb, 0x03, 0x00, // .....=..........
	0x00, 0xea, 0x03, 0x00, 0x00, 0x41, 0x00, 0x05, 0x00, 0x60, 0x00, 0x00, 0x00, 0xed, 0x03, 0x00, // .....A...`......
	0x00, 0x62, 0x00, 0x00, 0x00, 0xe5, 0x02, 0x00, 0x00, 0x3d, 0x00, 0x04, 0x00, 0x07, 0x00, 0x00, // .b.......=......
	0x00, 0xee, 0x03, 0x00, 0x00, 0xed, 0x03, 0x00, 0x00, 0x41, 0x00, 0x05, 0x00, 0x60, 0x00, 0x00, // .........A...`..
	0x00, 0xf0, 0x03, 0x00, 0x00, 0x68, 0x00, 0x00, 0x00, 0xe5, 0x02, 0x00, 0x00, 0x3d, 0x00, 0x04, // .....h.......=..
	0x00, 0x07, 0x00, 0x00, 0x00, 0xf1, 0x03, 0x00, 0x00, 0xf0, 0x03, 0x00, 0x00, 0x41, 0x00, 0x05, // .............A..
	0x00, 0x60, 0x00, 0x00, 0x00, 0xf3, 0x03, 0x00, 0x00, 0x6e, 0x00, 0x00, 0x00, 0xe5, 0x02, 0x00, // .`.......n......
	0x00, 0x3d, 0x00, 0x04, 0x00, 0x07, 0x00, 0x00, 0x00, 0xf4, 0x03, 0x00, 0x00, 0xf3, 0x03, 0x00, // .=..............
	0x00, 0x50, 0x00, 0x07, 0x00, 0x0e, 0x00, 0x00, 0x00, 0xf5, 0x03, 0x00, 0x00, 0xeb, 0x03, 0x00, // .P..............
	0x00, 0xee, 0x03, 0x00, 0x00, 0xf1, 0x03, 0x00, 0x00, 0xf4, 0x03, 0x00, 0x00, 0x81, 0x00, 0x05, // ................
	0x00, 0x0e, 0x00, 0x00, 0x00, 0xe9, 0x02, 0x00, 0x00, 0x22, 0x04, 0x00, 0x00, 0xd7, 0x03, 0x00, // ........."......
	0x00, 0x81, 0x00, 0x05, 0x00, 0x0e, 0x00, 0x00, 0x00, 0xeb, 0x02, 0x00, 0x00, 0xe9, 0x02, 0x00, // ................
	0x00, 0xe6, 0x03, 0x00, 0x00, 0x81, 0x00, 0x05, 0x00, 0x0e, 0x00, 0x00, 0x00, 0xed, 0x02, 0x00, // ................
	0x00, 0xeb, 0x02, 0x00, 0x00, 0xf5, 0x03, 0x00, 0x00, 0x8e, 0x00, 0x05, 0x00, 0x0e, 0x00, 0x00, // ................
	0x00, 0xee, 0x02, 0x00, 0x00, 0xed, 0x02, 0x00, 0x00, 0xa6, 0x00, 0x00, 0x00, 0x86, 0x00, 0x05, // ................
	0x00, 0xa2, 0x00, 0x00, 0x00, 0xf2, 0x02, 0x00, 0x00, 0x30, 0x02, 0x00, 0x00, 0x20, 0x04, 0x00, // .........0... ..
	0x00, 0x7c, 0x00, 0x04, 0x00, 0x01, 0x01, 0x00, 0x00, 0xf3, 0x02, 0x00, 0x00, 0xf2, 0x02, 0x00, // .|..............
	0x00, 0x51, 0x00, 0x05, 0x00, 0x1c, 0x00, 0x00, 0x00, 0xf6, 0x02, 0x00, 0x00, 0xf3, 0x02, 0x00, // .Q..............
	0x00, 0x00, 0x00, 0x00, 0x00, 0x51, 0x00, 0x05, 0x00, 0x1c, 0x00, 0x00, 0x00, 0xf7, 0x02, 0x00, // .....Q..........
	0x00, 0xf3, 0x02, 0x00, 0x00, 0x01, 0x00, 0x00, 0x00, 0x50, 0x00, 0x06, 0x00, 0x1d, 0x00, 0x00, // .........P......
	0x00, 0xf8, 0x02, 0x00, 0x00, 0xf6, 0x02, 0x00, 0x00, 0xf7, 0x02, 0x00, 0x00, 0x79, 0x02, 0x00, // .............y..
	0x00, 0x3d, 0x00, 0x04, 0x00, 0xfc, 0x00, 0x00, 0x00, 0xf9, 0x02, 0x00, 0x00, 0xab, 0x01, 0x00, // .=..............
	0x00, 0x63, 0x00, 0x04, 0x00, 0xf9, 0x02, 0x00, 0x00, 0xf8, 0x02, 0x00, 0x00, 0xee, 0x02, 0x00, // .c..............
	0x00, 0xf9, 0x00, 0x02, 0x00, 0xfc, 0x02, 0x00, 0x00, 0xf8, 0x00, 0x02, 0x00, 0xfc, 0x02, 0x00, // ................
	0x00, 0xf9, 0x00, 0x02, 0x00, 0xfd, 0x02, 0x00, 0x00, 0xf8, 0x00, 0x02, 0x00, 0xfd, 0x02, 0x00, // ................
	0x00, 0xfd, 0x00, 0x01, 0x00, 0x38, 0x00, 0x01, 0x00, 0x00, 0x00, 0x10, 0x00,                   // .....8.......
};
static const uint8_t cs_mipgen_oddxy_wgsl[5149] =
{
	0x43, 0x53, 0x48, 0x0b, 0x00, 0x00, 0x00, 0x00, 0x00, 0x00, 0x00, 0x00, 0x06, 0x00, 0x0b, 0x62, // CSH............b
	0x67, 0x66, 0x78, 0x5f, 0x6d, 0x69, 0x70, 0x47, 0x65, 0x6e, 0x02, 0x01, 0x00, 0x00, 0x01, 0x00, // gfx_mipGen......
	0x00, 0x00, 0x00, 0x00, 0x0e, 0x62, 0x67, 0x66, 0x78, 0x5f, 0x74, 0x65, 0x78, 0x4d, 0x69, 0x70, // .....bgfx_texMip
	0x53, 0x72, 0x63, 0x20, 0x00, 0x06, 0x00, 0x00, 0x00, 0x00, 0x03, 0x29, 0x00, 0x09, 0x73, 0x5f, // Src .......)..s_
	0x69, 0x6d, 0x67, 0x4d, 0x69, 0x70, 0x31, 0x01, 0x00, 0x02, 0x00, 0x03, 0x00, 0x00, 0x03, 0x4a, // imgMip1........J
	0x00, 0x09, 0x73, 0x5f, 0x69, 0x6d, 0x67, 0x4d, 0x69, 0x70, 0x32, 0x01, 0x00, 0x03, 0x00, 0x03, // ..s_imgMip2.....
	0x00, 0x00, 0x03, 0x4a, 0x00, 0x09, 0x73, 0x5f, 0x69, 0x6d, 0x67, 0x4d, 0x69, 0x70, 0x33, 0x01, // ...J..s_imgMip3.
	0x00, 0x04, 0x00, 0x03, 0x00, 0x00, 0x03, 0x4a, 0x00, 0x09, 0x73, 0x5f, 0x69, 0x6d, 0x67, 0x4d, // .......J..s_imgM
	0x69, 0x70, 0x34, 0x01, 0x00, 0x05, 0x00, 0x03, 0x00, 0x00, 0x03, 0x4a, 0x00, 0x86, 0x13, 0x00, // ip4........J....
	0x00, 0x64, 0x69, 0x61, 0x67, 0x6e, 0x6f, 0x73, 0x74, 0x69, 0x63, 0x28, 0x6f, 0x66, 0x66, 0x2c, // .diagnostic(off,
	0x20, 0x64, 0x65, 0x72, 0x69, 0x76, 0x61, 0x74, 0x69, 0x76, 0x65, 0x5f, 0x75, 0x6e, 0x69, 0x66, //  derivative_unif
	0x6f, 0x72, 0x6d, 0x69, 0x74, 0x79, 0x29, 0x3b, 0x0a, 0x64, 0x69, 0x61, 0x67, 0x6e, 0x6f, 0x73, // ormity);.diagnos
	0x74, 0x69, 0x63, 0x28, 0x6f, 0x66, 0x66, 0x2c, 0x20, 0x73, 0x75, 0x62, 0x67, 0x72, 0x6f, 0x75, // tic(off, subgrou
	0x70, 0x5f, 0x75, 0x6e, 0x69, 0x66, 0x6f, 0x72, 0x6d, 0x69, 0x74, 0x79, 0x29, 0x3b, 0x0a, 0x0a, // p_uniformity);..
	0x40, 0x67, 0x72, 0x6f, 0x75, 0x70, 0x28, 0x30, 0x75, 0x29, 0x20, 0x40, 0x62, 0x69, 0x6e, 0x64, // @group(0u) @bind
	0x69, 0x6e, 0x67, 0x28, 0x32, 0x32, 0x75, 0x29, 0x20, 0x76, 0x61, 0x72, 0x20, 0x62, 0x67, 0x66, // ing(22u) var bgf
	0x78, 0x5f, 0x74, 0x65, 0x78, 0x4d, 0x69, 0x70, 0x53, 0x72, 0x63, 0x53, 0x61, 0x6d, 0x70, 0x6c, // x_texMipSrcSampl
	0x65, 0x72, 0x20, 0x3a, 0x20, 0x73, 0x61, 0x6d, 0x70, 0x6c, 0x65, 0x72, 0x3b, 0x0a, 0x0a, 0x40, // er : sampler;..@
	0x67, 0x72, 0x6f, 0x75, 0x70, 0x28, 0x30, 0x75, 0x29, 0x20, 0x40, 0x62, 0x69, 0x6e, 0x64, 0x69, // group(0u) @bindi
	0x6e, 0x67, 0x28, 0x36, 0x75, 0x29, 0x20, 0x76, 0x61, 0x72, 0x20, 0x62, 0x67, 0x66, 0x78, 0x5f, // ng(6u) var bgfx_
	0x74, 0x65, 0x78, 0x4d, 0x69, 0x70, 0x53, 0x72, 0x63, 0x54, 0x65, 0x78, 0x74, 0x75, 0x72, 0x65, // texMipSrcTexture
	0x20, 0x3a, 0x20, 0x74, 0x65, 0x78, 0x74, 0x75, 0x72, 0x65, 0x5f, 0x32, 0x64, 0x5f, 0x61, 0x72, //  : texture_2d_ar
	0x72, 0x61, 0x79, 0x3c, 0x66, 0x33, 0x32, 0x3e, 0x3b, 0x0a, 0x0a, 0x76, 0x61, 0x72, 0x3c, 0x77, // ray<f32>;..var<w
	0x6f, 0x72, 0x6b, 0x67, 0x72, 0x6f, 0x75, 0x70, 0x3e, 0x20, 0x67, 0x73, 0x5f, 0x52, 0x20, 0x3a, // orkgroup> gs_R :
	0x20, 0x61, 0x72, 0x72, 0x61, 0x79, 0x3c, 0x66, 0x33, 0x32, 0x2c, 0x20, 0x36, 0x34, 0x75, 0x3e, //  array<f32, 64u>
	0x3b, 0x0a, 0x0a, 0x76, 0x61, 0x72, 0x3c, 0x77, 0x6f, 0x72, 0x6b, 0x67, 0x72, 0x6f, 0x75, 0x70, // ;..var<workgroup
	0x3e, 0x20, 0x67, 0x73, 0x5f, 0x47, 0x20, 0x3a, 0x20, 0x61, 0x72, 0x72, 0x61, 0x79, 0x3c, 0x66, // > gs_G : array<f
	0x33, 0x32, 0x2c, 0x20, 0x36, 0x34, 0x75, 0x3e, 0x3b, 0x0a, 0x0a, 0x76, 0x61, 0x72, 0x3c, 0x77, // 32, 64u>;..var<w
	0x6f, 0x72, 0x6b, 0x67, 0x72, 0x6f, 0x75, 0x70, 0x3e, 0x20, 0x67, 0x73, 0x5f, 0x42, 0x20, 0x3a, // orkgroup> gs_B :
	0x20, 0x61, 0x72, 0x72, 0x61, 0x79, 0x3c, 0x66, 0x33, 0x32, 0x2c, 0x20, 0x36, 0x34, 0x75, 0x3e, //  array<f32, 64u>
	0x3b, 0x0a, 0x0a, 0x76, 0x61, 0x72, 0x3c, 0x77, 0x6f, 0x72, 0x6b, 0x67, 0x72, 0x6f, 0x75, 0x70, // ;..var<workgroup
	0x3e, 0x20, 0x67, 0x73, 0x5f, 0x41, 0x20, 0x3a, 0x20, 0x61, 0x72, 0x72, 0x61, 0x79, 0x3c, 0x66, // > gs_A : array<f
	0x33, 0x32, 0x2c, 0x20, 0x36, 0x34, 0x75, 0x3e, 0x3b, 0x0a, 0x0a, 0x73, 0x74, 0x72, 0x75, 0x63, // 32, 64u>;..struc
	0x74, 0x20, 0x55, 0x6e, 0x69, 0x66, 0x6f, 0x72, 0x6d, 0x42, 0x6c, 0x6f, 0x63, 0x6b, 0x20, 0x7b, // t UniformBlock {
	0x0a, 0x20, 0x20, 0x62, 0x67, 0x66, 0x78, 0x5f, 0x6d, 0x69, 0x70, 0x47, 0x65, 0x6e, 0x20, 0x3a, // .  bgfx_mipGen :
	0x20, 0x76, 0x65, 0x63, 0x34, 0x3c, 0x66, 0x33, 0x32, 0x3e, 0x2c, 0x0a, 0x7d, 0x0a, 0x0a, 0x40, //  vec4<f32>,.}..@
	0x67, 0x72, 0x6f, 0x75, 0x70, 0x28, 0x30, 0x75, 0x29, 0x20, 0x40, 0x62, 0x69, 0x6e, 0x64, 0x69, // group(0u) @bindi
	0x6e, 0x67, 0x28, 0x30, 0x75, 0x29, 0x20, 0x76, 0x61, 0x72, 0x3c, 0x75, 0x6e, 0x69, 0x66, 0x6f, // ng(0u) var<unifo
	0x72, 0x6d, 0x3e, 0x20, 0x76, 0x20, 0x3a, 0x20, 0x55, 0x6e, 0x69, 0x66, 0x6f, 0x72, 0x6d, 0x42, // rm> v : UniformB
	0x6c, 0x6f, 0x63, 0x6b, 0x3b, 0x0a, 0x0a, 0x40, 0x67, 0x72, 0x6f, 0x75, 0x70, 0x28, 0x30, 0x75, // lock;..@group(0u
	0x29, 0x20, 0x40, 0x62, 0x69, 0x6e, 0x64, 0x69, 0x6e, 0x67, 0x28, 0x32, 0x75, 0x29, 0x20, 0x76, // ) @binding(2u) v
	0x61, 0x72, 0x20, 0x73, 0x5f, 0x69, 0x6d, 0x67, 0x4d, 0x69, 0x70, 0x31, 0x20, 0x3a, 0x20, 0x74, // ar s_imgMip1 : t
	0x65, 0x78, 0x74, 0x75, 0x72, 0x65, 0x5f, 0x73, 0x74, 0x6f, 0x72, 0x61, 0x67, 0x65, 0x5f, 0x32, // exture_storage_2
	0x64, 0x5f, 0x61, 0x72, 0x72, 0x61, 0x79, 0x3c, 0x72, 0x67, 0x62, 0x61, 0x38, 0x75, 0x6e, 0x6f, // d_array<rgba8uno
	0x72, 0x6d, 0x2c, 0x20, 0x77, 0x72, 0x69, 0x74, 0x65, 0x3e, 0x3b, 0x0a, 0x0a, 0x40, 0x67, 0x72, // rm, write>;..@gr
	0x6f, 0x75, 0x70, 0x28, 0x30, 0x75, 0x29, 0x20, 0x40, 0x62, 0x69, 0x6e, 0x64, 0x69, 0x6e, 0x67, // oup(0u) @binding
	0x28, 0x33, 0x75, 0x29, 0x20, 0x76, 0x61, 0x72, 0x20, 0x73, 0x5f, 0x69, 0x6d, 0x67, 0x4d, 0x69, // (3u) var s_imgMi
	0x70, 0x32, 0x20, 0x3a, 0x20, 0x74, 0x65, 0x78, 0x74, 0x75, 0x72, 0x65, 0x5f, 0x73, 0x74, 0x6f, // p2 : texture_sto
	0x72, 0x61, 0x67, 0x65, 0x5f, 0x32, 0x64, 0x5f, 0x61, 0x72, 0x72, 0x61, 0x79, 0x3c, 0x72, 0x67, // rage_2d_array<rg
	0x62, 0x61, 0x38, 0x75, 0x6e, 0x6f, 0x72, 0x6d, 0x2c, 0x20, 0x77, 0x72, 0x69, 0x74, 0x65, 0x3e, // ba8unorm, write>
	0x3b, 0x0a, 0x0a, 0x40, 0x67, 0x72, 0x6f, 0x75, 0x70, 0x28, 0x30, 0x75, 0x29, 0x20, 0x40, 0x62, // ;..@group(0u) @b
	0x69, 0x6e, 0x64, 0x69, 0x6e, 0x67, 0x28, 0x34, 0x75, 0x29, 0x20, 0x76, 0x61, 0x72, 0x20, 0x73, // inding(4u) var s
	0x5f, 0x69, 0x6d, 0x67, 0x4d, 0x69, 0x70, 0x33, 0x20, 0x3a, 0x20, 0x74, 0x65, 0x78, 0x74, 0x75, // _imgMip3 : textu
	0x72, 0x65, 0x5f, 0x73, 0x74, 0x6f, 0x72, 0x61, 0x67, 0x65, 0x5f, 0x32, 0x64, 0x5f, 0x61, 0x72, // re_storage_2d_ar
	0x72, 0x61, 0x79, 0x3c, 0x72, 0x67, 0x62, 0x61, 0x38, 0x75, 0x6e, 0x6f, 0x72, 0x6d, 0x2c, 0x20, // ray<rgba8unorm, 
	0x77, 0x72, 0x69, 0x74, 0x65, 0x3e, 0x3b, 0x0a, 0x0a, 0x40, 0x67, 0x72, 0x6f, 0x75, 0x70, 0x28, // write>;..@group(
	0x30, 0x75, 0x29, 0x20, 0x40, 0x62, 0x69, 0x6e, 0x64, 0x69, 0x6e, 0x67, 0x28, 0x35, 0x75, 0x29, // 0u) @binding(5u)
	0x20, 0x76, 0x61, 0x72, 0x20, 0x73, 0x5f, 0x69, 0x6d, 0x67, 0x4d, 0x69, 0x70, 0x34, 0x20, 0x3a, //  var s_imgMip4 :
	0x20, 0x74, 0x65, 0x78, 0x74, 0x75, 0x72, 0x65, 0x5f, 0x73, 0x74, 0x6f, 0x72, 0x61, 0x67, 0x65, //  texture_storage
	0x5f, 0x32, 0x64, 0x5f, 0x61, 0x72, 0x72, 0x61, 0x79, 0x3c, 0x72, 0x67, 0x62, 0x61, 0x38, 0x75, // _2d_array<rgba8u
	0x6e, 0x6f, 0x72, 0x6d, 0x2c, 0x20, 0x77, 0x72, 0x69, 0x74, 0x65, 0x3e, 0x3b, 0x0a, 0x0a, 0x40, // norm, write>;..@
	0x63, 0x6f, 0x6d, 0x70, 0x75, 0x74, 0x65, 0x20, 0x40, 0x77, 0x6f, 0x72, 0x6b, 0x67, 0x72, 0x6f, // compute @workgro
	0x75, 0x70, 0x5f, 0x73, 0x69, 0x7a, 0x65, 0x28, 0x38, 0x75, 0x2c, 0x20, 0x38, 0x75, 0x2c, 0x20, // up_size(8u, 8u, 
	0x31, 0x75, 0x29, 0x0a, 0x66, 0x6e, 0x20, 0x6d, 0x61, 0x69, 0x6e, 0x28, 0x40, 0x62, 0x75, 0x69, // 1u).fn main(@bui
	0x6c, 0x74, 0x69, 0x6e, 0x28, 0x6c, 0x6f, 0x63, 0x61, 0x6c, 0x5f, 0x69, 0x6e, 0x76, 0x6f, 0x63, // ltin(local_invoc
	0x61, 0x74, 0x69, 0x6f, 0x6e, 0x5f, 0x69, 0x6e, 0x64, 0x65, 0x78, 0x29, 0x20, 0x67, 0x6c, 0x5f, // ation_index) gl_
	0x4c, 0x6f, 0x63, 0x61, 0x6c, 0x49, 0x6e, 0x76, 0x6f, 0x63, 0x61, 0x74, 0x69, 0x6f, 0x6e, 0x49, // LocalInvocationI
	0x6e, 0x64, 0x65, 0x78, 0x20, 0x3a, 0x20, 0x75, 0x33, 0x32, 0x2c, 0x20, 0x40, 0x62, 0x75, 0x69, // ndex : u32, @bui
	0x6c, 0x74, 0x69, 0x6e, 0x28, 0x67, 0x6c, 0x6f, 0x62, 0x61, 0x6c, 0x5f, 0x69, 0x6e, 0x76, 0x6f, // ltin(global_invo
	0x63, 0x61, 0x74, 0x69, 0x6f, 0x6e, 0x5f, 0x69, 0x64, 0x29, 0x20, 0x67, 0x6c, 0x5f, 0x47, 0x6c, // cation_id) gl_Gl
	0x6f, 0x62, 0x61, 0x6c, 0x49, 0x6e, 0x76, 0x6f, 0x63, 0x61, 0x74, 0x69, 0x6f, 0x6e, 0x49, 0x44, // obalInvocationID
	0x20, 0x3a, 0x20, 0x76, 0x65, 0x63, 0x33, 0x3c, 0x75, 0x33, 0x32, 0x3e, 0x29, 0x20, 0x7b, 0x0a, //  : vec3<u32>) {.
	0x20, 0x20, 0x73, 0x77, 0x69, 0x74, 0x63, 0x68, 0x28, 0x30, 0x75, 0x29, 0x20, 0x7b, 0x0a, 0x20, //   switch(0u) {. 
	0x20, 0x20, 0x20, 0x64, 0x65, 0x66, 0x61, 0x75, 0x6c, 0x74, 0x3a, 0x20, 0x7b, 0x0a, 0x20, 0x20, //    default: {.  
	0x20, 0x20, 0x20, 0x20, 0x6c, 0x65, 0x74, 0x20, 0x76, 0x5f, 0x31, 0x20, 0x3d, 0x20, 0x62, 0x69, //     let v_1 = bi
	0x74, 0x63, 0x61, 0x73, 0x74, 0x3c, 0x75, 0x33, 0x32, 0x3e, 0x28, 0x69, 0x33, 0x32, 0x28, 0x67, // tcast<u32>(i32(g
	0x6c, 0x5f, 0x4c, 0x6f, 0x63, 0x61, 0x6c, 0x49, 0x6e, 0x76, 0x6f, 0x63, 0x61, 0x74, 0x69, 0x6f, // l_LocalInvocatio
	0x6e, 0x49, 0x6e, 0x64, 0x65, 0x78, 0x29, 0x29, 0x3b, 0x0a, 0x20, 0x20, 0x20, 0x20, 0x20, 0x20, // nIndex));.      
	0x6c, 0x65, 0x74, 0x20, 0x76, 0x5f, 0x32, 0x20, 0x3d, 0x20, 0x62, 0x69, 0x74, 0x63, 0x61, 0x73, // let v_2 = bitcas
	0x74, 0x3c, 0x76, 0x65, 0x63, 0x33, 0x3c, 0x75, 0x33, 0x32, 0x3e, 0x3e, 0x28, 0x76, 0x65, 0x63, // t<vec3<u32>>(vec
	0x33, 0x3c, 0x69, 0x33, 0x32, 0x3e, 0x28, 0x67, 0x6c, 0x5f, 0x47, 0x6c, 0x6f, 0x62, 0x61, 0x6c, // 3<i32>(gl_Global
	0x49, 0x6e, 0x76, 0x6f, 0x63, 0x61, 0x74, 0x69, 0x6f, 0x6e, 0x49, 0x44, 0x29, 0x29, 0x3b, 0x0a, // InvocationID));.
	0x20, 0x20, 0x20, 0x20, 0x20, 0x20, 0x6c, 0x65, 0x74, 0x20, 0x76, 0x5f, 0x33, 0x20, 0x3d, 0x20, //       let v_3 = 
	0x75, 0x33, 0x32, 0x28, 0x76, 0x2e, 0x62, 0x67, 0x66, 0x78, 0x5f, 0x6d, 0x69, 0x70, 0x47, 0x65, // u32(v.bgfx_mipGe
	0x6e, 0x2e, 0x78, 0x29, 0x3b, 0x0a, 0x20, 0x20, 0x20, 0x20, 0x20, 0x20, 0x6c, 0x65, 0x74, 0x20, // n.x);.      let 
	0x76, 0x5f, 0x34, 0x20, 0x3d, 0x20, 0x75, 0x33, 0x32, 0x28, 0x76, 0x2e, 0x62, 0x67, 0x66, 0x78, // v_4 = u32(v.bgfx
	0x5f, 0x6d, 0x69, 0x70, 0x47, 0x65, 0x6e, 0x2e, 0x79, 0x29, 0x3b, 0x0a, 0x20, 0x20, 0x20, 0x20, // _mipGen.y);.    
	0x20, 0x20, 0x6c, 0x65, 0x74, 0x20, 0x76, 0x5f, 0x35, 0x20, 0x3d, 0x20, 0x76, 0x2e, 0x62, 0x67, //   let v_5 = v.bg
	0x66, 0x78, 0x5f, 0x6d, 0x69, 0x70, 0x47, 0x65, 0x6e, 0x2e, 0x7a, 0x77, 0x3b, 0x0a, 0x20, 0x20, // fx_mipGen.zw;.  
	0x20, 0x20, 0x20, 0x20, 0x6c, 0x65, 0x74, 0x20, 0x76, 0x5f, 0x36, 0x20, 0x3d, 0x20, 0x76, 0x5f, //     let v_6 = v_
	0x32, 0x2e, 0x7a, 0x3b, 0x0a, 0x20, 0x20, 0x20, 0x20, 0x20, 0x20, 0x6c, 0x65, 0x74, 0x20, 0x76, // 2.z;.      let v
	0x5f, 0x37, 0x20, 0x3d, 0x20, 0x76, 0x5f, 0x32, 0x2e, 0x78, 0x79, 0x3b, 0x0a, 0x20, 0x20, 0x20, // _7 = v_2.xy;.   
	0x20, 0x20, 0x20, 0x6c, 0x65, 0x74, 0x20, 0x76, 0x5f, 0x38, 0x20, 0x3d, 0x20, 0x28, 0x76, 0x5f, //    let v_8 = (v_
	0x35, 0x20, 0x2a, 0x20, 0x28, 0x76, 0x65, 0x63, 0x32, 0x3c, 0x66, 0x33, 0x32, 0x3e, 0x28, 0x76, // 5 * (vec2<f32>(v
	0x5f, 0x37, 0x29, 0x20, 0x2b, 0x20, 0x76, 0x65, 0x63, 0x32, 0x3c, 0x66, 0x33, 0x32, 0x3e, 0x28, // _7) + vec2<f32>(
	0x30, 0x2e, 0x32, 0x35, 0x66, 0x29, 0x29, 0x29, 0x3b, 0x0a, 0x20, 0x20, 0x20, 0x20, 0x20, 0x20, // 0.25f)));.      
	0x6c, 0x65, 0x74, 0x20, 0x76, 0x5f, 0x39, 0x20, 0x3d, 0x20, 0x28, 0x76, 0x5f, 0x35, 0x20, 0x2a, // let v_9 = (v_5 *
	0x20, 0x76, 0x65, 0x63, 0x32, 0x3c, 0x66, 0x33, 0x32, 0x3e, 0x28, 0x30, 0x2e, 0x35, 0x66, 0x29, //  vec2<f32>(0.5f)
	0x29, 0x3b, 0x0a, 0x20, 0x20, 0x20, 0x20, 0x20, 0x20, 0x6c, 0x65, 0x74, 0x20, 0x76, 0x5f, 0x31, // );.      let v_1
	0x30, 0x20, 0x3d, 0x20, 0x66, 0x33, 0x32, 0x28, 0x76, 0x5f, 0x36, 0x29, 0x3b, 0x0a, 0x20, 0x20, // 0 = f32(v_6);.  
	0x20, 0x20, 0x20, 0x20, 0x6c, 0x65, 0x74, 0x20, 0x76, 0x5f, 0x31, 0x31, 0x20, 0x3d, 0x20, 0x76, //     let v_11 = v
	0x65, 0x63, 0x33, 0x3c, 0x66, 0x33, 0x32, 0x3e, 0x28, 0x76, 0x5f, 0x38, 0x2e, 0x78, 0x2c, 0x20, // ec3<f32>(v_8.x, 
	0x76, 0x5f, 0x38, 0x2e, 0x79, 0x2c, 0x20, 0x76, 0x5f, 0x31, 0x30, 0x29, 0x3b, 0x0a, 0x20, 0x20, // v_8.y, v_10);.  
	0x20, 0x20, 0x20, 0x20, 0x6c, 0x65, 0x74, 0x20, 0x76, 0x5f, 0x31, 0x32, 0x20, 0x3d, 0x20, 0x66, //     let v_12 = f
	0x33, 0x32, 0x28, 0x76, 0x5f, 0x33, 0x29, 0x3b, 0x0a, 0x20, 0x20, 0x20, 0x20, 0x20, 0x20, 0x6c, // 32(v_3);.      l
	0x65, 0x74, 0x20, 0x76, 0x5f, 0x31, 0x33, 0x20, 0x3d, 0x20, 0x28, 0x76, 0x5f, 0x38, 0x20, 0x2b, // et v_13 = (v_8 +
	0x20, 0x76, 0x65, 0x63, 0x32, 0x3c, 0x66, 0x33, 0x32, 0x3e, 0x28, 0x76, 0x5f, 0x39, 0x2e, 0x78, //  vec2<f32>(v_9.x
	0x2c, 0x20, 0x30, 0x2e, 0x30, 0x66, 0x29, 0x29, 0x3b, 0x0a, 0x20, 0x20, 0x20, 0x20, 0x20, 0x20, // , 0.0f));.      
	0x6c, 0x65, 0x74, 0x20, 0x76, 0x5f, 0x31, 0x34, 0x20, 0x3d, 0x20, 0x76, 0x65, 0x63, 0x33, 0x3c, // let v_14 = vec3<
	0x66, 0x33, 0x32, 0x3e, 0x28, 0x76, 0x5f, 0x31, 0x33, 0x2e, 0x78, 0x2c, 0x20, 0x76, 0x5f, 0x31, // f32>(v_13.x, v_1
	0x33, 0x2e, 0x79, 0x2c, 0x20, 0x76, 0x5f, 0x31, 0x30, 0x29, 0x3b, 0x0a, 0x20, 0x20, 0x20, 0x20, // 3.y, v_10);.    
	0x20, 0x20, 0x6c, 0x65, 0x74, 0x20, 0x76, 0x5f, 0x31, 0x35, 0x20, 0x3d, 0x20, 0x28, 0x76, 0x5f, //   let v_15 = (v_
	0x38, 0x20, 0x2b, 0x20, 0x76, 0x65, 0x63, 0x32, 0x3c, 0x66, 0x33, 0x32, 0x3e, 0x28, 0x30, 0x2e, // 8 + vec2<f32>(0.
	0x30, 0x66, 0x2c, 0x20, 0x76, 0x5f, 0x39, 0x2e, 0x79, 0x29, 0x29, 0x3b, 0x0a, 0x20, 0x20, 0x20, // 0f, v_9.y));.   
	0x20, 0x20, 0x20, 0x6c, 0x65, 0x74, 0x20, 0x76, 0x5f, 0x31, 0x36, 0x20, 0x3d, 0x20, 0x76, 0x65, //    let v_16 = ve
	0x63, 0x33, 0x3c, 0x66, 0x33, 0x32, 0x3e, 0x28, 0x76, 0x5f, 0x31, 0x35, 0x2e, 0x78, 0x2c, 0x20, // c3<f32>(v_15.x, 
	0x76, 0x5f, 0x31, 0x35, 0x2e, 0x79, 0x2c, 0x20, 0x76, 0x5f, 0x31, 0x30, 0x29, 0x3b, 0x0a, 0x20, // v_15.y, v_10);. 
	0x20, 0x20, 0x20, 0x20, 0x20, 0x6c, 0x65, 0x74, 0x20, 0x76, 0x5f, 0x31, 0x37, 0x20, 0x3d, 0x20, //      let v_17 = 
	0x28, 0x76, 0x5f, 0x38, 0x20, 0x2b, 0x20, 0x76, 0x5f, 0x39, 0x29, 0x3b, 0x0a, 0x20, 0x20, 0x20, // (v_8 + v_9);.   
	0x20, 0x20, 0x20, 0x6c, 0x65, 0x74, 0x20, 0x76, 0x5f, 0x31, 0x38, 0x20, 0x3d, 0x20, 0x76, 0x65, //    let v_18 = ve
	0x63, 0x33, 0x3c, 0x66, 0x33, 0x32, 0x3e, 0x28, 0x76, 0x5f, 0x31, 0x37, 0x2e, 0x78, 0x2c, 0x20, // c3<f32>(v_17.x, 
	0x76, 0x5f, 0x31, 0x37, 0x2e, 0x79, 0x2c, 0x20, 0x76, 0x5f, 0x31, 0x30, 0x29, 0x3b, 0x0a, 0x20, // v_17.y, v_10);. 
	0x20, 0x20, 0x20, 0x20, 0x20, 0x6c, 0x65, 0x74, 0x20, 0x76, 0x5f, 0x31, 0x39, 0x20, 0x3d, 0x20, //      let v_19 = 
	0x28, 0x28, 0x28, 0x28, 0x74, 0x65, 0x78, 0x74, 0x75, 0x72, 0x65, 0x53, 0x61, 0x6d, 0x70, 0x6c, // ((((textureSampl
	0x65, 0x4c, 0x65, 0x76, 0x65, 0x6c, 0x28, 0x62, 0x67, 0x66, 0x78, 0x5f, 0x74, 0x65, 0x78, 0x4d, // eLevel(bgfx_texM
	0x69, 0x70, 0x53, 0x72, 0x63, 0x54, 0x65, 0x78, 0x74, 0x75, 0x72, 0x65, 0x2c, 0x20, 0x62, 0x67, // ipSrcTexture, bg
	0x66, 0x78, 0x5f, 0x74, 0x65, 0x78, 0x4d, 0x69, 0x70, 0x53, 0x72, 0x63, 0x53, 0x61, 0x6d, 0x70, // fx_texMipSrcSamp
	0x6c, 0x65, 0x72, 0x2c, 0x20, 0x76, 0x5f, 0x31, 0x31, 0x2e, 0x78, 0x79, 0x2c, 0x20, 0x69, 0x33, // ler, v_11.xy, i3
	0x32, 0x28, 0x76, 0x5f, 0x31, 0x31, 0x2e, 0x7a, 0x29, 0x2c, 0x20, 0x76, 0x5f, 0x31, 0x32, 0x29, // 2(v_11.z), v_12)
	0x20, 0x2b, 0x20, 0x74, 0x65, 0x78, 0x74, 0x75, 0x72, 0x65, 0x53, 0x61, 0x6d, 0x70, 0x6c, 0x65, //  + textureSample
	0x4c, 0x65, 0x76, 0x65, 0x6c, 0x28, 0x62, 0x67, 0x66, 0x78, 0x5f, 0x74, 0x65, 0x78, 0x4d, 0x69, // Level(bgfx_texMi
	0x70, 0x53, 0x72, 0x63, 0x54, 0x65, 0x78, 0x74, 0x75, 0x72, 0x65, 0x2c, 0x20, 0x62, 0x67, 0x66, // pSrcTexture, bgf
	0x78, 0x5f, 0x74, 0x65, 0x78, 0x4d, 0x69, 0x70, 0x53, 0x72, 0x63, 0x53, 0x61, 0x6d, 0x70, 0x6c, // x_texMipSrcSampl
	0x65, 0x72, 0x2c, 0x20, 0x76, 0x5f, 0x31, 0x34, 0x2e, 0x78, 0x79, 0x2c, 0x20, 0x69, 0x33, 0x32, // er, v_14.xy, i32
	0x28, 0x76, 0x5f, 0x31, 0x34, 0x2e, 0x7a, 0x29, 0x2c, 0x20, 0x76, 0x5f, 0x31, 0x32, 0x29, 0x29, // (v_14.z), v_12))
	0x20, 0x2b, 0x20, 0x74, 0x65, 0x78, 0x74, 0x75, 0x72, 0x65, 0x53, 0x61, 0x6d, 0x70, 0x6c, 0x65, //  + textureSample
	0x4c, 0x65, 0x76, 0x65, 0x6c, 0x28, 0x62, 0x67, 0x66, 0x78, 0x5f, 0x74, 0x65, 0x78, 0x4d, 0x69, // Level(bgfx_texMi
	0x70, 0x53, 0x72, 0x63, 0x54, 0x65, 0x78, 0x74, 0x75, 0x72, 0x65, 0x2c, 0x20, 0x62, 0x67, 0x66, // pSrcTexture, bgf
	0x78, 0x5f, 0x74, 0x65, 0x78, 0x4d, 0x69, 0x70, 0x53, 0x72, 0x63, 0x53, 0x61, 0x6d, 0x70, 0x6c, // x_texMipSrcSampl
	0x65, 0x72, 0x2c, 0x20, 0x76, 0x5f, 0x31, 0x36, 0x2e, 0x78, 0x79, 0x2c, 0x20, 0x69, 0x33, 0x32, // er, v_16.xy, i32
	0x28, 0x76, 0x5f, 0x31, 0x36, 0x2e, 0x7a, 0x29, 0x2c, 0x20, 0x76, 0x5f, 0x31, 0x32, 0x29, 0x29, // (v_16.z), v_12))
	0x20, 0x2b, 0x20, 0x74, 0x65, 0x78, 0x74, 0x75, 0x72, 0x65, 0x53, 0x61, 0x6d, 0x70, 0x6c, 0x65, //  + textureSample
	0x4c, 0x65, 0x76, 0x65, 0x6c, 0x28, 0x62, 0x67, 0x66, 0x78, 0x5f, 0x74, 0x65, 0x78, 0x4d, 0x69, // Level(bgfx_texMi
	0x70, 0x53, 0x72, 0x63, 0x54, 0x65, 0x78, 0x74, 0x75, 0x72, 0x65, 0x2c, 0x20, 0x62, 0x67, 0x66, // pSrcTexture, bgf
	0x78, 0x5f, 0x74, 0x65, 0x78, 0x4d, 0x69, 0x70, 0x53, 0x72, 0x63, 0x53, 0x61, 0x6d, 0x70, 0x6c, // x_texMipSrcSampl
	0x65, 0x72, 0x2c, 0x20, 0x76, 0x5f, 0x31, 0x38, 0x2e, 0x78, 0x79, 0x2c, 0x20, 0x69, 0x33, 0x32, // er, v_18.xy, i32
	0x28, 0x76, 0x5f, 0x31, 0x38, 0x2e, 0x7a, 0x29, 0x2c, 0x20, 0x76, 0x5f, 0x31, 0x32, 0x29, 0x29, // (v_18.z), v_12))
	0x20, 0x2a, 0x20, 0x30, 0x2e, 0x32, 0x35, 0x66, 0x29, 0x3b, 0x0a, 0x20, 0x20, 0x20, 0x20, 0x20, //  * 0.25f);.     
	0x20, 0x6c, 0x65, 0x74, 0x20, 0x76, 0x5f, 0x32, 0x30, 0x20, 0x3d, 0x20, 0x62, 0x69, 0x74, 0x63, //  let v_20 = bitc
	0x61, 0x73, 0x74, 0x3c, 0x76, 0x65, 0x63, 0x32, 0x3c, 0x69, 0x33, 0x32, 0x3e, 0x3e, 0x28, 0x76, // ast<vec2<i32>>(v
	0x5f, 0x37, 0x29, 0x3b, 0x0a, 0x20, 0x20, 0x20, 0x20, 0x20, 0x20, 0x6c, 0x65, 0x74, 0x20, 0x76, // _7);.      let v
	0x5f, 0x32, 0x31, 0x20, 0x3d, 0x20, 0x62, 0x69, 0x74, 0x63, 0x61, 0x73, 0x74, 0x3c, 0x69, 0x33, // _21 = bitcast<i3
	0x32, 0x3e, 0x28, 0x76, 0x5f, 0x36, 0x29, 0x3b, 0x0a, 0x20, 0x20, 0x20, 0x20, 0x20, 0x20, 0x6c, // 2>(v_6);.      l
	0x65, 0x74, 0x20, 0x76, 0x5f, 0x32, 0x32, 0x20, 0x3d, 0x20, 0x76, 0x65, 0x63, 0x33, 0x3c, 0x69, // et v_22 = vec3<i
	0x33, 0x32, 0x3e, 0x28, 0x76, 0x5f, 0x32, 0x30, 0x2e, 0x78, 0x2c, 0x20, 0x76, 0x5f, 0x32, 0x30, // 32>(v_20.x, v_20
	0x2e, 0x79, 0x2c, 0x20, 0x76, 0x5f, 0x32, 0x31, 0x29, 0x3b, 0x0a, 0x20, 0x20, 0x20, 0x20, 0x20, // .y, v_21);.     
	0x20, 0x74, 0x65, 0x78, 0x74, 0x75, 0x72, 0x65, 0x53, 0x74, 0x6f, 0x72, 0x65, 0x28, 0x73, 0x5f, //  textureStore(s_
	0x69, 0x6d, 0x67, 0x4d, 0x69, 0x70, 0x31, 0x2c, 0x20, 0x76, 0x5f, 0x32, 0x32, 0x2e, 0x78, 0x79, // imgMip1, v_22.xy
	0x2c, 0x20, 0x76, 0x5f, 0x32, 0x32, 0x2e, 0x7a, 0x2c, 0x20, 0x76, 0x5f, 0x31, 0x39, 0x29, 0x3b, // , v_22.z, v_19);
	0x0a, 0x20, 0x20, 0x20, 0x20, 0x20, 0x20, 0x69, 0x66, 0x20, 0x28, 0x28, 0x76, 0x5f, 0x34, 0x20, // .      if ((v_4 
	0x3d, 0x3d, 0x20, 0x31, 0x75, 0x29, 0x29, 0x20, 0x7b, 0x0a, 0x20, 0x20, 0x20, 0x20, 0x20, 0x20, // == 1u)) {.      
	0x20, 0x20, 0x62, 0x72, 0x65, 0x61, 0x6b, 0x3b, 0x0a, 0x20, 0x20, 0x20, 0x20, 0x20, 0x20, 0x7d, //   break;.      }
	0x0a, 0x20, 0x20, 0x20, 0x20, 0x20, 0x20, 0x6c, 0x65, 0x74, 0x20, 0x76, 0x5f, 0x32, 0x33, 0x20, // .      let v_23 
	0x3d, 0x20, 0x26, 0x28, 0x67, 0x73, 0x5f, 0x52, 0x5b, 0x76, 0x5f, 0x31, 0x5d, 0x29, 0x3b, 0x0a, // = &(gs_R[v_1]);.
	0x20, 0x20, 0x20, 0x20, 0x20, 0x20, 0x2a, 0x28, 0x76, 0x5f, 0x32, 0x33, 0x29, 0x20, 0x3d, 0x20, //       *(v_23) = 
	0x76, 0x5f, 0x31, 0x39, 0x2e, 0x78, 0x3b, 0x0a, 0x20, 0x20, 0x20, 0x20, 0x20, 0x20, 0x6c, 0x65, // v_19.x;.      le
	0x74, 0x20, 0x76, 0x5f, 0x32, 0x34, 0x20, 0x3d, 0x20, 0x26, 0x28, 0x67, 0x73, 0x5f, 0x47, 0x5b, // t v_24 = &(gs_G[
	0x76, 0x5f, 0x31, 0x5d, 0x29, 0x3b, 0x0a, 0x20, 0x20, 0x20, 0x20, 0x20, 0x20, 0x2a, 0x28, 0x76, // v_1]);.      *(v
	0x5f, 0x32, 0x34, 0x29, 0x20, 0x3d, 0x20, 0x76, 0x5f, 0x31, 0x39, 0x2e, 0x79, 0x3b, 0x0a, 0x20, // _24) = v_19.y;. 
	0x20, 0x20, 0x20, 0x20, 0x20, 0x6c, 0x65, 0x74, 0x20, 0x76, 0x5f, 0x32, 0x35, 0x20, 0x3d, 0x20, //      let v_25 = 
	0x26, 0x28, 0x67, 0x73, 0x5f, 0x42, 0x5b, 0x76, 0x5f, 0x31, 0x5d, 0x29, 0x3b, 0x0a, 0x20, 0x20, // &(gs_B[v_1]);.  
	0x20, 0x20, 0x20, 0x20, 0x2a, 0x28, 0x76, 0x5f, 0x32, 0x35, 0x29, 0x20, 0x3d, 0x20, 0x76, 0x5f, //     *(v_25) = v_
	0x31, 0x39, 0x2e, 0x7a, 0x3b, 0x0a, 0x20, 0x20, 0x20, 0x20, 0x20, 0x20, 0x6c, 0x65, 0x74, 0x20, // 19.z;.      let 
	0x76, 0x5f, 0x32, 0x36, 0x20, 0x3d, 0x20, 0x26, 0x28, 0x67, 0x73, 0x5f, 0x41, 0x5b, 0x76, 0x5f, // v_26 = &(gs_A[v_
	0x31, 0x5d, 0x29, 0x3b, 0x0a, 0x20, 0x20, 0x20, 0x20, 0x20, 0x20, 0x2a, 0x28, 0x76, 0x5f, 0x32, // 1]);.      *(v_2
	0x36, 0x29, 0x20, 0x3d, 0x20, 0x76, 0x5f, 0x31, 0x39, 0x2e, 0x77, 0x3b, 0x0a, 0x20, 0x20, 0x20, // 6) = v_19.w;.   
	0x20, 0x20, 0x20, 0x77, 0x6f, 0x72, 0x6b, 0x67, 0x72, 0x6f, 0x75, 0x70, 0x42, 0x61, 0x72, 0x72, //    workgroupBarr
	0x69, 0x65, 0x72, 0x28, 0x29, 0x3b, 0x0a, 0x20, 0x20, 0x20, 0x20, 0x20, 0x20, 0x76, 0x61, 0x72, // ier();.      var
	0x20, 0x76, 0x5f, 0x32, 0x37, 0x20, 0x3a, 0x20, 0x76, 0x65, 0x63, 0x34, 0x3c, 0x66, 0x33, 0x32, //  v_27 : vec4<f32
	0x3e, 0x3b, 0x0a, 0x20, 0x20, 0x20, 0x20, 0x20, 0x20, 0x69, 0x66, 0x20, 0x28, 0x28, 0x28, 0x76, // >;.      if (((v
	0x5f, 0x31, 0x20, 0x26, 0x20, 0x39, 0x75, 0x29, 0x20, 0x3d, 0x3d, 0x20, 0x30, 0x75, 0x29, 0x29, // _1 & 9u) == 0u))
	0x20, 0x7b, 0x0a, 0x20, 0x20, 0x20, 0x20, 0x20, 0x20, 0x20, 0x20, 0x6c, 0x65, 0x74, 0x20, 0x76, //  {.        let v
	0x5f, 0x32, 0x38, 0x20, 0x3d, 0x20, 0x28, 0x76, 0x5f, 0x31, 0x20, 0x2b, 0x20, 0x31, 0x75, 0x29, // _28 = (v_1 + 1u)
	0x3b, 0x0a, 0x20, 0x20, 0x20, 0x20, 0x20, 0x20, 0x20, 0x20, 0x6c, 0x65, 0x74, 0x20, 0x76, 0x5f, // ;.        let v_
	0x32, 0x39, 0x20, 0x3d, 0x20, 0x76, 0x65, 0x63, 0x34, 0x3c, 0x66, 0x33, 0x32, 0x3e, 0x28, 0x67, // 29 = vec4<f32>(g
	0x73, 0x5f, 0x52, 0x5b, 0x76, 0x5f, 0x32, 0x38, 0x5d, 0x2c, 0x20, 0x67, 0x73, 0x5f, 0x47, 0x5b, // s_R[v_28], gs_G[
	0x76, 0x5f, 0x32, 0x38, 0x5d, 0x2c, 0x20, 0x67, 0x73, 0x5f, 0x42, 0x5b, 0x76, 0x5f, 0x32, 0x38, // v_28], gs_B[v_28
	0x5d, 0x2c, 0x20, 0x67, 0x73, 0x5f, 0x41, 0x5b, 0x76, 0x5f, 0x32, 0x38, 0x5d, 0x29, 0x3b, 0x0a, // ], gs_A[v_28]);.
	0x20, 0x20, 0x20, 0x20, 0x20, 0x20, 0x20, 0x20, 0x6c, 0x65, 0x74, 0x20, 0x76, 0x5f, 0x33, 0x30, //         let v_30
	0x20, 0x3d, 0x20, 0x28, 0x76, 0x5f, 0x31, 0x20, 0x2b, 0x20, 0x38, 0x75, 0x29, 0x3b, 0x0a, 0x20, //  = (v_1 + 8u);. 
	0x20, 0x20, 0x20, 0x20, 0x20, 0x20, 0x20, 0x6c, 0x65, 0x74, 0x20, 0x76, 0x5f, 0x33, 0x31, 0x20, //        let v_31 
	0x3d, 0x20, 0x76, 0x65, 0x63, 0x34, 0x3c, 0x66, 0x33, 0x32, 0x3e, 0x28, 0x67, 0x73, 0x5f, 0x52, // = vec4<f32>(gs_R
	0x5b, 0x76, 0x5f, 0x33, 0x30, 0x5d, 0x2c, 0x20, 0x67, 0x73, 0x5f, 0x47, 0x5b, 0x76, 0x5f, 0x33, // [v_30], gs_G[v_3
	0x30, 0x5d, 0x2c, 0x20, 0x67, 0x73, 0x5f, 0x42, 0x5b, 0x76, 0x5f, 0x33, 0x30, 0x5d, 0x2c, 0x20, // 0], gs_B[v_30], 
	0x67, 0x73, 0x5f, 0x41, 0x5b, 0x76, 0x5f, 0x33, 0x30, 0x5d, 0x29, 0x3b, 0x0a, 0x20, 0x20, 0x20, // gs_A[v_30]);.   
	0x20, 0x20, 0x20, 0x20, 0x20, 0x6c, 0x65, 0x74, 0x20, 0x76, 0x5f, 0x33, 0x32, 0x20, 0x3d, 0x20, //      let v_32 = 
	0x28, 0x76, 0x5f, 0x31, 0x20, 0x2b, 0x20, 0x39, 0x75, 0x29, 0x3b, 0x0a, 0x20, 0x20, 0x20, 0x20, // (v_1 + 9u);.    
	0x20, 0x20, 0x20, 0x20, 0x6c, 0x65, 0x74, 0x20, 0x76, 0x5f, 0x33, 0x33, 0x20, 0x3d, 0x20, 0x28, //     let v_33 = (
	0x28, 0x28, 0x28, 0x76, 0x5f, 0x31, 0x39, 0x20, 0x2b, 0x20, 0x76, 0x5f, 0x32, 0x39, 0x29, 0x20, // (((v_19 + v_29) 
	0x2b, 0x20, 0x76, 0x5f, 0x33, 0x31, 0x29, 0x20, 0x2b, 0x20, 0x76, 0x65, 0x63, 0x34, 0x3c, 0x66, // + v_31) + vec4<f
	0x33, 0x32, 0x3e, 0x28, 0x67, 0x73, 0x5f, 0x52, 0x5b, 0x76, 0x5f, 0x33, 0x32, 0x5d, 0x2c, 0x20, // 32>(gs_R[v_32], 
	0x67, 0x73, 0x5f, 0x47, 0x5b, 0x76, 0x5f, 0x33, 0x32, 0x5d, 0x2c, 0x20, 0x67, 0x73, 0x5f, 0x42, // gs_G[v_32], gs_B
	0x5b, 0x76, 0x5f, 0x33, 0x32, 0x5d, 0x2c, 0x20, 0x67, 0x73, 0x5f, 0x41, 0x5b, 0x76, 0x5f, 0x33, // [v_32], gs_A[v_3
	0x32, 0x5d, 0x29, 0x29, 0x20, 0x2a, 0x20, 0x30, 0x2e, 0x32, 0x35, 0x66, 0x29, 0x3b, 0x0a, 0x20, // 2])) * 0.25f);. 
	0x20, 0x20, 0x20, 0x20, 0x20, 0x20, 0x20, 0x6c, 0x65, 0x74, 0x20, 0x76, 0x5f, 0x33, 0x34, 0x20, //        let v_34 
	0x3d, 0x20, 0x62, 0x69, 0x74, 0x63, 0x61, 0x73, 0x74, 0x3c, 0x76, 0x65, 0x63, 0x32, 0x3c, 0x69, // = bitcast<vec2<i
	0x33, 0x32, 0x3e, 0x3e, 0x28, 0x28, 0x76, 0x5f, 0x37, 0x20, 0x2f, 0x20, 0x76, 0x65, 0x63, 0x32, // 32>>((v_7 / vec2
	0x3c, 0x75, 0x33, 0x32, 0x3e, 0x28, 0x32, 0x75, 0x29, 0x29, 0x29, 0x3b, 0x0a, 0x20, 0x20, 0x20, // <u32>(2u)));.   
	0x20, 0x20, 0x20, 0x20, 0x20, 0x6c, 0x65, 0x74, 0x20, 0x76, 0x5f, 0x33, 0x35, 0x20, 0x3d, 0x20, //      let v_35 = 
	0x76, 0x65, 0x63, 0x33, 0x3c, 0x69, 0x33, 0x32, 0x3e, 0x28, 0x76, 0x5f, 0x33, 0x34, 0x2e, 0x78, // vec3<i32>(v_34.x
	0x2c, 0x20, 0x76, 0x5f, 0x33, 0x34, 0x2e, 0x79, 0x2c, 0x20, 0x76, 0x5f, 0x32, 0x31, 0x29, 0x3b, // , v_34.y, v_21);
	0x0a, 0x20, 0x20, 0x20, 0x20, 0x20, 0x20, 0x20, 0x20, 0x74, 0x65, 0x78, 0x74, 0x75, 0x72, 0x65, // .        texture
	0x53, 0x74, 0x6f, 0x72, 0x65, 0x28, 0x73, 0x5f, 0x69, 0x6d, 0x67, 0x4d, 0x69, 0x70, 0x32, 0x2c, // Store(s_imgMip2,
	0x20, 0x76, 0x5f, 0x33, 0x35, 0x2e, 0x78, 0x79, 0x2c, 0x20, 0x76, 0x5f, 0x33, 0x35, 0x2e, 0x7a, //  v_35.xy, v_35.z
	0x2c, 0x20, 0x76, 0x5f, 0x33, 0x33, 0x29, 0x3b, 0x0a, 0x20, 0x20, 0x20, 0x20, 0x20, 0x20, 0x20, // , v_33);.       
	0x20, 0x2a, 0x28, 0x76, 0x5f, 0x32, 0x33, 0x29, 0x20, 0x3d, 0x20, 0x76, 0x5f, 0x33, 0x33, 0x2e, //  *(v_23) = v_33.
	0x78, 0x3b, 0x0a, 0x20, 0x20, 0x20, 0x20, 0x20, 0x20, 0x20, 0x20, 0x2a, 0x28, 0x76, 0x5f, 0x32, // x;.        *(v_2
	0x34, 0x29, 0x20, 0x3d, 0x20, 0x76, 0x5f, 0x33, 0x33, 0x2e, 0x79, 0x3b, 0x0a, 0x20, 0x20, 0x20, // 4) = v_33.y;.   
	0x20, 0x20, 0x20, 0x20, 0x20, 0x2a, 0x28, 0x76, 0x5f, 0x32, 0x35, 0x29, 0x20, 0x3d, 0x20, 0x76, //      *(v_25) = v
	0x5f, 0x33, 0x33, 0x2e, 0x7a, 0x3b, 0x0a, 0x20, 0x20, 0x20, 0x20, 0x20, 0x20, 0x20, 0x20, 0x2a, // _33.z;.        *
	0x28, 0x76, 0x5f, 0x32, 0x36, 0x29, 0x20, 0x3d, 0x20, 0x76, 0x5f, 0x33, 0x33, 0x2e, 0x77, 0x3b, // (v_26) = v_33.w;
	0x0a, 0x20, 0x20, 0x20, 0x20, 0x20, 0x20, 0x20, 0x20, 0x76, 0x5f, 0x32, 0x37, 0x20, 0x3d, 0x20, // .        v_27 = 
	0x76, 0x5f, 0x33, 0x33, 0x3b, 0x0a, 0x20, 0x20, 0x20, 0x20, 0x20, 0x20, 0x7d, 0x20, 0x65, 0x6c, // v_33;.      } el
	0x73, 0x65, 0x20, 0x7b, 0x0a, 0x20, 0x20, 0x20, 0x20, 0x20, 0x20, 0x20, 0x20, 0x76, 0x5f, 0x32, // se {.        v_2
	0x37, 0x20, 0x3d, 0x20, 0x76, 0x5f, 0x31, 0x39, 0x3b, 0x0a, 0x20, 0x20, 0x20, 0x20, 0x20, 0x20, // 7 = v_19;.      
	0x7d, 0x0a, 0x20, 0x20, 0x20, 0x20, 0x20, 0x20, 0x6c, 0x65, 0x74, 0x20, 0x76, 0x5f, 0x33, 0x36, // }.      let v_36
	0x20, 0x3d, 0x20, 0x76, 0x5f, 0x32, 0x37, 0x3b, 0x0a, 0x20, 0x20, 0x20, 0x20, 0x20, 0x20, 0x69, //  = v_27;.      i
	0x66, 0x20, 0x28, 0x28, 0x76, 0x5f, 0x34, 0x20, 0x3d, 0x3d, 0x20, 0x32, 0x75, 0x29, 0x29, 0x20, // f ((v_4 == 2u)) 
	0x7b, 0x0a, 0x20, 0x20, 0x20, 0x20, 0x20, 0x20, 0x20, 0x20, 0x62, 0x72, 0x65, 0x61, 0x6b, 0x3b, // {.        break;
	0x0a, 0x20, 0x20, 0x20, 0x20, 0x20, 0x20, 0x7d, 0x0a, 0x20, 0x20, 0x20, 0x20, 0x20, 0x20, 0x77, // .      }.      w
	0x6f, 0x72, 0x6b, 0x67, 0x72, 0x6f, 0x75, 0x70, 0x42, 0x61, 0x72, 0x72, 0x69, 0x65, 0x72, 0x28, // orkgroupBarrier(
	0x29, 0x3b, 0x0a, 0x20, 0x20, 0x20, 0x20, 0x20, 0x20, 0x76, 0x61, 0x72, 0x20, 0x76, 0x5f, 0x33, // );.      var v_3
	0x37, 0x20, 0x3a, 0x20, 0x76, 0x65, 0x63, 0x34, 0x3c, 0x66, 0x33, 0x32, 0x3e, 0x3b, 0x0a, 0x20, // 7 : vec4<f32>;. 
	0x20, 0x20, 0x20, 0x20, 0x20, 0x69, 0x66, 0x20, 0x28, 0x28, 0x28, 0x76, 0x5f, 0x31, 0x20, 0x26, //      if (((v_1 &
	0x20, 0x32, 0x37, 0x75, 0x29, 0x20, 0x3d, 0x3d, 0x20, 0x30, 0x75, 0x29, 0x29, 0x20, 0x7b, 0x0a, //  27u) == 0u)) {.
	0x20, 0x20, 0x20, 0x20, 0x20, 0x20, 0x20, 0x20, 0x6c, 0x65, 0x74, 0x20, 0x76, 0x5f, 0x33, 0x38, //         let v_38
	0x20, 0x3d, 0x20, 0x28, 0x76, 0x5f, 0x31, 0x20, 0x2b, 0x20, 0x32, 0x75, 0x29, 0x3b, 0x0a, 0x20, //  = (v_1 + 2u);. 
	0x20, 0x20, 0x20, 0x20, 0x20, 0x20, 0x20, 0x6c, 0x65, 0x74, 0x20, 0x76, 0x5f, 0x33, 0x39, 0x20, //        let v_39 
	0x3d, 0x20, 0x76, 0x65, 0x63, 0x34, 0x3c, 0x66, 0x33, 0x32, 0x3e, 0x28, 0x67, 0x73, 0x5f, 0x52, // = vec4<f32>(gs_R
	0x5b, 0x76, 0x5f, 0x33, 0x38, 0x5d, 0x2c, 0x20, 0x67, 0x73, 0x5f, 0x47, 0x5b, 0x76, 0x5f, 0x33, // [v_38], gs_G[v_3
	0x38, 0x5d, 0x2c, 0x20, 0x67, 0x73, 0x5f, 0x42, 0x5b, 0x76, 0x5f, 0x33, 0x38, 0x5d, 0x2c, 0x20, // 8], gs_B[v_38], 
	0x67, 0x73, 0x5f, 0x41, 0x5b, 0x76, 0x5f, 0x33, 0x38, 0x5d, 0x29, 0x3b, 0x0a, 0x20, 0x20, 0x20, // gs_A[v_38]);.   
	0x20, 0x20, 0x20, 0x20, 0x20, 0x6c, 0x65, 0x74, 0x20, 0x76, 0x5f, 0x34, 0x30, 0x20, 0x3d, 0x20, //      let v_40 = 
	0x28, 0x76, 0x5f, 0x31, 0x20, 0x2b, 0x20, 0x31, 0x36, 0x75, 0x29, 0x3b, 0x0a, 0x20, 0x20, 0x20, // (v_1 + 16u);.   
	0x20, 0x20, 0x20, 0x20, 0x20, 0x6c, 0x65, 0x74, 0x20, 0x76, 0x5f, 0x34, 0x31, 0x20, 0x3d, 0x20, //      let v_41 = 
	0x76, 0x65, 0x63, 0x34, 0x3c, 0x66, 0x33, 0x32, 0x3e, 0x28, 0x67, 0x73, 0x5f, 0x52, 0x5b, 0x76, // vec4<f32>(gs_R[v
	0x5f, 0x34, 0x30, 0x5d, 0x2c, 0x20, 0x67, 0x73, 0x5f, 0x47, 0x5b, 0x76, 0x5f, 0x34, 0x30, 0x5d, // _40], gs_G[v_40]
	0x2c, 0x20, 0x67, 0x73, 0x5f, 0x42, 0x5b, 0x76, 0x5f, 0x34, 0x30, 0x5d, 0x2c, 0x20, 0x67, 0x73, // , gs_B[v_40], gs
	0x5f, 0x41, 0x5b, 0x76, 0x5f, 0x34, 0x30, 0x5d, 0x29, 0x3b, 0x0a, 0x20, 0x20, 0x20, 0x20, 0x20, // _A[v_40]);.     
	0x20, 0x20, 0x20, 0x6c, 0x65, 0x74, 0x20, 0x76, 0x5f, 0x34, 0x32, 0x20, 0x3d, 0x20, 0x28, 0x76, //    let v_42 = (v
	0x5f, 0x31, 0x20, 0x2b, 0x20, 0x31, 0x38, 0x75, 0x29, 0x3b, 0x0a, 0x20, 0x20, 0x20, 0x20, 0x20, // _1 + 18u);.     
	0x20, 0x20, 0x20, 0x6c, 0x65, 0x74, 0x20, 0x76, 0x5f, 0x34, 0x33, 0x20, 0x3d, 0x20, 0x28, 0x28, //    let v_43 = ((
	0x28, 0x28, 0x76, 0x5f, 0x33, 0x36, 0x20, 0x2b, 0x20, 0x76, 0x5f, 0x33, 0x39, 0x29, 0x20, 0x2b, // ((v_36 + v_39) +
	0x20, 0x76, 0x5f, 0x34, 0x31, 0x29, 0x20, 0x2b, 0x20, 0x76, 0x65, 0x63, 0x34, 0x3c, 0x66, 0x33, //  v_41) + vec4<f3
	0x32, 0x3e, 0x28, 0x67, 0x73, 0x5f, 0x52, 0x5b, 0x76, 0x5f, 0x34, 0x32, 0x5d, 0x2c, 0x20, 0x67, // 2>(gs_R[v_42], g
	0x73, 0x5f, 0x47, 0x5b, 0x76, 0x5f, 0x34, 0x32, 0x5d, 0x2c, 0x20, 0x67, 0x73, 0x5f, 0x42, 0x5b, // s_G[v_42], gs_B[
	0x76, 0x5f, 0x34, 0x32, 0x5d, 0x2c, 0x20, 0x67, 0x73, 0x5f, 0x41, 0x5b, 0x76, 0x5f, 0x34, 0x32, // v_42], gs_A[v_42
	0x5d, 0x29, 0x29, 0x20, 0x2a, 0x20, 0x30, 0x2e, 0x32, 0x35, 0x66, 0x29, 0x3b, 0x0a, 0x20, 0x20, // ])) * 0.25f);.  
	0x20, 0x20, 0x20, 0x20, 0x20, 0x20, 0x6c, 0x65, 0x74, 0x20, 0x76, 0x5f, 0x34, 0x34, 0x20, 0x3d, //       let v_44 =
	0x20, 0x62, 0x69, 0x74, 0x63, 0x61, 0x73, 0x74, 0x3c, 0x76, 0x65, 0x63, 0x32, 0x3c, 0x69, 0x33, //  bitcast<vec2<i3
	0x32, 0x3e, 0x3e, 0x28, 0x28, 0x76, 0x5f, 0x37, 0x20, 0x2f, 0x20, 0x76, 0x65, 0x63, 0x32, 0x3c, // 2>>((v_7 / vec2<
	0x75, 0x33, 0x32, 0x3e, 0x28, 0x34, 0x75, 0x29, 0x29, 0x29, 0x3b, 0x0a, 0x20, 0x20, 0x20, 0x20, // u32>(4u)));.    
	0x20, 0x20, 0x20, 0x20, 0x6c, 0x65, 0x74, 0x20, 0x76, 0x5f, 0x34, 0x35, 0x20, 0x3d, 0x20, 0x76, //     let v_45 = v
	0x65, 0x63, 0x33, 0x3c, 0x69, 0x33, 0x32, 0x3e, 0x28, 0x76, 0x5f, 0x34, 0x34, 0x2e, 0x78, 0x2c, // ec3<i32>(v_44.x,
	0x20, 0x76, 0x5f, 0x34, 0x34, 0x2e, 0x79, 0x2c, 0x20, 0x76, 0x5f, 0x32, 0x31, 0x29, 0x3b, 0x0a, //  v_44.y, v_21);.
	0x20, 0x20, 0x20, 0x20, 0x20, 0x20, 0x20, 0x20, 0x74, 0x65, 0x78, 0x74, 0x75, 0x72, 0x65, 0x53, //         textureS
	0x74, 0x6f, 0x72, 0x65, 0x28, 0x73, 0x5f, 0x69, 0x6d, 0x67, 0x4d, 0x69, 0x70, 0x33, 0x2c, 0x20, // tore(s_imgMip3, 
	0x76, 0x5f, 0x34, 0x35, 0x2e, 0x78, 0x79, 0x2c, 0x20, 0x76, 0x5f, 0x34, 0x35, 0x2e, 0x7a, 0x2c, // v_45.xy, v_45.z,
	0x20, 0x76, 0x5f, 0x34, 0x33, 0x29, 0x3b, 0x0a, 0x20, 0x20, 0x20, 0x20, 0x20, 0x20, 0x20, 0x20, //  v_43);.        
	0x2a, 0x28, 0x76, 0x5f, 0x32, 0x33, 0x29, 0x20, 0x3d, 0x20, 0x76, 0x5f, 0x34, 0x33, 0x2e, 0x78, // *(v_23) = v_43.x
	0x3b, 0x0a, 0x20, 0x20, 0x20, 0x20, 0x20, 0x20, 0x20, 0x20, 0x2a, 0x28, 0x76, 0x5f, 0x32, 0x34, // ;.        *(v_24
	0x29, 0x20, 0x3d, 0x20, 0x76, 0x5f, 0x34, 0x33, 0x2e, 0x79, 0x3b, 0x0a, 0x20, 0x20, 0x20, 0x20, // ) = v_43.y;.    
	0x20, 0x20, 0x20, 0x20, 0x2a, 0x28, 0x76, 0x5f, 0x32, 0x35, 0x29, 0x20, 0x3d, 0x20, 0x76, 0x5f, //     *(v_25) = v_
	0x34, 0x33, 0x2e, 0x7a, 0x3b, 0x0a, 0x20, 0x20, 0x20, 0x20, 0x20, 0x20, 0x20, 0x20, 0x2a, 0x28, // 43.z;.        *(
	0x76, 0x5f, 0x32, 0x36, 0x29, 0x20, 0x3d, 0x20, 0x76, 0x5f, 0x34, 0x33, 0x2e, 0x77, 0x3b, 0x0a, // v_26) = v_43.w;.
	0x20, 0x20, 0x20, 0x20, 0x20, 0x20, 0x20, 0x20, 0x76, 0x5f, 0x33, 0x37, 0x20, 0x3d, 0x20, 0x76, //         v_37 = v
	0x5f, 0x34, 0x33, 0x3b, 0x0a, 0x20, 0x20, 0x20, 0x20, 0x20, 0x20, 0x7d, 0x20, 0x65, 0x6c, 0x73, // _43;.      } els
	0x65, 0x20, 0x7b, 0x0a, 0x20, 0x20, 0x20, 0x20, 0x20, 0x20, 0x20, 0x20, 0x76, 0x5f, 0x33, 0x37, // e {.        v_37
	0x20, 0x3d, 0x20, 0x76, 0x5f, 0x33, 0x36, 0x3b, 0x0a, 0x20, 0x20, 0x20, 0x20, 0x20, 0x20, 0x7d, //  = v_36;.      }
	0x0a, 0x20, 0x20, 0x20, 0x20, 0x20, 0x20, 0x6c, 0x65, 0x74, 0x20, 0x76, 0x5f, 0x34, 0x36, 0x20, // .      let v_46 
	0x3d, 0x20, 0x76, 0x5f, 0x33, 0x37, 0x3b, 0x0a, 0x20, 0x20, 0x20, 0x20, 0x20, 0x20, 0x69, 0x66, // = v_37;.      if
	0x20, 0x28, 0x28, 0x76, 0x5f, 0x34, 0x20, 0x3d, 0x3d, 0x20, 0x33, 0x75, 0x29, 0x29, 0x20, 0x7b, //  ((v_4 == 3u)) {
	0x0a, 0x20, 0x20, 0x20, 0x20, 0x20, 0x20, 0x20, 0x20, 0x62, 0x72, 0x65, 0x61, 0x6b, 0x3b, 0x0a, // .        break;.
	0x20, 0x20, 0x20, 0x20, 0x20, 0x20, 0x7d, 0x0a, 0x20, 0x20, 0x20, 0x20, 0x20, 0x20, 0x77, 0x6f, //       }.      wo
	0x72, 0x6b, 0x67, 0x72, 0x6f, 0x75, 0x70, 0x42, 0x61, 0x72, 0x72, 0x69, 0x65, 0x72, 0x28, 0x29, // rkgroupBarrier()
	0x3b, 0x0a, 0x20, 0x20, 0x20, 0x20, 0x20, 0x20, 0x69, 0x66, 0x20, 0x28, 0x28, 0x76, 0x5f, 0x31, // ;.      if ((v_1
	0x20, 0x3d, 0x3d, 0x20, 0x30, 0x75, 0x29, 0x29, 0x20, 0x7b, 0x0a, 0x20, 0x20, 0x20, 0x20, 0x20, //  == 0u)) {.     
	0x20, 0x20, 0x20, 0x6c, 0x65, 0x74, 0x20, 0x76, 0x5f, 0x34, 0x37, 0x20, 0x3d, 0x20, 0x28, 0x76, //    let v_47 = (v
	0x5f, 0x31, 0x20, 0x2b, 0x20, 0x34, 0x75, 0x29, 0x3b, 0x0a, 0x20, 0x20, 0x20, 0x20, 0x20, 0x20, // _1 + 4u);.      
	0x20, 0x20, 0x6c, 0x65, 0x74, 0x20, 0x76, 0x5f, 0x34, 0x38, 0x20, 0x3d, 0x20, 0x76, 0x65, 0x63, //   let v_48 = vec
	0x34, 0x3c, 0x66, 0x33, 0x32, 0x3e, 0x28, 0x67, 0x73, 0x5f, 0x52, 0x5b, 0x76, 0x5f, 0x34, 0x37, // 4<f32>(gs_R[v_47
	0x5d, 0x2c, 0x20, 0x67, 0x73, 0x5f, 0x47, 0x5b, 0x76, 0x5f, 0x34, 0x37, 0x5d, 0x2c, 0x20, 0x67, // ], gs_G[v_47], g
	0x73, 0x5f, 0x42, 0x5b, 0x76, 0x5f, 0x34, 0x37, 0x5d, 0x2c, 0x20, 0x67, 0x73, 0x5f, 0x41, 0x5b, // s_B[v_47], gs_A[
	0x76, 0x5f, 0x34, 0x37, 0x5d, 0x29, 0x3b, 0x0a, 0x20, 0x20, 0x20, 0x20, 0x20, 0x20, 0x20, 0x20, // v_47]);.        
	0x6c, 0x65, 0x74, 0x20, 0x76, 0x5f, 0x34, 0x39, 0x20, 0x3d, 0x20, 0x28, 0x76, 0x5f, 0x31, 0x20, // let v_49 = (v_1 
	0x2b, 0x20, 0x33, 0x32, 0x75, 0x29, 0x3b, 0x0a, 0x20, 0x20, 0x20, 0x20, 0x20, 0x20, 0x20, 0x20, // + 32u);.        
	0x6c, 0x65, 0x74, 0x20, 0x76, 0x5f, 0x35, 0x30, 0x20, 0x3d, 0x20, 0x76, 0x65, 0x63, 0x34, 0x3c, // let v_50 = vec4<
	0x66, 0x33, 0x32, 0x3e, 0x28, 0x67, 0x73, 0x5f, 0x52, 0x5b, 0x76, 0x5f, 0x34, 0x39, 0x5d, 0x2c, // f32>(gs_R[v_49],
	0x20, 0x67, 0x73, 0x5f, 0x47, 0x5b, 0x76, 0x5f, 0x34, 0x39, 0x5d, 0x2c, 0x20, 0x67, 0x73, 0x5f, //  gs_G[v_49], gs_
	0x42, 0x5b, 0x76, 0x5f, 0x34, 0x39, 0x5d, 0x2c, 0x20, 0x67, 0x73, 0x5f, 0x41, 0x5b, 0x76, 0x5f, // B[v_49], gs_A[v_
	0x34, 0x39, 0x5d, 0x29, 0x3b, 0x0a, 0x20, 0x20, 0x20, 0x20, 0x20, 0x20, 0x20, 0x20, 0x6c, 0x65, // 49]);.        le
	0x74, 0x20, 0x76, 0x5f, 0x35, 0x31, 0x20, 0x3d, 0x20, 0x28, 0x76, 0x5f, 0x31, 0x20, 0x2b, 0x20, // t v_51 = (v_1 + 
	0x33, 0x36, 0x75, 0x29, 0x3b, 0x0a, 0x20, 0x20, 0x20, 0x20, 0x20, 0x20, 0x20, 0x20, 0x6c, 0x65, // 36u);.        le
	0x74, 0x20, 0x76, 0x5f, 0x35, 0x32, 0x20, 0x3d, 0x20, 0x28, 0x28, 0x28, 0x28, 0x76, 0x5f, 0x34, // t v_52 = ((((v_4
	0x36, 0x20, 0x2b, 0x20, 0x76, 0x5f, 0x34, 0x38, 0x29, 0x20, 0x2b, 0x20, 0x76, 0x5f, 0x35, 0x30, // 6 + v_48) + v_50
	0x29, 0x20, 0x2b, 0x20, 0x76, 0x65, 0x63, 0x34, 0x3c, 0x66, 0x33, 0x32, 0x3e, 0x28, 0x67, 0x73, // ) + vec4<f32>(gs
	0x5f, 0x52, 0x5b, 0x76, 0x5f, 0x35, 0x31, 0x5d, 0x2c, 0x20, 0x67, 0x73, 0x5f, 0x47, 0x5b, 0x76, // _R[v_51], gs_G[v
	0x5f, 0x35, 0x31, 0x5d, 0x2c, 0x20, 0x67, 0x73, 0x5f, 0x42, 0x5b, 0x76, 0x5f, 0x35, 0x31, 0x5d, // _51], gs_B[v_51]
	0x2c, 0x20, 0x67, 0x73, 0x5f, 0x41, 0x5b, 0x76, 0x5f, 0x35, 0x31, 0x5d, 0x29, 0x29, 0x20, 0x2a, // , gs_A[v_51])) *
	0x20, 0x30, 0x2e, 0x32, 0x35, 0x66, 0x29, 0x3b, 0x0a, 0x20, 0x20, 0x20, 0x20, 0x20, 0x20, 0x20, //  0.25f);.       
	0x20, 0x6c, 0x65, 0x74, 0x20, 0x76, 0x5f, 0x35, 0x33, 0x20, 0x3d, 0x20, 0x62, 0x69, 0x74, 0x63, //  let v_53 = bitc
	0x61, 0x73, 0x74, 0x3c, 0x76, 0x65, 0x63, 0x32, 0x3c, 0x69, 0x33, 0x32, 0x3e, 0x3e, 0x28, 0x28, // ast<vec2<i32>>((
	0x76, 0x5f, 0x37, 0x20, 0x2f, 0x20, 0x76, 0x65, 0x63, 0x32, 0x3c, 0x75, 0x33, 0x32, 0x3e, 0x28, // v_7 / vec2<u32>(
	0x38, 0x75, 0x29, 0x29, 0x29, 0x3b, 0x0a, 0x20, 0x20, 0x20, 0x20, 0x20, 0x20, 0x20, 0x20, 0x6c, // 8u)));.        l
	0x65, 0x74, 0x20, 0x76, 0x5f, 0x35, 0x34, 0x20, 0x3d, 0x20, 0x76, 0x65, 0x63, 0x33, 0x3c, 0x69, // et v_54 = vec3<i
	0x33, 0x32, 0x3e, 0x28, 0x76, 0x5f, 0x35, 0x33, 0x2e, 0x78, 0x2c, 0x20, 0x76, 0x5f, 0x35, 0x33, // 32>(v_53.x, v_53
	0x2e, 0x79, 0x2c, 0x20, 0x76, 0x5f, 0x32, 0x31, 0x29, 0x3b, 0x0a, 0x20, 0x20, 0x20, 0x20, 0x20, // .y, v_21);.     
	0x20, 0x20, 0x20, 0x74, 0x65, 0x78, 0x74, 0x75, 0x72, 0x65, 0x53, 0x74, 0x6f, 0x72, 0x65, 0x28, //    textureStore(
	0x73, 0x5f, 0x69, 0x6d, 0x67, 0x4d, 0x69, 0x70, 0x34, 0x2c, 0x20, 0x76, 0x5f, 0x35, 0x34, 0x2e, // s_imgMip4, v_54.
	0x78, 0x79, 0x2c, 0x20, 0x76, 0x5f, 0x35, 0x34, 0x2e, 0x7a, 0x2c, 0x20, 0x76, 0x5f, 0x35, 0x32, // xy, v_54.z, v_52
	0x29, 0x3b, 0x0a, 0x20, 0x20, 0x20, 0x20, 0x20, 0x20, 0x7d, 0x0a, 0x20, 0x20, 0x20, 0x20, 0x7d, // );.      }.    }
	0x0a, 0x20, 0x20, 0x7d, 0x0a, 0x7d, 0x0a, 0x00, 0x00, 0x10, 0x00, 0x10, 0x00,                   // .  }.}.......
};
static const uint8_t cs_mipgen_oddxy_dxbc[3753] =
{
	0x43, 0x53, 0x48, 0x0b, 0x00, 0x00, 0x00, 0x00, 0x00, 0x00, 0x00, 0x00, 0x02, 0x00, 0x0b, 0x62, // CSH............b
	0x67, 0x66, 0x78, 0x5f, 0x6d, 0x69, 0x70, 0x47, 0x65, 0x6e, 0x02, 0x00, 0x00, 0x00, 0x01, 0x00, // gfx_mipGen......
	0x00, 0x00, 0x00, 0x00, 0x0e, 0x62, 0x67, 0x66, 0x78, 0x5f, 0x74, 0x65, 0x78, 0x4d, 0x69, 0x70, // .....bgfx_texMip
	0x53, 0x72, 0x63, 0x20, 0x01, 0x04, 0x00, 0x01, 0x00, 0x00, 0x00, 0x00, 0x00, 0x64, 0x0e, 0x00, // Src .........d..
	0x00, 0x44, 0x58, 0x42, 0x43, 0xef, 0xab, 0x64, 0x03, 0xf4, 0x38, 0x82, 0x9d, 0xc3, 0x18, 0xfd, // .DXBC..d..8.....
	0xa3, 0xc7, 0xf8, 0xd5, 0xdd, 0x01, 0x00, 0x00, 0x00, 0x64, 0x0e, 0x00, 0x00, 0x03, 0x00, 0x00, // .........d......
	0x00, 0x2c, 0x00, 0x00, 0x00, 0x3c, 0x00, 0x00, 0x00, 0x4c, 0x00, 0x00, 0x00, 0x49, 0x53, 0x47, // .,...<...L...ISG
	0x4e, 0x08, 0x00, 0x00, 0x00, 0x00, 0x00, 0x00, 0x00, 0x08, 0x00, 0x00, 0x00, 0x4f, 0x53, 0x47, // N............OSG
	0x4e, 0x08, 0x00, 0x00, 0x00, 0x00, 0x00, 0x00, 0x00, 0x08, 0x00, 0x00, 0x00, 0x53, 0x48, 0x45, // N............SHE
	0x58, 0x10, 0x0e, 0x00, 0x00, 0x50, 0x00, 0x05, 0x00, 0x84, 0x03, 0x00, 0x00, 0x6a, 0x08, 0x00, // X....P.......j..
	0x01, 0x59, 0x00, 0x00, 0x04, 0x46, 0x8e, 0x20, 0x00, 0x00, 0x00, 0x00, 0x00, 0x01, 0x00, 0x00, // .Y...F. ........
	0x00, 0x5a, 0x00, 0x00, 0x03, 0x00, 0x60, 0x10, 0x00, 0x04, 0x00, 0x00, 0x00, 0x58, 0x40, 0x00, // .Z....`......X@.
	0x04, 0x00, 0x70, 0x10, 0x00, 0x04, 0x00, 0x00, 0x00, 0x55, 0x55, 0x00, 0x00, 0x9c, 0x40, 0x00, // ..p......UU...@.
	0x04, 0x00, 0xe0, 0x11, 0x00, 0x00, 0x00, 0x00, 0x00, 0x11, 0x11, 0x00, 0x00, 0x9c, 0x40, 0x00, // ..............@.
	0x04, 0x00, 0xe0, 0x11, 0x00, 0x01, 0x00, 0x00, 0x00, 0x11, 0x11, 0x00, 0x00, 0x9c, 0x40, 0x00, // ..............@.
	0x04, 0x00, 0xe0, 0x11, 0x00, 0x02, 0x00, 0x00, 0x00, 0x11, 0x11, 0x00, 0x00, 0x9c, 0x40, 0x00, // ..............@.
	0x04, 0x00, 0xe0, 0x11, 0x00, 0x03, 0x00, 0x00, 0x00, 0x11, 0x11, 0x00, 0x00, 0x5f, 0x00, 0x00, // ............._..
	0x02, 0x00, 0x40, 0x02, 0x00, 0x5f, 0x00, 0x00, 0x02, 0x72, 0x00, 0x02, 0x00, 0x68, 0x00, 0x00, // ..@.._...r...h..
	0x02, 0x06, 0x00, 0x00, 0x00, 0xa0, 0x00, 0x00, 0x05, 0x00, 0xf0, 0x11, 0x00, 0x00, 0x00, 0x00, // ................
	0x00, 0x04, 0x00, 0x00, 0x00, 0x40, 0x00, 0x00, 0x00, 0xa0, 0x00, 0x00, 0x05, 0x00, 0xf0, 0x11, // .....@..........
	0x00, 0x01, 0x00, 0x00, 0x00, 0x04, 0x00, 0x00, 0x00, 0x40, 0x00, 0x00, 0x00, 0xa0, 0x00, 0x00, // .........@......
	0x05, 0x00, 0xf0, 0x11, 0x00, 0x02, 0x00, 0x00, 0x00, 0x04, 0x00, 0x00, 0x00, 0x40, 0x00, 0x00, // .............@..
	0x00, 0xa0, 0x00, 0x00, 0x05, 0x00, 0xf0, 0x11, 0x00, 0x03, 0x00, 0x00, 0x00, 0x04, 0x00, 0x00, // ................
	0x00, 0x40, 0x00, 0x00, 0x00, 0x9b, 0x00, 0x00, 0x04, 0x08, 0x00, 0x00, 0x00, 0x08, 0x00, 0x00, // .@..............
	0x00, 0x01, 0x00, 0x00, 0x00, 0x1c, 0x00, 0x00, 0x06, 0x32, 0x00, 0x10, 0x00, 0x00, 0x00, 0x00, // .........2......
	0x00, 0x46, 0x80, 0x20, 0x00, 0x00, 0x00, 0x00, 0x00, 0x00, 0x00, 0x00, 0x00, 0x56, 0x00, 0x00, // .F. .........V..
	0x04, 0x72, 0x00, 0x10, 0x00, 0x01, 0x00, 0x00, 0x00, 0x46, 0x02, 0x02, 0x00, 0x00, 0x00, 0x00, // .r.......F......
	0x0a, 0xc2, 0x00, 0x10, 0x00, 0x00, 0x00, 0x00, 0x00, 0x06, 0x04, 0x10, 0x00, 0x01, 0x00, 0x00, // ................
	0x00, 0x02, 0x40, 0x00, 0x00, 0x00, 0x00, 0x00, 0x00, 0x00, 0x00, 0x00, 0x00, 0x00, 0x00, 0x80, // ..@.............
	0x3e, 0x00, 0x00, 0x80, 0x3e, 0x38, 0x00, 0x00, 0x08, 0x32, 0x00, 0x10, 0x00, 0x01, 0x00, 0x00, // >...>8...2......
	0x00, 0xe6, 0x0a, 0x10, 0x00, 0x00, 0x00, 0x00, 0x00, 0xe6, 0x8a, 0x20, 0x00, 0x00, 0x00, 0x00, // ........... ....
	0x00, 0x00, 0x00, 0x00, 0x00, 0x56, 0x00, 0x00, 0x05, 0x12, 0x00, 0x10, 0x00, 0x00, 0x00, 0x00, // .....V..........
	0x00, 0x0a, 0x00, 0x10, 0x00, 0x00, 0x00, 0x00, 0x00, 0x48, 0x00, 0x00, 0x8d, 0x02, 0x02, 0x00, // .........H......
	0x80, 0x43, 0x55, 0x15, 0x00, 0xf2, 0x00, 0x10, 0x00, 0x02, 0x00, 0x00, 0x00, 0x46, 0x02, 0x10, // .CU..........F..
	0x00, 0x01, 0x00, 0x00, 0x00, 0x46, 0x7e, 0x10, 0x00, 0x04, 0x00, 0x00, 0x00, 0x00, 0x60, 0x10, // .....F~.......`.
	0x00, 0x04, 0x00, 0x00, 0x00, 0x0a, 0x00, 0x10, 0x00, 0x00, 0x00, 0x00, 0x00, 0x38, 0x00, 0x00, // .............8..
	0x0b, 0x72, 0x00, 0x10, 0x00, 0x03, 0x00, 0x00, 0x00, 0xe6, 0x8a, 0x20, 0x00, 0x00, 0x00, 0x00, // .r......... ....
	0x00, 0x00, 0x00, 0x00, 0x00, 0x02, 0x40, 0x00, 0x00, 0x00, 0x00, 0x00, 0x3f, 0x00, 0x00, 0x00, // ......@.....?...
	0x3f, 0x00, 0x00, 0x00, 0x3f, 0x00, 0x00, 0x00, 0x00, 0x36, 0x00, 0x00, 0x05, 0x82, 0x00, 0x10, // ?...?....6......
	0x00, 0x03, 0x00, 0x00, 0x00, 0x01, 0x40, 0x00, 0x00, 0x00, 0x00, 0x00, 0x00, 0x32, 0x00, 0x00, // ......@......2..
	0x0a, 0x32, 0x00, 0x10, 0x00, 0x01, 0x00, 0x00, 0x00, 0xe6, 0x8a, 0x20, 0x00, 0x00, 0x00, 0x00, // .2......... ....
	0x00, 0x00, 0x00, 0x00, 0x00, 0xe6, 0x0a, 0x10, 0x00, 0x00, 0x00, 0x00, 0x00, 0xe6, 0x0a, 0x10, // ................
	0x00, 0x03, 0x00, 0x00, 0x00, 0x48, 0x00, 0x00, 0x8d, 0x02, 0x02, 0x00, 0x80, 0x43, 0x55, 0x15, // .....H.......CU.
	0x00, 0xf2, 0x00, 0x10, 0x00, 0x04, 0x00, 0x00, 0x00, 0x46, 0x02, 0x10, 0x00, 0x01, 0x00, 0x00, // .........F......
	0x00, 0x46, 0x7e, 0x10, 0x00, 0x04, 0x00, 0x00, 0x00, 0x00, 0x60, 0x10, 0x00, 0x04, 0x00, 0x00, // .F~.......`.....
	0x00, 0x0a, 0x00, 0x10, 0x00, 0x00, 0x00, 0x00, 0x00, 0x00, 0x00, 0x00, 0x07, 0xf2, 0x00, 0x10, // ................
	0x00, 0x02, 0x00, 0x00, 0x00, 0x46, 0x0e, 0x10, 0x00, 0x02, 0x00, 0x00, 0x00, 0x46, 0x0e, 0x10, // .....F.......F..
	0x00, 0x04, 0x00, 0x00, 0x00, 0x36, 0x00, 0x00, 0x05, 0x12, 0x00, 0x10, 0x00, 0x04, 0x00, 0x00, // .....6..........
	0x00, 0x01, 0x40, 0x00, 0x00, 0x00, 0x00, 0x00, 0x00, 0x38, 0x00, 0x00, 0x08, 0x22, 0x00, 0x10, // ..@......8..."..
	0x00, 0x04, 0x00, 0x00, 0x00, 0x3a, 0x80, 0x20, 0x00, 0x00, 0x00, 0x00, 0x00, 0x00, 0x00, 0x00, // .....:. ........
	0x00, 0x01, 0x40, 0x00, 0x00, 0x00, 0x00, 0x00, 0x3f, 0x32, 0x00, 0x00, 0x0a, 0x32, 0x00, 0x10, // ..@.....?2...2..
	0x00, 0x01, 0x00, 0x00, 0x00, 0xe6, 0x8a, 0x20, 0x00, 0x00, 0x00, 0x00, 0x00, 0x00, 0x00, 0x00, // ....... ........
	0x00, 0xe6, 0x0a, 0x10, 0x00, 0x00, 0x00, 0x00, 0x00, 0x46, 0x00, 0x10, 0x00, 0x04, 0x00, 0x00, // .........F......
	0x00, 0x48, 0x00, 0x00, 0x8d, 0x02, 0x02, 0x00, 0x80, 0x43, 0x55, 0x15, 0x00, 0xf2, 0x00, 0x10, // .H.......CU.....
	0x00, 0x04, 0x00, 0x00, 0x00, 0x46, 0x02, 0x10, 0x00, 0x01, 0x00, 0x00, 0x00, 0x46, 0x7e, 0x10, // .....F.......F~.
	0x00, 0x04, 0x00, 0x00, 0x00, 0x00, 0x60, 0x10, 0x00, 0x04, 0x00, 0x00, 0x00, 0x0a, 0x00, 0x10, // ......`.........
	0x00, 0x00, 0x00, 0x00, 0x00, 0x00, 0x00, 0x00, 0x07, 0xf2, 0x00, 0x10, 0x00, 0x02, 0x00, 0x00, // ................
	0x00, 0x46, 0x0e, 0x10, 0x00, 0x02, 0x00, 0x00, 0x00, 0x46, 0x0e, 0x10, 0x00, 0x04, 0x00, 0x00, // .F.......F......
	0x00, 0x32, 0x00, 0x00, 0x0a, 0x32, 0x00, 0x10, 0x00, 0x01, 0x00, 0x00, 0x00, 0xe6, 0x8a, 0x20, // .2...2......... 
	0x00, 0x00, 0x00, 0x00, 0x00, 0x00, 0x00, 0x00, 0x00, 0xe6, 0x0a, 0x10, 0x00, 0x00, 0x00, 0x00, // ................
	0x00, 0x46, 0x00, 0x10, 0x00, 0x03, 0x00, 0x00, 0x00, 0x48, 0x00, 0x00, 0x8d, 0x02, 0x02, 0x00, // .F.......H......
	0x80, 0x43, 0x55, 0x15, 0x00, 0xf2, 0x00, 0x10, 0x00, 0x01, 0x00, 0x00, 0x00, 0x46, 0x02, 0x10, // .CU..........F..
	0x00, 0x01, 0x00, 0x00, 0x00, 0x46, 0x7e, 0x10, 0x00, 0x04, 0x00, 0x00, 0x00, 0x00, 0x60, 0x10, // .....F~.......`.
	0x00, 0x04, 0x00, 0x00, 0x00, 0x0a, 0x00, 0x10, 0x00, 0x00, 0x00, 0x00, 0x00, 0x00, 0x00, 0x00, // ................
	0x07, 0xf2, 0x00, 0x10, 0x00, 0x01, 0x00, 0x00, 0x00, 0x46, 0x0e, 0x10, 0x00, 0x01, 0x00, 0x00, // .........F......
	0x00, 0x46, 0x0e, 0x10, 0x00, 0x02, 0x00, 0x00, 0x00, 0x38, 0x00, 0x00, 0x0a, 0xf2, 0x00, 0x10, // .F.......8......
	0x00, 0x02, 0x00, 0x00, 0x00, 0x46, 0x0e, 0x10, 0x00, 0x01, 0x00, 0x00, 0x00, 0x02, 0x40, 0x00, // .....F........@.
	0x00, 0x00, 0x00, 0x80, 0x3e, 0x00, 0x00, 0x80, 0x3e, 0x00, 0x00, 0x80, 0x3e, 0x00, 0x00, 0x80, // ....>...>...>...
	0x3e, 0xa4, 0x00, 0x00, 0x06, 0xf2, 0xe0, 0x11, 0x00, 0x00, 0x00, 0x00, 0x00, 0x46, 0x0a, 0x02, // >............F..
	0x00, 0x46, 0x0e, 0x10, 0x00, 0x02, 0x00, 0x00, 0x00, 0x20, 0x00, 0x00, 0x07, 0x12, 0x00, 0x10, // .F....... ......
	0x00, 0x00, 0x00, 0x00, 0x00, 0x1a, 0x00, 0x10, 0x00, 0x00, 0x00, 0x00, 0x00, 0x01, 0x40, 0x00, // ..............@.
	0x00, 0x01, 0x00, 0x00, 0x00, 0x1f, 0x00, 0x04, 0x03, 0x0a, 0x00, 0x10, 0x00, 0x00, 0x00, 0x00, // ................
	0x00, 0x3e, 0x00, 0x00, 0x01, 0x15, 0x00, 0x00, 0x01, 0xa8, 0x00, 0x00, 0x08, 0x12, 0xf0, 0x11, // .>..............
	0x00, 0x00, 0x00, 0x00, 0x00, 0x0a, 0x40, 0x02, 0x00, 0x01, 0x40, 0x00, 0x00, 0x00, 0x00, 0x00, // ......@...@.....
	0x00, 0x0a, 0x00, 0x10, 0x00, 0x02, 0x00, 0x00, 0x00, 0xa8, 0x00, 0x00, 0x08, 0x12, 0xf0, 0x11, // ................
	0x00, 0x01, 0x00, 0x00, 0x00, 0x0a, 0x40, 0x02, 0x00, 0x01, 0x40, 0x00, 0x00, 0x00, 0x00, 0x00, // ......@...@.....
	0x00, 0x1a, 0x00, 0x10, 0x00, 0x02, 0x00, 0x00, 0x00, 0xa8, 0x00, 0x00, 0x08, 0x12, 0xf0, 0x11, // ................
	0x00, 0x02, 0x00, 0x00, 0x00, 0x0a, 0x40, 0x02, 0x00, 0x01, 0x40, 0x00, 0x00, 0x00, 0x00, 0x00, // ......@...@.....
	0x00, 0x2a, 0x00, 0x10, 0x00, 0x02, 0x00, 0x00, 0x00, 0xa8, 0x00, 0x00, 0x08, 0x12, 0xf0, 0x11, // .*..............
	0x00, 0x03, 0x00, 0x00, 0x00, 0x0a, 0x40, 0x02, 0x00, 0x01, 0x40, 0x00, 0x00, 0x00, 0x00, 0x00, // ......@...@.....
	0x00, 0x3a, 0x00, 0x10, 0x00, 0x02, 0x00, 0x00, 0x00, 0xbe, 0x18, 0x00, 0x01, 0x01, 0x00, 0x00, // .:..............
	0x06, 0x12, 0x00, 0x10, 0x00, 0x00, 0x00, 0x00, 0x00, 0x0a, 0x40, 0x02, 0x00, 0x01, 0x40, 0x00, // ..........@...@.
	0x00, 0x09, 0x00, 0x00, 0x00, 0x1f, 0x00, 0x00, 0x03, 0x0a, 0x00, 0x10, 0x00, 0x00, 0x00, 0x00, // ................
	0x00, 0x1e, 0x00, 0x00, 0x09, 0xd2, 0x00, 0x10, 0x00, 0x00, 0x00, 0x00, 0x00, 0x06, 0x40, 0x02, // ..............@.
	0x00, 0x02, 0x40, 0x00, 0x00, 0x01, 0x00, 0x00, 0x00, 0x00, 0x00, 0x00, 0x00, 0x08, 0x00, 0x00, // ..@.............
	0x00, 0x09, 0x00, 0x00, 0x00, 0xa7, 0x00, 0x00, 0x09, 0x12, 0x00, 0x10, 0x00, 0x03, 0x00, 0x00, // ................
	0x00, 0x0a, 0x00, 0x10, 0x00, 0x00, 0x00, 0x00, 0x00, 0x01, 0x40, 0x00, 0x00, 0x00, 0x00, 0x00, // ..........@.....
	0x00, 0x06, 0xf0, 0x11, 0x00, 0x00, 0x00, 0x00, 0x00, 0xa7, 0x00, 0x00, 0x09, 0x22, 0x00, 0x10, // ............."..
	0x00, 0x03, 0x00, 0x00, 0x00, 0x0a, 0x00, 0x10, 0x00, 0x00, 0x00, 0x00, 0x00, 0x01, 0x40, 0x00, // ..............@.
	0x00, 0x00, 0x00, 0x00, 0x00, 0x06, 0xf0, 0x11, 0x00, 0x01, 0x00, 0x00, 0x00, 0xa7, 0x00, 0x00, // ................
	0x09, 0x42, 0x00, 0x10, 0x00, 0x03, 0x00, 0x00, 0x00, 0x0a, 0x00, 0x10, 0x00, 0x00, 0x00, 0x00, // .B..............
	0x00, 0x01, 0x40, 0x00, 0x00, 0x00, 0x00, 0x00, 0x00, 0x06, 0xf0, 0x11, 0x00, 0x02, 0x00, 0x00, // ..@.............
	0x00, 0xa7, 0x00, 0x00, 0x09, 0x82, 0x00, 0x10, 0x00, 0x03, 0x00, 0x00, 0x00, 0x0a, 0x00, 0x10, // ................
	0x00, 0x00, 0x00, 0x00, 0x00, 0x01, 0x40, 0x00, 0x00, 0x00, 0x00, 0x00, 0x00, 0x06, 0xf0, 0x11, // ......@.........
	0x00, 0x03, 0x00, 0x00, 0x00, 0xa7, 0x00, 0x00, 0x09, 0x12, 0x00, 0x10, 0x00, 0x04, 0x00, 0x00, // ................
	0x00, 0x2a, 0x00, 0x10, 0x00, 0x00, 0x00, 0x00, 0x00, 0x01, 0x40, 0x00, 0x00, 0x00, 0x00, 0x00, // .*........@.....
	0x00, 0x06, 0xf0, 0x11, 0x00, 0x00, 0x00, 0x00, 0x00, 0xa7, 0x00, 0x00, 0x09, 0x22, 0x00, 0x10, // ............."..
	0x00, 0x04, 0x00, 0x00, 0x00, 0x2a, 0x00, 0x10, 0x00, 0x00, 0x00, 0x00, 0x00, 0x01, 0x40, 0x00, // .....*........@.
	0x00, 0x00, 0x00, 0x00, 0x00, 0x06, 0xf0, 0x11, 0x00, 0x01, 0x00, 0x00, 0x00, 0xa7, 0x00, 0x00, // ................
	0x09, 0x42, 0x00, 0x10, 0x00, 0x04, 0x00, 0x00, 0x00, 0x2a, 0x00, 0x10, 0x00, 0x00, 0x00, 0x00, // .B.......*......
	0x00, 0x01, 0x40, 0x00, 0x00, 0x00, 0x00, 0x00, 0x00, 0x06, 0xf0, 0x11, 0x00, 0x02, 0x00, 0x00, // ..@.............
	0x00, 0xa7, 0x00, 0x00, 0x09, 0x82, 0x00, 0x10, 0x00, 0x04, 0x00, 0x00, 0x00, 0x2a, 0x00, 0x10, // .............*..
	0x00, 0x00, 0x00, 0x00, 0x00, 0x01, 0x40, 0x00, 0x00, 0x00, 0x00, 0x00, 0x00, 0x06, 0xf0, 0x11, // ......@.........
	0x00, 0x03, 0x00, 0x00, 0x00, 0xa7, 0x00, 0x00, 0x09, 0x12, 0x00, 0x10, 0x00, 0x05, 0x00, 0x00, // ................
	0x00, 0x3a, 0x00, 0x10, 0x00, 0x00, 0x00, 0x00, 0x00, 0x01, 0x40, 0x00, 0x00, 0x00, 0x00, 0x00, // .:........@.....
	0x00, 0x06, 0xf0, 0x11, 0x00, 0x00, 0x00, 0x00, 0x00, 0xa7, 0x00, 0x00, 0x09, 0x22, 0x00, 0x10, // ............."..
	0x00, 0x05, 0x00, 0x00, 0x00, 0x3a, 0x00, 0x10, 0x00, 0x00, 0x00, 0x00, 0x00, 0x01, 0x40, 0x00, // .....:........@.
	0x00, 0x00, 0x00, 0x00, 0x00, 0x06, 0xf0, 0x11, 0x00, 0x01, 0x00, 0x00, 0x00, 0xa7, 0x00, 0x00, // ................
	0x09, 0x42, 0x00, 0x10, 0x00, 0x05, 0x00, 0x00, 0x00, 0x3a, 0x00, 0x10, 0x00, 0x00, 0x00, 0x00, // .B.......:......
	0x00, 0x01, 0x40, 0x00, 0x00, 0x00, 0x00, 0x00, 0x00, 0x06, 0xf0, 0x11, 0x00, 0x02, 0x00, 0x00, // ..@.............
	0x00, 0xa7, 0x00, 0x00, 0x09, 0x82, 0x00, 0x10, 0x00, 0x05, 0x00, 0x00, 0x00, 0x3a, 0x00, 0x10, // .............:..
	0x00, 0x00, 0x00, 0x00, 0x00, 0x01, 0x40, 0x00, 0x00, 0x00, 0x00, 0x00, 0x00, 0x06, 0xf0, 0x11, // ......@.........
	0x00, 0x03, 0x00, 0x00, 0x00, 0x32, 0x00, 0x00, 0x0c, 0xf2, 0x00, 0x10, 0x00, 0x01, 0x00, 0x00, // .....2..........
	0x00, 0x46, 0x0e, 0x10, 0x00, 0x01, 0x00, 0x00, 0x00, 0x02, 0x40, 0x00, 0x00, 0x00, 0x00, 0x80, // .F........@.....
	0x3e, 0x00, 0x00, 0x80, 0x3e, 0x00, 0x00, 0x80, 0x3e, 0x00, 0x00, 0x80, 0x3e, 0x46, 0x0e, 0x10, // >...>...>...>F..
	0x00, 0x03, 0x00, 0x00, 0x00, 0x00, 0x00, 0x00, 0x07, 0xf2, 0x00, 0x10, 0x00, 0x01, 0x00, 0x00, // ................
	0x00, 0x46, 0x0e, 0x10, 0x00, 0x04, 0x00, 0x00, 0x00, 0x46, 0x0e, 0x10, 0x00, 0x01, 0x00, 0x00, // .F.......F......
	0x00, 0x00, 0x00, 0x00, 0x07, 0xf2, 0x00, 0x10, 0x00, 0x01, 0x00, 0x00, 0x00, 0x46, 0x0e, 0x10, // .............F..
	0x00, 0x05, 0x00, 0x00, 0x00, 0x46, 0x0e, 0x10, 0x00, 0x01, 0x00, 0x00, 0x00, 0x38, 0x00, 0x00, // .....F.......8..
	0x0a, 0xf2, 0x00, 0x10, 0x00, 0x02, 0x00, 0x00, 0x00, 0x46, 0x0e, 0x10, 0x00, 0x01, 0x00, 0x00, // .........F......
	0x00, 0x02, 0x40, 0x00, 0x00, 0x00, 0x00, 0x80, 0x3e, 0x00, 0x00, 0x80, 0x3e, 0x00, 0x00, 0x80, // ..@.....>...>...
	0x3e, 0x00, 0x00, 0x80, 0x3e, 0x55, 0x00, 0x00, 0x09, 0x32, 0x00, 0x10, 0x00, 0x01, 0x00, 0x00, // >...>U...2......
	0x00, 0x46, 0x00, 0x02, 0x00, 0x02, 0x40, 0x00, 0x00, 0x01, 0x00, 0x00, 0x00, 0x01, 0x00, 0x00, // .F....@.........
	0x00, 0x00, 0x00, 0x00, 0x00, 0x00, 0x00, 0x00, 0x00, 0x36, 0x00, 0x00, 0x04, 0xc2, 0x00, 0x10, // .........6......
	0x00, 0x01, 0x00, 0x00, 0x00, 0xa6, 0x0a, 0x02, 0x00, 0xa4, 0x00, 0x00, 0x07, 0xf2, 0xe0, 0x11, // ................
	0x00, 0x01, 0x00, 0x00, 0x00, 0x46, 0x0e, 0x10, 0x00, 0x01, 0x00, 0x00, 0x00, 0x46, 0x0e, 0x10, // .....F.......F..
	0x00, 0x02, 0x00, 0x00, 0x00, 0xa8, 0x00, 0x00, 0x08, 0x12, 0xf0, 0x11, 0x00, 0x00, 0x00, 0x00, // ................
	0x00, 0x0a, 0x40, 0x02, 0x00, 0x01, 0x40, 0x00, 0x00, 0x00, 0x00, 0x00, 0x00, 0x0a, 0x00, 0x10, // ..@...@.........
	0x00, 0x02, 0x00, 0x00, 0x00, 0xa8, 0x00, 0x00, 0x08, 0x12, 0xf0, 0x11, 0x00, 0x01, 0x00, 0x00, // ................
	0x00, 0x0a, 0x40, 0x02, 0x00, 0x01, 0x40, 0x00, 0x00, 0x00, 0x00, 0x00, 0x00, 0x1a, 0x00, 0x10, // ..@...@.........
	0x00, 0x02, 0x00, 0x00, 0x00, 0xa8, 0x00, 0x00, 0x08, 0x12, 0xf0, 0x11, 0x00, 0x02, 0x00, 0x00, // ................
	0x00, 0x0a, 0x40, 0x02, 0x00, 0x01, 0x40, 0x00, 0x00, 0x00, 0x00, 0x00, 0x00, 0x2a, 0x00, 0x10, // ..@...@......*..
	0x00, 0x02, 0x00, 0x00, 0x00, 0xa8, 0x00, 0x00, 0x08, 0x12, 0xf0, 0x11, 0x00, 0x03, 0x00, 0x00, // ................
	0x00, 0x0a, 0x40, 0x02, 0x00, 0x01, 0x40, 0x00, 0x00, 0x00, 0x00, 0x00, 0x00, 0x3a, 0x00, 0x10, // ..@...@......:..
	0x00, 0x02, 0x00, 0x00, 0x00, 0x15, 0x00, 0x00, 0x01, 0x20, 0x00, 0x00, 0x07, 0x12, 0x00, 0x10, // ......... ......
	0x00, 0x00, 0x00, 0x00, 0x00, 0x1a, 0x00, 0x10, 0x00, 0x00, 0x00, 0x00, 0x00, 0x01, 0x40, 0x00, // ..............@.
	0x00, 0x02, 0x00, 0x00, 0x00, 0x1f, 0x00, 0x04, 0x03, 0x0a, 0x00, 0x10, 0x00, 0x00, 0x00, 0x00, // ................
	0x00, 0x3e, 0x00, 0x00, 0x01, 0x15, 0x00, 0x00, 0x01, 0xbe, 0x18, 0x00, 0x01, 0x01, 0x00, 0x00, // .>..............
	0x06, 0x12, 0x00, 0x10, 0x00, 0x00, 0x00, 0x00, 0x00, 0x0a, 0x40, 0x02, 0x00, 0x01, 0x40, 0x00, // ..........@...@.
	0x00, 0x1b, 0x00, 0x00, 0x00, 0x1f, 0x00, 0x00, 0x03, 0x0a, 0x00, 0x10, 0x00, 0x00, 0x00, 0x00, // ................
	0x00, 0x1e, 0x00, 0x00, 0x09, 0xd2, 0x00, 0x10, 0x00, 0x00, 0x00, 0x00, 0x00, 0x06, 0x40, 0x02, // ..............@.
	0x00, 0x02, 0x40, 0x00, 0x00, 0x02, 0x00, 0x00, 0x00, 0x00, 0x00, 0x00, 0x00, 0x10, 0x00, 0x00, // ..@.............
	0x00, 0x12, 0x00, 0x00, 0x00, 0xa7, 0x00, 0x00, 0x09, 0x12, 0x00, 0x10, 0x00, 0x01, 0x00, 0x00, // ................
	0x00, 0x0a, 0x00, 0x10, 0x00, 0x00, 0x00, 0x00, 0x00, 0x01, 0x40, 0x00, 0x00, 0x00, 0x00, 0x00, // ..........@.....
	0x00, 0x06, 0xf0, 0x11, 0x00, 0x00, 0x00, 0x00, 0x00, 0xa7, 0x00, 0x00, 0x09, 0x22, 0x00, 0x10, // ............."..
	0x00, 0x01, 0x00, 0x00, 0x00, 0x0a, 0x00, 0x10, 0x00, 0x00, 0x00, 0x00, 0x00, 0x01, 0x40, 0x00, // ..............@.
	0x00, 0x00, 0x00, 0x00, 0x00, 0x06, 0xf0, 0x11, 0x00, 0x01, 0x00, 0x00, 0x00, 0xa7, 0x00, 0x00, // ................
	0x09, 0x42, 0x00, 0x10, 0x00, 0x01, 0x00, 0x00, 0x00, 0x0a, 0x00, 0x10, 0x00, 0x00, 0x00, 0x00, // .B..............
	0x00, 0x01, 0x40, 0x00, 0x00, 0x00, 0x00, 0x00, 0x00, 0x06, 0xf0, 0x11, 0x00, 0x02, 0x00, 0x00, // ..@.............
	0x00, 0xa7, 0x00, 0x00, 0x09, 0x82, 0x00, 0x10, 0x00, 0x01, 0x00, 0x00, 0x00, 0x0a, 0x00, 0x10, // ................
	0x00, 0x00, 0x00, 0x00, 0x00, 0x01, 0x40, 0x00, 0x00, 0x00, 0x00, 0x00, 0x00, 0x06, 0xf0, 0x11, // ......@.........
	0x00, 0x03, 0x00, 0x00, 0x00, 0xa7, 0x00, 0x00, 0x09, 0x12, 0x00, 0x10, 0x00, 0x03, 0x00, 0x00, // ................
	0x00, 0x2a, 0x00, 0x10, 0x00, 0x00, 0x00, 0x00, 0x00, 0x01, 0x40, 0x00, 0x00, 0x00, 0x00, 0x00, // .*........@.....
	0x00, 0x06, 0xf0, 0x11, 0x00, 0x00, 0x00, 0x00, 0x00, 0xa7, 0x00, 0x00, 0x09, 0x22, 0x00, 0x10, // ............."..
	0x00, 0x03, 0x00, 0x00, 0x00, 0x2a, 0x00, 0x10, 0x00, 0x00, 0x00, 0x00, 0x00, 0x01, 0x40, 0x00, // .....*........@.
	0x00, 0x00, 0x00, 0x00, 0x00, 0x06, 0xf0, 0x11, 0x00, 0x01, 0x00, 0x00, 0x00, 0xa7, 0x00, 0x00, // ................
	0x09, 0x42, 0x00, 0x10, 0x00, 0x03, 0x00, 0x00, 0x00, 0x2a, 0x00, 0x10, 0x00, 0x00, 0x00, 0x00, // .B.......*......
	0x00, 0x01, 0x40, 0x00, 0x00, 0x00, 0x00, 0x00, 0x00, 0x06, 0xf0, 0x11, 0x00, 0x02, 0x00, 0x00, // ..@.............
	0x00, 0xa7, 0x00, 0x00, 0x09, 0x82, 0x00, 0x10, 0x00, 0x03, 0x00, 0x00, 0x00, 0x2a, 0x00, 0x10, // .............*..
	0x00, 0x00, 0x00, 0x00, 0x00, 0x01, 0x40, 0x00, 0x00, 0x00, 0x00, 0x00, 0x00, 0x06, 0xf0, 0x11, // ......@.........
	0x00, 0x03, 0x00, 0x00, 0x00, 0xa7, 0x00, 0x00, 0x09, 0x12, 0x00, 0x10, 0x00, 0x04, 0x00, 0x00, // ................
	0x00, 0x3a, 0x00, 0x10, 0x00, 0x00, 0x00, 0x00, 0x00, 0x01, 0x40, 0x00, 0x00, 0x00, 0x00, 0x00, // .:........@.....
	0x00, 0x06, 0xf0, 0x11, 0x00, 0x00, 0x00, 0x00, 0x00, 0xa7, 0x00, 0x00, 0x09, 0x22, 0x00, 0x10, // ............."..
	0x00, 0x04, 0x00, 0x00, 0x00, 0x3a, 0x00, 0x10, 0x00, 0x00, 0x00, 0x00, 0x00, 0x01, 0x40, 0x00, // .....:........@.
	0x00, 0x00, 0x00, 0x00, 0x00, 0x06, 0xf0, 0x11, 0x00, 0x01, 0x00, 0x00, 0x00, 0xa7, 0x00, 0x00, // ................
	0x09, 0x42, 0x00, 0x10, 0x00, 0x04, 0x00, 0x00, 0x00, 0x3a, 0x00, 0x10, 0x00, 0x00, 0x00, 0x00, // .B.......:......
	0x00, 0x01, 0x40, 0x00, 0x00, 0x00, 0x00, 0x00, 0x00, 0x06, 0xf0, 0x11, 0x00, 0x02, 0x00, 0x00, // ..@.............
	0x00, 0xa7, 0x00, 0x00, 0x09, 0x82, 0x00, 0x10, 0x00, 0x04, 0x00, 0x00, 0x00, 0x3a, 0x00, 0x10, // .............:..
	0x00, 0x00, 0x00, 0x00, 0x00, 0x01, 0x40, 0x00, 0x00, 0x00, 0x00, 0x00, 0x00, 0x06, 0xf0, 0x11, // ......@.........
	0x00, 0x03, 0x00, 0x00, 0x00, 0x00, 0x00, 0x00, 0x07, 0xf2, 0x00, 0x10, 0x00, 0x01, 0x00, 0x00, // ................
	0x00, 0x46, 0x0e, 0x10, 0x00, 0x01, 0x00, 0x00, 0x00, 0x46, 0x0e, 0x10, 0x00, 0x02, 0x00, 0x00, // .F.......F......
	0x00, 0x00, 0x00, 0x00, 0x07, 0xf2, 0x00, 0x10, 0x00, 0x01, 0x00, 0x00, 0x00, 0x46, 0x0e, 0x10, // .............F..
	0x00, 0x03, 0x00, 0x00, 0x00, 0x46, 0x0e, 0x10, 0x00, 0x01, 0x00, 0x00, 0x00, 0x00, 0x00, 0x00, // .....F..........
	0x07, 0xf2, 0x00, 0x10, 0x00, 0x01, 0x00, 0x00, 0x00, 0x46, 0x0e, 0x10, 0x00, 0x04, 0x00, 0x00, // .........F......
	0x00, 0x46, 0x0e, 0x10, 0x00, 0x01, 0x00, 0x00, 0x00, 0x38, 0x00, 0x00, 0x0a, 0xf2, 0x00, 0x10, // .F.......8......
	0x00, 0x02, 0x00, 0x00, 0x00, 0x46, 0x0e, 0x10, 0x00, 0x01, 0x00, 0x00, 0x00, 0x02, 0x40, 0x00, // .....F........@.
	0x00, 0x00, 0x00, 0x80, 0x3e, 0x00, 0x00, 0x80, 0x3e, 0x00, 0x00, 0x80, 0x3e, 0x00, 0x00, 0x80, // ....>...>...>...
	0x3e, 0x55, 0x00, 0x00, 0x09, 0x32, 0x00, 0x10, 0x00, 0x01, 0x00, 0x00, 0x00, 0x46, 0x00, 0x02, // >U...2.......F..
	0x00, 0x02, 0x40, 0x00, 0x00, 0x02, 0x00, 0x00, 0x00, 0x02, 0x00, 0x00, 0x00, 0x00, 0x00, 0x00, // ..@.............
	0x00, 0x00, 0x00, 0x00, 0x00, 0x36, 0x00, 0x00, 0x04, 0xc2, 0x00, 0x10, 0x00, 0x01, 0x00, 0x00, // .....6..........
	0x00, 0xa6, 0x0a, 0x02, 0x00, 0xa4, 0x00, 0x00, 0x07, 0xf2, 0xe0, 0x11, 0x00, 0x02, 0x00, 0x00, // ................
	0x00, 0x46, 0x0e, 0x10, 0x00, 0x01, 0x00, 0x00, 0x00, 0x46, 0x0e, 0x10, 0x00, 0x02, 0x00, 0x00, // .F.......F......
	0x00, 0xa8, 0x00, 0x00, 0x08, 0x12, 0xf0, 0x11, 0x00, 0x00, 0x00, 0x00, 0x00, 0x0a, 0x40, 0x02, // ..............@.
	0x00, 0x01, 0x40, 0x00, 0x00, 0x00, 0x00, 0x00, 0x00, 0x0a, 0x00, 0x10, 0x00, 0x02, 0x00, 0x00, // ..@.............
	0x00, 0xa8, 0x00, 0x00, 0x08, 0x12, 0xf0, 0x11, 0x00, 0x01, 0x00, 0x00, 0x00, 0x0a, 0x40, 0x02, // ..............@.
	0x00, 0x01, 0x40, 0x00, 0x00, 0x00, 0x00, 0x00, 0x00, 0x1a, 0x00, 0x10, 0x00, 0x02, 0x00, 0x00, // ..@.............
	0x00, 0xa8, 0x00, 0x00, 0x08, 0x12, 0xf0, 0x11, 0x00, 0x02, 0x00, 0x00, 0x00, 0x0a, 0x40, 0x02, // ..............@.
	0x00, 0x01, 0x40, 0x00, 0x00, 0x00, 0x00, 0x00, 0x00, 0x2a, 0x00, 0x10, 0x00, 0x02, 0x00, 0x00, // ..@......*......
	0x00, 0xa8, 0x00, 0x00, 0x08, 0x12, 0xf0, 0x11, 0x00, 0x03, 0x00, 0x00, 0x00, 0x0a, 0x40, 0x02, // ..............@.
	0x00, 0x01, 0x40, 0x00, 0x00, 0x00, 0x00, 0x00, 0x00, 0x3a, 0x00, 0x10, 0x00, 0x02, 0x00, 0x00, // ..@......:......
	0x00, 0x15, 0x00, 0x00, 0x01, 0x20, 0x00, 0x00, 0x07, 0x12, 0x00, 0x10, 0x00, 0x00, 0x00, 0x00, // ..... ..........
	0x00, 0x1a, 0x00, 0x10, 0x00, 0x00, 0x00, 0x00, 0x00, 0x01, 0x40, 0x00, 0x00, 0x03, 0x00, 0x00, // ..........@.....
	0x00, 0x1f, 0x00, 0x04, 0x03, 0x0a, 0x00, 0x10, 0x00, 0x00, 0x00, 0x00, 0x00, 0x3e, 0x00, 0x00, // .............>..
	0x01, 0x15, 0x00, 0x00, 0x01, 0xbe, 0x18, 0x00, 0x01, 0x1f, 0x00, 0x00, 0x02, 0x0a, 0x40, 0x02, // ..............@.
	0x00, 0xa7, 0x00, 0x00, 0x09, 0x12, 0x00, 0x10, 0x00, 0x00, 0x00, 0x00, 0x00, 0x01, 0x40, 0x00, // ..............@.
	0x00, 0x04, 0x00, 0x00, 0x00, 0x01, 0x40, 0x00, 0x00, 0x00, 0x00, 0x00, 0x00, 0x06, 0xf0, 0x11, // ......@.........
	0x00, 0x00, 0x00, 0x00, 0x00, 0xa7, 0x00, 0x00, 0x09, 0x22, 0x00, 0x10, 0x00, 0x00, 0x00, 0x00, // ........."......
	0x00, 0x01, 0x40, 0x00, 0x00, 0x04, 0x00, 0x00, 0x00, 0x01, 0x40, 0x00, 0x00, 0x00, 0x00, 0x00, // ..@.......@.....
	0x00, 0x06, 0xf0, 0x11, 0x00, 0x01, 0x00, 0x00, 0x00, 0xa7, 0x00, 0x00, 0x09, 0x42, 0x00, 0x10, // .............B..
	0x00, 0x00, 0x00, 0x00, 0x00, 0x01, 0x40, 0x00, 0x00, 0x04, 0x00, 0x00, 0x00, 0x01, 0x40, 0x00, // ......@.......@.
	0x00, 0x00, 0x00, 0x00, 0x00, 0x06, 0xf0, 0x11, 0x00, 0x02, 0x00, 0x00, 0x00, 0xa7, 0x00, 0x00, // ................
	0x09, 0x82, 0x00, 0x10, 0x00, 0x00, 0x00, 0x00, 0x00, 0x01, 0x40, 0x00, 0x00, 0x04, 0x00, 0x00, // ..........@.....
	0x00, 0x01, 0x40, 0x00, 0x00, 0x00, 0x00, 0x00, 0x00, 0x06, 0xf0, 0x11, 0x00, 0x03, 0x00, 0x00, // ..@.............
	0x00, 0xa7, 0x00, 0x00, 0x09, 0x12, 0x00, 0x10, 0x00, 0x01, 0x00, 0x00, 0x00, 0x01, 0x40, 0x00, // ..............@.
	0x00, 0x20, 0x00, 0x00, 0x00, 0x01, 0x40, 0x00, 0x00, 0x00, 0x00, 0x00, 0x00, 0x06, 0xf0, 0x11, // . ....@.........
	0x00, 0x00, 0x00, 0x00, 0x00, 0xa7, 0x00, 0x00, 0x09, 0x22, 0x00, 0x10, 0x00, 0x01, 0x00, 0x00, // ........."......
	0x00, 0x01, 0x40, 0x00, 0x00, 0x20, 0x00, 0x00, 0x00, 0x01, 0x40, 0x00, 0x00, 0x00, 0x00, 0x00, // ..@.. ....@.....
	0x00, 0x06, 0xf0, 0x11, 0x00, 0x01, 0x00, 0x00, 0x00, 0xa7, 0x00, 0x00, 0x09, 0x42, 0x00, 0x10, // .............B..
	0x00, 0x01, 0x00, 0x00, 0x00, 0x01, 0x40, 0x00, 0x00, 0x20, 0x00, 0x00, 0x00, 0x01, 0x40, 0x00, // ......@.. ....@.
	0x00, 0x00, 0x00, 0x00, 0x00, 0x06, 0xf0, 0x11, 0x00, 0x02, 0x00, 0x00, 0x00, 0xa7, 0x00, 0x00, // ................
	0x09, 0x82, 0x00, 0x10, 0x00, 0x01, 0x00, 0x00, 0x00, 0x01, 0x40, 0x00, 0x00, 0x20, 0x00, 0x00, // ..........@.. ..
	0x00, 0x01, 0x40, 0x00, 0x00, 0x00, 0x00, 0x00, 0x00, 0x06, 0xf0, 0x11, 0x00, 0x03, 0x00, 0x00, // ..@.............
	0x00, 0xa7, 0x00, 0x00, 0x09, 0x12, 0x00, 0x10, 0x00, 0x03, 0x00, 0x00, 0x00, 0x01, 0x40, 0x00, // ..............@.
	0x00, 0x24, 0x00, 0x00, 0x00, 0x01, 0x40, 0x00, 0x00, 0x00, 0x00, 0x00, 0x00, 0x06, 0xf0, 0x11, // .$....@.........
	0x00, 0x00, 0x00, 0x00, 0x00, 0xa7, 0x00, 0x00, 0x09, 0x22, 0x00, 0x10, 0x00, 0x03, 0x00, 0x00, // ........."......
	0x00, 0x01, 0x40, 0x00, 0x00, 0x24, 0x00, 0x00, 0x00, 0x01, 0x40, 0x00, 0x00, 0x00, 0x00, 0x00, // ..@..$....@.....
	0x00, 0x06, 0xf0, 0x11, 0x00, 0x01, 0x00, 0x00, 0x00, 0xa7, 0x00, 0x00, 0x09, 0x42, 0x00, 0x10, // .............B..
	0x00, 0x03, 0x00, 0x00, 0x00, 0x01, 0x40, 0x00, 0x00, 0x24, 0x00, 0x00, 0x00, 0x01, 0x40, 0x00, // ......@..$....@.
	0x00, 0x00, 0x00, 0x00, 0x00, 0x06, 0xf0, 0x11, 0x00, 0x02, 0x00, 0x00, 0x00, 0xa7, 0x00, 0x00, // ................
	0x09, 0x82, 0x00, 0x10, 0x00, 0x03, 0x00, 0x00, 0x00, 0x01, 0x40, 0x00, 0x00, 0x24, 0x00, 0x00, // ..........@..$..
	0x00, 0x01, 0x40, 0x00, 0x00, 0x00, 0x00, 0x00, 0x00, 0x06, 0xf0, 0x11, 0x00, 0x03, 0x00, 0x00, // ..@.............
	0x00, 0x00, 0x00, 0x00, 0x07, 0xf2, 0x00, 0x10, 0x00, 0x00, 0x00, 0x00, 0x00, 0x46, 0x0e, 0x10, // .............F..
	0x00, 0x00, 0x00, 0x00, 0x00, 0x46, 0x0e, 0x10, 0x00, 0x02, 0x00, 0x00, 0x00, 0x00, 0x00, 0x00, // .....F..........
	0x07, 0xf2, 0x00, 0x10, 0x00, 0x00, 0x00, 0x00, 0x00, 0x46, 0x0e, 0x10, 0x00, 0x01, 0x00, 0x00, // .........F......
	0x00, 0x46, 0x0e, 0x10, 0x00, 0x00, 0x00, 0x00, 0x00, 0x00, 0x00, 0x00, 0x07, 0xf2, 0x00, 0x10, // .F..............
	0x00, 0x00, 0x00, 0x00, 0x00, 0x46, 0x0e, 0x10, 0x00, 0x03, 0x00, 0x00, 0x00, 0x46, 0x0e, 0x10, // .....F.......F..
	0x00, 0x00, 0x00, 0x00, 0x00, 0x38, 0x00, 0x00, 0x0a, 0xf2, 0x00, 0x10, 0x00, 0x00, 0x00, 0x00, // .....8..........
	0x00, 0x46, 0x0e, 0x10, 0x00, 0x00, 0x00, 0x00, 0x00, 0x02, 0x40, 0x00, 0x00, 0x00, 0x00, 0x80, // .F........@.....
	0x3e, 0x00, 0x00, 0x80, 0x3e, 0x00, 0x00, 0x80, 0x3e, 0x00, 0x00, 0x80, 0x3e, 0x55, 0x00, 0x00, // >...>...>...>U..
	0x09, 0x32, 0x00, 0x10, 0x00, 0x01, 0x00, 0x00, 0x00, 0x46, 0x00, 0x02, 0x00, 0x02, 0x40, 0x00, // .2.......F....@.
	0x00, 0x03, 0x00, 0x00, 0x00, 0x03, 0x00, 0x00, 0x00, 0x00, 0x00, 0x00, 0x00, 0x00, 0x00, 0x00, // ................
	0x00, 0x36, 0x00, 0x00, 0x04, 0xc2, 0x00, 0x10, 0x00, 0x01, 0x00, 0x00, 0x00, 0xa6, 0x0a, 0x02, // .6..............
	0x00, 0xa4, 0x00, 0x00, 0x07, 0xf2, 0xe0, 0x11, 0x00, 0x03, 0x00, 0x00, 0x00, 0x46, 0x0e, 0x10, // .............F..
	0x00, 0x01, 0x00, 0x00, 0x00, 0x46, 0x0e, 0x10, 0x00, 0x00, 0x00, 0x00, 0x00, 0x15, 0x00, 0x00, // .....F..........
	0x01, 0x3e, 0x00, 0x00, 0x01, 0x00, 0x00, 0x10, 0x00,                                           // .>.......
};
static const uint8_t cs_mipgen_oddxy_dxil[4109] =
{
	0x43, 0x53, 0x48, 0x0b, 0x00, 0x00, 0x00, 0x00, 0x00, 0x00, 0x00, 0x00, 0x02, 0x00, 0x0b, 0x62, // CSH............b
	0x67, 0x66, 0x78, 0x5f, 0x6d, 0x69, 0x70, 0x47, 0x65, 0x6e, 0x02, 0x00, 0x00, 0x00, 0x01, 0x00, // gfx_mipGen......
	0x00, 0x00, 0x00, 0x00, 0x0e, 0x62, 0x67, 0x66, 0x78, 0x5f, 0x74, 0x65, 0x78, 0x4d, 0x69, 0x70, // .....bgfx_texMip
	0x53, 0x72, 0x63, 0x20, 0x01, 0x04, 0x00, 0x01, 0x00, 0x00, 0x00, 0x00, 0x00, 0xc8, 0x0f, 0x00, // Src ............
	0x00, 0x44, 0x58, 0x42, 0x43, 0x7e, 0x59, 0x6c, 0xe8, 0xe8, 0x12, 0x73, 0x1f, 0x87, 0xd0, 0x7b, // .DXBC~Yl...s...{
	0xc5, 0x69, 0xc2, 0x2a, 0xc8, 0x01, 0x00, 0x00, 0x00, 0xc8, 0x0f, 0x00, 0x00, 0x07, 0x00, 0x00, // .i.*............
	0x00, 0x3c, 0x00, 0x00, 0x00, 0x4c, 0x00, 0x00, 0x00, 0x5c, 0x00, 0x00, 0x00, 0x6c, 0x00, 0x00, // .<...L.......l..
	0x00, 0x6c, 0x01, 0x00, 0x00, 0xa0, 0x01, 0x00, 0x00, 0xbc, 0x01, 0x00, 0x00, 0x53, 0x46, 0x49, // .l...........SFI
	0x30, 0x08, 0x00, 0x00, 0x00, 0x00, 0x00, 0x00, 0x00, 0x00, 0x00, 0x00, 0x00, 0x49, 0x53, 0x47, // 0............ISG
	0x31, 0x08, 0x00, 0x00, 0x00, 0x00, 0x00, 0x00, 0x00, 0x08, 0x00, 0x00, 0x00, 0x4f, 0x53, 0x47, // 1............OSG
	0x31, 0x08, 0x00, 0x00, 0x00, 0x00, 0x00, 0x00, 0x00, 0x08, 0x00, 0x00, 0x00, 0x50, 0x53, 0x56, // 1............PSV
	0x30, 0xf8, 0x00, 0x00, 0x00, 0x34, 0x00, 0x00, 0x00, 0x00, 0x00, 0x00, 0x00, 0x00, 0x00, 0x00, // 0....4..........
	0x00, 0x00, 0x00, 0x00, 0x00, 0x00, 0x00, 0x00, 0x00, 0x00, 0x00, 0x00, 0x00, 0xff, 0xff, 0xff, // ................
	0xff, 0x05, 0x00, 0x00, 0x00, 0x00, 0x00, 0x00, 0x00, 0x00, 0x00, 0x00, 0x00, 0x08, 0x00, 0x00, // ................
	0x00, 0x08, 0x00, 0x00, 0x00, 0x01, 0x00, 0x00, 0x00, 0x01, 0x00, 0x00, 0x00, 0x07, 0x00, 0x00, // ................
	0x00, 0x18, 0x00, 0x00, 0x00, 0x02, 0x00, 0x00, 0x00, 0x00, 0x00, 0x00, 0x00, 0x00, 0x00, 0x00, // ................
	0x00, 0x00, 0x00, 0x00, 0x00, 0x0d, 0x00, 0x00, 0x00, 0x00, 0x00, 0x00, 0x00, 0x01, 0x00, 0x00, // ................
	0x00, 0x00, 0x00, 0x00, 0x00, 0x04, 0x00, 0x00, 0x00, 0x04, 0x00, 0x00, 0x00, 0x0e, 0x00, 0x00, // ................
	0x00, 0x00, 0x00, 0x00, 0x00, 0x03, 0x00, 0x00, 0x00, 0x00, 0x00, 0x00, 0x00, 0x04, 0x00, 0x00, // ................
	0x00, 0x04, 0x00, 0x00, 0x00, 0x07, 0x00, 0x00, 0x00, 0x00, 0x00, 0x00, 0x00, 0x06, 0x00, 0x00, // ................
	0x00, 0x00, 0x00, 0x00, 0x00, 0x00, 0x00, 0x00, 0x00, 0x00, 0x00, 0x00, 0x00, 0x07, 0x00, 0x00, // ................
	0x00, 0x00, 0x00, 0x00, 0x00, 0x06, 0x00, 0x00, 0x00, 0x00, 0x00, 0x00, 0x00, 0x01, 0x00, 0x00, // ................
	0x00, 0x01, 0x00, 0x00, 0x00, 0x07, 0x00, 0x00, 0x00, 0x00, 0x00, 0x00, 0x00, 0x06, 0x00, 0x00, // ................
	0x00, 0x00, 0x00, 0x00, 0x00, 0x02, 0x00, 0x00, 0x00, 0x02, 0x00, 0x00, 0x00, 0x07, 0x00, 0x00, // ................
	0x00, 0x00, 0x00, 0x00, 0x00, 0x06, 0x00, 0x00, 0x00, 0x00, 0x00, 0x00, 0x00, 0x03, 0x00, 0x00, // ................
	0x00, 0x03, 0x00, 0x00, 0x00, 0x07, 0x00, 0x00, 0x00, 0x00, 0x00, 0x00, 0x00, 0x08, 0x00, 0x00, // ................
	0x00, 0x00, 0x6d, 0x61, 0x69, 0x6e, 0x00, 0x00, 0x00, 0x00, 0x00, 0x00, 0x00, 0x49, 0x4c, 0x44, // ..main.......ILD
	0x4e, 0x2c, 0x00, 0x00, 0x00, 0x00, 0x00, 0x24, 0x00, 0x36, 0x63, 0x31, 0x38, 0x62, 0x38, 0x37, // N,.....$.6c18b87
	0x30, 0x66, 0x63, 0x64, 0x64, 0x38, 0x36, 0x35, 0x30, 0x63, 0x34, 0x34, 0x38, 0x32, 0x38, 0x35, // 0fcdd8650c448285
	0x37, 0x39, 0x30, 0x35, 0x30, 0x64, 0x36, 0x38, 0x62, 0x2e, 0x70, 0x64, 0x62, 0x00, 0x00, 0x00, // 79050d68b.pdb...
	0x00, 0x48, 0x41, 0x53, 0x48, 0x14, 0x00, 0x00, 0x00, 0x00, 0x00, 0x00, 0x00, 0x6c, 0x18, 0xb8, // .HASH........l..
	0x70, 0xfc, 0xdd, 0x86, 0x50, 0xc4, 0x48, 0x28, 0x57, 0x90, 0x50, 0xd6, 0x8b, 0x44, 0x58, 0x49, // p...P.H(W.P..DXI
	0x4c, 0x04, 0x0e, 0x00, 0x00, 0x60, 0x00, 0x05, 0x00, 0x81, 0x03, 0x00, 0x00, 0x44, 0x58, 0x49, // L....`.......DXI
	0x4c, 0x00, 0x01, 0x00, 0x00, 0x10, 0x00, 0x00, 0x00, 0xec, 0x0d, 0x00, 0x00, 0x42, 0x43, 0xc0, // L............BC.
	0xde, 0x21, 0x0c, 0x00, 0x00, 0x78, 0x03, 0x00, 0x00, 0x0b, 0x82, 0x20, 0x00, 0x02, 0x00, 0x00, // .!...x..... ....
	0x00, 0x13, 0x00, 0x00, 0x00, 0x07, 0x81, 0x23, 0x91, 0x41, 0xc8, 0x04, 0x49, 0x06, 0x10, 0x32, // .......#.A..I..2
	0x39, 0x92, 0x01, 0x84, 0x0c, 0x25, 0x05, 0x08, 0x19, 0x1e, 0x04, 0x8b, 0x62, 0x80, 0x18, 0x45, // 9....%......b..E
	0x02, 0x42, 0x92, 0x0b, 0x42, 0xc4, 0x10, 0x32, 0x14, 0x38, 0x08, 0x18, 0x4b, 0x0a, 0x32, 0x62, // .B..B..2.8..K.2b
	0x88, 0x48, 0x90, 0x14, 0x20, 0x43, 0x46, 0x88, 0xa5, 0x00, 0x19, 0x32, 0x42, 0xe4, 0x48, 0x0e, // .H.. CF....2B.H.
	0x90, 0x11, 0x23, 0xc4, 0x50, 0x41, 0x51, 0x81, 0x8c, 0xe1, 0x83, 0xe5, 0x8a, 0x04, 0x31, 0x46, // ..#.PAQ.......1F
	0x06, 0x51, 0x18, 0x00, 0x00, 0x0b, 0x00, 0x00, 0x00, 0x1b, 0x8c, 0xe0, 0xff, 0xff, 0xff, 0xff, // .Q..............
	0x07, 0x40, 0x02, 0xa8, 0x0d, 0x86, 0xf0, 0xff, 0xff, 0xff, 0xff, 0x03, 0xc0, 0x00, 0xd2, 0x06, // .@..............
	0x63, 0xf8, 0xff, 0xff, 0xff, 0xff, 0x01, 0x90, 0x80, 0x6a, 0x03, 0x41, 0xfc, 0xff, 0xff, 0xff, // c........j.A....
	0xff, 0x00, 0x48, 0x00, 0x00, 0x49, 0x18, 0x00, 0x00, 0x03, 0x00, 0x00, 0x00, 0x13, 0x82, 0x60, // ..H..I.........`
	0x42, 0x20, 0x4c, 0x08, 0x86, 0x09, 0x01, 0x01, 0x00, 0x89, 0x20, 0x00, 0x00, 0x6a, 0x00, 0x00, // B L....... ..j..
	0x00, 0x32, 0x22, 0x88, 0x09, 0x20, 0x64, 0x85, 0x04, 0x13, 0x23, 0xa4, 0x84, 0x04, 0x13, 0x23, // .2".. d...#....#
	0xe3, 0x84, 0xa1, 0x90, 0x14, 0x12, 0x4c, 0x8c, 0x8c, 0x0b, 0x84, 0xc4, 0x4c, 0x10, 0xa4, 0xc1, // ......L.....L...
	0x0c, 0x40, 0x02, 0x01, 0x83, 0x08, 0xc1, 0x30, 0x02, 0x50, 0x82, 0x81, 0x88, 0x39, 0x02, 0x30, // .@.....0.P...9.0
	0x28, 0x82, 0x61, 0xd0, 0x51, 0x06, 0xc3, 0x30, 0x28, 0x29, 0xc3, 0x60, 0x18, 0xb4, 0xdc, 0x34, // (.a.Q..0().`...4
	0x5c, 0xfe, 0x84, 0x3d, 0x84, 0xe4, 0xaf, 0x84, 0xb4, 0x12, 0x93, 0x5f, 0xdc, 0x36, 0x2a, 0x00, // ...=......._.6*.
	0x00, 0x00, 0x8c, 0x39, 0x02, 0x84, 0x9c, 0x7b, 0x86, 0xcb, 0x9f, 0xb0, 0x87, 0x90, 0xfc, 0x10, // ...9...{........
	0x68, 0x86, 0x85, 0x40, 0xc1, 0x53, 0x98, 0xc6, 0x80, 0x20, 0x00, 0x00, 0x00, 0xc3, 0x30, 0x00, // h..@.S... ....0.
	0x8a, 0xca, 0x32, 0x18, 0x90, 0x61, 0x18, 0x00, 0x00, 0x00, 0x0e, 0x4d, 0x47, 0x0d, 0x97, 0x3f, // ..2..a.....MG..?
	0x61, 0x0f, 0x21, 0xf9, 0xdc, 0x46, 0x15, 0x2b, 0x31, 0xf9, 0xc5, 0x6d, 0x23, 0x02, 0x00, 0x00, // a.!..F.+1..m#...
	0xa0, 0x10, 0x95, 0x01, 0x19, 0x64, 0xcd, 0x11, 0x04, 0xc5, 0x80, 0x0c, 0xc7, 0x30, 0x30, 0xca, // .....d.......00.
	0x06, 0x02, 0x86, 0x11, 0x08, 0x60, 0x26, 0x39, 0x18, 0x07, 0x76, 0x08, 0x87, 0x79, 0x98, 0x07, // .....`&9..v..y..
	0x37, 0xa0, 0x85, 0x72, 0xc0, 0x07, 0x7a, 0xa8, 0x07, 0x79, 0x28, 0x07, 0x39, 0x20, 0x85, 0x50, // 7..r..z..y(.9 .P
	0x90, 0x07, 0x79, 0x08, 0x87, 0x7c, 0xe0, 0x03, 0x7b, 0x28, 0x87, 0x71, 0xa0, 0x87, 0x77, 0x90, // ..y..|..{(.q..w.
	0x07, 0x3e, 0x30, 0x07, 0x76, 0x78, 0x87, 0x70, 0xa0, 0x07, 0x36, 0x00, 0x03, 0x3a, 0xf0, 0x03, // .>0.vx.p..6..:..
	0x30, 0xf0, 0x03, 0x3d, 0xd0, 0x83, 0x76, 0x48, 0x07, 0x78, 0x98, 0x87, 0x5f, 0xa0, 0x87, 0x7c, // 0..=..vH.x.._..|
	0x80, 0x87, 0x72, 0x40, 0x81, 0x31, 0xd3, 0x19, 0x8c, 0x03, 0x3b, 0x84, 0xc3, 0x3c, 0xcc, 0x83, // ..r@.1....;..<..
	0x1b, 0xd0, 0x42, 0x39, 0xe0, 0x03, 0x3d, 0xd4, 0x83, 0x3c, 0x94, 0x83, 0x1c, 0x90, 0x42, 0x28, // ..B9..=..<....B(
	0xc8, 0x83, 0x3c, 0x84, 0x43, 0x3e, 0xf0, 0x81, 0x3d, 0x94, 0xc3, 0x38, 0xd0, 0xc3, 0x3b, 0xc8, // ..<.C>..=..8..;.
	0x03, 0x1f, 0x98, 0x03, 0x3b, 0xbc, 0x43, 0x38, 0xd0, 0x03, 0x1b, 0x80, 0x01, 0x1d, 0xf8, 0x01, // ....;.C8........
	0x18, 0xf8, 0x01, 0x12, 0xb8, 0x8e, 0xbc, 0x99, 0xd2, 0x60, 0x1c, 0xd8, 0x21, 0x1c, 0xe6, 0x61, // .........`..!..a
	0x1e, 0xdc, 0x40, 0x16, 0x6e, 0x81, 0x16, 0xca, 0x01, 0x1f, 0xe8, 0xa1, 0x1e, 0xe4, 0xa1, 0x1c, // ..@.n...........
	0xe4, 0x80, 0x14, 0x42, 0x41, 0x1e, 0xe4, 0x21, 0x1c, 0xf2, 0x81, 0x0f, 0xec, 0xa1, 0x1c, 0xc6, // ...BA..!........
	0x81, 0x1e, 0xde, 0x41, 0x1e, 0xf8, 0xc0, 0x1c, 0xd8, 0xe1, 0x1d, 0xc2, 0x81, 0x1e, 0xd8, 0x00, // ...A............
	0x0c, 0xe8, 0xc0, 0x0f, 0xc0, 0xc0, 0x0f, 0x50, 0xc0, 0x11, 0x38, 0x13, 0x42, 0x06, 0xa7, 0xc0, // .......P..8.B...
	0x0e, 0xef, 0x20, 0x0e, 0xe1, 0xc0, 0x0e, 0xf3, 0x80, 0x02, 0x8e, 0xc4, 0x9b, 0xa4, 0x29, 0xa2, // .. ...........).
	0x84, 0xc9, 0x67, 0x01, 0xe6, 0x59, 0x88, 0x88, 0x9d, 0x80, 0x89, 0x40, 0x81, 0x41, 0xe4, 0x14, // ..g..Y.....@.A..
	0xc0, 0x20, 0x02, 0x30, 0xcc, 0x11, 0x80, 0x02, 0x00, 0x13, 0x14, 0x72, 0xc0, 0x87, 0x74, 0x60, // . .0.......r..t`
	0x87, 0x36, 0x68, 0x87, 0x79, 0x68, 0x03, 0x72, 0xc0, 0x87, 0x0d, 0xaf, 0x50, 0x0e, 0x6d, 0xd0, // .6h.yh.r....P.m.
	0x0e, 0x7a, 0x50, 0x0e, 0x6d, 0x00, 0x0f, 0x7a, 0x30, 0x07, 0x72, 0xa0, 0x07, 0x73, 0x20, 0x07, // .zP.m..z0.r..s .
	0x6d, 0x90, 0x0e, 0x71, 0xa0, 0x07, 0x73, 0x20, 0x07, 0x6d, 0x90, 0x0e, 0x78, 0xa0, 0x07, 0x73, // m..q..s .m..x..s
	0x20, 0x07, 0x6d, 0x90, 0x0e, 0x71, 0x60, 0x07, 0x7a, 0x30, 0x07, 0x72, 0xd0, 0x06, 0xe9, 0x30, //  .m..q`.z0.r...0
	0x07, 0x72, 0xa0, 0x07, 0x73, 0x20, 0x07, 0x6d, 0x90, 0x0e, 0x76, 0x40, 0x07, 0x7a, 0x60, 0x07, // .r..s .m..v@.z`.
	0x74, 0xd0, 0x06, 0xe6, 0x10, 0x07, 0x76, 0xa0, 0x07, 0x73, 0x20, 0x07, 0x6d, 0x60, 0x0e, 0x73, // t.....v..s .m`.s
	0x20, 0x07, 0x7a, 0x30, 0x07, 0x72, 0xd0, 0x06, 0xe6, 0x60, 0x07, 0x74, 0xa0, 0x07, 0x76, 0x40, //  .z0.r...`.t..v@
	0x07, 0x6d, 0xe0, 0x0e, 0x78, 0xa0, 0x07, 0x71, 0x60, 0x07, 0x7a, 0x30, 0x07, 0x72, 0xa0, 0x07, // .m..x..q`.z0.r..
	0x76, 0x40, 0x07, 0x3a, 0x0f, 0x24, 0x90, 0x21, 0x23, 0x45, 0x44, 0x00, 0x76, 0x00, 0x30, 0x3b, // v@.:.$.!#ED.v.0;
	0x00, 0x98, 0x1d, 0x00, 0xcc, 0x0e, 0x00, 0x1e, 0xf2, 0x10, 0x00, 0x00, 0x00, 0x00, 0x00, 0x00, // ................
	0x00, 0x00, 0x00, 0x00, 0x30, 0xe4, 0x39, 0x80, 0x00, 0x08, 0x00, 0x00, 0x00, 0x00, 0x00, 0x00, // ....0.9.........
	0x00, 0x60, 0xc8, 0x93, 0x00, 0x01, 0x10, 0x00, 0x00, 0x00, 0x00, 0x00, 0x00, 0x00, 0xc0, 0x90, // .`..............
	0x67, 0x01, 0x02, 0x40, 0x00, 0x00, 0x00, 0x00, 0x00, 0x00, 0x00, 0x80, 0x21, 0x4f, 0x04, 0x04, // g..@........!O..
	0xc0, 0x00, 0x00, 0x00, 0x00, 0x00, 0x00, 0x00, 0x00, 0x43, 0x9e, 0x09, 0x08, 0x00, 0x02, 0x00, // .........C......
	0x00, 0x00, 0x00, 0x00, 0x00, 0x00, 0x86, 0x3c, 0x16, 0x10, 0x00, 0x03, 0x00, 0x00, 0x00, 0x00, // .......<........
	0x00, 0x00, 0x00, 0x0c, 0x79, 0x32, 0x20, 0x00, 0x06, 0x00, 0x00, 0x00, 0x00, 0x00, 0x00, 0x00, // ....y2 .........
	0xc8, 0x02, 0x01, 0x00, 0x00, 0x0e, 0x00, 0x00, 0x00, 0x32, 0x1e, 0x98, 0x14, 0x19, 0x11, 0x4c, // .........2.....L
	0x90, 0x8c, 0x09, 0x26, 0x47, 0xc6, 0x04, 0x43, 0x32, 0x4a, 0x60, 0x04, 0xa0, 0x24, 0x8a, 0xa1, // ...&G..C2J`..$..
	0x10, 0xca, 0xa1, 0x38, 0x8a, 0xa0, 0x0c, 0x0a, 0xa4, 0x20, 0x08, 0x1b, 0x01, 0x20, 0x74, 0x04, // ...8..... ... t.
	0x80, 0xc2, 0x19, 0x00, 0x1a, 0x67, 0x00, 0xa8, 0x9c, 0x01, 0xa0, 0x6f, 0x06, 0x00, 0x00, 0x00, // .....g.....o....
	0x00, 0x79, 0x18, 0x00, 0x00, 0x63, 0x00, 0x00, 0x00, 0x1a, 0x03, 0x4c, 0x90, 0x46, 0x02, 0x13, // .y...c.....L.F..
	0x44, 0x8f, 0x0c, 0x6f, 0xec, 0xed, 0x4d, 0x0c, 0x24, 0xc6, 0x05, 0xc7, 0x45, 0xa6, 0x06, 0xa6, // D..o..M.$...E...
	0xc6, 0x65, 0x46, 0x06, 0x04, 0x45, 0x2c, 0x06, 0xc6, 0x26, 0x2c, 0xc7, 0x26, 0x86, 0x2c, 0x65, // .eF..E,..&,.&.,e
	0x43, 0x10, 0x4c, 0x10, 0x0c, 0x66, 0x82, 0x60, 0x34, 0x1b, 0x84, 0x81, 0x98, 0x20, 0x18, 0xce, // C.L..f.`4.... ..
	0x06, 0x61, 0x30, 0x28, 0x8c, 0xcd, 0x4d, 0x10, 0x8c, 0x67, 0xc3, 0x80, 0x24, 0xc4, 0x04, 0xe1, // .a0(..M..g..$...
	0xe3, 0x08, 0x4c, 0x10, 0x0c, 0x68, 0x82, 0x60, 0x44, 0x1b, 0x04, 0xc2, 0xd8, 0x90, 0x10, 0x0b, // ..L..h.`D.......
	0x43, 0x34, 0x83, 0x43, 0x3c, 0x1b, 0x02, 0x68, 0x82, 0x10, 0x06, 0xd9, 0x04, 0x01, 0xbb, 0x26, // C4.C<..h.......&
	0x08, 0x86, 0xb4, 0x41, 0x20, 0xa8, 0x0d, 0x0b, 0x21, 0x31, 0x04, 0x31, 0x38, 0xd3, 0x34, 0x55, // ...A ...!1.18.4U
	0x1b, 0x96, 0x41, 0x62, 0x88, 0x61, 0x70, 0xa6, 0x69, 0xaa, 0x26, 0x08, 0xc6, 0xb4, 0x61, 0xc1, // ..Ab.ap.i.&...a.
	0x24, 0x86, 0xc0, 0x06, 0x67, 0x9a, 0xa6, 0x6a, 0x82, 0x60, 0x50, 0x1b, 0x16, 0x4d, 0x62, 0x08, // $...g..j.`P..Mb.
	0x6d, 0x70, 0xa6, 0x69, 0xaa, 0x36, 0x10, 0xd6, 0x95, 0x6d, 0x13, 0x84, 0x31, 0xd0, 0x26, 0x08, // mp.i.6...m..1.&.
	0x46, 0xb5, 0x01, 0x21, 0x3a, 0x86, 0x20, 0x06, 0x0f, 0xd8, 0x10, 0x7c, 0x13, 0x84, 0x32, 0xd8, // F..!:. ....|..2.
	0x36, 0x20, 0x44, 0x18, 0x30, 0x44, 0x33, 0x10, 0xc0, 0x86, 0x40, 0x0c, 0x36, 0x10, 0x11, 0x07, // 6 D.0D3...@.6...
	0x06, 0x63, 0x30, 0x41, 0x28, 0x08, 0x12, 0x6d, 0x61, 0x69, 0x6e, 0x13, 0x04, 0xc3, 0xda, 0x30, // .c0A(..main....0
	0x9c, 0xc1, 0x19, 0x0c, 0x1b, 0x84, 0x06, 0x0d, 0x36, 0x14, 0x65, 0x60, 0x06, 0x00, 0x19, 0xa4, // ........6.e`....
	0x01, 0x0b, 0x33, 0xb6, 0xb7, 0x30, 0x3a, 0x3e, 0x6f, 0x6d, 0x6e, 0x69, 0x70, 0x6f, 0x74, 0x65, // ..3..0:>omnipote
	0x6e, 0x74, 0x20, 0x63, 0x68, 0x61, 0x72, 0x8c, 0xa6, 0xd2, 0xda, 0xe0, 0xd8, 0xca, 0x40, 0x86, // nt char.......@.
	0x5e, 0x86, 0x56, 0x56, 0x40, 0xa8, 0x84, 0x82, 0x82, 0x36, 0x04, 0x6d, 0x30, 0x41, 0x40, 0x03, // ^.VV@....6.m0A@.
	0x6c, 0xc3, 0xc0, 0x06, 0x6e, 0xf0, 0x06, 0x1b, 0x86, 0x35, 0x80, 0x83, 0x37, 0xd8, 0x30, 0xc4, // l...n....5..7.0.
	0x41, 0x1c, 0xbc, 0x41, 0x15, 0x36, 0x36, 0xbb, 0x36, 0x97, 0x34, 0xb2, 0x32, 0x37, 0xba, 0x29, // A..A.66.6.4.27.)
	0x41, 0x50, 0x85, 0x0c, 0xcf, 0xc5, 0xae, 0x4c, 0x6e, 0x2e, 0xed, 0xcd, 0x6d, 0x4a, 0x40, 0x34, // AP.....Ln...mJ@4
	0x21, 0xc3, 0x73, 0xb1, 0x0b, 0x63, 0xb3, 0x2b, 0x93, 0x9b, 0x12, 0x18, 0x75, 0xc8, 0xf0, 0x5c, // !.s..c.+....u...
	0xe6, 0xd0, 0xc2, 0xc8, 0xca, 0xe4, 0x9a, 0xde, 0xc8, 0xca, 0xd8, 0xa6, 0x04, 0x49, 0x19, 0x32, // .............I.2
	0x3c, 0x17, 0xb9, 0xb2, 0xb9, 0xb7, 0x3a, 0xb9, 0xb1, 0xb2, 0xb9, 0x29, 0xc1, 0x18, 0xd4, 0x21, // <.....:....)...!
	0xc3, 0x73, 0x29, 0x73, 0xa3, 0x93, 0xcb, 0x83, 0x7a, 0x4b, 0x73, 0xa3, 0x9b, 0x9b, 0x12, 0xa4, // .s)s....zKs.....
	0x01, 0x00, 0x00, 0x00, 0x00, 0x79, 0x18, 0x00, 0x00, 0x51, 0x00, 0x00, 0x00, 0x33, 0x08, 0x80, // .....y...Q...3..
	0x1c, 0xc4, 0xe1, 0x1c, 0x66, 0x14, 0x01, 0x3d, 0x88, 0x43, 0x38, 0x84, 0xc3, 0x8c, 0x42, 0x80, // ....f..=.C8...B.
	0x07, 0x79, 0x78, 0x07, 0x73, 0x98, 0x71, 0x0c, 0xe6, 0x00, 0x0f, 0xed, 0x10, 0x0e, 0xf4, 0x80, // .yx.s.q.........
	0x0e, 0x33, 0x0c, 0x42, 0x1e, 0xc2, 0xc1, 0x1d, 0xce, 0xa1, 0x1c, 0x66, 0x30, 0x05, 0x3d, 0x88, // .3.B.......f0.=.
	0x43, 0x38, 0x84, 0x83, 0x1b, 0xcc, 0x03, 0x3d, 0xc8, 0x43, 0x3d, 0x8c, 0x03, 0x3d, 0xcc, 0x78, // C8.....=.C=..=.x
	0x8c, 0x74, 0x70, 0x07, 0x7b, 0x08, 0x07, 0x79, 0x48, 0x87, 0x70, 0x70, 0x07, 0x7a, 0x70, 0x03, // .tp.{..yH.pp.zp.
	0x76, 0x78, 0x87, 0x70, 0x20, 0x87, 0x19, 0xcc, 0x11, 0x0e, 0xec, 0x90, 0x0e, 0xe1, 0x30, 0x0f, // vx.p .........0.
	0x6e, 0x30, 0x0f, 0xe3, 0xf0, 0x0e, 0xf0, 0x50, 0x0e, 0x33, 0x10, 0xc4, 0x1d, 0xde, 0x21, 0x1c, // n0.....P.3....!.
	0xd8, 0x21, 0x1d, 0xc2, 0x61, 0x1e, 0x66, 0x30, 0x89, 0x3b, 0xbc, 0x83, 0x3b, 0xd0, 0x43, 0x39, // .!..a.f0.;..;.C9
	0xb4, 0x03, 0x3c, 0xbc, 0x83, 0x3c, 0x84, 0x03, 0x3b, 0xcc, 0xf0, 0x14, 0x76, 0x60, 0x07, 0x7b, // ..<..<..;...v`.{
	0x68, 0x07, 0x37, 0x68, 0x87, 0x72, 0x68, 0x07, 0x37, 0x80, 0x87, 0x70, 0x90, 0x87, 0x70, 0x60, // h.7h.rh.7..p..p`
	0x07, 0x76, 0x28, 0x07, 0x76, 0xf8, 0x05, 0x76, 0x78, 0x87, 0x77, 0x80, 0x87, 0x5f, 0x08, 0x87, // .v(.v..vx.w.._..
	0x71, 0x18, 0x87, 0x72, 0x98, 0x87, 0x79, 0x98, 0x81, 0x2c, 0xee, 0xf0, 0x0e, 0xee, 0xe0, 0x0e, // q..r..y..,......
	0xf5, 0xc0, 0x0e, 0xec, 0x30, 0x03, 0x62, 0xc8, 0xa1, 0x1c, 0xe4, 0xa1, 0x1c, 0xcc, 0xa1, 0x1c, // ....0.b.........
	0xe4, 0xa1, 0x1c, 0xdc, 0x61, 0x1c, 0xca, 0x21, 0x1c, 0xc4, 0x81, 0x1d, 0xca, 0x61, 0x06, 0xd6, // ....a..!.....a..
	0x90, 0x43, 0x39, 0xc8, 0x43, 0x39, 0x98, 0x43, 0x39, 0xc8, 0x43, 0x39, 0xb8, 0xc3, 0x38, 0x94, // .C9.C9.C9.C9..8.
	0x43, 0x38, 0x88, 0x03, 0x3b, 0x94, 0xc3, 0x2f, 0xbc, 0x83, 0x3c, 0xfc, 0x82, 0x3b, 0xd4, 0x03, // C8..;../..<..;..
	0x3b, 0xb0, 0xc3, 0x0c, 0xc4, 0x21, 0x07, 0x7c, 0x70, 0x03, 0x7a, 0x28, 0x87, 0x76, 0x80, 0x87, // ;....!.|p.z(.v..
	0x19, 0xd1, 0x43, 0x0e, 0xf8, 0xe0, 0x06, 0xe4, 0x20, 0x0e, 0xe7, 0xe0, 0x06, 0xf6, 0x10, 0x0e, // ..C..... .......
	0xf2, 0xc0, 0x0e, 0xe1, 0x90, 0x0f, 0xef, 0x50, 0x0f, 0xf4, 0x30, 0x83, 0x81, 0xc8, 0x01, 0x1f, // .......P..0.....
	0xdc, 0x40, 0x1c, 0xe4, 0xa1, 0x1c, 0xc2, 0x61, 0x1d, 0xdc, 0x40, 0x1c, 0xe4, 0x01, 0x00, 0x00, // .@.....a..@.....
	0x00, 0x71, 0x20, 0x00, 0x00, 0x30, 0x00, 0x00, 0x00, 0x35, 0xd0, 0x04, 0x7e, 0xe7, 0xf9, 0x37, // .q ..0...5..~..7
	0x08, 0x04, 0xce, 0xa0, 0xc1, 0x66, 0xb0, 0x04, 0x9a, 0xc0, 0xef, 0x3c, 0xff, 0x0a, 0x81, 0xc0, // .....f.....<....
	0x19, 0x34, 0xd8, 0x0c, 0x56, 0x40, 0x13, 0xf8, 0x9d, 0xe7, 0xdf, 0x23, 0x10, 0x38, 0x83, 0x06, // .4..V@.....#.8..
	0x9b, 0xc1, 0x02, 0x68, 0x02, 0xbf, 0xf3, 0xfc, 0x2b, 0x05, 0x02, 0x67, 0xd0, 0x60, 0x33, 0x68, // ...h....+..g.`3h
	0x07, 0xcd, 0x70, 0xf9, 0xce, 0xe3, 0x07, 0x40, 0x14, 0x21, 0x44, 0x64, 0x0a, 0xdb, 0x70, 0xf9, // ..p....@.!Dd..p.
	0xce, 0xe3, 0x0b, 0x01, 0x55, 0x14, 0x44, 0x54, 0x3a, 0xc0, 0x50, 0x12, 0x06, 0x20, 0x60, 0x7e, // ....U.DT:.P.. `~
	0x71, 0xdb, 0xb6, 0x20, 0x0d, 0x97, 0xef, 0x3c, 0xbe, 0x10, 0x11, 0xc0, 0x44, 0x84, 0x40, 0x33, // q.. ...<....D.@3
	0x2c, 0x84, 0x15, 0x88, 0xc1, 0x70, 0xf9, 0xce, 0xe3, 0x17, 0x0b, 0x30, 0x4d, 0x44, 0x43, 0x0c, // ,....p.....0MDC.
	0xed, 0x11, 0x11, 0xc0, 0x20, 0x0e, 0x62, 0x03, 0x46, 0x0e, 0xf5, 0xf8, 0xc8, 0x6d, 0x1b, 0x42, // .... .b.F....m.B
	0x35, 0x5c, 0xbe, 0xf3, 0xf8, 0x12, 0xc0, 0x3c, 0x0b, 0x51, 0x12, 0x15, 0xb1, 0xf8, 0xc5, 0x6d, // 5......<.Q.....m
	0x5b, 0x82, 0x35, 0x5c, 0xbe, 0xf3, 0xf8, 0x13, 0x71, 0x4d, 0x54, 0x44, 0xb0, 0x93, 0x13, 0x11, // [.5.....qMTD....
	0x7e, 0x71, 0xdb, 0x66, 0x20, 0x0d, 0x97, 0xef, 0x3c, 0xfe, 0x74, 0x44, 0x04, 0x30, 0x88, 0x83, // ~q.f ...<.tD.0..
	0x8f, 0xdc, 0xb6, 0x11, 0x10, 0x0c, 0x80, 0x34, 0x00, 0x61, 0x20, 0x00, 0x00, 0xa5, 0x01, 0x00, // .......4.a .....
	0x00, 0x13, 0x04, 0x4a, 0x2c, 0x10, 0x00, 0x00, 0x00, 0x25, 0x00, 0x00, 0x00, 0xe4, 0x14, 0x41, // ...J,....%.....A
	0x19, 0x8c, 0x00, 0x90, 0x51, 0x72, 0xc5, 0x37, 0x03, 0x50, 0x86, 0x01, 0x05, 0x54, 0x48, 0xa5, // ....Qr.7.P...TH.
	0x1b, 0x50, 0xa0, 0x01, 0x05, 0x1c, 0x50, 0x76, 0x65, 0x53, 0x24, 0xe4, 0x94, 0x40, 0x79, 0x10, // .P....PveS$..@y.
	0x30, 0x46, 0x00, 0x82, 0x20, 0x48, 0x7f, 0x33, 0x00, 0x63, 0x04, 0x20, 0x08, 0x82, 0xe8, 0x47, // 0F.. H.3.c. ...G
	0xe7, 0x50, 0x47, 0x20, 0x00, 0x46, 0x63, 0x40, 0x43, 0x1d, 0x81, 0x10, 0x18, 0x8d, 0x01, 0x0d, // .PG .Fc@C.......
	0x75, 0x04, 0x82, 0x60, 0x34, 0x06, 0x34, 0xd4, 0x11, 0x08, 0x83, 0xd1, 0x18, 0xd0, 0x50, 0x47, // u..`4.4.......PG
	0x20, 0x00, 0x46, 0x63, 0x90, 0xc1, 0x50, 0x47, 0x20, 0x04, 0x46, 0x63, 0x90, 0xc1, 0x50, 0x47, //  .Fc..PG .Fc..PG
	0x20, 0x08, 0x46, 0x63, 0x90, 0xc1, 0x50, 0x47, 0x20, 0x0c, 0x46, 0x63, 0x90, 0xc1, 0x50, 0x47, //  .Fc..PG .Fc..PG
	0x20, 0x00, 0x46, 0x63, 0x94, 0xc1, 0x50, 0x47, 0x20, 0x04, 0x46, 0x63, 0x94, 0xc1, 0x50, 0x47, //  .Fc..PG .Fc..PG
	0x20, 0x08, 0x46, 0x63, 0x94, 0xc1, 0x50, 0x47, 0x20, 0x0c, 0x46, 0x63, 0x94, 0x01, 0x00, 0x00, //  .Fc..PG .Fc....
	0x00, 0x23, 0x06, 0x09, 0x00, 0x82, 0x60, 0x90, 0xc9, 0x41, 0x17, 0xa5, 0x41, 0x1a, 0x98, 0xc1, // .#....`..A..A...
	0x88, 0x41, 0x02, 0x80, 0x20, 0x18, 0x64, 0x73, 0xe0, 0x49, 0x6b, 0xb0, 0x06, 0x67, 0x30, 0x62, // .A.. .ds.Ik..g0b
	0x90, 0x00, 0x20, 0x08, 0x06, 0x19, 0x1d, 0x7c, 0xd3, 0x1c, 0xcc, 0x01, 0x1a, 0x8c, 0x18, 0x24, // .. ....|.......$
	0x00, 0x08, 0x82, 0x41, 0x56, 0x07, 0x60, 0x40, 0xcd, 0xc1, 0x1c, 0xa4, 0xc1, 0x88, 0x41, 0x02, // ...AV.`@......A.
	0x80, 0x20, 0x18, 0x64, 0x76, 0x10, 0x06, 0x62, 0x40, 0x07, 0x71, 0xa0, 0x06, 0x23, 0x06, 0x09, // . .dv..b@.q..#..
	0x00, 0x82, 0x60, 0x90, 0xdd, 0x81, 0x18, 0x90, 0x41, 0x1d, 0xc8, 0xc1, 0x1a, 0x8c, 0x18, 0x24, // ..`.....A......$
	0x00, 0x08, 0x82, 0x41, 0x86, 0x07, 0x63, 0x60, 0x06, 0x76, 0x60, 0x07, 0x6c, 0x30, 0x62, 0x50, // ...A..c`.v`.l0bP
	0x00, 0x20, 0x08, 0x06, 0xc7, 0x1f, 0x70, 0x23, 0x06, 0x06, 0x00, 0x82, 0x60, 0x90, 0xfc, 0xc1, // . ....p#....`...
	0x87, 0x07, 0x23, 0x06, 0x06, 0x00, 0x82, 0x60, 0x90, 0x80, 0x02, 0x18, 0xe8, 0xc1, 0x88, 0x81, // ..#....`........
	0x01, 0x80, 0x20, 0x18, 0x24, 0xa1, 0x10, 0x06, 0x74, 0x30, 0x62, 0x70, 0x00, 0x20, 0x08, 0x06, // .. .$...t0bp. ..
	0x96, 0x1f, 0x7c, 0xc5, 0x1e, 0x8c, 0x26, 0x04, 0xc0, 0x05, 0xc6, 0x8c, 0x26, 0x0c, 0xc1, 0x05, // ..|...&.....&...
	0xc6, 0x8c, 0x26, 0x14, 0xc2, 0x68, 0x82, 0x31, 0x9c, 0x02, 0xd4, 0x29, 0x40, 0x99, 0x10, 0x06, // ..&..h.1...)@...
	0xf0, 0x31, 0x41, 0x0c, 0xe0, 0x63, 0x86, 0x20, 0x1f, 0x33, 0x04, 0xf9, 0xdc, 0x02, 0xd4, 0x3d, // .1A..c. .3.....=
	0x40, 0x8d, 0x18, 0x3c, 0x00, 0x08, 0x82, 0x41, 0xf4, 0x0a, 0x76, 0x60, 0x55, 0xc4, 0x10, 0xa0, // @..<...A..v`U...
	0x81, 0x2a, 0xa8, 0x42, 0x1d, 0x08, 0xa3, 0x09, 0x01, 0x30, 0x9a, 0x20, 0x04, 0xa3, 0x09, 0x83, // .*.B.....0. ....
	0x30, 0x9a, 0x40, 0x0c, 0xd6, 0xb8, 0x01, 0x7c, 0x0c, 0x0a, 0xe4, 0x33, 0x62, 0xf0, 0x00, 0x20, // 0.@....|...3b.. 
	0x08, 0x06, 0x91, 0x2d, 0xf4, 0x41, 0xc7, 0x05, 0x0a, 0xf2, 0x06, 0xb1, 0x10, 0x0b, 0x7c, 0x90, // ...-.A........|.
	0x8c, 0x26, 0x04, 0xc0, 0x68, 0x82, 0x10, 0x8c, 0x26, 0x0c, 0xc2, 0x68, 0x02, 0x31, 0x18, 0xb1, // .&..h...&..h.1..
	0xc0, 0xc7, 0x88, 0x05, 0x3e, 0x46, 0x2c, 0xf0, 0x31, 0x62, 0x81, 0x8f, 0x5d, 0x79, 0x00, 0x1f, // ....>F,.1b..]y..
	0xd3, 0x02, 0xf9, 0x8c, 0x18, 0x3c, 0x00, 0x08, 0x82, 0x41, 0x14, 0x0e, 0xa8, 0x80, 0x06, 0x67, // .....<...A.....g
	0x60, 0x05, 0x93, 0x1e, 0xf0, 0x02, 0x2f, 0x9c, 0x02, 0x35, 0x9a, 0x10, 0x00, 0xa3, 0x09, 0x42, // `...../..5.....B
	0x30, 0x9a, 0x30, 0x08, 0xa3, 0x09, 0xc4, 0x60, 0x0b, 0x01, 0x1f, 0x5b, 0x08, 0xf8, 0xd8, 0x42, // 0.0....`...[...B
	0xc0, 0xc7, 0x16, 0x02, 0x3e, 0x23, 0x06, 0x0f, 0x00, 0x82, 0x60, 0x10, 0xa9, 0x43, 0x2c, 0xc4, // ....>#....`..C,.
	0x01, 0x1c, 0x54, 0x0a, 0x37, 0x0a, 0xe5, 0x50, 0x0e, 0xb0, 0xd0, 0x8d, 0x26, 0x04, 0xc0, 0x68, // ..T.7..P....&..h
	0x82, 0x10, 0x8c, 0x26, 0x0c, 0xc2, 0x68, 0x02, 0x31, 0x58, 0x42, 0xc0, 0xc7, 0x12, 0x02, 0x3e, // ...&..h.1XB....>
	0x96, 0x10, 0xf0, 0xb1, 0x84, 0x80, 0x8f, 0x11, 0xab, 0x20, 0x1f, 0x23, 0x58, 0x41, 0x3e, 0x46, // ......... .#XA>F
	0xb4, 0x82, 0x7c, 0x8c, 0x70, 0x05, 0xf9, 0x8c, 0x18, 0x38, 0x00, 0x08, 0x82, 0xc1, 0x64, 0x0f, // ..|.p....8....d.
	0xbc, 0xf0, 0x07, 0x7a, 0x90, 0x07, 0x78, 0x40, 0x0c, 0x42, 0x20, 0x0b, 0xc3, 0x0d, 0x73, 0x30, // ...z..x@.B ...s0
	0x0f, 0x60, 0x30, 0xcb, 0x90, 0x04, 0xc1, 0x0a, 0x06, 0x90, 0x98, 0x07, 0x3e, 0x18, 0x36, 0x20, // .`0.........>.6 
	0x02, 0x63, 0x00, 0x56, 0x30, 0x80, 0x04, 0x3d, 0xf4, 0xc1, 0xb0, 0x01, 0x11, 0x18, 0x03, 0xb0, // .c.V0..=........
	0x82, 0x01, 0x24, 0xea, 0xc1, 0x0f, 0x86, 0x0d, 0x88, 0xc0, 0x18, 0x80, 0x15, 0x0c, 0x20, 0x61, // ..$........... a
	0x0f, 0x7f, 0x30, 0x6c, 0x40, 0x04, 0xc6, 0x00, 0x8c, 0x18, 0x18, 0x00, 0x08, 0x82, 0xc1, 0xd2, // ..0l@...........
	0x0f, 0xbd, 0x60, 0x0f, 0x05, 0x0a, 0xf6, 0xa0, 0xc3, 0x0d, 0x01, 0x3e, 0x80, 0xc1, 0x2c, 0x83, // ..`........>..,.
	0x30, 0x04, 0x25, 0x0a, 0xfa, 0x00, 0x2b, 0x18, 0x4e, 0x42, 0x1f, 0x02, 0x0a, 0x80, 0xb1, 0x82, // 0.%...+.NB......
	0x01, 0x25, 0xf8, 0x61, 0xa0, 0x00, 0x18, 0x2b, 0x18, 0x52, 0xc2, 0x1f, 0x0a, 0x0a, 0x80, 0xb1, // .%.a...+.R......
	0x82, 0x41, 0x25, 0x40, 0xe2, 0xa0, 0x00, 0x18, 0xb5, 0x0a, 0xf9, 0x00, 0x2b, 0x18, 0x60, 0x62, // .A%@........+.`b
	0x24, 0x02, 0x0a, 0x80, 0xb1, 0x82, 0x21, 0x26, 0x4a, 0x62, 0xa0, 0x00, 0x18, 0x2b, 0x18, 0x64, // $.....!&Jb...+.d
	0xe2, 0x24, 0x0a, 0x0a, 0x80, 0xb1, 0x82, 0x61, 0x26, 0x52, 0xe2, 0xa0, 0x00, 0x18, 0x45, 0x0b, // .$.....a&R....E.
	0x2a, 0x01, 0x2b, 0x18, 0x72, 0x82, 0x25, 0x02, 0x0a, 0x80, 0xb1, 0x82, 0x41, 0x27, 0x5c, 0x62, // *.+.r.%.....A'.b
	0xa0, 0x00, 0x18, 0x2b, 0x18, 0x76, 0x02, 0x26, 0x0a, 0x0a, 0x80, 0xb1, 0x82, 0x81, 0x27, 0x64, // ...+.v.&......'d
	0xe2, 0xa0, 0x00, 0x18, 0x96, 0x99, 0x01, 0x7c, 0x0c, 0x33, 0x03, 0xf8, 0xd8, 0x65, 0x06, 0xf0, // .......|.3...e..
	0x31, 0xcb, 0x0c, 0xe0, 0x63, 0x04, 0x05, 0x1f, 0x23, 0x26, 0xf8, 0x18, 0x21, 0xc1, 0xc7, 0x88, // 1...c...#&..!...
	0x08, 0x3e, 0x46, 0x3c, 0xf0, 0x31, 0xc2, 0x81, 0x8f, 0x11, 0x0d, 0x7c, 0x8c, 0x60, 0xe0, 0x63, // .>F<.1.....|.`.c
	0x44, 0x3f, 0xc8, 0xc7, 0x08, 0x7f, 0x90, 0x8f, 0x11, 0xff, 0x20, 0x1f, 0x23, 0x40, 0x42, 0x3e, // D?........ .#@B>
	0xc5, 0x0e, 0x65, 0x81, 0xc5, 0x0e, 0x66, 0x81, 0x23, 0x06, 0x0e, 0x00, 0x82, 0x60, 0x30, 0xa9, // ..e...f.#....`0.
	0x05, 0x4c, 0xd0, 0x83, 0x10, 0xb0, 0x83, 0x51, 0x10, 0x83, 0x49, 0x0c, 0x1b, 0x10, 0x73, 0x60, // .L.....Q..I...s`
	0x0c, 0xc0, 0xb0, 0x01, 0x21, 0x07, 0xc5, 0x00, 0x0c, 0x1b, 0x10, 0x71, 0x40, 0x0c, 0xc0, 0xb0, // ....!......q@...
	0x01, 0x01, 0x07, 0xc3, 0x00, 0xcc, 0x12, 0x0c, 0x03, 0x15, 0x00, 0x23, 0xc0, 0x43, 0x30, 0x50, // ...........#.C0P
	0x01, 0x30, 0x02, 0x3c, 0x04, 0x03, 0x15, 0x00, 0x23, 0xc0, 0x43, 0x30, 0x50, 0x01, 0x30, 0x02, // .0.<....#.C0P.0.
	0x3c, 0x04, 0xc3, 0x0d, 0xeb, 0x40, 0x16, 0x60, 0x30, 0xcb, 0x90, 0x10, 0xc1, 0x88, 0x81, 0x01, // <....@.`0.......
	0x80, 0x20, 0x18, 0x2c, 0x71, 0x11, 0x13, 0x6a, 0x51, 0xf4, 0xe0, 0x12, 0x3a, 0xdc, 0x10, 0xb0, // . .,q..jQ...:...
	0x05, 0x18, 0xcc, 0x32, 0x14, 0x46, 0x50, 0xf6, 0x70, 0x16, 0xb0, 0x82, 0x61, 0x2f, 0xdc, 0x22, // ...2.FP.p...a/."
	0xa0, 0x00, 0x18, 0x2b, 0x18, 0xf8, 0x02, 0x2e, 0x06, 0x0a, 0x80, 0xb1, 0x82, 0xa1, 0x2f, 0xe4, // ...+........../.
	0xa2, 0xa0, 0x00, 0x18, 0x2b, 0x18, 0xfc, 0x82, 0x2e, 0x0e, 0x0a, 0x80, 0x51, 0xff, 0xe0, 0x16, // ....+.......Q...
	0xb0, 0x82, 0x81, 0x34, 0xee, 0x22, 0xa0, 0x00, 0x18, 0x2b, 0x18, 0x4a, 0x23, 0x2f, 0x06, 0x0a, // ...4."...+.J#/..
	0x80, 0xb1, 0x82, 0xc1, 0x34, 0xf6, 0xa2, 0xa0, 0x00, 0x18, 0x2b, 0x18, 0x4e, 0xa3, 0x2f, 0x0e, // ....4.....+.N./.
	0x0a, 0x80, 0x51, 0x28, 0x11, 0x16, 0xb0, 0x82, 0xa1, 0x35, 0x40, 0x23, 0xa0, 0x00, 0x18, 0x2b, // ..Q(.....5@#...+
	0x18, 0x5c, 0x43, 0x34, 0x06, 0x0a, 0x80, 0xb1, 0x82, 0xe1, 0x35, 0x48, 0xa3, 0xa0, 0x00, 0x18, // ..C4......5H....
	0x2b, 0x18, 0x60, 0xc3, 0x34, 0x0e, 0x0a, 0x80, 0x61, 0x99, 0x18, 0xc0, 0xc7, 0x30, 0x31, 0x80, // +.`.4...a....01.
	0x8f, 0x5d, 0x62, 0x00, 0x1f, 0xb3, 0xc4, 0x00, 0x3e, 0x46, 0x50, 0xf0, 0x31, 0x62, 0x82, 0x8f, // .]b.....>FP.1b..
	0x11, 0x12, 0x7c, 0x8c, 0x88, 0xe0, 0x63, 0xc4, 0x03, 0x1f, 0x23, 0x1c, 0xf8, 0x18, 0xd1, 0xc0, // ..|...c...#.....
	0xc7, 0x08, 0x06, 0x3e, 0x46, 0xc4, 0x85, 0x7c, 0x8c, 0x90, 0x0b, 0xf9, 0x18, 0x31, 0x17, 0xf2, // ...>F..|.....1..
	0x31, 0x82, 0x2e, 0xe4, 0x53, 0x60, 0x21, 0x1b, 0x58, 0x60, 0x31, 0x1b, 0x38, 0x62, 0xe0, 0x00, // 1...S`!.X`1.8b..
	0x20, 0x08, 0x06, 0x93, 0x6f, 0x90, 0x46, 0x5a, 0x08, 0x01, 0x58, 0x18, 0x05, 0x31, 0xe8, 0xc5, //  ...o.FZ..X..1..
	0xb0, 0x01, 0x71, 0x0e, 0xc6, 0x00, 0x0c, 0x1b, 0x10, 0xe6, 0x50, 0x0c, 0xc0, 0xb0, 0x01, 0x51, // ..q.......P....Q
	0x0e, 0xc4, 0x00, 0x0c, 0x1b, 0x10, 0xe4, 0x30, 0x0c, 0xc0, 0x2c, 0x81, 0x31, 0x50, 0x01, 0x30, // .......0..,.1P.0
	0x05, 0x3a, 0x10, 0x03, 0x15, 0x00, 0x53, 0xa0, 0x03, 0x31, 0x50, 0x01, 0x30, 0x05, 0x3a, 0x10, // .:....S..1P.0.:.
	0x03, 0x15, 0x00, 0x53, 0xa0, 0x03, 0x31, 0xdc, 0xf0, 0x13, 0xb7, 0x01, 0x06, 0xb3, 0x0c, 0xc9, // ...S..1.........
	0x11, 0x8c, 0x18, 0x18, 0x00, 0x08, 0x82, 0xc1, 0x52, 0x1e, 0xa5, 0xe1, 0x1b, 0xc3, 0x0d, 0x68, // ........R......h
	0xf1, 0x1b, 0x60, 0x30, 0xcb, 0x80, 0x24, 0x01, 0xf1, 0x05, 0x30, 0x88, 0x2f, 0x80, 0x41, 0x7c, // ..`0..$...0./.A|
	0x01, 0x0c, 0xe2, 0x0b, 0x60, 0x10, 0x5f, 0x00, 0x83, 0xf8, 0x02, 0x18, 0xc4, 0x17, 0xc0, 0x20, // ....`._........ 
	0xbe, 0x00, 0x06, 0xf1, 0x05, 0x30, 0x88, 0x2f, 0x80, 0x41, 0x7c, 0x01, 0x0c, 0xe2, 0x0b, 0x60, // .....0./.A|....`
	0x18, 0x23, 0xc1, 0xc7, 0x18, 0x09, 0x3e, 0xc6, 0x48, 0xf0, 0x31, 0x46, 0x82, 0x8f, 0x11, 0x0c, // .#....>.H.1F....
	0x7c, 0x8c, 0x60, 0xe0, 0x63, 0x04, 0x03, 0x1f, 0x23, 0x18, 0xf8, 0x18, 0xc1, 0xc0, 0xc7, 0x08, // |.`.c...#.......
	0x06, 0x3e, 0x46, 0x30, 0xf0, 0x31, 0x82, 0x81, 0x8f, 0x11, 0xb5, 0x21, 0x1f, 0x23, 0x6c, 0x43, // .>F0.1.....!.#lC
	0x3e, 0x46, 0xdc, 0x86, 0x7c, 0x8c, 0xc0, 0x0d, 0xf9, 0x14, 0x69, 0xd4, 0x07, 0x16, 0x69, 0xd8, // >F..|.....i...i.
	0x07, 0x8e, 0x18, 0x38, 0x00, 0x08, 0x82, 0xc1, 0x24, 0x22, 0xe8, 0xe1, 0x1a, 0x42, 0x40, 0x1a, // ...8....$"...B@.
	0x46, 0x41, 0x0c, 0xbe, 0x31, 0x4b, 0x90, 0x60, 0x40, 0x0c, 0x00, 0x00, 0x00, 0x44, 0x00, 0x00, // FA..1K.`@....D..
	0x00, 0x5b, 0x06, 0x53, 0x08, 0xe2, 0x60, 0xcb, 0x80, 0x0a, 0x41, 0x1c, 0x6c, 0x19, 0x54, 0x21, // .[.S..`...A.l.T!
	0x88, 0x83, 0x2d, 0x03, 0x2b, 0x04, 0x71, 0xb0, 0x65, 0x98, 0x85, 0x20, 0x0e, 0xb6, 0x0c, 0xb5, // ..-.+.q.e.. ....
	0x10, 0xc4, 0xc1, 0x96, 0xe1, 0x16, 0x82, 0x38, 0xd8, 0x32, 0xe4, 0x42, 0x10, 0x07, 0x5b, 0x06, // .......8.2.B..[.
	0x5e, 0x08, 0xe2, 0x60, 0xcb, 0xe0, 0x0b, 0x41, 0x1c, 0x6c, 0x19, 0xc0, 0x21, 0x88, 0x83, 0x2d, // ^..`...A.l..!..-
	0x83, 0x38, 0x04, 0x71, 0xb0, 0x65, 0x28, 0x87, 0x20, 0x0e, 0xb6, 0x0c, 0xe7, 0x10, 0xc4, 0xc1, // .8.q.e(. .......
	0x96, 0x21, 0x1d, 0x82, 0x38, 0xd8, 0x32, 0xac, 0x43, 0x10, 0x07, 0x5b, 0x86, 0x7f, 0x08, 0xe2, // .!..8.2.C..[....
	0x60, 0xcb, 0x00, 0x12, 0x41, 0x1c, 0x6c, 0x19, 0x42, 0x22, 0x88, 0x83, 0x2d, 0x83, 0x48, 0x04, // `...A.l.B"..-.H.
	0x71, 0xb0, 0x65, 0x80, 0x89, 0x20, 0x0e, 0xb6, 0x0c, 0x32, 0x11, 0xc4, 0xc1, 0x96, 0x81, 0x26, // q.e.. ...2.....&
	0x82, 0x38, 0xd8, 0x32, 0xd8, 0x44, 0x10, 0x07, 0x5b, 0x86, 0x9c, 0x08, 0xe2, 0x60, 0xcb, 0xb0, // .8.2.D..[....`..
	0x13, 0x41, 0x1c, 0x6c, 0x19, 0x7a, 0x22, 0x88, 0x83, 0x2d, 0xc3, 0x4f, 0x04, 0x71, 0xb0, 0x65, // .A.l.z"..-.O.q.e
	0x10, 0x8b, 0x20, 0x0e, 0xb6, 0x0c, 0x64, 0x11, 0xc4, 0xc1, 0x96, 0xc1, 0x2c, 0x82, 0x38, 0xd8, // .. ...d.....,.8.
	0x32, 0xa0, 0x45, 0x10, 0x07, 0x5b, 0x06, 0xbe, 0x08, 0xe2, 0x60, 0xcb, 0xd0, 0x17, 0x41, 0x1c, // 2.E..[....`...A.
	0x6c, 0x19, 0xfc, 0x22, 0x88, 0x83, 0x2d, 0xc3, 0x5f, 0x04, 0x71, 0xb0, 0x65, 0x50, 0x8d, 0x20, // l.."..-._.q.eP. 
	0x0e, 0xb6, 0x0c, 0xab, 0x11, 0xc4, 0xc1, 0x96, 0x81, 0x35, 0x82, 0x38, 0xd8, 0x32, 0xb4, 0x46, // .........5.8.2.F
	0x10, 0x07, 0x5b, 0x06, 0xd7, 0x08, 0xe2, 0x60, 0xcb, 0xf0, 0x1a, 0x41, 0x1c, 0x6c, 0x19, 0x60, // ..[....`...A.l.`
	0x23, 0x88, 0x83, 0x2d, 0x43, 0x6c, 0x04, 0x71, 0xb0, 0x65, 0x90, 0x8d, 0x20, 0x0e, 0xb6, 0x0c, // #..-Cl.q.e.. ...
	0xb3, 0x11, 0xc4, 0xc1, 0x96, 0x81, 0x36, 0x82, 0x38, 0xd8, 0x32, 0xd4, 0x46, 0x10, 0x07, 0x00, // ......6.8.2.F...
	0x00, 0x00, 0x00, 0x00, 0x00, 0x00, 0x00, 0x00, 0x00, 0x00, 0x00, 0x10, 0x00,                   // .............
};
static const uint8_t cs_mipgen_oddxy_mtl[6044] =
{
	0x43, 0x53, 0x48, 0x0b, 0x00, 0x00, 0x00, 0x00, 0x00, 0x00, 0x00, 0x00, 0x08, 0x00, 0x15, 0x62, // CSH............b
	0x67, 0x66, 0x78, 0x5f, 0x74, 0x65, 0x78, 0x4d, 0x69, 0x70, 0x53, 0x72, 0x63, 0x53, 0x61, 0x6d, // gfx_texMipSrcSam
	0x70, 0x6c, 0x65, 0x72, 0x01, 0x01, 0xff, 0xff, 0x01, 0x00, 0x00, 0x00, 0x00, 0x00, 0x15, 0x62, // pler...........b
	0x67, 0x66, 0x78, 0x5f, 0x74, 0x65, 0x78, 0x4d, 0x69, 0x70, 0x53, 0x72, 0x63, 0x54, 0x65, 0x78, // gfx_texMipSrcTex
	0x74, 0x75, 0x72, 0x65, 0x01, 0x01, 0xff, 0xff, 0x01, 0x00, 0x00, 0x00, 0x00, 0x00, 0x0b, 0x62, // ture...........b
	0x67, 0x66, 0x78, 0x5f, 0x6d, 0x69, 0x70, 0x47, 0x65, 0x6e, 0x02, 0x01, 0x00, 0x00, 0x01, 0x00, // gfx_mipGen......
	0x00, 0x00, 0x00, 0x00, 0x09, 0x73, 0x5f, 0x69, 0x6d, 0x67, 0x4d, 0x69, 0x70, 0x31, 0x01, 0x01, // .....s_imgMip1..
	0xff, 0xff, 0x01, 0x00, 0x00, 0x00, 0x00, 0x00, 0x09, 0x73, 0x5f, 0x69, 0x6d, 0x67, 0x4d, 0x69, // .........s_imgMi
	0x70, 0x32, 0x01, 0x01, 0xff, 0xff, 0x01, 0x00, 0x00, 0x00, 0x00, 0x00, 0x09, 0x73, 0x5f, 0x69, // p2...........s_i
	0x6d, 0x67, 0x4d, 0x69, 0x70, 0x33, 0x01, 0x01, 0xff, 0xff, 0x01, 0x00, 0x00, 0x00, 0x00, 0x00, // mgMip3..........
	0x09, 0x73, 0x5f, 0x69, 0x6d, 0x67, 0x4d, 0x69, 0x70, 0x34, 0x01, 0x01, 0xff, 0xff, 0x01, 0x00, // .s_imgMip4......
	0x00, 0x00, 0x00, 0x00, 0x0e, 0x62, 0x67, 0x66, 0x78, 0x5f, 0x74, 0x65, 0x78, 0x4d, 0x69, 0x70, // .....bgfx_texMip
	0x53, 0x72, 0x63, 0x00, 0x00, 0x00, 0x00, 0x00, 0x00, 0x00, 0x00, 0x00, 0x00, 0x08, 0x00, 0x08, // Src.............
	0x00, 0x01, 0x00, 0xc1, 0x16, 0x00, 0x00, 0x23, 0x70, 0x72, 0x61, 0x67, 0x6d, 0x61, 0x20, 0x63, // .......#pragma c
	0x6c, 0x61, 0x6e, 0x67, 0x20, 0x64, 0x69, 0x61, 0x67, 0x6e, 0x6f, 0x73, 0x74, 0x69, 0x63, 0x20, // lang diagnostic 
	0x69, 0x67, 0x6e, 0x6f, 0x72, 0x65, 0x64, 0x20, 0x22, 0x2d, 0x57, 0x6d, 0x69, 0x73, 0x73, 0x69, // ignored "-Wmissi
	0x6e, 0x67, 0x2d, 0x70, 0x72, 0x6f, 0x74, 0x6f, 0x74, 0x79, 0x70, 0x65, 0x73, 0x22, 0x0a, 0x23, // ng-prototypes".#
	0x70, 0x72, 0x61, 0x67, 0x6d, 0x61, 0x20, 0x63, 0x6c, 0x61, 0x6e, 0x67, 0x20, 0x64, 0x69, 0x61, // pragma clang dia
	0x67, 0x6e, 0x6f, 0x73, 0x74, 0x69, 0x63, 0x20, 0x69, 0x67, 0x6e, 0x6f, 0x72, 0x65, 0x64, 0x20, // gnostic ignored 
	0x22, 0x2d, 0x57, 0x6d, 0x69, 0x73, 0x73, 0x69, 0x6e, 0x67, 0x2d, 0x62, 0x72, 0x61, 0x63, 0x65, // "-Wmissing-brace
	0x73, 0x22, 0x0a, 0x0a, 0x23, 0x69, 0x6e, 0x63, 0x6c, 0x75, 0x64, 0x65, 0x20, 0x3c, 0x6d, 0x65, // s"..#include <me
	0x74, 0x61, 0x6c, 0x5f, 0x73, 0x74, 0x64, 0x6c, 0x69, 0x62, 0x3e, 0x0a, 0x23, 0x69, 0x6e, 0x63, // tal_stdlib>.#inc
	0x6c, 0x75, 0x64, 0x65, 0x20, 0x3c, 0x73, 0x69, 0x6d, 0x64, 0x2f, 0x73, 0x69, 0x6d, 0x64, 0x2e, // lude <simd/simd.
	0x68, 0x3e, 0x0a, 0x0a, 0x75, 0x73, 0x69, 0x6e, 0x67, 0x20, 0x6e, 0x61, 0x6d, 0x65, 0x73, 0x70, // h>..using namesp
	0x61, 0x63, 0x65, 0x20, 0x6d, 0x65, 0x74, 0x61, 0x6c, 0x3b, 0x0a, 0x0a, 0x74, 0x65, 0x6d, 0x70, // ace metal;..temp
	0x6c, 0x61, 0x74, 0x65, 0x3c, 0x74, 0x79, 0x70, 0x65, 0x6e, 0x61, 0x6d, 0x65, 0x20, 0x54, 0x2c, // late<typename T,
	0x20, 0x73, 0x69, 0x7a, 0x65, 0x5f, 0x74, 0x20, 0x4e, 0x75, 0x6d, 0x3e, 0x0a, 0x73, 0x74, 0x72, //  size_t Num>.str
	0x75, 0x63, 0x74, 0x20, 0x73, 0x70, 0x76, 0x55, 0x6e, 0x73, 0x61, 0x66, 0x65, 0x41, 0x72, 0x72, // uct spvUnsafeArr
	0x61, 0x79, 0x0a, 0x7b, 0x0a, 0x20, 0x20, 0x20, 0x20, 0x54, 0x20, 0x65, 0x6c, 0x65, 0x6d, 0x65, // ay.{.    T eleme
	0x6e, 0x74, 0x73, 0x5b, 0x4e, 0x75, 0x6d, 0x20, 0x3f, 0x20, 0x4e, 0x75, 0x6d, 0x20, 0x3a, 0x20, // nts[Num ? Num : 
	0x31, 0x5d, 0x3b, 0x0a, 0x20, 0x20, 0x20, 0x20, 0x0a, 0x20, 0x20, 0x20, 0x20, 0x74, 0x68, 0x72, // 1];.    .    thr
	0x65, 0x61, 0x64, 0x20, 0x54, 0x26, 0x20, 0x6f, 0x70, 0x65, 0x72, 0x61, 0x74, 0x6f, 0x72, 0x20, // ead T& operator 
	0x5b, 0x5d, 0x20, 0x28, 0x73, 0x69, 0x7a, 0x65, 0x5f, 0x74, 0x20, 0x70, 0x6f, 0x73, 0x29, 0x20, // [] (size_t pos) 
	0x74, 0x68, 0x72, 0x65, 0x61, 0x64, 0x0a, 0x20, 0x20, 0x20, 0x20, 0x7b, 0x0a, 0x20, 0x20, 0x20, // thread.    {.   
	0x20, 0x20, 0x20, 0x20, 0x20, 0x72, 0x65, 0x74, 0x75, 0x72, 0x6e, 0x20, 0x65, 0x6c, 0x65, 0x6d, //      return elem
	0x65, 0x6e, 0x74, 0x73, 0x5b, 0x70, 0x6f, 0x73, 0x5d, 0x3b, 0x0a, 0x20, 0x20, 0x20, 0x20, 0x7d, // ents[pos];.    }
	0x0a, 0x20, 0x20, 0x20, 0x20, 0x63, 0x6f, 0x6e, 0x73, 0x74, 0x65, 0x78, 0x70, 0x72, 0x20, 0x63, // .    constexpr c
	0x6f, 0x6e, 0x73, 0x74, 0x20, 0x74, 0x68, 0x72, 0x65, 0x61, 0x64, 0x20, 0x54, 0x26, 0x20, 0x6f, // onst thread T& o
	0x70, 0x65, 0x72, 0x61, 0x74, 0x6f, 0x72, 0x20, 0x5b, 0x5d, 0x20, 0x28, 0x73, 0x69, 0x7a, 0x65, // perator [] (size
	0x5f, 0x74, 0x20, 0x70, 0x6f, 0x73, 0x29, 0x20, 0x63, 0x6f, 0x6e, 0x73, 0x74, 0x20, 0x74, 0x68, // _t pos) const th
	0x72, 0x65, 0x61, 0x64, 0x0a, 0x20, 0x20, 0x20, 0x20, 0x7b, 0x0a, 0x20, 0x20, 0x20, 0x20, 0x20, // read.    {.     
	0x20, 0x20, 0x20, 0x72, 0x65, 0x74, 0x75, 0x72, 0x6e, 0x20, 0x65, 0x6c, 0x65, 0x6d, 0x65, 0x6e, //    return elemen
	0x74, 0x73, 0x5b, 0x70, 0x6f, 0x73, 0x5d, 0x3b, 0x0a, 0x20, 0x20, 0x20, 0x20, 0x7d, 0x0a, 0x20, // ts[pos];.    }. 
	0x20, 0x20, 0x20, 0x0a, 0x20, 0x20, 0x20, 0x20, 0x64, 0x65, 0x76, 0x69, 0x63, 0x65, 0x20, 0x54, //    .    device T
	0x26, 0x20, 0x6f, 0x70, 0x65, 0x72, 0x61, 0x74, 0x6f, 0x72, 0x20, 0x5b, 0x5d, 0x20, 0x28, 0x73, // & operator [] (s
	0x69, 0x7a, 0x65, 0x5f, 0x74, 0x20, 0x70, 0x6f, 0x73, 0x29, 0x20, 0x64, 0x65, 0x76, 0x69, 0x63, // ize_t pos) devic
	0x65, 0x0a, 0x20, 0x20, 0x20, 0x20, 0x7b, 0x0a, 0x20, 0x20, 0x20, 0x20, 0x20, 0x20, 0x20, 0x20, // e.    {.        
	0x72, 0x65, 0x74, 0x75, 0x72, 0x6e, 0x20, 0x65, 0x6c, 0x65, 0x6d, 0x65, 0x6e, 0x74, 0x73, 0x5b, // return elements[
	0x70, 0x6f, 0x73, 0x5d, 0x3b, 0x0a, 0x20, 0x20, 0x20, 0x20, 0x7d, 0x0a, 0x20, 0x20, 0x20, 0x20, // pos];.    }.    
	0x63, 0x6f, 0x6e, 0x73, 0x74, 0x65, 0x78, 0x70, 0x72, 0x20, 0x63, 0x6f, 0x6e, 0x73, 0x74, 0x20, // constexpr const 
	0x64, 0x65, 0x76, 0x69, 0x63, 0x65, 0x20, 0x54, 0x26, 0x20, 0x6f, 0x70, 0x65, 0x72, 0x61, 0x74, // device T& operat
	0x6f, 0x72, 0x20, 0x5b, 0x5d, 0x20, 0x28, 0x73, 0x69, 0x7a, 0x65, 0x5f, 0x74, 0x20, 0x70, 0x6f, // or [] (size_t po
	0x73, 0x29, 0x20, 0x63, 0x6f, 0x6e, 0x73, 0x74, 0x20, 0x64, 0x65, 0x76, 0x69, 0x63, 0x65, 0x0a, // s) const device.
	0x20, 0x20, 0x20, 0x20, 0x7b, 0x0a, 0x20, 0x20, 0x20, 0x20, 0x20, 0x20, 0x20, 0x20, 0x72, 0x65, //     {.        re
	0x74, 0x75, 0x72, 0x6e, 0x20, 0x65, 0x6c, 0x65, 0x6d, 0x65, 0x6e, 0x74, 0x73, 0x5b, 0x70, 0x6f, // turn elements[po
	0x73, 0x5d, 0x3b, 0x0a, 0x20, 0x20, 0x20, 0x20, 0x7d, 0x0a, 0x20, 0x20, 0x20, 0x20, 0x0a, 0x20, // s];.    }.    . 
	0x20, 0x20, 0x20, 0x63, 0x6f, 0x6e, 0x73, 0x74, 0x65, 0x78, 0x70, 0x72, 0x20, 0x63, 0x6f, 0x6e, //    constexpr con
	0x73, 0x74, 0x20, 0x63, 0x6f, 0x6e, 0x73, 0x74, 0x61, 0x6e, 0x74, 0x20, 0x54, 0x26, 0x20, 0x6f, // st constant T& o
	0x70, 0x65, 0x72, 0x61, 0x74, 0x6f, 0x72, 0x20, 0x5b, 0x5d, 0x20, 0x28, 0x73, 0x69, 0x7a, 0x65, // perator [] (size
	0x5f, 0x74, 0x20, 0x70, 0x6f, 0x73, 0x29, 0x20, 0x63, 0x6f, 0x6e, 0x73, 0x74, 0x20, 0x63, 0x6f, // _t pos) const co
	0x6e, 0x73, 0x74, 0x61, 0x6e, 0x74, 0x0a, 0x20, 0x20, 0x20, 0x20, 0x7b, 0x0a, 0x20, 0x20, 0x20, // nstant.    {.   
	0x20, 0x20, 0x20, 0x20, 0x20, 0x72, 0x65, 0x74, 0x75, 0x72, 0x6e, 0x20, 0x65, 0x6c, 0x65, 0x6d, //      return elem
	0x65, 0x6e, 0x74, 0x73, 0x5b, 0x70, 0x6f, 0x73, 0x5d, 0x3b, 0x0a, 0x20, 0x20, 0x20, 0x20, 0x7d, // ents[pos];.    }
	0x0a, 0x20, 0x20, 0x20, 0x20, 0x0a, 0x20, 0x20, 0x20, 0x20, 0x74, 0x68, 0x72, 0x65, 0x61, 0x64, // .    .    thread
	0x67, 0x72, 0x6f, 0x75, 0x70, 0x20, 0x54, 0x26, 0x20, 0x6f, 0x70, 0x65, 0x72, 0x61, 0x74, 0x6f, // group T& operato
	0x72, 0x20, 0x5b, 0x5d, 0x20, 0x28, 0x73, 0x69, 0x7a, 0x65, 0x5f, 0x74, 0x20, 0x70, 0x6f, 0x73, // r [] (size_t pos
	0x29, 0x20, 0x74, 0x68, 0x72, 0x65, 0x61, 0x64, 0x67, 0x72, 0x6f, 0x75, 0x70, 0x0a, 0x20, 0x20, // ) threadgroup.  
	0x20, 0x20, 0x7b, 0x0a, 0x20, 0x20, 0x20, 0x20, 0x20, 0x20, 0x20, 0x20, 0x72, 0x65, 0x74, 0x75, //   {.        retu
	0x72, 0x6e, 0x20, 0x65, 0x6c, 0x65, 0x6d, 0x65, 0x6e, 0x74, 0x73, 0x5b, 0x70, 0x6f, 0x73, 0x5d, // rn elements[pos]
	0x3b, 0x0a, 0x20, 0x20, 0x20, 0x20, 0x7d, 0x0a, 0x20, 0x20, 0x20, 0x20, 0x63, 0x6f, 0x6e, 0x73, // ;.    }.    cons
	0x74, 0x65, 0x78, 0x70, 0x72, 0x20, 0x63, 0x6f, 0x6e, 0x73, 0x74, 0x20, 0x74, 0x68, 0x72, 0x65, // texpr const thre
	0x61, 0x64, 0x67, 0x72, 0x6f, 0x75, 0x70, 0x20, 0x54, 0x26, 0x20, 0x6f, 0x70, 0x65, 0x72, 0x61, // adgroup T& opera
	0x74, 0x6f, 0x72, 0x20, 0x5b, 0x5d, 0x20, 0x28, 0x73, 0x69, 0x7a, 0x65, 0x5f, 0x74, 0x20, 0x70, // tor [] (size_t p
	0x6f, 0x73, 0x29, 0x20, 0x63, 0x6f, 0x6e, 0x73, 0x74, 0x20, 0x74, 0x68, 0x72, 0x65, 0x61, 0x64, // os) const thread
	0x67, 0x72, 0x6f, 0x75, 0x70, 0x0a, 0x20, 0x20, 0x20, 0x20, 0x7b, 0x0a, 0x20, 0x20, 0x20, 0x20, // group.    {.    
	0x20, 0x20, 0x20, 0x20, 0x72, 0x65, 0x74, 0x75, 0x72, 0x6e, 0x20, 0x65, 0x6c, 0x65, 0x6d, 0x65, //     return eleme
	0x6e, 0x74, 0x73, 0x5b, 0x70, 0x6f, 0x73, 0x5d, 0x3b, 0x0a, 0x20, 0x20, 0x20, 0x20, 0x7d, 0x0a, // nts[pos];.    }.
	0x7d, 0x3b, 0x0a, 0x0a, 0x73, 0x74, 0x72, 0x75, 0x63, 0x74, 0x20, 0x5f, 0x47, 0x6c, 0x6f, 0x62, // };..struct _Glob
	0x61, 0x6c, 0x0a, 0x7b, 0x0a, 0x20, 0x20, 0x20, 0x20, 0x66, 0x6c, 0x6f, 0x61, 0x74, 0x34, 0x20, // al.{.    float4 
	0x62, 0x67, 0x66, 0x78, 0x5f, 0x6d, 0x69, 0x70, 0x47, 0x65, 0x6e, 0x3b, 0x0a, 0x7d, 0x3b, 0x0a, // bgfx_mipGen;.};.
	0x0a, 0x6b, 0x65, 0x72, 0x6e, 0x65, 0x6c, 0x20, 0x76, 0x6f, 0x69, 0x64, 0x20, 0x78, 0x6c, 0x61, // .kernel void xla
	0x74, 0x4d, 0x74, 0x6c, 0x4d, 0x61, 0x69, 0x6e, 0x28, 0x63, 0x6f, 0x6e, 0x73, 0x74, 0x61, 0x6e, // tMtlMain(constan
	0x74, 0x20, 0x5f, 0x47, 0x6c, 0x6f, 0x62, 0x61, 0x6c, 0x26, 0x20, 0x5f, 0x6d, 0x74, 0x6c, 0x5f, // t _Global& _mtl_
	0x75, 0x20, 0x5b, 0x5b, 0x62, 0x75, 0x66, 0x66, 0x65, 0x72, 0x28, 0x30, 0x29, 0x5d, 0x5d, 0x2c, // u [[buffer(0)]],
	0x20, 0x74, 0x65, 0x78, 0x74, 0x75, 0x72, 0x65, 0x32, 0x64, 0x5f, 0x61, 0x72, 0x72, 0x61, 0x79, //  texture2d_array
	0x3c, 0x66, 0x6c, 0x6f, 0x61, 0x74, 0x2c, 0x20, 0x61, 0x63, 0x63, 0x65, 0x73, 0x73, 0x3a, 0x3a, // <float, access::
	0x77, 0x72, 0x69, 0x74, 0x65, 0x3e, 0x20, 0x73, 0x5f, 0x69, 0x6d, 0x67, 0x4d, 0x69, 0x70, 0x31, // write> s_imgMip1
	0x20, 0x5b, 0x5b, 0x74, 0x65, 0x78, 0x74, 0x75, 0x72, 0x65, 0x28, 0x30, 0x29, 0x5d, 0x5d, 0x2c, //  [[texture(0)]],
	0x20, 0x74, 0x65, 0x78, 0x74, 0x75, 0x72, 0x65, 0x32, 0x64, 0x5f, 0x61, 0x72, 0x72, 0x61, 0x79, //  texture2d_array
	0x3c, 0x66, 0x6c, 0x6f, 0x61, 0x74, 0x2c, 0x20, 0x61, 0x63, 0x63, 0x65, 0x73, 0x73, 0x3a, 0x3a, // <float, access::
	0x77, 0x72, 0x69, 0x74, 0x65, 0x3e, 0x20, 0x73, 0x5f, 0x69, 0x6d, 0x67, 0x4d, 0x69, 0x70, 0x32, // write> s_imgMip2
	0x20, 0x5b, 0x5b, 0x74, 0x65, 0x78, 0x74, 0x75, 0x72, 0x65, 0x28, 0x31, 0x29, 0x5d, 0x5d, 0x2c, //  [[texture(1)]],
	0x20, 0x74, 0x65, 0x78, 0x74, 0x75, 0x72, 0x65, 0x32, 0x64, 0x5f, 0x61, 0x72, 0x72, 0x61, 0x79, //  texture2d_array
	0x3c, 0x66, 0x6c, 0x6f, 0x61, 0x74, 0x2c, 0x20, 0x61, 0x63, 0x63, 0x65, 0x73, 0x73, 0x3a, 0x3a, // <float, access::
	0x77, 0x72, 0x69, 0x74, 0x65, 0x3e, 0x20, 0x73, 0x5f, 0x69, 0x6d, 0x67, 0x4d, 0x69, 0x70, 0x33, // write> s_imgMip3
	0x20, 0x5b, 0x5b, 0x74, 0x65, 0x78, 0x74, 0x75, 0x72, 0x65, 0x28, 0x32, 0x29, 0x5d, 0x5d, 0x2c, //  [[texture(2)]],
	0x20, 0x74, 0x65, 0x78, 0x74, 0x75, 0x72, 0x65, 0x32, 0x64, 0x5f, 0x61, 0x72, 0x72, 0x61, 0x79, //  texture2d_array
	0x3c, 0x66, 0x6c, 0x6f, 0x61, 0x74, 0x2c, 0x20, 0x61, 0x63, 0x63, 0x65, 0x73, 0x73, 0x3a, 0x3a, // <float, access::
	0x77, 0x72, 0x69, 0x74, 0x65, 0x3e, 0x20, 0x73, 0x5f, 0x69, 0x6d, 0x67, 0x4d, 0x69, 0x70, 0x34, // write> s_imgMip4
	0x20, 0x5b, 0x5b, 0x74, 0x65, 0x78, 0x74, 0x75, 0x72, 0x65, 0x28, 0x33, 0x29, 0x5d, 0x5d, 0x2c, //  [[texture(3)]],
	0x20, 0x74, 0x65, 0x78, 0x74, 0x75, 0x72, 0x65, 0x32, 0x64, 0x5f, 0x61, 0x72, 0x72, 0x61, 0x79, //  texture2d_array
	0x3c, 0x66, 0x6c, 0x6f, 0x61, 0x74, 0x3e, 0x20, 0x62, 0x67, 0x66, 0x78, 0x5f, 0x74, 0x65, 0x78, // <float> bgfx_tex
	0x4d, 0x69, 0x70, 0x53, 0x72, 0x63, 0x20, 0x5b, 0x5b, 0x74, 0x65, 0x78, 0x74, 0x75, 0x72, 0x65, // MipSrc [[texture
	0x28, 0x34, 0x29, 0x5d, 0x5d, 0x2c, 0x20, 0x73, 0x61, 0x6d, 0x70, 0x6c, 0x65, 0x72, 0x20, 0x62, // (4)]], sampler b
	0x67, 0x66, 0x78, 0x5f, 0x74, 0x65, 0x78, 0x4d, 0x69, 0x70, 0x53, 0x72, 0x63, 0x53, 0x61, 0x6d, // gfx_texMipSrcSam
	0x70, 0x6c, 0x65, 0x72, 0x20, 0x5b, 0x5b, 0x73, 0x61, 0x6d, 0x70, 0x6c, 0x65, 0x72, 0x28, 0x34, // pler [[sampler(4
	0x29, 0x5d, 0x5d, 0x2c, 0x20, 0x75, 0x69, 0x6e, 0x74, 0x20, 0x67, 0x6c, 0x5f, 0x4c, 0x6f, 0x63, // )]], uint gl_Loc
	0x61, 0x6c, 0x49, 0x6e, 0x76, 0x6f, 0x63, 0x61, 0x74, 0x69, 0x6f, 0x6e, 0x49, 0x6e, 0x64, 0x65, // alInvocationInde
	0x78, 0x20, 0x5b, 0x5b, 0x74, 0x68, 0x72, 0x65, 0x61, 0x64, 0x5f, 0x69, 0x6e, 0x64, 0x65, 0x78, // x [[thread_index
	0x5f, 0x69, 0x6e, 0x5f, 0x74, 0x68, 0x72, 0x65, 0x61, 0x64, 0x67, 0x72, 0x6f, 0x75, 0x70, 0x5d, // _in_threadgroup]
	0x5d, 0x2c, 0x20, 0x75, 0x69, 0x6e, 0x74, 0x33, 0x20, 0x67, 0x6c, 0x5f, 0x47, 0x6c, 0x6f, 0x62, // ], uint3 gl_Glob
	0x61, 0x6c, 0x49, 0x6e, 0x76, 0x6f, 0x63, 0x61, 0x74, 0x69, 0x6f, 0x6e, 0x49, 0x44, 0x20, 0x5b, // alInvocationID [
	0x5b, 0x74, 0x68, 0x72, 0x65, 0x61, 0x64, 0x5f, 0x70, 0x6f, 0x73, 0x69, 0x74, 0x69, 0x6f, 0x6e, // [thread_position
	0x5f, 0x69, 0x6e, 0x5f, 0x67, 0x72, 0x69, 0x64, 0x5d, 0x5d, 0x29, 0x0a, 0x7b, 0x0a, 0x20, 0x20, // _in_grid]]).{.  
	0x20, 0x20, 0x74, 0x68, 0x72, 0x65, 0x61, 0x64, 0x67, 0x72, 0x6f, 0x75, 0x70, 0x20, 0x73, 0x70, //   threadgroup sp
	0x76, 0x55, 0x6e, 0x73, 0x61, 0x66, 0x65, 0x41, 0x72, 0x72, 0x61, 0x79, 0x3c, 0x66, 0x6c, 0x6f, // vUnsafeArray<flo
	0x61, 0x74, 0x2c, 0x20, 0x36, 0x34, 0x3e, 0x20, 0x67, 0x73, 0x5f, 0x52, 0x3b, 0x0a, 0x20, 0x20, // at, 64> gs_R;.  
	0x20, 0x20, 0x74, 0x68, 0x72, 0x65, 0x61, 0x64, 0x67, 0x72, 0x6f, 0x75, 0x70, 0x20, 0x73, 0x70, //   threadgroup sp
	0x76, 0x55, 0x6e, 0x73, 0x61, 0x66, 0x65, 0x41, 0x72, 0x72, 0x61, 0x79, 0x3c, 0x66, 0x6c, 0x6f, // vUnsafeArray<flo
	0x61, 0x74, 0x2c, 0x20, 0x36, 0x34, 0x3e, 0x20, 0x67, 0x73, 0x5f, 0x47, 0x3b, 0x0a, 0x20, 0x20, // at, 64> gs_G;.  
	0x20, 0x20, 0x74, 0x68, 0x72, 0x65, 0x61, 0x64, 0x67, 0x72, 0x6f, 0x75, 0x70, 0x20, 0x73, 0x70, //   threadgroup sp
	0x76, 0x55, 0x6e, 0x73, 0x61, 0x66, 0x65, 0x41, 0x72, 0x72, 0x61, 0x79, 0x3c, 0x66, 0x6c, 0x6f, // vUnsafeArray<flo
	0x61, 0x74, 0x2c, 0x20, 0x36, 0x34, 0x3e, 0x20, 0x67, 0x73, 0x5f, 0x42, 0x3b, 0x0a, 0x20, 0x20, // at, 64> gs_B;.  
	0x20, 0x20, 0x74, 0x68, 0x72, 0x65, 0x61, 0x64, 0x67, 0x72, 0x6f, 0x75, 0x70, 0x20, 0x73, 0x70, //   threadgroup sp
	0x76, 0x55, 0x6e, 0x73, 0x61, 0x66, 0x65, 0x41, 0x72, 0x72, 0x61, 0x79, 0x3c, 0x66, 0x6c, 0x6f, // vUnsafeArray<flo
	0x61, 0x74, 0x2c, 0x20, 0x36, 0x34, 0x3e, 0x20, 0x67, 0x73, 0x5f, 0x41, 0x3b, 0x0a, 0x20, 0x20, // at, 64> gs_A;.  
	0x20, 0x20, 0x64, 0x6f, 0x0a, 0x20, 0x20, 0x20, 0x20, 0x7b, 0x0a, 0x20, 0x20, 0x20, 0x20, 0x20, //   do.    {.     
	0x20, 0x20, 0x20, 0x75, 0x69, 0x6e, 0x74, 0x20, 0x5f, 0x35, 0x34, 0x34, 0x20, 0x3d, 0x20, 0x75, //    uint _544 = u
	0x69, 0x6e, 0x74, 0x28, 0x69, 0x6e, 0x74, 0x28, 0x67, 0x6c, 0x5f, 0x4c, 0x6f, 0x63, 0x61, 0x6c, // int(int(gl_Local
	0x49, 0x6e, 0x76, 0x6f, 0x63, 0x61, 0x74, 0x69, 0x6f, 0x6e, 0x49, 0x6e, 0x64, 0x65, 0x78, 0x29, // InvocationIndex)
	0x29, 0x3b, 0x0a, 0x20, 0x20, 0x20, 0x20, 0x20, 0x20, 0x20, 0x20, 0x75, 0x69, 0x6e, 0x74, 0x33, // );.        uint3
	0x20, 0x5f, 0x35, 0x34, 0x36, 0x20, 0x3d, 0x20, 0x75, 0x69, 0x6e, 0x74, 0x33, 0x28, 0x69, 0x6e, //  _546 = uint3(in
	0x74, 0x33, 0x28, 0x67, 0x6c, 0x5f, 0x47, 0x6c, 0x6f, 0x62, 0x61, 0x6c, 0x49, 0x6e, 0x76, 0x6f, // t3(gl_GlobalInvo
	0x63, 0x61, 0x74, 0x69, 0x6f, 0x6e, 0x49, 0x44, 0x29, 0x29, 0x3b, 0x0a, 0x20, 0x20, 0x20, 0x20, // cationID));.    
	0x20, 0x20, 0x20, 0x20, 0x75, 0x69, 0x6e, 0x74, 0x20, 0x5f, 0x35, 0x35, 0x32, 0x20, 0x3d, 0x20, //     uint _552 = 
	0x75, 0x69, 0x6e, 0x74, 0x28, 0x5f, 0x6d, 0x74, 0x6c, 0x5f, 0x75, 0x2e, 0x62, 0x67, 0x66, 0x78, // uint(_mtl_u.bgfx
	0x5f, 0x6d, 0x69, 0x70, 0x47, 0x65, 0x6e, 0x2e, 0x79, 0x29, 0x3b, 0x0a, 0x20, 0x20, 0x20, 0x20, // _mipGen.y);.    
	0x20, 0x20, 0x20, 0x20, 0x75, 0x69, 0x6e, 0x74, 0x20, 0x5f, 0x35, 0x35, 0x37, 0x20, 0x3d, 0x20, //     uint _557 = 
	0x5f, 0x35, 0x34, 0x36, 0x2e, 0x7a, 0x3b, 0x0a, 0x20, 0x20, 0x20, 0x20, 0x20, 0x20, 0x20, 0x20, // _546.z;.        
	0x75, 0x69, 0x6e, 0x74, 0x32, 0x20, 0x5f, 0x35, 0x36, 0x30, 0x20, 0x3d, 0x20, 0x5f, 0x35, 0x34, // uint2 _560 = _54
	0x36, 0x2e, 0x78, 0x79, 0x3b, 0x0a, 0x20, 0x20, 0x20, 0x20, 0x20, 0x20, 0x20, 0x20, 0x66, 0x6c, // 6.xy;.        fl
	0x6f, 0x61, 0x74, 0x32, 0x20, 0x5f, 0x35, 0x36, 0x33, 0x20, 0x3d, 0x20, 0x5f, 0x6d, 0x74, 0x6c, // oat2 _563 = _mtl
	0x5f, 0x75, 0x2e, 0x62, 0x67, 0x66, 0x78, 0x5f, 0x6d, 0x69, 0x70, 0x47, 0x65, 0x6e, 0x2e, 0x7a, // _u.bgfx_mipGen.z
	0x77, 0x20, 0x2a, 0x20, 0x28, 0x66, 0x6c, 0x6f, 0x61, 0x74, 0x32, 0x28, 0x5f, 0x35, 0x36, 0x30, // w * (float2(_560
	0x29, 0x20, 0x2b, 0x20, 0x66, 0x6c, 0x6f, 0x61, 0x74, 0x32, 0x28, 0x30, 0x2e, 0x32, 0x35, 0x29, // ) + float2(0.25)
	0x29, 0x3b, 0x0a, 0x20, 0x20, 0x20, 0x20, 0x20, 0x20, 0x20, 0x20, 0x66, 0x6c, 0x6f, 0x61, 0x74, // );.        float
	0x32, 0x20, 0x5f, 0x35, 0x36, 0x36, 0x20, 0x3d, 0x20, 0x5f, 0x6d, 0x74, 0x6c, 0x5f, 0x75, 0x2e, // 2 _566 = _mtl_u.
	0x62, 0x67, 0x66, 0x78, 0x5f, 0x6d, 0x69, 0x70, 0x47, 0x65, 0x6e, 0x2e, 0x7a, 0x77, 0x20, 0x2a, // bgfx_mipGen.zw *
	0x20, 0x66, 0x6c, 0x6f, 0x61, 0x74, 0x32, 0x28, 0x30, 0x2e, 0x35, 0x29, 0x3b, 0x0a, 0x20, 0x20, //  float2(0.5);.  
	0x20, 0x20, 0x20, 0x20, 0x20, 0x20, 0x66, 0x6c, 0x6f, 0x61, 0x74, 0x20, 0x5f, 0x35, 0x36, 0x39, //       float _569
	0x20, 0x3d, 0x20, 0x66, 0x6c, 0x6f, 0x61, 0x74, 0x28, 0x5f, 0x35, 0x35, 0x37, 0x29, 0x3b, 0x0a, //  = float(_557);.
	0x20, 0x20, 0x20, 0x20, 0x20, 0x20, 0x20, 0x20, 0x66, 0x6c, 0x6f, 0x61, 0x74, 0x33, 0x20, 0x5f, //         float3 _
	0x35, 0x37, 0x32, 0x20, 0x3d, 0x20, 0x66, 0x6c, 0x6f, 0x61, 0x74, 0x33, 0x28, 0x5f, 0x35, 0x36, // 572 = float3(_56
	0x33, 0x2c, 0x20, 0x5f, 0x35, 0x36, 0x39, 0x29, 0x3b, 0x0a, 0x20, 0x20, 0x20, 0x20, 0x20, 0x20, // 3, _569);.      
	0x20, 0x20, 0x66, 0x6c, 0x6f, 0x61, 0x74, 0x20, 0x5f, 0x35, 0x37, 0x34, 0x20, 0x3d, 0x20, 0x66, //   float _574 = f
	0x6c, 0x6f, 0x61, 0x74, 0x28, 0x75, 0x69, 0x6e, 0x74, 0x28, 0x5f, 0x6d, 0x74, 0x6c, 0x5f, 0x75, // loat(uint(_mtl_u
	0x2e, 0x62, 0x67, 0x66, 0x78, 0x5f, 0x6d, 0x69, 0x70, 0x47, 0x65, 0x6e, 0x2e, 0x78, 0x29, 0x29, // .bgfx_mipGen.x))
	0x3b, 0x0a, 0x20, 0x20, 0x20, 0x20, 0x20, 0x20, 0x20, 0x20, 0x66, 0x6c, 0x6f, 0x61, 0x74, 0x33, // ;.        float3
	0x20, 0x5f, 0x35, 0x38, 0x36, 0x20, 0x3d, 0x20, 0x66, 0x6c, 0x6f, 0x61, 0x74, 0x33, 0x28, 0x5f, //  _586 = float3(_
	0x35, 0x36, 0x33, 0x20, 0x2b, 0x20, 0x66, 0x6c, 0x6f, 0x61, 0x74, 0x32, 0x28, 0x5f, 0x35, 0x36, // 563 + float2(_56
	0x36, 0x2e, 0x78, 0x2c, 0x20, 0x30, 0x2e, 0x30, 0x29, 0x2c, 0x20, 0x5f, 0x35, 0x36, 0x39, 0x29, // 6.x, 0.0), _569)
	0x3b, 0x0a, 0x20, 0x20, 0x20, 0x20, 0x20, 0x20, 0x20, 0x20, 0x66, 0x6c, 0x6f, 0x61, 0x74, 0x33, // ;.        float3
	0x20, 0x5f, 0x36, 0x30, 0x32, 0x20, 0x3d, 0x20, 0x66, 0x6c, 0x6f, 0x61, 0x74, 0x33, 0x28, 0x5f, //  _602 = float3(_
	0x35, 0x36, 0x33, 0x20, 0x2b, 0x20, 0x66, 0x6c, 0x6f, 0x61, 0x74, 0x32, 0x28, 0x30, 0x2e, 0x30, // 563 + float2(0.0
	0x2c, 0x20, 0x5f, 0x35, 0x36, 0x36, 0x2e, 0x79, 0x29, 0x2c, 0x20, 0x5f, 0x35, 0x36, 0x39, 0x29, // , _566.y), _569)
	0x3b, 0x0a, 0x20, 0x20, 0x20, 0x20, 0x20, 0x20, 0x20, 0x20, 0x66, 0x6c, 0x6f, 0x61, 0x74, 0x33, // ;.        float3
	0x20, 0x5f, 0x36, 0x32, 0x30, 0x20, 0x3d, 0x20, 0x66, 0x6c, 0x6f, 0x61, 0x74, 0x33, 0x28, 0x5f, //  _620 = float3(_
	0x35, 0x36, 0x33, 0x20, 0x2b, 0x20, 0x5f, 0x35, 0x36, 0x36, 0x2c, 0x20, 0x5f, 0x35, 0x36, 0x39, // 563 + _566, _569
	0x29, 0x3b, 0x0a, 0x20, 0x20, 0x20, 0x20, 0x20, 0x20, 0x20, 0x20, 0x66, 0x6c, 0x6f, 0x61, 0x74, // );.        float
	0x34, 0x20, 0x5f, 0x36, 0x32, 0x38, 0x20, 0x3d, 0x20, 0x28, 0x28, 0x28, 0x62, 0x67, 0x66, 0x78, // 4 _628 = (((bgfx
	0x5f, 0x74, 0x65, 0x78, 0x4d, 0x69, 0x70, 0x53, 0x72, 0x63, 0x2e, 0x73, 0x61, 0x6d, 0x70, 0x6c, // _texMipSrc.sampl
	0x65, 0x28, 0x62, 0x67, 0x66, 0x78, 0x5f, 0x74, 0x65, 0x78, 0x4d, 0x69, 0x70, 0x53, 0x72, 0x63, // e(bgfx_texMipSrc
	0x53, 0x61, 0x6d, 0x70, 0x6c, 0x65, 0x72, 0x2c, 0x20, 0x5f, 0x35, 0x37, 0x32, 0x2e, 0x78, 0x79, // Sampler, _572.xy
	0x2c, 0x20, 0x75, 0x69, 0x6e, 0x74, 0x28, 0x72, 0x69, 0x6e, 0x74, 0x28, 0x5f, 0x35, 0x37, 0x32, // , uint(rint(_572
	0x2e, 0x7a, 0x29, 0x29, 0x2c, 0x20, 0x6c, 0x65, 0x76, 0x65, 0x6c, 0x28, 0x5f, 0x35, 0x37, 0x34, // .z)), level(_574
	0x29, 0x29, 0x20, 0x2b, 0x20, 0x62, 0x67, 0x66, 0x78, 0x5f, 0x74, 0x65, 0x78, 0x4d, 0x69, 0x70, // )) + bgfx_texMip
	0x53, 0x72, 0x63, 0x2e, 0x73, 0x61, 0x6d, 0x70, 0x6c, 0x65, 0x28, 0x62, 0x67, 0x66, 0x78, 0x5f, // Src.sample(bgfx_
	0x74, 0x65, 0x78, 0x4d, 0x69, 0x70, 0x53, 0x72, 0x63, 0x53, 0x61, 0x6d, 0x70, 0x6c, 0x65, 0x72, // texMipSrcSampler
	0x2c, 0x20, 0x5f, 0x35, 0x38, 0x36, 0x2e, 0x78, 0x79, 0x2c, 0x20, 0x75, 0x69, 0x6e, 0x74, 0x28, // , _586.xy, uint(
	0x72, 0x69, 0x6e, 0x74, 0x28, 0x5f, 0x35, 0x38, 0x36, 0x2e, 0x7a, 0x29, 0x29, 0x2c, 0x20, 0x6c, // rint(_586.z)), l
	0x65, 0x76, 0x65, 0x6c, 0x28, 0x5f, 0x35, 0x37, 0x34, 0x29, 0x29, 0x29, 0x20, 0x2b, 0x20, 0x62, // evel(_574))) + b
	0x67, 0x66, 0x78, 0x5f, 0x74, 0x65, 0x78, 0x4d, 0x69, 0x70, 0x53, 0x72, 0x63, 0x2e, 0x73, 0x61, // gfx_texMipSrc.sa
	0x6d, 0x70, 0x6c, 0x65, 0x28, 0x62, 0x67, 0x66, 0x78, 0x5f, 0x74, 0x65, 0x78, 0x4d, 0x69, 0x70, // mple(bgfx_texMip
	0x53, 0x72, 0x63, 0x53, 0x61, 0x6d, 0x70, 0x6c, 0x65, 0x72, 0x2c, 0x20, 0x5f, 0x36, 0x30, 0x32, // SrcSampler, _602
	0x2e, 0x78, 0x79, 0x2c, 0x20, 0x75, 0x69, 0x6e, 0x74, 0x28, 0x72, 0x69, 0x6e, 0x74, 0x28, 0x5f, // .xy, uint(rint(_
	0x36, 0x30, 0x32, 0x2e, 0x7a, 0x29, 0x29, 0x2c, 0x20, 0x6c, 0x65, 0x76, 0x65, 0x6c, 0x28, 0x5f, // 602.z)), level(_
	0x35, 0x37, 0x34, 0x29, 0x29, 0x29, 0x20, 0x2b, 0x20, 0x62, 0x67, 0x66, 0x78, 0x5f, 0x74, 0x65, // 574))) + bgfx_te
	0x78, 0x4d, 0x69, 0x70, 0x53, 0x72, 0x63, 0x2e, 0x73, 0x61, 0x6d, 0x70, 0x6c, 0x65, 0x28, 0x62, // xMipSrc.sample(b
	0x67, 0x66, 0x78, 0x5f, 0x74, 0x65, 0x78, 0x4d, 0x69, 0x70, 0x53, 0x72, 0x63, 0x53, 0x61, 0x6d, // gfx_texMipSrcSam
	0x70, 0x6c, 0x65, 0x72, 0x2c, 0x20, 0x5f, 0x36, 0x32, 0x30, 0x2e, 0x78, 0x79, 0x2c, 0x20, 0x75, // pler, _620.xy, u
	0x69, 0x6e, 0x74, 0x28, 0x72, 0x69, 0x6e, 0x74, 0x28, 0x5f, 0x36, 0x32, 0x30, 0x2e, 0x7a, 0x29, // int(rint(_620.z)
	0x29, 0x2c, 0x20, 0x6c, 0x65, 0x76, 0x65, 0x6c, 0x28, 0x5f, 0x35, 0x37, 0x34, 0x29, 0x29, 0x29, // ), level(_574)))
	0x20, 0x2a, 0x20, 0x30, 0x2e, 0x32, 0x35, 0x3b, 0x0a, 0x20, 0x20, 0x20, 0x20, 0x20, 0x20, 0x20, //  * 0.25;.       
	0x20, 0x69, 0x6e, 0x74, 0x20, 0x5f, 0x36, 0x33, 0x33, 0x20, 0x3d, 0x20, 0x69, 0x6e, 0x74, 0x28, //  int _633 = int(
	0x5f, 0x35, 0x35, 0x37, 0x29, 0x3b, 0x0a, 0x20, 0x20, 0x20, 0x20, 0x20, 0x20, 0x20, 0x20, 0x69, // _557);.        i
	0x6e, 0x74, 0x33, 0x20, 0x5f, 0x36, 0x33, 0x36, 0x20, 0x3d, 0x20, 0x69, 0x6e, 0x74, 0x33, 0x28, // nt3 _636 = int3(
	0x69, 0x6e, 0x74, 0x32, 0x28, 0x5f, 0x35, 0x36, 0x30, 0x29, 0x2c, 0x20, 0x5f, 0x36, 0x33, 0x33, // int2(_560), _633
	0x29, 0x3b, 0x0a, 0x20, 0x20, 0x20, 0x20, 0x20, 0x20, 0x20, 0x20, 0x73, 0x5f, 0x69, 0x6d, 0x67, // );.        s_img
	0x4d, 0x69, 0x70, 0x31, 0x2e, 0x77, 0x72, 0x69, 0x74, 0x65, 0x28, 0x5f, 0x36, 0x32, 0x38, 0x2c, // Mip1.write(_628,
	0x20, 0x75, 0x69, 0x6e, 0x74, 0x32, 0x28, 0x5f, 0x36, 0x33, 0x36, 0x2e, 0x78, 0x79, 0x29, 0x2c, //  uint2(_636.xy),
	0x20, 0x75, 0x69, 0x6e, 0x74, 0x28, 0x5f, 0x36, 0x33, 0x36, 0x2e, 0x7a, 0x29, 0x29, 0x3b, 0x0a, //  uint(_636.z));.
	0x20, 0x20, 0x20, 0x20, 0x20, 0x20, 0x20, 0x20, 0x69, 0x66, 0x20, 0x28, 0x5f, 0x35, 0x35, 0x32, //         if (_552
	0x20, 0x3d, 0x3d, 0x20, 0x31, 0x75, 0x29, 0x0a, 0x20, 0x20, 0x20, 0x20, 0x20, 0x20, 0x20, 0x20, //  == 1u).        
	0x7b, 0x0a, 0x20, 0x20, 0x20, 0x20, 0x20, 0x20, 0x20, 0x20, 0x20, 0x20, 0x20, 0x20, 0x62, 0x72, // {.            br
	0x65, 0x61, 0x6b, 0x3b, 0x0a, 0x20, 0x20, 0x20, 0x20, 0x20, 0x20, 0x20, 0x20, 0x7d, 0x0a, 0x20, // eak;.        }. 
	0x20, 0x20, 0x20, 0x20, 0x20, 0x20, 0x20, 0x67, 0x73, 0x5f, 0x52, 0x5b, 0x5f, 0x35, 0x34, 0x34, //        gs_R[_544
	0x5d, 0x20, 0x3d, 0x20, 0x5f, 0x36, 0x32, 0x38, 0x2e, 0x78, 0x3b, 0x0a, 0x20, 0x20, 0x20, 0x20, // ] = _628.x;.    
	0x20, 0x20, 0x20, 0x20, 0x67, 0x73, 0x5f, 0x47, 0x5b, 0x5f, 0x35, 0x34, 0x34, 0x5d, 0x20, 0x3d, //     gs_G[_544] =
	0x20, 0x5f, 0x36, 0x32, 0x38, 0x2e, 0x79, 0x3b, 0x0a, 0x20, 0x20, 0x20, 0x20, 0x20, 0x20, 0x20, //  _628.y;.       
	0x20, 0x67, 0x73, 0x5f, 0x42, 0x5b, 0x5f, 0x35, 0x34, 0x34, 0x5d, 0x20, 0x3d, 0x20, 0x5f, 0x36, //  gs_B[_544] = _6
	0x32, 0x38, 0x2e, 0x7a, 0x3b, 0x0a, 0x20, 0x20, 0x20, 0x20, 0x20, 0x20, 0x20, 0x20, 0x67, 0x73, // 28.z;.        gs
	0x5f, 0x41, 0x5b, 0x5f, 0x35, 0x34, 0x34, 0x5d, 0x20, 0x3d, 0x20, 0x5f, 0x36, 0x32, 0x38, 0x2e, // _A[_544] = _628.
	0x77, 0x3b, 0x0a, 0x20, 0x20, 0x20, 0x20, 0x20, 0x20, 0x20, 0x20, 0x74, 0x68, 0x72, 0x65, 0x61, // w;.        threa
	0x64, 0x67, 0x72, 0x6f, 0x75, 0x70, 0x5f, 0x62, 0x61, 0x72, 0x72, 0x69, 0x65, 0x72, 0x28, 0x6d, // dgroup_barrier(m
	0x65, 0x6d, 0x5f, 0x66, 0x6c, 0x61, 0x67, 0x73, 0x3a, 0x3a, 0x6d, 0x65, 0x6d, 0x5f, 0x74, 0x68, // em_flags::mem_th
	0x72, 0x65, 0x61, 0x64, 0x67, 0x72, 0x6f, 0x75, 0x70, 0x29, 0x3b, 0x0a, 0x20, 0x20, 0x20, 0x20, // readgroup);.    
	0x20, 0x20, 0x20, 0x20, 0x66, 0x6c, 0x6f, 0x61, 0x74, 0x34, 0x20, 0x5f, 0x31, 0x30, 0x35, 0x37, //     float4 _1057
	0x3b, 0x0a, 0x20, 0x20, 0x20, 0x20, 0x20, 0x20, 0x20, 0x20, 0x69, 0x66, 0x20, 0x28, 0x28, 0x5f, // ;.        if ((_
	0x35, 0x34, 0x34, 0x20, 0x26, 0x20, 0x39, 0x75, 0x29, 0x20, 0x3d, 0x3d, 0x20, 0x30, 0x75, 0x29, // 544 & 9u) == 0u)
	0x0a, 0x20, 0x20, 0x20, 0x20, 0x20, 0x20, 0x20, 0x20, 0x7b, 0x0a, 0x20, 0x20, 0x20, 0x20, 0x20, // .        {.     
	0x20, 0x20, 0x20, 0x20, 0x20, 0x20, 0x20, 0x75, 0x69, 0x6e, 0x74, 0x20, 0x5f, 0x36, 0x35, 0x32, //        uint _652
	0x20, 0x3d, 0x20, 0x5f, 0x35, 0x34, 0x34, 0x20, 0x2b, 0x20, 0x31, 0x75, 0x3b, 0x0a, 0x20, 0x20, //  = _544 + 1u;.  
	0x20, 0x20, 0x20, 0x20, 0x20, 0x20, 0x20, 0x20, 0x20, 0x20, 0x75, 0x69, 0x6e, 0x74, 0x20, 0x5f, //           uint _
	0x36, 0x35, 0x35, 0x20, 0x3d, 0x20, 0x5f, 0x35, 0x34, 0x34, 0x20, 0x2b, 0x20, 0x38, 0x75, 0x3b, // 655 = _544 + 8u;
	0x0a, 0x20, 0x20, 0x20, 0x20, 0x20, 0x20, 0x20, 0x20, 0x20, 0x20, 0x20, 0x20, 0x75, 0x69, 0x6e, // .            uin
	0x74, 0x20, 0x5f, 0x36, 0x35, 0x38, 0x20, 0x3d, 0x20, 0x5f, 0x35, 0x34, 0x34, 0x20, 0x2b, 0x20, // t _658 = _544 + 
	0x39, 0x75, 0x3b, 0x0a, 0x20, 0x20, 0x20, 0x20, 0x20, 0x20, 0x20, 0x20, 0x20, 0x20, 0x20, 0x20, // 9u;.            
	0x66, 0x6c, 0x6f, 0x61, 0x74, 0x34, 0x20, 0x5f, 0x36, 0x36, 0x37, 0x20, 0x3d, 0x20, 0x28, 0x28, // float4 _667 = ((
	0x28, 0x5f, 0x36, 0x32, 0x38, 0x20, 0x2b, 0x20, 0x66, 0x6c, 0x6f, 0x61, 0x74, 0x34, 0x28, 0x67, // (_628 + float4(g
	0x73, 0x5f, 0x52, 0x5b, 0x5f, 0x36, 0x35, 0x32, 0x5d, 0x2c, 0x20, 0x67, 0x73, 0x5f, 0x47, 0x5b, // s_R[_652], gs_G[
	0x5f, 0x36, 0x35, 0x32, 0x5d, 0x2c, 0x20, 0x67, 0x73, 0x5f, 0x42, 0x5b, 0x5f, 0x36, 0x35, 0x32, // _652], gs_B[_652
	0x5d, 0x2c, 0x20, 0x67, 0x73, 0x5f, 0x41, 0x5b, 0x5f, 0x36, 0x35, 0x32, 0x5d, 0x29, 0x29, 0x20, // ], gs_A[_652])) 
	0x2b, 0x20, 0x66, 0x6c, 0x6f, 0x61, 0x74, 0x34, 0x28, 0x67, 0x73, 0x5f, 0x52, 0x5b, 0x5f, 0x36, // + float4(gs_R[_6
	0x35, 0x35, 0x5d, 0x2c, 0x20, 0x67, 0x73, 0x5f, 0x47, 0x5b, 0x5f, 0x36, 0x35, 0x35, 0x5d, 0x2c, // 55], gs_G[_655],
	0x20, 0x67, 0x73, 0x5f, 0x42, 0x5b, 0x5f, 0x36, 0x35, 0x35, 0x5d, 0x2c, 0x20, 0x67, 0x73, 0x5f, //  gs_B[_655], gs_
	0x41, 0x5b, 0x5f, 0x36, 0x35, 0x35, 0x5d, 0x29, 0x29, 0x20, 0x2b, 0x20, 0x66, 0x6c, 0x6f, 0x61, // A[_655])) + floa
	0x74, 0x34, 0x28, 0x67, 0x73, 0x5f, 0x52, 0x5b, 0x5f, 0x36, 0x35, 0x38, 0x5d, 0x2c, 0x20, 0x67, // t4(gs_R[_658], g
	0x73, 0x5f, 0x47, 0x5b, 0x5f, 0x36, 0x35, 0x38, 0x5d, 0x2c, 0x20, 0x67, 0x73, 0x5f, 0x42, 0x5b, // s_G[_658], gs_B[
	0x5f, 0x36, 0x35, 0x38, 0x5d, 0x2c, 0x20, 0x67, 0x73, 0x5f, 0x41, 0x5b, 0x5f, 0x36, 0x35, 0x38, // _658], gs_A[_658
	0x5d, 0x29, 0x29, 0x20, 0x2a, 0x20, 0x30, 0x2e, 0x32, 0x35, 0x3b, 0x0a, 0x20, 0x20, 0x20, 0x20, // ])) * 0.25;.    
	0x20, 0x20, 0x20, 0x20, 0x20, 0x20, 0x20, 0x20, 0x69, 0x6e, 0x74, 0x33, 0x20, 0x5f, 0x36, 0x37, //         int3 _67
	0x37, 0x20, 0x3d, 0x20, 0x69, 0x6e, 0x74, 0x33, 0x28, 0x69, 0x6e, 0x74, 0x32, 0x28, 0x5f, 0x35, // 7 = int3(int2(_5
	0x36, 0x30, 0x20, 0x2f, 0x20, 0x75, 0x69, 0x6e, 0x74, 0x32, 0x28, 0x32, 0x75, 0x29, 0x29, 0x2c, // 60 / uint2(2u)),
	0x20, 0x5f, 0x36, 0x33, 0x33, 0x29, 0x3b, 0x0a, 0x20, 0x20, 0x20, 0x20, 0x20, 0x20, 0x20, 0x20, //  _633);.        
	0x20, 0x20, 0x20, 0x20, 0x73, 0x5f, 0x69, 0x6d, 0x67, 0x4d, 0x69, 0x70, 0x32, 0x2e, 0x77, 0x72, //     s_imgMip2.wr
	0x69, 0x74, 0x65, 0x28, 0x5f, 0x36, 0x36, 0x37, 0x2c, 0x20, 0x75, 0x69, 0x6e, 0x74, 0x32, 0x28, // ite(_667, uint2(
	0x5f, 0x36, 0x37, 0x37, 0x2e, 0x78, 0x79, 0x29, 0x2c, 0x20, 0x75, 0x69, 0x6e, 0x74, 0x28, 0x5f, // _677.xy), uint(_
	0x36, 0x37, 0x37, 0x2e, 0x7a, 0x29, 0x29, 0x3b, 0x0a, 0x20, 0x20, 0x20, 0x20, 0x20, 0x20, 0x20, // 677.z));.       
	0x20, 0x20, 0x20, 0x20, 0x20, 0x67, 0x73, 0x5f, 0x52, 0x5b, 0x5f, 0x35, 0x34, 0x34, 0x5d, 0x20, //      gs_R[_544] 
	0x3d, 0x20, 0x5f, 0x36, 0x36, 0x37, 0x2e, 0x78, 0x3b, 0x0a, 0x20, 0x20, 0x20, 0x20, 0x20, 0x20, // = _667.x;.      
	0x20, 0x20, 0x20, 0x20, 0x20, 0x20, 0x67, 0x73, 0x5f, 0x47, 0x5b, 0x5f, 0x35, 0x34, 0x34, 0x5d, //       gs_G[_544]
	0x20, 0x3d, 0x20, 0x5f, 0x36, 0x36, 0x37, 0x2e, 0x79, 0x3b, 0x0a, 0x20, 0x20, 0x20, 0x20, 0x20, //  = _667.y;.     
	0x20, 0x20, 0x20, 0x20, 0x20, 0x20, 0x20, 0x67, 0x73, 0x5f, 0x42, 0x5b, 0x5f, 0x35, 0x34, 0x34, //        gs_B[_544
	0x5d, 0x20, 0x3d, 0x20, 0x5f, 0x36, 0x36, 0x37, 0x2e, 0x7a, 0x3b, 0x0a, 0x20, 0x20, 0x20, 0x20, // ] = _667.z;.    
	0x20, 0x20, 0x20, 0x20, 0x20, 0x20, 0x20, 0x20, 0x67, 0x73, 0x5f, 0x41, 0x5b, 0x5f, 0x35, 0x34, //         gs_A[_54
	0x34, 0x5d, 0x20, 0x3d, 0x20, 0x5f, 0x36, 0x36, 0x37, 0x2e, 0x77, 0x3b, 0x0a, 0x20, 0x20, 0x20, // 4] = _667.w;.   
	0x20, 0x20, 0x20, 0x20, 0x20, 0x20, 0x20, 0x20, 0x20, 0x5f, 0x31, 0x30, 0x35, 0x37, 0x20, 0x3d, //          _1057 =
	0x20, 0x5f, 0x36, 0x36, 0x37, 0x3b, 0x0a, 0x20, 0x20, 0x20, 0x20, 0x20, 0x20, 0x20, 0x20, 0x7d, //  _667;.        }
	0x0a, 0x20, 0x20, 0x20, 0x20, 0x20, 0x20, 0x20, 0x20, 0x65, 0x6c, 0x73, 0x65, 0x0a, 0x20, 0x20, // .        else.  
	0x20, 0x20, 0x20, 0x20, 0x20, 0x20, 0x7b, 0x0a, 0x20, 0x20, 0x20, 0x20, 0x20, 0x20, 0x20, 0x20, //       {.        
	0x20, 0x20, 0x20, 0x20, 0x5f, 0x31, 0x30, 0x35, 0x37, 0x20, 0x3d, 0x20, 0x5f, 0x36, 0x32, 0x38, //     _1057 = _628
	0x3b, 0x0a, 0x20, 0x20, 0x20, 0x20, 0x20, 0x20, 0x20, 0x20, 0x7d, 0x0a, 0x20, 0x20, 0x20, 0x20, // ;.        }.    
	0x20, 0x20, 0x20, 0x20, 0x69, 0x66, 0x20, 0x28, 0x5f, 0x35, 0x35, 0x32, 0x20, 0x3d, 0x3d, 0x20, //     if (_552 == 
	0x32, 0x75, 0x29, 0x0a, 0x20, 0x20, 0x20, 0x20, 0x20, 0x20, 0x20, 0x20, 0x7b, 0x0a, 0x20, 0x20, // 2u).        {.  
	0x20, 0x20, 0x20, 0x20, 0x20, 0x20, 0x20, 0x20, 0x20, 0x20, 0x62, 0x72, 0x65, 0x61, 0x6b, 0x3b, //           break;
	0x0a, 0x20, 0x20, 0x20, 0x20, 0x20, 0x20, 0x20, 0x20, 0x7d, 0x0a, 0x20, 0x20, 0x20, 0x20, 0x20, // .        }.     
	0x20, 0x20, 0x20, 0x74, 0x68, 0x72, 0x65, 0x61, 0x64, 0x67, 0x72, 0x6f, 0x75, 0x70, 0x5f, 0x62, //    threadgroup_b
	0x61, 0x72, 0x72, 0x69, 0x65, 0x72, 0x28, 0x6d, 0x65, 0x6d, 0x5f, 0x66, 0x6c, 0x61, 0x67, 0x73, // arrier(mem_flags
	0x3a, 0x3a, 0x6d, 0x65, 0x6d, 0x5f, 0x74, 0x68, 0x72, 0x65, 0x61, 0x64, 0x67, 0x72, 0x6f, 0x75, // ::mem_threadgrou
	0x70, 0x29, 0x3b, 0x0a, 0x20, 0x20, 0x20, 0x20, 0x20, 0x20, 0x20, 0x20, 0x66, 0x6c, 0x6f, 0x61, // p);.        floa
	0x74, 0x34, 0x20, 0x5f, 0x31, 0x30, 0x35, 0x38, 0x3b, 0x0a, 0x20, 0x20, 0x20, 0x20, 0x20, 0x20, // t4 _1058;.      
	0x20, 0x20, 0x69, 0x66, 0x20, 0x28, 0x28, 0x5f, 0x35, 0x34, 0x34, 0x20, 0x26, 0x20, 0x32, 0x37, //   if ((_544 & 27
	0x75, 0x29, 0x20, 0x3d, 0x3d, 0x20, 0x30, 0x75, 0x29, 0x0a, 0x20, 0x20, 0x20, 0x20, 0x20, 0x20, // u) == 0u).      
	0x20, 0x20, 0x7b, 0x0a, 0x20, 0x20, 0x20, 0x20, 0x20, 0x20, 0x20, 0x20, 0x20, 0x20, 0x20, 0x20, //   {.            
	0x75, 0x69, 0x6e, 0x74, 0x20, 0x5f, 0x36, 0x39, 0x34, 0x20, 0x3d, 0x20, 0x5f, 0x35, 0x34, 0x34, // uint _694 = _544
	0x20, 0x2b, 0x20, 0x32, 0x75, 0x3b, 0x0a, 0x20, 0x20, 0x20, 0x20, 0x20, 0x20, 0x20, 0x20, 0x20, //  + 2u;.         
	0x20, 0x20, 0x20, 0x66, 0x6c, 0x6f, 0x61, 0x74, 0x20, 0x5f, 0x39, 0x30, 0x35, 0x20, 0x3d, 0x20, //    float _905 = 
	0x67, 0x73, 0x5f, 0x52, 0x5b, 0x5f, 0x36, 0x39, 0x34, 0x5d, 0x3b, 0x0a, 0x20, 0x20, 0x20, 0x20, // gs_R[_694];.    
	0x20, 0x20, 0x20, 0x20, 0x20, 0x20, 0x20, 0x20, 0x66, 0x6c, 0x6f, 0x61, 0x74, 0x20, 0x5f, 0x39, //         float _9
	0x30, 0x38, 0x20, 0x3d, 0x20, 0x67, 0x73, 0x5f, 0x47, 0x5b, 0x5f, 0x36, 0x39, 0x34, 0x5d, 0x3b, // 08 = gs_G[_694];
	0x0a, 0x20, 0x20, 0x20, 0x20, 0x20, 0x20, 0x20, 0x20, 0x20, 0x20, 0x20, 0x20, 0x66, 0x6c, 0x6f, // .            flo
	0x61, 0x74, 0x20, 0x5f, 0x39, 0x31, 0x31, 0x20, 0x3d, 0x20, 0x67, 0x73, 0x5f, 0x42, 0x5b, 0x5f, // at _911 = gs_B[_
	0x36, 0x39, 0x34, 0x5d, 0x3b, 0x0a, 0x20, 0x20, 0x20, 0x20, 0x20, 0x20, 0x20, 0x20, 0x20, 0x20, // 694];.          
	0x20, 0x20, 0x66, 0x6c, 0x6f, 0x61, 0x74, 0x20, 0x5f, 0x39, 0x31, 0x34, 0x20, 0x3d, 0x20, 0x67, //   float _914 = g
	0x73, 0x5f, 0x41, 0x5b, 0x5f, 0x36, 0x39, 0x34, 0x5d, 0x3b, 0x0a, 0x20, 0x20, 0x20, 0x20, 0x20, // s_A[_694];.     
	0x20, 0x20, 0x20, 0x20, 0x20, 0x20, 0x20, 0x75, 0x69, 0x6e, 0x74, 0x20, 0x5f, 0x36, 0x39, 0x37, //        uint _697
	0x20, 0x3d, 0x20, 0x5f, 0x35, 0x34, 0x34, 0x20, 0x2b, 0x20, 0x31, 0x36, 0x75, 0x3b, 0x0a, 0x20, //  = _544 + 16u;. 
	0x20, 0x20, 0x20, 0x20, 0x20, 0x20, 0x20, 0x20, 0x20, 0x20, 0x20, 0x66, 0x6c, 0x6f, 0x61, 0x74, //            float
	0x20, 0x5f, 0x39, 0x32, 0x30, 0x20, 0x3d, 0x20, 0x67, 0x73, 0x5f, 0x52, 0x5b, 0x5f, 0x36, 0x39, //  _920 = gs_R[_69
	0x37, 0x5d, 0x3b, 0x0a, 0x20, 0x20, 0x20, 0x20, 0x20, 0x20, 0x20, 0x20, 0x20, 0x20, 0x20, 0x20, // 7];.            
	0x66, 0x6c, 0x6f, 0x61, 0x74, 0x20, 0x5f, 0x39, 0x32, 0x33, 0x20, 0x3d, 0x20, 0x67, 0x73, 0x5f, // float _923 = gs_
	0x47, 0x5b, 0x5f, 0x36, 0x39, 0x37, 0x5d, 0x3b, 0x0a, 0x20, 0x20, 0x20, 0x20, 0x20, 0x20, 0x20, // G[_697];.       
	0x20, 0x20, 0x20, 0x20, 0x20, 0x66, 0x6c, 0x6f, 0x61, 0x74, 0x20, 0x5f, 0x39, 0x32, 0x36, 0x20, //      float _926 
	0x3d, 0x20, 0x67, 0x73, 0x5f, 0x42, 0x5b, 0x5f, 0x36, 0x39, 0x37, 0x5d, 0x3b, 0x0a, 0x20, 0x20, // = gs_B[_697];.  
	0x20, 0x20, 0x20, 0x20, 0x20, 0x20, 0x20, 0x20, 0x20, 0x20, 0x66, 0x6c, 0x6f, 0x61, 0x74, 0x20, //           float 
	0x5f, 0x39, 0x32, 0x39, 0x20, 0x3d, 0x20, 0x67, 0x73, 0x5f, 0x41, 0x5b, 0x5f, 0x36, 0x39, 0x37, // _929 = gs_A[_697
	0x5d, 0x3b, 0x0a, 0x20, 0x20, 0x20, 0x20, 0x20, 0x20, 0x20, 0x20, 0x20, 0x20, 0x20, 0x20, 0x75, // ];.            u
	0x69, 0x6e, 0x74, 0x20, 0x5f, 0x37, 0x30, 0x30, 0x20, 0x3d, 0x20, 0x5f, 0x35, 0x34, 0x34, 0x20, // int _700 = _544 
	0x2b, 0x20, 0x31, 0x38, 0x75, 0x3b, 0x0a, 0x20, 0x20, 0x20, 0x20, 0x20, 0x20, 0x20, 0x20, 0x20, // + 18u;.         
	0x20, 0x20, 0x20, 0x66, 0x6c, 0x6f, 0x61, 0x74, 0x20, 0x5f, 0x39, 0x33, 0x35, 0x20, 0x3d, 0x20, //    float _935 = 
	0x67, 0x73, 0x5f, 0x52, 0x5b, 0x5f, 0x37, 0x30, 0x30, 0x5d, 0x3b, 0x0a, 0x20, 0x20, 0x20, 0x20, // gs_R[_700];.    
	0x20, 0x20, 0x20, 0x20, 0x20, 0x20, 0x20, 0x20, 0x66, 0x6c, 0x6f, 0x61, 0x74, 0x20, 0x5f, 0x39, //         float _9
	0x33, 0x38, 0x20, 0x3d, 0x20, 0x67, 0x73, 0x5f, 0x47, 0x5b, 0x5f, 0x37, 0x30, 0x30, 0x5d, 0x3b, // 38 = gs_G[_700];
	0x0a, 0x20, 0x20, 0x20, 0x20, 0x20, 0x20, 0x20, 0x20, 0x20, 0x20, 0x20, 0x20, 0x66, 0x6c, 0x6f, // .            flo
	0x61, 0x74, 0x20, 0x5f, 0x39, 0x34, 0x31, 0x20, 0x3d, 0x20, 0x67, 0x73, 0x5f, 0x42, 0x5b, 0x5f, // at _941 = gs_B[_
	0x37, 0x30, 0x30, 0x5d, 0x3b, 0x0a, 0x20, 0x20, 0x20, 0x20, 0x20, 0x20, 0x20, 0x20, 0x20, 0x20, // 700];.          
	0x20, 0x20, 0x66, 0x6c, 0x6f, 0x61, 0x74, 0x20, 0x5f, 0x39, 0x34, 0x34, 0x20, 0x3d, 0x20, 0x67, //   float _944 = g
	0x73, 0x5f, 0x41, 0x5b, 0x5f, 0x37, 0x30, 0x30, 0x5d, 0x3b, 0x0a, 0x20, 0x20, 0x20, 0x20, 0x20, // s_A[_700];.     
	0x20, 0x20, 0x20, 0x20, 0x20, 0x20, 0x20, 0x66, 0x6c, 0x6f, 0x61, 0x74, 0x34, 0x20, 0x5f, 0x37, //        float4 _7
	0x30, 0x39, 0x20, 0x3d, 0x20, 0x28, 0x28, 0x28, 0x5f, 0x31, 0x30, 0x35, 0x37, 0x20, 0x2b, 0x20, // 09 = (((_1057 + 
	0x66, 0x6c, 0x6f, 0x61, 0x74, 0x34, 0x28, 0x5f, 0x39, 0x30, 0x35, 0x2c, 0x20, 0x5f, 0x39, 0x30, // float4(_905, _90
	0x38, 0x2c, 0x20, 0x5f, 0x39, 0x31, 0x31, 0x2c, 0x20, 0x5f, 0x39, 0x31, 0x34, 0x29, 0x29, 0x20, // 8, _911, _914)) 
	0x2b, 0x20, 0x66, 0x6c, 0x6f, 0x61, 0x74, 0x34, 0x28, 0x5f, 0x39, 0x32, 0x30, 0x2c, 0x20, 0x5f, // + float4(_920, _
	0x39, 0x32, 0x33, 0x2c, 0x20, 0x5f, 0x39, 0x32, 0x36, 0x2c, 0x20, 0x5f, 0x39, 0x32, 0x39, 0x29, // 923, _926, _929)
	0x29, 0x20, 0x2b, 0x20, 0x66, 0x6c, 0x6f, 0x61, 0x74, 0x34, 0x28, 0x5f, 0x39, 0x33, 0x35, 0x2c, // ) + float4(_935,
	0x20, 0x5f, 0x39, 0x33, 0x38, 0x2c, 0x20, 0x5f, 0x39, 0x34, 0x31, 0x2c, 0x20, 0x5f, 0x39, 0x34, //  _938, _941, _94
	0x34, 0x29, 0x29, 0x20, 0x2a, 0x20, 0x30, 0x2e, 0x32, 0x35, 0x3b, 0x0a, 0x20, 0x20, 0x20, 0x20, // 4)) * 0.25;.    
	0x20, 0x20, 0x20, 0x20, 0x20, 0x20, 0x20, 0x20, 0x69, 0x6e, 0x74, 0x33, 0x20, 0x5f, 0x37, 0x31, //         int3 _71
	0x39, 0x20, 0x3d, 0x20, 0x69, 0x6e, 0x74, 0x33, 0x28, 0x69, 0x6e, 0x74, 0x32, 0x28, 0x5f, 0x35, // 9 = int3(int2(_5
	0x36, 0x30, 0x20, 0x2f, 0x20, 0x75, 0x69, 0x6e, 0x74, 0x32, 0x28, 0x34, 0x75, 0x29, 0x29, 0x2c, // 60 / uint2(4u)),
	0x20, 0x5f, 0x36, 0x33, 0x33, 0x29, 0x3b, 0x0a, 0x20, 0x20, 0x20, 0x20, 0x20, 0x20, 0x20, 0x20, //  _633);.        
	0x20, 0x20, 0x20, 0x20, 0x73, 0x5f, 0x69, 0x6d, 0x67, 0x4d, 0x69, 0x70, 0x33, 0x2e, 0x77, 0x72, //     s_imgMip3.wr
	0x69, 0x74, 0x65, 0x28, 0x5f, 0x37, 0x30, 0x39, 0x2c, 0x20, 0x75, 0x69, 0x6e, 0x74, 0x32, 0x28, // ite(_709, uint2(
	0x5f, 0x37, 0x31, 0x39, 0x2e, 0x78, 0x79, 0x29, 0x2c, 0x20, 0x75, 0x69, 0x6e, 0x74, 0x28, 0x5f, // _719.xy), uint(_
	0x37, 0x31, 0x39, 0x2e, 0x7a, 0x29, 0x29, 0x3b, 0x0a, 0x20, 0x20, 0x20, 0x20, 0x20, 0x20, 0x20, // 719.z));.       
	0x20, 0x20, 0x20, 0x20, 0x20, 0x67, 0x73, 0x5f, 0x52, 0x5b, 0x5f, 0x35, 0x34, 0x34, 0x5d, 0x20, //      gs_R[_544] 
	0x3d, 0x20, 0x5f, 0x37, 0x30, 0x39, 0x2e, 0x78, 0x3b, 0x0a, 0x20, 0x20, 0x20, 0x20, 0x20, 0x20, // = _709.x;.      
	0x20, 0x20, 0x20, 0x20, 0x20, 0x20, 0x67, 0x73, 0x5f, 0x47, 0x5b, 0x5f, 0x35, 0x34, 0x34, 0x5d, //       gs_G[_544]
	0x20, 0x3d, 0x20, 0x5f, 0x37, 0x30, 0x39, 0x2e, 0x79, 0x3b, 0x0a, 0x20, 0x20, 0x20, 0x20, 0x20, //  = _709.y;.     
	0x20, 0x20, 0x20, 0x20, 0x20, 0x20, 0x20, 0x67, 0x73, 0x5f, 0x42, 0x5b, 0x5f, 0x35, 0x34, 0x34, //        gs_B[_544
	0x5d, 0x20, 0x3d, 0x20, 0x5f, 0x37, 0x30, 0x39, 0x2e, 0x7a, 0x3b, 0x0a, 0x20, 0x20, 0x20, 0x20, // ] = _709.z;.    
	0x20, 0x20, 0x20, 0x20, 0x20, 0x20, 0x20, 0x20, 0x67, 0x73, 0x5f, 0x41, 0x5b, 0x5f, 0x35, 0x34, //         gs_A[_54
	0x34, 0x5d, 0x20, 0x3d, 0x20, 0x5f, 0x37, 0x30, 0x39, 0x2e, 0x77, 0x3b, 0x0a, 0x20, 0x20, 0x20, // 4] = _709.w;.   
	0x20, 0x20, 0x20, 0x20, 0x20, 0x20, 0x20, 0x20, 0x20, 0x5f, 0x31, 0x30, 0x35, 0x38, 0x20, 0x3d, //          _1058 =
	0x20, 0x5f, 0x37, 0x30, 0x39, 0x3b, 0x0a, 0x20, 0x20, 0x20, 0x20, 0x20, 0x20, 0x20, 0x20, 0x7d, //  _709;.        }
	0x0a, 0x20, 0x20, 0x20, 0x20, 0x20, 0x20, 0x20, 0x20, 0x65, 0x6c, 0x73, 0x65, 0x0a, 0x20, 0x20, // .        else.  
	0x20, 0x20, 0x20, 0x20, 0x20, 0x20, 0x7b, 0x0a, 0x20, 0x20, 0x20, 0x20, 0x20, 0x20, 0x20, 0x20, //       {.        
	0x20, 0x20, 0x20, 0x20, 0x5f, 0x31, 0x30, 0x35, 0x38, 0x20, 0x3d, 0x20, 0x5f, 0x31, 0x30, 0x35, //     _1058 = _105
	0x37, 0x3b, 0x0a, 0x20, 0x20, 0x20, 0x20, 0x20, 0x20, 0x20, 0x20, 0x7d, 0x0a, 0x20, 0x20, 0x20, // 7;.        }.   
	0x20, 0x20, 0x20, 0x20, 0x20, 0x69, 0x66, 0x20, 0x28, 0x5f, 0x35, 0x35, 0x32, 0x20, 0x3d, 0x3d, //      if (_552 ==
	0x20, 0x33, 0x75, 0x29, 0x0a, 0x20, 0x20, 0x20, 0x20, 0x20, 0x20, 0x20, 0x20, 0x7b, 0x0a, 0x20, //  3u).        {. 
	0x20, 0x20, 0x20, 0x20, 0x20, 0x20, 0x20, 0x20, 0x20, 0x20, 0x20, 0x62, 0x72, 0x65, 0x61, 0x6b, //            break
	0x3b, 0x0a, 0x20, 0x20, 0x20, 0x20, 0x20, 0x20, 0x20, 0x20, 0x7d, 0x0a, 0x20, 0x20, 0x20, 0x20, // ;.        }.    
	0x20, 0x20, 0x20, 0x20, 0x74, 0x68, 0x72, 0x65, 0x61, 0x64, 0x67, 0x72, 0x6f, 0x75, 0x70, 0x5f, //     threadgroup_
	0x62, 0x61, 0x72, 0x72, 0x69, 0x65, 0x72, 0x28, 0x6d, 0x65, 0x6d, 0x5f, 0x66, 0x6c, 0x61, 0x67, // barrier(mem_flag
	0x73, 0x3a, 0x3a, 0x6d, 0x65, 0x6d, 0x5f, 0x74, 0x68, 0x72, 0x65, 0x61, 0x64, 0x67, 0x72, 0x6f, // s::mem_threadgro
	0x75, 0x70, 0x29, 0x3b, 0x0a, 0x20, 0x20, 0x20, 0x20, 0x20, 0x20, 0x20, 0x20, 0x69, 0x66, 0x20, // up);.        if 
	0x28, 0x5f, 0x35, 0x34, 0x34, 0x20, 0x3d, 0x3d, 0x20, 0x30, 0x75, 0x29, 0x0a, 0x20, 0x20, 0x20, // (_544 == 0u).   
	0x20, 0x20, 0x20, 0x20, 0x20, 0x7b, 0x0a, 0x20, 0x20, 0x20, 0x20, 0x20, 0x20, 0x20, 0x20, 0x20, //      {.         
	0x20, 0x20, 0x20, 0x75, 0x69, 0x6e, 0x74, 0x20, 0x5f, 0x37, 0x33, 0x35, 0x20, 0x3d, 0x20, 0x5f, //    uint _735 = _
	0x35, 0x34, 0x34, 0x20, 0x2b, 0x20, 0x34, 0x75, 0x3b, 0x0a, 0x20, 0x20, 0x20, 0x20, 0x20, 0x20, // 544 + 4u;.      
	0x20, 0x20, 0x20, 0x20, 0x20, 0x20, 0x75, 0x69, 0x6e, 0x74, 0x20, 0x5f, 0x37, 0x33, 0x38, 0x20, //       uint _738 
	0x3d, 0x20, 0x5f, 0x35, 0x34, 0x34, 0x20, 0x2b, 0x20, 0x33, 0x32, 0x75, 0x3b, 0x0a, 0x20, 0x20, // = _544 + 32u;.  
	0x20, 0x20, 0x20, 0x20, 0x20, 0x20, 0x20, 0x20, 0x20, 0x20, 0x75, 0x69, 0x6e, 0x74, 0x20, 0x5f, //           uint _
	0x37, 0x34, 0x31, 0x20, 0x3d, 0x20, 0x5f, 0x35, 0x34, 0x34, 0x20, 0x2b, 0x20, 0x33, 0x36, 0x75, // 741 = _544 + 36u
	0x3b, 0x0a, 0x20, 0x20, 0x20, 0x20, 0x20, 0x20, 0x20, 0x20, 0x20, 0x20, 0x20, 0x20, 0x69, 0x6e, // ;.            in
	0x74, 0x33, 0x20, 0x5f, 0x37, 0x36, 0x30, 0x20, 0x3d, 0x20, 0x69, 0x6e, 0x74, 0x33, 0x28, 0x69, // t3 _760 = int3(i
	0x6e, 0x74, 0x32, 0x28, 0x5f, 0x35, 0x36, 0x30, 0x20, 0x2f, 0x20, 0x75, 0x69, 0x6e, 0x74, 0x32, // nt2(_560 / uint2
	0x28, 0x38, 0x75, 0x29, 0x29, 0x2c, 0x20, 0x5f, 0x36, 0x33, 0x33, 0x29, 0x3b, 0x0a, 0x20, 0x20, // (8u)), _633);.  
	0x20, 0x20, 0x20, 0x20, 0x20, 0x20, 0x20, 0x20, 0x20, 0x20, 0x73, 0x5f, 0x69, 0x6d, 0x67, 0x4d, //           s_imgM
	0x69, 0x70, 0x34, 0x2e, 0x77, 0x72, 0x69, 0x74, 0x65, 0x28, 0x28, 0x28, 0x28, 0x5f, 0x31, 0x30, // ip4.write((((_10
	0x35, 0x38, 0x20, 0x2b, 0x20, 0x66, 0x6c, 0x6f, 0x61, 0x74, 0x34, 0x28, 0x67, 0x73, 0x5f, 0x52, // 58 + float4(gs_R
	0x5b, 0x5f, 0x37, 0x33, 0x35, 0x5d, 0x2c, 0x20, 0x67, 0x73, 0x5f, 0x47, 0x5b, 0x5f, 0x37, 0x33, // [_735], gs_G[_73
	0x35, 0x5d, 0x2c, 0x20, 0x67, 0x73, 0x5f, 0x42, 0x5b, 0x5f, 0x37, 0x33, 0x35, 0x5d, 0x2c, 0x20, // 5], gs_B[_735], 
	0x67, 0x73, 0x5f, 0x41, 0x5b, 0x5f, 0x37, 0x33, 0x35, 0x5d, 0x29, 0x29, 0x20, 0x2b, 0x20, 0x66, // gs_A[_735])) + f
	0x6c, 0x6f, 0x61, 0x74, 0x34, 0x28, 0x67, 0x73, 0x5f, 0x52, 0x5b, 0x5f, 0x37, 0x33, 0x38, 0x5d, // loat4(gs_R[_738]
	0x2c, 0x20, 0x67, 0x73, 0x5f, 0x47, 0x5b, 0x5f, 0x37, 0x33, 0x38, 0x5d, 0x2c, 0x20, 0x67, 0x73, // , gs_G[_738], gs
	0x5f, 0x42, 0x5b, 0x5f, 0x37, 0x33, 0x38, 0x5d, 0x2c, 0x20, 0x67, 0x73, 0x5f, 0x41, 0x5b, 0x5f, // _B[_738], gs_A[_
	0x37, 0x33, 0x38, 0x5d, 0x29, 0x29, 0x20, 0x2b, 0x20, 0x66, 0x6c, 0x6f, 0x61, 0x74, 0x34, 0x28, // 738])) + float4(
	0x67, 0x73, 0x5f, 0x52, 0x5b, 0x5f, 0x37, 0x34, 0x31, 0x5d, 0x2c, 0x20, 0x67, 0x73, 0x5f, 0x47, // gs_R[_741], gs_G
	0x5b, 0x5f, 0x37, 0x34, 0x31, 0x5d, 0x2c, 0x20, 0x67, 0x73, 0x5f, 0x42, 0x5b, 0x5f, 0x37, 0x34, // [_741], gs_B[_74
	0x31, 0x5d, 0x2c, 0x20, 0x67, 0x73, 0x5f, 0x41, 0x5b, 0x5f, 0x37, 0x34, 0x31, 0x5d, 0x29, 0x29, // 1], gs_A[_741]))
	0x20, 0x2a, 0x20, 0x30, 0x2e, 0x32, 0x35, 0x2c, 0x20, 0x75, 0x69, 0x6e, 0x74, 0x32, 0x28, 0x5f, //  * 0.25, uint2(_
	0x37, 0x36, 0x30, 0x2e, 0x78, 0x79, 0x29, 0x2c, 0x20, 0x75, 0x69, 0x6e, 0x74, 0x28, 0x5f, 0x37, // 760.xy), uint(_7
	0x36, 0x30, 0x2e, 0x7a, 0x29, 0x29, 0x3b, 0x0a, 0x20, 0x20, 0x20, 0x20, 0x20, 0x20, 0x20, 0x20, // 60.z));.        
	0x7d, 0x0a, 0x20, 0x20, 0x20, 0x20, 0x20, 0x20, 0x20, 0x20, 0x62, 0x72, 0x65, 0x61, 0x6b, 0x3b, // }.        break;
	0x0a, 0x20, 0x20, 0x20, 0x20, 0x7d, 0x20, 0x77, 0x68, 0x69, 0x6c, 0x65, 0x28, 0x66, 0x61, 0x6c, // .    } while(fal
	0x73, 0x65, 0x29, 0x3b, 0x0a, 0x7d, 0x0a, 0x0a, 0x00, 0x00, 0x70, 0x00,                         // se);.}....p.
};
extern const uint8_t* cs_mipgen_oddxy_pssl;
extern const uint32_t cs_mipgen_oddxy_pssl_size;
